正在评测：../os/qemu.log : basic-musl
正在评测：../os/qemu.log : basic-glibc
正在评测：../os/qemu.log : busybox-musl
正在评测：../os/qemu.log : busybox-glibc
正在评测：../os/qemu.log : lua-musl
正在评测：../os/qemu.log : lua-glibc
正在评测：../os/qemu.log : ltp-musl
正在评测：../os/qemu.log : ltp-glibc
正在评测：../os/qemu.log : iozone-musl
正在评测：../os/qemu.log : lmbench-glibc
正在评测：../os/qemu.log : libcbench-glibc
正在评测：../os/qemu.log : libctest-glibc
正在评测：../os/qemu.log : libctest-musl
正在评测：../os/qemu.log : lmbench-musl
正在评测：../os/qemu.log : cyclictest-glibc
正在评测：../os/qemu.log : iperf-glibc
正在评测：../os/qemu.log : cyclictest-musl
正在评测：../os/qemu.log : netperf-glibc
正在评测：../os/qemu.log : libcbench-musl
正在评测：../os/qemu.log : netperf-musl
正在评测：../os/qemu.log : iperf-musl
正在评测：../os/qemu.log : iozone-glibc

======================================================================
GROUP                            PASS    ALL
======================================================================
  basic-glibc                       38    102
  basic-musl                        38    102
  busybox-glibc                     54     55
  busybox-musl                      54     55
  cyclictest-glibc                   0      0
  cyclictest-musl                    0      0
  iozone-glibc                       0      0
  iozone-musl                        0      0
  iperf-glibc                        0      0
  iperf-musl                         0      0
  libcbench-glibc                    0      0
  libcbench-musl                     0      0
  libctest-glibc                     0      0
  libctest-musl                      0      0
  lmbench-glibc                      0      0
  lmbench-musl                       0      0
  ltp-glibc                        127    180
  ltp-musl                           0      0
  lua-glibc                          9      9
  lua-musl                           9      9
  netperf-glibc                      0      0
  netperf-musl                       0      0
======================================================================
  TOTAL                            329    512

Full JSON:
{
  "basic-musl": [
    {
      "name": "test_brk",
      "all": 3,
      "pass": 1,
      "score": 1
    },
    {
      "name": "test_chdir",
      "all": 3,
      "pass": 1,
      "score": 1
    },
    {
      "name": "test_clone",
      "all": 4,
      "pass": 4,
      "score": 4
    },
    {
      "name": "test_close",
      "all": 2,
      "pass": 2,
      "score": 2
    },
    {
      "name": "test_dup2",
      "all": 2,
      "pass": 1,
      "score": 1
    },
    {
      "name": "test_dup",
      "all": 2,
      "pass": 1,
      "score": 1
    },
    {
      "name": "test_execve",
      "all": 3,
      "pass": 1,
      "score": 1
    },
    {
      "name": "test_exit",
      "all": 2,
      "pass": 1,
      "score": 1
    },
    {
      "name": "test_fork",
      "all": 3,
      "pass": 3,
      "score": 3
    },
    {
      "name": "test_fstat",
      "all": 3,
      "pass": 1,
      "score": 1
    },
    {
      "name": "test_getcwd",
      "all": 2,
      "pass": 2,
      "score": 2
    },
    {
      "name": "test_getdents",
      "all": 5,
      "pass": 1,
      "score": 1
    },
    {
      "name": "test_getpid",
      "all": 3,
      "pass": 1,
      "score": 1
    },
    {
      "name": "test_getppid",
      "all": 2,
      "pass": 1,
      "score": 1
    },
    {
      "name": "test_gettimeofday",
      "all": 3,
      "pass": 1,
      "score": 1
    },
    {
      "name": "test_mkdir",
      "all": 3,
      "pass": 1,
      "score": 1
    },
    {
      "name": "test_mmap",
      "all": 3,
      "pass": 1,
      "score": 1
    },
    {
      "name": "test_mount",
      "all": 5,
      "pass": 1,
      "score": 1
    },
    {
      "name": "test_munmap",
      "all": 4,
      "pass": 1,
      "score": 1
    },
    {
      "name": "test_open",
      "all": 3,
      "pass": 1,
      "score": 1
    },
    {
      "name": "test_openat",
      "all": 4,
      "pass": 1,
      "score": 1
    },
    {
      "name": "test_pipe",
      "all": 4,
      "pass": 1,
      "score": 1
    },
    {
      "name": "test_read",
      "all": 3,
      "pass": 1,
      "score": 1
    },
    {
      "name": "test_sleep",
      "all": 2,
      "pass": 1,
      "score": 1
    },
    {
      "name": "test_times",
      "all": 6,
      "pass": 1,
      "score": 1
    },
    {
      "name": "test_umount",
      "all": 5,
      "pass": 1,
      "score": 1
    },
    {
      "name": "test_uname",
      "all": 2,
      "pass": 1,
      "score": 1
    },
    {
      "name": "test_unlink",
      "all": 2,
      "pass": 1,
      "score": 1
    },
    {
      "name": "test_wait",
      "all": 4,
      "pass": 1,
      "score": 1
    },
    {
      "name": "test_waitpid",
      "all": 4,
      "pass": 1,
      "score": 1
    },
    {
      "name": "test_write",
      "all": 2,
      "pass": 1,
      "score": 1
    },
    {
      "name": "test_yield",
      "all": 4,
      "pass": 0,
      "score": 0
    }
  ],
  "basic-glibc": [
    {
      "name": "test_brk",
      "all": 3,
      "pass": 1,
      "score": 1
    },
    {
      "name": "test_chdir",
      "all": 3,
      "pass": 1,
      "score": 1
    },
    {
      "name": "test_clone",
      "all": 4,
      "pass": 4,
      "score": 4
    },
    {
      "name": "test_close",
      "all": 2,
      "pass": 2,
      "score": 2
    },
    {
      "name": "test_dup2",
      "all": 2,
      "pass": 1,
      "score": 1
    },
    {
      "name": "test_dup",
      "all": 2,
      "pass": 1,
      "score": 1
    },
    {
      "name": "test_execve",
      "all": 3,
      "pass": 1,
      "score": 1
    },
    {
      "name": "test_exit",
      "all": 2,
      "pass": 1,
      "score": 1
    },
    {
      "name": "test_fork",
      "all": 3,
      "pass": 3,
      "score": 3
    },
    {
      "name": "test_fstat",
      "all": 3,
      "pass": 1,
      "score": 1
    },
    {
      "name": "test_getcwd",
      "all": 2,
      "pass": 2,
      "score": 2
    },
    {
      "name": "test_getdents",
      "all": 5,
      "pass": 1,
      "score": 1
    },
    {
      "name": "test_getpid",
      "all": 3,
      "pass": 1,
      "score": 1
    },
    {
      "name": "test_getppid",
      "all": 2,
      "pass": 1,
      "score": 1
    },
    {
      "name": "test_gettimeofday",
      "all": 3,
      "pass": 1,
      "score": 1
    },
    {
      "name": "test_mkdir",
      "all": 3,
      "pass": 1,
      "score": 1
    },
    {
      "name": "test_mmap",
      "all": 3,
      "pass": 1,
      "score": 1
    },
    {
      "name": "test_mount",
      "all": 5,
      "pass": 1,
      "score": 1
    },
    {
      "name": "test_munmap",
      "all": 4,
      "pass": 1,
      "score": 1
    },
    {
      "name": "test_open",
      "all": 3,
      "pass": 1,
      "score": 1
    },
    {
      "name": "test_openat",
      "all": 4,
      "pass": 1,
      "score": 1
    },
    {
      "name": "test_pipe",
      "all": 4,
      "pass": 1,
      "score": 1
    },
    {
      "name": "test_read",
      "all": 3,
      "pass": 1,
      "score": 1
    },
    {
      "name": "test_sleep",
      "all": 2,
      "pass": 1,
      "score": 1
    },
    {
      "name": "test_times",
      "all": 6,
      "pass": 1,
      "score": 1
    },
    {
      "name": "test_umount",
      "all": 5,
      "pass": 1,
      "score": 1
    },
    {
      "name": "test_uname",
      "all": 2,
      "pass": 1,
      "score": 1
    },
    {
      "name": "test_unlink",
      "all": 2,
      "pass": 1,
      "score": 1
    },
    {
      "name": "test_wait",
      "all": 4,
      "pass": 1,
      "score": 1
    },
    {
      "name": "test_waitpid",
      "all": 4,
      "pass": 1,
      "score": 1
    },
    {
      "name": "test_write",
      "all": 2,
      "pass": 1,
      "score": 1
    },
    {
      "name": "test_yield",
      "all": 4,
      "pass": 0,
      "score": 0
    }
  ],
  "busybox-musl": [
    {
      "name": "busybox echo \"#### independent command test\"",
      "pass": 1,
      "all": 1,
      "score": 1
    },
    {
      "name": "busybox ash -c exit",
      "pass": 1,
      "all": 1,
      "score": 1
    },
    {
      "name": "busybox sh -c exit",
      "pass": 1,
      "all": 1,
      "score": 1
    },
    {
      "name": "busybox basename /aaa/bbb",
      "pass": 1,
      "all": 1,
      "score": 1
    },
    {
      "name": "busybox cal",
      "pass": 1,
      "all": 1,
      "score": 1
    },
    {
      "name": "busybox clear",
      "pass": 1,
      "all": 1,
      "score": 1
    },
    {
      "name": "busybox date",
      "pass": 1,
      "all": 1,
      "score": 1
    },
    {
      "name": "busybox df",
      "pass": 1,
      "all": 1,
      "score": 1
    },
    {
      "name": "busybox dirname /aaa/bbb",
      "pass": 1,
      "all": 1,
      "score": 1
    },
    {
      "name": "busybox dmesg",
      "pass": 1,
      "all": 1,
      "score": 1
    },
    {
      "name": "busybox du",
      "pass": 1,
      "all": 1,
      "score": 1
    },
    {
      "name": "busybox expr 1 + 1",
      "pass": 1,
      "all": 1,
      "score": 1
    },
    {
      "name": "busybox false",
      "pass": 1,
      "all": 1,
      "score": 1
    },
    {
      "name": "busybox true",
      "pass": 1,
      "all": 1,
      "score": 1
    },
    {
      "name": "busybox which ls",
      "pass": 1,
      "all": 1,
      "score": 1
    },
    {
      "name": "busybox uname",
      "pass": 1,
      "all": 1,
      "score": 1
    },
    {
      "name": "busybox uptime",
      "pass": 1,
      "all": 1,
      "score": 1
    },
    {
      "name": "busybox printf \"abcn\"",
      "pass": 1,
      "all": 1,
      "score": 1
    },
    {
      "name": "busybox ps",
      "pass": 1,
      "all": 1,
      "score": 1
    },
    {
      "name": "busybox pwd",
      "pass": 1,
      "all": 1,
      "score": 1
    },
    {
      "name": "busybox free",
      "pass": 1,
      "all": 1,
      "score": 1
    },
    {
      "name": "busybox hwclock",
      "pass": 1,
      "all": 1,
      "score": 1
    },
    {
      "name": "busybox sh -c 'sleep 5' & ./busybox kill $!",
      "pass": 1,
      "all": 1,
      "score": 1
    },
    {
      "name": "busybox ls",
      "pass": 1,
      "all": 1,
      "score": 1
    },
    {
      "name": "busybox sleep 1",
      "pass": 1,
      "all": 1,
      "score": 1
    },
    {
      "name": "busybox echo \"#### file opration test\"",
      "pass": 1,
      "all": 1,
      "score": 1
    },
    {
      "name": "busybox touch test.txt",
      "pass": 1,
      "all": 1,
      "score": 1
    },
    {
      "name": "busybox echo \"hello world\" > test.txt",
      "pass": 1,
      "all": 1,
      "score": 1
    },
    {
      "name": "busybox cat test.txt",
      "pass": 1,
      "all": 1,
      "score": 1
    },
    {
      "name": "busybox cut -c 3 test.txt",
      "pass": 1,
      "all": 1,
      "score": 1
    },
    {
      "name": "busybox od test.txt",
      "pass": 1,
      "all": 1,
      "score": 1
    },
    {
      "name": "busybox head test.txt",
      "pass": 1,
      "all": 1,
      "score": 1
    },
    {
      "name": "busybox tail test.txt",
      "pass": 1,
      "all": 1,
      "score": 1
    },
    {
      "name": "busybox hexdump -C test.txt",
      "pass": 1,
      "all": 1,
      "score": 1
    },
    {
      "name": "busybox md5sum test.txt",
      "pass": 1,
      "all": 1,
      "score": 1
    },
    {
      "name": "busybox echo \"ccccccc\" >> test.txt",
      "pass": 1,
      "all": 1,
      "score": 1
    },
    {
      "name": "busybox echo \"bbbbbbb\" >> test.txt",
      "pass": 1,
      "all": 1,
      "score": 1
    },
    {
      "name": "busybox echo \"aaaaaaa\" >> test.txt",
      "pass": 1,
      "all": 1,
      "score": 1
    },
    {
      "name": "busybox echo \"2222222\" >> test.txt",
      "pass": 1,
      "all": 1,
      "score": 1
    },
    {
      "name": "busybox echo \"1111111\" >> test.txt",
      "pass": 1,
      "all": 1,
      "score": 1
    },
    {
      "name": "busybox sort test.txt | ./busybox uniq",
      "pass": 1,
      "all": 1,
      "score": 1
    },
    {
      "name": "busybox stat test.txt",
      "pass": 1,
      "all": 1,
      "score": 1
    },
    {
      "name": "busybox strings test.txt",
      "pass": 1,
      "all": 1,
      "score": 1
    },
    {
      "name": "busybox wc test.txt",
      "pass": 1,
      "all": 1,
      "score": 1
    },
    {
      "name": "busybox [ -f test.txt ]",
      "pass": 1,
      "all": 1,
      "score": 1
    },
    {
      "name": "busybox more test.txt",
      "pass": 1,
      "all": 1,
      "score": 1
    },
    {
      "name": "busybox rm test.txt",
      "pass": 1,
      "all": 1,
      "score": 1
    },
    {
      "name": "busybox mkdir test_dir",
      "pass": 1,
      "all": 1,
      "score": 1
    },
    {
      "name": "busybox mv test_dir test",
      "pass": 1,
      "all": 1,
      "score": 1
    },
    {
      "name": "busybox rmdir test",
      "pass": 1,
      "all": 1,
      "score": 1
    },
    {
      "name": "busybox grep hello busybox_cmd.txt",
      "pass": 1,
      "all": 1,
      "score": 1
    },
    {
      "name": "busybox cp busybox_cmd.txt busybox_cmd.bak",
      "pass": 1,
      "all": 1,
      "score": 1
    },
    {
      "name": "busybox rm busybox_cmd.bak",
      "pass": 1,
      "all": 1,
      "score": 1
    },
    {
      "name": "busybox find -name \"busybox_cmd.txt\"",
      "pass": 1,
      "all": 1,
      "score": 1
    },
    {
      "name": "busybox kill 10",
      "pass": 0,
      "all": 1,
      "score": 0
    }
  ],
  "busybox-glibc": [
    {
      "name": "busybox echo \"#### independent command test\"",
      "pass": 1,
      "all": 1,
      "score": 1
    },
    {
      "name": "busybox ash -c exit",
      "pass": 1,
      "all": 1,
      "score": 1
    },
    {
      "name": "busybox sh -c exit",
      "pass": 1,
      "all": 1,
      "score": 1
    },
    {
      "name": "busybox basename /aaa/bbb",
      "pass": 1,
      "all": 1,
      "score": 1
    },
    {
      "name": "busybox cal",
      "pass": 1,
      "all": 1,
      "score": 1
    },
    {
      "name": "busybox clear",
      "pass": 1,
      "all": 1,
      "score": 1
    },
    {
      "name": "busybox date",
      "pass": 1,
      "all": 1,
      "score": 1
    },
    {
      "name": "busybox df",
      "pass": 1,
      "all": 1,
      "score": 1
    },
    {
      "name": "busybox dirname /aaa/bbb",
      "pass": 1,
      "all": 1,
      "score": 1
    },
    {
      "name": "busybox dmesg",
      "pass": 1,
      "all": 1,
      "score": 1
    },
    {
      "name": "busybox du",
      "pass": 1,
      "all": 1,
      "score": 1
    },
    {
      "name": "busybox expr 1 + 1",
      "pass": 1,
      "all": 1,
      "score": 1
    },
    {
      "name": "busybox false",
      "pass": 1,
      "all": 1,
      "score": 1
    },
    {
      "name": "busybox true",
      "pass": 1,
      "all": 1,
      "score": 1
    },
    {
      "name": "busybox which ls",
      "pass": 1,
      "all": 1,
      "score": 1
    },
    {
      "name": "busybox uname",
      "pass": 1,
      "all": 1,
      "score": 1
    },
    {
      "name": "busybox uptime",
      "pass": 1,
      "all": 1,
      "score": 1
    },
    {
      "name": "busybox printf \"abcn\"",
      "pass": 1,
      "all": 1,
      "score": 1
    },
    {
      "name": "busybox ps",
      "pass": 1,
      "all": 1,
      "score": 1
    },
    {
      "name": "busybox pwd",
      "pass": 1,
      "all": 1,
      "score": 1
    },
    {
      "name": "busybox free",
      "pass": 1,
      "all": 1,
      "score": 1
    },
    {
      "name": "busybox hwclock",
      "pass": 1,
      "all": 1,
      "score": 1
    },
    {
      "name": "busybox sh -c 'sleep 5' & ./busybox kill $!",
      "pass": 1,
      "all": 1,
      "score": 1
    },
    {
      "name": "busybox ls",
      "pass": 1,
      "all": 1,
      "score": 1
    },
    {
      "name": "busybox sleep 1",
      "pass": 1,
      "all": 1,
      "score": 1
    },
    {
      "name": "busybox echo \"#### file opration test\"",
      "pass": 1,
      "all": 1,
      "score": 1
    },
    {
      "name": "busybox touch test.txt",
      "pass": 1,
      "all": 1,
      "score": 1
    },
    {
      "name": "busybox echo \"hello world\" > test.txt",
      "pass": 1,
      "all": 1,
      "score": 1
    },
    {
      "name": "busybox cat test.txt",
      "pass": 1,
      "all": 1,
      "score": 1
    },
    {
      "name": "busybox cut -c 3 test.txt",
      "pass": 1,
      "all": 1,
      "score": 1
    },
    {
      "name": "busybox od test.txt",
      "pass": 1,
      "all": 1,
      "score": 1
    },
    {
      "name": "busybox head test.txt",
      "pass": 1,
      "all": 1,
      "score": 1
    },
    {
      "name": "busybox tail test.txt",
      "pass": 1,
      "all": 1,
      "score": 1
    },
    {
      "name": "busybox hexdump -C test.txt",
      "pass": 1,
      "all": 1,
      "score": 1
    },
    {
      "name": "busybox md5sum test.txt",
      "pass": 1,
      "all": 1,
      "score": 1
    },
    {
      "name": "busybox echo \"ccccccc\" >> test.txt",
      "pass": 1,
      "all": 1,
      "score": 1
    },
    {
      "name": "busybox echo \"bbbbbbb\" >> test.txt",
      "pass": 1,
      "all": 1,
      "score": 1
    },
    {
      "name": "busybox echo \"aaaaaaa\" >> test.txt",
      "pass": 1,
      "all": 1,
      "score": 1
    },
    {
      "name": "busybox echo \"2222222\" >> test.txt",
      "pass": 1,
      "all": 1,
      "score": 1
    },
    {
      "name": "busybox echo \"1111111\" >> test.txt",
      "pass": 1,
      "all": 1,
      "score": 1
    },
    {
      "name": "busybox sort test.txt | ./busybox uniq",
      "pass": 1,
      "all": 1,
      "score": 1
    },
    {
      "name": "busybox stat test.txt",
      "pass": 1,
      "all": 1,
      "score": 1
    },
    {
      "name": "busybox strings test.txt",
      "pass": 1,
      "all": 1,
      "score": 1
    },
    {
      "name": "busybox wc test.txt",
      "pass": 1,
      "all": 1,
      "score": 1
    },
    {
      "name": "busybox [ -f test.txt ]",
      "pass": 1,
      "all": 1,
      "score": 1
    },
    {
      "name": "busybox more test.txt",
      "pass": 1,
      "all": 1,
      "score": 1
    },
    {
      "name": "busybox rm test.txt",
      "pass": 1,
      "all": 1,
      "score": 1
    },
    {
      "name": "busybox mkdir test_dir",
      "pass": 1,
      "all": 1,
      "score": 1
    },
    {
      "name": "busybox mv test_dir test",
      "pass": 1,
      "all": 1,
      "score": 1
    },
    {
      "name": "busybox rmdir test",
      "pass": 1,
      "all": 1,
      "score": 1
    },
    {
      "name": "busybox grep hello busybox_cmd.txt",
      "pass": 1,
      "all": 1,
      "score": 1
    },
    {
      "name": "busybox cp busybox_cmd.txt busybox_cmd.bak",
      "pass": 1,
      "all": 1,
      "score": 1
    },
    {
      "name": "busybox rm busybox_cmd.bak",
      "pass": 1,
      "all": 1,
      "score": 1
    },
    {
      "name": "busybox find -name \"busybox_cmd.txt\"",
      "pass": 1,
      "all": 1,
      "score": 1
    },
    {
      "name": "busybox kill 10",
      "pass": 0,
      "all": 1,
      "score": 0
    }
  ],
  "lua-musl": [
    {
      "name": "lua date.lua",
      "pass": 1,
      "all": 1,
      "score": 1
    },
    {
      "name": "lua file_io.lua",
      "pass": 1,
      "all": 1,
      "score": 1
    },
    {
      "name": "lua max_min.lua",
      "pass": 1,
      "all": 1,
      "score": 1
    },
    {
      "name": "lua random.lua",
      "pass": 1,
      "all": 1,
      "score": 1
    },
    {
      "name": "lua remove.lua",
      "pass": 1,
      "all": 1,
      "score": 1
    },
    {
      "name": "lua round_num.lua",
      "pass": 1,
      "all": 1,
      "score": 1
    },
    {
      "name": "lua sin30.lua",
      "pass": 1,
      "all": 1,
      "score": 1
    },
    {
      "name": "lua sort.lua",
      "pass": 1,
      "all": 1,
      "score": 1
    },
    {
      "name": "lua strings.lua",
      "pass": 1,
      "all": 1,
      "score": 1
    }
  ],
  "lua-glibc": [
    {
      "name": "lua date.lua",
      "pass": 1,
      "all": 1,
      "score": 1
    },
    {
      "name": "lua file_io.lua",
      "pass": 1,
      "all": 1,
      "score": 1
    },
    {
      "name": "lua max_min.lua",
      "pass": 1,
      "all": 1,
      "score": 1
    },
    {
      "name": "lua random.lua",
      "pass": 1,
      "all": 1,
      "score": 1
    },
    {
      "name": "lua remove.lua",
      "pass": 1,
      "all": 1,
      "score": 1
    },
    {
      "name": "lua round_num.lua",
      "pass": 1,
      "all": 1,
      "score": 1
    },
    {
      "name": "lua sin30.lua",
      "pass": 1,
      "all": 1,
      "score": 1
    },
    {
      "name": "lua sort.lua",
      "pass": 1,
      "all": 1,
      "score": 1
    },
    {
      "name": "lua strings.lua",
      "pass": 1,
      "all": 1,
      "score": 1
    }
  ],
  "ltp-musl": [
    {
      "name": "abort01",
      "pass": 0,
      "all": 0,
      "score": 0
    },
    {
      "name": "abs01",
      "pass": 0,
      "all": 0,
      "score": 0
    },
    {
      "name": "accept01",
      "pass": 0,
      "all": 0,
      "score": 0
    },
    {
      "name": "accept02",
      "pass": 0,
      "all": 0,
      "score": 0
    },
    {
      "name": "accept03",
      "pass": 0,
      "all": 0,
      "score": 0
    },
    {
      "name": "accept4_01",
      "pass": 0,
      "all": 0,
      "score": 0
    },
    {
      "name": "access01",
      "pass": 0,
      "all": 0,
      "score": 0
    },
    {
      "name": "access02",
      "pass": 0,
      "all": 0,
      "score": 0
    },
    {
      "name": "access03",
      "pass": 0,
      "all": 0,
      "score": 0
    },
    {
      "name": "access04",
      "pass": 0,
      "all": 0,
      "score": 0
    },
    {
      "name": "acct01",
      "pass": 0,
      "all": 0,
      "score": 0
    },
    {
      "name": "acct02",
      "pass": 0,
      "all": 0,
      "score": 0
    },
    {
      "name": "acct02_helper",
      "pass": 0,
      "all": 0,
      "score": 0
    },
    {
      "name": "acl1",
      "pass": 0,
      "all": 0,
      "score": 0
    },
    {
      "name": "add_ipv6addr",
      "pass": 0,
      "all": 0,
      "score": 0
    },
    {
      "name": "add_key01",
      "pass": 0,
      "all": 0,
      "score": 0
    },
    {
      "name": "add_key02",
      "pass": 0,
      "all": 0,
      "score": 0
    },
    {
      "name": "add_key03",
      "pass": 0,
      "all": 0,
      "score": 0
    },
    {
      "name": "add_key04",
      "pass": 0,
      "all": 0,
      "score": 0
    },
    {
      "name": "add_key05",
      "pass": 0,
      "all": 0,
      "score": 0
    },
    {
      "name": "adjtimex01",
      "pass": 0,
      "all": 0,
      "score": 0
    },
    {
      "name": "adjtimex02",
      "pass": 0,
      "all": 0,
      "score": 0
    },
    {
      "name": "adjtimex03",
      "pass": 0,
      "all": 0,
      "score": 0
    },
    {
      "name": "af_alg01",
      "pass": 0,
      "all": 0,
      "score": 0
    },
    {
      "name": "af_alg02",
      "pass": 0,
      "all": 0,
      "score": 0
    },
    {
      "name": "af_alg03",
      "pass": 0,
      "all": 0,
      "score": 0
    },
    {
      "name": "af_alg04",
      "pass": 0,
      "all": 0,
      "score": 0
    },
    {
      "name": "af_alg05",
      "pass": 0,
      "all": 0,
      "score": 0
    },
    {
      "name": "af_alg06",
      "pass": 0,
      "all": 0,
      "score": 0
    },
    {
      "name": "af_alg07",
      "pass": 0,
      "all": 0,
      "score": 0
    },
    {
      "name": "aio-stress",
      "pass": 0,
      "all": 0,
      "score": 0
    },
    {
      "name": "aio01",
      "pass": 0,
      "all": 0,
      "score": 0
    },
    {
      "name": "aio02",
      "pass": 0,
      "all": 0,
      "score": 0
    },
    {
      "name": "aiocp",
      "pass": 0,
      "all": 0,
      "score": 0
    },
    {
      "name": "aiodio_append",
      "pass": 0,
      "all": 0,
      "score": 0
    },
    {
      "name": "aiodio_sparse",
      "pass": 0,
      "all": 0,
      "score": 0
    },
    {
      "name": "alarm02",
      "pass": 0,
      "all": 0,
      "score": 0
    },
    {
      "name": "alarm03",
      "pass": 0,
      "all": 0,
      "score": 0
    },
    {
      "name": "alarm05",
      "pass": 0,
      "all": 0,
      "score": 0
    },
    {
      "name": "alarm06",
      "pass": 0,
      "all": 0,
      "score": 0
    },
    {
      "name": "alarm07",
      "pass": 0,
      "all": 0,
      "score": 0
    },
    {
      "name": "ar01.sh",
      "pass": 0,
      "all": 0,
      "score": 0
    },
    {
      "name": "arch_prctl01",
      "pass": 0,
      "all": 0,
      "score": 0
    },
    {
      "name": "arping01.sh",
      "pass": 0,
      "all": 0,
      "score": 0
    },
    {
      "name": "asapi_01",
      "pass": 0,
      "all": 0,
      "score": 0
    },
    {
      "name": "asapi_02",
      "pass": 0,
      "all": 0,
      "score": 0
    },
    {
      "name": "asapi_03",
      "pass": 0,
      "all": 0,
      "score": 0
    },
    {
      "name": "ask_password.sh",
      "pass": 0,
      "all": 0,
      "score": 0
    },
    {
      "name": "aslr01",
      "pass": 0,
      "all": 0,
      "score": 0
    },
    {
      "name": "assign_password.sh",
      "pass": 0,
      "all": 0,
      "score": 0
    },
    {
      "name": "atof01",
      "pass": 0,
      "all": 0,
      "score": 0
    },
    {
      "name": "autogroup01",
      "pass": 0,
      "all": 0,
      "score": 0
    },
    {
      "name": "bbr01.sh",
      "pass": 0,
      "all": 0,
      "score": 0
    },
    {
      "name": "bbr02.sh",
      "pass": 0,
      "all": 0,
      "score": 0
    },
    {
      "name": "bind01",
      "pass": 0,
      "all": 0,
      "score": 0
    },
    {
      "name": "bind02",
      "pass": 0,
      "all": 0,
      "score": 0
    },
    {
      "name": "bind03",
      "pass": 0,
      "all": 0,
      "score": 0
    },
    {
      "name": "bind04",
      "pass": 0,
      "all": 0,
      "score": 0
    },
    {
      "name": "bind05",
      "pass": 0,
      "all": 0,
      "score": 0
    },
    {
      "name": "bind06",
      "pass": 0,
      "all": 0,
      "score": 0
    },
    {
      "name": "bind_noport01.sh",
      "pass": 0,
      "all": 0,
      "score": 0
    },
    {
      "name": "binfmt_misc01.sh",
      "pass": 0,
      "all": 0,
      "score": 0
    },
    {
      "name": "binfmt_misc02.sh",
      "pass": 0,
      "all": 0,
      "score": 0
    },
    {
      "name": "binfmt_misc_lib.sh",
      "pass": 0,
      "all": 0,
      "score": 0
    },
    {
      "name": "block_dev",
      "pass": 0,
      "all": 0,
      "score": 0
    },
    {
      "name": "bpf_map01",
      "pass": 0,
      "all": 0,
      "score": 0
    },
    {
      "name": "bpf_prog01",
      "pass": 0,
      "all": 0,
      "score": 0
    },
    {
      "name": "bpf_prog02",
      "pass": 0,
      "all": 0,
      "score": 0
    },
    {
      "name": "bpf_prog03",
      "pass": 0,
      "all": 0,
      "score": 0
    },
    {
      "name": "bpf_prog04",
      "pass": 0,
      "all": 0,
      "score": 0
    },
    {
      "name": "bpf_prog05",
      "pass": 0,
      "all": 0,
      "score": 0
    },
    {
      "name": "bpf_prog06",
      "pass": 0,
      "all": 0,
      "score": 0
    },
    {
      "name": "bpf_prog07",
      "pass": 0,
      "all": 0,
      "score": 0
    },
    {
      "name": "brk01",
      "pass": 0,
      "all": 0,
      "score": 0
    },
    {
      "name": "brk02",
      "pass": 0,
      "all": 0,
      "score": 0
    },
    {
      "name": "broken_ip-checksum.sh",
      "pass": 0,
      "all": 0,
      "score": 0
    },
    {
      "name": "broken_ip-dstaddr.sh",
      "pass": 0,
      "all": 0,
      "score": 0
    },
    {
      "name": "broken_ip-fragment.sh",
      "pass": 0,
      "all": 0,
      "score": 0
    },
    {
      "name": "broken_ip-ihl.sh",
      "pass": 0,
      "all": 0,
      "score": 0
    },
    {
      "name": "broken_ip-nexthdr.sh",
      "pass": 0,
      "all": 0,
      "score": 0
    },
    {
      "name": "broken_ip-plen.sh",
      "pass": 0,
      "all": 0,
      "score": 0
    },
    {
      "name": "broken_ip-protcol.sh",
      "pass": 0,
      "all": 0,
      "score": 0
    },
    {
      "name": "broken_ip-version.sh",
      "pass": 0,
      "all": 0,
      "score": 0
    },
    {
      "name": "busy_poll01.sh",
      "pass": 0,
      "all": 0,
      "score": 0
    },
    {
      "name": "busy_poll02.sh",
      "pass": 0,
      "all": 0,
      "score": 0
    },
    {
      "name": "busy_poll03.sh",
      "pass": 0,
      "all": 0,
      "score": 0
    },
    {
      "name": "busy_poll_lib.sh",
      "pass": 0,
      "all": 0,
      "score": 0
    },
    {
      "name": "cacheflush01",
      "pass": 0,
      "all": 0,
      "score": 0
    },
    {
      "name": "can_bcm01",
      "pass": 0,
      "all": 0,
      "score": 0
    },
    {
      "name": "can_filter",
      "pass": 0,
      "all": 0,
      "score": 0
    },
    {
      "name": "can_rcv_own_msgs",
      "pass": 0,
      "all": 0,
      "score": 0
    },
    {
      "name": "cap_bounds_r",
      "pass": 0,
      "all": 0,
      "score": 0
    },
    {
      "name": "cap_bounds_rw",
      "pass": 0,
      "all": 0,
      "score": 0
    },
    {
      "name": "cap_bset_inh_bounds",
      "pass": 0,
      "all": 0,
      "score": 0
    },
    {
      "name": "capget01",
      "pass": 0,
      "all": 0,
      "score": 0
    },
    {
      "name": "capget02",
      "pass": 0,
      "all": 0,
      "score": 0
    },
    {
      "name": "capset01",
      "pass": 0,
      "all": 0,
      "score": 0
    },
    {
      "name": "capset02",
      "pass": 0,
      "all": 0,
      "score": 0
    },
    {
      "name": "capset03",
      "pass": 0,
      "all": 0,
      "score": 0
    },
    {
      "name": "capset04",
      "pass": 0,
      "all": 0,
      "score": 0
    },
    {
      "name": "cfs_bandwidth01",
      "pass": 0,
      "all": 0,
      "score": 0
    },
    {
      "name": "cgroup_core01",
      "pass": 0,
      "all": 0,
      "score": 0
    },
    {
      "name": "cgroup_core02",
      "pass": 0,
      "all": 0,
      "score": 0
    },
    {
      "name": "cgroup_core03",
      "pass": 0,
      "all": 0,
      "score": 0
    },
    {
      "name": "cgroup_fj_common.sh",
      "pass": 0,
      "all": 0,
      "score": 0
    },
    {
      "name": "cgroup_fj_function.sh",
      "pass": 0,
      "all": 0,
      "score": 0
    },
    {
      "name": "cgroup_fj_proc",
      "pass": 0,
      "all": 0,
      "score": 0
    },
    {
      "name": "cgroup_fj_stress.sh",
      "pass": 0,
      "all": 0,
      "score": 0
    },
    {
      "name": "cgroup_lib.sh",
      "pass": 0,
      "all": 0,
      "score": 0
    },
    {
      "name": "cgroup_regression_3_1.sh",
      "pass": 0,
      "all": 0,
      "score": 0
    },
    {
      "name": "cgroup_regression_3_2.sh",
      "pass": 0,
      "all": 0,
      "score": 0
    },
    {
      "name": "cgroup_regression_5_1.sh",
      "pass": 0,
      "all": 0,
      "score": 0
    },
    {
      "name": "cgroup_regression_5_2.sh",
      "pass": 0,
      "all": 0,
      "score": 0
    },
    {
      "name": "cgroup_regression_6_1.sh",
      "pass": 0,
      "all": 0,
      "score": 0
    },
    {
      "name": "cgroup_regression_6_2.sh",
      "pass": 0,
      "all": 0,
      "score": 0
    },
    {
      "name": "cgroup_regression_fork_processes",
      "pass": 0,
      "all": 0,
      "score": 0
    },
    {
      "name": "cgroup_regression_getdelays",
      "pass": 0,
      "all": 0,
      "score": 0
    },
    {
      "name": "cgroup_regression_test.sh",
      "pass": 0,
      "all": 0,
      "score": 0
    },
    {
      "name": "cgroup_xattr",
      "pass": 0,
      "all": 0,
      "score": 0
    },
    {
      "name": "change_password.sh",
      "pass": 0,
      "all": 0,
      "score": 0
    },
    {
      "name": "chdir01",
      "pass": 0,
      "all": 0,
      "score": 0
    },
    {
      "name": "chdir04",
      "pass": 0,
      "all": 0,
      "score": 0
    },
    {
      "name": "check_envval",
      "pass": 0,
      "all": 0,
      "score": 0
    },
    {
      "name": "check_icmpv4_connectivity",
      "pass": 0,
      "all": 0,
      "score": 0
    },
    {
      "name": "check_icmpv6_connectivity",
      "pass": 0,
      "all": 0,
      "score": 0
    },
    {
      "name": "check_keepcaps",
      "pass": 0,
      "all": 0,
      "score": 0
    },
    {
      "name": "check_netem",
      "pass": 0,
      "all": 0,
      "score": 0
    },
    {
      "name": "check_pe",
      "pass": 0,
      "all": 0,
      "score": 0
    },
    {
      "name": "check_setkey",
      "pass": 0,
      "all": 0,
      "score": 0
    },
    {
      "name": "check_simple_capset",
      "pass": 0,
      "all": 0,
      "score": 0
    },
    {
      "name": "chmod01",
      "pass": 0,
      "all": 0,
      "score": 0
    },
    {
      "name": "chmod03",
      "pass": 0,
      "all": 0,
      "score": 0
    },
    {
      "name": "chmod05",
      "pass": 0,
      "all": 0,
      "score": 0
    },
    {
      "name": "chmod06",
      "pass": 0,
      "all": 0,
      "score": 0
    },
    {
      "name": "chmod07",
      "pass": 0,
      "all": 0,
      "score": 0
    },
    {
      "name": "chown01",
      "pass": 0,
      "all": 0,
      "score": 0
    },
    {
      "name": "chown01_16",
      "pass": 0,
      "all": 0,
      "score": 0
    },
    {
      "name": "chown02",
      "pass": 0,
      "all": 0,
      "score": 0
    },
    {
      "name": "chown02_16",
      "pass": 0,
      "all": 0,
      "score": 0
    },
    {
      "name": "chown03",
      "pass": 0,
      "all": 0,
      "score": 0
    },
    {
      "name": "chown03_16",
      "pass": 0,
      "all": 0,
      "score": 0
    },
    {
      "name": "chown04",
      "pass": 0,
      "all": 0,
      "score": 0
    },
    {
      "name": "chown04_16",
      "pass": 0,
      "all": 0,
      "score": 0
    },
    {
      "name": "chown05",
      "pass": 0,
      "all": 0,
      "score": 0
    },
    {
      "name": "chown05_16",
      "pass": 0,
      "all": 0,
      "score": 0
    },
    {
      "name": "chroot01",
      "pass": 0,
      "all": 0,
      "score": 0
    },
    {
      "name": "chroot02",
      "pass": 0,
      "all": 0,
      "score": 0
    },
    {
      "name": "chroot03",
      "pass": 0,
      "all": 0,
      "score": 0
    },
    {
      "name": "chroot04",
      "pass": 0,
      "all": 0,
      "score": 0
    },
    {
      "name": "cleanup_lvm.sh",
      "pass": 0,
      "all": 0,
      "score": 0
    },
    {
      "name": "clock_adjtime01",
      "pass": 0,
      "all": 0,
      "score": 0
    },
    {
      "name": "clock_adjtime02",
      "pass": 0,
      "all": 0,
      "score": 0
    },
    {
      "name": "clock_getres01",
      "pass": 0,
      "all": 0,
      "score": 0
    },
    {
      "name": "clock_gettime01",
      "pass": 0,
      "all": 0,
      "score": 0
    },
    {
      "name": "clock_gettime02",
      "pass": 0,
      "all": 0,
      "score": 0
    },
    {
      "name": "clock_gettime03",
      "pass": 0,
      "all": 0,
      "score": 0
    },
    {
      "name": "clock_gettime04",
      "pass": 0,
      "all": 0,
      "score": 0
    },
    {
      "name": "clock_nanosleep01",
      "pass": 0,
      "all": 0,
      "score": 0
    },
    {
      "name": "clock_nanosleep02",
      "pass": 0,
      "all": 0,
      "score": 0
    },
    {
      "name": "clock_nanosleep03",
      "pass": 0,
      "all": 0,
      "score": 0
    },
    {
      "name": "clock_nanosleep04",
      "pass": 0,
      "all": 0,
      "score": 0
    },
    {
      "name": "clock_settime01",
      "pass": 0,
      "all": 0,
      "score": 0
    },
    {
      "name": "clock_settime02",
      "pass": 0,
      "all": 0,
      "score": 0
    },
    {
      "name": "clock_settime03",
      "pass": 0,
      "all": 0,
      "score": 0
    },
    {
      "name": "clone01",
      "pass": 0,
      "all": 0,
      "score": 0
    },
    {
      "name": "clone02",
      "pass": 0,
      "all": 0,
      "score": 0
    },
    {
      "name": "clone03",
      "pass": 0,
      "all": 0,
      "score": 0
    },
    {
      "name": "clone04",
      "pass": 0,
      "all": 0,
      "score": 0
    },
    {
      "name": "clone05",
      "pass": 0,
      "all": 0,
      "score": 0
    },
    {
      "name": "clone06",
      "pass": 0,
      "all": 0,
      "score": 0
    },
    {
      "name": "clone07",
      "pass": 0,
      "all": 0,
      "score": 0
    },
    {
      "name": "clone08",
      "pass": 0,
      "all": 0,
      "score": 0
    },
    {
      "name": "clone09",
      "pass": 0,
      "all": 0,
      "score": 0
    },
    {
      "name": "clone301",
      "pass": 0,
      "all": 0,
      "score": 0
    },
    {
      "name": "clone302",
      "pass": 0,
      "all": 0,
      "score": 0
    },
    {
      "name": "clone303",
      "pass": 0,
      "all": 0,
      "score": 0
    },
    {
      "name": "close01",
      "pass": 0,
      "all": 0,
      "score": 0
    },
    {
      "name": "close02",
      "pass": 0,
      "all": 0,
      "score": 0
    },
    {
      "name": "close_range01",
      "pass": 0,
      "all": 0,
      "score": 0
    },
    {
      "name": "close_range02",
      "pass": 0,
      "all": 0,
      "score": 0
    },
    {
      "name": "cmdlib.sh",
      "pass": 0,
      "all": 0,
      "score": 0
    },
    {
      "name": "cn_pec.sh",
      "pass": 0,
      "all": 0,
      "score": 0
    },
    {
      "name": "confstr01",
      "pass": 0,
      "all": 0,
      "score": 0
    },
    {
      "name": "connect01",
      "pass": 0,
      "all": 0,
      "score": 0
    },
    {
      "name": "connect02",
      "pass": 0,
      "all": 0,
      "score": 0
    },
    {
      "name": "copy_file_range01",
      "pass": 0,
      "all": 0,
      "score": 0
    },
    {
      "name": "copy_file_range02",
      "pass": 0,
      "all": 0,
      "score": 0
    },
    {
      "name": "copy_file_range03",
      "pass": 0,
      "all": 0,
      "score": 0
    },
    {
      "name": "cp_tests.sh",
      "pass": 0,
      "all": 0,
      "score": 0
    },
    {
      "name": "cpio_tests.sh",
      "pass": 0,
      "all": 0,
      "score": 0
    },
    {
      "name": "cpuacct.sh",
      "pass": 0,
      "all": 0,
      "score": 0
    },
    {
      "name": "cpuacct_task",
      "pass": 0,
      "all": 0,
      "score": 0
    },
    {
      "name": "cpuctl_def_task01",
      "pass": 0,
      "all": 0,
      "score": 0
    },
    {
      "name": "cpuctl_def_task02",
      "pass": 0,
      "all": 0,
      "score": 0
    },
    {
      "name": "cpuctl_def_task03",
      "pass": 0,
      "all": 0,
      "score": 0
    },
    {
      "name": "cpuctl_def_task04",
      "pass": 0,
      "all": 0,
      "score": 0
    },
    {
      "name": "cpuctl_fj_cpu-hog",
      "pass": 0,
      "all": 0,
      "score": 0
    },
    {
      "name": "cpuctl_fj_simple_echo",
      "pass": 0,
      "all": 0,
      "score": 0
    },
    {
      "name": "cpuctl_latency_check_task",
      "pass": 0,
      "all": 0,
      "score": 0
    },
    {
      "name": "cpuctl_latency_test",
      "pass": 0,
      "all": 0,
      "score": 0
    },
    {
      "name": "cpuctl_test01",
      "pass": 0,
      "all": 0,
      "score": 0
    },
    {
      "name": "cpuctl_test02",
      "pass": 0,
      "all": 0,
      "score": 0
    },
    {
      "name": "cpuctl_test03",
      "pass": 0,
      "all": 0,
      "score": 0
    },
    {
      "name": "cpuctl_test04",
      "pass": 0,
      "all": 0,
      "score": 0
    },
    {
      "name": "cpufreq_boost",
      "pass": 0,
      "all": 0,
      "score": 0
    },
    {
      "name": "cpuhotplug01.sh",
      "pass": 0,
      "all": 0,
      "score": 0
    },
    {
      "name": "cpuhotplug02.sh",
      "pass": 0,
      "all": 0,
      "score": 0
    },
    {
      "name": "cpuhotplug03.sh",
      "pass": 0,
      "all": 0,
      "score": 0
    },
    {
      "name": "cpuhotplug04.sh",
      "pass": 0,
      "all": 0,
      "score": 0
    },
    {
      "name": "cpuhotplug05.sh",
      "pass": 0,
      "all": 0,
      "score": 0
    },
    {
      "name": "cpuhotplug06.sh",
      "pass": 0,
      "all": 0,
      "score": 0
    },
    {
      "name": "cpuhotplug07.sh",
      "pass": 0,
      "all": 0,
      "score": 0
    },
    {
      "name": "cpuhotplug_do_disk_write_loop",
      "pass": 0,
      "all": 0,
      "score": 0
    },
    {
      "name": "cpuhotplug_do_kcompile_loop",
      "pass": 0,
      "all": 0,
      "score": 0
    },
    {
      "name": "cpuhotplug_do_spin_loop",
      "pass": 0,
      "all": 0,
      "score": 0
    },
    {
      "name": "cpuhotplug_hotplug.sh",
      "pass": 0,
      "all": 0,
      "score": 0
    },
    {
      "name": "cpuhotplug_report_proc_interrupts",
      "pass": 0,
      "all": 0,
      "score": 0
    },
    {
      "name": "cpuhotplug_testsuite.sh",
      "pass": 0,
      "all": 0,
      "score": 0
    },
    {
      "name": "cpuset01",
      "pass": 0,
      "all": 0,
      "score": 0
    },
    {
      "name": "crash01",
      "pass": 0,
      "all": 0,
      "score": 0
    },
    {
      "name": "crash02",
      "pass": 0,
      "all": 0,
      "score": 0
    },
    {
      "name": "creat01",
      "pass": 0,
      "all": 0,
      "score": 0
    },
    {
      "name": "creat03",
      "pass": 0,
      "all": 0,
      "score": 0
    },
    {
      "name": "creat04",
      "pass": 0,
      "all": 0,
      "score": 0
    },
    {
      "name": "creat05",
      "pass": 0,
      "all": 0,
      "score": 0
    },
    {
      "name": "creat06",
      "pass": 0,
      "all": 0,
      "score": 0
    },
    {
      "name": "creat07",
      "pass": 0,
      "all": 0,
      "score": 0
    },
    {
      "name": "creat07_child",
      "pass": 0,
      "all": 0,
      "score": 0
    },
    {
      "name": "creat08",
      "pass": 0,
      "all": 0,
      "score": 0
    },
    {
      "name": "creat09",
      "pass": 0,
      "all": 0,
      "score": 0
    },
    {
      "name": "create_datafile",
      "pass": 0,
      "all": 0,
      "score": 0
    },
    {
      "name": "create_file",
      "pass": 0,
      "all": 0,
      "score": 0
    },
    {
      "name": "crypto_user01",
      "pass": 0,
      "all": 0,
      "score": 0
    },
    {
      "name": "crypto_user02",
      "pass": 0,
      "all": 0,
      "score": 0
    },
    {
      "name": "cve-2014-0196",
      "pass": 0,
      "all": 0,
      "score": 0
    },
    {
      "name": "cve-2015-3290",
      "pass": 0,
      "all": 0,
      "score": 0
    },
    {
      "name": "cve-2016-10044",
      "pass": 0,
      "all": 0,
      "score": 0
    },
    {
      "name": "cve-2016-7042",
      "pass": 0,
      "all": 0,
      "score": 0
    },
    {
      "name": "cve-2016-7117",
      "pass": 0,
      "all": 0,
      "score": 0
    },
    {
      "name": "cve-2017-16939",
      "pass": 0,
      "all": 0,
      "score": 0
    },
    {
      "name": "cve-2017-17052",
      "pass": 0,
      "all": 0,
      "score": 0
    },
    {
      "name": "cve-2017-17053",
      "pass": 0,
      "all": 0,
      "score": 0
    },
    {
      "name": "cve-2017-2618",
      "pass": 0,
      "all": 0,
      "score": 0
    },
    {
      "name": "cve-2017-2671",
      "pass": 0,
      "all": 0,
      "score": 0
    },
    {
      "name": "cve-2022-4378",
      "pass": 0,
      "all": 0,
      "score": 0
    },
    {
      "name": "daemonlib.sh",
      "pass": 0,
      "all": 0,
      "score": 0
    },
    {
      "name": "data",
      "pass": 0,
      "all": 0,
      "score": 0
    },
    {
      "name": "data_space",
      "pass": 0,
      "all": 0,
      "score": 0
    },
    {
      "name": "datafiles",
      "pass": 0,
      "all": 0,
      "score": 0
    },
    {
      "name": "dccp01.sh",
      "pass": 0,
      "all": 0,
      "score": 0
    },
    {
      "name": "dccp_ipsec.sh",
      "pass": 0,
      "all": 0,
      "score": 0
    },
    {
      "name": "dccp_ipsec_vti.sh",
      "pass": 0,
      "all": 0,
      "score": 0
    },
    {
      "name": "dctcp01.sh",
      "pass": 0,
      "all": 0,
      "score": 0
    },
    {
      "name": "delete_module01",
      "pass": 0,
      "all": 0,
      "score": 0
    },
    {
      "name": "delete_module02",
      "pass": 0,
      "all": 0,
      "score": 0
    },
    {
      "name": "delete_module03",
      "pass": 0,
      "all": 0,
      "score": 0
    },
    {
      "name": "df01.sh",
      "pass": 0,
      "all": 0,
      "score": 0
    },
    {
      "name": "dhcp_lib.sh",
      "pass": 0,
      "all": 0,
      "score": 0
    },
    {
      "name": "dhcpd_tests.sh",
      "pass": 0,
      "all": 0,
      "score": 0
    },
    {
      "name": "dio_append",
      "pass": 0,
      "all": 0,
      "score": 0
    },
    {
      "name": "dio_read",
      "pass": 0,
      "all": 0,
      "score": 0
    },
    {
      "name": "dio_sparse",
      "pass": 0,
      "all": 0,
      "score": 0
    },
    {
      "name": "dio_truncate",
      "pass": 0,
      "all": 0,
      "score": 0
    },
    {
      "name": "diotest1",
      "pass": 0,
      "all": 0,
      "score": 0
    },
    {
      "name": "diotest2",
      "pass": 0,
      "all": 0,
      "score": 0
    },
    {
      "name": "diotest3",
      "pass": 0,
      "all": 0,
      "score": 0
    },
    {
      "name": "diotest4",
      "pass": 0,
      "all": 0,
      "score": 0
    },
    {
      "name": "diotest5",
      "pass": 0,
      "all": 0,
      "score": 0
    },
    {
      "name": "diotest6",
      "pass": 0,
      "all": 0,
      "score": 0
    },
    {
      "name": "dirty",
      "pass": 0,
      "all": 0,
      "score": 0
    },
    {
      "name": "dirtyc0w",
      "pass": 0,
      "all": 0,
      "score": 0
    },
    {
      "name": "dirtyc0w_child",
      "pass": 0,
      "all": 0,
      "score": 0
    },
    {
      "name": "dirtyc0w_shmem",
      "pass": 0,
      "all": 0,
      "score": 0
    },
    {
      "name": "dirtyc0w_shmem_child",
      "pass": 0,
      "all": 0,
      "score": 0
    },
    {
      "name": "dirtypipe",
      "pass": 0,
      "all": 0,
      "score": 0
    },
    {
      "name": "dma_thread_diotest",
      "pass": 0,
      "all": 0,
      "score": 0
    },
    {
      "name": "dns-stress-lib.sh",
      "pass": 0,
      "all": 0,
      "score": 0
    },
    {
      "name": "dns-stress.sh",
      "pass": 0,
      "all": 0,
      "score": 0
    },
    {
      "name": "dns-stress01-rmt.sh",
      "pass": 0,
      "all": 0,
      "score": 0
    },
    {
      "name": "dns-stress02-rmt.sh",
      "pass": 0,
      "all": 0,
      "score": 0
    },
    {
      "name": "dnsmasq_tests.sh",
      "pass": 0,
      "all": 0,
      "score": 0
    },
    {
      "name": "doio",
      "pass": 0,
      "all": 0,
      "score": 0
    },
    {
      "name": "du01.sh",
      "pass": 0,
      "all": 0,
      "score": 0
    },
    {
      "name": "dup01",
      "pass": 0,
      "all": 0,
      "score": 0
    },
    {
      "name": "dup02",
      "pass": 0,
      "all": 0,
      "score": 0
    },
    {
      "name": "dup03",
      "pass": 0,
      "all": 0,
      "score": 0
    },
    {
      "name": "dup04",
      "pass": 0,
      "all": 0,
      "score": 0
    },
    {
      "name": "dup05",
      "pass": 0,
      "all": 0,
      "score": 0
    },
    {
      "name": "dup06",
      "pass": 0,
      "all": 0,
      "score": 0
    },
    {
      "name": "dup07",
      "pass": 0,
      "all": 0,
      "score": 0
    },
    {
      "name": "dup201",
      "pass": 0,
      "all": 0,
      "score": 0
    },
    {
      "name": "dup202",
      "pass": 0,
      "all": 0,
      "score": 0
    },
    {
      "name": "dup203",
      "pass": 0,
      "all": 0,
      "score": 0
    },
    {
      "name": "dup204",
      "pass": 0,
      "all": 0,
      "score": 0
    },
    {
      "name": "dup205",
      "pass": 0,
      "all": 0,
      "score": 0
    },
    {
      "name": "dup206",
      "pass": 0,
      "all": 0,
      "score": 0
    },
    {
      "name": "dup207",
      "pass": 0,
      "all": 0,
      "score": 0
    },
    {
      "name": "dup3_01",
      "pass": 0,
      "all": 0,
      "score": 0
    },
    {
      "name": "dup3_02",
      "pass": 0,
      "all": 0,
      "score": 0
    },
    {
      "name": "dynamic_debug01.sh",
      "pass": 0,
      "all": 0,
      "score": 0
    },
    {
      "name": "ebizzy",
      "pass": 0,
      "all": 0,
      "score": 0
    },
    {
      "name": "eject-tests.sh",
      "pass": 0,
      "all": 0,
      "score": 0
    },
    {
      "name": "eject_check_tray",
      "pass": 0,
      "all": 0,
      "score": 0
    },
    {
      "name": "endian_switch01",
      "pass": 0,
      "all": 0,
      "score": 0
    },
    {
      "name": "epoll-ltp",
      "pass": 0,
      "all": 0,
      "score": 0
    },
    {
      "name": "epoll_create01",
      "pass": 0,
      "all": 0,
      "score": 0
    },
    {
      "name": "epoll_create02",
      "pass": 0,
      "all": 0,
      "score": 0
    },
    {
      "name": "epoll_create1_01",
      "pass": 0,
      "all": 0,
      "score": 0
    },
    {
      "name": "epoll_create1_02",
      "pass": 0,
      "all": 0,
      "score": 0
    },
    {
      "name": "epoll_ctl01",
      "pass": 0,
      "all": 0,
      "score": 0
    },
    {
      "name": "epoll_ctl02",
      "pass": 0,
      "all": 0,
      "score": 0
    },
    {
      "name": "epoll_ctl03",
      "pass": 0,
      "all": 0,
      "score": 0
    },
    {
      "name": "epoll_ctl04",
      "pass": 0,
      "all": 0,
      "score": 0
    },
    {
      "name": "epoll_ctl05",
      "pass": 0,
      "all": 0,
      "score": 0
    },
    {
      "name": "epoll_pwait01",
      "pass": 0,
      "all": 0,
      "score": 0
    },
    {
      "name": "epoll_pwait02",
      "pass": 0,
      "all": 0,
      "score": 0
    },
    {
      "name": "epoll_pwait03",
      "pass": 0,
      "all": 0,
      "score": 0
    },
    {
      "name": "epoll_pwait04",
      "pass": 0,
      "all": 0,
      "score": 0
    },
    {
      "name": "epoll_pwait05",
      "pass": 0,
      "all": 0,
      "score": 0
    },
    {
      "name": "epoll_wait01",
      "pass": 0,
      "all": 0,
      "score": 0
    },
    {
      "name": "epoll_wait02",
      "pass": 0,
      "all": 0,
      "score": 0
    },
    {
      "name": "epoll_wait03",
      "pass": 0,
      "all": 0,
      "score": 0
    },
    {
      "name": "epoll_wait04",
      "pass": 0,
      "all": 0,
      "score": 0
    },
    {
      "name": "epoll_wait05",
      "pass": 0,
      "all": 0,
      "score": 0
    },
    {
      "name": "epoll_wait06",
      "pass": 0,
      "all": 0,
      "score": 0
    },
    {
      "name": "epoll_wait07",
      "pass": 0,
      "all": 0,
      "score": 0
    },
    {
      "name": "event_generator",
      "pass": 0,
      "all": 0,
      "score": 0
    },
    {
      "name": "eventfd01",
      "pass": 0,
      "all": 0,
      "score": 0
    },
    {
      "name": "eventfd02",
      "pass": 0,
      "all": 0,
      "score": 0
    },
    {
      "name": "eventfd03",
      "pass": 0,
      "all": 0,
      "score": 0
    },
    {
      "name": "eventfd04",
      "pass": 0,
      "all": 0,
      "score": 0
    },
    {
      "name": "eventfd05",
      "pass": 0,
      "all": 0,
      "score": 0
    },
    {
      "name": "eventfd06",
      "pass": 0,
      "all": 0,
      "score": 0
    },
    {
      "name": "eventfd2_01",
      "pass": 0,
      "all": 0,
      "score": 0
    },
    {
      "name": "eventfd2_02",
      "pass": 0,
      "all": 0,
      "score": 0
    },
    {
      "name": "eventfd2_03",
      "pass": 0,
      "all": 0,
      "score": 0
    },
    {
      "name": "evm_overlay.sh",
      "pass": 0,
      "all": 0,
      "score": 0
    },
    {
      "name": "exec_with_inh",
      "pass": 0,
      "all": 0,
      "score": 0
    },
    {
      "name": "exec_without_inh",
      "pass": 0,
      "all": 0,
      "score": 0
    },
    {
      "name": "execl01",
      "pass": 0,
      "all": 0,
      "score": 0
    },
    {
      "name": "execl01_child",
      "pass": 0,
      "all": 0,
      "score": 0
    },
    {
      "name": "execle01",
      "pass": 0,
      "all": 0,
      "score": 0
    },
    {
      "name": "execle01_child",
      "pass": 0,
      "all": 0,
      "score": 0
    },
    {
      "name": "execlp01",
      "pass": 0,
      "all": 0,
      "score": 0
    },
    {
      "name": "execlp01_child",
      "pass": 0,
      "all": 0,
      "score": 0
    },
    {
      "name": "execv01",
      "pass": 0,
      "all": 0,
      "score": 0
    },
    {
      "name": "execv01_child",
      "pass": 0,
      "all": 0,
      "score": 0
    },
    {
      "name": "execve01",
      "pass": 0,
      "all": 0,
      "score": 0
    },
    {
      "name": "execve01_child",
      "pass": 0,
      "all": 0,
      "score": 0
    },
    {
      "name": "execve02",
      "pass": 0,
      "all": 0,
      "score": 0
    },
    {
      "name": "execve03",
      "pass": 0,
      "all": 0,
      "score": 0
    },
    {
      "name": "execve04",
      "pass": 0,
      "all": 0,
      "score": 0
    },
    {
      "name": "execve05",
      "pass": 0,
      "all": 0,
      "score": 0
    },
    {
      "name": "execve06",
      "pass": 0,
      "all": 0,
      "score": 0
    },
    {
      "name": "execve06_child",
      "pass": 0,
      "all": 0,
      "score": 0
    },
    {
      "name": "execve_child",
      "pass": 0,
      "all": 0,
      "score": 0
    },
    {
      "name": "execveat01",
      "pass": 0,
      "all": 0,
      "score": 0
    },
    {
      "name": "execveat02",
      "pass": 0,
      "all": 0,
      "score": 0
    },
    {
      "name": "execveat03",
      "pass": 0,
      "all": 0,
      "score": 0
    },
    {
      "name": "execveat_child",
      "pass": 0,
      "all": 0,
      "score": 0
    },
    {
      "name": "execveat_errno",
      "pass": 0,
      "all": 0,
      "score": 0
    },
    {
      "name": "execvp01",
      "pass": 0,
      "all": 0,
      "score": 0
    },
    {
      "name": "execvp01_child",
      "pass": 0,
      "all": 0,
      "score": 0
    },
    {
      "name": "exit01",
      "pass": 0,
      "all": 0,
      "score": 0
    },
    {
      "name": "exit02",
      "pass": 0,
      "all": 0,
      "score": 0
    },
    {
      "name": "exit_group01",
      "pass": 0,
      "all": 0,
      "score": 0
    },
    {
      "name": "f00f",
      "pass": 0,
      "all": 0,
      "score": 0
    },
    {
      "name": "faccessat01",
      "pass": 0,
      "all": 0,
      "score": 0
    },
    {
      "name": "faccessat02",
      "pass": 0,
      "all": 0,
      "score": 0
    },
    {
      "name": "faccessat201",
      "pass": 0,
      "all": 0,
      "score": 0
    },
    {
      "name": "faccessat202",
      "pass": 0,
      "all": 0,
      "score": 0
    },
    {
      "name": "fallocate01",
      "pass": 0,
      "all": 0,
      "score": 0
    },
    {
      "name": "fallocate02",
      "pass": 0,
      "all": 0,
      "score": 0
    },
    {
      "name": "fallocate03",
      "pass": 0,
      "all": 0,
      "score": 0
    },
    {
      "name": "fallocate04",
      "pass": 0,
      "all": 0,
      "score": 0
    },
    {
      "name": "fallocate05",
      "pass": 0,
      "all": 0,
      "score": 0
    },
    {
      "name": "fallocate06",
      "pass": 0,
      "all": 0,
      "score": 0
    },
    {
      "name": "fanotify01",
      "pass": 0,
      "all": 0,
      "score": 0
    },
    {
      "name": "fanotify02",
      "pass": 0,
      "all": 0,
      "score": 0
    },
    {
      "name": "fanotify03",
      "pass": 0,
      "all": 0,
      "score": 0
    },
    {
      "name": "fanotify04",
      "pass": 0,
      "all": 0,
      "score": 0
    },
    {
      "name": "fanotify05",
      "pass": 0,
      "all": 0,
      "score": 0
    },
    {
      "name": "fanotify06",
      "pass": 0,
      "all": 0,
      "score": 0
    },
    {
      "name": "fanotify07",
      "pass": 0,
      "all": 0,
      "score": 0
    },
    {
      "name": "fanotify08",
      "pass": 0,
      "all": 0,
      "score": 0
    },
    {
      "name": "fanotify09",
      "pass": 0,
      "all": 0,
      "score": 0
    },
    {
      "name": "fanotify10",
      "pass": 0,
      "all": 0,
      "score": 0
    },
    {
      "name": "fanotify11",
      "pass": 0,
      "all": 0,
      "score": 0
    },
    {
      "name": "fanotify12",
      "pass": 0,
      "all": 0,
      "score": 0
    },
    {
      "name": "fanotify13",
      "pass": 0,
      "all": 0,
      "score": 0
    },
    {
      "name": "fanotify14",
      "pass": 0,
      "all": 0,
      "score": 0
    },
    {
      "name": "fanotify15",
      "pass": 0,
      "all": 0,
      "score": 0
    },
    {
      "name": "fanotify16",
      "pass": 0,
      "all": 0,
      "score": 0
    },
    {
      "name": "fanotify17",
      "pass": 0,
      "all": 0,
      "score": 0
    },
    {
      "name": "fanotify18",
      "pass": 0,
      "all": 0,
      "score": 0
    },
    {
      "name": "fanotify19",
      "pass": 0,
      "all": 0,
      "score": 0
    },
    {
      "name": "fanotify20",
      "pass": 0,
      "all": 0,
      "score": 0
    },
    {
      "name": "fanotify21",
      "pass": 0,
      "all": 0,
      "score": 0
    },
    {
      "name": "fanotify22",
      "pass": 0,
      "all": 0,
      "score": 0
    },
    {
      "name": "fanotify23",
      "pass": 0,
      "all": 0,
      "score": 0
    },
    {
      "name": "fanotify_child",
      "pass": 0,
      "all": 0,
      "score": 0
    },
    {
      "name": "fanout01",
      "pass": 0,
      "all": 0,
      "score": 0
    },
    {
      "name": "fchdir01",
      "pass": 0,
      "all": 0,
      "score": 0
    },
    {
      "name": "fchdir02",
      "pass": 0,
      "all": 0,
      "score": 0
    },
    {
      "name": "fchdir03",
      "pass": 0,
      "all": 0,
      "score": 0
    },
    {
      "name": "fchmod01",
      "pass": 0,
      "all": 0,
      "score": 0
    },
    {
      "name": "fchmod02",
      "pass": 0,
      "all": 0,
      "score": 0
    },
    {
      "name": "fchmod03",
      "pass": 0,
      "all": 0,
      "score": 0
    },
    {
      "name": "fchmod04",
      "pass": 0,
      "all": 0,
      "score": 0
    },
    {
      "name": "fchmod05",
      "pass": 0,
      "all": 0,
      "score": 0
    },
    {
      "name": "fchmod06",
      "pass": 0,
      "all": 0,
      "score": 0
    },
    {
      "name": "fchmodat01",
      "pass": 0,
      "all": 0,
      "score": 0
    },
    {
      "name": "fchmodat02",
      "pass": 0,
      "all": 0,
      "score": 0
    },
    {
      "name": "fchown01",
      "pass": 0,
      "all": 0,
      "score": 0
    },
    {
      "name": "fchown01_16",
      "pass": 0,
      "all": 0,
      "score": 0
    },
    {
      "name": "fchown02",
      "pass": 0,
      "all": 0,
      "score": 0
    },
    {
      "name": "fchown02_16",
      "pass": 0,
      "all": 0,
      "score": 0
    },
    {
      "name": "fchown03",
      "pass": 0,
      "all": 0,
      "score": 0
    },
    {
      "name": "fchown03_16",
      "pass": 0,
      "all": 0,
      "score": 0
    },
    {
      "name": "fchown04",
      "pass": 0,
      "all": 0,
      "score": 0
    },
    {
      "name": "fchown04_16",
      "pass": 0,
      "all": 0,
      "score": 0
    },
    {
      "name": "fchown05",
      "pass": 0,
      "all": 0,
      "score": 0
    },
    {
      "name": "fchown05_16",
      "pass": 0,
      "all": 0,
      "score": 0
    },
    {
      "name": "fchownat01",
      "pass": 0,
      "all": 0,
      "score": 0
    },
    {
      "name": "fchownat02",
      "pass": 0,
      "all": 0,
      "score": 0
    },
    {
      "name": "fcntl01",
      "pass": 0,
      "all": 0,
      "score": 0
    },
    {
      "name": "fcntl01_64",
      "pass": 0,
      "all": 0,
      "score": 0
    },
    {
      "name": "fcntl02",
      "pass": 0,
      "all": 0,
      "score": 0
    },
    {
      "name": "fcntl02_64",
      "pass": 0,
      "all": 0,
      "score": 0
    },
    {
      "name": "fcntl03",
      "pass": 0,
      "all": 0,
      "score": 0
    },
    {
      "name": "fcntl03_64",
      "pass": 0,
      "all": 0,
      "score": 0
    },
    {
      "name": "fcntl04",
      "pass": 0,
      "all": 0,
      "score": 0
    },
    {
      "name": "fcntl04_64",
      "pass": 0,
      "all": 0,
      "score": 0
    },
    {
      "name": "fcntl05",
      "pass": 0,
      "all": 0,
      "score": 0
    },
    {
      "name": "fcntl05_64",
      "pass": 0,
      "all": 0,
      "score": 0
    },
    {
      "name": "fcntl07",
      "pass": 0,
      "all": 0,
      "score": 0
    },
    {
      "name": "fcntl07_64",
      "pass": 0,
      "all": 0,
      "score": 0
    },
    {
      "name": "fcntl08",
      "pass": 0,
      "all": 0,
      "score": 0
    },
    {
      "name": "fcntl08_64",
      "pass": 0,
      "all": 0,
      "score": 0
    },
    {
      "name": "fcntl09",
      "pass": 0,
      "all": 0,
      "score": 0
    },
    {
      "name": "fcntl09_64",
      "pass": 0,
      "all": 0,
      "score": 0
    },
    {
      "name": "fcntl10",
      "pass": 0,
      "all": 0,
      "score": 0
    },
    {
      "name": "fcntl10_64",
      "pass": 0,
      "all": 0,
      "score": 0
    },
    {
      "name": "fcntl11",
      "pass": 0,
      "all": 0,
      "score": 0
    },
    {
      "name": "fcntl11_64",
      "pass": 0,
      "all": 0,
      "score": 0
    },
    {
      "name": "fcntl12",
      "pass": 0,
      "all": 0,
      "score": 0
    },
    {
      "name": "fcntl12_64",
      "pass": 0,
      "all": 0,
      "score": 0
    },
    {
      "name": "fcntl13",
      "pass": 0,
      "all": 0,
      "score": 0
    },
    {
      "name": "fcntl13_64",
      "pass": 0,
      "all": 0,
      "score": 0
    },
    {
      "name": "fcntl14",
      "pass": 0,
      "all": 0,
      "score": 0
    },
    {
      "name": "fcntl14_64",
      "pass": 0,
      "all": 0,
      "score": 0
    },
    {
      "name": "fcntl15",
      "pass": 0,
      "all": 0,
      "score": 0
    },
    {
      "name": "fcntl15_64",
      "pass": 0,
      "all": 0,
      "score": 0
    },
    {
      "name": "fcntl16",
      "pass": 0,
      "all": 0,
      "score": 0
    },
    {
      "name": "fcntl16_64",
      "pass": 0,
      "all": 0,
      "score": 0
    },
    {
      "name": "fcntl17",
      "pass": 0,
      "all": 0,
      "score": 0
    },
    {
      "name": "fcntl17_64",
      "pass": 0,
      "all": 0,
      "score": 0
    },
    {
      "name": "fcntl18",
      "pass": 0,
      "all": 0,
      "score": 0
    },
    {
      "name": "fcntl18_64",
      "pass": 0,
      "all": 0,
      "score": 0
    },
    {
      "name": "fcntl19",
      "pass": 0,
      "all": 0,
      "score": 0
    },
    {
      "name": "fcntl19_64",
      "pass": 0,
      "all": 0,
      "score": 0
    },
    {
      "name": "fcntl20",
      "pass": 0,
      "all": 0,
      "score": 0
    },
    {
      "name": "fcntl20_64",
      "pass": 0,
      "all": 0,
      "score": 0
    },
    {
      "name": "fcntl21",
      "pass": 0,
      "all": 0,
      "score": 0
    },
    {
      "name": "fcntl21_64",
      "pass": 0,
      "all": 0,
      "score": 0
    },
    {
      "name": "fcntl22",
      "pass": 0,
      "all": 0,
      "score": 0
    },
    {
      "name": "fcntl22_64",
      "pass": 0,
      "all": 0,
      "score": 0
    },
    {
      "name": "fcntl23",
      "pass": 0,
      "all": 0,
      "score": 0
    },
    {
      "name": "fcntl23_64",
      "pass": 0,
      "all": 0,
      "score": 0
    },
    {
      "name": "fcntl24",
      "pass": 0,
      "all": 0,
      "score": 0
    },
    {
      "name": "fcntl24_64",
      "pass": 0,
      "all": 0,
      "score": 0
    },
    {
      "name": "fcntl25",
      "pass": 0,
      "all": 0,
      "score": 0
    },
    {
      "name": "fcntl25_64",
      "pass": 0,
      "all": 0,
      "score": 0
    },
    {
      "name": "fcntl26",
      "pass": 0,
      "all": 0,
      "score": 0
    },
    {
      "name": "fcntl26_64",
      "pass": 0,
      "all": 0,
      "score": 0
    },
    {
      "name": "fcntl27",
      "pass": 0,
      "all": 0,
      "score": 0
    },
    {
      "name": "fcntl27_64",
      "pass": 0,
      "all": 0,
      "score": 0
    },
    {
      "name": "fcntl29",
      "pass": 0,
      "all": 0,
      "score": 0
    },
    {
      "name": "fcntl29_64",
      "pass": 0,
      "all": 0,
      "score": 0
    },
    {
      "name": "fcntl30",
      "pass": 0,
      "all": 0,
      "score": 0
    },
    {
      "name": "fcntl30_64",
      "pass": 0,
      "all": 0,
      "score": 0
    },
    {
      "name": "fcntl31",
      "pass": 0,
      "all": 0,
      "score": 0
    },
    {
      "name": "fcntl31_64",
      "pass": 0,
      "all": 0,
      "score": 0
    },
    {
      "name": "fcntl32",
      "pass": 0,
      "all": 0,
      "score": 0
    },
    {
      "name": "fcntl32_64",
      "pass": 0,
      "all": 0,
      "score": 0
    },
    {
      "name": "fcntl33",
      "pass": 0,
      "all": 0,
      "score": 0
    },
    {
      "name": "fcntl33_64",
      "pass": 0,
      "all": 0,
      "score": 0
    },
    {
      "name": "fcntl34",
      "pass": 0,
      "all": 0,
      "score": 0
    },
    {
      "name": "fcntl34_64",
      "pass": 0,
      "all": 0,
      "score": 0
    },
    {
      "name": "fcntl35",
      "pass": 0,
      "all": 0,
      "score": 0
    },
    {
      "name": "fcntl35_64",
      "pass": 0,
      "all": 0,
      "score": 0
    },
    {
      "name": "fcntl36",
      "pass": 0,
      "all": 0,
      "score": 0
    },
    {
      "name": "fcntl36_64",
      "pass": 0,
      "all": 0,
      "score": 0
    },
    {
      "name": "fcntl37",
      "pass": 0,
      "all": 0,
      "score": 0
    },
    {
      "name": "fcntl37_64",
      "pass": 0,
      "all": 0,
      "score": 0
    },
    {
      "name": "fcntl38",
      "pass": 0,
      "all": 0,
      "score": 0
    },
    {
      "name": "fcntl38_64",
      "pass": 0,
      "all": 0,
      "score": 0
    },
    {
      "name": "fcntl39",
      "pass": 0,
      "all": 0,
      "score": 0
    },
    {
      "name": "fcntl39_64",
      "pass": 0,
      "all": 0,
      "score": 0
    },
    {
      "name": "fdatasync01",
      "pass": 0,
      "all": 0,
      "score": 0
    },
    {
      "name": "fdatasync02",
      "pass": 0,
      "all": 0,
      "score": 0
    },
    {
      "name": "fdatasync03",
      "pass": 0,
      "all": 0,
      "score": 0
    },
    {
      "name": "fgetxattr01",
      "pass": 0,
      "all": 0,
      "score": 0
    },
    {
      "name": "fgetxattr02",
      "pass": 0,
      "all": 0,
      "score": 0
    },
    {
      "name": "fgetxattr03",
      "pass": 0,
      "all": 0,
      "score": 0
    },
    {
      "name": "file01.sh",
      "pass": 0,
      "all": 0,
      "score": 0
    },
    {
      "name": "filecapstest.sh",
      "pass": 0,
      "all": 0,
      "score": 0
    },
    {
      "name": "find_portbundle",
      "pass": 0,
      "all": 0,
      "score": 0
    },
    {
      "name": "finit_module01",
      "pass": 0,
      "all": 0,
      "score": 0
    },
    {
      "name": "finit_module02",
      "pass": 0,
      "all": 0,
      "score": 0
    },
    {
      "name": "flistxattr01",
      "pass": 0,
      "all": 0,
      "score": 0
    },
    {
      "name": "flistxattr02",
      "pass": 0,
      "all": 0,
      "score": 0
    },
    {
      "name": "flistxattr03",
      "pass": 0,
      "all": 0,
      "score": 0
    },
    {
      "name": "float_bessel",
      "pass": 0,
      "all": 0,
      "score": 0
    },
    {
      "name": "float_exp_log",
      "pass": 0,
      "all": 0,
      "score": 0
    },
    {
      "name": "float_iperb",
      "pass": 0,
      "all": 0,
      "score": 0
    },
    {
      "name": "float_power",
      "pass": 0,
      "all": 0,
      "score": 0
    },
    {
      "name": "float_trigo",
      "pass": 0,
      "all": 0,
      "score": 0
    },
    {
      "name": "flock01",
      "pass": 0,
      "all": 0,
      "score": 0
    },
    {
      "name": "flock02",
      "pass": 0,
      "all": 0,
      "score": 0
    },
    {
      "name": "flock03",
      "pass": 0,
      "all": 0,
      "score": 0
    },
    {
      "name": "flock04",
      "pass": 0,
      "all": 0,
      "score": 0
    },
    {
      "name": "flock06",
      "pass": 0,
      "all": 0,
      "score": 0
    },
    {
      "name": "force_erase.sh",
      "pass": 0,
      "all": 0,
      "score": 0
    },
    {
      "name": "fork01",
      "pass": 0,
      "all": 0,
      "score": 0
    },
    {
      "name": "fork03",
      "pass": 0,
      "all": 0,
      "score": 0
    },
    {
      "name": "fork04",
      "pass": 0,
      "all": 0,
      "score": 0
    },
    {
      "name": "fork05",
      "pass": 0,
      "all": 0,
      "score": 0
    },
    {
      "name": "fork07",
      "pass": 0,
      "all": 0,
      "score": 0
    },
    {
      "name": "fork08",
      "pass": 0,
      "all": 0,
      "score": 0
    },
    {
      "name": "fork09",
      "pass": 0,
      "all": 0,
      "score": 0
    },
    {
      "name": "fork10",
      "pass": 0,
      "all": 0,
      "score": 0
    },
    {
      "name": "fork13",
      "pass": 0,
      "all": 0,
      "score": 0
    },
    {
      "name": "fork14",
      "pass": 0,
      "all": 0,
      "score": 0
    },
    {
      "name": "fork_exec_loop",
      "pass": 0,
      "all": 0,
      "score": 0
    },
    {
      "name": "fork_freeze.sh",
      "pass": 0,
      "all": 0,
      "score": 0
    },
    {
      "name": "fork_procs",
      "pass": 0,
      "all": 0,
      "score": 0
    },
    {
      "name": "fou01.sh",
      "pass": 0,
      "all": 0,
      "score": 0
    },
    {
      "name": "fpathconf01",
      "pass": 0,
      "all": 0,
      "score": 0
    },
    {
      "name": "fptest01",
      "pass": 0,
      "all": 0,
      "score": 0
    },
    {
      "name": "fptest02",
      "pass": 0,
      "all": 0,
      "score": 0
    },
    {
      "name": "frag",
      "pass": 0,
      "all": 0,
      "score": 0
    },
    {
      "name": "freeze_cancel.sh",
      "pass": 0,
      "all": 0,
      "score": 0
    },
    {
      "name": "freeze_kill_thaw.sh",
      "pass": 0,
      "all": 0,
      "score": 0
    },
    {
      "name": "freeze_move_thaw.sh",
      "pass": 0,
      "all": 0,
      "score": 0
    },
    {
      "name": "freeze_self_thaw.sh",
      "pass": 0,
      "all": 0,
      "score": 0
    },
    {
      "name": "freeze_sleep_thaw.sh",
      "pass": 0,
      "all": 0,
      "score": 0
    },
    {
      "name": "freeze_thaw.sh",
      "pass": 0,
      "all": 0,
      "score": 0
    },
    {
      "name": "freeze_write_freezing.sh",
      "pass": 0,
      "all": 0,
      "score": 0
    },
    {
      "name": "fremovexattr01",
      "pass": 0,
      "all": 0,
      "score": 0
    },
    {
      "name": "fremovexattr02",
      "pass": 0,
      "all": 0,
      "score": 0
    },
    {
      "name": "fs_bind01.sh",
      "pass": 0,
      "all": 0,
      "score": 0
    },
    {
      "name": "fs_bind02.sh",
      "pass": 0,
      "all": 0,
      "score": 0
    },
    {
      "name": "fs_bind03.sh",
      "pass": 0,
      "all": 0,
      "score": 0
    },
    {
      "name": "fs_bind04.sh",
      "pass": 0,
      "all": 0,
      "score": 0
    },
    {
      "name": "fs_bind05.sh",
      "pass": 0,
      "all": 0,
      "score": 0
    },
    {
      "name": "fs_bind06.sh",
      "pass": 0,
      "all": 0,
      "score": 0
    },
    {
      "name": "fs_bind07-2.sh",
      "pass": 0,
      "all": 0,
      "score": 0
    },
    {
      "name": "fs_bind07.sh",
      "pass": 0,
      "all": 0,
      "score": 0
    },
    {
      "name": "fs_bind08.sh",
      "pass": 0,
      "all": 0,
      "score": 0
    },
    {
      "name": "fs_bind09.sh",
      "pass": 0,
      "all": 0,
      "score": 0
    },
    {
      "name": "fs_bind10.sh",
      "pass": 0,
      "all": 0,
      "score": 0
    },
    {
      "name": "fs_bind11.sh",
      "pass": 0,
      "all": 0,
      "score": 0
    },
    {
      "name": "fs_bind12.sh",
      "pass": 0,
      "all": 0,
      "score": 0
    },
    {
      "name": "fs_bind13.sh",
      "pass": 0,
      "all": 0,
      "score": 0
    },
    {
      "name": "fs_bind14.sh",
      "pass": 0,
      "all": 0,
      "score": 0
    },
    {
      "name": "fs_bind15.sh",
      "pass": 0,
      "all": 0,
      "score": 0
    },
    {
      "name": "fs_bind16.sh",
      "pass": 0,
      "all": 0,
      "score": 0
    },
    {
      "name": "fs_bind17.sh",
      "pass": 0,
      "all": 0,
      "score": 0
    },
    {
      "name": "fs_bind18.sh",
      "pass": 0,
      "all": 0,
      "score": 0
    },
    {
      "name": "fs_bind19.sh",
      "pass": 0,
      "all": 0,
      "score": 0
    },
    {
      "name": "fs_bind20.sh",
      "pass": 0,
      "all": 0,
      "score": 0
    },
    {
      "name": "fs_bind21.sh",
      "pass": 0,
      "all": 0,
      "score": 0
    },
    {
      "name": "fs_bind22.sh",
      "pass": 0,
      "all": 0,
      "score": 0
    },
    {
      "name": "fs_bind23.sh",
      "pass": 0,
      "all": 0,
      "score": 0
    },
    {
      "name": "fs_bind24.sh",
      "pass": 0,
      "all": 0,
      "score": 0
    },
    {
      "name": "fs_bind_cloneNS01.sh",
      "pass": 0,
      "all": 0,
      "score": 0
    },
    {
      "name": "fs_bind_cloneNS02.sh",
      "pass": 0,
      "all": 0,
      "score": 0
    },
    {
      "name": "fs_bind_cloneNS03.sh",
      "pass": 0,
      "all": 0,
      "score": 0
    },
    {
      "name": "fs_bind_cloneNS04.sh",
      "pass": 0,
      "all": 0,
      "score": 0
    },
    {
      "name": "fs_bind_cloneNS05.sh",
      "pass": 0,
      "all": 0,
      "score": 0
    },
    {
      "name": "fs_bind_cloneNS06.sh",
      "pass": 0,
      "all": 0,
      "score": 0
    },
    {
      "name": "fs_bind_cloneNS07.sh",
      "pass": 0,
      "all": 0,
      "score": 0
    },
    {
      "name": "fs_bind_lib.sh",
      "pass": 0,
      "all": 0,
      "score": 0
    },
    {
      "name": "fs_bind_move01.sh",
      "pass": 0,
      "all": 0,
      "score": 0
    },
    {
      "name": "fs_bind_move02.sh",
      "pass": 0,
      "all": 0,
      "score": 0
    },
    {
      "name": "fs_bind_move03.sh",
      "pass": 0,
      "all": 0,
      "score": 0
    },
    {
      "name": "fs_bind_move04.sh",
      "pass": 0,
      "all": 0,
      "score": 0
    },
    {
      "name": "fs_bind_move05.sh",
      "pass": 0,
      "all": 0,
      "score": 0
    },
    {
      "name": "fs_bind_move06.sh",
      "pass": 0,
      "all": 0,
      "score": 0
    },
    {
      "name": "fs_bind_move07.sh",
      "pass": 0,
      "all": 0,
      "score": 0
    },
    {
      "name": "fs_bind_move08.sh",
      "pass": 0,
      "all": 0,
      "score": 0
    },
    {
      "name": "fs_bind_move09.sh",
      "pass": 0,
      "all": 0,
      "score": 0
    },
    {
      "name": "fs_bind_move10.sh",
      "pass": 0,
      "all": 0,
      "score": 0
    },
    {
      "name": "fs_bind_move11.sh",
      "pass": 0,
      "all": 0,
      "score": 0
    },
    {
      "name": "fs_bind_move12.sh",
      "pass": 0,
      "all": 0,
      "score": 0
    },
    {
      "name": "fs_bind_move13.sh",
      "pass": 0,
      "all": 0,
      "score": 0
    },
    {
      "name": "fs_bind_move14.sh",
      "pass": 0,
      "all": 0,
      "score": 0
    },
    {
      "name": "fs_bind_move15.sh",
      "pass": 0,
      "all": 0,
      "score": 0
    },
    {
      "name": "fs_bind_move16.sh",
      "pass": 0,
      "all": 0,
      "score": 0
    },
    {
      "name": "fs_bind_move17.sh",
      "pass": 0,
      "all": 0,
      "score": 0
    },
    {
      "name": "fs_bind_move18.sh",
      "pass": 0,
      "all": 0,
      "score": 0
    },
    {
      "name": "fs_bind_move19.sh",
      "pass": 0,
      "all": 0,
      "score": 0
    },
    {
      "name": "fs_bind_move20.sh",
      "pass": 0,
      "all": 0,
      "score": 0
    },
    {
      "name": "fs_bind_move21.sh",
      "pass": 0,
      "all": 0,
      "score": 0
    },
    {
      "name": "fs_bind_move22.sh",
      "pass": 0,
      "all": 0,
      "score": 0
    },
    {
      "name": "fs_bind_rbind01.sh",
      "pass": 0,
      "all": 0,
      "score": 0
    },
    {
      "name": "fs_bind_rbind02.sh",
      "pass": 0,
      "all": 0,
      "score": 0
    },
    {
      "name": "fs_bind_rbind03.sh",
      "pass": 0,
      "all": 0,
      "score": 0
    },
    {
      "name": "fs_bind_rbind04.sh",
      "pass": 0,
      "all": 0,
      "score": 0
    },
    {
      "name": "fs_bind_rbind05.sh",
      "pass": 0,
      "all": 0,
      "score": 0
    },
    {
      "name": "fs_bind_rbind06.sh",
      "pass": 0,
      "all": 0,
      "score": 0
    },
    {
      "name": "fs_bind_rbind07-2.sh",
      "pass": 0,
      "all": 0,
      "score": 0
    },
    {
      "name": "fs_bind_rbind07.sh",
      "pass": 0,
      "all": 0,
      "score": 0
    },
    {
      "name": "fs_bind_rbind08.sh",
      "pass": 0,
      "all": 0,
      "score": 0
    },
    {
      "name": "fs_bind_rbind09.sh",
      "pass": 0,
      "all": 0,
      "score": 0
    },
    {
      "name": "fs_bind_rbind10.sh",
      "pass": 0,
      "all": 0,
      "score": 0
    },
    {
      "name": "fs_bind_rbind11.sh",
      "pass": 0,
      "all": 0,
      "score": 0
    },
    {
      "name": "fs_bind_rbind12.sh",
      "pass": 0,
      "all": 0,
      "score": 0
    },
    {
      "name": "fs_bind_rbind13.sh",
      "pass": 0,
      "all": 0,
      "score": 0
    },
    {
      "name": "fs_bind_rbind14.sh",
      "pass": 0,
      "all": 0,
      "score": 0
    },
    {
      "name": "fs_bind_rbind15.sh",
      "pass": 0,
      "all": 0,
      "score": 0
    },
    {
      "name": "fs_bind_rbind16.sh",
      "pass": 0,
      "all": 0,
      "score": 0
    },
    {
      "name": "fs_bind_rbind17.sh",
      "pass": 0,
      "all": 0,
      "score": 0
    },
    {
      "name": "fs_bind_rbind18.sh",
      "pass": 0,
      "all": 0,
      "score": 0
    },
    {
      "name": "fs_bind_rbind19.sh",
      "pass": 0,
      "all": 0,
      "score": 0
    },
    {
      "name": "fs_bind_rbind20.sh",
      "pass": 0,
      "all": 0,
      "score": 0
    },
    {
      "name": "fs_bind_rbind21.sh",
      "pass": 0,
      "all": 0,
      "score": 0
    },
    {
      "name": "fs_bind_rbind22.sh",
      "pass": 0,
      "all": 0,
      "score": 0
    },
    {
      "name": "fs_bind_rbind23.sh",
      "pass": 0,
      "all": 0,
      "score": 0
    },
    {
      "name": "fs_bind_rbind24.sh",
      "pass": 0,
      "all": 0,
      "score": 0
    },
    {
      "name": "fs_bind_rbind25.sh",
      "pass": 0,
      "all": 0,
      "score": 0
    },
    {
      "name": "fs_bind_rbind26.sh",
      "pass": 0,
      "all": 0,
      "score": 0
    },
    {
      "name": "fs_bind_rbind27.sh",
      "pass": 0,
      "all": 0,
      "score": 0
    },
    {
      "name": "fs_bind_rbind28.sh",
      "pass": 0,
      "all": 0,
      "score": 0
    },
    {
      "name": "fs_bind_rbind29.sh",
      "pass": 0,
      "all": 0,
      "score": 0
    },
    {
      "name": "fs_bind_rbind30.sh",
      "pass": 0,
      "all": 0,
      "score": 0
    },
    {
      "name": "fs_bind_rbind31.sh",
      "pass": 0,
      "all": 0,
      "score": 0
    },
    {
      "name": "fs_bind_rbind32.sh",
      "pass": 0,
      "all": 0,
      "score": 0
    },
    {
      "name": "fs_bind_rbind33.sh",
      "pass": 0,
      "all": 0,
      "score": 0
    },
    {
      "name": "fs_bind_rbind34.sh",
      "pass": 0,
      "all": 0,
      "score": 0
    },
    {
      "name": "fs_bind_rbind35.sh",
      "pass": 0,
      "all": 0,
      "score": 0
    },
    {
      "name": "fs_bind_rbind36.sh",
      "pass": 0,
      "all": 0,
      "score": 0
    },
    {
      "name": "fs_bind_rbind37.sh",
      "pass": 0,
      "all": 0,
      "score": 0
    },
    {
      "name": "fs_bind_rbind38.sh",
      "pass": 0,
      "all": 0,
      "score": 0
    },
    {
      "name": "fs_bind_rbind39.sh",
      "pass": 0,
      "all": 0,
      "score": 0
    },
    {
      "name": "fs_bind_regression.sh",
      "pass": 0,
      "all": 0,
      "score": 0
    },
    {
      "name": "fs_di",
      "pass": 0,
      "all": 0,
      "score": 0
    },
    {
      "name": "fs_fill",
      "pass": 0,
      "all": 0,
      "score": 0
    },
    {
      "name": "fs_inod",
      "pass": 0,
      "all": 0,
      "score": 0
    },
    {
      "name": "fs_perms",
      "pass": 0,
      "all": 0,
      "score": 0
    },
    {
      "name": "fs_racer.sh",
      "pass": 0,
      "all": 0,
      "score": 0
    },
    {
      "name": "fs_racer_dir_create.sh",
      "pass": 0,
      "all": 0,
      "score": 0
    },
    {
      "name": "fs_racer_dir_test.sh",
      "pass": 0,
      "all": 0,
      "score": 0
    },
    {
      "name": "fs_racer_file_concat.sh",
      "pass": 0,
      "all": 0,
      "score": 0
    },
    {
      "name": "fs_racer_file_create.sh",
      "pass": 0,
      "all": 0,
      "score": 0
    },
    {
      "name": "fs_racer_file_link.sh",
      "pass": 0,
      "all": 0,
      "score": 0
    },
    {
      "name": "fs_racer_file_list.sh",
      "pass": 0,
      "all": 0,
      "score": 0
    },
    {
      "name": "fs_racer_file_rename.sh",
      "pass": 0,
      "all": 0,
      "score": 0
    },
    {
      "name": "fs_racer_file_rm.sh",
      "pass": 0,
      "all": 0,
      "score": 0
    },
    {
      "name": "fs_racer_file_symlink.sh",
      "pass": 0,
      "all": 0,
      "score": 0
    },
    {
      "name": "fsconfig01",
      "pass": 0,
      "all": 0,
      "score": 0
    },
    {
      "name": "fsconfig02",
      "pass": 0,
      "all": 0,
      "score": 0
    },
    {
      "name": "fsconfig03",
      "pass": 0,
      "all": 0,
      "score": 0
    },
    {
      "name": "fsetxattr01",
      "pass": 0,
      "all": 0,
      "score": 0
    },
    {
      "name": "fsetxattr02",
      "pass": 0,
      "all": 0,
      "score": 0
    },
    {
      "name": "fsmount01",
      "pass": 0,
      "all": 0,
      "score": 0
    },
    {
      "name": "fsmount02",
      "pass": 0,
      "all": 0,
      "score": 0
    },
    {
      "name": "fsopen01",
      "pass": 0,
      "all": 0,
      "score": 0
    },
    {
      "name": "fsopen02",
      "pass": 0,
      "all": 0,
      "score": 0
    },
    {
      "name": "fspick01",
      "pass": 0,
      "all": 0,
      "score": 0
    },
    {
      "name": "fspick02",
      "pass": 0,
      "all": 0,
      "score": 0
    },
    {
      "name": "fsstress",
      "pass": 0,
      "all": 0,
      "score": 0
    },
    {
      "name": "fstat02",
      "pass": 0,
      "all": 0,
      "score": 0
    },
    {
      "name": "fstat02_64",
      "pass": 0,
      "all": 0,
      "score": 0
    },
    {
      "name": "fstat03",
      "pass": 0,
      "all": 0,
      "score": 0
    },
    {
      "name": "fstat03_64",
      "pass": 0,
      "all": 0,
      "score": 0
    },
    {
      "name": "fstatat01",
      "pass": 0,
      "all": 0,
      "score": 0
    },
    {
      "name": "fstatfs01",
      "pass": 0,
      "all": 0,
      "score": 0
    },
    {
      "name": "fstatfs01_64",
      "pass": 0,
      "all": 0,
      "score": 0
    },
    {
      "name": "fstatfs02",
      "pass": 0,
      "all": 0,
      "score": 0
    },
    {
      "name": "fstatfs02_64",
      "pass": 0,
      "all": 0,
      "score": 0
    },
    {
      "name": "fsx-linux",
      "pass": 0,
      "all": 0,
      "score": 0
    },
    {
      "name": "fsx.sh",
      "pass": 0,
      "all": 0,
      "score": 0
    },
    {
      "name": "fsync01",
      "pass": 0,
      "all": 0,
      "score": 0
    },
    {
      "name": "fsync02",
      "pass": 0,
      "all": 0,
      "score": 0
    },
    {
      "name": "fsync03",
      "pass": 0,
      "all": 0,
      "score": 0
    },
    {
      "name": "fsync04",
      "pass": 0,
      "all": 0,
      "score": 0
    },
    {
      "name": "ftest01",
      "pass": 0,
      "all": 0,
      "score": 0
    },
    {
      "name": "ftest02",
      "pass": 0,
      "all": 0,
      "score": 0
    },
    {
      "name": "ftest03",
      "pass": 0,
      "all": 0,
      "score": 0
    },
    {
      "name": "ftest04",
      "pass": 0,
      "all": 0,
      "score": 0
    },
    {
      "name": "ftest05",
      "pass": 0,
      "all": 0,
      "score": 0
    },
    {
      "name": "ftest06",
      "pass": 0,
      "all": 0,
      "score": 0
    },
    {
      "name": "ftest07",
      "pass": 0,
      "all": 0,
      "score": 0
    },
    {
      "name": "ftest08",
      "pass": 0,
      "all": 0,
      "score": 0
    },
    {
      "name": "ftp-download-stress.sh",
      "pass": 0,
      "all": 0,
      "score": 0
    },
    {
      "name": "ftp-download-stress01-rmt.sh",
      "pass": 0,
      "all": 0,
      "score": 0
    },
    {
      "name": "ftp-download-stress02-rmt.sh",
      "pass": 0,
      "all": 0,
      "score": 0
    },
    {
      "name": "ftp-upload-stress.sh",
      "pass": 0,
      "all": 0,
      "score": 0
    },
    {
      "name": "ftp-upload-stress01-rmt.sh",
      "pass": 0,
      "all": 0,
      "score": 0
    },
    {
      "name": "ftp-upload-stress02-rmt.sh",
      "pass": 0,
      "all": 0,
      "score": 0
    },
    {
      "name": "ftp01.sh",
      "pass": 0,
      "all": 0,
      "score": 0
    },
    {
      "name": "ftrace_lib.sh",
      "pass": 0,
      "all": 0,
      "score": 0
    },
    {
      "name": "ftrace_regression01.sh",
      "pass": 0,
      "all": 0,
      "score": 0
    },
    {
      "name": "ftrace_regression02.sh",
      "pass": 0,
      "all": 0,
      "score": 0
    },
    {
      "name": "ftrace_stress",
      "pass": 0,
      "all": 0,
      "score": 0
    },
    {
      "name": "ftrace_stress_test.sh",
      "pass": 0,
      "all": 0,
      "score": 0
    },
    {
      "name": "ftruncate01",
      "pass": 0,
      "all": 0,
      "score": 0
    },
    {
      "name": "ftruncate01_64",
      "pass": 0,
      "all": 0,
      "score": 0
    },
    {
      "name": "ftruncate03",
      "pass": 0,
      "all": 0,
      "score": 0
    },
    {
      "name": "ftruncate03_64",
      "pass": 0,
      "all": 0,
      "score": 0
    },
    {
      "name": "ftruncate04",
      "pass": 0,
      "all": 0,
      "score": 0
    },
    {
      "name": "ftruncate04_64",
      "pass": 0,
      "all": 0,
      "score": 0
    },
    {
      "name": "futex_cmp_requeue01",
      "pass": 0,
      "all": 0,
      "score": 0
    },
    {
      "name": "futex_cmp_requeue02",
      "pass": 0,
      "all": 0,
      "score": 0
    },
    {
      "name": "futex_wait01",
      "pass": 0,
      "all": 0,
      "score": 0
    },
    {
      "name": "futex_wait02",
      "pass": 0,
      "all": 0,
      "score": 0
    },
    {
      "name": "futex_wait03",
      "pass": 0,
      "all": 0,
      "score": 0
    },
    {
      "name": "futex_wait04",
      "pass": 0,
      "all": 0,
      "score": 0
    },
    {
      "name": "futex_wait05",
      "pass": 0,
      "all": 0,
      "score": 0
    },
    {
      "name": "futex_wait_bitset01",
      "pass": 0,
      "all": 0,
      "score": 0
    },
    {
      "name": "futex_waitv01",
      "pass": 0,
      "all": 0,
      "score": 0
    },
    {
      "name": "futex_waitv02",
      "pass": 0,
      "all": 0,
      "score": 0
    },
    {
      "name": "futex_waitv03",
      "pass": 0,
      "all": 0,
      "score": 0
    },
    {
      "name": "futex_wake01",
      "pass": 0,
      "all": 0,
      "score": 0
    },
    {
      "name": "futex_wake02",
      "pass": 0,
      "all": 0,
      "score": 0
    },
    {
      "name": "futex_wake03",
      "pass": 0,
      "all": 0,
      "score": 0
    },
    {
      "name": "futex_wake04",
      "pass": 0,
      "all": 0,
      "score": 0
    },
    {
      "name": "futimesat01",
      "pass": 0,
      "all": 0,
      "score": 0
    },
    {
      "name": "fw_load",
      "pass": 0,
      "all": 0,
      "score": 0
    },
    {
      "name": "gdb01.sh",
      "pass": 0,
      "all": 0,
      "score": 0
    },
    {
      "name": "genacos",
      "pass": 0,
      "all": 0,
      "score": 0
    },
    {
      "name": "genasin",
      "pass": 0,
      "all": 0,
      "score": 0
    },
    {
      "name": "genatan",
      "pass": 0,
      "all": 0,
      "score": 0
    },
    {
      "name": "genatan2",
      "pass": 0,
      "all": 0,
      "score": 0
    },
    {
      "name": "genbessel",
      "pass": 0,
      "all": 0,
      "score": 0
    },
    {
      "name": "genceil",
      "pass": 0,
      "all": 0,
      "score": 0
    },
    {
      "name": "gencos",
      "pass": 0,
      "all": 0,
      "score": 0
    },
    {
      "name": "gencosh",
      "pass": 0,
      "all": 0,
      "score": 0
    },
    {
      "name": "generate_lvm_runfile.sh",
      "pass": 0,
      "all": 0,
      "score": 0
    },
    {
      "name": "geneve01.sh",
      "pass": 0,
      "all": 0,
      "score": 0
    },
    {
      "name": "geneve02.sh",
      "pass": 0,
      "all": 0,
      "score": 0
    },
    {
      "name": "genexp",
      "pass": 0,
      "all": 0,
      "score": 0
    },
    {
      "name": "genexp_log",
      "pass": 0,
      "all": 0,
      "score": 0
    },
    {
      "name": "genfabs",
      "pass": 0,
      "all": 0,
      "score": 0
    },
    {
      "name": "genfloor",
      "pass": 0,
      "all": 0,
      "score": 0
    },
    {
      "name": "genfmod",
      "pass": 0,
      "all": 0,
      "score": 0
    },
    {
      "name": "genfrexp",
      "pass": 0,
      "all": 0,
      "score": 0
    },
    {
      "name": "genhypot",
      "pass": 0,
      "all": 0,
      "score": 0
    },
    {
      "name": "geniperb",
      "pass": 0,
      "all": 0,
      "score": 0
    },
    {
      "name": "genj0",
      "pass": 0,
      "all": 0,
      "score": 0
    },
    {
      "name": "genj1",
      "pass": 0,
      "all": 0,
      "score": 0
    },
    {
      "name": "genldexp",
      "pass": 0,
      "all": 0,
      "score": 0
    },
    {
      "name": "genlgamma",
      "pass": 0,
      "all": 0,
      "score": 0
    },
    {
      "name": "genload",
      "pass": 0,
      "all": 0,
      "score": 0
    },
    {
      "name": "genlog",
      "pass": 0,
      "all": 0,
      "score": 0
    },
    {
      "name": "genlog10",
      "pass": 0,
      "all": 0,
      "score": 0
    },
    {
      "name": "genmodf",
      "pass": 0,
      "all": 0,
      "score": 0
    },
    {
      "name": "genpow",
      "pass": 0,
      "all": 0,
      "score": 0
    },
    {
      "name": "genpower",
      "pass": 0,
      "all": 0,
      "score": 0
    },
    {
      "name": "gensin",
      "pass": 0,
      "all": 0,
      "score": 0
    },
    {
      "name": "gensinh",
      "pass": 0,
      "all": 0,
      "score": 0
    },
    {
      "name": "gensqrt",
      "pass": 0,
      "all": 0,
      "score": 0
    },
    {
      "name": "gentan",
      "pass": 0,
      "all": 0,
      "score": 0
    },
    {
      "name": "gentanh",
      "pass": 0,
      "all": 0,
      "score": 0
    },
    {
      "name": "gentrigo",
      "pass": 0,
      "all": 0,
      "score": 0
    },
    {
      "name": "geny0",
      "pass": 0,
      "all": 0,
      "score": 0
    },
    {
      "name": "geny1",
      "pass": 0,
      "all": 0,
      "score": 0
    },
    {
      "name": "get_ifname",
      "pass": 0,
      "all": 0,
      "score": 0
    },
    {
      "name": "get_mempolicy01",
      "pass": 0,
      "all": 0,
      "score": 0
    },
    {
      "name": "get_mempolicy02",
      "pass": 0,
      "all": 0,
      "score": 0
    },
    {
      "name": "get_robust_list01",
      "pass": 0,
      "all": 0,
      "score": 0
    },
    {
      "name": "getaddrinfo_01",
      "pass": 0,
      "all": 0,
      "score": 0
    },
    {
      "name": "getcontext01",
      "pass": 0,
      "all": 0,
      "score": 0
    },
    {
      "name": "getcpu01",
      "pass": 0,
      "all": 0,
      "score": 0
    },
    {
      "name": "getcwd01",
      "pass": 0,
      "all": 0,
      "score": 0
    },
    {
      "name": "getcwd02",
      "pass": 0,
      "all": 0,
      "score": 0
    },
    {
      "name": "getcwd03",
      "pass": 0,
      "all": 0,
      "score": 0
    },
    {
      "name": "getcwd04",
      "pass": 0,
      "all": 0,
      "score": 0
    },
    {
      "name": "getdents01",
      "pass": 0,
      "all": 0,
      "score": 0
    },
    {
      "name": "getdents02",
      "pass": 0,
      "all": 0,
      "score": 0
    },
    {
      "name": "getdomainname01",
      "pass": 0,
      "all": 0,
      "score": 0
    },
    {
      "name": "getegid01",
      "pass": 0,
      "all": 0,
      "score": 0
    },
    {
      "name": "getegid01_16",
      "pass": 0,
      "all": 0,
      "score": 0
    },
    {
      "name": "getegid02",
      "pass": 0,
      "all": 0,
      "score": 0
    },
    {
      "name": "getegid02_16",
      "pass": 0,
      "all": 0,
      "score": 0
    },
    {
      "name": "geteuid01",
      "pass": 0,
      "all": 0,
      "score": 0
    },
    {
      "name": "geteuid01_16",
      "pass": 0,
      "all": 0,
      "score": 0
    },
    {
      "name": "geteuid02",
      "pass": 0,
      "all": 0,
      "score": 0
    },
    {
      "name": "geteuid02_16",
      "pass": 0,
      "all": 0,
      "score": 0
    },
    {
      "name": "getgid01",
      "pass": 0,
      "all": 0,
      "score": 0
    },
    {
      "name": "getgid01_16",
      "pass": 0,
      "all": 0,
      "score": 0
    },
    {
      "name": "getgid03",
      "pass": 0,
      "all": 0,
      "score": 0
    },
    {
      "name": "getgid03_16",
      "pass": 0,
      "all": 0,
      "score": 0
    },
    {
      "name": "getgroups01",
      "pass": 0,
      "all": 0,
      "score": 0
    },
    {
      "name": "getgroups01_16",
      "pass": 0,
      "all": 0,
      "score": 0
    },
    {
      "name": "getgroups03",
      "pass": 0,
      "all": 0,
      "score": 0
    },
    {
      "name": "getgroups03_16",
      "pass": 0,
      "all": 0,
      "score": 0
    },
    {
      "name": "gethostbyname_r01",
      "pass": 0,
      "all": 0,
      "score": 0
    },
    {
      "name": "gethostid01",
      "pass": 0,
      "all": 0,
      "score": 0
    },
    {
      "name": "gethostname01",
      "pass": 0,
      "all": 0,
      "score": 0
    },
    {
      "name": "gethostname02",
      "pass": 0,
      "all": 0,
      "score": 0
    },
    {
      "name": "getitimer01",
      "pass": 0,
      "all": 0,
      "score": 0
    },
    {
      "name": "getitimer02",
      "pass": 0,
      "all": 0,
      "score": 0
    },
    {
      "name": "getpagesize01",
      "pass": 0,
      "all": 0,
      "score": 0
    },
    {
      "name": "getpeername01",
      "pass": 0,
      "all": 0,
      "score": 0
    },
    {
      "name": "getpgid01",
      "pass": 0,
      "all": 0,
      "score": 0
    },
    {
      "name": "getpgid02",
      "pass": 0,
      "all": 0,
      "score": 0
    },
    {
      "name": "getpgrp01",
      "pass": 0,
      "all": 0,
      "score": 0
    },
    {
      "name": "getpid01",
      "pass": 0,
      "all": 0,
      "score": 0
    },
    {
      "name": "getpid02",
      "pass": 0,
      "all": 0,
      "score": 0
    },
    {
      "name": "getppid01",
      "pass": 0,
      "all": 0,
      "score": 0
    },
    {
      "name": "getppid02",
      "pass": 0,
      "all": 0,
      "score": 0
    },
    {
      "name": "getpriority01",
      "pass": 0,
      "all": 0,
      "score": 0
    },
    {
      "name": "getpriority02",
      "pass": 0,
      "all": 0,
      "score": 0
    },
    {
      "name": "getrandom01",
      "pass": 0,
      "all": 0,
      "score": 0
    },
    {
      "name": "getrandom02",
      "pass": 0,
      "all": 0,
      "score": 0
    },
    {
      "name": "getrandom03",
      "pass": 0,
      "all": 0,
      "score": 0
    },
    {
      "name": "getrandom04",
      "pass": 0,
      "all": 0,
      "score": 0
    },
    {
      "name": "getrandom05",
      "pass": 0,
      "all": 0,
      "score": 0
    },
    {
      "name": "getresgid01",
      "pass": 0,
      "all": 0,
      "score": 0
    },
    {
      "name": "getresgid01_16",
      "pass": 0,
      "all": 0,
      "score": 0
    },
    {
      "name": "getresgid02",
      "pass": 0,
      "all": 0,
      "score": 0
    },
    {
      "name": "getresgid02_16",
      "pass": 0,
      "all": 0,
      "score": 0
    },
    {
      "name": "getresgid03",
      "pass": 0,
      "all": 0,
      "score": 0
    },
    {
      "name": "getresgid03_16",
      "pass": 0,
      "all": 0,
      "score": 0
    },
    {
      "name": "getresuid01",
      "pass": 0,
      "all": 0,
      "score": 0
    },
    {
      "name": "getresuid01_16",
      "pass": 0,
      "all": 0,
      "score": 0
    },
    {
      "name": "getresuid02",
      "pass": 0,
      "all": 0,
      "score": 0
    },
    {
      "name": "getresuid02_16",
      "pass": 0,
      "all": 0,
      "score": 0
    },
    {
      "name": "getresuid03",
      "pass": 0,
      "all": 0,
      "score": 0
    },
    {
      "name": "getresuid03_16",
      "pass": 0,
      "all": 0,
      "score": 0
    },
    {
      "name": "getrlimit01",
      "pass": 0,
      "all": 0,
      "score": 0
    },
    {
      "name": "getrlimit02",
      "pass": 0,
      "all": 0,
      "score": 0
    },
    {
      "name": "getrlimit03",
      "pass": 0,
      "all": 0,
      "score": 0
    },
    {
      "name": "getrusage01",
      "pass": 0,
      "all": 0,
      "score": 0
    },
    {
      "name": "getrusage02",
      "pass": 0,
      "all": 0,
      "score": 0
    },
    {
      "name": "getrusage03",
      "pass": 0,
      "all": 0,
      "score": 0
    },
    {
      "name": "getrusage03_child",
      "pass": 0,
      "all": 0,
      "score": 0
    },
    {
      "name": "getrusage04",
      "pass": 0,
      "all": 0,
      "score": 0
    },
    {
      "name": "getsid01",
      "pass": 0,
      "all": 0,
      "score": 0
    },
    {
      "name": "getsid02",
      "pass": 0,
      "all": 0,
      "score": 0
    },
    {
      "name": "getsockname01",
      "pass": 0,
      "all": 0,
      "score": 0
    },
    {
      "name": "getsockopt01",
      "pass": 0,
      "all": 0,
      "score": 0
    },
    {
      "name": "getsockopt02",
      "pass": 0,
      "all": 0,
      "score": 0
    },
    {
      "name": "gettid01",
      "pass": 0,
      "all": 0,
      "score": 0
    },
    {
      "name": "gettid02",
      "pass": 0,
      "all": 0,
      "score": 0
    },
    {
      "name": "gettimeofday01",
      "pass": 0,
      "all": 0,
      "score": 0
    },
    {
      "name": "gettimeofday02",
      "pass": 0,
      "all": 0,
      "score": 0
    },
    {
      "name": "getuid01",
      "pass": 0,
      "all": 0,
      "score": 0
    },
    {
      "name": "getuid01_16",
      "pass": 0,
      "all": 0,
      "score": 0
    },
    {
      "name": "getuid03",
      "pass": 0,
      "all": 0,
      "score": 0
    },
    {
      "name": "getuid03_16",
      "pass": 0,
      "all": 0,
      "score": 0
    },
    {
      "name": "getxattr01",
      "pass": 0,
      "all": 0,
      "score": 0
    },
    {
      "name": "getxattr02",
      "pass": 0,
      "all": 0,
      "score": 0
    },
    {
      "name": "getxattr03",
      "pass": 0,
      "all": 0,
      "score": 0
    },
    {
      "name": "getxattr04",
      "pass": 0,
      "all": 0,
      "score": 0
    },
    {
      "name": "getxattr05",
      "pass": 0,
      "all": 0,
      "score": 0
    },
    {
      "name": "gre01.sh",
      "pass": 0,
      "all": 0,
      "score": 0
    },
    {
      "name": "gre02.sh",
      "pass": 0,
      "all": 0,
      "score": 0
    },
    {
      "name": "growfiles",
      "pass": 0,
      "all": 0,
      "score": 0
    },
    {
      "name": "gzip_tests.sh",
      "pass": 0,
      "all": 0,
      "score": 0
    },
    {
      "name": "hackbench",
      "pass": 0,
      "all": 0,
      "score": 0
    },
    {
      "name": "hangup01",
      "pass": 0,
      "all": 0,
      "score": 0
    },
    {
      "name": "ht_affinity",
      "pass": 0,
      "all": 0,
      "score": 0
    },
    {
      "name": "ht_enabled",
      "pass": 0,
      "all": 0,
      "score": 0
    },
    {
      "name": "http-stress.sh",
      "pass": 0,
      "all": 0,
      "score": 0
    },
    {
      "name": "http-stress01-rmt.sh",
      "pass": 0,
      "all": 0,
      "score": 0
    },
    {
      "name": "http-stress02-rmt.sh",
      "pass": 0,
      "all": 0,
      "score": 0
    },
    {
      "name": "hugefallocate01",
      "pass": 0,
      "all": 0,
      "score": 0
    },
    {
      "name": "hugefallocate02",
      "pass": 0,
      "all": 0,
      "score": 0
    },
    {
      "name": "hugefork01",
      "pass": 0,
      "all": 0,
      "score": 0
    },
    {
      "name": "hugefork02",
      "pass": 0,
      "all": 0,
      "score": 0
    },
    {
      "name": "hugemmap01",
      "pass": 0,
      "all": 0,
      "score": 0
    },
    {
      "name": "hugemmap02",
      "pass": 0,
      "all": 0,
      "score": 0
    },
    {
      "name": "hugemmap04",
      "pass": 0,
      "all": 0,
      "score": 0
    },
    {
      "name": "hugemmap05",
      "pass": 0,
      "all": 0,
      "score": 0
    },
    {
      "name": "hugemmap06",
      "pass": 0,
      "all": 0,
      "score": 0
    },
    {
      "name": "hugemmap07",
      "pass": 0,
      "all": 0,
      "score": 0
    },
    {
      "name": "hugemmap08",
      "pass": 0,
      "all": 0,
      "score": 0
    },
    {
      "name": "hugemmap09",
      "pass": 0,
      "all": 0,
      "score": 0
    },
    {
      "name": "hugemmap10",
      "pass": 0,
      "all": 0,
      "score": 0
    },
    {
      "name": "hugemmap11",
      "pass": 0,
      "all": 0,
      "score": 0
    },
    {
      "name": "hugemmap12",
      "pass": 0,
      "all": 0,
      "score": 0
    },
    {
      "name": "hugemmap13",
      "pass": 0,
      "all": 0,
      "score": 0
    },
    {
      "name": "hugemmap14",
      "pass": 0,
      "all": 0,
      "score": 0
    },
    {
      "name": "hugemmap15",
      "pass": 0,
      "all": 0,
      "score": 0
    },
    {
      "name": "hugemmap16",
      "pass": 0,
      "all": 0,
      "score": 0
    },
    {
      "name": "hugemmap17",
      "pass": 0,
      "all": 0,
      "score": 0
    },
    {
      "name": "hugemmap18",
      "pass": 0,
      "all": 0,
      "score": 0
    },
    {
      "name": "hugemmap19",
      "pass": 0,
      "all": 0,
      "score": 0
    },
    {
      "name": "hugemmap20",
      "pass": 0,
      "all": 0,
      "score": 0
    },
    {
      "name": "hugemmap21",
      "pass": 0,
      "all": 0,
      "score": 0
    },
    {
      "name": "hugemmap22",
      "pass": 0,
      "all": 0,
      "score": 0
    },
    {
      "name": "hugemmap23",
      "pass": 0,
      "all": 0,
      "score": 0
    },
    {
      "name": "hugemmap24",
      "pass": 0,
      "all": 0,
      "score": 0
    },
    {
      "name": "hugemmap25",
      "pass": 0,
      "all": 0,
      "score": 0
    },
    {
      "name": "hugemmap26",
      "pass": 0,
      "all": 0,
      "score": 0
    },
    {
      "name": "hugemmap27",
      "pass": 0,
      "all": 0,
      "score": 0
    },
    {
      "name": "hugemmap28",
      "pass": 0,
      "all": 0,
      "score": 0
    },
    {
      "name": "hugemmap29",
      "pass": 0,
      "all": 0,
      "score": 0
    },
    {
      "name": "hugemmap30",
      "pass": 0,
      "all": 0,
      "score": 0
    },
    {
      "name": "hugemmap31",
      "pass": 0,
      "all": 0,
      "score": 0
    },
    {
      "name": "hugemmap32",
      "pass": 0,
      "all": 0,
      "score": 0
    },
    {
      "name": "hugeshmat01",
      "pass": 0,
      "all": 0,
      "score": 0
    },
    {
      "name": "hugeshmat02",
      "pass": 0,
      "all": 0,
      "score": 0
    },
    {
      "name": "hugeshmat03",
      "pass": 0,
      "all": 0,
      "score": 0
    },
    {
      "name": "hugeshmat04",
      "pass": 0,
      "all": 0,
      "score": 0
    },
    {
      "name": "hugeshmat05",
      "pass": 0,
      "all": 0,
      "score": 0
    },
    {
      "name": "hugeshmctl01",
      "pass": 0,
      "all": 0,
      "score": 0
    },
    {
      "name": "hugeshmctl02",
      "pass": 0,
      "all": 0,
      "score": 0
    },
    {
      "name": "hugeshmctl03",
      "pass": 0,
      "all": 0,
      "score": 0
    },
    {
      "name": "hugeshmdt01",
      "pass": 0,
      "all": 0,
      "score": 0
    },
    {
      "name": "hugeshmget01",
      "pass": 0,
      "all": 0,
      "score": 0
    },
    {
      "name": "hugeshmget02",
      "pass": 0,
      "all": 0,
      "score": 0
    },
    {
      "name": "hugeshmget03",
      "pass": 0,
      "all": 0,
      "score": 0
    },
    {
      "name": "hugeshmget05",
      "pass": 0,
      "all": 0,
      "score": 0
    },
    {
      "name": "icmp-uni-basic.sh",
      "pass": 0,
      "all": 0,
      "score": 0
    },
    {
      "name": "icmp-uni-vti.sh",
      "pass": 0,
      "all": 0,
      "score": 0
    },
    {
      "name": "icmp4-multi-diffip01",
      "pass": 0,
      "all": 0,
      "score": 0
    },
    {
      "name": "icmp4-multi-diffip02",
      "pass": 0,
      "all": 0,
      "score": 0
    },
    {
      "name": "icmp4-multi-diffip03",
      "pass": 0,
      "all": 0,
      "score": 0
    },
    {
      "name": "icmp4-multi-diffip04",
      "pass": 0,
      "all": 0,
      "score": 0
    },
    {
      "name": "icmp4-multi-diffip05",
      "pass": 0,
      "all": 0,
      "score": 0
    },
    {
      "name": "icmp4-multi-diffip06",
      "pass": 0,
      "all": 0,
      "score": 0
    },
    {
      "name": "icmp4-multi-diffip07",
      "pass": 0,
      "all": 0,
      "score": 0
    },
    {
      "name": "icmp4-multi-diffnic01",
      "pass": 0,
      "all": 0,
      "score": 0
    },
    {
      "name": "icmp4-multi-diffnic02",
      "pass": 0,
      "all": 0,
      "score": 0
    },
    {
      "name": "icmp4-multi-diffnic03",
      "pass": 0,
      "all": 0,
      "score": 0
    },
    {
      "name": "icmp4-multi-diffnic04",
      "pass": 0,
      "all": 0,
      "score": 0
    },
    {
      "name": "icmp4-multi-diffnic05",
      "pass": 0,
      "all": 0,
      "score": 0
    },
    {
      "name": "icmp4-multi-diffnic06",
      "pass": 0,
      "all": 0,
      "score": 0
    },
    {
      "name": "icmp4-multi-diffnic07",
      "pass": 0,
      "all": 0,
      "score": 0
    },
    {
      "name": "icmp6-multi-diffip01",
      "pass": 0,
      "all": 0,
      "score": 0
    },
    {
      "name": "icmp6-multi-diffip02",
      "pass": 0,
      "all": 0,
      "score": 0
    },
    {
      "name": "icmp6-multi-diffip03",
      "pass": 0,
      "all": 0,
      "score": 0
    },
    {
      "name": "icmp6-multi-diffip04",
      "pass": 0,
      "all": 0,
      "score": 0
    },
    {
      "name": "icmp6-multi-diffip05",
      "pass": 0,
      "all": 0,
      "score": 0
    },
    {
      "name": "icmp6-multi-diffip06",
      "pass": 0,
      "all": 0,
      "score": 0
    },
    {
      "name": "icmp6-multi-diffip07",
      "pass": 0,
      "all": 0,
      "score": 0
    },
    {
      "name": "icmp6-multi-diffnic01",
      "pass": 0,
      "all": 0,
      "score": 0
    },
    {
      "name": "icmp6-multi-diffnic02",
      "pass": 0,
      "all": 0,
      "score": 0
    },
    {
      "name": "icmp6-multi-diffnic03",
      "pass": 0,
      "all": 0,
      "score": 0
    },
    {
      "name": "icmp6-multi-diffnic04",
      "pass": 0,
      "all": 0,
      "score": 0
    },
    {
      "name": "icmp6-multi-diffnic05",
      "pass": 0,
      "all": 0,
      "score": 0
    },
    {
      "name": "icmp6-multi-diffnic06",
      "pass": 0,
      "all": 0,
      "score": 0
    },
    {
      "name": "icmp6-multi-diffnic07",
      "pass": 0,
      "all": 0,
      "score": 0
    },
    {
      "name": "icmp_rate_limit01",
      "pass": 0,
      "all": 0,
      "score": 0
    },
    {
      "name": "if-addr-adddel.sh",
      "pass": 0,
      "all": 0,
      "score": 0
    },
    {
      "name": "if-addr-addlarge.sh",
      "pass": 0,
      "all": 0,
      "score": 0
    },
    {
      "name": "if-lib.sh",
      "pass": 0,
      "all": 0,
      "score": 0
    },
    {
      "name": "if-route-adddel.sh",
      "pass": 0,
      "all": 0,
      "score": 0
    },
    {
      "name": "if-route-addlarge.sh",
      "pass": 0,
      "all": 0,
      "score": 0
    },
    {
      "name": "if-updown.sh",
      "pass": 0,
      "all": 0,
      "score": 0
    },
    {
      "name": "if4-addr-change.sh",
      "pass": 0,
      "all": 0,
      "score": 0
    },
    {
      "name": "ima_boot_aggregate",
      "pass": 0,
      "all": 0,
      "score": 0
    },
    {
      "name": "ima_conditionals.sh",
      "pass": 0,
      "all": 0,
      "score": 0
    },
    {
      "name": "ima_kexec.sh",
      "pass": 0,
      "all": 0,
      "score": 0
    },
    {
      "name": "ima_keys.sh",
      "pass": 0,
      "all": 0,
      "score": 0
    },
    {
      "name": "ima_measurements.sh",
      "pass": 0,
      "all": 0,
      "score": 0
    },
    {
      "name": "ima_mmap",
      "pass": 0,
      "all": 0,
      "score": 0
    },
    {
      "name": "ima_policy.sh",
      "pass": 0,
      "all": 0,
      "score": 0
    },
    {
      "name": "ima_selinux.sh",
      "pass": 0,
      "all": 0,
      "score": 0
    },
    {
      "name": "ima_setup.sh",
      "pass": 0,
      "all": 0,
      "score": 0
    },
    {
      "name": "ima_tpm.sh",
      "pass": 0,
      "all": 0,
      "score": 0
    },
    {
      "name": "ima_violations.sh",
      "pass": 0,
      "all": 0,
      "score": 0
    },
    {
      "name": "in6_01",
      "pass": 0,
      "all": 0,
      "score": 0
    },
    {
      "name": "in6_02",
      "pass": 0,
      "all": 0,
      "score": 0
    },
    {
      "name": "inh_capped",
      "pass": 0,
      "all": 0,
      "score": 0
    },
    {
      "name": "init_module01",
      "pass": 0,
      "all": 0,
      "score": 0
    },
    {
      "name": "init_module02",
      "pass": 0,
      "all": 0,
      "score": 0
    },
    {
      "name": "initialize_if",
      "pass": 0,
      "all": 0,
      "score": 0
    },
    {
      "name": "inode01",
      "pass": 0,
      "all": 0,
      "score": 0
    },
    {
      "name": "inode02",
      "pass": 0,
      "all": 0,
      "score": 0
    },
    {
      "name": "inotify01",
      "pass": 0,
      "all": 0,
      "score": 0
    },
    {
      "name": "inotify02",
      "pass": 0,
      "all": 0,
      "score": 0
    },
    {
      "name": "inotify03",
      "pass": 0,
      "all": 0,
      "score": 0
    },
    {
      "name": "inotify04",
      "pass": 0,
      "all": 0,
      "score": 0
    },
    {
      "name": "inotify05",
      "pass": 0,
      "all": 0,
      "score": 0
    },
    {
      "name": "inotify06",
      "pass": 0,
      "all": 0,
      "score": 0
    },
    {
      "name": "inotify07",
      "pass": 0,
      "all": 0,
      "score": 0
    },
    {
      "name": "inotify08",
      "pass": 0,
      "all": 0,
      "score": 0
    },
    {
      "name": "inotify09",
      "pass": 0,
      "all": 0,
      "score": 0
    },
    {
      "name": "inotify10",
      "pass": 0,
      "all": 0,
      "score": 0
    },
    {
      "name": "inotify11",
      "pass": 0,
      "all": 0,
      "score": 0
    },
    {
      "name": "inotify12",
      "pass": 0,
      "all": 0,
      "score": 0
    },
    {
      "name": "inotify_init1_01",
      "pass": 0,
      "all": 0,
      "score": 0
    },
    {
      "name": "inotify_init1_02",
      "pass": 0,
      "all": 0,
      "score": 0
    },
    {
      "name": "input01",
      "pass": 0,
      "all": 0,
      "score": 0
    },
    {
      "name": "input02",
      "pass": 0,
      "all": 0,
      "score": 0
    },
    {
      "name": "input03",
      "pass": 0,
      "all": 0,
      "score": 0
    },
    {
      "name": "input04",
      "pass": 0,
      "all": 0,
      "score": 0
    },
    {
      "name": "input05",
      "pass": 0,
      "all": 0,
      "score": 0
    },
    {
      "name": "input06",
      "pass": 0,
      "all": 0,
      "score": 0
    },
    {
      "name": "insmod01.sh",
      "pass": 0,
      "all": 0,
      "score": 0
    },
    {
      "name": "io_cancel01",
      "pass": 0,
      "all": 0,
      "score": 0
    },
    {
      "name": "io_cancel02",
      "pass": 0,
      "all": 0,
      "score": 0
    },
    {
      "name": "io_control01",
      "pass": 0,
      "all": 0,
      "score": 0
    },
    {
      "name": "io_destroy01",
      "pass": 0,
      "all": 0,
      "score": 0
    },
    {
      "name": "io_destroy02",
      "pass": 0,
      "all": 0,
      "score": 0
    },
    {
      "name": "io_getevents01",
      "pass": 0,
      "all": 0,
      "score": 0
    },
    {
      "name": "io_getevents02",
      "pass": 0,
      "all": 0,
      "score": 0
    },
    {
      "name": "io_pgetevents01",
      "pass": 0,
      "all": 0,
      "score": 0
    },
    {
      "name": "io_pgetevents02",
      "pass": 0,
      "all": 0,
      "score": 0
    },
    {
      "name": "io_setup01",
      "pass": 0,
      "all": 0,
      "score": 0
    },
    {
      "name": "io_setup02",
      "pass": 0,
      "all": 0,
      "score": 0
    },
    {
      "name": "io_submit01",
      "pass": 0,
      "all": 0,
      "score": 0
    },
    {
      "name": "io_submit02",
      "pass": 0,
      "all": 0,
      "score": 0
    },
    {
      "name": "io_submit03",
      "pass": 0,
      "all": 0,
      "score": 0
    },
    {
      "name": "io_uring01",
      "pass": 0,
      "all": 0,
      "score": 0
    },
    {
      "name": "io_uring02",
      "pass": 0,
      "all": 0,
      "score": 0
    },
    {
      "name": "ioctl01",
      "pass": 0,
      "all": 0,
      "score": 0
    },
    {
      "name": "ioctl02",
      "pass": 0,
      "all": 0,
      "score": 0
    },
    {
      "name": "ioctl03",
      "pass": 0,
      "all": 0,
      "score": 0
    },
    {
      "name": "ioctl04",
      "pass": 0,
      "all": 0,
      "score": 0
    },
    {
      "name": "ioctl05",
      "pass": 0,
      "all": 0,
      "score": 0
    },
    {
      "name": "ioctl06",
      "pass": 0,
      "all": 0,
      "score": 0
    },
    {
      "name": "ioctl07",
      "pass": 0,
      "all": 0,
      "score": 0
    },
    {
      "name": "ioctl08",
      "pass": 0,
      "all": 0,
      "score": 0
    },
    {
      "name": "ioctl09",
      "pass": 0,
      "all": 0,
      "score": 0
    },
    {
      "name": "ioctl_loop01",
      "pass": 0,
      "all": 0,
      "score": 0
    },
    {
      "name": "ioctl_loop02",
      "pass": 0,
      "all": 0,
      "score": 0
    },
    {
      "name": "ioctl_loop03",
      "pass": 0,
      "all": 0,
      "score": 0
    },
    {
      "name": "ioctl_loop04",
      "pass": 0,
      "all": 0,
      "score": 0
    },
    {
      "name": "ioctl_loop05",
      "pass": 0,
      "all": 0,
      "score": 0
    },
    {
      "name": "ioctl_loop06",
      "pass": 0,
      "all": 0,
      "score": 0
    },
    {
      "name": "ioctl_loop07",
      "pass": 0,
      "all": 0,
      "score": 0
    },
    {
      "name": "ioctl_ns01",
      "pass": 0,
      "all": 0,
      "score": 0
    },
    {
      "name": "ioctl_ns02",
      "pass": 0,
      "all": 0,
      "score": 0
    },
    {
      "name": "ioctl_ns03",
      "pass": 0,
      "all": 0,
      "score": 0
    },
    {
      "name": "ioctl_ns04",
      "pass": 0,
      "all": 0,
      "score": 0
    },
    {
      "name": "ioctl_ns05",
      "pass": 0,
      "all": 0,
      "score": 0
    },
    {
      "name": "ioctl_ns06",
      "pass": 0,
      "all": 0,
      "score": 0
    },
    {
      "name": "ioctl_ns07",
      "pass": 0,
      "all": 0,
      "score": 0
    },
    {
      "name": "ioctl_sg01",
      "pass": 0,
      "all": 0,
      "score": 0
    },
    {
      "name": "iogen",
      "pass": 0,
      "all": 0,
      "score": 0
    },
    {
      "name": "ioperm01",
      "pass": 0,
      "all": 0,
      "score": 0
    },
    {
      "name": "ioperm02",
      "pass": 0,
      "all": 0,
      "score": 0
    },
    {
      "name": "iopl01",
      "pass": 0,
      "all": 0,
      "score": 0
    },
    {
      "name": "iopl02",
      "pass": 0,
      "all": 0,
      "score": 0
    },
    {
      "name": "ioprio_get01",
      "pass": 0,
      "all": 0,
      "score": 0
    },
    {
      "name": "ioprio_set01",
      "pass": 0,
      "all": 0,
      "score": 0
    },
    {
      "name": "ioprio_set02",
      "pass": 0,
      "all": 0,
      "score": 0
    },
    {
      "name": "ioprio_set03",
      "pass": 0,
      "all": 0,
      "score": 0
    },
    {
      "name": "ip_tests.sh",
      "pass": 0,
      "all": 0,
      "score": 0
    },
    {
      "name": "ipneigh01.sh",
      "pass": 0,
      "all": 0,
      "score": 0
    },
    {
      "name": "ipsec_lib.sh",
      "pass": 0,
      "all": 0,
      "score": 0
    },
    {
      "name": "iptables01.sh",
      "pass": 0,
      "all": 0,
      "score": 0
    },
    {
      "name": "iptables_lib.sh",
      "pass": 0,
      "all": 0,
      "score": 0
    },
    {
      "name": "ipvlan01.sh",
      "pass": 0,
      "all": 0,
      "score": 0
    },
    {
      "name": "irqbalance01",
      "pass": 0,
      "all": 0,
      "score": 0
    },
    {
      "name": "isofs.sh",
      "pass": 0,
      "all": 0,
      "score": 0
    },
    {
      "name": "kallsyms",
      "pass": 0,
      "all": 0,
      "score": 0
    },
    {
      "name": "kcmp01",
      "pass": 0,
      "all": 0,
      "score": 0
    },
    {
      "name": "kcmp02",
      "pass": 0,
      "all": 0,
      "score": 0
    },
    {
      "name": "kcmp03",
      "pass": 0,
      "all": 0,
      "score": 0
    },
    {
      "name": "kernbench",
      "pass": 0,
      "all": 0,
      "score": 0
    },
    {
      "name": "keyctl01",
      "pass": 0,
      "all": 0,
      "score": 0
    },
    {
      "name": "keyctl01.sh",
      "pass": 0,
      "all": 0,
      "score": 0
    },
    {
      "name": "keyctl02",
      "pass": 0,
      "all": 0,
      "score": 0
    },
    {
      "name": "keyctl03",
      "pass": 0,
      "all": 0,
      "score": 0
    },
    {
      "name": "keyctl04",
      "pass": 0,
      "all": 0,
      "score": 0
    },
    {
      "name": "keyctl05",
      "pass": 0,
      "all": 0,
      "score": 0
    },
    {
      "name": "keyctl06",
      "pass": 0,
      "all": 0,
      "score": 0
    },
    {
      "name": "keyctl07",
      "pass": 0,
      "all": 0,
      "score": 0
    },
    {
      "name": "keyctl08",
      "pass": 0,
      "all": 0,
      "score": 0
    },
    {
      "name": "keyctl09",
      "pass": 0,
      "all": 0,
      "score": 0
    },
    {
      "name": "kill02",
      "pass": 0,
      "all": 0,
      "score": 0
    },
    {
      "name": "kill03",
      "pass": 0,
      "all": 0,
      "score": 0
    },
    {
      "name": "kill05",
      "pass": 0,
      "all": 0,
      "score": 0
    },
    {
      "name": "kill06",
      "pass": 0,
      "all": 0,
      "score": 0
    },
    {
      "name": "kill07",
      "pass": 0,
      "all": 0,
      "score": 0
    },
    {
      "name": "kill08",
      "pass": 0,
      "all": 0,
      "score": 0
    },
    {
      "name": "kill09",
      "pass": 0,
      "all": 0,
      "score": 0
    },
    {
      "name": "kill10",
      "pass": 0,
      "all": 0,
      "score": 0
    },
    {
      "name": "kill11",
      "pass": 0,
      "all": 0,
      "score": 0
    },
    {
      "name": "kill12",
      "pass": 0,
      "all": 0,
      "score": 0
    },
    {
      "name": "kill13",
      "pass": 0,
      "all": 0,
      "score": 0
    },
    {
      "name": "killall_icmp_traffic",
      "pass": 0,
      "all": 0,
      "score": 0
    },
    {
      "name": "killall_tcp_traffic",
      "pass": 0,
      "all": 0,
      "score": 0
    },
    {
      "name": "killall_udp_traffic",
      "pass": 0,
      "all": 0,
      "score": 0
    },
    {
      "name": "kmsg01",
      "pass": 0,
      "all": 0,
      "score": 0
    },
    {
      "name": "ksm01",
      "pass": 0,
      "all": 0,
      "score": 0
    },
    {
      "name": "ksm02",
      "pass": 0,
      "all": 0,
      "score": 0
    },
    {
      "name": "ksm03",
      "pass": 0,
      "all": 0,
      "score": 0
    },
    {
      "name": "ksm04",
      "pass": 0,
      "all": 0,
      "score": 0
    },
    {
      "name": "ksm05",
      "pass": 0,
      "all": 0,
      "score": 0
    },
    {
      "name": "ksm06",
      "pass": 0,
      "all": 0,
      "score": 0
    },
    {
      "name": "ksm07",
      "pass": 0,
      "all": 0,
      "score": 0
    },
    {
      "name": "lchown01",
      "pass": 0,
      "all": 0,
      "score": 0
    },
    {
      "name": "lchown01_16",
      "pass": 0,
      "all": 0,
      "score": 0
    },
    {
      "name": "lchown02",
      "pass": 0,
      "all": 0,
      "score": 0
    },
    {
      "name": "lchown02_16",
      "pass": 0,
      "all": 0,
      "score": 0
    },
    {
      "name": "lchown03",
      "pass": 0,
      "all": 0,
      "score": 0
    },
    {
      "name": "lchown03_16",
      "pass": 0,
      "all": 0,
      "score": 0
    },
    {
      "name": "ld01.sh",
      "pass": 0,
      "all": 0,
      "score": 0
    },
    {
      "name": "ldd01.sh",
      "pass": 0,
      "all": 0,
      "score": 0
    },
    {
      "name": "leapsec01",
      "pass": 0,
      "all": 0,
      "score": 0
    },
    {
      "name": "lftest",
      "pass": 0,
      "all": 0,
      "score": 0
    },
    {
      "name": "lgetxattr01",
      "pass": 0,
      "all": 0,
      "score": 0
    },
    {
      "name": "lgetxattr02",
      "pass": 0,
      "all": 0,
      "score": 0
    },
    {
      "name": "libcgroup_freezer",
      "pass": 0,
      "all": 0,
      "score": 0
    },
    {
      "name": "link02",
      "pass": 0,
      "all": 0,
      "score": 0
    },
    {
      "name": "link04",
      "pass": 0,
      "all": 0,
      "score": 0
    },
    {
      "name": "link05",
      "pass": 0,
      "all": 0,
      "score": 0
    },
    {
      "name": "link08",
      "pass": 0,
      "all": 0,
      "score": 0
    },
    {
      "name": "linkat01",
      "pass": 0,
      "all": 0,
      "score": 0
    },
    {
      "name": "linkat02",
      "pass": 0,
      "all": 0,
      "score": 0
    },
    {
      "name": "linktest.sh",
      "pass": 0,
      "all": 0,
      "score": 0
    },
    {
      "name": "listen01",
      "pass": 0,
      "all": 0,
      "score": 0
    },
    {
      "name": "listxattr01",
      "pass": 0,
      "all": 0,
      "score": 0
    },
    {
      "name": "listxattr02",
      "pass": 0,
      "all": 0,
      "score": 0
    },
    {
      "name": "listxattr03",
      "pass": 0,
      "all": 0,
      "score": 0
    },
    {
      "name": "llistxattr01",
      "pass": 0,
      "all": 0,
      "score": 0
    },
    {
      "name": "llistxattr02",
      "pass": 0,
      "all": 0,
      "score": 0
    },
    {
      "name": "llistxattr03",
      "pass": 0,
      "all": 0,
      "score": 0
    },
    {
      "name": "llseek01",
      "pass": 0,
      "all": 0,
      "score": 0
    },
    {
      "name": "llseek02",
      "pass": 0,
      "all": 0,
      "score": 0
    },
    {
      "name": "llseek03",
      "pass": 0,
      "all": 0,
      "score": 0
    },
    {
      "name": "ln_tests.sh",
      "pass": 0,
      "all": 0,
      "score": 0
    },
    {
      "name": "lock_torture.sh",
      "pass": 0,
      "all": 0,
      "score": 0
    },
    {
      "name": "locktests",
      "pass": 0,
      "all": 0,
      "score": 0
    },
    {
      "name": "logrotate_tests.sh",
      "pass": 0,
      "all": 0,
      "score": 0
    },
    {
      "name": "lremovexattr01",
      "pass": 0,
      "all": 0,
      "score": 0
    },
    {
      "name": "lseek01",
      "pass": 0,
      "all": 0,
      "score": 0
    },
    {
      "name": "lseek02",
      "pass": 0,
      "all": 0,
      "score": 0
    },
    {
      "name": "lseek07",
      "pass": 0,
      "all": 0,
      "score": 0
    },
    {
      "name": "lseek11",
      "pass": 0,
      "all": 0,
      "score": 0
    },
    {
      "name": "lsmod01.sh",
      "pass": 0,
      "all": 0,
      "score": 0
    },
    {
      "name": "lstat01",
      "pass": 0,
      "all": 0,
      "score": 0
    },
    {
      "name": "lstat01_64",
      "pass": 0,
      "all": 0,
      "score": 0
    },
    {
      "name": "lstat02",
      "pass": 0,
      "all": 0,
      "score": 0
    },
    {
      "name": "lstat02_64",
      "pass": 0,
      "all": 0,
      "score": 0
    },
    {
      "name": "ltpClient",
      "pass": 0,
      "all": 0,
      "score": 0
    },
    {
      "name": "ltpServer",
      "pass": 0,
      "all": 0,
      "score": 0
    },
    {
      "name": "ltpSockets.sh",
      "pass": 0,
      "all": 0,
      "score": 0
    },
    {
      "name": "ltp_acpi",
      "pass": 0,
      "all": 0,
      "score": 0
    },
    {
      "name": "macsec01.sh",
      "pass": 0,
      "all": 0,
      "score": 0
    },
    {
      "name": "macsec02.sh",
      "pass": 0,
      "all": 0,
      "score": 0
    },
    {
      "name": "macsec03.sh",
      "pass": 0,
      "all": 0,
      "score": 0
    },
    {
      "name": "macsec_lib.sh",
      "pass": 0,
      "all": 0,
      "score": 0
    },
    {
      "name": "macvlan01.sh",
      "pass": 0,
      "all": 0,
      "score": 0
    },
    {
      "name": "macvtap01.sh",
      "pass": 0,
      "all": 0,
      "score": 0
    },
    {
      "name": "madvise01",
      "pass": 0,
      "all": 0,
      "score": 0
    },
    {
      "name": "madvise02",
      "pass": 0,
      "all": 0,
      "score": 0
    },
    {
      "name": "madvise03",
      "pass": 0,
      "all": 0,
      "score": 0
    },
    {
      "name": "madvise05",
      "pass": 0,
      "all": 0,
      "score": 0
    },
    {
      "name": "madvise06",
      "pass": 0,
      "all": 0,
      "score": 0
    },
    {
      "name": "madvise07",
      "pass": 0,
      "all": 0,
      "score": 0
    },
    {
      "name": "madvise08",
      "pass": 0,
      "all": 0,
      "score": 0
    },
    {
      "name": "madvise09",
      "pass": 0,
      "all": 0,
      "score": 0
    },
    {
      "name": "madvise10",
      "pass": 0,
      "all": 0,
      "score": 0
    },
    {
      "name": "madvise11",
      "pass": 0,
      "all": 0,
      "score": 0
    },
    {
      "name": "mallinfo01",
      "pass": 0,
      "all": 0,
      "score": 0
    },
    {
      "name": "mallinfo02",
      "pass": 0,
      "all": 0,
      "score": 0
    },
    {
      "name": "mallinfo2_01",
      "pass": 0,
      "all": 0,
      "score": 0
    },
    {
      "name": "mallocstress",
      "pass": 0,
      "all": 0,
      "score": 0
    },
    {
      "name": "mallopt01",
      "pass": 0,
      "all": 0,
      "score": 0
    },
    {
      "name": "max_map_count",
      "pass": 0,
      "all": 0,
      "score": 0
    },
    {
      "name": "mbind01",
      "pass": 0,
      "all": 0,
      "score": 0
    },
    {
      "name": "mbind02",
      "pass": 0,
      "all": 0,
      "score": 0
    },
    {
      "name": "mbind03",
      "pass": 0,
      "all": 0,
      "score": 0
    },
    {
      "name": "mbind04",
      "pass": 0,
      "all": 0,
      "score": 0
    },
    {
      "name": "mc_cmds.sh",
      "pass": 0,
      "all": 0,
      "score": 0
    },
    {
      "name": "mc_commo.sh",
      "pass": 0,
      "all": 0,
      "score": 0
    },
    {
      "name": "mc_member.sh",
      "pass": 0,
      "all": 0,
      "score": 0
    },
    {
      "name": "mc_member_test",
      "pass": 0,
      "all": 0,
      "score": 0
    },
    {
      "name": "mc_opts.sh",
      "pass": 0,
      "all": 0,
      "score": 0
    },
    {
      "name": "mc_recv",
      "pass": 0,
      "all": 0,
      "score": 0
    },
    {
      "name": "mc_send",
      "pass": 0,
      "all": 0,
      "score": 0
    },
    {
      "name": "mc_verify_opts",
      "pass": 0,
      "all": 0,
      "score": 0
    },
    {
      "name": "mc_verify_opts_error",
      "pass": 0,
      "all": 0,
      "score": 0
    },
    {
      "name": "mcast-group-multiple-socket.sh",
      "pass": 0,
      "all": 0,
      "score": 0
    },
    {
      "name": "mcast-group-same-group.sh",
      "pass": 0,
      "all": 0,
      "score": 0
    },
    {
      "name": "mcast-group-single-socket.sh",
      "pass": 0,
      "all": 0,
      "score": 0
    },
    {
      "name": "mcast-group-source-filter.sh",
      "pass": 0,
      "all": 0,
      "score": 0
    },
    {
      "name": "mcast-lib.sh",
      "pass": 0,
      "all": 0,
      "score": 0
    },
    {
      "name": "mcast-pktfld01.sh",
      "pass": 0,
      "all": 0,
      "score": 0
    },
    {
      "name": "mcast-pktfld02.sh",
      "pass": 0,
      "all": 0,
      "score": 0
    },
    {
      "name": "mcast-queryfld01.sh",
      "pass": 0,
      "all": 0,
      "score": 0
    },
    {
      "name": "mcast-queryfld02.sh",
      "pass": 0,
      "all": 0,
      "score": 0
    },
    {
      "name": "mcast-queryfld03.sh",
      "pass": 0,
      "all": 0,
      "score": 0
    },
    {
      "name": "mcast-queryfld04.sh",
      "pass": 0,
      "all": 0,
      "score": 0
    },
    {
      "name": "mcast-queryfld05.sh",
      "pass": 0,
      "all": 0,
      "score": 0
    },
    {
      "name": "mcast-queryfld06.sh",
      "pass": 0,
      "all": 0,
      "score": 0
    },
    {
      "name": "meltdown",
      "pass": 0,
      "all": 0,
      "score": 0
    },
    {
      "name": "mem02",
      "pass": 0,
      "all": 0,
      "score": 0
    },
    {
      "name": "mem_process",
      "pass": 0,
      "all": 0,
      "score": 0
    },
    {
      "name": "membarrier01",
      "pass": 0,
      "all": 0,
      "score": 0
    },
    {
      "name": "memcg_control_test.sh",
      "pass": 0,
      "all": 0,
      "score": 0
    },
    {
      "name": "memcg_failcnt.sh",
      "pass": 0,
      "all": 0,
      "score": 0
    },
    {
      "name": "memcg_force_empty.sh",
      "pass": 0,
      "all": 0,
      "score": 0
    },
    {
      "name": "memcg_lib.sh",
      "pass": 0,
      "all": 0,
      "score": 0
    },
    {
      "name": "memcg_limit_in_bytes.sh",
      "pass": 0,
      "all": 0,
      "score": 0
    },
    {
      "name": "memcg_max_usage_in_bytes_test.sh",
      "pass": 0,
      "all": 0,
      "score": 0
    },
    {
      "name": "memcg_memsw_limit_in_bytes_test.sh",
      "pass": 0,
      "all": 0,
      "score": 0
    },
    {
      "name": "memcg_move_charge_at_immigrate_test.sh",
      "pass": 0,
      "all": 0,
      "score": 0
    },
    {
      "name": "memcg_process",
      "pass": 0,
      "all": 0,
      "score": 0
    },
    {
      "name": "memcg_process_stress",
      "pass": 0,
      "all": 0,
      "score": 0
    },
    {
      "name": "memcg_regression_test.sh",
      "pass": 0,
      "all": 0,
      "score": 0
    },
    {
      "name": "memcg_stat_rss.sh",
      "pass": 0,
      "all": 0,
      "score": 0
    },
    {
      "name": "memcg_stat_test.sh",
      "pass": 0,
      "all": 0,
      "score": 0
    },
    {
      "name": "memcg_stress_test.sh",
      "pass": 0,
      "all": 0,
      "score": 0
    },
    {
      "name": "memcg_subgroup_charge.sh",
      "pass": 0,
      "all": 0,
      "score": 0
    },
    {
      "name": "memcg_test_1",
      "pass": 0,
      "all": 0,
      "score": 0
    },
    {
      "name": "memcg_test_2",
      "pass": 0,
      "all": 0,
      "score": 0
    },
    {
      "name": "memcg_test_3",
      "pass": 0,
      "all": 0,
      "score": 0
    },
    {
      "name": "memcg_test_4",
      "pass": 0,
      "all": 0,
      "score": 0
    },
    {
      "name": "memcg_test_4.sh",
      "pass": 0,
      "all": 0,
      "score": 0
    },
    {
      "name": "memcg_usage_in_bytes_test.sh",
      "pass": 0,
      "all": 0,
      "score": 0
    },
    {
      "name": "memcg_use_hierarchy_test.sh",
      "pass": 0,
      "all": 0,
      "score": 0
    },
    {
      "name": "memcmp01",
      "pass": 0,
      "all": 0,
      "score": 0
    },
    {
      "name": "memcontrol01",
      "pass": 0,
      "all": 0,
      "score": 0
    },
    {
      "name": "memcontrol02",
      "pass": 0,
      "all": 0,
      "score": 0
    },
    {
      "name": "memcontrol03",
      "pass": 0,
      "all": 0,
      "score": 0
    },
    {
      "name": "memcontrol04",
      "pass": 0,
      "all": 0,
      "score": 0
    },
    {
      "name": "memcpy01",
      "pass": 0,
      "all": 0,
      "score": 0
    },
    {
      "name": "memctl_test01",
      "pass": 0,
      "all": 0,
      "score": 0
    },
    {
      "name": "memfd_create01",
      "pass": 0,
      "all": 0,
      "score": 0
    },
    {
      "name": "memfd_create02",
      "pass": 0,
      "all": 0,
      "score": 0
    },
    {
      "name": "memfd_create03",
      "pass": 0,
      "all": 0,
      "score": 0
    },
    {
      "name": "memfd_create04",
      "pass": 0,
      "all": 0,
      "score": 0
    },
    {
      "name": "memset01",
      "pass": 0,
      "all": 0,
      "score": 0
    },
    {
      "name": "memtoy",
      "pass": 0,
      "all": 0,
      "score": 0
    },
    {
      "name": "mesgq_nstest",
      "pass": 0,
      "all": 0,
      "score": 0
    },
    {
      "name": "migrate_pages01",
      "pass": 0,
      "all": 0,
      "score": 0
    },
    {
      "name": "migrate_pages02",
      "pass": 0,
      "all": 0,
      "score": 0
    },
    {
      "name": "migrate_pages03",
      "pass": 0,
      "all": 0,
      "score": 0
    },
    {
      "name": "min_free_kbytes",
      "pass": 0,
      "all": 0,
      "score": 0
    },
    {
      "name": "mincore01",
      "pass": 0,
      "all": 0,
      "score": 0
    },
    {
      "name": "mincore02",
      "pass": 0,
      "all": 0,
      "score": 0
    },
    {
      "name": "mincore03",
      "pass": 0,
      "all": 0,
      "score": 0
    },
    {
      "name": "mincore04",
      "pass": 0,
      "all": 0,
      "score": 0
    },
    {
      "name": "mkdir02",
      "pass": 0,
      "all": 0,
      "score": 0
    },
    {
      "name": "mkdir03",
      "pass": 0,
      "all": 0,
      "score": 0
    },
    {
      "name": "mkdir04",
      "pass": 0,
      "all": 0,
      "score": 0
    },
    {
      "name": "mkdir05",
      "pass": 0,
      "all": 0,
      "score": 0
    },
    {
      "name": "mkdir09",
      "pass": 0,
      "all": 0,
      "score": 0
    },
    {
      "name": "mkdir_tests.sh",
      "pass": 0,
      "all": 0,
      "score": 0
    },
    {
      "name": "mkdirat01",
      "pass": 0,
      "all": 0,
      "score": 0
    },
    {
      "name": "mkdirat02",
      "pass": 0,
      "all": 0,
      "score": 0
    },
    {
      "name": "mkfs01.sh",
      "pass": 0,
      "all": 0,
      "score": 0
    },
    {
      "name": "mknod01",
      "pass": 0,
      "all": 0,
      "score": 0
    },
    {
      "name": "mknod02",
      "pass": 0,
      "all": 0,
      "score": 0
    },
    {
      "name": "mknod03",
      "pass": 0,
      "all": 0,
      "score": 0
    },
    {
      "name": "mknod04",
      "pass": 0,
      "all": 0,
      "score": 0
    },
    {
      "name": "mknod05",
      "pass": 0,
      "all": 0,
      "score": 0
    },
    {
      "name": "mknod06",
      "pass": 0,
      "all": 0,
      "score": 0
    },
    {
      "name": "mknod07",
      "pass": 0,
      "all": 0,
      "score": 0
    },
    {
      "name": "mknod08",
      "pass": 0,
      "all": 0,
      "score": 0
    },
    {
      "name": "mknod09",
      "pass": 0,
      "all": 0,
      "score": 0
    },
    {
      "name": "mknodat01",
      "pass": 0,
      "all": 0,
      "score": 0
    },
    {
      "name": "mknodat02",
      "pass": 0,
      "all": 0,
      "score": 0
    },
    {
      "name": "mkswap01.sh",
      "pass": 0,
      "all": 0,
      "score": 0
    },
    {
      "name": "mlock01",
      "pass": 0,
      "all": 0,
      "score": 0
    },
    {
      "name": "mlock02",
      "pass": 0,
      "all": 0,
      "score": 0
    },
    {
      "name": "mlock03",
      "pass": 0,
      "all": 0,
      "score": 0
    },
    {
      "name": "mlock04",
      "pass": 0,
      "all": 0,
      "score": 0
    },
    {
      "name": "mlock05",
      "pass": 0,
      "all": 0,
      "score": 0
    },
    {
      "name": "mlock201",
      "pass": 0,
      "all": 0,
      "score": 0
    },
    {
      "name": "mlock202",
      "pass": 0,
      "all": 0,
      "score": 0
    },
    {
      "name": "mlock203",
      "pass": 0,
      "all": 0,
      "score": 0
    },
    {
      "name": "mlockall01",
      "pass": 0,
      "all": 0,
      "score": 0
    },
    {
      "name": "mlockall02",
      "pass": 0,
      "all": 0,
      "score": 0
    },
    {
      "name": "mlockall03",
      "pass": 0,
      "all": 0,
      "score": 0
    },
    {
      "name": "mmap-corruption01",
      "pass": 0,
      "all": 0,
      "score": 0
    },
    {
      "name": "mmap001",
      "pass": 0,
      "all": 0,
      "score": 0
    },
    {
      "name": "mmap01",
      "pass": 0,
      "all": 0,
      "score": 0
    },
    {
      "name": "mmap02",
      "pass": 0,
      "all": 0,
      "score": 0
    },
    {
      "name": "mmap03",
      "pass": 0,
      "all": 0,
      "score": 0
    },
    {
      "name": "mmap04",
      "pass": 0,
      "all": 0,
      "score": 0
    },
    {
      "name": "mmap05",
      "pass": 0,
      "all": 0,
      "score": 0
    },
    {
      "name": "mmap06",
      "pass": 0,
      "all": 0,
      "score": 0
    },
    {
      "name": "mmap08",
      "pass": 0,
      "all": 0,
      "score": 0
    },
    {
      "name": "mmap09",
      "pass": 0,
      "all": 0,
      "score": 0
    },
    {
      "name": "mmap1",
      "pass": 0,
      "all": 0,
      "score": 0
    },
    {
      "name": "mmap10",
      "pass": 0,
      "all": 0,
      "score": 0
    },
    {
      "name": "mmap11",
      "pass": 0,
      "all": 0,
      "score": 0
    },
    {
      "name": "mmap12",
      "pass": 0,
      "all": 0,
      "score": 0
    },
    {
      "name": "mmap13",
      "pass": 0,
      "all": 0,
      "score": 0
    },
    {
      "name": "mmap14",
      "pass": 0,
      "all": 0,
      "score": 0
    },
    {
      "name": "mmap15",
      "pass": 0,
      "all": 0,
      "score": 0
    },
    {
      "name": "mmap16",
      "pass": 0,
      "all": 0,
      "score": 0
    },
    {
      "name": "mmap17",
      "pass": 0,
      "all": 0,
      "score": 0
    },
    {
      "name": "mmap18",
      "pass": 0,
      "all": 0,
      "score": 0
    },
    {
      "name": "mmap19",
      "pass": 0,
      "all": 0,
      "score": 0
    },
    {
      "name": "mmap2",
      "pass": 0,
      "all": 0,
      "score": 0
    },
    {
      "name": "mmap20",
      "pass": 0,
      "all": 0,
      "score": 0
    },
    {
      "name": "mmap3",
      "pass": 0,
      "all": 0,
      "score": 0
    },
    {
      "name": "mmapstress01",
      "pass": 0,
      "all": 0,
      "score": 0
    },
    {
      "name": "mmapstress02",
      "pass": 0,
      "all": 0,
      "score": 0
    },
    {
      "name": "mmapstress03",
      "pass": 0,
      "all": 0,
      "score": 0
    },
    {
      "name": "mmapstress04",
      "pass": 0,
      "all": 0,
      "score": 0
    },
    {
      "name": "mmapstress05",
      "pass": 0,
      "all": 0,
      "score": 0
    },
    {
      "name": "mmapstress06",
      "pass": 0,
      "all": 0,
      "score": 0
    },
    {
      "name": "mmapstress07",
      "pass": 0,
      "all": 0,
      "score": 0
    },
    {
      "name": "mmapstress08",
      "pass": 0,
      "all": 0,
      "score": 0
    },
    {
      "name": "mmapstress09",
      "pass": 0,
      "all": 0,
      "score": 0
    },
    {
      "name": "mmapstress10",
      "pass": 0,
      "all": 0,
      "score": 0
    },
    {
      "name": "mmstress",
      "pass": 0,
      "all": 0,
      "score": 0
    },
    {
      "name": "mmstress_dummy",
      "pass": 0,
      "all": 0,
      "score": 0
    },
    {
      "name": "modify_ldt01",
      "pass": 0,
      "all": 0,
      "score": 0
    },
    {
      "name": "modify_ldt02",
      "pass": 0,
      "all": 0,
      "score": 0
    },
    {
      "name": "modify_ldt03",
      "pass": 0,
      "all": 0,
      "score": 0
    },
    {
      "name": "mount01",
      "pass": 0,
      "all": 0,
      "score": 0
    },
    {
      "name": "mount02",
      "pass": 0,
      "all": 0,
      "score": 0
    },
    {
      "name": "mount03",
      "pass": 0,
      "all": 0,
      "score": 0
    },
    {
      "name": "mount03_suid_child",
      "pass": 0,
      "all": 0,
      "score": 0
    },
    {
      "name": "mount04",
      "pass": 0,
      "all": 0,
      "score": 0
    },
    {
      "name": "mount05",
      "pass": 0,
      "all": 0,
      "score": 0
    },
    {
      "name": "mount06",
      "pass": 0,
      "all": 0,
      "score": 0
    },
    {
      "name": "mount07",
      "pass": 0,
      "all": 0,
      "score": 0
    },
    {
      "name": "mount_setattr01",
      "pass": 0,
      "all": 0,
      "score": 0
    },
    {
      "name": "mountns01",
      "pass": 0,
      "all": 0,
      "score": 0
    },
    {
      "name": "mountns02",
      "pass": 0,
      "all": 0,
      "score": 0
    },
    {
      "name": "mountns03",
      "pass": 0,
      "all": 0,
      "score": 0
    },
    {
      "name": "mountns04",
      "pass": 0,
      "all": 0,
      "score": 0
    },
    {
      "name": "move_mount01",
      "pass": 0,
      "all": 0,
      "score": 0
    },
    {
      "name": "move_mount02",
      "pass": 0,
      "all": 0,
      "score": 0
    },
    {
      "name": "move_pages01",
      "pass": 0,
      "all": 0,
      "score": 0
    },
    {
      "name": "move_pages02",
      "pass": 0,
      "all": 0,
      "score": 0
    },
    {
      "name": "move_pages03",
      "pass": 0,
      "all": 0,
      "score": 0
    },
    {
      "name": "move_pages04",
      "pass": 0,
      "all": 0,
      "score": 0
    },
    {
      "name": "move_pages05",
      "pass": 0,
      "all": 0,
      "score": 0
    },
    {
      "name": "move_pages06",
      "pass": 0,
      "all": 0,
      "score": 0
    },
    {
      "name": "move_pages07",
      "pass": 0,
      "all": 0,
      "score": 0
    },
    {
      "name": "move_pages09",
      "pass": 0,
      "all": 0,
      "score": 0
    },
    {
      "name": "move_pages10",
      "pass": 0,
      "all": 0,
      "score": 0
    },
    {
      "name": "move_pages11",
      "pass": 0,
      "all": 0,
      "score": 0
    },
    {
      "name": "move_pages12",
      "pass": 0,
      "all": 0,
      "score": 0
    },
    {
      "name": "mpls01.sh",
      "pass": 0,
      "all": 0,
      "score": 0
    },
    {
      "name": "mpls02.sh",
      "pass": 0,
      "all": 0,
      "score": 0
    },
    {
      "name": "mpls03.sh",
      "pass": 0,
      "all": 0,
      "score": 0
    },
    {
      "name": "mpls04.sh",
      "pass": 0,
      "all": 0,
      "score": 0
    },
    {
      "name": "mpls_lib.sh",
      "pass": 0,
      "all": 0,
      "score": 0
    },
    {
      "name": "mprotect01",
      "pass": 0,
      "all": 0,
      "score": 0
    },
    {
      "name": "mprotect02",
      "pass": 0,
      "all": 0,
      "score": 0
    },
    {
      "name": "mprotect03",
      "pass": 0,
      "all": 0,
      "score": 0
    },
    {
      "name": "mprotect04",
      "pass": 0,
      "all": 0,
      "score": 0
    },
    {
      "name": "mprotect05",
      "pass": 0,
      "all": 0,
      "score": 0
    },
    {
      "name": "mq_notify01",
      "pass": 0,
      "all": 0,
      "score": 0
    },
    {
      "name": "mq_notify02",
      "pass": 0,
      "all": 0,
      "score": 0
    },
    {
      "name": "mq_notify03",
      "pass": 0,
      "all": 0,
      "score": 0
    },
    {
      "name": "mq_open01",
      "pass": 0,
      "all": 0,
      "score": 0
    },
    {
      "name": "mq_timedreceive01",
      "pass": 0,
      "all": 0,
      "score": 0
    },
    {
      "name": "mq_timedsend01",
      "pass": 0,
      "all": 0,
      "score": 0
    },
    {
      "name": "mq_unlink01",
      "pass": 0,
      "all": 0,
      "score": 0
    },
    {
      "name": "mqns_01",
      "pass": 0,
      "all": 0,
      "score": 0
    },
    {
      "name": "mqns_02",
      "pass": 0,
      "all": 0,
      "score": 0
    },
    {
      "name": "mqns_03",
      "pass": 0,
      "all": 0,
      "score": 0
    },
    {
      "name": "mqns_04",
      "pass": 0,
      "all": 0,
      "score": 0
    },
    {
      "name": "mremap01",
      "pass": 0,
      "all": 0,
      "score": 0
    },
    {
      "name": "mremap02",
      "pass": 0,
      "all": 0,
      "score": 0
    },
    {
      "name": "mremap03",
      "pass": 0,
      "all": 0,
      "score": 0
    },
    {
      "name": "mremap04",
      "pass": 0,
      "all": 0,
      "score": 0
    },
    {
      "name": "mremap05",
      "pass": 0,
      "all": 0,
      "score": 0
    },
    {
      "name": "mremap06",
      "pass": 0,
      "all": 0,
      "score": 0
    },
    {
      "name": "msg_comm",
      "pass": 0,
      "all": 0,
      "score": 0
    },
    {
      "name": "msgctl01",
      "pass": 0,
      "all": 0,
      "score": 0
    },
    {
      "name": "msgctl02",
      "pass": 0,
      "all": 0,
      "score": 0
    },
    {
      "name": "msgctl03",
      "pass": 0,
      "all": 0,
      "score": 0
    },
    {
      "name": "msgctl04",
      "pass": 0,
      "all": 0,
      "score": 0
    },
    {
      "name": "msgctl05",
      "pass": 0,
      "all": 0,
      "score": 0
    },
    {
      "name": "msgctl06",
      "pass": 0,
      "all": 0,
      "score": 0
    },
    {
      "name": "msgctl12",
      "pass": 0,
      "all": 0,
      "score": 0
    },
    {
      "name": "msgget01",
      "pass": 0,
      "all": 0,
      "score": 0
    },
    {
      "name": "msgget02",
      "pass": 0,
      "all": 0,
      "score": 0
    },
    {
      "name": "msgget03",
      "pass": 0,
      "all": 0,
      "score": 0
    },
    {
      "name": "msgget04",
      "pass": 0,
      "all": 0,
      "score": 0
    },
    {
      "name": "msgget05",
      "pass": 0,
      "all": 0,
      "score": 0
    },
    {
      "name": "msgrcv01",
      "pass": 0,
      "all": 0,
      "score": 0
    },
    {
      "name": "msgrcv02",
      "pass": 0,
      "all": 0,
      "score": 0
    },
    {
      "name": "msgrcv03",
      "pass": 0,
      "all": 0,
      "score": 0
    },
    {
      "name": "msgrcv05",
      "pass": 0,
      "all": 0,
      "score": 0
    },
    {
      "name": "msgrcv06",
      "pass": 0,
      "all": 0,
      "score": 0
    },
    {
      "name": "msgrcv07",
      "pass": 0,
      "all": 0,
      "score": 0
    },
    {
      "name": "msgrcv08",
      "pass": 0,
      "all": 0,
      "score": 0
    },
    {
      "name": "msgsnd01",
      "pass": 0,
      "all": 0,
      "score": 0
    },
    {
      "name": "msgsnd02",
      "pass": 0,
      "all": 0,
      "score": 0
    },
    {
      "name": "msgsnd05",
      "pass": 0,
      "all": 0,
      "score": 0
    },
    {
      "name": "msgsnd06",
      "pass": 0,
      "all": 0,
      "score": 0
    },
    {
      "name": "msgstress01",
      "pass": 0,
      "all": 0,
      "score": 0
    },
    {
      "name": "msync01",
      "pass": 0,
      "all": 0,
      "score": 0
    },
    {
      "name": "msync02",
      "pass": 0,
      "all": 0,
      "score": 0
    },
    {
      "name": "msync03",
      "pass": 0,
      "all": 0,
      "score": 0
    },
    {
      "name": "msync04",
      "pass": 0,
      "all": 0,
      "score": 0
    },
    {
      "name": "mtest01",
      "pass": 0,
      "all": 0,
      "score": 0
    },
    {
      "name": "munlock01",
      "pass": 0,
      "all": 0,
      "score": 0
    },
    {
      "name": "munlock02",
      "pass": 0,
      "all": 0,
      "score": 0
    },
    {
      "name": "munlockall01",
      "pass": 0,
      "all": 0,
      "score": 0
    },
    {
      "name": "munmap01",
      "pass": 0,
      "all": 0,
      "score": 0
    },
    {
      "name": "munmap02",
      "pass": 0,
      "all": 0,
      "score": 0
    },
    {
      "name": "munmap03",
      "pass": 0,
      "all": 0,
      "score": 0
    },
    {
      "name": "mv_tests.sh",
      "pass": 0,
      "all": 0,
      "score": 0
    },
    {
      "name": "myfunctions.sh",
      "pass": 0,
      "all": 0,
      "score": 0
    },
    {
      "name": "name_to_handle_at01",
      "pass": 0,
      "all": 0,
      "score": 0
    },
    {
      "name": "name_to_handle_at02",
      "pass": 0,
      "all": 0,
      "score": 0
    },
    {
      "name": "nanosleep01",
      "pass": 0,
      "all": 0,
      "score": 0
    },
    {
      "name": "nanosleep02",
      "pass": 0,
      "all": 0,
      "score": 0
    },
    {
      "name": "nanosleep04",
      "pass": 0,
      "all": 0,
      "score": 0
    },
    {
      "name": "net_cmdlib.sh",
      "pass": 0,
      "all": 0,
      "score": 0
    },
    {
      "name": "netns_breakns.sh",
      "pass": 0,
      "all": 0,
      "score": 0
    },
    {
      "name": "netns_comm.sh",
      "pass": 0,
      "all": 0,
      "score": 0
    },
    {
      "name": "netns_lib.sh",
      "pass": 0,
      "all": 0,
      "score": 0
    },
    {
      "name": "netns_netlink",
      "pass": 0,
      "all": 0,
      "score": 0
    },
    {
      "name": "netns_sysfs.sh",
      "pass": 0,
      "all": 0,
      "score": 0
    },
    {
      "name": "netstat01.sh",
      "pass": 0,
      "all": 0,
      "score": 0
    },
    {
      "name": "netstress",
      "pass": 0,
      "all": 0,
      "score": 0
    },
    {
      "name": "newuname01",
      "pass": 0,
      "all": 0,
      "score": 0
    },
    {
      "name": "nextafter01",
      "pass": 0,
      "all": 0,
      "score": 0
    },
    {
      "name": "nfs01.sh",
      "pass": 0,
      "all": 0,
      "score": 0
    },
    {
      "name": "nfs01_open_files",
      "pass": 0,
      "all": 0,
      "score": 0
    },
    {
      "name": "nfs02.sh",
      "pass": 0,
      "all": 0,
      "score": 0
    },
    {
      "name": "nfs03.sh",
      "pass": 0,
      "all": 0,
      "score": 0
    },
    {
      "name": "nfs04.sh",
      "pass": 0,
      "all": 0,
      "score": 0
    },
    {
      "name": "nfs04_create_file",
      "pass": 0,
      "all": 0,
      "score": 0
    },
    {
      "name": "nfs05.sh",
      "pass": 0,
      "all": 0,
      "score": 0
    },
    {
      "name": "nfs05_make_tree",
      "pass": 0,
      "all": 0,
      "score": 0
    },
    {
      "name": "nfs06.sh",
      "pass": 0,
      "all": 0,
      "score": 0
    },
    {
      "name": "nfs07.sh",
      "pass": 0,
      "all": 0,
      "score": 0
    },
    {
      "name": "nfs08.sh",
      "pass": 0,
      "all": 0,
      "score": 0
    },
    {
      "name": "nfs09.sh",
      "pass": 0,
      "all": 0,
      "score": 0
    },
    {
      "name": "nfs_flock",
      "pass": 0,
      "all": 0,
      "score": 0
    },
    {
      "name": "nfs_flock_dgen",
      "pass": 0,
      "all": 0,
      "score": 0
    },
    {
      "name": "nfs_lib.sh",
      "pass": 0,
      "all": 0,
      "score": 0
    },
    {
      "name": "nfslock01.sh",
      "pass": 0,
      "all": 0,
      "score": 0
    },
    {
      "name": "nfsstat01.sh",
      "pass": 0,
      "all": 0,
      "score": 0
    },
    {
      "name": "nft01.sh",
      "pass": 0,
      "all": 0,
      "score": 0
    },
    {
      "name": "nft02",
      "pass": 0,
      "all": 0,
      "score": 0
    },
    {
      "name": "nftw01",
      "pass": 0,
      "all": 0,
      "score": 0
    },
    {
      "name": "nftw6401",
      "pass": 0,
      "all": 0,
      "score": 0
    },
    {
      "name": "nice01",
      "pass": 0,
      "all": 0,
      "score": 0
    },
    {
      "name": "nice02",
      "pass": 0,
      "all": 0,
      "score": 0
    },
    {
      "name": "nice03",
      "pass": 0,
      "all": 0,
      "score": 0
    },
    {
      "name": "nice04",
      "pass": 0,
      "all": 0,
      "score": 0
    },
    {
      "name": "nice05",
      "pass": 0,
      "all": 0,
      "score": 0
    },
    {
      "name": "nm01.sh",
      "pass": 0,
      "all": 0,
      "score": 0
    },
    {
      "name": "nptl01",
      "pass": 0,
      "all": 0,
      "score": 0
    },
    {
      "name": "ns-echoclient",
      "pass": 0,
      "all": 0,
      "score": 0
    },
    {
      "name": "ns-icmp_redirector",
      "pass": 0,
      "all": 0,
      "score": 0
    },
    {
      "name": "ns-icmpv4_sender",
      "pass": 0,
      "all": 0,
      "score": 0
    },
    {
      "name": "ns-icmpv6_sender",
      "pass": 0,
      "all": 0,
      "score": 0
    },
    {
      "name": "ns-igmp_querier",
      "pass": 0,
      "all": 0,
      "score": 0
    },
    {
      "name": "ns-mcast_join",
      "pass": 0,
      "all": 0,
      "score": 0
    },
    {
      "name": "ns-mcast_receiver",
      "pass": 0,
      "all": 0,
      "score": 0
    },
    {
      "name": "ns-tcpclient",
      "pass": 0,
      "all": 0,
      "score": 0
    },
    {
      "name": "ns-tcpserver",
      "pass": 0,
      "all": 0,
      "score": 0
    },
    {
      "name": "ns-udpclient",
      "pass": 0,
      "all": 0,
      "score": 0
    },
    {
      "name": "ns-udpsender",
      "pass": 0,
      "all": 0,
      "score": 0
    },
    {
      "name": "ns-udpserver",
      "pass": 0,
      "all": 0,
      "score": 0
    },
    {
      "name": "numa01.sh",
      "pass": 0,
      "all": 0,
      "score": 0
    },
    {
      "name": "oom01",
      "pass": 0,
      "all": 0,
      "score": 0
    },
    {
      "name": "oom02",
      "pass": 0,
      "all": 0,
      "score": 0
    },
    {
      "name": "oom03",
      "pass": 0,
      "all": 0,
      "score": 0
    },
    {
      "name": "oom04",
      "pass": 0,
      "all": 0,
      "score": 0
    },
    {
      "name": "oom05",
      "pass": 0,
      "all": 0,
      "score": 0
    },
    {
      "name": "open01",
      "pass": 0,
      "all": 0,
      "score": 0
    },
    {
      "name": "open02",
      "pass": 0,
      "all": 0,
      "score": 0
    },
    {
      "name": "open03",
      "pass": 0,
      "all": 0,
      "score": 0
    },
    {
      "name": "open04",
      "pass": 0,
      "all": 0,
      "score": 0
    },
    {
      "name": "open06",
      "pass": 0,
      "all": 0,
      "score": 0
    },
    {
      "name": "open07",
      "pass": 0,
      "all": 0,
      "score": 0
    },
    {
      "name": "open08",
      "pass": 0,
      "all": 0,
      "score": 0
    },
    {
      "name": "open09",
      "pass": 0,
      "all": 0,
      "score": 0
    },
    {
      "name": "open10",
      "pass": 0,
      "all": 0,
      "score": 0
    },
    {
      "name": "open11",
      "pass": 0,
      "all": 0,
      "score": 0
    },
    {
      "name": "open12",
      "pass": 0,
      "all": 0,
      "score": 0
    },
    {
      "name": "open12_child",
      "pass": 0,
      "all": 0,
      "score": 0
    },
    {
      "name": "open13",
      "pass": 0,
      "all": 0,
      "score": 0
    },
    {
      "name": "open14",
      "pass": 0,
      "all": 0,
      "score": 0
    },
    {
      "name": "open_by_handle_at01",
      "pass": 0,
      "all": 0,
      "score": 0
    },
    {
      "name": "open_by_handle_at02",
      "pass": 0,
      "all": 0,
      "score": 0
    },
    {
      "name": "open_tree01",
      "pass": 0,
      "all": 0,
      "score": 0
    },
    {
      "name": "open_tree02",
      "pass": 0,
      "all": 0,
      "score": 0
    },
    {
      "name": "openat01",
      "pass": 0,
      "all": 0,
      "score": 0
    },
    {
      "name": "openat02",
      "pass": 0,
      "all": 0,
      "score": 0
    },
    {
      "name": "openat02_child",
      "pass": 0,
      "all": 0,
      "score": 0
    },
    {
      "name": "openat03",
      "pass": 0,
      "all": 0,
      "score": 0
    },
    {
      "name": "openat04",
      "pass": 0,
      "all": 0,
      "score": 0
    },
    {
      "name": "openat201",
      "pass": 0,
      "all": 0,
      "score": 0
    },
    {
      "name": "openat202",
      "pass": 0,
      "all": 0,
      "score": 0
    },
    {
      "name": "openat203",
      "pass": 0,
      "all": 0,
      "score": 0
    },
    {
      "name": "openfile",
      "pass": 0,
      "all": 0,
      "score": 0
    },
    {
      "name": "output_ipsec_conf",
      "pass": 0,
      "all": 0,
      "score": 0
    },
    {
      "name": "overcommit_memory",
      "pass": 0,
      "all": 0,
      "score": 0
    },
    {
      "name": "page01",
      "pass": 0,
      "all": 0,
      "score": 0
    },
    {
      "name": "page02",
      "pass": 0,
      "all": 0,
      "score": 0
    },
    {
      "name": "parameters.sh",
      "pass": 0,
      "all": 0,
      "score": 0
    },
    {
      "name": "pathconf01",
      "pass": 0,
      "all": 0,
      "score": 0
    },
    {
      "name": "pathconf02",
      "pass": 0,
      "all": 0,
      "score": 0
    },
    {
      "name": "pause01",
      "pass": 0,
      "all": 0,
      "score": 0
    },
    {
      "name": "pause02",
      "pass": 0,
      "all": 0,
      "score": 0
    },
    {
      "name": "pause03",
      "pass": 0,
      "all": 0,
      "score": 0
    },
    {
      "name": "pcrypt_aead01",
      "pass": 0,
      "all": 0,
      "score": 0
    },
    {
      "name": "pec_listener",
      "pass": 0,
      "all": 0,
      "score": 0
    },
    {
      "name": "perf_event_open01",
      "pass": 0,
      "all": 0,
      "score": 0
    },
    {
      "name": "perf_event_open02",
      "pass": 0,
      "all": 0,
      "score": 0
    },
    {
      "name": "perf_event_open03",
      "pass": 0,
      "all": 0,
      "score": 0
    },
    {
      "name": "personality01",
      "pass": 0,
      "all": 0,
      "score": 0
    },
    {
      "name": "personality02",
      "pass": 0,
      "all": 0,
      "score": 0
    },
    {
      "name": "pidfd_getfd01",
      "pass": 0,
      "all": 0,
      "score": 0
    },
    {
      "name": "pidfd_getfd02",
      "pass": 0,
      "all": 0,
      "score": 0
    },
    {
      "name": "pidfd_open01",
      "pass": 0,
      "all": 0,
      "score": 0
    },
    {
      "name": "pidfd_open02",
      "pass": 0,
      "all": 0,
      "score": 0
    },
    {
      "name": "pidfd_open03",
      "pass": 0,
      "all": 0,
      "score": 0
    },
    {
      "name": "pidfd_open04",
      "pass": 0,
      "all": 0,
      "score": 0
    },
    {
      "name": "pidfd_send_signal01",
      "pass": 0,
      "all": 0,
      "score": 0
    },
    {
      "name": "pidfd_send_signal02",
      "pass": 0,
      "all": 0,
      "score": 0
    },
    {
      "name": "pidfd_send_signal03",
      "pass": 0,
      "all": 0,
      "score": 0
    },
    {
      "name": "pidns01",
      "pass": 0,
      "all": 0,
      "score": 0
    },
    {
      "name": "pidns02",
      "pass": 0,
      "all": 0,
      "score": 0
    },
    {
      "name": "pidns03",
      "pass": 0,
      "all": 0,
      "score": 0
    },
    {
      "name": "pidns04",
      "pass": 0,
      "all": 0,
      "score": 0
    },
    {
      "name": "pidns05",
      "pass": 0,
      "all": 0,
      "score": 0
    },
    {
      "name": "pidns06",
      "pass": 0,
      "all": 0,
      "score": 0
    },
    {
      "name": "pidns10",
      "pass": 0,
      "all": 0,
      "score": 0
    },
    {
      "name": "pidns12",
      "pass": 0,
      "all": 0,
      "score": 0
    },
    {
      "name": "pidns13",
      "pass": 0,
      "all": 0,
      "score": 0
    },
    {
      "name": "pidns16",
      "pass": 0,
      "all": 0,
      "score": 0
    },
    {
      "name": "pidns17",
      "pass": 0,
      "all": 0,
      "score": 0
    },
    {
      "name": "pidns20",
      "pass": 0,
      "all": 0,
      "score": 0
    },
    {
      "name": "pidns30",
      "pass": 0,
      "all": 0,
      "score": 0
    },
    {
      "name": "pidns31",
      "pass": 0,
      "all": 0,
      "score": 0
    },
    {
      "name": "pidns32",
      "pass": 0,
      "all": 0,
      "score": 0
    },
    {
      "name": "pids.sh",
      "pass": 0,
      "all": 0,
      "score": 0
    },
    {
      "name": "pids_task1",
      "pass": 0,
      "all": 0,
      "score": 0
    },
    {
      "name": "pids_task2",
      "pass": 0,
      "all": 0,
      "score": 0
    },
    {
      "name": "ping01.sh",
      "pass": 0,
      "all": 0,
      "score": 0
    },
    {
      "name": "ping02.sh",
      "pass": 0,
      "all": 0,
      "score": 0
    },
    {
      "name": "pipe01",
      "pass": 0,
      "all": 0,
      "score": 0
    },
    {
      "name": "pipe02",
      "pass": 0,
      "all": 0,
      "score": 0
    },
    {
      "name": "pipe03",
      "pass": 0,
      "all": 0,
      "score": 0
    },
    {
      "name": "pipe04",
      "pass": 0,
      "all": 0,
      "score": 0
    },
    {
      "name": "pipe05",
      "pass": 0,
      "all": 0,
      "score": 0
    },
    {
      "name": "pipe06",
      "pass": 0,
      "all": 0,
      "score": 0
    },
    {
      "name": "pipe07",
      "pass": 0,
      "all": 0,
      "score": 0
    },
    {
      "name": "pipe08",
      "pass": 0,
      "all": 0,
      "score": 0
    },
    {
      "name": "pipe09",
      "pass": 0,
      "all": 0,
      "score": 0
    },
    {
      "name": "pipe10",
      "pass": 0,
      "all": 0,
      "score": 0
    },
    {
      "name": "pipe11",
      "pass": 0,
      "all": 0,
      "score": 0
    },
    {
      "name": "pipe12",
      "pass": 0,
      "all": 0,
      "score": 0
    },
    {
      "name": "pipe13",
      "pass": 0,
      "all": 0,
      "score": 0
    },
    {
      "name": "pipe14",
      "pass": 0,
      "all": 0,
      "score": 0
    },
    {
      "name": "pipe15",
      "pass": 0,
      "all": 0,
      "score": 0
    },
    {
      "name": "pipe2_01",
      "pass": 0,
      "all": 0,
      "score": 0
    },
    {
      "name": "pipe2_02",
      "pass": 0,
      "all": 0,
      "score": 0
    },
    {
      "name": "pipe2_02_child",
      "pass": 0,
      "all": 0,
      "score": 0
    },
    {
      "name": "pipe2_04",
      "pass": 0,
      "all": 0,
      "score": 0
    },
    {
      "name": "pipeio",
      "pass": 0,
      "all": 0,
      "score": 0
    },
    {
      "name": "pivot_root01",
      "pass": 0,
      "all": 0,
      "score": 0
    },
    {
      "name": "pkey01",
      "pass": 0,
      "all": 0,
      "score": 0
    },
    {
      "name": "pm_cpu_consolidation.py",
      "pass": 0,
      "all": 0,
      "score": 0
    },
    {
      "name": "pm_get_sched_values",
      "pass": 0,
      "all": 0,
      "score": 0
    },
    {
      "name": "pm_ilb_test.py",
      "pass": 0,
      "all": 0,
      "score": 0
    },
    {
      "name": "pm_include.sh",
      "pass": 0,
      "all": 0,
      "score": 0
    },
    {
      "name": "pm_sched_domain.py",
      "pass": 0,
      "all": 0,
      "score": 0
    },
    {
      "name": "pm_sched_mc.py",
      "pass": 0,
      "all": 0,
      "score": 0
    },
    {
      "name": "poll01",
      "pass": 0,
      "all": 0,
      "score": 0
    },
    {
      "name": "poll02",
      "pass": 0,
      "all": 0,
      "score": 0
    },
    {
      "name": "posix_fadvise01",
      "pass": 0,
      "all": 0,
      "score": 0
    },
    {
      "name": "posix_fadvise01_64",
      "pass": 0,
      "all": 0,
      "score": 0
    },
    {
      "name": "posix_fadvise02",
      "pass": 0,
      "all": 0,
      "score": 0
    },
    {
      "name": "posix_fadvise02_64",
      "pass": 0,
      "all": 0,
      "score": 0
    },
    {
      "name": "posix_fadvise03",
      "pass": 0,
      "all": 0,
      "score": 0
    },
    {
      "name": "posix_fadvise03_64",
      "pass": 0,
      "all": 0,
      "score": 0
    },
    {
      "name": "posix_fadvise04",
      "pass": 0,
      "all": 0,
      "score": 0
    },
    {
      "name": "posix_fadvise04_64",
      "pass": 0,
      "all": 0,
      "score": 0
    },
    {
      "name": "ppoll01",
      "pass": 0,
      "all": 0,
      "score": 0
    },
    {
      "name": "prctl01",
      "pass": 0,
      "all": 0,
      "score": 0
    },
    {
      "name": "prctl02",
      "pass": 0,
      "all": 0,
      "score": 0
    },
    {
      "name": "prctl03",
      "pass": 0,
      "all": 0,
      "score": 0
    },
    {
      "name": "prctl04",
      "pass": 0,
      "all": 0,
      "score": 0
    },
    {
      "name": "prctl05",
      "pass": 0,
      "all": 0,
      "score": 0
    },
    {
      "name": "prctl06",
      "pass": 0,
      "all": 0,
      "score": 0
    },
    {
      "name": "prctl06_execve",
      "pass": 0,
      "all": 0,
      "score": 0
    },
    {
      "name": "prctl07",
      "pass": 0,
      "all": 0,
      "score": 0
    },
    {
      "name": "prctl08",
      "pass": 0,
      "all": 0,
      "score": 0
    },
    {
      "name": "prctl09",
      "pass": 0,
      "all": 0,
      "score": 0
    },
    {
      "name": "prctl10",
      "pass": 0,
      "all": 0,
      "score": 0
    },
    {
      "name": "pread01",
      "pass": 0,
      "all": 0,
      "score": 0
    },
    {
      "name": "pread01_64",
      "pass": 0,
      "all": 0,
      "score": 0
    },
    {
      "name": "pread02",
      "pass": 0,
      "all": 0,
      "score": 0
    },
    {
      "name": "pread02_64",
      "pass": 0,
      "all": 0,
      "score": 0
    },
    {
      "name": "preadv01",
      "pass": 0,
      "all": 0,
      "score": 0
    },
    {
      "name": "preadv01_64",
      "pass": 0,
      "all": 0,
      "score": 0
    },
    {
      "name": "preadv02",
      "pass": 0,
      "all": 0,
      "score": 0
    },
    {
      "name": "preadv02_64",
      "pass": 0,
      "all": 0,
      "score": 0
    },
    {
      "name": "preadv03",
      "pass": 0,
      "all": 0,
      "score": 0
    },
    {
      "name": "preadv03_64",
      "pass": 0,
      "all": 0,
      "score": 0
    },
    {
      "name": "preadv201",
      "pass": 0,
      "all": 0,
      "score": 0
    },
    {
      "name": "preadv201_64",
      "pass": 0,
      "all": 0,
      "score": 0
    },
    {
      "name": "preadv202",
      "pass": 0,
      "all": 0,
      "score": 0
    },
    {
      "name": "preadv202_64",
      "pass": 0,
      "all": 0,
      "score": 0
    },
    {
      "name": "preadv203",
      "pass": 0,
      "all": 0,
      "score": 0
    },
    {
      "name": "preadv203_64",
      "pass": 0,
      "all": 0,
      "score": 0
    },
    {
      "name": "prepare_lvm.sh",
      "pass": 0,
      "all": 0,
      "score": 0
    },
    {
      "name": "print_caps",
      "pass": 0,
      "all": 0,
      "score": 0
    },
    {
      "name": "proc01",
      "pass": 0,
      "all": 0,
      "score": 0
    },
    {
      "name": "proc_sched_rt01",
      "pass": 0,
      "all": 0,
      "score": 0
    },
    {
      "name": "process_madvise01",
      "pass": 0,
      "all": 0,
      "score": 0
    },
    {
      "name": "process_vm01",
      "pass": 0,
      "all": 0,
      "score": 0
    },
    {
      "name": "process_vm_readv02",
      "pass": 0,
      "all": 0,
      "score": 0
    },
    {
      "name": "process_vm_readv03",
      "pass": 0,
      "all": 0,
      "score": 0
    },
    {
      "name": "process_vm_writev02",
      "pass": 0,
      "all": 0,
      "score": 0
    },
    {
      "name": "profil01",
      "pass": 0,
      "all": 0,
      "score": 0
    },
    {
      "name": "prot_hsymlinks",
      "pass": 0,
      "all": 0,
      "score": 0
    },
    {
      "name": "pselect01",
      "pass": 0,
      "all": 0,
      "score": 0
    },
    {
      "name": "pselect01_64",
      "pass": 0,
      "all": 0,
      "score": 0
    },
    {
      "name": "pselect02",
      "pass": 0,
      "all": 0,
      "score": 0
    },
    {
      "name": "pselect02_64",
      "pass": 0,
      "all": 0,
      "score": 0
    },
    {
      "name": "pselect03",
      "pass": 0,
      "all": 0,
      "score": 0
    },
    {
      "name": "pselect03_64",
      "pass": 0,
      "all": 0,
      "score": 0
    },
    {
      "name": "pt_test",
      "pass": 0,
      "all": 0,
      "score": 0
    },
    {
      "name": "ptem01",
      "pass": 0,
      "all": 0,
      "score": 0
    },
    {
      "name": "pth_str01",
      "pass": 0,
      "all": 0,
      "score": 0
    },
    {
      "name": "pth_str02",
      "pass": 0,
      "all": 0,
      "score": 0
    },
    {
      "name": "pth_str03",
      "pass": 0,
      "all": 0,
      "score": 0
    },
    {
      "name": "pthcli",
      "pass": 0,
      "all": 0,
      "score": 0
    },
    {
      "name": "pthserv",
      "pass": 0,
      "all": 0,
      "score": 0
    },
    {
      "name": "ptrace01",
      "pass": 0,
      "all": 0,
      "score": 0
    },
    {
      "name": "ptrace02",
      "pass": 0,
      "all": 0,
      "score": 0
    },
    {
      "name": "ptrace03",
      "pass": 0,
      "all": 0,
      "score": 0
    },
    {
      "name": "ptrace04",
      "pass": 0,
      "all": 0,
      "score": 0
    },
    {
      "name": "ptrace05",
      "pass": 0,
      "all": 0,
      "score": 0
    },
    {
      "name": "ptrace06",
      "pass": 0,
      "all": 0,
      "score": 0
    },
    {
      "name": "ptrace07",
      "pass": 0,
      "all": 0,
      "score": 0
    },
    {
      "name": "ptrace08",
      "pass": 0,
      "all": 0,
      "score": 0
    },
    {
      "name": "ptrace09",
      "pass": 0,
      "all": 0,
      "score": 0
    },
    {
      "name": "ptrace10",
      "pass": 0,
      "all": 0,
      "score": 0
    },
    {
      "name": "ptrace11",
      "pass": 0,
      "all": 0,
      "score": 0
    },
    {
      "name": "pty01",
      "pass": 0,
      "all": 0,
      "score": 0
    },
    {
      "name": "pty02",
      "pass": 0,
      "all": 0,
      "score": 0
    },
    {
      "name": "pty03",
      "pass": 0,
      "all": 0,
      "score": 0
    },
    {
      "name": "pty04",
      "pass": 0,
      "all": 0,
      "score": 0
    },
    {
      "name": "pty05",
      "pass": 0,
      "all": 0,
      "score": 0
    },
    {
      "name": "pty06",
      "pass": 0,
      "all": 0,
      "score": 0
    },
    {
      "name": "pty07",
      "pass": 0,
      "all": 0,
      "score": 0
    },
    {
      "name": "pwrite01",
      "pass": 0,
      "all": 0,
      "score": 0
    },
    {
      "name": "pwrite01_64",
      "pass": 0,
      "all": 0,
      "score": 0
    },
    {
      "name": "pwrite02",
      "pass": 0,
      "all": 0,
      "score": 0
    },
    {
      "name": "pwrite02_64",
      "pass": 0,
      "all": 0,
      "score": 0
    },
    {
      "name": "pwrite03",
      "pass": 0,
      "all": 0,
      "score": 0
    },
    {
      "name": "pwrite03_64",
      "pass": 0,
      "all": 0,
      "score": 0
    },
    {
      "name": "pwrite04",
      "pass": 0,
      "all": 0,
      "score": 0
    },
    {
      "name": "pwrite04_64",
      "pass": 0,
      "all": 0,
      "score": 0
    },
    {
      "name": "pwritev01",
      "pass": 0,
      "all": 0,
      "score": 0
    },
    {
      "name": "pwritev01_64",
      "pass": 0,
      "all": 0,
      "score": 0
    },
    {
      "name": "pwritev02",
      "pass": 0,
      "all": 0,
      "score": 0
    },
    {
      "name": "pwritev02_64",
      "pass": 0,
      "all": 0,
      "score": 0
    },
    {
      "name": "pwritev03",
      "pass": 0,
      "all": 0,
      "score": 0
    },
    {
      "name": "pwritev03_64",
      "pass": 0,
      "all": 0,
      "score": 0
    },
    {
      "name": "pwritev201",
      "pass": 0,
      "all": 0,
      "score": 0
    },
    {
      "name": "pwritev201_64",
      "pass": 0,
      "all": 0,
      "score": 0
    },
    {
      "name": "pwritev202",
      "pass": 0,
      "all": 0,
      "score": 0
    },
    {
      "name": "pwritev202_64",
      "pass": 0,
      "all": 0,
      "score": 0
    },
    {
      "name": "quota_remount_test01.sh",
      "pass": 0,
      "all": 0,
      "score": 0
    },
    {
      "name": "quotactl01",
      "pass": 0,
      "all": 0,
      "score": 0
    },
    {
      "name": "quotactl02",
      "pass": 0,
      "all": 0,
      "score": 0
    },
    {
      "name": "quotactl03",
      "pass": 0,
      "all": 0,
      "score": 0
    },
    {
      "name": "quotactl04",
      "pass": 0,
      "all": 0,
      "score": 0
    },
    {
      "name": "quotactl05",
      "pass": 0,
      "all": 0,
      "score": 0
    },
    {
      "name": "quotactl06",
      "pass": 0,
      "all": 0,
      "score": 0
    },
    {
      "name": "quotactl07",
      "pass": 0,
      "all": 0,
      "score": 0
    },
    {
      "name": "quotactl08",
      "pass": 0,
      "all": 0,
      "score": 0
    },
    {
      "name": "quotactl09",
      "pass": 0,
      "all": 0,
      "score": 0
    },
    {
      "name": "rcu_torture.sh",
      "pass": 0,
      "all": 0,
      "score": 0
    },
    {
      "name": "read01",
      "pass": 0,
      "all": 0,
      "score": 0
    },
    {
      "name": "read02",
      "pass": 0,
      "all": 0,
      "score": 0
    },
    {
      "name": "read03",
      "pass": 0,
      "all": 0,
      "score": 0
    },
    {
      "name": "read04",
      "pass": 0,
      "all": 0,
      "score": 0
    },
    {
      "name": "read_all",
      "pass": 0,
      "all": 0,
      "score": 0
    },
    {
      "name": "readahead01",
      "pass": 0,
      "all": 0,
      "score": 0
    },
    {
      "name": "readahead02",
      "pass": 0,
      "all": 0,
      "score": 0
    },
    {
      "name": "readdir01",
      "pass": 0,
      "all": 0,
      "score": 0
    },
    {
      "name": "readdir21",
      "pass": 0,
      "all": 0,
      "score": 0
    },
    {
      "name": "readlink01",
      "pass": 0,
      "all": 0,
      "score": 0
    },
    {
      "name": "readlink03",
      "pass": 0,
      "all": 0,
      "score": 0
    },
    {
      "name": "readlinkat01",
      "pass": 0,
      "all": 0,
      "score": 0
    },
    {
      "name": "readlinkat02",
      "pass": 0,
      "all": 0,
      "score": 0
    },
    {
      "name": "readv01",
      "pass": 0,
      "all": 0,
      "score": 0
    },
    {
      "name": "readv02",
      "pass": 0,
      "all": 0,
      "score": 0
    },
    {
      "name": "realpath01",
      "pass": 0,
      "all": 0,
      "score": 0
    },
    {
      "name": "reboot01",
      "pass": 0,
      "all": 0,
      "score": 0
    },
    {
      "name": "reboot02",
      "pass": 0,
      "all": 0,
      "score": 0
    },
    {
      "name": "recv01",
      "pass": 0,
      "all": 0,
      "score": 0
    },
    {
      "name": "recvfrom01",
      "pass": 0,
      "all": 0,
      "score": 0
    },
    {
      "name": "recvmmsg01",
      "pass": 0,
      "all": 0,
      "score": 0
    },
    {
      "name": "recvmsg01",
      "pass": 0,
      "all": 0,
      "score": 0
    },
    {
      "name": "recvmsg02",
      "pass": 0,
      "all": 0,
      "score": 0
    },
    {
      "name": "recvmsg03",
      "pass": 0,
      "all": 0,
      "score": 0
    },
    {
      "name": "remap_file_pages01",
      "pass": 0,
      "all": 0,
      "score": 0
    },
    {
      "name": "remap_file_pages02",
      "pass": 0,
      "all": 0,
      "score": 0
    },
    {
      "name": "remove_password.sh",
      "pass": 0,
      "all": 0,
      "score": 0
    },
    {
      "name": "removexattr01",
      "pass": 0,
      "all": 0,
      "score": 0
    },
    {
      "name": "removexattr02",
      "pass": 0,
      "all": 0,
      "score": 0
    },
    {
      "name": "rename01",
      "pass": 0,
      "all": 0,
      "score": 0
    },
    {
      "name": "rename03",
      "pass": 0,
      "all": 0,
      "score": 0
    },
    {
      "name": "rename04",
      "pass": 0,
      "all": 0,
      "score": 0
    },
    {
      "name": "rename05",
      "pass": 0,
      "all": 0,
      "score": 0
    },
    {
      "name": "rename06",
      "pass": 0,
      "all": 0,
      "score": 0
    },
    {
      "name": "rename07",
      "pass": 0,
      "all": 0,
      "score": 0
    },
    {
      "name": "rename08",
      "pass": 0,
      "all": 0,
      "score": 0
    },
    {
      "name": "rename09",
      "pass": 0,
      "all": 0,
      "score": 0
    },
    {
      "name": "rename10",
      "pass": 0,
      "all": 0,
      "score": 0
    },
    {
      "name": "rename11",
      "pass": 0,
      "all": 0,
      "score": 0
    },
    {
      "name": "rename12",
      "pass": 0,
      "all": 0,
      "score": 0
    },
    {
      "name": "rename13",
      "pass": 0,
      "all": 0,
      "score": 0
    },
    {
      "name": "rename14",
      "pass": 0,
      "all": 0,
      "score": 0
    },
    {
      "name": "renameat01",
      "pass": 0,
      "all": 0,
      "score": 0
    },
    {
      "name": "renameat201",
      "pass": 0,
      "all": 0,
      "score": 0
    },
    {
      "name": "renameat202",
      "pass": 0,
      "all": 0,
      "score": 0
    },
    {
      "name": "request_key01",
      "pass": 0,
      "all": 0,
      "score": 0
    },
    {
      "name": "request_key02",
      "pass": 0,
      "all": 0,
      "score": 0
    },
    {
      "name": "request_key03",
      "pass": 0,
      "all": 0,
      "score": 0
    },
    {
      "name": "request_key04",
      "pass": 0,
      "all": 0,
      "score": 0
    },
    {
      "name": "request_key05",
      "pass": 0,
      "all": 0,
      "score": 0
    },
    {
      "name": "rmdir01",
      "pass": 0,
      "all": 0,
      "score": 0
    },
    {
      "name": "rmdir02",
      "pass": 0,
      "all": 0,
      "score": 0
    },
    {
      "name": "rmdir03",
      "pass": 0,
      "all": 0,
      "score": 0
    },
    {
      "name": "route-change-dst.sh",
      "pass": 0,
      "all": 0,
      "score": 0
    },
    {
      "name": "route-change-gw.sh",
      "pass": 0,
      "all": 0,
      "score": 0
    },
    {
      "name": "route-change-if.sh",
      "pass": 0,
      "all": 0,
      "score": 0
    },
    {
      "name": "route-change-netlink",
      "pass": 0,
      "all": 0,
      "score": 0
    },
    {
      "name": "route-change-netlink-dst.sh",
      "pass": 0,
      "all": 0,
      "score": 0
    },
    {
      "name": "route-change-netlink-gw.sh",
      "pass": 0,
      "all": 0,
      "score": 0
    },
    {
      "name": "route-change-netlink-if.sh",
      "pass": 0,
      "all": 0,
      "score": 0
    },
    {
      "name": "route-lib.sh",
      "pass": 0,
      "all": 0,
      "score": 0
    },
    {
      "name": "route-redirect.sh",
      "pass": 0,
      "all": 0,
      "score": 0
    },
    {
      "name": "route4-rmmod",
      "pass": 0,
      "all": 0,
      "score": 0
    },
    {
      "name": "route6-rmmod",
      "pass": 0,
      "all": 0,
      "score": 0
    },
    {
      "name": "rt_sigaction01",
      "pass": 0,
      "all": 0,
      "score": 0
    },
    {
      "name": "rt_sigaction02",
      "pass": 0,
      "all": 0,
      "score": 0
    },
    {
      "name": "rt_sigaction03",
      "pass": 0,
      "all": 0,
      "score": 0
    },
    {
      "name": "rt_sigprocmask01",
      "pass": 0,
      "all": 0,
      "score": 0
    },
    {
      "name": "rt_sigprocmask02",
      "pass": 0,
      "all": 0,
      "score": 0
    },
    {
      "name": "rt_sigqueueinfo01",
      "pass": 0,
      "all": 0,
      "score": 0
    },
    {
      "name": "rt_sigsuspend01",
      "pass": 0,
      "all": 0,
      "score": 0
    },
    {
      "name": "rtc01",
      "pass": 0,
      "all": 0,
      "score": 0
    },
    {
      "name": "rtc02",
      "pass": 0,
      "all": 0,
      "score": 0
    },
    {
      "name": "run_capbounds.sh",
      "pass": 0,
      "all": 0,
      "score": 0
    },
    {
      "name": "run_cpuctl_latency_test.sh",
      "pass": 0,
      "all": 0,
      "score": 0
    },
    {
      "name": "run_cpuctl_stress_test.sh",
      "pass": 0,
      "all": 0,
      "score": 0
    },
    {
      "name": "run_cpuctl_test.sh",
      "pass": 0,
      "all": 0,
      "score": 0
    },
    {
      "name": "run_cpuctl_test_fj.sh",
      "pass": 0,
      "all": 0,
      "score": 0
    },
    {
      "name": "run_freezer.sh",
      "pass": 0,
      "all": 0,
      "score": 0
    },
    {
      "name": "run_memctl_test.sh",
      "pass": 0,
      "all": 0,
      "score": 0
    },
    {
      "name": "run_sched_cliserv.sh",
      "pass": 0,
      "all": 0,
      "score": 0
    },
    {
      "name": "runpwtests01.sh",
      "pass": 0,
      "all": 0,
      "score": 0
    },
    {
      "name": "runpwtests02.sh",
      "pass": 0,
      "all": 0,
      "score": 0
    },
    {
      "name": "runpwtests03.sh",
      "pass": 0,
      "all": 0,
      "score": 0
    },
    {
      "name": "runpwtests04.sh",
      "pass": 0,
      "all": 0,
      "score": 0
    },
    {
      "name": "runpwtests05.sh",
      "pass": 0,
      "all": 0,
      "score": 0
    },
    {
      "name": "runpwtests06.sh",
      "pass": 0,
      "all": 0,
      "score": 0
    },
    {
      "name": "runpwtests_exclusive01.sh",
      "pass": 0,
      "all": 0,
      "score": 0
    },
    {
      "name": "runpwtests_exclusive02.sh",
      "pass": 0,
      "all": 0,
      "score": 0
    },
    {
      "name": "runpwtests_exclusive03.sh",
      "pass": 0,
      "all": 0,
      "score": 0
    },
    {
      "name": "runpwtests_exclusive04.sh",
      "pass": 0,
      "all": 0,
      "score": 0
    },
    {
      "name": "runpwtests_exclusive05.sh",
      "pass": 0,
      "all": 0,
      "score": 0
    },
    {
      "name": "rwtest",
      "pass": 0,
      "all": 0,
      "score": 0
    },
    {
      "name": "sbrk01",
      "pass": 0,
      "all": 0,
      "score": 0
    },
    {
      "name": "sbrk02",
      "pass": 0,
      "all": 0,
      "score": 0
    },
    {
      "name": "sbrk03",
      "pass": 0,
      "all": 0,
      "score": 0
    },
    {
      "name": "sched_datafile",
      "pass": 0,
      "all": 0,
      "score": 0
    },
    {
      "name": "sched_driver",
      "pass": 0,
      "all": 0,
      "score": 0
    },
    {
      "name": "sched_get_priority_max01",
      "pass": 0,
      "all": 0,
      "score": 0
    },
    {
      "name": "sched_get_priority_max02",
      "pass": 0,
      "all": 0,
      "score": 0
    },
    {
      "name": "sched_get_priority_min01",
      "pass": 0,
      "all": 0,
      "score": 0
    },
    {
      "name": "sched_get_priority_min02",
      "pass": 0,
      "all": 0,
      "score": 0
    },
    {
      "name": "sched_getaffinity01",
      "pass": 0,
      "all": 0,
      "score": 0
    },
    {
      "name": "sched_getattr01",
      "pass": 0,
      "all": 0,
      "score": 0
    },
    {
      "name": "sched_getattr02",
      "pass": 0,
      "all": 0,
      "score": 0
    },
    {
      "name": "sched_getparam01",
      "pass": 0,
      "all": 0,
      "score": 0
    },
    {
      "name": "sched_getparam03",
      "pass": 0,
      "all": 0,
      "score": 0
    },
    {
      "name": "sched_getscheduler01",
      "pass": 0,
      "all": 0,
      "score": 0
    },
    {
      "name": "sched_getscheduler02",
      "pass": 0,
      "all": 0,
      "score": 0
    },
    {
      "name": "sched_rr_get_interval01",
      "pass": 0,
      "all": 0,
      "score": 0
    },
    {
      "name": "sched_rr_get_interval02",
      "pass": 0,
      "all": 0,
      "score": 0
    },
    {
      "name": "sched_rr_get_interval03",
      "pass": 0,
      "all": 0,
      "score": 0
    },
    {
      "name": "sched_setaffinity01",
      "pass": 0,
      "all": 0,
      "score": 0
    },
    {
      "name": "sched_setattr01",
      "pass": 0,
      "all": 0,
      "score": 0
    },
    {
      "name": "sched_setparam01",
      "pass": 0,
      "all": 0,
      "score": 0
    },
    {
      "name": "sched_setparam02",
      "pass": 0,
      "all": 0,
      "score": 0
    },
    {
      "name": "sched_setparam03",
      "pass": 0,
      "all": 0,
      "score": 0
    },
    {
      "name": "sched_setparam04",
      "pass": 0,
      "all": 0,
      "score": 0
    },
    {
      "name": "sched_setparam05",
      "pass": 0,
      "all": 0,
      "score": 0
    },
    {
      "name": "sched_setscheduler01",
      "pass": 0,
      "all": 0,
      "score": 0
    },
    {
      "name": "sched_setscheduler02",
      "pass": 0,
      "all": 0,
      "score": 0
    },
    {
      "name": "sched_setscheduler03",
      "pass": 0,
      "all": 0,
      "score": 0
    },
    {
      "name": "sched_setscheduler04",
      "pass": 0,
      "all": 0,
      "score": 0
    },
    {
      "name": "sched_stress.sh",
      "pass": 0,
      "all": 0,
      "score": 0
    },
    {
      "name": "sched_tc0",
      "pass": 0,
      "all": 0,
      "score": 0
    },
    {
      "name": "sched_tc1",
      "pass": 0,
      "all": 0,
      "score": 0
    },
    {
      "name": "sched_tc2",
      "pass": 0,
      "all": 0,
      "score": 0
    },
    {
      "name": "sched_tc3",
      "pass": 0,
      "all": 0,
      "score": 0
    },
    {
      "name": "sched_tc4",
      "pass": 0,
      "all": 0,
      "score": 0
    },
    {
      "name": "sched_tc5",
      "pass": 0,
      "all": 0,
      "score": 0
    },
    {
      "name": "sched_tc6",
      "pass": 0,
      "all": 0,
      "score": 0
    },
    {
      "name": "sched_yield01",
      "pass": 0,
      "all": 0,
      "score": 0
    },
    {
      "name": "sctp01.sh",
      "pass": 0,
      "all": 0,
      "score": 0
    },
    {
      "name": "sctp_big_chunk",
      "pass": 0,
      "all": 0,
      "score": 0
    },
    {
      "name": "sctp_ipsec.sh",
      "pass": 0,
      "all": 0,
      "score": 0
    },
    {
      "name": "sctp_ipsec_vti.sh",
      "pass": 0,
      "all": 0,
      "score": 0
    },
    {
      "name": "select01",
      "pass": 0,
      "all": 0,
      "score": 0
    },
    {
      "name": "select02",
      "pass": 0,
      "all": 0,
      "score": 0
    },
    {
      "name": "select03",
      "pass": 0,
      "all": 0,
      "score": 0
    },
    {
      "name": "select04",
      "pass": 0,
      "all": 0,
      "score": 0
    },
    {
      "name": "sem_comm",
      "pass": 0,
      "all": 0,
      "score": 0
    },
    {
      "name": "sem_nstest",
      "pass": 0,
      "all": 0,
      "score": 0
    },
    {
      "name": "semctl01",
      "pass": 0,
      "all": 0,
      "score": 0
    },
    {
      "name": "semctl02",
      "pass": 0,
      "all": 0,
      "score": 0
    },
    {
      "name": "semctl03",
      "pass": 0,
      "all": 0,
      "score": 0
    },
    {
      "name": "semctl04",
      "pass": 0,
      "all": 0,
      "score": 0
    },
    {
      "name": "semctl05",
      "pass": 0,
      "all": 0,
      "score": 0
    },
    {
      "name": "semctl06",
      "pass": 0,
      "all": 0,
      "score": 0
    },
    {
      "name": "semctl07",
      "pass": 0,
      "all": 0,
      "score": 0
    },
    {
      "name": "semctl08",
      "pass": 0,
      "all": 0,
      "score": 0
    },
    {
      "name": "semctl09",
      "pass": 0,
      "all": 0,
      "score": 0
    },
    {
      "name": "semget01",
      "pass": 0,
      "all": 0,
      "score": 0
    },
    {
      "name": "semget02",
      "pass": 0,
      "all": 0,
      "score": 0
    },
    {
      "name": "semget05",
      "pass": 0,
      "all": 0,
      "score": 0
    },
    {
      "name": "semop01",
      "pass": 0,
      "all": 0,
      "score": 0
    },
    {
      "name": "semop02",
      "pass": 0,
      "all": 0,
      "score": 0
    },
    {
      "name": "semop03",
      "pass": 0,
      "all": 0,
      "score": 0
    },
    {
      "name": "semop04",
      "pass": 0,
      "all": 0,
      "score": 0
    },
    {
      "name": "semop05",
      "pass": 0,
      "all": 0,
      "score": 0
    },
    {
      "name": "semtest_2ns",
      "pass": 0,
      "all": 0,
      "score": 0
    },
    {
      "name": "send01",
      "pass": 0,
      "all": 0,
      "score": 0
    },
    {
      "name": "send02",
      "pass": 0,
      "all": 0,
      "score": 0
    },
    {
      "name": "sendfile01.sh",
      "pass": 0,
      "all": 0,
      "score": 0
    },
    {
      "name": "sendfile02",
      "pass": 0,
      "all": 0,
      "score": 0
    },
    {
      "name": "sendfile02_64",
      "pass": 0,
      "all": 0,
      "score": 0
    },
    {
      "name": "sendfile03",
      "pass": 0,
      "all": 0,
      "score": 0
    },
    {
      "name": "sendfile03_64",
      "pass": 0,
      "all": 0,
      "score": 0
    },
    {
      "name": "sendfile04",
      "pass": 0,
      "all": 0,
      "score": 0
    },
    {
      "name": "sendfile04_64",
      "pass": 0,
      "all": 0,
      "score": 0
    },
    {
      "name": "sendfile05",
      "pass": 0,
      "all": 0,
      "score": 0
    },
    {
      "name": "sendfile05_64",
      "pass": 0,
      "all": 0,
      "score": 0
    },
    {
      "name": "sendfile06",
      "pass": 0,
      "all": 0,
      "score": 0
    },
    {
      "name": "sendfile06_64",
      "pass": 0,
      "all": 0,
      "score": 0
    },
    {
      "name": "sendfile07",
      "pass": 0,
      "all": 0,
      "score": 0
    },
    {
      "name": "sendfile07_64",
      "pass": 0,
      "all": 0,
      "score": 0
    },
    {
      "name": "sendfile08",
      "pass": 0,
      "all": 0,
      "score": 0
    },
    {
      "name": "sendfile08_64",
      "pass": 0,
      "all": 0,
      "score": 0
    },
    {
      "name": "sendfile09",
      "pass": 0,
      "all": 0,
      "score": 0
    },
    {
      "name": "sendfile09_64",
      "pass": 0,
      "all": 0,
      "score": 0
    },
    {
      "name": "sendmmsg01",
      "pass": 0,
      "all": 0,
      "score": 0
    },
    {
      "name": "sendmmsg02",
      "pass": 0,
      "all": 0,
      "score": 0
    },
    {
      "name": "sendmsg01",
      "pass": 0,
      "all": 0,
      "score": 0
    },
    {
      "name": "sendmsg02",
      "pass": 0,
      "all": 0,
      "score": 0
    },
    {
      "name": "sendmsg03",
      "pass": 0,
      "all": 0,
      "score": 0
    },
    {
      "name": "sendto01",
      "pass": 0,
      "all": 0,
      "score": 0
    },
    {
      "name": "sendto02",
      "pass": 0,
      "all": 0,
      "score": 0
    },
    {
      "name": "sendto03",
      "pass": 0,
      "all": 0,
      "score": 0
    },
    {
      "name": "set_ipv4addr",
      "pass": 0,
      "all": 0,
      "score": 0
    },
    {
      "name": "set_mempolicy01",
      "pass": 0,
      "all": 0,
      "score": 0
    },
    {
      "name": "set_mempolicy02",
      "pass": 0,
      "all": 0,
      "score": 0
    },
    {
      "name": "set_mempolicy03",
      "pass": 0,
      "all": 0,
      "score": 0
    },
    {
      "name": "set_mempolicy04",
      "pass": 0,
      "all": 0,
      "score": 0
    },
    {
      "name": "set_mempolicy05",
      "pass": 0,
      "all": 0,
      "score": 0
    },
    {
      "name": "set_robust_list01",
      "pass": 0,
      "all": 0,
      "score": 0
    },
    {
      "name": "set_thread_area01",
      "pass": 0,
      "all": 0,
      "score": 0
    },
    {
      "name": "set_tid_address01",
      "pass": 0,
      "all": 0,
      "score": 0
    },
    {
      "name": "setdomainname01",
      "pass": 0,
      "all": 0,
      "score": 0
    },
    {
      "name": "setdomainname02",
      "pass": 0,
      "all": 0,
      "score": 0
    },
    {
      "name": "setdomainname03",
      "pass": 0,
      "all": 0,
      "score": 0
    },
    {
      "name": "setegid01",
      "pass": 0,
      "all": 0,
      "score": 0
    },
    {
      "name": "setegid02",
      "pass": 0,
      "all": 0,
      "score": 0
    },
    {
      "name": "setfsgid01",
      "pass": 0,
      "all": 0,
      "score": 0
    },
    {
      "name": "setfsgid01_16",
      "pass": 0,
      "all": 0,
      "score": 0
    },
    {
      "name": "setfsgid02",
      "pass": 0,
      "all": 0,
      "score": 0
    },
    {
      "name": "setfsgid02_16",
      "pass": 0,
      "all": 0,
      "score": 0
    },
    {
      "name": "setfsgid03",
      "pass": 0,
      "all": 0,
      "score": 0
    },
    {
      "name": "setfsgid03_16",
      "pass": 0,
      "all": 0,
      "score": 0
    },
    {
      "name": "setfsuid01",
      "pass": 0,
      "all": 0,
      "score": 0
    },
    {
      "name": "setfsuid01_16",
      "pass": 0,
      "all": 0,
      "score": 0
    },
    {
      "name": "setfsuid02",
      "pass": 0,
      "all": 0,
      "score": 0
    },
    {
      "name": "setfsuid02_16",
      "pass": 0,
      "all": 0,
      "score": 0
    },
    {
      "name": "setfsuid03",
      "pass": 0,
      "all": 0,
      "score": 0
    },
    {
      "name": "setfsuid03_16",
      "pass": 0,
      "all": 0,
      "score": 0
    },
    {
      "name": "setfsuid04",
      "pass": 0,
      "all": 0,
      "score": 0
    },
    {
      "name": "setfsuid04_16",
      "pass": 0,
      "all": 0,
      "score": 0
    },
    {
      "name": "setgid01",
      "pass": 0,
      "all": 0,
      "score": 0
    },
    {
      "name": "setgid01_16",
      "pass": 0,
      "all": 0,
      "score": 0
    },
    {
      "name": "setgid02",
      "pass": 0,
      "all": 0,
      "score": 0
    },
    {
      "name": "setgid02_16",
      "pass": 0,
      "all": 0,
      "score": 0
    },
    {
      "name": "setgid03",
      "pass": 0,
      "all": 0,
      "score": 0
    },
    {
      "name": "setgid03_16",
      "pass": 0,
      "all": 0,
      "score": 0
    },
    {
      "name": "setgroups01",
      "pass": 0,
      "all": 0,
      "score": 0
    },
    {
      "name": "setgroups01_16",
      "pass": 0,
      "all": 0,
      "score": 0
    },
    {
      "name": "setgroups02",
      "pass": 0,
      "all": 0,
      "score": 0
    },
    {
      "name": "setgroups02_16",
      "pass": 0,
      "all": 0,
      "score": 0
    },
    {
      "name": "setgroups03",
      "pass": 0,
      "all": 0,
      "score": 0
    },
    {
      "name": "setgroups03_16",
      "pass": 0,
      "all": 0,
      "score": 0
    },
    {
      "name": "setgroups04",
      "pass": 0,
      "all": 0,
      "score": 0
    },
    {
      "name": "setgroups04_16",
      "pass": 0,
      "all": 0,
      "score": 0
    },
    {
      "name": "sethostname01",
      "pass": 0,
      "all": 0,
      "score": 0
    },
    {
      "name": "sethostname02",
      "pass": 0,
      "all": 0,
      "score": 0
    },
    {
      "name": "sethostname03",
      "pass": 0,
      "all": 0,
      "score": 0
    },
    {
      "name": "setitimer01",
      "pass": 0,
      "all": 0,
      "score": 0
    },
    {
      "name": "setitimer02",
      "pass": 0,
      "all": 0,
      "score": 0
    },
    {
      "name": "setns01",
      "pass": 0,
      "all": 0,
      "score": 0
    },
    {
      "name": "setns02",
      "pass": 0,
      "all": 0,
      "score": 0
    },
    {
      "name": "setpgid01",
      "pass": 0,
      "all": 0,
      "score": 0
    },
    {
      "name": "setpgid02",
      "pass": 0,
      "all": 0,
      "score": 0
    },
    {
      "name": "setpgid03",
      "pass": 0,
      "all": 0,
      "score": 0
    },
    {
      "name": "setpgid03_child",
      "pass": 0,
      "all": 0,
      "score": 0
    },
    {
      "name": "setpgrp01",
      "pass": 0,
      "all": 0,
      "score": 0
    },
    {
      "name": "setpgrp02",
      "pass": 0,
      "all": 0,
      "score": 0
    },
    {
      "name": "setpriority01",
      "pass": 0,
      "all": 0,
      "score": 0
    },
    {
      "name": "setpriority02",
      "pass": 0,
      "all": 0,
      "score": 0
    },
    {
      "name": "setregid01",
      "pass": 0,
      "all": 0,
      "score": 0
    },
    {
      "name": "setregid01_16",
      "pass": 0,
      "all": 0,
      "score": 0
    },
    {
      "name": "setregid02",
      "pass": 0,
      "all": 0,
      "score": 0
    },
    {
      "name": "setregid02_16",
      "pass": 0,
      "all": 0,
      "score": 0
    },
    {
      "name": "setregid03",
      "pass": 0,
      "all": 0,
      "score": 0
    },
    {
      "name": "setregid03_16",
      "pass": 0,
      "all": 0,
      "score": 0
    },
    {
      "name": "setregid04",
      "pass": 0,
      "all": 0,
      "score": 0
    },
    {
      "name": "setregid04_16",
      "pass": 0,
      "all": 0,
      "score": 0
    },
    {
      "name": "setresgid01",
      "pass": 0,
      "all": 0,
      "score": 0
    },
    {
      "name": "setresgid01_16",
      "pass": 0,
      "all": 0,
      "score": 0
    },
    {
      "name": "setresgid02",
      "pass": 0,
      "all": 0,
      "score": 0
    },
    {
      "name": "setresgid02_16",
      "pass": 0,
      "all": 0,
      "score": 0
    },
    {
      "name": "setresgid03",
      "pass": 0,
      "all": 0,
      "score": 0
    },
    {
      "name": "setresgid03_16",
      "pass": 0,
      "all": 0,
      "score": 0
    },
    {
      "name": "setresgid04",
      "pass": 0,
      "all": 0,
      "score": 0
    },
    {
      "name": "setresgid04_16",
      "pass": 0,
      "all": 0,
      "score": 0
    },
    {
      "name": "setresuid01",
      "pass": 0,
      "all": 0,
      "score": 0
    },
    {
      "name": "setresuid01_16",
      "pass": 0,
      "all": 0,
      "score": 0
    },
    {
      "name": "setresuid02",
      "pass": 0,
      "all": 0,
      "score": 0
    },
    {
      "name": "setresuid02_16",
      "pass": 0,
      "all": 0,
      "score": 0
    },
    {
      "name": "setresuid03",
      "pass": 0,
      "all": 0,
      "score": 0
    },
    {
      "name": "setresuid03_16",
      "pass": 0,
      "all": 0,
      "score": 0
    },
    {
      "name": "setresuid04",
      "pass": 0,
      "all": 0,
      "score": 0
    },
    {
      "name": "setresuid04_16",
      "pass": 0,
      "all": 0,
      "score": 0
    },
    {
      "name": "setresuid05",
      "pass": 0,
      "all": 0,
      "score": 0
    },
    {
      "name": "setresuid05_16",
      "pass": 0,
      "all": 0,
      "score": 0
    },
    {
      "name": "setreuid01",
      "pass": 0,
      "all": 0,
      "score": 0
    },
    {
      "name": "setreuid01_16",
      "pass": 0,
      "all": 0,
      "score": 0
    },
    {
      "name": "setreuid02",
      "pass": 0,
      "all": 0,
      "score": 0
    },
    {
      "name": "setreuid02_16",
      "pass": 0,
      "all": 0,
      "score": 0
    },
    {
      "name": "setreuid03",
      "pass": 0,
      "all": 0,
      "score": 0
    },
    {
      "name": "setreuid03_16",
      "pass": 0,
      "all": 0,
      "score": 0
    },
    {
      "name": "setreuid04",
      "pass": 0,
      "all": 0,
      "score": 0
    },
    {
      "name": "setreuid04_16",
      "pass": 0,
      "all": 0,
      "score": 0
    },
    {
      "name": "setreuid05",
      "pass": 0,
      "all": 0,
      "score": 0
    },
    {
      "name": "setreuid05_16",
      "pass": 0,
      "all": 0,
      "score": 0
    },
    {
      "name": "setreuid06",
      "pass": 0,
      "all": 0,
      "score": 0
    },
    {
      "name": "setreuid06_16",
      "pass": 0,
      "all": 0,
      "score": 0
    },
    {
      "name": "setreuid07",
      "pass": 0,
      "all": 0,
      "score": 0
    },
    {
      "name": "setreuid07_16",
      "pass": 0,
      "all": 0,
      "score": 0
    },
    {
      "name": "setrlimit01",
      "pass": 0,
      "all": 0,
      "score": 0
    },
    {
      "name": "setrlimit02",
      "pass": 0,
      "all": 0,
      "score": 0
    },
    {
      "name": "setrlimit03",
      "pass": 0,
      "all": 0,
      "score": 0
    },
    {
      "name": "setrlimit04",
      "pass": 0,
      "all": 0,
      "score": 0
    },
    {
      "name": "setrlimit05",
      "pass": 0,
      "all": 0,
      "score": 0
    },
    {
      "name": "setrlimit06",
      "pass": 0,
      "all": 0,
      "score": 0
    },
    {
      "name": "setsid01",
      "pass": 0,
      "all": 0,
      "score": 0
    },
    {
      "name": "setsockopt01",
      "pass": 0,
      "all": 0,
      "score": 0
    },
    {
      "name": "setsockopt02",
      "pass": 0,
      "all": 0,
      "score": 0
    },
    {
      "name": "setsockopt03",
      "pass": 0,
      "all": 0,
      "score": 0
    },
    {
      "name": "setsockopt04",
      "pass": 0,
      "all": 0,
      "score": 0
    },
    {
      "name": "setsockopt05",
      "pass": 0,
      "all": 0,
      "score": 0
    },
    {
      "name": "setsockopt06",
      "pass": 0,
      "all": 0,
      "score": 0
    },
    {
      "name": "setsockopt07",
      "pass": 0,
      "all": 0,
      "score": 0
    },
    {
      "name": "setsockopt08",
      "pass": 0,
      "all": 0,
      "score": 0
    },
    {
      "name": "setsockopt09",
      "pass": 0,
      "all": 0,
      "score": 0
    },
    {
      "name": "setsockopt10",
      "pass": 0,
      "all": 0,
      "score": 0
    },
    {
      "name": "settimeofday01",
      "pass": 0,
      "all": 0,
      "score": 0
    },
    {
      "name": "settimeofday02",
      "pass": 0,
      "all": 0,
      "score": 0
    },
    {
      "name": "setuid01",
      "pass": 0,
      "all": 0,
      "score": 0
    },
    {
      "name": "setuid01_16",
      "pass": 0,
      "all": 0,
      "score": 0
    },
    {
      "name": "setuid03",
      "pass": 0,
      "all": 0,
      "score": 0
    },
    {
      "name": "setuid03_16",
      "pass": 0,
      "all": 0,
      "score": 0
    },
    {
      "name": "setuid04",
      "pass": 0,
      "all": 0,
      "score": 0
    },
    {
      "name": "setuid04_16",
      "pass": 0,
      "all": 0,
      "score": 0
    },
    {
      "name": "setxattr01",
      "pass": 0,
      "all": 0,
      "score": 0
    },
    {
      "name": "setxattr02",
      "pass": 0,
      "all": 0,
      "score": 0
    },
    {
      "name": "setxattr03",
      "pass": 0,
      "all": 0,
      "score": 0
    },
    {
      "name": "sgetmask01",
      "pass": 0,
      "all": 0,
      "score": 0
    },
    {
      "name": "shell_pipe01.sh",
      "pass": 0,
      "all": 0,
      "score": 0
    },
    {
      "name": "shm_comm",
      "pass": 0,
      "all": 0,
      "score": 0
    },
    {
      "name": "shm_test",
      "pass": 0,
      "all": 0,
      "score": 0
    },
    {
      "name": "shmat01",
      "pass": 0,
      "all": 0,
      "score": 0
    },
    {
      "name": "shmat02",
      "pass": 0,
      "all": 0,
      "score": 0
    },
    {
      "name": "shmat03",
      "pass": 0,
      "all": 0,
      "score": 0
    },
    {
      "name": "shmat04",
      "pass": 0,
      "all": 0,
      "score": 0
    },
    {
      "name": "shmat1",
      "pass": 0,
      "all": 0,
      "score": 0
    },
    {
      "name": "shmctl01",
      "pass": 0,
      "all": 0,
      "score": 0
    },
    {
      "name": "shmctl02",
      "pass": 0,
      "all": 0,
      "score": 0
    },
    {
      "name": "shmctl03",
      "pass": 0,
      "all": 0,
      "score": 0
    },
    {
      "name": "shmctl04",
      "pass": 0,
      "all": 0,
      "score": 0
    },
    {
      "name": "shmctl05",
      "pass": 0,
      "all": 0,
      "score": 0
    },
    {
      "name": "shmctl06",
      "pass": 0,
      "all": 0,
      "score": 0
    },
    {
      "name": "shmctl07",
      "pass": 0,
      "all": 0,
      "score": 0
    },
    {
      "name": "shmctl08",
      "pass": 0,
      "all": 0,
      "score": 0
    },
    {
      "name": "shmdt01",
      "pass": 0,
      "all": 0,
      "score": 0
    },
    {
      "name": "shmdt02",
      "pass": 0,
      "all": 0,
      "score": 0
    },
    {
      "name": "shmem_2nstest",
      "pass": 0,
      "all": 0,
      "score": 0
    },
    {
      "name": "shmget02",
      "pass": 0,
      "all": 0,
      "score": 0
    },
    {
      "name": "shmget03",
      "pass": 0,
      "all": 0,
      "score": 0
    },
    {
      "name": "shmget04",
      "pass": 0,
      "all": 0,
      "score": 0
    },
    {
      "name": "shmget05",
      "pass": 0,
      "all": 0,
      "score": 0
    },
    {
      "name": "shmget06",
      "pass": 0,
      "all": 0,
      "score": 0
    },
    {
      "name": "shmnstest",
      "pass": 0,
      "all": 0,
      "score": 0
    },
    {
      "name": "shmt02",
      "pass": 0,
      "all": 0,
      "score": 0
    },
    {
      "name": "shmt03",
      "pass": 0,
      "all": 0,
      "score": 0
    },
    {
      "name": "shmt04",
      "pass": 0,
      "all": 0,
      "score": 0
    },
    {
      "name": "shmt05",
      "pass": 0,
      "all": 0,
      "score": 0
    },
    {
      "name": "shmt06",
      "pass": 0,
      "all": 0,
      "score": 0
    },
    {
      "name": "shmt07",
      "pass": 0,
      "all": 0,
      "score": 0
    },
    {
      "name": "shmt08",
      "pass": 0,
      "all": 0,
      "score": 0
    },
    {
      "name": "shmt09",
      "pass": 0,
      "all": 0,
      "score": 0
    },
    {
      "name": "shmt10",
      "pass": 0,
      "all": 0,
      "score": 0
    },
    {
      "name": "sigaction01",
      "pass": 0,
      "all": 0,
      "score": 0
    },
    {
      "name": "sigaction02",
      "pass": 0,
      "all": 0,
      "score": 0
    },
    {
      "name": "sigaltstack01",
      "pass": 0,
      "all": 0,
      "score": 0
    },
    {
      "name": "sigaltstack02",
      "pass": 0,
      "all": 0,
      "score": 0
    },
    {
      "name": "sighold02",
      "pass": 0,
      "all": 0,
      "score": 0
    },
    {
      "name": "signal01",
      "pass": 0,
      "all": 0,
      "score": 0
    },
    {
      "name": "signal02",
      "pass": 0,
      "all": 0,
      "score": 0
    },
    {
      "name": "signal03",
      "pass": 0,
      "all": 0,
      "score": 0
    },
    {
      "name": "signal04",
      "pass": 0,
      "all": 0,
      "score": 0
    },
    {
      "name": "signal05",
      "pass": 0,
      "all": 0,
      "score": 0
    },
    {
      "name": "signal06",
      "pass": 0,
      "all": 0,
      "score": 0
    },
    {
      "name": "signalfd01",
      "pass": 0,
      "all": 0,
      "score": 0
    },
    {
      "name": "signalfd4_01",
      "pass": 0,
      "all": 0,
      "score": 0
    },
    {
      "name": "signalfd4_02",
      "pass": 0,
      "all": 0,
      "score": 0
    },
    {
      "name": "sigpending02",
      "pass": 0,
      "all": 0,
      "score": 0
    },
    {
      "name": "sigprocmask01",
      "pass": 0,
      "all": 0,
      "score": 0
    },
    {
      "name": "sigrelse01",
      "pass": 0,
      "all": 0,
      "score": 0
    },
    {
      "name": "sigsuspend01",
      "pass": 0,
      "all": 0,
      "score": 0
    },
    {
      "name": "sigtimedwait01",
      "pass": 0,
      "all": 0,
      "score": 0
    },
    {
      "name": "sigwait01",
      "pass": 0,
      "all": 0,
      "score": 0
    },
    {
      "name": "sigwaitinfo01",
      "pass": 0,
      "all": 0,
      "score": 0
    },
    {
      "name": "sit01.sh",
      "pass": 0,
      "all": 0,
      "score": 0
    },
    {
      "name": "smack_common.sh",
      "pass": 0,
      "all": 0,
      "score": 0
    },
    {
      "name": "smack_file_access.sh",
      "pass": 0,
      "all": 0,
      "score": 0
    },
    {
      "name": "smack_notroot",
      "pass": 0,
      "all": 0,
      "score": 0
    },
    {
      "name": "smack_set_ambient.sh",
      "pass": 0,
      "all": 0,
      "score": 0
    },
    {
      "name": "smack_set_cipso.sh",
      "pass": 0,
      "all": 0,
      "score": 0
    },
    {
      "name": "smack_set_current.sh",
      "pass": 0,
      "all": 0,
      "score": 0
    },
    {
      "name": "smack_set_direct.sh",
      "pass": 0,
      "all": 0,
      "score": 0
    },
    {
      "name": "smack_set_doi.sh",
      "pass": 0,
      "all": 0,
      "score": 0
    },
    {
      "name": "smack_set_load.sh",
      "pass": 0,
      "all": 0,
      "score": 0
    },
    {
      "name": "smack_set_netlabel.sh",
      "pass": 0,
      "all": 0,
      "score": 0
    },
    {
      "name": "smack_set_onlycap.sh",
      "pass": 0,
      "all": 0,
      "score": 0
    },
    {
      "name": "smack_set_socket_labels",
      "pass": 0,
      "all": 0,
      "score": 0
    },
    {
      "name": "smt_smp_affinity.sh",
      "pass": 0,
      "all": 0,
      "score": 0
    },
    {
      "name": "smt_smp_enabled.sh",
      "pass": 0,
      "all": 0,
      "score": 0
    },
    {
      "name": "snd_seq01",
      "pass": 0,
      "all": 0,
      "score": 0
    },
    {
      "name": "snd_timer01",
      "pass": 0,
      "all": 0,
      "score": 0
    },
    {
      "name": "socket01",
      "pass": 0,
      "all": 0,
      "score": 0
    },
    {
      "name": "socket02",
      "pass": 0,
      "all": 0,
      "score": 0
    },
    {
      "name": "socketcall01",
      "pass": 0,
      "all": 0,
      "score": 0
    },
    {
      "name": "socketcall02",
      "pass": 0,
      "all": 0,
      "score": 0
    },
    {
      "name": "socketcall03",
      "pass": 0,
      "all": 0,
      "score": 0
    },
    {
      "name": "socketpair01",
      "pass": 0,
      "all": 0,
      "score": 0
    },
    {
      "name": "socketpair02",
      "pass": 0,
      "all": 0,
      "score": 0
    },
    {
      "name": "sockioctl01",
      "pass": 0,
      "all": 0,
      "score": 0
    },
    {
      "name": "splice01",
      "pass": 0,
      "all": 0,
      "score": 0
    },
    {
      "name": "splice02",
      "pass": 0,
      "all": 0,
      "score": 0
    },
    {
      "name": "splice03",
      "pass": 0,
      "all": 0,
      "score": 0
    },
    {
      "name": "splice04",
      "pass": 0,
      "all": 0,
      "score": 0
    },
    {
      "name": "splice05",
      "pass": 0,
      "all": 0,
      "score": 0
    },
    {
      "name": "splice06",
      "pass": 0,
      "all": 0,
      "score": 0
    },
    {
      "name": "splice07",
      "pass": 0,
      "all": 0,
      "score": 0
    },
    {
      "name": "splice08",
      "pass": 0,
      "all": 0,
      "score": 0
    },
    {
      "name": "splice09",
      "pass": 0,
      "all": 0,
      "score": 0
    },
    {
      "name": "squashfs01",
      "pass": 0,
      "all": 0,
      "score": 0
    },
    {
      "name": "ssetmask01",
      "pass": 0,
      "all": 0,
      "score": 0
    },
    {
      "name": "ssh-stress.sh",
      "pass": 0,
      "all": 0,
      "score": 0
    },
    {
      "name": "stack_clash",
      "pass": 0,
      "all": 0,
      "score": 0
    },
    {
      "name": "stack_space",
      "pass": 0,
      "all": 0,
      "score": 0
    },
    {
      "name": "starvation",
      "pass": 0,
      "all": 0,
      "score": 0
    },
    {
      "name": "stat01",
      "pass": 0,
      "all": 0,
      "score": 0
    },
    {
      "name": "stat01_64",
      "pass": 0,
      "all": 0,
      "score": 0
    },
    {
      "name": "stat02",
      "pass": 0,
      "all": 0,
      "score": 0
    },
    {
      "name": "stat02_64",
      "pass": 0,
      "all": 0,
      "score": 0
    },
    {
      "name": "stat03",
      "pass": 0,
      "all": 0,
      "score": 0
    },
    {
      "name": "stat03_64",
      "pass": 0,
      "all": 0,
      "score": 0
    },
    {
      "name": "statfs01",
      "pass": 0,
      "all": 0,
      "score": 0
    },
    {
      "name": "statfs01_64",
      "pass": 0,
      "all": 0,
      "score": 0
    },
    {
      "name": "statfs02",
      "pass": 0,
      "all": 0,
      "score": 0
    },
    {
      "name": "statfs02_64",
      "pass": 0,
      "all": 0,
      "score": 0
    },
    {
      "name": "statfs03",
      "pass": 0,
      "all": 0,
      "score": 0
    },
    {
      "name": "statfs03_64",
      "pass": 0,
      "all": 0,
      "score": 0
    },
    {
      "name": "statvfs01",
      "pass": 0,
      "all": 0,
      "score": 0
    },
    {
      "name": "statvfs02",
      "pass": 0,
      "all": 0,
      "score": 0
    },
    {
      "name": "statx01",
      "pass": 0,
      "all": 0,
      "score": 0
    },
    {
      "name": "statx02",
      "pass": 0,
      "all": 0,
      "score": 0
    },
    {
      "name": "statx03",
      "pass": 0,
      "all": 0,
      "score": 0
    },
    {
      "name": "statx04",
      "pass": 0,
      "all": 0,
      "score": 0
    },
    {
      "name": "statx05",
      "pass": 0,
      "all": 0,
      "score": 0
    },
    {
      "name": "statx06",
      "pass": 0,
      "all": 0,
      "score": 0
    },
    {
      "name": "statx07",
      "pass": 0,
      "all": 0,
      "score": 0
    },
    {
      "name": "statx08",
      "pass": 0,
      "all": 0,
      "score": 0
    },
    {
      "name": "statx09",
      "pass": 0,
      "all": 0,
      "score": 0
    },
    {
      "name": "statx10",
      "pass": 0,
      "all": 0,
      "score": 0
    },
    {
      "name": "statx11",
      "pass": 0,
      "all": 0,
      "score": 0
    },
    {
      "name": "statx12",
      "pass": 0,
      "all": 0,
      "score": 0
    },
    {
      "name": "stime01",
      "pass": 0,
      "all": 0,
      "score": 0
    },
    {
      "name": "stime02",
      "pass": 0,
      "all": 0,
      "score": 0
    },
    {
      "name": "stop_freeze_sleep_thaw_cont.sh",
      "pass": 0,
      "all": 0,
      "score": 0
    },
    {
      "name": "stop_freeze_thaw_cont.sh",
      "pass": 0,
      "all": 0,
      "score": 0
    },
    {
      "name": "stream01",
      "pass": 0,
      "all": 0,
      "score": 0
    },
    {
      "name": "stream02",
      "pass": 0,
      "all": 0,
      "score": 0
    },
    {
      "name": "stream03",
      "pass": 0,
      "all": 0,
      "score": 0
    },
    {
      "name": "stream04",
      "pass": 0,
      "all": 0,
      "score": 0
    },
    {
      "name": "stream05",
      "pass": 0,
      "all": 0,
      "score": 0
    },
    {
      "name": "stress",
      "pass": 0,
      "all": 0,
      "score": 0
    },
    {
      "name": "string01",
      "pass": 0,
      "all": 0,
      "score": 0
    },
    {
      "name": "support_numa",
      "pass": 0,
      "all": 0,
      "score": 0
    },
    {
      "name": "swapoff01",
      "pass": 0,
      "all": 0,
      "score": 0
    },
    {
      "name": "swapoff02",
      "pass": 0,
      "all": 0,
      "score": 0
    },
    {
      "name": "swapon01",
      "pass": 0,
      "all": 0,
      "score": 0
    },
    {
      "name": "swapon02",
      "pass": 0,
      "all": 0,
      "score": 0
    },
    {
      "name": "swapon03",
      "pass": 0,
      "all": 0,
      "score": 0
    },
    {
      "name": "swapping01",
      "pass": 0,
      "all": 0,
      "score": 0
    },
    {
      "name": "symlink01",
      "pass": 0,
      "all": 0,
      "score": 0
    },
    {
      "name": "symlink02",
      "pass": 0,
      "all": 0,
      "score": 0
    },
    {
      "name": "symlink03",
      "pass": 0,
      "all": 0,
      "score": 0
    },
    {
      "name": "symlink04",
      "pass": 0,
      "all": 0,
      "score": 0
    },
    {
      "name": "symlinkat01",
      "pass": 0,
      "all": 0,
      "score": 0
    },
    {
      "name": "sync01",
      "pass": 0,
      "all": 0,
      "score": 0
    },
    {
      "name": "sync_file_range01",
      "pass": 0,
      "all": 0,
      "score": 0
    },
    {
      "name": "sync_file_range02",
      "pass": 0,
      "all": 0,
      "score": 0
    },
    {
      "name": "syncfs01",
      "pass": 0,
      "all": 0,
      "score": 0
    },
    {
      "name": "syscall01",
      "pass": 0,
      "all": 0,
      "score": 0
    },
    {
      "name": "sysconf01",
      "pass": 0,
      "all": 0,
      "score": 0
    },
    {
      "name": "sysctl01",
      "pass": 0,
      "all": 0,
      "score": 0
    },
    {
      "name": "sysctl01.sh",
      "pass": 0,
      "all": 0,
      "score": 0
    },
    {
      "name": "sysctl02.sh",
      "pass": 0,
      "all": 0,
      "score": 0
    },
    {
      "name": "sysctl03",
      "pass": 0,
      "all": 0,
      "score": 0
    },
    {
      "name": "sysctl04",
      "pass": 0,
      "all": 0,
      "score": 0
    },
    {
      "name": "sysfs01",
      "pass": 0,
      "all": 0,
      "score": 0
    },
    {
      "name": "sysfs02",
      "pass": 0,
      "all": 0,
      "score": 0
    },
    {
      "name": "sysfs03",
      "pass": 0,
      "all": 0,
      "score": 0
    },
    {
      "name": "sysfs04",
      "pass": 0,
      "all": 0,
      "score": 0
    },
    {
      "name": "sysfs05",
      "pass": 0,
      "all": 0,
      "score": 0
    },
    {
      "name": "sysinfo01",
      "pass": 0,
      "all": 0,
      "score": 0
    },
    {
      "name": "sysinfo02",
      "pass": 0,
      "all": 0,
      "score": 0
    },
    {
      "name": "sysinfo03",
      "pass": 0,
      "all": 0,
      "score": 0
    },
    {
      "name": "syslog11",
      "pass": 0,
      "all": 0,
      "score": 0
    },
    {
      "name": "syslog12",
      "pass": 0,
      "all": 0,
      "score": 0
    },
    {
      "name": "tar_tests.sh",
      "pass": 0,
      "all": 0,
      "score": 0
    },
    {
      "name": "tbio",
      "pass": 0,
      "all": 0,
      "score": 0
    },
    {
      "name": "tc01.sh",
      "pass": 0,
      "all": 0,
      "score": 0
    },
    {
      "name": "tcindex01",
      "pass": 0,
      "all": 0,
      "score": 0
    },
    {
      "name": "tcp4-multi-diffip01",
      "pass": 0,
      "all": 0,
      "score": 0
    },
    {
      "name": "tcp4-multi-diffip02",
      "pass": 0,
      "all": 0,
      "score": 0
    },
    {
      "name": "tcp4-multi-diffip03",
      "pass": 0,
      "all": 0,
      "score": 0
    },
    {
      "name": "tcp4-multi-diffip04",
      "pass": 0,
      "all": 0,
      "score": 0
    },
    {
      "name": "tcp4-multi-diffip05",
      "pass": 0,
      "all": 0,
      "score": 0
    },
    {
      "name": "tcp4-multi-diffip06",
      "pass": 0,
      "all": 0,
      "score": 0
    },
    {
      "name": "tcp4-multi-diffip07",
      "pass": 0,
      "all": 0,
      "score": 0
    },
    {
      "name": "tcp4-multi-diffip08",
      "pass": 0,
      "all": 0,
      "score": 0
    },
    {
      "name": "tcp4-multi-diffip09",
      "pass": 0,
      "all": 0,
      "score": 0
    },
    {
      "name": "tcp4-multi-diffip10",
      "pass": 0,
      "all": 0,
      "score": 0
    },
    {
      "name": "tcp4-multi-diffip11",
      "pass": 0,
      "all": 0,
      "score": 0
    },
    {
      "name": "tcp4-multi-diffip12",
      "pass": 0,
      "all": 0,
      "score": 0
    },
    {
      "name": "tcp4-multi-diffip13",
      "pass": 0,
      "all": 0,
      "score": 0
    },
    {
      "name": "tcp4-multi-diffip14",
      "pass": 0,
      "all": 0,
      "score": 0
    },
    {
      "name": "tcp4-multi-diffnic01",
      "pass": 0,
      "all": 0,
      "score": 0
    },
    {
      "name": "tcp4-multi-diffnic02",
      "pass": 0,
      "all": 0,
      "score": 0
    },
    {
      "name": "tcp4-multi-diffnic03",
      "pass": 0,
      "all": 0,
      "score": 0
    },
    {
      "name": "tcp4-multi-diffnic04",
      "pass": 0,
      "all": 0,
      "score": 0
    },
    {
      "name": "tcp4-multi-diffnic05",
      "pass": 0,
      "all": 0,
      "score": 0
    },
    {
      "name": "tcp4-multi-diffnic06",
      "pass": 0,
      "all": 0,
      "score": 0
    },
    {
      "name": "tcp4-multi-diffnic07",
      "pass": 0,
      "all": 0,
      "score": 0
    },
    {
      "name": "tcp4-multi-diffnic08",
      "pass": 0,
      "all": 0,
      "score": 0
    },
    {
      "name": "tcp4-multi-diffnic09",
      "pass": 0,
      "all": 0,
      "score": 0
    },
    {
      "name": "tcp4-multi-diffnic10",
      "pass": 0,
      "all": 0,
      "score": 0
    },
    {
      "name": "tcp4-multi-diffnic11",
      "pass": 0,
      "all": 0,
      "score": 0
    },
    {
      "name": "tcp4-multi-diffnic12",
      "pass": 0,
      "all": 0,
      "score": 0
    },
    {
      "name": "tcp4-multi-diffnic13",
      "pass": 0,
      "all": 0,
      "score": 0
    },
    {
      "name": "tcp4-multi-diffnic14",
      "pass": 0,
      "all": 0,
      "score": 0
    },
    {
      "name": "tcp4-multi-diffport01",
      "pass": 0,
      "all": 0,
      "score": 0
    },
    {
      "name": "tcp4-multi-diffport02",
      "pass": 0,
      "all": 0,
      "score": 0
    },
    {
      "name": "tcp4-multi-diffport03",
      "pass": 0,
      "all": 0,
      "score": 0
    },
    {
      "name": "tcp4-multi-diffport04",
      "pass": 0,
      "all": 0,
      "score": 0
    },
    {
      "name": "tcp4-multi-diffport05",
      "pass": 0,
      "all": 0,
      "score": 0
    },
    {
      "name": "tcp4-multi-diffport06",
      "pass": 0,
      "all": 0,
      "score": 0
    },
    {
      "name": "tcp4-multi-diffport07",
      "pass": 0,
      "all": 0,
      "score": 0
    },
    {
      "name": "tcp4-multi-diffport08",
      "pass": 0,
      "all": 0,
      "score": 0
    },
    {
      "name": "tcp4-multi-diffport09",
      "pass": 0,
      "all": 0,
      "score": 0
    },
    {
      "name": "tcp4-multi-diffport10",
      "pass": 0,
      "all": 0,
      "score": 0
    },
    {
      "name": "tcp4-multi-diffport11",
      "pass": 0,
      "all": 0,
      "score": 0
    },
    {
      "name": "tcp4-multi-diffport12",
      "pass": 0,
      "all": 0,
      "score": 0
    },
    {
      "name": "tcp4-multi-diffport13",
      "pass": 0,
      "all": 0,
      "score": 0
    },
    {
      "name": "tcp4-multi-diffport14",
      "pass": 0,
      "all": 0,
      "score": 0
    },
    {
      "name": "tcp4-multi-sameport01",
      "pass": 0,
      "all": 0,
      "score": 0
    },
    {
      "name": "tcp4-multi-sameport02",
      "pass": 0,
      "all": 0,
      "score": 0
    },
    {
      "name": "tcp4-multi-sameport03",
      "pass": 0,
      "all": 0,
      "score": 0
    },
    {
      "name": "tcp4-multi-sameport04",
      "pass": 0,
      "all": 0,
      "score": 0
    },
    {
      "name": "tcp4-multi-sameport05",
      "pass": 0,
      "all": 0,
      "score": 0
    },
    {
      "name": "tcp4-multi-sameport06",
      "pass": 0,
      "all": 0,
      "score": 0
    },
    {
      "name": "tcp4-multi-sameport07",
      "pass": 0,
      "all": 0,
      "score": 0
    },
    {
      "name": "tcp4-multi-sameport08",
      "pass": 0,
      "all": 0,
      "score": 0
    },
    {
      "name": "tcp4-multi-sameport09",
      "pass": 0,
      "all": 0,
      "score": 0
    },
    {
      "name": "tcp4-multi-sameport10",
      "pass": 0,
      "all": 0,
      "score": 0
    },
    {
      "name": "tcp4-multi-sameport11",
      "pass": 0,
      "all": 0,
      "score": 0
    },
    {
      "name": "tcp4-multi-sameport12",
      "pass": 0,
      "all": 0,
      "score": 0
    },
    {
      "name": "tcp4-multi-sameport13",
      "pass": 0,
      "all": 0,
      "score": 0
    },
    {
      "name": "tcp4-multi-sameport14",
      "pass": 0,
      "all": 0,
      "score": 0
    },
    {
      "name": "tcp4-uni-basic01",
      "pass": 0,
      "all": 0,
      "score": 0
    },
    {
      "name": "tcp4-uni-basic02",
      "pass": 0,
      "all": 0,
      "score": 0
    },
    {
      "name": "tcp4-uni-basic03",
      "pass": 0,
      "all": 0,
      "score": 0
    },
    {
      "name": "tcp4-uni-basic04",
      "pass": 0,
      "all": 0,
      "score": 0
    },
    {
      "name": "tcp4-uni-basic05",
      "pass": 0,
      "all": 0,
      "score": 0
    },
    {
      "name": "tcp4-uni-basic06",
      "pass": 0,
      "all": 0,
      "score": 0
    },
    {
      "name": "tcp4-uni-basic07",
      "pass": 0,
      "all": 0,
      "score": 0
    },
    {
      "name": "tcp4-uni-basic08",
      "pass": 0,
      "all": 0,
      "score": 0
    },
    {
      "name": "tcp4-uni-basic09",
      "pass": 0,
      "all": 0,
      "score": 0
    },
    {
      "name": "tcp4-uni-basic10",
      "pass": 0,
      "all": 0,
      "score": 0
    },
    {
      "name": "tcp4-uni-basic11",
      "pass": 0,
      "all": 0,
      "score": 0
    },
    {
      "name": "tcp4-uni-basic12",
      "pass": 0,
      "all": 0,
      "score": 0
    },
    {
      "name": "tcp4-uni-basic13",
      "pass": 0,
      "all": 0,
      "score": 0
    },
    {
      "name": "tcp4-uni-basic14",
      "pass": 0,
      "all": 0,
      "score": 0
    },
    {
      "name": "tcp4-uni-dsackoff01",
      "pass": 0,
      "all": 0,
      "score": 0
    },
    {
      "name": "tcp4-uni-dsackoff02",
      "pass": 0,
      "all": 0,
      "score": 0
    },
    {
      "name": "tcp4-uni-dsackoff03",
      "pass": 0,
      "all": 0,
      "score": 0
    },
    {
      "name": "tcp4-uni-dsackoff04",
      "pass": 0,
      "all": 0,
      "score": 0
    },
    {
      "name": "tcp4-uni-dsackoff05",
      "pass": 0,
      "all": 0,
      "score": 0
    },
    {
      "name": "tcp4-uni-dsackoff06",
      "pass": 0,
      "all": 0,
      "score": 0
    },
    {
      "name": "tcp4-uni-dsackoff07",
      "pass": 0,
      "all": 0,
      "score": 0
    },
    {
      "name": "tcp4-uni-dsackoff08",
      "pass": 0,
      "all": 0,
      "score": 0
    },
    {
      "name": "tcp4-uni-dsackoff09",
      "pass": 0,
      "all": 0,
      "score": 0
    },
    {
      "name": "tcp4-uni-dsackoff10",
      "pass": 0,
      "all": 0,
      "score": 0
    },
    {
      "name": "tcp4-uni-dsackoff11",
      "pass": 0,
      "all": 0,
      "score": 0
    },
    {
      "name": "tcp4-uni-dsackoff12",
      "pass": 0,
      "all": 0,
      "score": 0
    },
    {
      "name": "tcp4-uni-dsackoff13",
      "pass": 0,
      "all": 0,
      "score": 0
    },
    {
      "name": "tcp4-uni-dsackoff14",
      "pass": 0,
      "all": 0,
      "score": 0
    },
    {
      "name": "tcp4-uni-pktlossdup01",
      "pass": 0,
      "all": 0,
      "score": 0
    },
    {
      "name": "tcp4-uni-pktlossdup02",
      "pass": 0,
      "all": 0,
      "score": 0
    },
    {
      "name": "tcp4-uni-pktlossdup03",
      "pass": 0,
      "all": 0,
      "score": 0
    },
    {
      "name": "tcp4-uni-pktlossdup04",
      "pass": 0,
      "all": 0,
      "score": 0
    },
    {
      "name": "tcp4-uni-pktlossdup05",
      "pass": 0,
      "all": 0,
      "score": 0
    },
    {
      "name": "tcp4-uni-pktlossdup06",
      "pass": 0,
      "all": 0,
      "score": 0
    },
    {
      "name": "tcp4-uni-pktlossdup07",
      "pass": 0,
      "all": 0,
      "score": 0
    },
    {
      "name": "tcp4-uni-pktlossdup08",
      "pass": 0,
      "all": 0,
      "score": 0
    },
    {
      "name": "tcp4-uni-pktlossdup09",
      "pass": 0,
      "all": 0,
      "score": 0
    },
    {
      "name": "tcp4-uni-pktlossdup10",
      "pass": 0,
      "all": 0,
      "score": 0
    },
    {
      "name": "tcp4-uni-pktlossdup11",
      "pass": 0,
      "all": 0,
      "score": 0
    },
    {
      "name": "tcp4-uni-pktlossdup12",
      "pass": 0,
      "all": 0,
      "score": 0
    },
    {
      "name": "tcp4-uni-pktlossdup13",
      "pass": 0,
      "all": 0,
      "score": 0
    },
    {
      "name": "tcp4-uni-pktlossdup14",
      "pass": 0,
      "all": 0,
      "score": 0
    },
    {
      "name": "tcp4-uni-sackoff01",
      "pass": 0,
      "all": 0,
      "score": 0
    },
    {
      "name": "tcp4-uni-sackoff02",
      "pass": 0,
      "all": 0,
      "score": 0
    },
    {
      "name": "tcp4-uni-sackoff03",
      "pass": 0,
      "all": 0,
      "score": 0
    },
    {
      "name": "tcp4-uni-sackoff04",
      "pass": 0,
      "all": 0,
      "score": 0
    },
    {
      "name": "tcp4-uni-sackoff05",
      "pass": 0,
      "all": 0,
      "score": 0
    },
    {
      "name": "tcp4-uni-sackoff06",
      "pass": 0,
      "all": 0,
      "score": 0
    },
    {
      "name": "tcp4-uni-sackoff07",
      "pass": 0,
      "all": 0,
      "score": 0
    },
    {
      "name": "tcp4-uni-sackoff08",
      "pass": 0,
      "all": 0,
      "score": 0
    },
    {
      "name": "tcp4-uni-sackoff09",
      "pass": 0,
      "all": 0,
      "score": 0
    },
    {
      "name": "tcp4-uni-sackoff10",
      "pass": 0,
      "all": 0,
      "score": 0
    },
    {
      "name": "tcp4-uni-sackoff11",
      "pass": 0,
      "all": 0,
      "score": 0
    },
    {
      "name": "tcp4-uni-sackoff12",
      "pass": 0,
      "all": 0,
      "score": 0
    },
    {
      "name": "tcp4-uni-sackoff13",
      "pass": 0,
      "all": 0,
      "score": 0
    },
    {
      "name": "tcp4-uni-sackoff14",
      "pass": 0,
      "all": 0,
      "score": 0
    },
    {
      "name": "tcp4-uni-smallsend01",
      "pass": 0,
      "all": 0,
      "score": 0
    },
    {
      "name": "tcp4-uni-smallsend02",
      "pass": 0,
      "all": 0,
      "score": 0
    },
    {
      "name": "tcp4-uni-smallsend03",
      "pass": 0,
      "all": 0,
      "score": 0
    },
    {
      "name": "tcp4-uni-smallsend04",
      "pass": 0,
      "all": 0,
      "score": 0
    },
    {
      "name": "tcp4-uni-smallsend05",
      "pass": 0,
      "all": 0,
      "score": 0
    },
    {
      "name": "tcp4-uni-smallsend06",
      "pass": 0,
      "all": 0,
      "score": 0
    },
    {
      "name": "tcp4-uni-smallsend07",
      "pass": 0,
      "all": 0,
      "score": 0
    },
    {
      "name": "tcp4-uni-smallsend08",
      "pass": 0,
      "all": 0,
      "score": 0
    },
    {
      "name": "tcp4-uni-smallsend09",
      "pass": 0,
      "all": 0,
      "score": 0
    },
    {
      "name": "tcp4-uni-smallsend10",
      "pass": 0,
      "all": 0,
      "score": 0
    },
    {
      "name": "tcp4-uni-smallsend11",
      "pass": 0,
      "all": 0,
      "score": 0
    },
    {
      "name": "tcp4-uni-smallsend12",
      "pass": 0,
      "all": 0,
      "score": 0
    },
    {
      "name": "tcp4-uni-smallsend13",
      "pass": 0,
      "all": 0,
      "score": 0
    },
    {
      "name": "tcp4-uni-smallsend14",
      "pass": 0,
      "all": 0,
      "score": 0
    },
    {
      "name": "tcp4-uni-tso01",
      "pass": 0,
      "all": 0,
      "score": 0
    },
    {
      "name": "tcp4-uni-tso02",
      "pass": 0,
      "all": 0,
      "score": 0
    },
    {
      "name": "tcp4-uni-tso03",
      "pass": 0,
      "all": 0,
      "score": 0
    },
    {
      "name": "tcp4-uni-tso04",
      "pass": 0,
      "all": 0,
      "score": 0
    },
    {
      "name": "tcp4-uni-tso05",
      "pass": 0,
      "all": 0,
      "score": 0
    },
    {
      "name": "tcp4-uni-tso06",
      "pass": 0,
      "all": 0,
      "score": 0
    },
    {
      "name": "tcp4-uni-tso07",
      "pass": 0,
      "all": 0,
      "score": 0
    },
    {
      "name": "tcp4-uni-tso08",
      "pass": 0,
      "all": 0,
      "score": 0
    },
    {
      "name": "tcp4-uni-tso09",
      "pass": 0,
      "all": 0,
      "score": 0
    },
    {
      "name": "tcp4-uni-tso10",
      "pass": 0,
      "all": 0,
      "score": 0
    },
    {
      "name": "tcp4-uni-tso11",
      "pass": 0,
      "all": 0,
      "score": 0
    },
    {
      "name": "tcp4-uni-tso12",
      "pass": 0,
      "all": 0,
      "score": 0
    },
    {
      "name": "tcp4-uni-tso13",
      "pass": 0,
      "all": 0,
      "score": 0
    },
    {
      "name": "tcp4-uni-tso14",
      "pass": 0,
      "all": 0,
      "score": 0
    },
    {
      "name": "tcp4-uni-winscale01",
      "pass": 0,
      "all": 0,
      "score": 0
    },
    {
      "name": "tcp4-uni-winscale02",
      "pass": 0,
      "all": 0,
      "score": 0
    },
    {
      "name": "tcp4-uni-winscale03",
      "pass": 0,
      "all": 0,
      "score": 0
    },
    {
      "name": "tcp4-uni-winscale04",
      "pass": 0,
      "all": 0,
      "score": 0
    },
    {
      "name": "tcp4-uni-winscale05",
      "pass": 0,
      "all": 0,
      "score": 0
    },
    {
      "name": "tcp4-uni-winscale06",
      "pass": 0,
      "all": 0,
      "score": 0
    },
    {
      "name": "tcp4-uni-winscale07",
      "pass": 0,
      "all": 0,
      "score": 0
    },
    {
      "name": "tcp4-uni-winscale08",
      "pass": 0,
      "all": 0,
      "score": 0
    },
    {
      "name": "tcp4-uni-winscale09",
      "pass": 0,
      "all": 0,
      "score": 0
    },
    {
      "name": "tcp4-uni-winscale10",
      "pass": 0,
      "all": 0,
      "score": 0
    },
    {
      "name": "tcp4-uni-winscale11",
      "pass": 0,
      "all": 0,
      "score": 0
    },
    {
      "name": "tcp4-uni-winscale12",
      "pass": 0,
      "all": 0,
      "score": 0
    },
    {
      "name": "tcp4-uni-winscale13",
      "pass": 0,
      "all": 0,
      "score": 0
    },
    {
      "name": "tcp4-uni-winscale14",
      "pass": 0,
      "all": 0,
      "score": 0
    },
    {
      "name": "tcp6-multi-diffip01",
      "pass": 0,
      "all": 0,
      "score": 0
    },
    {
      "name": "tcp6-multi-diffip02",
      "pass": 0,
      "all": 0,
      "score": 0
    },
    {
      "name": "tcp6-multi-diffip03",
      "pass": 0,
      "all": 0,
      "score": 0
    },
    {
      "name": "tcp6-multi-diffip04",
      "pass": 0,
      "all": 0,
      "score": 0
    },
    {
      "name": "tcp6-multi-diffip05",
      "pass": 0,
      "all": 0,
      "score": 0
    },
    {
      "name": "tcp6-multi-diffip06",
      "pass": 0,
      "all": 0,
      "score": 0
    },
    {
      "name": "tcp6-multi-diffip07",
      "pass": 0,
      "all": 0,
      "score": 0
    },
    {
      "name": "tcp6-multi-diffip08",
      "pass": 0,
      "all": 0,
      "score": 0
    },
    {
      "name": "tcp6-multi-diffip09",
      "pass": 0,
      "all": 0,
      "score": 0
    },
    {
      "name": "tcp6-multi-diffip10",
      "pass": 0,
      "all": 0,
      "score": 0
    },
    {
      "name": "tcp6-multi-diffip11",
      "pass": 0,
      "all": 0,
      "score": 0
    },
    {
      "name": "tcp6-multi-diffip12",
      "pass": 0,
      "all": 0,
      "score": 0
    },
    {
      "name": "tcp6-multi-diffip13",
      "pass": 0,
      "all": 0,
      "score": 0
    },
    {
      "name": "tcp6-multi-diffip14",
      "pass": 0,
      "all": 0,
      "score": 0
    },
    {
      "name": "tcp6-multi-diffnic01",
      "pass": 0,
      "all": 0,
      "score": 0
    },
    {
      "name": "tcp6-multi-diffnic02",
      "pass": 0,
      "all": 0,
      "score": 0
    },
    {
      "name": "tcp6-multi-diffnic03",
      "pass": 0,
      "all": 0,
      "score": 0
    },
    {
      "name": "tcp6-multi-diffnic04",
      "pass": 0,
      "all": 0,
      "score": 0
    },
    {
      "name": "tcp6-multi-diffnic05",
      "pass": 0,
      "all": 0,
      "score": 0
    },
    {
      "name": "tcp6-multi-diffnic06",
      "pass": 0,
      "all": 0,
      "score": 0
    },
    {
      "name": "tcp6-multi-diffnic07",
      "pass": 0,
      "all": 0,
      "score": 0
    },
    {
      "name": "tcp6-multi-diffnic08",
      "pass": 0,
      "all": 0,
      "score": 0
    },
    {
      "name": "tcp6-multi-diffnic09",
      "pass": 0,
      "all": 0,
      "score": 0
    },
    {
      "name": "tcp6-multi-diffnic10",
      "pass": 0,
      "all": 0,
      "score": 0
    },
    {
      "name": "tcp6-multi-diffnic11",
      "pass": 0,
      "all": 0,
      "score": 0
    },
    {
      "name": "tcp6-multi-diffnic12",
      "pass": 0,
      "all": 0,
      "score": 0
    },
    {
      "name": "tcp6-multi-diffnic13",
      "pass": 0,
      "all": 0,
      "score": 0
    },
    {
      "name": "tcp6-multi-diffnic14",
      "pass": 0,
      "all": 0,
      "score": 0
    },
    {
      "name": "tcp6-multi-diffport01",
      "pass": 0,
      "all": 0,
      "score": 0
    },
    {
      "name": "tcp6-multi-diffport02",
      "pass": 0,
      "all": 0,
      "score": 0
    },
    {
      "name": "tcp6-multi-diffport03",
      "pass": 0,
      "all": 0,
      "score": 0
    },
    {
      "name": "tcp6-multi-diffport04",
      "pass": 0,
      "all": 0,
      "score": 0
    },
    {
      "name": "tcp6-multi-diffport05",
      "pass": 0,
      "all": 0,
      "score": 0
    },
    {
      "name": "tcp6-multi-diffport06",
      "pass": 0,
      "all": 0,
      "score": 0
    },
    {
      "name": "tcp6-multi-diffport07",
      "pass": 0,
      "all": 0,
      "score": 0
    },
    {
      "name": "tcp6-multi-diffport08",
      "pass": 0,
      "all": 0,
      "score": 0
    },
    {
      "name": "tcp6-multi-diffport09",
      "pass": 0,
      "all": 0,
      "score": 0
    },
    {
      "name": "tcp6-multi-diffport10",
      "pass": 0,
      "all": 0,
      "score": 0
    },
    {
      "name": "tcp6-multi-diffport11",
      "pass": 0,
      "all": 0,
      "score": 0
    },
    {
      "name": "tcp6-multi-diffport12",
      "pass": 0,
      "all": 0,
      "score": 0
    },
    {
      "name": "tcp6-multi-diffport13",
      "pass": 0,
      "all": 0,
      "score": 0
    },
    {
      "name": "tcp6-multi-diffport14",
      "pass": 0,
      "all": 0,
      "score": 0
    },
    {
      "name": "tcp6-multi-sameport01",
      "pass": 0,
      "all": 0,
      "score": 0
    },
    {
      "name": "tcp6-multi-sameport02",
      "pass": 0,
      "all": 0,
      "score": 0
    },
    {
      "name": "tcp6-multi-sameport03",
      "pass": 0,
      "all": 0,
      "score": 0
    },
    {
      "name": "tcp6-multi-sameport04",
      "pass": 0,
      "all": 0,
      "score": 0
    },
    {
      "name": "tcp6-multi-sameport05",
      "pass": 0,
      "all": 0,
      "score": 0
    },
    {
      "name": "tcp6-multi-sameport06",
      "pass": 0,
      "all": 0,
      "score": 0
    },
    {
      "name": "tcp6-multi-sameport07",
      "pass": 0,
      "all": 0,
      "score": 0
    },
    {
      "name": "tcp6-multi-sameport08",
      "pass": 0,
      "all": 0,
      "score": 0
    },
    {
      "name": "tcp6-multi-sameport09",
      "pass": 0,
      "all": 0,
      "score": 0
    },
    {
      "name": "tcp6-multi-sameport10",
      "pass": 0,
      "all": 0,
      "score": 0
    },
    {
      "name": "tcp6-multi-sameport11",
      "pass": 0,
      "all": 0,
      "score": 0
    },
    {
      "name": "tcp6-multi-sameport12",
      "pass": 0,
      "all": 0,
      "score": 0
    },
    {
      "name": "tcp6-multi-sameport13",
      "pass": 0,
      "all": 0,
      "score": 0
    },
    {
      "name": "tcp6-multi-sameport14",
      "pass": 0,
      "all": 0,
      "score": 0
    },
    {
      "name": "tcp6-uni-basic01",
      "pass": 0,
      "all": 0,
      "score": 0
    },
    {
      "name": "tcp6-uni-basic02",
      "pass": 0,
      "all": 0,
      "score": 0
    },
    {
      "name": "tcp6-uni-basic03",
      "pass": 0,
      "all": 0,
      "score": 0
    },
    {
      "name": "tcp6-uni-basic04",
      "pass": 0,
      "all": 0,
      "score": 0
    },
    {
      "name": "tcp6-uni-basic05",
      "pass": 0,
      "all": 0,
      "score": 0
    },
    {
      "name": "tcp6-uni-basic06",
      "pass": 0,
      "all": 0,
      "score": 0
    },
    {
      "name": "tcp6-uni-basic07",
      "pass": 0,
      "all": 0,
      "score": 0
    },
    {
      "name": "tcp6-uni-basic08",
      "pass": 0,
      "all": 0,
      "score": 0
    },
    {
      "name": "tcp6-uni-basic09",
      "pass": 0,
      "all": 0,
      "score": 0
    },
    {
      "name": "tcp6-uni-basic10",
      "pass": 0,
      "all": 0,
      "score": 0
    },
    {
      "name": "tcp6-uni-basic11",
      "pass": 0,
      "all": 0,
      "score": 0
    },
    {
      "name": "tcp6-uni-basic12",
      "pass": 0,
      "all": 0,
      "score": 0
    },
    {
      "name": "tcp6-uni-basic13",
      "pass": 0,
      "all": 0,
      "score": 0
    },
    {
      "name": "tcp6-uni-basic14",
      "pass": 0,
      "all": 0,
      "score": 0
    },
    {
      "name": "tcp6-uni-dsackoff01",
      "pass": 0,
      "all": 0,
      "score": 0
    },
    {
      "name": "tcp6-uni-dsackoff02",
      "pass": 0,
      "all": 0,
      "score": 0
    },
    {
      "name": "tcp6-uni-dsackoff03",
      "pass": 0,
      "all": 0,
      "score": 0
    },
    {
      "name": "tcp6-uni-dsackoff04",
      "pass": 0,
      "all": 0,
      "score": 0
    },
    {
      "name": "tcp6-uni-dsackoff05",
      "pass": 0,
      "all": 0,
      "score": 0
    },
    {
      "name": "tcp6-uni-dsackoff06",
      "pass": 0,
      "all": 0,
      "score": 0
    },
    {
      "name": "tcp6-uni-dsackoff07",
      "pass": 0,
      "all": 0,
      "score": 0
    },
    {
      "name": "tcp6-uni-dsackoff08",
      "pass": 0,
      "all": 0,
      "score": 0
    },
    {
      "name": "tcp6-uni-dsackoff09",
      "pass": 0,
      "all": 0,
      "score": 0
    },
    {
      "name": "tcp6-uni-dsackoff10",
      "pass": 0,
      "all": 0,
      "score": 0
    },
    {
      "name": "tcp6-uni-dsackoff11",
      "pass": 0,
      "all": 0,
      "score": 0
    },
    {
      "name": "tcp6-uni-dsackoff12",
      "pass": 0,
      "all": 0,
      "score": 0
    },
    {
      "name": "tcp6-uni-dsackoff13",
      "pass": 0,
      "all": 0,
      "score": 0
    },
    {
      "name": "tcp6-uni-dsackoff14",
      "pass": 0,
      "all": 0,
      "score": 0
    },
    {
      "name": "tcp6-uni-pktlossdup01",
      "pass": 0,
      "all": 0,
      "score": 0
    },
    {
      "name": "tcp6-uni-pktlossdup02",
      "pass": 0,
      "all": 0,
      "score": 0
    },
    {
      "name": "tcp6-uni-pktlossdup03",
      "pass": 0,
      "all": 0,
      "score": 0
    },
    {
      "name": "tcp6-uni-pktlossdup04",
      "pass": 0,
      "all": 0,
      "score": 0
    },
    {
      "name": "tcp6-uni-pktlossdup05",
      "pass": 0,
      "all": 0,
      "score": 0
    },
    {
      "name": "tcp6-uni-pktlossdup06",
      "pass": 0,
      "all": 0,
      "score": 0
    },
    {
      "name": "tcp6-uni-pktlossdup07",
      "pass": 0,
      "all": 0,
      "score": 0
    },
    {
      "name": "tcp6-uni-pktlossdup08",
      "pass": 0,
      "all": 0,
      "score": 0
    },
    {
      "name": "tcp6-uni-pktlossdup09",
      "pass": 0,
      "all": 0,
      "score": 0
    },
    {
      "name": "tcp6-uni-pktlossdup10",
      "pass": 0,
      "all": 0,
      "score": 0
    },
    {
      "name": "tcp6-uni-pktlossdup11",
      "pass": 0,
      "all": 0,
      "score": 0
    },
    {
      "name": "tcp6-uni-pktlossdup12",
      "pass": 0,
      "all": 0,
      "score": 0
    },
    {
      "name": "tcp6-uni-pktlossdup13",
      "pass": 0,
      "all": 0,
      "score": 0
    },
    {
      "name": "tcp6-uni-pktlossdup14",
      "pass": 0,
      "all": 0,
      "score": 0
    },
    {
      "name": "tcp6-uni-sackoff01",
      "pass": 0,
      "all": 0,
      "score": 0
    },
    {
      "name": "tcp6-uni-sackoff02",
      "pass": 0,
      "all": 0,
      "score": 0
    },
    {
      "name": "tcp6-uni-sackoff03",
      "pass": 0,
      "all": 0,
      "score": 0
    },
    {
      "name": "tcp6-uni-sackoff04",
      "pass": 0,
      "all": 0,
      "score": 0
    },
    {
      "name": "tcp6-uni-sackoff05",
      "pass": 0,
      "all": 0,
      "score": 0
    },
    {
      "name": "tcp6-uni-sackoff06",
      "pass": 0,
      "all": 0,
      "score": 0
    },
    {
      "name": "tcp6-uni-sackoff07",
      "pass": 0,
      "all": 0,
      "score": 0
    },
    {
      "name": "tcp6-uni-sackoff08",
      "pass": 0,
      "all": 0,
      "score": 0
    },
    {
      "name": "tcp6-uni-sackoff09",
      "pass": 0,
      "all": 0,
      "score": 0
    },
    {
      "name": "tcp6-uni-sackoff10",
      "pass": 0,
      "all": 0,
      "score": 0
    },
    {
      "name": "tcp6-uni-sackoff11",
      "pass": 0,
      "all": 0,
      "score": 0
    },
    {
      "name": "tcp6-uni-sackoff12",
      "pass": 0,
      "all": 0,
      "score": 0
    },
    {
      "name": "tcp6-uni-sackoff13",
      "pass": 0,
      "all": 0,
      "score": 0
    },
    {
      "name": "tcp6-uni-sackoff14",
      "pass": 0,
      "all": 0,
      "score": 0
    },
    {
      "name": "tcp6-uni-smallsend01",
      "pass": 0,
      "all": 0,
      "score": 0
    },
    {
      "name": "tcp6-uni-smallsend02",
      "pass": 0,
      "all": 0,
      "score": 0
    },
    {
      "name": "tcp6-uni-smallsend03",
      "pass": 0,
      "all": 0,
      "score": 0
    },
    {
      "name": "tcp6-uni-smallsend04",
      "pass": 0,
      "all": 0,
      "score": 0
    },
    {
      "name": "tcp6-uni-smallsend05",
      "pass": 0,
      "all": 0,
      "score": 0
    },
    {
      "name": "tcp6-uni-smallsend06",
      "pass": 0,
      "all": 0,
      "score": 0
    },
    {
      "name": "tcp6-uni-smallsend07",
      "pass": 0,
      "all": 0,
      "score": 0
    },
    {
      "name": "tcp6-uni-smallsend08",
      "pass": 0,
      "all": 0,
      "score": 0
    },
    {
      "name": "tcp6-uni-smallsend09",
      "pass": 0,
      "all": 0,
      "score": 0
    },
    {
      "name": "tcp6-uni-smallsend10",
      "pass": 0,
      "all": 0,
      "score": 0
    },
    {
      "name": "tcp6-uni-smallsend11",
      "pass": 0,
      "all": 0,
      "score": 0
    },
    {
      "name": "tcp6-uni-smallsend12",
      "pass": 0,
      "all": 0,
      "score": 0
    },
    {
      "name": "tcp6-uni-smallsend13",
      "pass": 0,
      "all": 0,
      "score": 0
    },
    {
      "name": "tcp6-uni-smallsend14",
      "pass": 0,
      "all": 0,
      "score": 0
    },
    {
      "name": "tcp6-uni-tso01",
      "pass": 0,
      "all": 0,
      "score": 0
    },
    {
      "name": "tcp6-uni-tso02",
      "pass": 0,
      "all": 0,
      "score": 0
    },
    {
      "name": "tcp6-uni-tso03",
      "pass": 0,
      "all": 0,
      "score": 0
    },
    {
      "name": "tcp6-uni-tso04",
      "pass": 0,
      "all": 0,
      "score": 0
    },
    {
      "name": "tcp6-uni-tso05",
      "pass": 0,
      "all": 0,
      "score": 0
    },
    {
      "name": "tcp6-uni-tso06",
      "pass": 0,
      "all": 0,
      "score": 0
    },
    {
      "name": "tcp6-uni-tso07",
      "pass": 0,
      "all": 0,
      "score": 0
    },
    {
      "name": "tcp6-uni-tso08",
      "pass": 0,
      "all": 0,
      "score": 0
    },
    {
      "name": "tcp6-uni-tso09",
      "pass": 0,
      "all": 0,
      "score": 0
    },
    {
      "name": "tcp6-uni-tso10",
      "pass": 0,
      "all": 0,
      "score": 0
    },
    {
      "name": "tcp6-uni-tso11",
      "pass": 0,
      "all": 0,
      "score": 0
    },
    {
      "name": "tcp6-uni-tso12",
      "pass": 0,
      "all": 0,
      "score": 0
    },
    {
      "name": "tcp6-uni-tso13",
      "pass": 0,
      "all": 0,
      "score": 0
    },
    {
      "name": "tcp6-uni-tso14",
      "pass": 0,
      "all": 0,
      "score": 0
    },
    {
      "name": "tcp6-uni-winscale01",
      "pass": 0,
      "all": 0,
      "score": 0
    },
    {
      "name": "tcp6-uni-winscale02",
      "pass": 0,
      "all": 0,
      "score": 0
    },
    {
      "name": "tcp6-uni-winscale03",
      "pass": 0,
      "all": 0,
      "score": 0
    },
    {
      "name": "tcp6-uni-winscale04",
      "pass": 0,
      "all": 0,
      "score": 0
    },
    {
      "name": "tcp6-uni-winscale05",
      "pass": 0,
      "all": 0,
      "score": 0
    },
    {
      "name": "tcp6-uni-winscale06",
      "pass": 0,
      "all": 0,
      "score": 0
    },
    {
      "name": "tcp6-uni-winscale07",
      "pass": 0,
      "all": 0,
      "score": 0
    },
    {
      "name": "tcp6-uni-winscale08",
      "pass": 0,
      "all": 0,
      "score": 0
    },
    {
      "name": "tcp6-uni-winscale09",
      "pass": 0,
      "all": 0,
      "score": 0
    },
    {
      "name": "tcp6-uni-winscale10",
      "pass": 0,
      "all": 0,
      "score": 0
    },
    {
      "name": "tcp6-uni-winscale11",
      "pass": 0,
      "all": 0,
      "score": 0
    },
    {
      "name": "tcp6-uni-winscale12",
      "pass": 0,
      "all": 0,
      "score": 0
    },
    {
      "name": "tcp6-uni-winscale13",
      "pass": 0,
      "all": 0,
      "score": 0
    },
    {
      "name": "tcp6-uni-winscale14",
      "pass": 0,
      "all": 0,
      "score": 0
    },
    {
      "name": "tcp_cc_lib.sh",
      "pass": 0,
      "all": 0,
      "score": 0
    },
    {
      "name": "tcp_fastopen_run.sh",
      "pass": 0,
      "all": 0,
      "score": 0
    },
    {
      "name": "tcp_ipsec.sh",
      "pass": 0,
      "all": 0,
      "score": 0
    },
    {
      "name": "tcp_ipsec_vti.sh",
      "pass": 0,
      "all": 0,
      "score": 0
    },
    {
      "name": "tcpdump01.sh",
      "pass": 0,
      "all": 0,
      "score": 0
    },
    {
      "name": "tee01",
      "pass": 0,
      "all": 0,
      "score": 0
    },
    {
      "name": "tee02",
      "pass": 0,
      "all": 0,
      "score": 0
    },
    {
      "name": "test.sh",
      "pass": 0,
      "all": 0,
      "score": 0
    },
    {
      "name": "test_1_to_1_accept_close",
      "pass": 0,
      "all": 0,
      "score": 0
    },
    {
      "name": "test_1_to_1_addrs",
      "pass": 0,
      "all": 0,
      "score": 0
    },
    {
      "name": "test_1_to_1_connect",
      "pass": 0,
      "all": 0,
      "score": 0
    },
    {
      "name": "test_1_to_1_connectx",
      "pass": 0,
      "all": 0,
      "score": 0
    },
    {
      "name": "test_1_to_1_events",
      "pass": 0,
      "all": 0,
      "score": 0
    },
    {
      "name": "test_1_to_1_initmsg_connect",
      "pass": 0,
      "all": 0,
      "score": 0
    },
    {
      "name": "test_1_to_1_nonblock",
      "pass": 0,
      "all": 0,
      "score": 0
    },
    {
      "name": "test_1_to_1_recvfrom",
      "pass": 0,
      "all": 0,
      "score": 0
    },
    {
      "name": "test_1_to_1_recvmsg",
      "pass": 0,
      "all": 0,
      "score": 0
    },
    {
      "name": "test_1_to_1_rtoinfo",
      "pass": 0,
      "all": 0,
      "score": 0
    },
    {
      "name": "test_1_to_1_send",
      "pass": 0,
      "all": 0,
      "score": 0
    },
    {
      "name": "test_1_to_1_sendmsg",
      "pass": 0,
      "all": 0,
      "score": 0
    },
    {
      "name": "test_1_to_1_sendto",
      "pass": 0,
      "all": 0,
      "score": 0
    },
    {
      "name": "test_1_to_1_shutdown",
      "pass": 0,
      "all": 0,
      "score": 0
    },
    {
      "name": "test_1_to_1_socket_bind_listen",
      "pass": 0,
      "all": 0,
      "score": 0
    },
    {
      "name": "test_1_to_1_sockopt",
      "pass": 0,
      "all": 0,
      "score": 0
    },
    {
      "name": "test_1_to_1_threads",
      "pass": 0,
      "all": 0,
      "score": 0
    },
    {
      "name": "test_assoc_abort",
      "pass": 0,
      "all": 0,
      "score": 0
    },
    {
      "name": "test_assoc_shutdown",
      "pass": 0,
      "all": 0,
      "score": 0
    },
    {
      "name": "test_autoclose",
      "pass": 0,
      "all": 0,
      "score": 0
    },
    {
      "name": "test_basic",
      "pass": 0,
      "all": 0,
      "score": 0
    },
    {
      "name": "test_basic_v6",
      "pass": 0,
      "all": 0,
      "score": 0
    },
    {
      "name": "test_connect",
      "pass": 0,
      "all": 0,
      "score": 0
    },
    {
      "name": "test_connectx",
      "pass": 0,
      "all": 0,
      "score": 0
    },
    {
      "name": "test_controllers.sh",
      "pass": 0,
      "all": 0,
      "score": 0
    },
    {
      "name": "test_fragments",
      "pass": 0,
      "all": 0,
      "score": 0
    },
    {
      "name": "test_fragments_v6",
      "pass": 0,
      "all": 0,
      "score": 0
    },
    {
      "name": "test_getname",
      "pass": 0,
      "all": 0,
      "score": 0
    },
    {
      "name": "test_getname_v6",
      "pass": 0,
      "all": 0,
      "score": 0
    },
    {
      "name": "test_inaddr_any",
      "pass": 0,
      "all": 0,
      "score": 0
    },
    {
      "name": "test_inaddr_any_v6",
      "pass": 0,
      "all": 0,
      "score": 0
    },
    {
      "name": "test_ioctl",
      "pass": 0,
      "all": 0,
      "score": 0
    },
    {
      "name": "test_peeloff",
      "pass": 0,
      "all": 0,
      "score": 0
    },
    {
      "name": "test_peeloff_v6",
      "pass": 0,
      "all": 0,
      "score": 0
    },
    {
      "name": "test_recvmsg",
      "pass": 0,
      "all": 0,
      "score": 0
    },
    {
      "name": "test_robind.sh",
      "pass": 0,
      "all": 0,
      "score": 0
    },
    {
      "name": "test_sctp_sendrecvmsg",
      "pass": 0,
      "all": 0,
      "score": 0
    },
    {
      "name": "test_sctp_sendrecvmsg_v6",
      "pass": 0,
      "all": 0,
      "score": 0
    },
    {
      "name": "test_sockopt",
      "pass": 0,
      "all": 0,
      "score": 0
    },
    {
      "name": "test_sockopt_v6",
      "pass": 0,
      "all": 0,
      "score": 0
    },
    {
      "name": "test_tcp_style",
      "pass": 0,
      "all": 0,
      "score": 0
    },
    {
      "name": "test_tcp_style_v6",
      "pass": 0,
      "all": 0,
      "score": 0
    },
    {
      "name": "test_timetolive",
      "pass": 0,
      "all": 0,
      "score": 0
    },
    {
      "name": "test_timetolive_v6",
      "pass": 0,
      "all": 0,
      "score": 0
    },
    {
      "name": "testsf_c",
      "pass": 0,
      "all": 0,
      "score": 0
    },
    {
      "name": "testsf_c6",
      "pass": 0,
      "all": 0,
      "score": 0
    },
    {
      "name": "testsf_s",
      "pass": 0,
      "all": 0,
      "score": 0
    },
    {
      "name": "testsf_s6",
      "pass": 0,
      "all": 0,
      "score": 0
    },
    {
      "name": "tgkill01",
      "pass": 0,
      "all": 0,
      "score": 0
    },
    {
      "name": "tgkill02",
      "pass": 0,
      "all": 0,
      "score": 0
    },
    {
      "name": "tgkill03",
      "pass": 0,
      "all": 0,
      "score": 0
    },
    {
      "name": "thp01",
      "pass": 0,
      "all": 0,
      "score": 0
    },
    {
      "name": "thp02",
      "pass": 0,
      "all": 0,
      "score": 0
    },
    {
      "name": "thp03",
      "pass": 0,
      "all": 0,
      "score": 0
    },
    {
      "name": "thp04",
      "pass": 0,
      "all": 0,
      "score": 0
    },
    {
      "name": "time-schedule",
      "pass": 0,
      "all": 0,
      "score": 0
    },
    {
      "name": "time01",
      "pass": 0,
      "all": 0,
      "score": 0
    },
    {
      "name": "timed_forkbomb",
      "pass": 0,
      "all": 0,
      "score": 0
    },
    {
      "name": "timens01",
      "pass": 0,
      "all": 0,
      "score": 0
    },
    {
      "name": "timer_delete01",
      "pass": 0,
      "all": 0,
      "score": 0
    },
    {
      "name": "timer_delete02",
      "pass": 0,
      "all": 0,
      "score": 0
    },
    {
      "name": "timer_getoverrun01",
      "pass": 0,
      "all": 0,
      "score": 0
    },
    {
      "name": "timer_gettime01",
      "pass": 0,
      "all": 0,
      "score": 0
    },
    {
      "name": "timer_settime01",
      "pass": 0,
      "all": 0,
      "score": 0
    },
    {
      "name": "timer_settime02",
      "pass": 0,
      "all": 0,
      "score": 0
    },
    {
      "name": "timer_settime03",
      "pass": 0,
      "all": 0,
      "score": 0
    },
    {
      "name": "timerfd01",
      "pass": 0,
      "all": 0,
      "score": 0
    },
    {
      "name": "timerfd02",
      "pass": 0,
      "all": 0,
      "score": 0
    },
    {
      "name": "timerfd04",
      "pass": 0,
      "all": 0,
      "score": 0
    },
    {
      "name": "timerfd_create01",
      "pass": 0,
      "all": 0,
      "score": 0
    },
    {
      "name": "timerfd_gettime01",
      "pass": 0,
      "all": 0,
      "score": 0
    },
    {
      "name": "timerfd_settime01",
      "pass": 0,
      "all": 0,
      "score": 0
    },
    {
      "name": "timerfd_settime02",
      "pass": 0,
      "all": 0,
      "score": 0
    },
    {
      "name": "times01",
      "pass": 0,
      "all": 0,
      "score": 0
    },
    {
      "name": "times03",
      "pass": 0,
      "all": 0,
      "score": 0
    },
    {
      "name": "tkill01",
      "pass": 0,
      "all": 0,
      "score": 0
    },
    {
      "name": "tkill02",
      "pass": 0,
      "all": 0,
      "score": 0
    },
    {
      "name": "tpci",
      "pass": 0,
      "all": 0,
      "score": 0
    },
    {
      "name": "tpm_changeauth_tests.sh",
      "pass": 0,
      "all": 0,
      "score": 0
    },
    {
      "name": "tpm_changeauth_tests_exp01.sh",
      "pass": 0,
      "all": 0,
      "score": 0
    },
    {
      "name": "tpm_changeauth_tests_exp02.sh",
      "pass": 0,
      "all": 0,
      "score": 0
    },
    {
      "name": "tpm_changeauth_tests_exp03.sh",
      "pass": 0,
      "all": 0,
      "score": 0
    },
    {
      "name": "tpm_clear_tests.sh",
      "pass": 0,
      "all": 0,
      "score": 0
    },
    {
      "name": "tpm_clear_tests_exp01.sh",
      "pass": 0,
      "all": 0,
      "score": 0
    },
    {
      "name": "tpm_getpubek_tests.sh",
      "pass": 0,
      "all": 0,
      "score": 0
    },
    {
      "name": "tpm_getpubek_tests_exp01.sh",
      "pass": 0,
      "all": 0,
      "score": 0
    },
    {
      "name": "tpm_restrictpubek_tests.sh",
      "pass": 0,
      "all": 0,
      "score": 0
    },
    {
      "name": "tpm_restrictpubek_tests_exp01.sh",
      "pass": 0,
      "all": 0,
      "score": 0
    },
    {
      "name": "tpm_restrictpubek_tests_exp02.sh",
      "pass": 0,
      "all": 0,
      "score": 0
    },
    {
      "name": "tpm_restrictpubek_tests_exp03.sh",
      "pass": 0,
      "all": 0,
      "score": 0
    },
    {
      "name": "tpm_selftest_tests.sh",
      "pass": 0,
      "all": 0,
      "score": 0
    },
    {
      "name": "tpm_takeownership_tests.sh",
      "pass": 0,
      "all": 0,
      "score": 0
    },
    {
      "name": "tpm_takeownership_tests_exp01.sh",
      "pass": 0,
      "all": 0,
      "score": 0
    },
    {
      "name": "tpm_version_tests.sh",
      "pass": 0,
      "all": 0,
      "score": 0
    },
    {
      "name": "tpmtoken_import_tests.sh",
      "pass": 0,
      "all": 0,
      "score": 0
    },
    {
      "name": "tpmtoken_import_tests_exp01.sh",
      "pass": 0,
      "all": 0,
      "score": 0
    },
    {
      "name": "tpmtoken_import_tests_exp02.sh",
      "pass": 0,
      "all": 0,
      "score": 0
    },
    {
      "name": "tpmtoken_import_tests_exp03.sh",
      "pass": 0,
      "all": 0,
      "score": 0
    },
    {
      "name": "tpmtoken_import_tests_exp04.sh",
      "pass": 0,
      "all": 0,
      "score": 0
    },
    {
      "name": "tpmtoken_import_tests_exp05.sh",
      "pass": 0,
      "all": 0,
      "score": 0
    },
    {
      "name": "tpmtoken_import_tests_exp06.sh",
      "pass": 0,
      "all": 0,
      "score": 0
    },
    {
      "name": "tpmtoken_import_tests_exp07.sh",
      "pass": 0,
      "all": 0,
      "score": 0
    },
    {
      "name": "tpmtoken_import_tests_exp08.sh",
      "pass": 0,
      "all": 0,
      "score": 0
    },
    {
      "name": "tpmtoken_init_tests.sh",
      "pass": 0,
      "all": 0,
      "score": 0
    },
    {
      "name": "tpmtoken_init_tests_exp00.sh",
      "pass": 0,
      "all": 0,
      "score": 0
    },
    {
      "name": "tpmtoken_init_tests_exp01.sh",
      "pass": 0,
      "all": 0,
      "score": 0
    },
    {
      "name": "tpmtoken_init_tests_exp02.sh",
      "pass": 0,
      "all": 0,
      "score": 0
    },
    {
      "name": "tpmtoken_init_tests_exp03.sh",
      "pass": 0,
      "all": 0,
      "score": 0
    },
    {
      "name": "tpmtoken_objects_tests.sh",
      "pass": 0,
      "all": 0,
      "score": 0
    },
    {
      "name": "tpmtoken_objects_tests_exp01.sh",
      "pass": 0,
      "all": 0,
      "score": 0
    },
    {
      "name": "tpmtoken_protect_tests.sh",
      "pass": 0,
      "all": 0,
      "score": 0
    },
    {
      "name": "tpmtoken_protect_tests_exp01.sh",
      "pass": 0,
      "all": 0,
      "score": 0
    },
    {
      "name": "tpmtoken_protect_tests_exp02.sh",
      "pass": 0,
      "all": 0,
      "score": 0
    },
    {
      "name": "tpmtoken_setpasswd_tests.sh",
      "pass": 0,
      "all": 0,
      "score": 0
    },
    {
      "name": "tpmtoken_setpasswd_tests_exp01.sh",
      "pass": 0,
      "all": 0,
      "score": 0
    },
    {
      "name": "tpmtoken_setpasswd_tests_exp02.sh",
      "pass": 0,
      "all": 0,
      "score": 0
    },
    {
      "name": "tpmtoken_setpasswd_tests_exp03.sh",
      "pass": 0,
      "all": 0,
      "score": 0
    },
    {
      "name": "tpmtoken_setpasswd_tests_exp04.sh",
      "pass": 0,
      "all": 0,
      "score": 0
    },
    {
      "name": "trace_sched",
      "pass": 0,
      "all": 0,
      "score": 0
    },
    {
      "name": "tracepath01.sh",
      "pass": 0,
      "all": 0,
      "score": 0
    },
    {
      "name": "traceroute01.sh",
      "pass": 0,
      "all": 0,
      "score": 0
    },
    {
      "name": "truncate02",
      "pass": 0,
      "all": 0,
      "score": 0
    },
    {
      "name": "truncate02_64",
      "pass": 0,
      "all": 0,
      "score": 0
    },
    {
      "name": "truncate03",
      "pass": 0,
      "all": 0,
      "score": 0
    },
    {
      "name": "truncate03_64",
      "pass": 0,
      "all": 0,
      "score": 0
    },
    {
      "name": "tst_ansi_color.sh",
      "pass": 0,
      "all": 0,
      "score": 0
    },
    {
      "name": "tst_brk",
      "pass": 0,
      "all": 0,
      "score": 0
    },
    {
      "name": "tst_brkm",
      "pass": 0,
      "all": 0,
      "score": 0
    },
    {
      "name": "tst_cgctl",
      "pass": 0,
      "all": 0,
      "score": 0
    },
    {
      "name": "tst_check_drivers",
      "pass": 0,
      "all": 0,
      "score": 0
    },
    {
      "name": "tst_check_kconfigs",
      "pass": 0,
      "all": 0,
      "score": 0
    },
    {
      "name": "tst_checkpoint",
      "pass": 0,
      "all": 0,
      "score": 0
    },
    {
      "name": "tst_device",
      "pass": 0,
      "all": 0,
      "score": 0
    },
    {
      "name": "tst_exit",
      "pass": 0,
      "all": 0,
      "score": 0
    },
    {
      "name": "tst_fs_has_free",
      "pass": 0,
      "all": 0,
      "score": 0
    },
    {
      "name": "tst_fsfreeze",
      "pass": 0,
      "all": 0,
      "score": 0
    },
    {
      "name": "tst_get_free_pids",
      "pass": 0,
      "all": 0,
      "score": 0
    },
    {
      "name": "tst_get_median",
      "pass": 0,
      "all": 0,
      "score": 0
    },
    {
      "name": "tst_get_unused_port",
      "pass": 0,
      "all": 0,
      "score": 0
    },
    {
      "name": "tst_getconf",
      "pass": 0,
      "all": 0,
      "score": 0
    },
    {
      "name": "tst_hexdump",
      "pass": 0,
      "all": 0,
      "score": 0
    },
    {
      "name": "tst_kvcmp",
      "pass": 0,
      "all": 0,
      "score": 0
    },
    {
      "name": "tst_lockdown_enabled",
      "pass": 0,
      "all": 0,
      "score": 0
    },
    {
      "name": "tst_ncpus",
      "pass": 0,
      "all": 0,
      "score": 0
    },
    {
      "name": "tst_ncpus_conf",
      "pass": 0,
      "all": 0,
      "score": 0
    },
    {
      "name": "tst_ncpus_max",
      "pass": 0,
      "all": 0,
      "score": 0
    },
    {
      "name": "tst_net.sh",
      "pass": 0,
      "all": 0,
      "score": 0
    },
    {
      "name": "tst_net_iface_prefix",
      "pass": 0,
      "all": 0,
      "score": 0
    },
    {
      "name": "tst_net_ip_prefix",
      "pass": 0,
      "all": 0,
      "score": 0
    },
    {
      "name": "tst_net_stress.sh",
      "pass": 0,
      "all": 0,
      "score": 0
    },
    {
      "name": "tst_net_vars",
      "pass": 0,
      "all": 0,
      "score": 0
    },
    {
      "name": "tst_ns_create",
      "pass": 0,
      "all": 0,
      "score": 0
    },
    {
      "name": "tst_ns_exec",
      "pass": 0,
      "all": 0,
      "score": 0
    },
    {
      "name": "tst_ns_ifmove",
      "pass": 0,
      "all": 0,
      "score": 0
    },
    {
      "name": "tst_random",
      "pass": 0,
      "all": 0,
      "score": 0
    },
    {
      "name": "tst_res",
      "pass": 0,
      "all": 0,
      "score": 0
    },
    {
      "name": "tst_resm",
      "pass": 0,
      "all": 0,
      "score": 0
    },
    {
      "name": "tst_rod",
      "pass": 0,
      "all": 0,
      "score": 0
    },
    {
      "name": "tst_secureboot_enabled",
      "pass": 0,
      "all": 0,
      "score": 0
    },
    {
      "name": "tst_security.sh",
      "pass": 0,
      "all": 0,
      "score": 0
    },
    {
      "name": "tst_sleep",
      "pass": 0,
      "all": 0,
      "score": 0
    },
    {
      "name": "tst_supported_fs",
      "pass": 0,
      "all": 0,
      "score": 0
    },
    {
      "name": "tst_test.sh",
      "pass": 0,
      "all": 0,
      "score": 0
    },
    {
      "name": "tst_timeout_kill",
      "pass": 0,
      "all": 0,
      "score": 0
    },
    {
      "name": "uaccess",
      "pass": 0,
      "all": 0,
      "score": 0
    },
    {
      "name": "udp4-multi-diffip01",
      "pass": 0,
      "all": 0,
      "score": 0
    },
    {
      "name": "udp4-multi-diffip02",
      "pass": 0,
      "all": 0,
      "score": 0
    },
    {
      "name": "udp4-multi-diffip03",
      "pass": 0,
      "all": 0,
      "score": 0
    },
    {
      "name": "udp4-multi-diffip04",
      "pass": 0,
      "all": 0,
      "score": 0
    },
    {
      "name": "udp4-multi-diffip05",
      "pass": 0,
      "all": 0,
      "score": 0
    },
    {
      "name": "udp4-multi-diffip06",
      "pass": 0,
      "all": 0,
      "score": 0
    },
    {
      "name": "udp4-multi-diffip07",
      "pass": 0,
      "all": 0,
      "score": 0
    },
    {
      "name": "udp4-multi-diffnic01",
      "pass": 0,
      "all": 0,
      "score": 0
    },
    {
      "name": "udp4-multi-diffnic02",
      "pass": 0,
      "all": 0,
      "score": 0
    },
    {
      "name": "udp4-multi-diffnic03",
      "pass": 0,
      "all": 0,
      "score": 0
    },
    {
      "name": "udp4-multi-diffnic04",
      "pass": 0,
      "all": 0,
      "score": 0
    },
    {
      "name": "udp4-multi-diffnic05",
      "pass": 0,
      "all": 0,
      "score": 0
    },
    {
      "name": "udp4-multi-diffnic06",
      "pass": 0,
      "all": 0,
      "score": 0
    },
    {
      "name": "udp4-multi-diffnic07",
      "pass": 0,
      "all": 0,
      "score": 0
    },
    {
      "name": "udp4-multi-diffport01",
      "pass": 0,
      "all": 0,
      "score": 0
    },
    {
      "name": "udp4-multi-diffport02",
      "pass": 0,
      "all": 0,
      "score": 0
    },
    {
      "name": "udp4-multi-diffport03",
      "pass": 0,
      "all": 0,
      "score": 0
    },
    {
      "name": "udp4-multi-diffport04",
      "pass": 0,
      "all": 0,
      "score": 0
    },
    {
      "name": "udp4-multi-diffport05",
      "pass": 0,
      "all": 0,
      "score": 0
    },
    {
      "name": "udp4-multi-diffport06",
      "pass": 0,
      "all": 0,
      "score": 0
    },
    {
      "name": "udp4-multi-diffport07",
      "pass": 0,
      "all": 0,
      "score": 0
    },
    {
      "name": "udp4-uni-basic01",
      "pass": 0,
      "all": 0,
      "score": 0
    },
    {
      "name": "udp4-uni-basic02",
      "pass": 0,
      "all": 0,
      "score": 0
    },
    {
      "name": "udp4-uni-basic03",
      "pass": 0,
      "all": 0,
      "score": 0
    },
    {
      "name": "udp4-uni-basic04",
      "pass": 0,
      "all": 0,
      "score": 0
    },
    {
      "name": "udp4-uni-basic05",
      "pass": 0,
      "all": 0,
      "score": 0
    },
    {
      "name": "udp4-uni-basic06",
      "pass": 0,
      "all": 0,
      "score": 0
    },
    {
      "name": "udp4-uni-basic07",
      "pass": 0,
      "all": 0,
      "score": 0
    },
    {
      "name": "udp6-multi-diffip01",
      "pass": 0,
      "all": 0,
      "score": 0
    },
    {
      "name": "udp6-multi-diffip02",
      "pass": 0,
      "all": 0,
      "score": 0
    },
    {
      "name": "udp6-multi-diffip03",
      "pass": 0,
      "all": 0,
      "score": 0
    },
    {
      "name": "udp6-multi-diffip04",
      "pass": 0,
      "all": 0,
      "score": 0
    },
    {
      "name": "udp6-multi-diffip05",
      "pass": 0,
      "all": 0,
      "score": 0
    },
    {
      "name": "udp6-multi-diffip06",
      "pass": 0,
      "all": 0,
      "score": 0
    },
    {
      "name": "udp6-multi-diffip07",
      "pass": 0,
      "all": 0,
      "score": 0
    },
    {
      "name": "udp6-multi-diffnic01",
      "pass": 0,
      "all": 0,
      "score": 0
    },
    {
      "name": "udp6-multi-diffnic02",
      "pass": 0,
      "all": 0,
      "score": 0
    },
    {
      "name": "udp6-multi-diffnic03",
      "pass": 0,
      "all": 0,
      "score": 0
    },
    {
      "name": "udp6-multi-diffnic04",
      "pass": 0,
      "all": 0,
      "score": 0
    },
    {
      "name": "udp6-multi-diffnic05",
      "pass": 0,
      "all": 0,
      "score": 0
    },
    {
      "name": "udp6-multi-diffnic06",
      "pass": 0,
      "all": 0,
      "score": 0
    },
    {
      "name": "udp6-multi-diffnic07",
      "pass": 0,
      "all": 0,
      "score": 0
    },
    {
      "name": "udp6-multi-diffport01",
      "pass": 0,
      "all": 0,
      "score": 0
    },
    {
      "name": "udp6-multi-diffport02",
      "pass": 0,
      "all": 0,
      "score": 0
    },
    {
      "name": "udp6-multi-diffport03",
      "pass": 0,
      "all": 0,
      "score": 0
    },
    {
      "name": "udp6-multi-diffport04",
      "pass": 0,
      "all": 0,
      "score": 0
    },
    {
      "name": "udp6-multi-diffport05",
      "pass": 0,
      "all": 0,
      "score": 0
    },
    {
      "name": "udp6-multi-diffport06",
      "pass": 0,
      "all": 0,
      "score": 0
    },
    {
      "name": "udp6-multi-diffport07",
      "pass": 0,
      "all": 0,
      "score": 0
    },
    {
      "name": "udp6-uni-basic01",
      "pass": 0,
      "all": 0,
      "score": 0
    },
    {
      "name": "udp6-uni-basic02",
      "pass": 0,
      "all": 0,
      "score": 0
    },
    {
      "name": "udp6-uni-basic03",
      "pass": 0,
      "all": 0,
      "score": 0
    },
    {
      "name": "udp6-uni-basic04",
      "pass": 0,
      "all": 0,
      "score": 0
    },
    {
      "name": "udp6-uni-basic05",
      "pass": 0,
      "all": 0,
      "score": 0
    },
    {
      "name": "udp6-uni-basic06",
      "pass": 0,
      "all": 0,
      "score": 0
    },
    {
      "name": "udp6-uni-basic07",
      "pass": 0,
      "all": 0,
      "score": 0
    },
    {
      "name": "udp_ipsec.sh",
      "pass": 0,
      "all": 0,
      "score": 0
    },
    {
      "name": "udp_ipsec_vti.sh",
      "pass": 0,
      "all": 0,
      "score": 0
    },
    {
      "name": "uevent01",
      "pass": 0,
      "all": 0,
      "score": 0
    },
    {
      "name": "uevent02",
      "pass": 0,
      "all": 0,
      "score": 0
    },
    {
      "name": "uevent03",
      "pass": 0,
      "all": 0,
      "score": 0
    },
    {
      "name": "ulimit01",
      "pass": 0,
      "all": 0,
      "score": 0
    },
    {
      "name": "umask01",
      "pass": 0,
      "all": 0,
      "score": 0
    },
    {
      "name": "umip_basic_test",
      "pass": 0,
      "all": 0,
      "score": 0
    },
    {
      "name": "umount01",
      "pass": 0,
      "all": 0,
      "score": 0
    },
    {
      "name": "umount02",
      "pass": 0,
      "all": 0,
      "score": 0
    },
    {
      "name": "umount03",
      "pass": 0,
      "all": 0,
      "score": 0
    },
    {
      "name": "umount2_01",
      "pass": 0,
      "all": 0,
      "score": 0
    },
    {
      "name": "umount2_02",
      "pass": 0,
      "all": 0,
      "score": 0
    },
    {
      "name": "uname01",
      "pass": 0,
      "all": 0,
      "score": 0
    },
    {
      "name": "uname02",
      "pass": 0,
      "all": 0,
      "score": 0
    },
    {
      "name": "uname04",
      "pass": 0,
      "all": 0,
      "score": 0
    },
    {
      "name": "unlink05",
      "pass": 0,
      "all": 0,
      "score": 0
    },
    {
      "name": "unlink07",
      "pass": 0,
      "all": 0,
      "score": 0
    },
    {
      "name": "unlink08",
      "pass": 0,
      "all": 0,
      "score": 0
    },
    {
      "name": "unlink09",
      "pass": 0,
      "all": 0,
      "score": 0
    },
    {
      "name": "unlinkat01",
      "pass": 0,
      "all": 0,
      "score": 0
    },
    {
      "name": "unshare01",
      "pass": 0,
      "all": 0,
      "score": 0
    },
    {
      "name": "unshare01.sh",
      "pass": 0,
      "all": 0,
      "score": 0
    },
    {
      "name": "unshare02",
      "pass": 0,
      "all": 0,
      "score": 0
    },
    {
      "name": "unzip01.sh",
      "pass": 0,
      "all": 0,
      "score": 0
    },
    {
      "name": "userfaultfd01",
      "pass": 0,
      "all": 0,
      "score": 0
    },
    {
      "name": "userns01",
      "pass": 0,
      "all": 0,
      "score": 0
    },
    {
      "name": "userns02",
      "pass": 0,
      "all": 0,
      "score": 0
    },
    {
      "name": "userns03",
      "pass": 0,
      "all": 0,
      "score": 0
    },
    {
      "name": "userns04",
      "pass": 0,
      "all": 0,
      "score": 0
    },
    {
      "name": "userns05",
      "pass": 0,
      "all": 0,
      "score": 0
    },
    {
      "name": "userns06",
      "pass": 0,
      "all": 0,
      "score": 0
    },
    {
      "name": "userns06_capcheck",
      "pass": 0,
      "all": 0,
      "score": 0
    },
    {
      "name": "userns07",
      "pass": 0,
      "all": 0,
      "score": 0
    },
    {
      "name": "userns08",
      "pass": 0,
      "all": 0,
      "score": 0
    },
    {
      "name": "ustat01",
      "pass": 0,
      "all": 0,
      "score": 0
    },
    {
      "name": "ustat02",
      "pass": 0,
      "all": 0,
      "score": 0
    },
    {
      "name": "utime01",
      "pass": 0,
      "all": 0,
      "score": 0
    },
    {
      "name": "utime02",
      "pass": 0,
      "all": 0,
      "score": 0
    },
    {
      "name": "utime03",
      "pass": 0,
      "all": 0,
      "score": 0
    },
    {
      "name": "utime04",
      "pass": 0,
      "all": 0,
      "score": 0
    },
    {
      "name": "utime05",
      "pass": 0,
      "all": 0,
      "score": 0
    },
    {
      "name": "utime06",
      "pass": 0,
      "all": 0,
      "score": 0
    },
    {
      "name": "utime07",
      "pass": 0,
      "all": 0,
      "score": 0
    },
    {
      "name": "utimensat01",
      "pass": 0,
      "all": 0,
      "score": 0
    },
    {
      "name": "utimes01",
      "pass": 0,
      "all": 0,
      "score": 0
    },
    {
      "name": "utsname01",
      "pass": 0,
      "all": 0,
      "score": 0
    },
    {
      "name": "utsname02",
      "pass": 0,
      "all": 0,
      "score": 0
    },
    {
      "name": "utsname03",
      "pass": 0,
      "all": 0,
      "score": 0
    },
    {
      "name": "utsname04",
      "pass": 0,
      "all": 0,
      "score": 0
    },
    {
      "name": "verify_caps_exec",
      "pass": 0,
      "all": 0,
      "score": 0
    },
    {
      "name": "vfork",
      "pass": 0,
      "all": 0,
      "score": 0
    },
    {
      "name": "vfork01",
      "pass": 0,
      "all": 0,
      "score": 0
    },
    {
      "name": "vfork02",
      "pass": 0,
      "all": 0,
      "score": 0
    },
    {
      "name": "vfork_freeze.sh",
      "pass": 0,
      "all": 0,
      "score": 0
    },
    {
      "name": "vhangup01",
      "pass": 0,
      "all": 0,
      "score": 0
    },
    {
      "name": "vhangup02",
      "pass": 0,
      "all": 0,
      "score": 0
    },
    {
      "name": "virt_lib.sh",
      "pass": 0,
      "all": 0,
      "score": 0
    },
    {
      "name": "vlan01.sh",
      "pass": 0,
      "all": 0,
      "score": 0
    },
    {
      "name": "vlan02.sh",
      "pass": 0,
      "all": 0,
      "score": 0
    },
    {
      "name": "vlan03.sh",
      "pass": 0,
      "all": 0,
      "score": 0
    },
    {
      "name": "vma01",
      "pass": 0,
      "all": 0,
      "score": 0
    },
    {
      "name": "vma02",
      "pass": 0,
      "all": 0,
      "score": 0
    },
    {
      "name": "vma03",
      "pass": 0,
      "all": 0,
      "score": 0
    },
    {
      "name": "vma04",
      "pass": 0,
      "all": 0,
      "score": 0
    },
    {
      "name": "vma05.sh",
      "pass": 0,
      "all": 0,
      "score": 0
    },
    {
      "name": "vma05_vdso",
      "pass": 0,
      "all": 0,
      "score": 0
    },
    {
      "name": "vmsplice01",
      "pass": 0,
      "all": 0,
      "score": 0
    },
    {
      "name": "vmsplice02",
      "pass": 0,
      "all": 0,
      "score": 0
    },
    {
      "name": "vmsplice03",
      "pass": 0,
      "all": 0,
      "score": 0
    },
    {
      "name": "vmsplice04",
      "pass": 0,
      "all": 0,
      "score": 0
    },
    {
      "name": "vsock01",
      "pass": 0,
      "all": 0,
      "score": 0
    },
    {
      "name": "vxlan01.sh",
      "pass": 0,
      "all": 0,
      "score": 0
    },
    {
      "name": "vxlan02.sh",
      "pass": 0,
      "all": 0,
      "score": 0
    },
    {
      "name": "vxlan03.sh",
      "pass": 0,
      "all": 0,
      "score": 0
    },
    {
      "name": "vxlan04.sh",
      "pass": 0,
      "all": 0,
      "score": 0
    },
    {
      "name": "wait01",
      "pass": 0,
      "all": 0,
      "score": 0
    },
    {
      "name": "wait02",
      "pass": 0,
      "all": 0,
      "score": 0
    },
    {
      "name": "wait401",
      "pass": 0,
      "all": 0,
      "score": 0
    },
    {
      "name": "wait402",
      "pass": 0,
      "all": 0,
      "score": 0
    },
    {
      "name": "wait403",
      "pass": 0,
      "all": 0,
      "score": 0
    },
    {
      "name": "waitid01",
      "pass": 0,
      "all": 0,
      "score": 0
    },
    {
      "name": "waitid02",
      "pass": 0,
      "all": 0,
      "score": 0
    },
    {
      "name": "waitid03",
      "pass": 0,
      "all": 0,
      "score": 0
    },
    {
      "name": "waitid04",
      "pass": 0,
      "all": 0,
      "score": 0
    },
    {
      "name": "waitid05",
      "pass": 0,
      "all": 0,
      "score": 0
    },
    {
      "name": "waitid06",
      "pass": 0,
      "all": 0,
      "score": 0
    },
    {
      "name": "waitid07",
      "pass": 0,
      "all": 0,
      "score": 0
    },
    {
      "name": "waitid08",
      "pass": 0,
      "all": 0,
      "score": 0
    },
    {
      "name": "waitid09",
      "pass": 0,
      "all": 0,
      "score": 0
    },
    {
      "name": "waitid10",
      "pass": 0,
      "all": 0,
      "score": 0
    },
    {
      "name": "waitid11",
      "pass": 0,
      "all": 0,
      "score": 0
    },
    {
      "name": "waitpid01",
      "pass": 0,
      "all": 0,
      "score": 0
    },
    {
      "name": "waitpid03",
      "pass": 0,
      "all": 0,
      "score": 0
    },
    {
      "name": "waitpid04",
      "pass": 0,
      "all": 0,
      "score": 0
    },
    {
      "name": "waitpid06",
      "pass": 0,
      "all": 0,
      "score": 0
    },
    {
      "name": "waitpid07",
      "pass": 0,
      "all": 0,
      "score": 0
    },
    {
      "name": "waitpid08",
      "pass": 0,
      "all": 0,
      "score": 0
    },
    {
      "name": "waitpid09",
      "pass": 0,
      "all": 0,
      "score": 0
    },
    {
      "name": "waitpid10",
      "pass": 0,
      "all": 0,
      "score": 0
    },
    {
      "name": "waitpid11",
      "pass": 0,
      "all": 0,
      "score": 0
    },
    {
      "name": "waitpid12",
      "pass": 0,
      "all": 0,
      "score": 0
    },
    {
      "name": "waitpid13",
      "pass": 0,
      "all": 0,
      "score": 0
    },
    {
      "name": "wc01.sh",
      "pass": 0,
      "all": 0,
      "score": 0
    },
    {
      "name": "which01.sh",
      "pass": 0,
      "all": 0,
      "score": 0
    },
    {
      "name": "wireguard01.sh",
      "pass": 0,
      "all": 0,
      "score": 0
    },
    {
      "name": "wireguard02.sh",
      "pass": 0,
      "all": 0,
      "score": 0
    },
    {
      "name": "wireguard_lib.sh",
      "pass": 0,
      "all": 0,
      "score": 0
    },
    {
      "name": "wqueue01",
      "pass": 0,
      "all": 0,
      "score": 0
    },
    {
      "name": "wqueue02",
      "pass": 0,
      "all": 0,
      "score": 0
    },
    {
      "name": "wqueue03",
      "pass": 0,
      "all": 0,
      "score": 0
    },
    {
      "name": "wqueue04",
      "pass": 0,
      "all": 0,
      "score": 0
    },
    {
      "name": "wqueue05",
      "pass": 0,
      "all": 0,
      "score": 0
    },
    {
      "name": "wqueue06",
      "pass": 0,
      "all": 0,
      "score": 0
    },
    {
      "name": "wqueue07",
      "pass": 0,
      "all": 0,
      "score": 0
    },
    {
      "name": "wqueue08",
      "pass": 0,
      "all": 0,
      "score": 0
    },
    {
      "name": "wqueue09",
      "pass": 0,
      "all": 0,
      "score": 0
    },
    {
      "name": "write01",
      "pass": 0,
      "all": 0,
      "score": 0
    },
    {
      "name": "write02",
      "pass": 0,
      "all": 0,
      "score": 0
    },
    {
      "name": "write03",
      "pass": 0,
      "all": 0,
      "score": 0
    },
    {
      "name": "write04",
      "pass": 0,
      "all": 0,
      "score": 0
    },
    {
      "name": "write05",
      "pass": 0,
      "all": 0,
      "score": 0
    },
    {
      "name": "write06",
      "pass": 0,
      "all": 0,
      "score": 0
    },
    {
      "name": "write_freezing.sh",
      "pass": 0,
      "all": 0,
      "score": 0
    },
    {
      "name": "writetest",
      "pass": 0,
      "all": 0,
      "score": 0
    },
    {
      "name": "writev01",
      "pass": 0,
      "all": 0,
      "score": 0
    },
    {
      "name": "writev02",
      "pass": 0,
      "all": 0,
      "score": 0
    },
    {
      "name": "writev03",
      "pass": 0,
      "all": 0,
      "score": 0
    },
    {
      "name": "writev05",
      "pass": 0,
      "all": 0,
      "score": 0
    },
    {
      "name": "writev06",
      "pass": 0,
      "all": 0,
      "score": 0
    },
    {
      "name": "writev07",
      "pass": 0,
      "all": 0,
      "score": 0
    },
    {
      "name": "zram01.sh",
      "pass": 0,
      "all": 0,
      "score": 0
    },
    {
      "name": "zram02.sh",
      "pass": 0,
      "all": 0,
      "score": 0
    },
    {
      "name": "zram03",
      "pass": 0,
      "all": 0,
      "score": 0
    },
    {
      "name": "zram_lib.sh",
      "pass": 0,
      "all": 0,
      "score": 0
    }
  ],
  "ltp-glibc": [
    {
      "name": "abort01",
      "pass": 1,
      "all": 3,
      "score": 1
    },
    {
      "name": "abs01",
      "pass": 0,
      "all": 0,
      "score": 0
    },
    {
      "name": "accept01",
      "pass": 5,
      "all": 5,
      "score": 5
    },
    {
      "name": "accept02",
      "pass": 0,
      "all": 0,
      "score": 0
    },
    {
      "name": "accept03",
      "pass": 4,
      "all": 5,
      "score": 4
    },
    {
      "name": "accept4_01",
      "pass": 8,
      "all": 9,
      "score": 8
    },
    {
      "name": "access01",
      "pass": 0,
      "all": 0,
      "score": 0
    },
    {
      "name": "access02",
      "pass": 0,
      "all": 0,
      "score": 0
    },
    {
      "name": "access03",
      "pass": 0,
      "all": 0,
      "score": 0
    },
    {
      "name": "access04",
      "pass": 0,
      "all": 0,
      "score": 0
    },
    {
      "name": "acct01",
      "pass": 0,
      "all": 0,
      "score": 0
    },
    {
      "name": "acct02",
      "pass": 0,
      "all": 0,
      "score": 0
    },
    {
      "name": "acct02_helper",
      "pass": 0,
      "all": 0,
      "score": 0
    },
    {
      "name": "acl1",
      "pass": 0,
      "all": 0,
      "score": 0
    },
    {
      "name": "add_ipv6addr",
      "pass": 0,
      "all": 0,
      "score": 0
    },
    {
      "name": "add_key01",
      "pass": 0,
      "all": 0,
      "score": 0
    },
    {
      "name": "add_key02",
      "pass": 0,
      "all": 0,
      "score": 0
    },
    {
      "name": "add_key03",
      "pass": 0,
      "all": 0,
      "score": 0
    },
    {
      "name": "add_key04",
      "pass": 0,
      "all": 0,
      "score": 0
    },
    {
      "name": "add_key05",
      "pass": 0,
      "all": 0,
      "score": 0
    },
    {
      "name": "adjtimex01",
      "pass": 0,
      "all": 0,
      "score": 0
    },
    {
      "name": "adjtimex02",
      "pass": 0,
      "all": 0,
      "score": 0
    },
    {
      "name": "adjtimex03",
      "pass": 0,
      "all": 0,
      "score": 0
    },
    {
      "name": "af_alg01",
      "pass": 0,
      "all": 0,
      "score": 0
    },
    {
      "name": "af_alg02",
      "pass": 0,
      "all": 0,
      "score": 0
    },
    {
      "name": "af_alg03",
      "pass": 0,
      "all": 0,
      "score": 0
    },
    {
      "name": "af_alg04",
      "pass": 0,
      "all": 0,
      "score": 0
    },
    {
      "name": "af_alg05",
      "pass": 0,
      "all": 0,
      "score": 0
    },
    {
      "name": "af_alg06",
      "pass": 0,
      "all": 0,
      "score": 0
    },
    {
      "name": "af_alg07",
      "pass": 0,
      "all": 0,
      "score": 0
    },
    {
      "name": "aio-stress",
      "pass": 0,
      "all": 0,
      "score": 0
    },
    {
      "name": "aio01",
      "pass": 0,
      "all": 0,
      "score": 0
    },
    {
      "name": "aio02",
      "pass": 0,
      "all": 0,
      "score": 0
    },
    {
      "name": "aiocp",
      "pass": 0,
      "all": 0,
      "score": 0
    },
    {
      "name": "aiodio_append",
      "pass": 0,
      "all": 0,
      "score": 0
    },
    {
      "name": "aiodio_sparse",
      "pass": 0,
      "all": 0,
      "score": 0
    },
    {
      "name": "alarm02",
      "pass": 6,
      "all": 6,
      "score": 6
    },
    {
      "name": "alarm03",
      "pass": 2,
      "all": 2,
      "score": 2
    },
    {
      "name": "alarm05",
      "pass": 1,
      "all": 3,
      "score": 1
    },
    {
      "name": "alarm06",
      "pass": 1,
      "all": 2,
      "score": 1
    },
    {
      "name": "alarm07",
      "pass": 1,
      "all": 2,
      "score": 1
    },
    {
      "name": "ar01.sh",
      "pass": 0,
      "all": 0,
      "score": 0
    },
    {
      "name": "arch_prctl01",
      "pass": 0,
      "all": 0,
      "score": 0
    },
    {
      "name": "arping01.sh",
      "pass": 0,
      "all": 0,
      "score": 0
    },
    {
      "name": "asapi_01",
      "pass": 0,
      "all": 0,
      "score": 0
    },
    {
      "name": "asapi_02",
      "pass": 0,
      "all": 0,
      "score": 0
    },
    {
      "name": "asapi_03",
      "pass": 0,
      "all": 0,
      "score": 0
    },
    {
      "name": "ask_password.sh",
      "pass": 0,
      "all": 0,
      "score": 0
    },
    {
      "name": "aslr01",
      "pass": 0,
      "all": 0,
      "score": 0
    },
    {
      "name": "assign_password.sh",
      "pass": 0,
      "all": 0,
      "score": 0
    },
    {
      "name": "atof01",
      "pass": 0,
      "all": 0,
      "score": 0
    },
    {
      "name": "autogroup01",
      "pass": 0,
      "all": 0,
      "score": 0
    },
    {
      "name": "bbr01.sh",
      "pass": 0,
      "all": 0,
      "score": 0
    },
    {
      "name": "bbr02.sh",
      "pass": 0,
      "all": 0,
      "score": 0
    },
    {
      "name": "bind01",
      "pass": 5,
      "all": 8,
      "score": 5
    },
    {
      "name": "bind02",
      "pass": 0,
      "all": 0,
      "score": 0
    },
    {
      "name": "bind03",
      "pass": 2,
      "all": 3,
      "score": 2
    },
    {
      "name": "bind04",
      "pass": 0,
      "all": 0,
      "score": 0
    },
    {
      "name": "bind05",
      "pass": 0,
      "all": 0,
      "score": 0
    },
    {
      "name": "bind06",
      "pass": 0,
      "all": 0,
      "score": 0
    },
    {
      "name": "bind_noport01.sh",
      "pass": 0,
      "all": 0,
      "score": 0
    },
    {
      "name": "binfmt_misc01.sh",
      "pass": 0,
      "all": 0,
      "score": 0
    },
    {
      "name": "binfmt_misc02.sh",
      "pass": 0,
      "all": 0,
      "score": 0
    },
    {
      "name": "binfmt_misc_lib.sh",
      "pass": 0,
      "all": 0,
      "score": 0
    },
    {
      "name": "block_dev",
      "pass": 0,
      "all": 0,
      "score": 0
    },
    {
      "name": "bpf_map01",
      "pass": 0,
      "all": 0,
      "score": 0
    },
    {
      "name": "bpf_prog01",
      "pass": 0,
      "all": 0,
      "score": 0
    },
    {
      "name": "bpf_prog02",
      "pass": 0,
      "all": 0,
      "score": 0
    },
    {
      "name": "bpf_prog03",
      "pass": 0,
      "all": 0,
      "score": 0
    },
    {
      "name": "bpf_prog04",
      "pass": 0,
      "all": 0,
      "score": 0
    },
    {
      "name": "bpf_prog05",
      "pass": 0,
      "all": 0,
      "score": 0
    },
    {
      "name": "bpf_prog06",
      "pass": 0,
      "all": 0,
      "score": 0
    },
    {
      "name": "bpf_prog07",
      "pass": 0,
      "all": 0,
      "score": 0
    },
    {
      "name": "brk01",
      "pass": 0,
      "all": 2,
      "score": 0
    },
    {
      "name": "brk02",
      "pass": 0,
      "all": 2,
      "score": 0
    },
    {
      "name": "broken_ip-checksum.sh",
      "pass": 0,
      "all": 0,
      "score": 0
    },
    {
      "name": "broken_ip-dstaddr.sh",
      "pass": 0,
      "all": 0,
      "score": 0
    },
    {
      "name": "broken_ip-fragment.sh",
      "pass": 0,
      "all": 0,
      "score": 0
    },
    {
      "name": "broken_ip-ihl.sh",
      "pass": 0,
      "all": 0,
      "score": 0
    },
    {
      "name": "broken_ip-nexthdr.sh",
      "pass": 0,
      "all": 0,
      "score": 0
    },
    {
      "name": "broken_ip-plen.sh",
      "pass": 0,
      "all": 0,
      "score": 0
    },
    {
      "name": "broken_ip-protcol.sh",
      "pass": 0,
      "all": 0,
      "score": 0
    },
    {
      "name": "broken_ip-version.sh",
      "pass": 0,
      "all": 0,
      "score": 0
    },
    {
      "name": "busy_poll01.sh",
      "pass": 0,
      "all": 0,
      "score": 0
    },
    {
      "name": "busy_poll02.sh",
      "pass": 0,
      "all": 0,
      "score": 0
    },
    {
      "name": "busy_poll03.sh",
      "pass": 0,
      "all": 0,
      "score": 0
    },
    {
      "name": "busy_poll_lib.sh",
      "pass": 0,
      "all": 0,
      "score": 0
    },
    {
      "name": "cacheflush01",
      "pass": 0,
      "all": 0,
      "score": 0
    },
    {
      "name": "can_bcm01",
      "pass": 0,
      "all": 0,
      "score": 0
    },
    {
      "name": "can_filter",
      "pass": 0,
      "all": 0,
      "score": 0
    },
    {
      "name": "can_rcv_own_msgs",
      "pass": 0,
      "all": 0,
      "score": 0
    },
    {
      "name": "cap_bounds_r",
      "pass": 0,
      "all": 0,
      "score": 0
    },
    {
      "name": "cap_bounds_rw",
      "pass": 0,
      "all": 0,
      "score": 0
    },
    {
      "name": "cap_bset_inh_bounds",
      "pass": 0,
      "all": 0,
      "score": 0
    },
    {
      "name": "capget01",
      "pass": 0,
      "all": 0,
      "score": 0
    },
    {
      "name": "capget02",
      "pass": 0,
      "all": 0,
      "score": 0
    },
    {
      "name": "capset01",
      "pass": 0,
      "all": 0,
      "score": 0
    },
    {
      "name": "capset02",
      "pass": 0,
      "all": 0,
      "score": 0
    },
    {
      "name": "capset03",
      "pass": 0,
      "all": 0,
      "score": 0
    },
    {
      "name": "capset04",
      "pass": 0,
      "all": 0,
      "score": 0
    },
    {
      "name": "cfs_bandwidth01",
      "pass": 0,
      "all": 0,
      "score": 0
    },
    {
      "name": "cgroup_core01",
      "pass": 0,
      "all": 0,
      "score": 0
    },
    {
      "name": "cgroup_core02",
      "pass": 0,
      "all": 0,
      "score": 0
    },
    {
      "name": "cgroup_core03",
      "pass": 0,
      "all": 0,
      "score": 0
    },
    {
      "name": "cgroup_fj_common.sh",
      "pass": 0,
      "all": 0,
      "score": 0
    },
    {
      "name": "cgroup_fj_function.sh",
      "pass": 0,
      "all": 0,
      "score": 0
    },
    {
      "name": "cgroup_fj_proc",
      "pass": 0,
      "all": 0,
      "score": 0
    },
    {
      "name": "cgroup_fj_stress.sh",
      "pass": 0,
      "all": 0,
      "score": 0
    },
    {
      "name": "cgroup_lib.sh",
      "pass": 0,
      "all": 0,
      "score": 0
    },
    {
      "name": "cgroup_regression_3_1.sh",
      "pass": 0,
      "all": 0,
      "score": 0
    },
    {
      "name": "cgroup_regression_3_2.sh",
      "pass": 0,
      "all": 0,
      "score": 0
    },
    {
      "name": "cgroup_regression_5_1.sh",
      "pass": 0,
      "all": 0,
      "score": 0
    },
    {
      "name": "cgroup_regression_5_2.sh",
      "pass": 0,
      "all": 0,
      "score": 0
    },
    {
      "name": "cgroup_regression_6_1.sh",
      "pass": 0,
      "all": 0,
      "score": 0
    },
    {
      "name": "cgroup_regression_6_2.sh",
      "pass": 0,
      "all": 0,
      "score": 0
    },
    {
      "name": "cgroup_regression_fork_processes",
      "pass": 0,
      "all": 0,
      "score": 0
    },
    {
      "name": "cgroup_regression_getdelays",
      "pass": 0,
      "all": 0,
      "score": 0
    },
    {
      "name": "cgroup_regression_test.sh",
      "pass": 0,
      "all": 0,
      "score": 0
    },
    {
      "name": "cgroup_xattr",
      "pass": 0,
      "all": 0,
      "score": 0
    },
    {
      "name": "change_password.sh",
      "pass": 0,
      "all": 0,
      "score": 0
    },
    {
      "name": "chdir01",
      "pass": 0,
      "all": 0,
      "score": 0
    },
    {
      "name": "chdir04",
      "pass": 2,
      "all": 4,
      "score": 2
    },
    {
      "name": "check_envval",
      "pass": 0,
      "all": 0,
      "score": 0
    },
    {
      "name": "check_icmpv4_connectivity",
      "pass": 0,
      "all": 0,
      "score": 0
    },
    {
      "name": "check_icmpv6_connectivity",
      "pass": 0,
      "all": 0,
      "score": 0
    },
    {
      "name": "check_keepcaps",
      "pass": 0,
      "all": 0,
      "score": 0
    },
    {
      "name": "check_netem",
      "pass": 0,
      "all": 0,
      "score": 0
    },
    {
      "name": "check_pe",
      "pass": 0,
      "all": 0,
      "score": 0
    },
    {
      "name": "check_setkey",
      "pass": 0,
      "all": 0,
      "score": 0
    },
    {
      "name": "check_simple_capset",
      "pass": 0,
      "all": 0,
      "score": 0
    },
    {
      "name": "chmod01",
      "pass": 18,
      "all": 33,
      "score": 18
    },
    {
      "name": "chmod03",
      "pass": 0,
      "all": 0,
      "score": 0
    },
    {
      "name": "chmod05",
      "pass": 0,
      "all": 0,
      "score": 0
    },
    {
      "name": "chmod06",
      "pass": 0,
      "all": 0,
      "score": 0
    },
    {
      "name": "chmod07",
      "pass": 0,
      "all": 0,
      "score": 0
    },
    {
      "name": "chown01",
      "pass": 1,
      "all": 2,
      "score": 1
    },
    {
      "name": "chown01_16",
      "pass": 0,
      "all": 0,
      "score": 0
    },
    {
      "name": "chown02",
      "pass": 2,
      "all": 5,
      "score": 2
    },
    {
      "name": "chown02_16",
      "pass": 0,
      "all": 0,
      "score": 0
    },
    {
      "name": "chown03",
      "pass": 0,
      "all": 0,
      "score": 0
    },
    {
      "name": "chown03_16",
      "pass": 0,
      "all": 0,
      "score": 0
    },
    {
      "name": "chown04",
      "pass": 0,
      "all": 0,
      "score": 0
    },
    {
      "name": "chown04_16",
      "pass": 0,
      "all": 0,
      "score": 0
    },
    {
      "name": "chown05",
      "pass": 6,
      "all": 13,
      "score": 6
    },
    {
      "name": "chown05_16",
      "pass": 0,
      "all": 0,
      "score": 0
    },
    {
      "name": "chroot01",
      "pass": 0,
      "all": 0,
      "score": 0
    },
    {
      "name": "chroot02",
      "pass": 0,
      "all": 0,
      "score": 0
    },
    {
      "name": "chroot03",
      "pass": 0,
      "all": 0,
      "score": 0
    },
    {
      "name": "chroot04",
      "pass": 0,
      "all": 0,
      "score": 0
    },
    {
      "name": "cleanup_lvm.sh",
      "pass": 0,
      "all": 0,
      "score": 0
    },
    {
      "name": "clock_adjtime01",
      "pass": 0,
      "all": 0,
      "score": 0
    },
    {
      "name": "clock_adjtime02",
      "pass": 0,
      "all": 0,
      "score": 0
    },
    {
      "name": "clock_getres01",
      "pass": 0,
      "all": 0,
      "score": 0
    },
    {
      "name": "clock_gettime01",
      "pass": 0,
      "all": 0,
      "score": 0
    },
    {
      "name": "clock_gettime02",
      "pass": 8,
      "all": 10,
      "score": 8
    },
    {
      "name": "clock_gettime03",
      "pass": 0,
      "all": 0,
      "score": 0
    },
    {
      "name": "clock_gettime04",
      "pass": 0,
      "all": 0,
      "score": 0
    },
    {
      "name": "clock_nanosleep01",
      "pass": 1,
      "all": 4,
      "score": 1
    },
    {
      "name": "clock_nanosleep02",
      "pass": 0,
      "all": 0,
      "score": 0
    },
    {
      "name": "clock_nanosleep03",
      "pass": 0,
      "all": 0,
      "score": 0
    },
    {
      "name": "clock_nanosleep04",
      "pass": 4,
      "all": 4,
      "score": 4
    },
    {
      "name": "clock_settime01",
      "pass": 0,
      "all": 0,
      "score": 0
    },
    {
      "name": "clock_settime02",
      "pass": 0,
      "all": 0,
      "score": 0
    },
    {
      "name": "clock_settime03",
      "pass": 0,
      "all": 0,
      "score": 0
    },
    {
      "name": "clone01",
      "pass": 2,
      "all": 2,
      "score": 2
    },
    {
      "name": "clone02",
      "pass": 0,
      "all": 0,
      "score": 0
    },
    {
      "name": "clone03",
      "pass": 1,
      "all": 1,
      "score": 1
    },
    {
      "name": "clone04",
      "pass": 1,
      "all": 1,
      "score": 1
    },
    {
      "name": "clone05",
      "pass": 0,
      "all": 0,
      "score": 0
    },
    {
      "name": "clone06",
      "pass": 1,
      "all": 1,
      "score": 1
    },
    {
      "name": "clone07",
      "pass": 1,
      "all": 1,
      "score": 1
    },
    {
      "name": "clone08",
      "pass": 4,
      "all": 5,
      "score": 4
    },
    {
      "name": "clone09",
      "pass": 0,
      "all": 0,
      "score": 0
    },
    {
      "name": "clone301",
      "pass": 0,
      "all": 0,
      "score": 0
    },
    {
      "name": "clone302",
      "pass": 1,
      "all": 3,
      "score": 1
    },
    {
      "name": "clone303",
      "pass": 0,
      "all": 0,
      "score": 0
    },
    {
      "name": "close01",
      "pass": 3,
      "all": 4,
      "score": 3
    },
    {
      "name": "close02",
      "pass": 1,
      "all": 1,
      "score": 1
    },
    {
      "name": "close_range01",
      "pass": 0,
      "all": 0,
      "score": 0
    },
    {
      "name": "close_range02",
      "pass": 0,
      "all": 0,
      "score": 0
    },
    {
      "name": "cmdlib.sh",
      "pass": 0,
      "all": 0,
      "score": 0
    },
    {
      "name": "cn_pec.sh",
      "pass": 0,
      "all": 0,
      "score": 0
    },
    {
      "name": "confstr01",
      "pass": 34,
      "all": 34,
      "score": 34
    },
    {
      "name": "connect01",
      "pass": 0,
      "all": 0,
      "score": 0
    },
    {
      "name": "connect02",
      "pass": 0,
      "all": 0,
      "score": 0
    },
    {
      "name": "copy_file_range01",
      "pass": 0,
      "all": 0,
      "score": 0
    },
    {
      "name": "copy_file_range02",
      "pass": 0,
      "all": 0,
      "score": 0
    },
    {
      "name": "copy_file_range03",
      "pass": 0,
      "all": 0,
      "score": 0
    },
    {
      "name": "cp_tests.sh",
      "pass": 0,
      "all": 0,
      "score": 0
    },
    {
      "name": "cpio_tests.sh",
      "pass": 0,
      "all": 0,
      "score": 0
    },
    {
      "name": "cpuacct.sh",
      "pass": 0,
      "all": 0,
      "score": 0
    },
    {
      "name": "cpuacct_task",
      "pass": 0,
      "all": 0,
      "score": 0
    },
    {
      "name": "cpuctl_def_task01",
      "pass": 0,
      "all": 0,
      "score": 0
    },
    {
      "name": "cpuctl_def_task02",
      "pass": 0,
      "all": 0,
      "score": 0
    },
    {
      "name": "cpuctl_def_task03",
      "pass": 0,
      "all": 0,
      "score": 0
    },
    {
      "name": "cpuctl_def_task04",
      "pass": 0,
      "all": 0,
      "score": 0
    },
    {
      "name": "cpuctl_fj_cpu-hog",
      "pass": 0,
      "all": 0,
      "score": 0
    },
    {
      "name": "cpuctl_fj_simple_echo",
      "pass": 0,
      "all": 0,
      "score": 0
    },
    {
      "name": "cpuctl_latency_check_task",
      "pass": 0,
      "all": 0,
      "score": 0
    },
    {
      "name": "cpuctl_latency_test",
      "pass": 0,
      "all": 0,
      "score": 0
    },
    {
      "name": "cpuctl_test01",
      "pass": 0,
      "all": 0,
      "score": 0
    },
    {
      "name": "cpuctl_test02",
      "pass": 0,
      "all": 0,
      "score": 0
    },
    {
      "name": "cpuctl_test03",
      "pass": 0,
      "all": 0,
      "score": 0
    },
    {
      "name": "cpuctl_test04",
      "pass": 0,
      "all": 0,
      "score": 0
    },
    {
      "name": "cpufreq_boost",
      "pass": 0,
      "all": 0,
      "score": 0
    },
    {
      "name": "cpuhotplug01.sh",
      "pass": 0,
      "all": 0,
      "score": 0
    },
    {
      "name": "cpuhotplug02.sh",
      "pass": 0,
      "all": 0,
      "score": 0
    },
    {
      "name": "cpuhotplug03.sh",
      "pass": 0,
      "all": 0,
      "score": 0
    },
    {
      "name": "cpuhotplug04.sh",
      "pass": 0,
      "all": 0,
      "score": 0
    },
    {
      "name": "cpuhotplug05.sh",
      "pass": 0,
      "all": 0,
      "score": 0
    },
    {
      "name": "cpuhotplug06.sh",
      "pass": 0,
      "all": 0,
      "score": 0
    },
    {
      "name": "cpuhotplug07.sh",
      "pass": 0,
      "all": 0,
      "score": 0
    },
    {
      "name": "cpuhotplug_do_disk_write_loop",
      "pass": 0,
      "all": 0,
      "score": 0
    },
    {
      "name": "cpuhotplug_do_kcompile_loop",
      "pass": 0,
      "all": 0,
      "score": 0
    },
    {
      "name": "cpuhotplug_do_spin_loop",
      "pass": 0,
      "all": 0,
      "score": 0
    },
    {
      "name": "cpuhotplug_hotplug.sh",
      "pass": 0,
      "all": 0,
      "score": 0
    },
    {
      "name": "cpuhotplug_report_proc_interrupts",
      "pass": 0,
      "all": 0,
      "score": 0
    },
    {
      "name": "cpuhotplug_testsuite.sh",
      "pass": 0,
      "all": 0,
      "score": 0
    },
    {
      "name": "cpuset01",
      "pass": 0,
      "all": 0,
      "score": 0
    },
    {
      "name": "cpuset_base_ops_testset.sh",
      "pass": 0,
      "all": 0,
      "score": 0
    },
    {
      "name": "cpuset_cpu_hog",
      "pass": 0,
      "all": 0,
      "score": 0
    },
    {
      "name": "cpuset_exclusive_test.sh",
      "pass": 0,
      "all": 0,
      "score": 0
    },
    {
      "name": "cpuset_funcs.sh",
      "pass": 0,
      "all": 0,
      "score": 0
    },
    {
      "name": "cpuset_hierarchy_test.sh",
      "pass": 0,
      "all": 0,
      "score": 0
    },
    {
      "name": "cpuset_hotplug_test.sh",
      "pass": 0,
      "all": 0,
      "score": 0
    },
    {
      "name": "cpuset_inherit_testset.sh",
      "pass": 0,
      "all": 0,
      "score": 0
    },
    {
      "name": "cpuset_list_compute",
      "pass": 0,
      "all": 0,
      "score": 0
    },
    {
      "name": "cpuset_load_balance_test.sh",
      "pass": 0,
      "all": 0,
      "score": 0
    },
    {
      "name": "cpuset_mem_hog",
      "pass": 0,
      "all": 0,
      "score": 0
    },
    {
      "name": "cpuset_memory_pressure",
      "pass": 0,
      "all": 0,
      "score": 0
    },
    {
      "name": "cpuset_memory_pressure_testset.sh",
      "pass": 0,
      "all": 0,
      "score": 0
    },
    {
      "name": "cpuset_memory_spread_testset.sh",
      "pass": 0,
      "all": 0,
      "score": 0
    },
    {
      "name": "cpuset_memory_test",
      "pass": 0,
      "all": 0,
      "score": 0
    },
    {
      "name": "cpuset_memory_testset.sh",
      "pass": 0,
      "all": 0,
      "score": 0
    },
    {
      "name": "cpuset_regression_test.sh",
      "pass": 0,
      "all": 0,
      "score": 0
    },
    {
      "name": "cpuset_sched_domains_check",
      "pass": 0,
      "all": 0,
      "score": 0
    },
    {
      "name": "cpuset_sched_domains_test.sh",
      "pass": 0,
      "all": 0,
      "score": 0
    },
    {
      "name": "cpuset_syscall_test",
      "pass": 0,
      "all": 0,
      "score": 0
    },
    {
      "name": "cpuset_syscall_testset.sh",
      "pass": 0,
      "all": 0,
      "score": 0
    },
    {
      "name": "crash01",
      "pass": 0,
      "all": 0,
      "score": 0
    }
  ],
  "iozone-musl": [
    {
      "name": "iozone write/read 4 initial writers (kb/sec)",
      "result": 0,
      "baseline": 3524.04,
      "score": 0.0
    },
    {
      "name": "iozone write/read 4 rewriters (kb/sec)",
      "result": 0,
      "baseline": 7471.07,
      "score": 0.0
    },
    {
      "name": "iozone write/read 4 readers (kb/sec)",
      "result": 0,
      "baseline": 13135.64,
      "score": 0.0
    },
    {
      "name": "iozone write/read 4 re-readers (kb/sec)",
      "result": 0,
      "baseline": 13064.75,
      "score": 0.0
    },
    {
      "name": "iozone random-read 4 initial writers (kb/sec)",
      "result": 0,
      "baseline": 3401.72,
      "score": 0.0
    },
    {
      "name": "iozone random-read 4 rewriters (kb/sec)",
      "result": 0,
      "baseline": 7196.32,
      "score": 0.0
    },
    {
      "name": "iozone random-read 4 random readers (kb/sec)",
      "result": 0,
      "baseline": 11082.03,
      "score": 0.0
    },
    {
      "name": "iozone random-read 4 random writers (kb/sec)",
      "result": 0,
      "baseline": 7140.81,
      "score": 0.0
    },
    {
      "name": "iozone read-backwards 4 initial writers (kb/sec)",
      "result": 0,
      "baseline": 3331.39,
      "score": 0.0
    },
    {
      "name": "iozone read-backwards 4 rewriters (kb/sec)",
      "result": 0,
      "baseline": 4906.05,
      "score": 0.0
    },
    {
      "name": "iozone read-backwards 4 reverse readers (kb/sec)",
      "result": 0,
      "baseline": 10743.42,
      "score": 0.0
    },
    {
      "name": "iozone stride-read 4 initial writers (kb/sec)",
      "result": 0,
      "baseline": 3468.09,
      "score": 0.0
    },
    {
      "name": "iozone stride-read 4 rewriters (kb/sec)",
      "result": 0,
      "baseline": 7004.64,
      "score": 0.0
    },
    {
      "name": "iozone stride-read 4 stride readers (kb/sec)",
      "result": 0,
      "baseline": 11848.11,
      "score": 0.0
    },
    {
      "name": "iozone fwrite/fread 4 fwriters (kb/sec)",
      "result": 0,
      "baseline": 3204.25,
      "score": 0.0
    },
    {
      "name": "iozone fwrite/fread 4 freaders (kb/sec)",
      "result": 0,
      "baseline": 7123.18,
      "score": 0.0
    },
    {
      "name": "iozone pwrite/pread 4 pwrite writers (kb/sec)",
      "result": 0,
      "baseline": 3724.0,
      "score": 0.0
    },
    {
      "name": "iozone pwrite/pread 4 pread readers (kb/sec)",
      "result": 0,
      "baseline": 14183.61,
      "score": 0.0
    },
    {
      "name": "iozone pwritev/preadv 4 initial writers (kb/sec)",
      "result": 0,
      "baseline": 3609.25,
      "score": 0.0
    },
    {
      "name": "iozone pwritev/preadv 4 rewriters (kb/sec)",
      "result": 0,
      "baseline": 8305.9,
      "score": 0.0
    }
  ],
  "lmbench-glibc": [
    {
      "name": "lmbench Simple syscall:(microseconds)",
      "res": 0,
      "baseline": 9.25013,
      "score": 0.0
    },
    {
      "name": "lmbench Simple read:(microseconds)",
      "res": 0,
      "baseline": 16.8192,
      "score": 0.0
    },
    {
      "name": "lmbench Simple write:(microseconds)",
      "res": 0,
      "baseline": 16.87553,
      "score": 0.0
    },
    {
      "name": "lmbench Simple stat:(microseconds)",
      "res": 0,
      "baseline": 425.2565,
      "score": 0.0
    },
    {
      "name": "lmbench Simple fstat:(microseconds)",
      "res": 0,
      "baseline": 29.54674,
      "score": 0.0
    },
    {
      "name": "lmbench Simple open/close:(microseconds)",
      "res": 0,
      "baseline": 501.2352,
      "score": 0.0
    },
    {
      "name": "lmbench Select on 100 fd's:(microseconds)",
      "res": 0,
      "baseline": 56.05561,
      "score": 0.0
    },
    {
      "name": "lmbench Signal handler installation:(microseconds)",
      "res": 0,
      "baseline": 18.84948,
      "score": 0.0
    },
    {
      "name": "lmbench Signal handler overhead:(microseconds)",
      "res": 0,
      "baseline": 25.89064,
      "score": 0.0
    },
    {
      "name": "lmbench Pipe latency:(microseconds)",
      "res": 0,
      "baseline": 141.9106,
      "score": 0.0
    },
    {
      "name": "lmbench Process fork+exit:(microseconds)",
      "res": 0,
      "baseline": 4409.188,
      "score": 0.0
    },
    {
      "name": "lmbench Process fork+execve:(microseconds)",
      "res": 0,
      "baseline": 2004.3333,
      "score": 0.0
    },
    {
      "name": "lmbench Process fork+/bin/sh -c:(microseconds)",
      "res": 0,
      "baseline": 920010.2,
      "score": 0.0
    },
    {
      "name": "lmbench Pagefaults on /var/tmp/XXX:(microseconds)",
      "res": 0,
      "baseline": 978.2374643,
      "score": 0.0
    },
    {
      "name": "lmbench lat_mmap:(microseconds)",
      "res": 0,
      "baseline": 4109.0,
      "score": 0.0
    },
    {
      "name": "lmbench fs latency 0k create",
      "res": 0,
      "baseline": 24573,
      "score": 0.0
    },
    {
      "name": "lmbench fs latency 0k remove",
      "res": 0,
      "baseline": 30703,
      "score": 0.0
    },
    {
      "name": "lmbench fs latency 1k create",
      "res": 0,
      "baseline": 15130,
      "score": 0.0
    },
    {
      "name": "lmbench fs latency 1k remove",
      "res": 0,
      "baseline": 255558,
      "score": 0.0
    },
    {
      "name": "lmbench fs latency 4k create",
      "res": 0,
      "baseline": 13265,
      "score": 0.0
    },
    {
      "name": "lmbench fs latency 4k remove",
      "res": 0,
      "baseline": 126595,
      "score": 0.0
    },
    {
      "name": "lmbench fs latency 10k create",
      "res": 0,
      "baseline": 11723,
      "score": 0.0
    },
    {
      "name": "lmbench fs latency 10k remove",
      "res": 0,
      "baseline": 23688,
      "score": 0.0
    },
    {
      "name": "lmbench Pipe bandwidth:(MB/sec)",
      "res": 0,
      "baseline": 127.244,
      "score": 0.0
    },
    {
      "name": "lmbench bw_file_rd io_only",
      "res": 0,
      "baseline": 71703.7,
      "score": 0.0
    },
    {
      "name": "lmbench bw_file_rd open2close",
      "res": 0,
      "baseline": 2637.494,
      "score": 0.0
    },
    {
      "name": "lmbench bw_mmap_rd mmap_only",
      "res": 0,
      "baseline": 1037.403,
      "score": 0.0
    },
    {
      "name": "lmbench bw_mmap_rd open2close",
      "res": 0,
      "baseline": 187.0208,
      "score": 0.0
    },
    {
      "name": "lmbench context switch 2:(microseconds)",
      "res": 0,
      "baseline": 41.24,
      "score": 0.0
    },
    {
      "name": "lmbench context switch 4:(microseconds)",
      "res": 0,
      "baseline": 41.58071,
      "score": 0.0
    },
    {
      "name": "lmbench context switch 8:(microseconds)",
      "res": 0,
      "baseline": 41.04231,
      "score": 0.0
    },
    {
      "name": "lmbench context switch 16:(microseconds)",
      "res": 0,
      "baseline": 40.77077,
      "score": 0.0
    },
    {
      "name": "lmbench context switch 24:(microseconds)",
      "res": 0,
      "baseline": 43.86385,
      "score": 0.0
    },
    {
      "name": "lmbench context switch 32:(microseconds)",
      "res": 0,
      "baseline": 47.74923,
      "score": 0.0
    },
    {
      "name": "lmbench context switch 64:(microseconds)",
      "res": 0,
      "baseline": 8703.026,
      "score": 0.0
    },
    {
      "name": "lmbench context switch 96:(microseconds)",
      "res": 0,
      "baseline": 2952.14,
      "score": 0.0
    }
  ],
  "libcbench-glibc": [
    {
      "name": "libc-bench b_malloc_sparse (0) (seconds)",
      "res": 0,
      "baseline": 0.384919462,
      "score": 0.0
    },
    {
      "name": "libc-bench b_malloc_bubble (0) (seconds)",
      "res": 0,
      "baseline": 0.36015349,
      "score": 0.0
    },
    {
      "name": "libc-bench b_malloc_tiny1 (0) (seconds)",
      "res": 0,
      "baseline": 0.014186324,
      "score": 0.0
    },
    {
      "name": "libc-bench b_malloc_tiny2 (0) (seconds)",
      "res": 0,
      "baseline": 0.010810043,
      "score": 0.0
    },
    {
      "name": "libc-bench b_malloc_big1 (0) (seconds)",
      "res": 0,
      "baseline": 0.118578071,
      "score": 0.0
    },
    {
      "name": "libc-bench b_malloc_big2 (0) (seconds)",
      "res": 0,
      "baseline": 0.107088632,
      "score": 0.0
    },
    {
      "name": "libc-bench b_malloc_thread_stress (0) (seconds)",
      "res": 0,
      "baseline": 0.09632549,
      "score": 0.0
    },
    {
      "name": "libc-bench b_malloc_thread_local (0) (seconds)",
      "res": 0,
      "baseline": 0.096989785,
      "score": 0.0
    },
    {
      "name": "libc-bench b_string_strstr (\"abcdefghijklmnopqrstuvwxyz\") (seconds)",
      "res": 0,
      "baseline": 0.011402239,
      "score": 0.0
    },
    {
      "name": "libc-bench b_string_strstr (\"azbycxdwevfugthsirjqkplomn\") (seconds)",
      "res": 0,
      "baseline": 0.020868089,
      "score": 0.0
    },
    {
      "name": "libc-bench b_string_strstr (\"aaaaaaaaaaaaaacccccccccccc\") (seconds)",
      "res": 0,
      "baseline": 0.011944437,
      "score": 0.0
    },
    {
      "name": "libc-bench b_string_strstr (\"aaaaaaaaaaaaaaaaaaaaaaaaac\") (seconds)",
      "res": 0,
      "baseline": 0.011749838,
      "score": 0.0
    },
    {
      "name": "libc-bench b_string_strstr (\"aaaaaaaaaaaaaaaaaaaaaaaaaaaaaaaac\") (seconds)",
      "res": 0,
      "baseline": 0.013963025,
      "score": 0.0
    },
    {
      "name": "libc-bench b_string_memset (0) (seconds)",
      "res": 0,
      "baseline": 0.025313365,
      "score": 0.0
    },
    {
      "name": "libc-bench b_string_strchr (0) (seconds)",
      "res": 0,
      "baseline": 0.012811332,
      "score": 0.0
    },
    {
      "name": "libc-bench b_string_strlen (0) (seconds)",
      "res": 0,
      "baseline": 0.013459429,
      "score": 0.0
    },
    {
      "name": "libc-bench b_pthread_createjoin_serial1 (0) (seconds)",
      "res": 0,
      "baseline": 1.284791557,
      "score": 0.0
    },
    {
      "name": "libc-bench b_pthread_createjoin_serial2 (0) (seconds)",
      "res": 0,
      "baseline": 1.006433722,
      "score": 0.0
    },
    {
      "name": "libc-bench b_pthread_create_serial1 (0) (seconds)",
      "res": 0,
      "baseline": 0.892420718,
      "score": 0.0
    },
    {
      "name": "libc-bench b_pthread_uselesslock (0) (seconds)",
      "res": 0,
      "baseline": 0.080551368,
      "score": 0.0
    },
    {
      "name": "libc-bench b_utf8_bigbuf (0) (seconds)",
      "res": 0,
      "baseline": 0.036977802,
      "score": 0.0
    },
    {
      "name": "libc-bench b_utf8_onebyone (0) (seconds)",
      "res": 0,
      "baseline": 0.109599811,
      "score": 0.0
    },
    {
      "name": "libc-bench b_stdio_putcgetc (0) (seconds)",
      "res": 0,
      "baseline": 0.767822967,
      "score": 0.0
    },
    {
      "name": "libc-bench b_stdio_putcgetc_unlocked (0) (seconds)",
      "res": 0,
      "baseline": 0.765147171,
      "score": 0.0
    },
    {
      "name": "libc-bench b_regex_compile (\"(a|b|c)*d*b\") (seconds)",
      "res": 0,
      "baseline": 0.088259223,
      "score": 0.0
    },
    {
      "name": "libc-bench b_regex_search (\"(a|b|c)*d*b\") (seconds)",
      "res": 0,
      "baseline": 0.083251251,
      "score": 0.0
    },
    {
      "name": "libc-bench b_regex_search (\"a{25}b\") (seconds)",
      "res": 0,
      "baseline": 0.286712251,
      "score": 0.0
    }
  ],
  "libctest-glibc": [
    {
      "name": "libctest static argv",
      "pass": 0,
      "total": 1,
      "score": 0
    },
    {
      "name": "libctest static basename",
      "pass": 0,
      "total": 1,
      "score": 0
    },
    {
      "name": "libctest static clocale_mbfuncs",
      "pass": 0,
      "total": 1,
      "score": 0
    },
    {
      "name": "libctest static clock_gettime",
      "pass": 0,
      "total": 1,
      "score": 0
    },
    {
      "name": "libctest static crypt",
      "pass": 0,
      "total": 1,
      "score": 0
    },
    {
      "name": "libctest static dirname",
      "pass": 0,
      "total": 1,
      "score": 0
    },
    {
      "name": "libctest static env",
      "pass": 0,
      "total": 1,
      "score": 0
    },
    {
      "name": "libctest static fdopen",
      "pass": 0,
      "total": 1,
      "score": 0
    },
    {
      "name": "libctest static fnmatch",
      "pass": 0,
      "total": 1,
      "score": 0
    },
    {
      "name": "libctest static fscanf",
      "pass": 0,
      "total": 1,
      "score": 0
    },
    {
      "name": "libctest static fwscanf",
      "pass": 0,
      "total": 1,
      "score": 0
    },
    {
      "name": "libctest static iconv_open",
      "pass": 0,
      "total": 1,
      "score": 0
    },
    {
      "name": "libctest static inet_pton",
      "pass": 0,
      "total": 1,
      "score": 0
    },
    {
      "name": "libctest static mbc",
      "pass": 0,
      "total": 1,
      "score": 0
    },
    {
      "name": "libctest static memstream",
      "pass": 0,
      "total": 1,
      "score": 0
    },
    {
      "name": "libctest static pthread_cancel_points",
      "pass": 0,
      "total": 1,
      "score": 0
    },
    {
      "name": "libctest static pthread_cancel",
      "pass": 0,
      "total": 1,
      "score": 0
    },
    {
      "name": "libctest static pthread_cond",
      "pass": 0,
      "total": 1,
      "score": 0
    },
    {
      "name": "libctest static pthread_tsd",
      "pass": 0,
      "total": 1,
      "score": 0
    },
    {
      "name": "libctest static qsort",
      "pass": 0,
      "total": 1,
      "score": 0
    },
    {
      "name": "libctest static random",
      "pass": 0,
      "total": 1,
      "score": 0
    },
    {
      "name": "libctest static search_hsearch",
      "pass": 0,
      "total": 1,
      "score": 0
    },
    {
      "name": "libctest static search_insque",
      "pass": 0,
      "total": 1,
      "score": 0
    },
    {
      "name": "libctest static search_lsearch",
      "pass": 0,
      "total": 1,
      "score": 0
    },
    {
      "name": "libctest static search_tsearch",
      "pass": 0,
      "total": 1,
      "score": 0
    },
    {
      "name": "libctest static setjmp",
      "pass": 0,
      "total": 1,
      "score": 0
    },
    {
      "name": "libctest static snprintf",
      "pass": 0,
      "total": 1,
      "score": 0
    },
    {
      "name": "libctest static socket",
      "pass": 0,
      "total": 1,
      "score": 0
    },
    {
      "name": "libctest static sscanf",
      "pass": 0,
      "total": 1,
      "score": 0
    },
    {
      "name": "libctest static sscanf_long",
      "pass": 0,
      "total": 1,
      "score": 0
    },
    {
      "name": "libctest static stat",
      "pass": 0,
      "total": 1,
      "score": 0
    },
    {
      "name": "libctest static strftime",
      "pass": 0,
      "total": 1,
      "score": 0
    },
    {
      "name": "libctest static string",
      "pass": 0,
      "total": 1,
      "score": 0
    },
    {
      "name": "libctest static string_memcpy",
      "pass": 0,
      "total": 1,
      "score": 0
    },
    {
      "name": "libctest static string_memmem",
      "pass": 0,
      "total": 1,
      "score": 0
    },
    {
      "name": "libctest static string_memset",
      "pass": 0,
      "total": 1,
      "score": 0
    },
    {
      "name": "libctest static string_strchr",
      "pass": 0,
      "total": 1,
      "score": 0
    },
    {
      "name": "libctest static string_strcspn",
      "pass": 0,
      "total": 1,
      "score": 0
    },
    {
      "name": "libctest static string_strstr",
      "pass": 0,
      "total": 1,
      "score": 0
    },
    {
      "name": "libctest static strptime",
      "pass": 0,
      "total": 1,
      "score": 0
    },
    {
      "name": "libctest static strtod",
      "pass": 0,
      "total": 1,
      "score": 0
    },
    {
      "name": "libctest static strtod_simple",
      "pass": 0,
      "total": 1,
      "score": 0
    },
    {
      "name": "libctest static strtof",
      "pass": 0,
      "total": 1,
      "score": 0
    },
    {
      "name": "libctest static strtol",
      "pass": 0,
      "total": 1,
      "score": 0
    },
    {
      "name": "libctest static strtold",
      "pass": 0,
      "total": 1,
      "score": 0
    },
    {
      "name": "libctest static swprintf",
      "pass": 0,
      "total": 1,
      "score": 0
    },
    {
      "name": "libctest static tgmath",
      "pass": 0,
      "total": 1,
      "score": 0
    },
    {
      "name": "libctest static time",
      "pass": 0,
      "total": 1,
      "score": 0
    },
    {
      "name": "libctest static tls_align",
      "pass": 0,
      "total": 1,
      "score": 0
    },
    {
      "name": "libctest static udiv",
      "pass": 0,
      "total": 1,
      "score": 0
    },
    {
      "name": "libctest static ungetc",
      "pass": 0,
      "total": 1,
      "score": 0
    },
    {
      "name": "libctest static utime",
      "pass": 0,
      "total": 1,
      "score": 0
    },
    {
      "name": "libctest static wcsstr",
      "pass": 0,
      "total": 1,
      "score": 0
    },
    {
      "name": "libctest static wcstol",
      "pass": 0,
      "total": 1,
      "score": 0
    },
    {
      "name": "libctest static pleval",
      "pass": 0,
      "total": 1,
      "score": 0
    },
    {
      "name": "libctest static daemon_failure",
      "pass": 0,
      "total": 1,
      "score": 0
    },
    {
      "name": "libctest static dn_expand_empty",
      "pass": 0,
      "total": 1,
      "score": 0
    },
    {
      "name": "libctest static dn_expand_ptr_0",
      "pass": 0,
      "total": 1,
      "score": 0
    },
    {
      "name": "libctest static fflush_exit",
      "pass": 0,
      "total": 1,
      "score": 0
    },
    {
      "name": "libctest static fgets_eof",
      "pass": 0,
      "total": 1,
      "score": 0
    },
    {
      "name": "libctest static fgetwc_buffering",
      "pass": 0,
      "total": 1,
      "score": 0
    },
    {
      "name": "libctest static fpclassify_invalid_ld80",
      "pass": 0,
      "total": 1,
      "score": 0
    },
    {
      "name": "libctest static ftello_unflushed_append",
      "pass": 0,
      "total": 1,
      "score": 0
    },
    {
      "name": "libctest static getpwnam_r_crash",
      "pass": 0,
      "total": 1,
      "score": 0
    },
    {
      "name": "libctest static getpwnam_r_errno",
      "pass": 0,
      "total": 1,
      "score": 0
    },
    {
      "name": "libctest static iconv_roundtrips",
      "pass": 0,
      "total": 1,
      "score": 0
    },
    {
      "name": "libctest static inet_ntop_v4mapped",
      "pass": 0,
      "total": 1,
      "score": 0
    },
    {
      "name": "libctest static inet_pton_empty_last_field",
      "pass": 0,
      "total": 1,
      "score": 0
    },
    {
      "name": "libctest static iswspace_null",
      "pass": 0,
      "total": 1,
      "score": 0
    },
    {
      "name": "libctest static lrand48_signextend",
      "pass": 0,
      "total": 1,
      "score": 0
    },
    {
      "name": "libctest static lseek_large",
      "pass": 0,
      "total": 1,
      "score": 0
    },
    {
      "name": "libctest static malloc_0",
      "pass": 0,
      "total": 1,
      "score": 0
    },
    {
      "name": "libctest static mbsrtowcs_overflow",
      "pass": 0,
      "total": 1,
      "score": 0
    },
    {
      "name": "libctest static memmem_oob_read",
      "pass": 0,
      "total": 1,
      "score": 0
    },
    {
      "name": "libctest static memmem_oob",
      "pass": 0,
      "total": 1,
      "score": 0
    },
    {
      "name": "libctest static mkdtemp_failure",
      "pass": 0,
      "total": 1,
      "score": 0
    },
    {
      "name": "libctest static mkstemp_failure",
      "pass": 0,
      "total": 1,
      "score": 0
    },
    {
      "name": "libctest static printf_1e9_oob",
      "pass": 0,
      "total": 1,
      "score": 0
    },
    {
      "name": "libctest static printf_fmt_g_round",
      "pass": 0,
      "total": 1,
      "score": 0
    },
    {
      "name": "libctest static printf_fmt_g_zeros",
      "pass": 0,
      "total": 1,
      "score": 0
    },
    {
      "name": "libctest static printf_fmt_n",
      "pass": 0,
      "total": 1,
      "score": 0
    },
    {
      "name": "libctest static pthread_robust_detach",
      "pass": 0,
      "total": 1,
      "score": 0
    },
    {
      "name": "libctest static pthread_cancel_sem_wait",
      "pass": 0,
      "total": 1,
      "score": 0
    },
    {
      "name": "libctest static pthread_cond_smasher",
      "pass": 0,
      "total": 1,
      "score": 0
    },
    {
      "name": "libctest static pthread_condattr_setclock",
      "pass": 0,
      "total": 1,
      "score": 0
    },
    {
      "name": "libctest static pthread_exit_cancel",
      "pass": 0,
      "total": 1,
      "score": 0
    },
    {
      "name": "libctest static pthread_once_deadlock",
      "pass": 0,
      "total": 1,
      "score": 0
    },
    {
      "name": "libctest static pthread_rwlock_ebusy",
      "pass": 0,
      "total": 1,
      "score": 0
    },
    {
      "name": "libctest static putenv_doublefree",
      "pass": 0,
      "total": 1,
      "score": 0
    },
    {
      "name": "libctest static regex_backref_0",
      "pass": 0,
      "total": 1,
      "score": 0
    },
    {
      "name": "libctest static regex_bracket_icase",
      "pass": 0,
      "total": 1,
      "score": 0
    },
    {
      "name": "libctest static regex_ere_backref",
      "pass": 0,
      "total": 1,
      "score": 0
    },
    {
      "name": "libctest static regex_escaped_high_byte",
      "pass": 0,
      "total": 1,
      "score": 0
    },
    {
      "name": "libctest static regex_negated_range",
      "pass": 0,
      "total": 1,
      "score": 0
    },
    {
      "name": "libctest static regexec_nosub",
      "pass": 0,
      "total": 1,
      "score": 0
    },
    {
      "name": "libctest static rewind_clear_error",
      "pass": 0,
      "total": 1,
      "score": 0
    },
    {
      "name": "libctest static rlimit_open_files",
      "pass": 0,
      "total": 1,
      "score": 0
    },
    {
      "name": "libctest static scanf_bytes_consumed",
      "pass": 0,
      "total": 1,
      "score": 0
    },
    {
      "name": "libctest static scanf_match_literal_eof",
      "pass": 0,
      "total": 1,
      "score": 0
    },
    {
      "name": "libctest static scanf_nullbyte_char",
      "pass": 0,
      "total": 1,
      "score": 0
    },
    {
      "name": "libctest static setvbuf_unget",
      "pass": 0,
      "total": 1,
      "score": 0
    },
    {
      "name": "libctest static sigprocmask_internal",
      "pass": 0,
      "total": 1,
      "score": 0
    },
    {
      "name": "libctest static sscanf_eof",
      "pass": 0,
      "total": 1,
      "score": 0
    },
    {
      "name": "libctest static statvfs",
      "pass": 0,
      "total": 1,
      "score": 0
    },
    {
      "name": "libctest static strverscmp",
      "pass": 0,
      "total": 1,
      "score": 0
    },
    {
      "name": "libctest static syscall_sign_extend",
      "pass": 0,
      "total": 1,
      "score": 0
    },
    {
      "name": "libctest static uselocale_0",
      "pass": 0,
      "total": 1,
      "score": 0
    },
    {
      "name": "libctest static wcsncpy_read_overflow",
      "pass": 0,
      "total": 1,
      "score": 0
    },
    {
      "name": "libctest static wcsstr_false_negative",
      "pass": 0,
      "total": 1,
      "score": 0
    },
    {
      "name": "libctest dynamic argv",
      "pass": 0,
      "total": 1,
      "score": 0
    },
    {
      "name": "libctest dynamic basename",
      "pass": 0,
      "total": 1,
      "score": 0
    },
    {
      "name": "libctest dynamic clocale_mbfuncs",
      "pass": 0,
      "total": 1,
      "score": 0
    },
    {
      "name": "libctest dynamic clock_gettime",
      "pass": 0,
      "total": 1,
      "score": 0
    },
    {
      "name": "libctest dynamic crypt",
      "pass": 0,
      "total": 1,
      "score": 0
    },
    {
      "name": "libctest dynamic dirname",
      "pass": 0,
      "total": 1,
      "score": 0
    },
    {
      "name": "libctest dynamic dlopen",
      "pass": 0,
      "total": 1,
      "score": 0
    },
    {
      "name": "libctest dynamic env",
      "pass": 0,
      "total": 1,
      "score": 0
    },
    {
      "name": "libctest dynamic fdopen",
      "pass": 0,
      "total": 1,
      "score": 0
    },
    {
      "name": "libctest dynamic fnmatch",
      "pass": 0,
      "total": 1,
      "score": 0
    },
    {
      "name": "libctest dynamic fscanf",
      "pass": 0,
      "total": 1,
      "score": 0
    },
    {
      "name": "libctest dynamic fwscanf",
      "pass": 0,
      "total": 1,
      "score": 0
    },
    {
      "name": "libctest dynamic iconv_open",
      "pass": 0,
      "total": 1,
      "score": 0
    },
    {
      "name": "libctest dynamic inet_pton",
      "pass": 0,
      "total": 1,
      "score": 0
    },
    {
      "name": "libctest dynamic mbc",
      "pass": 0,
      "total": 1,
      "score": 0
    },
    {
      "name": "libctest dynamic memstream",
      "pass": 0,
      "total": 1,
      "score": 0
    },
    {
      "name": "libctest dynamic pthread_cancel_points",
      "pass": 0,
      "total": 1,
      "score": 0
    },
    {
      "name": "libctest dynamic pthread_cancel",
      "pass": 0,
      "total": 1,
      "score": 0
    },
    {
      "name": "libctest dynamic pthread_cond",
      "pass": 0,
      "total": 1,
      "score": 0
    },
    {
      "name": "libctest dynamic pthread_tsd",
      "pass": 0,
      "total": 1,
      "score": 0
    },
    {
      "name": "libctest dynamic qsort",
      "pass": 0,
      "total": 1,
      "score": 0
    },
    {
      "name": "libctest dynamic random",
      "pass": 0,
      "total": 1,
      "score": 0
    },
    {
      "name": "libctest dynamic search_hsearch",
      "pass": 0,
      "total": 1,
      "score": 0
    },
    {
      "name": "libctest dynamic search_insque",
      "pass": 0,
      "total": 1,
      "score": 0
    },
    {
      "name": "libctest dynamic search_lsearch",
      "pass": 0,
      "total": 1,
      "score": 0
    },
    {
      "name": "libctest dynamic search_tsearch",
      "pass": 0,
      "total": 1,
      "score": 0
    },
    {
      "name": "libctest dynamic sem_init",
      "pass": 0,
      "total": 1,
      "score": 0
    },
    {
      "name": "libctest dynamic setjmp",
      "pass": 0,
      "total": 1,
      "score": 0
    },
    {
      "name": "libctest dynamic snprintf",
      "pass": 0,
      "total": 1,
      "score": 0
    },
    {
      "name": "libctest dynamic socket",
      "pass": 0,
      "total": 1,
      "score": 0
    },
    {
      "name": "libctest dynamic sscanf",
      "pass": 0,
      "total": 1,
      "score": 0
    },
    {
      "name": "libctest dynamic sscanf_long",
      "pass": 0,
      "total": 1,
      "score": 0
    },
    {
      "name": "libctest dynamic stat",
      "pass": 0,
      "total": 1,
      "score": 0
    },
    {
      "name": "libctest dynamic strftime",
      "pass": 0,
      "total": 1,
      "score": 0
    },
    {
      "name": "libctest dynamic string",
      "pass": 0,
      "total": 1,
      "score": 0
    },
    {
      "name": "libctest dynamic string_memcpy",
      "pass": 0,
      "total": 1,
      "score": 0
    },
    {
      "name": "libctest dynamic string_memmem",
      "pass": 0,
      "total": 1,
      "score": 0
    },
    {
      "name": "libctest dynamic string_memset",
      "pass": 0,
      "total": 1,
      "score": 0
    },
    {
      "name": "libctest dynamic string_strchr",
      "pass": 0,
      "total": 1,
      "score": 0
    },
    {
      "name": "libctest dynamic string_strcspn",
      "pass": 0,
      "total": 1,
      "score": 0
    },
    {
      "name": "libctest dynamic string_strstr",
      "pass": 0,
      "total": 1,
      "score": 0
    },
    {
      "name": "libctest dynamic strptime",
      "pass": 0,
      "total": 1,
      "score": 0
    },
    {
      "name": "libctest dynamic strtod",
      "pass": 0,
      "total": 1,
      "score": 0
    },
    {
      "name": "libctest dynamic strtod_simple",
      "pass": 0,
      "total": 1,
      "score": 0
    },
    {
      "name": "libctest dynamic strtof",
      "pass": 0,
      "total": 1,
      "score": 0
    },
    {
      "name": "libctest dynamic strtol",
      "pass": 0,
      "total": 1,
      "score": 0
    },
    {
      "name": "libctest dynamic strtold",
      "pass": 0,
      "total": 1,
      "score": 0
    },
    {
      "name": "libctest dynamic swprintf",
      "pass": 0,
      "total": 1,
      "score": 0
    },
    {
      "name": "libctest dynamic tgmath",
      "pass": 0,
      "total": 1,
      "score": 0
    },
    {
      "name": "libctest dynamic time",
      "pass": 0,
      "total": 1,
      "score": 0
    },
    {
      "name": "libctest dynamic tls_init",
      "pass": 0,
      "total": 1,
      "score": 0
    },
    {
      "name": "libctest dynamic tls_local_exec",
      "pass": 0,
      "total": 1,
      "score": 0
    },
    {
      "name": "libctest dynamic udiv",
      "pass": 0,
      "total": 1,
      "score": 0
    },
    {
      "name": "libctest dynamic ungetc",
      "pass": 0,
      "total": 1,
      "score": 0
    },
    {
      "name": "libctest dynamic utime",
      "pass": 0,
      "total": 1,
      "score": 0
    },
    {
      "name": "libctest dynamic wcsstr",
      "pass": 0,
      "total": 1,
      "score": 0
    },
    {
      "name": "libctest dynamic wcstol",
      "pass": 0,
      "total": 1,
      "score": 0
    },
    {
      "name": "libctest dynamic daemon_failure",
      "pass": 0,
      "total": 1,
      "score": 0
    },
    {
      "name": "libctest dynamic dn_expand_empty",
      "pass": 0,
      "total": 1,
      "score": 0
    },
    {
      "name": "libctest dynamic dn_expand_ptr_0",
      "pass": 0,
      "total": 1,
      "score": 0
    },
    {
      "name": "libctest dynamic fflush_exit",
      "pass": 0,
      "total": 1,
      "score": 0
    },
    {
      "name": "libctest dynamic fgets_eof",
      "pass": 0,
      "total": 1,
      "score": 0
    },
    {
      "name": "libctest dynamic fgetwc_buffering",
      "pass": 0,
      "total": 1,
      "score": 0
    },
    {
      "name": "libctest dynamic fpclassify_invalid_ld80",
      "pass": 0,
      "total": 1,
      "score": 0
    },
    {
      "name": "libctest dynamic ftello_unflushed_append",
      "pass": 0,
      "total": 1,
      "score": 0
    },
    {
      "name": "libctest dynamic getpwnam_r_crash",
      "pass": 0,
      "total": 1,
      "score": 0
    },
    {
      "name": "libctest dynamic getpwnam_r_errno",
      "pass": 0,
      "total": 1,
      "score": 0
    },
    {
      "name": "libctest dynamic iconv_roundtrips",
      "pass": 0,
      "total": 1,
      "score": 0
    },
    {
      "name": "libctest dynamic inet_ntop_v4mapped",
      "pass": 0,
      "total": 1,
      "score": 0
    },
    {
      "name": "libctest dynamic inet_pton_empty_last_field",
      "pass": 0,
      "total": 1,
      "score": 0
    },
    {
      "name": "libctest dynamic iswspace_null",
      "pass": 0,
      "total": 1,
      "score": 0
    },
    {
      "name": "libctest dynamic lrand48_signextend",
      "pass": 0,
      "total": 1,
      "score": 0
    },
    {
      "name": "libctest dynamic lseek_large",
      "pass": 0,
      "total": 1,
      "score": 0
    },
    {
      "name": "libctest dynamic malloc_0",
      "pass": 0,
      "total": 1,
      "score": 0
    },
    {
      "name": "libctest dynamic mbsrtowcs_overflow",
      "pass": 0,
      "total": 1,
      "score": 0
    },
    {
      "name": "libctest dynamic memmem_oob_read",
      "pass": 0,
      "total": 1,
      "score": 0
    },
    {
      "name": "libctest dynamic memmem_oob",
      "pass": 0,
      "total": 1,
      "score": 0
    },
    {
      "name": "libctest dynamic mkdtemp_failure",
      "pass": 0,
      "total": 1,
      "score": 0
    },
    {
      "name": "libctest dynamic mkstemp_failure",
      "pass": 0,
      "total": 1,
      "score": 0
    },
    {
      "name": "libctest dynamic printf_1e9_oob",
      "pass": 0,
      "total": 1,
      "score": 0
    },
    {
      "name": "libctest dynamic printf_fmt_g_round",
      "pass": 0,
      "total": 1,
      "score": 0
    },
    {
      "name": "libctest dynamic printf_fmt_g_zeros",
      "pass": 0,
      "total": 1,
      "score": 0
    },
    {
      "name": "libctest dynamic printf_fmt_n",
      "pass": 0,
      "total": 1,
      "score": 0
    },
    {
      "name": "libctest dynamic pthread_robust_detach",
      "pass": 0,
      "total": 1,
      "score": 0
    },
    {
      "name": "libctest dynamic pthread_cond_smasher",
      "pass": 0,
      "total": 1,
      "score": 0
    },
    {
      "name": "libctest dynamic pthread_condattr_setclock",
      "pass": 0,
      "total": 1,
      "score": 0
    },
    {
      "name": "libctest dynamic pthread_exit_cancel",
      "pass": 0,
      "total": 1,
      "score": 0
    },
    {
      "name": "libctest dynamic pthread_once_deadlock",
      "pass": 0,
      "total": 1,
      "score": 0
    },
    {
      "name": "libctest dynamic pthread_rwlock_ebusy",
      "pass": 0,
      "total": 1,
      "score": 0
    },
    {
      "name": "libctest dynamic putenv_doublefree",
      "pass": 0,
      "total": 1,
      "score": 0
    },
    {
      "name": "libctest dynamic regex_backref_0",
      "pass": 0,
      "total": 1,
      "score": 0
    },
    {
      "name": "libctest dynamic regex_bracket_icase",
      "pass": 0,
      "total": 1,
      "score": 0
    },
    {
      "name": "libctest dynamic regex_ere_backref",
      "pass": 0,
      "total": 1,
      "score": 0
    },
    {
      "name": "libctest dynamic regex_escaped_high_byte",
      "pass": 0,
      "total": 1,
      "score": 0
    },
    {
      "name": "libctest dynamic regex_negated_range",
      "pass": 0,
      "total": 1,
      "score": 0
    },
    {
      "name": "libctest dynamic regexec_nosub",
      "pass": 0,
      "total": 1,
      "score": 0
    },
    {
      "name": "libctest dynamic rewind_clear_error",
      "pass": 0,
      "total": 1,
      "score": 0
    },
    {
      "name": "libctest dynamic rlimit_open_files",
      "pass": 0,
      "total": 1,
      "score": 0
    },
    {
      "name": "libctest dynamic scanf_bytes_consumed",
      "pass": 0,
      "total": 1,
      "score": 0
    },
    {
      "name": "libctest dynamic scanf_match_literal_eof",
      "pass": 0,
      "total": 1,
      "score": 0
    },
    {
      "name": "libctest dynamic scanf_nullbyte_char",
      "pass": 0,
      "total": 1,
      "score": 0
    },
    {
      "name": "libctest dynamic setvbuf_unget",
      "pass": 0,
      "total": 1,
      "score": 0
    },
    {
      "name": "libctest dynamic sigprocmask_internal",
      "pass": 0,
      "total": 1,
      "score": 0
    },
    {
      "name": "libctest dynamic sscanf_eof",
      "pass": 0,
      "total": 1,
      "score": 0
    },
    {
      "name": "libctest dynamic statvfs",
      "pass": 0,
      "total": 1,
      "score": 0
    },
    {
      "name": "libctest dynamic strverscmp",
      "pass": 0,
      "total": 1,
      "score": 0
    },
    {
      "name": "libctest dynamic syscall_sign_extend",
      "pass": 0,
      "total": 1,
      "score": 0
    },
    {
      "name": "libctest dynamic tls_get_new_dtv",
      "pass": 0,
      "total": 1,
      "score": 0
    },
    {
      "name": "libctest dynamic uselocale_0",
      "pass": 0,
      "total": 1,
      "score": 0
    },
    {
      "name": "libctest dynamic wcsncpy_read_overflow",
      "pass": 0,
      "total": 1,
      "score": 0
    },
    {
      "name": "libctest dynamic wcsstr_false_negative",
      "pass": 0,
      "total": 1,
      "score": 0
    }
  ],
  "libctest-musl": [
    {
      "name": "libctest static argv",
      "pass": 0,
      "total": 1,
      "score": 0
    },
    {
      "name": "libctest static basename",
      "pass": 0,
      "total": 1,
      "score": 0
    },
    {
      "name": "libctest static clocale_mbfuncs",
      "pass": 0,
      "total": 1,
      "score": 0
    },
    {
      "name": "libctest static clock_gettime",
      "pass": 0,
      "total": 1,
      "score": 0
    },
    {
      "name": "libctest static crypt",
      "pass": 0,
      "total": 1,
      "score": 0
    },
    {
      "name": "libctest static dirname",
      "pass": 0,
      "total": 1,
      "score": 0
    },
    {
      "name": "libctest static env",
      "pass": 0,
      "total": 1,
      "score": 0
    },
    {
      "name": "libctest static fdopen",
      "pass": 0,
      "total": 1,
      "score": 0
    },
    {
      "name": "libctest static fnmatch",
      "pass": 0,
      "total": 1,
      "score": 0
    },
    {
      "name": "libctest static fscanf",
      "pass": 0,
      "total": 1,
      "score": 0
    },
    {
      "name": "libctest static fwscanf",
      "pass": 0,
      "total": 1,
      "score": 0
    },
    {
      "name": "libctest static iconv_open",
      "pass": 0,
      "total": 1,
      "score": 0
    },
    {
      "name": "libctest static inet_pton",
      "pass": 0,
      "total": 1,
      "score": 0
    },
    {
      "name": "libctest static mbc",
      "pass": 0,
      "total": 1,
      "score": 0
    },
    {
      "name": "libctest static memstream",
      "pass": 0,
      "total": 1,
      "score": 0
    },
    {
      "name": "libctest static pthread_cancel_points",
      "pass": 0,
      "total": 1,
      "score": 0
    },
    {
      "name": "libctest static pthread_cancel",
      "pass": 0,
      "total": 1,
      "score": 0
    },
    {
      "name": "libctest static pthread_cond",
      "pass": 0,
      "total": 1,
      "score": 0
    },
    {
      "name": "libctest static pthread_tsd",
      "pass": 0,
      "total": 1,
      "score": 0
    },
    {
      "name": "libctest static qsort",
      "pass": 0,
      "total": 1,
      "score": 0
    },
    {
      "name": "libctest static random",
      "pass": 0,
      "total": 1,
      "score": 0
    },
    {
      "name": "libctest static search_hsearch",
      "pass": 0,
      "total": 1,
      "score": 0
    },
    {
      "name": "libctest static search_insque",
      "pass": 0,
      "total": 1,
      "score": 0
    },
    {
      "name": "libctest static search_lsearch",
      "pass": 0,
      "total": 1,
      "score": 0
    },
    {
      "name": "libctest static search_tsearch",
      "pass": 0,
      "total": 1,
      "score": 0
    },
    {
      "name": "libctest static setjmp",
      "pass": 0,
      "total": 1,
      "score": 0
    },
    {
      "name": "libctest static snprintf",
      "pass": 0,
      "total": 1,
      "score": 0
    },
    {
      "name": "libctest static socket",
      "pass": 0,
      "total": 1,
      "score": 0
    },
    {
      "name": "libctest static sscanf",
      "pass": 0,
      "total": 1,
      "score": 0
    },
    {
      "name": "libctest static sscanf_long",
      "pass": 0,
      "total": 1,
      "score": 0
    },
    {
      "name": "libctest static stat",
      "pass": 0,
      "total": 1,
      "score": 0
    },
    {
      "name": "libctest static strftime",
      "pass": 0,
      "total": 1,
      "score": 0
    },
    {
      "name": "libctest static string",
      "pass": 0,
      "total": 1,
      "score": 0
    },
    {
      "name": "libctest static string_memcpy",
      "pass": 0,
      "total": 1,
      "score": 0
    },
    {
      "name": "libctest static string_memmem",
      "pass": 0,
      "total": 1,
      "score": 0
    },
    {
      "name": "libctest static string_memset",
      "pass": 0,
      "total": 1,
      "score": 0
    },
    {
      "name": "libctest static string_strchr",
      "pass": 0,
      "total": 1,
      "score": 0
    },
    {
      "name": "libctest static string_strcspn",
      "pass": 0,
      "total": 1,
      "score": 0
    },
    {
      "name": "libctest static string_strstr",
      "pass": 0,
      "total": 1,
      "score": 0
    },
    {
      "name": "libctest static strptime",
      "pass": 0,
      "total": 1,
      "score": 0
    },
    {
      "name": "libctest static strtod",
      "pass": 0,
      "total": 1,
      "score": 0
    },
    {
      "name": "libctest static strtod_simple",
      "pass": 0,
      "total": 1,
      "score": 0
    },
    {
      "name": "libctest static strtof",
      "pass": 0,
      "total": 1,
      "score": 0
    },
    {
      "name": "libctest static strtol",
      "pass": 0,
      "total": 1,
      "score": 0
    },
    {
      "name": "libctest static strtold",
      "pass": 0,
      "total": 1,
      "score": 0
    },
    {
      "name": "libctest static swprintf",
      "pass": 0,
      "total": 1,
      "score": 0
    },
    {
      "name": "libctest static tgmath",
      "pass": 0,
      "total": 1,
      "score": 0
    },
    {
      "name": "libctest static time",
      "pass": 0,
      "total": 1,
      "score": 0
    },
    {
      "name": "libctest static tls_align",
      "pass": 0,
      "total": 1,
      "score": 0
    },
    {
      "name": "libctest static udiv",
      "pass": 0,
      "total": 1,
      "score": 0
    },
    {
      "name": "libctest static ungetc",
      "pass": 0,
      "total": 1,
      "score": 0
    },
    {
      "name": "libctest static utime",
      "pass": 0,
      "total": 1,
      "score": 0
    },
    {
      "name": "libctest static wcsstr",
      "pass": 0,
      "total": 1,
      "score": 0
    },
    {
      "name": "libctest static wcstol",
      "pass": 0,
      "total": 1,
      "score": 0
    },
    {
      "name": "libctest static pleval",
      "pass": 0,
      "total": 1,
      "score": 0
    },
    {
      "name": "libctest static daemon_failure",
      "pass": 0,
      "total": 1,
      "score": 0
    },
    {
      "name": "libctest static dn_expand_empty",
      "pass": 0,
      "total": 1,
      "score": 0
    },
    {
      "name": "libctest static dn_expand_ptr_0",
      "pass": 0,
      "total": 1,
      "score": 0
    },
    {
      "name": "libctest static fflush_exit",
      "pass": 0,
      "total": 1,
      "score": 0
    },
    {
      "name": "libctest static fgets_eof",
      "pass": 0,
      "total": 1,
      "score": 0
    },
    {
      "name": "libctest static fgetwc_buffering",
      "pass": 0,
      "total": 1,
      "score": 0
    },
    {
      "name": "libctest static fpclassify_invalid_ld80",
      "pass": 0,
      "total": 1,
      "score": 0
    },
    {
      "name": "libctest static ftello_unflushed_append",
      "pass": 0,
      "total": 1,
      "score": 0
    },
    {
      "name": "libctest static getpwnam_r_crash",
      "pass": 0,
      "total": 1,
      "score": 0
    },
    {
      "name": "libctest static getpwnam_r_errno",
      "pass": 0,
      "total": 1,
      "score": 0
    },
    {
      "name": "libctest static iconv_roundtrips",
      "pass": 0,
      "total": 1,
      "score": 0
    },
    {
      "name": "libctest static inet_ntop_v4mapped",
      "pass": 0,
      "total": 1,
      "score": 0
    },
    {
      "name": "libctest static inet_pton_empty_last_field",
      "pass": 0,
      "total": 1,
      "score": 0
    },
    {
      "name": "libctest static iswspace_null",
      "pass": 0,
      "total": 1,
      "score": 0
    },
    {
      "name": "libctest static lrand48_signextend",
      "pass": 0,
      "total": 1,
      "score": 0
    },
    {
      "name": "libctest static lseek_large",
      "pass": 0,
      "total": 1,
      "score": 0
    },
    {
      "name": "libctest static malloc_0",
      "pass": 0,
      "total": 1,
      "score": 0
    },
    {
      "name": "libctest static mbsrtowcs_overflow",
      "pass": 0,
      "total": 1,
      "score": 0
    },
    {
      "name": "libctest static memmem_oob_read",
      "pass": 0,
      "total": 1,
      "score": 0
    },
    {
      "name": "libctest static memmem_oob",
      "pass": 0,
      "total": 1,
      "score": 0
    },
    {
      "name": "libctest static mkdtemp_failure",
      "pass": 0,
      "total": 1,
      "score": 0
    },
    {
      "name": "libctest static mkstemp_failure",
      "pass": 0,
      "total": 1,
      "score": 0
    },
    {
      "name": "libctest static printf_1e9_oob",
      "pass": 0,
      "total": 1,
      "score": 0
    },
    {
      "name": "libctest static printf_fmt_g_round",
      "pass": 0,
      "total": 1,
      "score": 0
    },
    {
      "name": "libctest static printf_fmt_g_zeros",
      "pass": 0,
      "total": 1,
      "score": 0
    },
    {
      "name": "libctest static printf_fmt_n",
      "pass": 0,
      "total": 1,
      "score": 0
    },
    {
      "name": "libctest static pthread_robust_detach",
      "pass": 0,
      "total": 1,
      "score": 0
    },
    {
      "name": "libctest static pthread_cancel_sem_wait",
      "pass": 0,
      "total": 1,
      "score": 0
    },
    {
      "name": "libctest static pthread_cond_smasher",
      "pass": 0,
      "total": 1,
      "score": 0
    },
    {
      "name": "libctest static pthread_condattr_setclock",
      "pass": 0,
      "total": 1,
      "score": 0
    },
    {
      "name": "libctest static pthread_exit_cancel",
      "pass": 0,
      "total": 1,
      "score": 0
    },
    {
      "name": "libctest static pthread_once_deadlock",
      "pass": 0,
      "total": 1,
      "score": 0
    },
    {
      "name": "libctest static pthread_rwlock_ebusy",
      "pass": 0,
      "total": 1,
      "score": 0
    },
    {
      "name": "libctest static putenv_doublefree",
      "pass": 0,
      "total": 1,
      "score": 0
    },
    {
      "name": "libctest static regex_backref_0",
      "pass": 0,
      "total": 1,
      "score": 0
    },
    {
      "name": "libctest static regex_bracket_icase",
      "pass": 0,
      "total": 1,
      "score": 0
    },
    {
      "name": "libctest static regex_ere_backref",
      "pass": 0,
      "total": 1,
      "score": 0
    },
    {
      "name": "libctest static regex_escaped_high_byte",
      "pass": 0,
      "total": 1,
      "score": 0
    },
    {
      "name": "libctest static regex_negated_range",
      "pass": 0,
      "total": 1,
      "score": 0
    },
    {
      "name": "libctest static regexec_nosub",
      "pass": 0,
      "total": 1,
      "score": 0
    },
    {
      "name": "libctest static rewind_clear_error",
      "pass": 0,
      "total": 1,
      "score": 0
    },
    {
      "name": "libctest static rlimit_open_files",
      "pass": 0,
      "total": 1,
      "score": 0
    },
    {
      "name": "libctest static scanf_bytes_consumed",
      "pass": 0,
      "total": 1,
      "score": 0
    },
    {
      "name": "libctest static scanf_match_literal_eof",
      "pass": 0,
      "total": 1,
      "score": 0
    },
    {
      "name": "libctest static scanf_nullbyte_char",
      "pass": 0,
      "total": 1,
      "score": 0
    },
    {
      "name": "libctest static setvbuf_unget",
      "pass": 0,
      "total": 1,
      "score": 0
    },
    {
      "name": "libctest static sigprocmask_internal",
      "pass": 0,
      "total": 1,
      "score": 0
    },
    {
      "name": "libctest static sscanf_eof",
      "pass": 0,
      "total": 1,
      "score": 0
    },
    {
      "name": "libctest static statvfs",
      "pass": 0,
      "total": 1,
      "score": 0
    },
    {
      "name": "libctest static strverscmp",
      "pass": 0,
      "total": 1,
      "score": 0
    },
    {
      "name": "libctest static syscall_sign_extend",
      "pass": 0,
      "total": 1,
      "score": 0
    },
    {
      "name": "libctest static uselocale_0",
      "pass": 0,
      "total": 1,
      "score": 0
    },
    {
      "name": "libctest static wcsncpy_read_overflow",
      "pass": 0,
      "total": 1,
      "score": 0
    },
    {
      "name": "libctest static wcsstr_false_negative",
      "pass": 0,
      "total": 1,
      "score": 0
    },
    {
      "name": "libctest dynamic argv",
      "pass": 0,
      "total": 1,
      "score": 0
    },
    {
      "name": "libctest dynamic basename",
      "pass": 0,
      "total": 1,
      "score": 0
    },
    {
      "name": "libctest dynamic clocale_mbfuncs",
      "pass": 0,
      "total": 1,
      "score": 0
    },
    {
      "name": "libctest dynamic clock_gettime",
      "pass": 0,
      "total": 1,
      "score": 0
    },
    {
      "name": "libctest dynamic crypt",
      "pass": 0,
      "total": 1,
      "score": 0
    },
    {
      "name": "libctest dynamic dirname",
      "pass": 0,
      "total": 1,
      "score": 0
    },
    {
      "name": "libctest dynamic dlopen",
      "pass": 0,
      "total": 1,
      "score": 0
    },
    {
      "name": "libctest dynamic env",
      "pass": 0,
      "total": 1,
      "score": 0
    },
    {
      "name": "libctest dynamic fdopen",
      "pass": 0,
      "total": 1,
      "score": 0
    },
    {
      "name": "libctest dynamic fnmatch",
      "pass": 0,
      "total": 1,
      "score": 0
    },
    {
      "name": "libctest dynamic fscanf",
      "pass": 0,
      "total": 1,
      "score": 0
    },
    {
      "name": "libctest dynamic fwscanf",
      "pass": 0,
      "total": 1,
      "score": 0
    },
    {
      "name": "libctest dynamic iconv_open",
      "pass": 0,
      "total": 1,
      "score": 0
    },
    {
      "name": "libctest dynamic inet_pton",
      "pass": 0,
      "total": 1,
      "score": 0
    },
    {
      "name": "libctest dynamic mbc",
      "pass": 0,
      "total": 1,
      "score": 0
    },
    {
      "name": "libctest dynamic memstream",
      "pass": 0,
      "total": 1,
      "score": 0
    },
    {
      "name": "libctest dynamic pthread_cancel_points",
      "pass": 0,
      "total": 1,
      "score": 0
    },
    {
      "name": "libctest dynamic pthread_cancel",
      "pass": 0,
      "total": 1,
      "score": 0
    },
    {
      "name": "libctest dynamic pthread_cond",
      "pass": 0,
      "total": 1,
      "score": 0
    },
    {
      "name": "libctest dynamic pthread_tsd",
      "pass": 0,
      "total": 1,
      "score": 0
    },
    {
      "name": "libctest dynamic qsort",
      "pass": 0,
      "total": 1,
      "score": 0
    },
    {
      "name": "libctest dynamic random",
      "pass": 0,
      "total": 1,
      "score": 0
    },
    {
      "name": "libctest dynamic search_hsearch",
      "pass": 0,
      "total": 1,
      "score": 0
    },
    {
      "name": "libctest dynamic search_insque",
      "pass": 0,
      "total": 1,
      "score": 0
    },
    {
      "name": "libctest dynamic search_lsearch",
      "pass": 0,
      "total": 1,
      "score": 0
    },
    {
      "name": "libctest dynamic search_tsearch",
      "pass": 0,
      "total": 1,
      "score": 0
    },
    {
      "name": "libctest dynamic sem_init",
      "pass": 0,
      "total": 1,
      "score": 0
    },
    {
      "name": "libctest dynamic setjmp",
      "pass": 0,
      "total": 1,
      "score": 0
    },
    {
      "name": "libctest dynamic snprintf",
      "pass": 0,
      "total": 1,
      "score": 0
    },
    {
      "name": "libctest dynamic socket",
      "pass": 0,
      "total": 1,
      "score": 0
    },
    {
      "name": "libctest dynamic sscanf",
      "pass": 0,
      "total": 1,
      "score": 0
    },
    {
      "name": "libctest dynamic sscanf_long",
      "pass": 0,
      "total": 1,
      "score": 0
    },
    {
      "name": "libctest dynamic stat",
      "pass": 0,
      "total": 1,
      "score": 0
    },
    {
      "name": "libctest dynamic strftime",
      "pass": 0,
      "total": 1,
      "score": 0
    },
    {
      "name": "libctest dynamic string",
      "pass": 0,
      "total": 1,
      "score": 0
    },
    {
      "name": "libctest dynamic string_memcpy",
      "pass": 0,
      "total": 1,
      "score": 0
    },
    {
      "name": "libctest dynamic string_memmem",
      "pass": 0,
      "total": 1,
      "score": 0
    },
    {
      "name": "libctest dynamic string_memset",
      "pass": 0,
      "total": 1,
      "score": 0
    },
    {
      "name": "libctest dynamic string_strchr",
      "pass": 0,
      "total": 1,
      "score": 0
    },
    {
      "name": "libctest dynamic string_strcspn",
      "pass": 0,
      "total": 1,
      "score": 0
    },
    {
      "name": "libctest dynamic string_strstr",
      "pass": 0,
      "total": 1,
      "score": 0
    },
    {
      "name": "libctest dynamic strptime",
      "pass": 0,
      "total": 1,
      "score": 0
    },
    {
      "name": "libctest dynamic strtod",
      "pass": 0,
      "total": 1,
      "score": 0
    },
    {
      "name": "libctest dynamic strtod_simple",
      "pass": 0,
      "total": 1,
      "score": 0
    },
    {
      "name": "libctest dynamic strtof",
      "pass": 0,
      "total": 1,
      "score": 0
    },
    {
      "name": "libctest dynamic strtol",
      "pass": 0,
      "total": 1,
      "score": 0
    },
    {
      "name": "libctest dynamic strtold",
      "pass": 0,
      "total": 1,
      "score": 0
    },
    {
      "name": "libctest dynamic swprintf",
      "pass": 0,
      "total": 1,
      "score": 0
    },
    {
      "name": "libctest dynamic tgmath",
      "pass": 0,
      "total": 1,
      "score": 0
    },
    {
      "name": "libctest dynamic time",
      "pass": 0,
      "total": 1,
      "score": 0
    },
    {
      "name": "libctest dynamic tls_init",
      "pass": 0,
      "total": 1,
      "score": 0
    },
    {
      "name": "libctest dynamic tls_local_exec",
      "pass": 0,
      "total": 1,
      "score": 0
    },
    {
      "name": "libctest dynamic udiv",
      "pass": 0,
      "total": 1,
      "score": 0
    },
    {
      "name": "libctest dynamic ungetc",
      "pass": 0,
      "total": 1,
      "score": 0
    },
    {
      "name": "libctest dynamic utime",
      "pass": 0,
      "total": 1,
      "score": 0
    },
    {
      "name": "libctest dynamic wcsstr",
      "pass": 0,
      "total": 1,
      "score": 0
    },
    {
      "name": "libctest dynamic wcstol",
      "pass": 0,
      "total": 1,
      "score": 0
    },
    {
      "name": "libctest dynamic daemon_failure",
      "pass": 0,
      "total": 1,
      "score": 0
    },
    {
      "name": "libctest dynamic dn_expand_empty",
      "pass": 0,
      "total": 1,
      "score": 0
    },
    {
      "name": "libctest dynamic dn_expand_ptr_0",
      "pass": 0,
      "total": 1,
      "score": 0
    },
    {
      "name": "libctest dynamic fflush_exit",
      "pass": 0,
      "total": 1,
      "score": 0
    },
    {
      "name": "libctest dynamic fgets_eof",
      "pass": 0,
      "total": 1,
      "score": 0
    },
    {
      "name": "libctest dynamic fgetwc_buffering",
      "pass": 0,
      "total": 1,
      "score": 0
    },
    {
      "name": "libctest dynamic fpclassify_invalid_ld80",
      "pass": 0,
      "total": 1,
      "score": 0
    },
    {
      "name": "libctest dynamic ftello_unflushed_append",
      "pass": 0,
      "total": 1,
      "score": 0
    },
    {
      "name": "libctest dynamic getpwnam_r_crash",
      "pass": 0,
      "total": 1,
      "score": 0
    },
    {
      "name": "libctest dynamic getpwnam_r_errno",
      "pass": 0,
      "total": 1,
      "score": 0
    },
    {
      "name": "libctest dynamic iconv_roundtrips",
      "pass": 0,
      "total": 1,
      "score": 0
    },
    {
      "name": "libctest dynamic inet_ntop_v4mapped",
      "pass": 0,
      "total": 1,
      "score": 0
    },
    {
      "name": "libctest dynamic inet_pton_empty_last_field",
      "pass": 0,
      "total": 1,
      "score": 0
    },
    {
      "name": "libctest dynamic iswspace_null",
      "pass": 0,
      "total": 1,
      "score": 0
    },
    {
      "name": "libctest dynamic lrand48_signextend",
      "pass": 0,
      "total": 1,
      "score": 0
    },
    {
      "name": "libctest dynamic lseek_large",
      "pass": 0,
      "total": 1,
      "score": 0
    },
    {
      "name": "libctest dynamic malloc_0",
      "pass": 0,
      "total": 1,
      "score": 0
    },
    {
      "name": "libctest dynamic mbsrtowcs_overflow",
      "pass": 0,
      "total": 1,
      "score": 0
    },
    {
      "name": "libctest dynamic memmem_oob_read",
      "pass": 0,
      "total": 1,
      "score": 0
    },
    {
      "name": "libctest dynamic memmem_oob",
      "pass": 0,
      "total": 1,
      "score": 0
    },
    {
      "name": "libctest dynamic mkdtemp_failure",
      "pass": 0,
      "total": 1,
      "score": 0
    },
    {
      "name": "libctest dynamic mkstemp_failure",
      "pass": 0,
      "total": 1,
      "score": 0
    },
    {
      "name": "libctest dynamic printf_1e9_oob",
      "pass": 0,
      "total": 1,
      "score": 0
    },
    {
      "name": "libctest dynamic printf_fmt_g_round",
      "pass": 0,
      "total": 1,
      "score": 0
    },
    {
      "name": "libctest dynamic printf_fmt_g_zeros",
      "pass": 0,
      "total": 1,
      "score": 0
    },
    {
      "name": "libctest dynamic printf_fmt_n",
      "pass": 0,
      "total": 1,
      "score": 0
    },
    {
      "name": "libctest dynamic pthread_robust_detach",
      "pass": 0,
      "total": 1,
      "score": 0
    },
    {
      "name": "libctest dynamic pthread_cond_smasher",
      "pass": 0,
      "total": 1,
      "score": 0
    },
    {
      "name": "libctest dynamic pthread_condattr_setclock",
      "pass": 0,
      "total": 1,
      "score": 0
    },
    {
      "name": "libctest dynamic pthread_exit_cancel",
      "pass": 0,
      "total": 1,
      "score": 0
    },
    {
      "name": "libctest dynamic pthread_once_deadlock",
      "pass": 0,
      "total": 1,
      "score": 0
    },
    {
      "name": "libctest dynamic pthread_rwlock_ebusy",
      "pass": 0,
      "total": 1,
      "score": 0
    },
    {
      "name": "libctest dynamic putenv_doublefree",
      "pass": 0,
      "total": 1,
      "score": 0
    },
    {
      "name": "libctest dynamic regex_backref_0",
      "pass": 0,
      "total": 1,
      "score": 0
    },
    {
      "name": "libctest dynamic regex_bracket_icase",
      "pass": 0,
      "total": 1,
      "score": 0
    },
    {
      "name": "libctest dynamic regex_ere_backref",
      "pass": 0,
      "total": 1,
      "score": 0
    },
    {
      "name": "libctest dynamic regex_escaped_high_byte",
      "pass": 0,
      "total": 1,
      "score": 0
    },
    {
      "name": "libctest dynamic regex_negated_range",
      "pass": 0,
      "total": 1,
      "score": 0
    },
    {
      "name": "libctest dynamic regexec_nosub",
      "pass": 0,
      "total": 1,
      "score": 0
    },
    {
      "name": "libctest dynamic rewind_clear_error",
      "pass": 0,
      "total": 1,
      "score": 0
    },
    {
      "name": "libctest dynamic rlimit_open_files",
      "pass": 0,
      "total": 1,
      "score": 0
    },
    {
      "name": "libctest dynamic scanf_bytes_consumed",
      "pass": 0,
      "total": 1,
      "score": 0
    },
    {
      "name": "libctest dynamic scanf_match_literal_eof",
      "pass": 0,
      "total": 1,
      "score": 0
    },
    {
      "name": "libctest dynamic scanf_nullbyte_char",
      "pass": 0,
      "total": 1,
      "score": 0
    },
    {
      "name": "libctest dynamic setvbuf_unget",
      "pass": 0,
      "total": 1,
      "score": 0
    },
    {
      "name": "libctest dynamic sigprocmask_internal",
      "pass": 0,
      "total": 1,
      "score": 0
    },
    {
      "name": "libctest dynamic sscanf_eof",
      "pass": 0,
      "total": 1,
      "score": 0
    },
    {
      "name": "libctest dynamic statvfs",
      "pass": 0,
      "total": 1,
      "score": 0
    },
    {
      "name": "libctest dynamic strverscmp",
      "pass": 0,
      "total": 1,
      "score": 0
    },
    {
      "name": "libctest dynamic syscall_sign_extend",
      "pass": 0,
      "total": 1,
      "score": 0
    },
    {
      "name": "libctest dynamic tls_get_new_dtv",
      "pass": 0,
      "total": 1,
      "score": 0
    },
    {
      "name": "libctest dynamic uselocale_0",
      "pass": 0,
      "total": 1,
      "score": 0
    },
    {
      "name": "libctest dynamic wcsncpy_read_overflow",
      "pass": 0,
      "total": 1,
      "score": 0
    },
    {
      "name": "libctest dynamic wcsstr_false_negative",
      "pass": 0,
      "total": 1,
      "score": 0
    }
  ],
  "lmbench-musl": [
    {
      "name": "lmbench Simple syscall:(microseconds)",
      "res": 0,
      "baseline": 9.25013,
      "score": 0.0
    },
    {
      "name": "lmbench Simple read:(microseconds)",
      "res": 0,
      "baseline": 16.8192,
      "score": 0.0
    },
    {
      "name": "lmbench Simple write:(microseconds)",
      "res": 0,
      "baseline": 16.87553,
      "score": 0.0
    },
    {
      "name": "lmbench Simple stat:(microseconds)",
      "res": 0,
      "baseline": 425.2565,
      "score": 0.0
    },
    {
      "name": "lmbench Simple fstat:(microseconds)",
      "res": 0,
      "baseline": 29.54674,
      "score": 0.0
    },
    {
      "name": "lmbench Simple open/close:(microseconds)",
      "res": 0,
      "baseline": 501.2352,
      "score": 0.0
    },
    {
      "name": "lmbench Select on 100 fd's:(microseconds)",
      "res": 0,
      "baseline": 56.05561,
      "score": 0.0
    },
    {
      "name": "lmbench Signal handler installation:(microseconds)",
      "res": 0,
      "baseline": 18.84948,
      "score": 0.0
    },
    {
      "name": "lmbench Signal handler overhead:(microseconds)",
      "res": 0,
      "baseline": 25.89064,
      "score": 0.0
    },
    {
      "name": "lmbench Pipe latency:(microseconds)",
      "res": 0,
      "baseline": 141.9106,
      "score": 0.0
    },
    {
      "name": "lmbench Process fork+exit:(microseconds)",
      "res": 0,
      "baseline": 4409.188,
      "score": 0.0
    },
    {
      "name": "lmbench Process fork+execve:(microseconds)",
      "res": 0,
      "baseline": 2004.3333,
      "score": 0.0
    },
    {
      "name": "lmbench Process fork+/bin/sh -c:(microseconds)",
      "res": 0,
      "baseline": 920010.2,
      "score": 0.0
    },
    {
      "name": "lmbench Pagefaults on /var/tmp/XXX:(microseconds)",
      "res": 0,
      "baseline": 978.2374643,
      "score": 0.0
    },
    {
      "name": "lmbench lat_mmap:(microseconds)",
      "res": 0,
      "baseline": 4109.0,
      "score": 0.0
    },
    {
      "name": "lmbench fs latency 0k create",
      "res": 0,
      "baseline": 24573,
      "score": 0.0
    },
    {
      "name": "lmbench fs latency 0k remove",
      "res": 0,
      "baseline": 30703,
      "score": 0.0
    },
    {
      "name": "lmbench fs latency 1k create",
      "res": 0,
      "baseline": 15130,
      "score": 0.0
    },
    {
      "name": "lmbench fs latency 1k remove",
      "res": 0,
      "baseline": 255558,
      "score": 0.0
    },
    {
      "name": "lmbench fs latency 4k create",
      "res": 0,
      "baseline": 13265,
      "score": 0.0
    },
    {
      "name": "lmbench fs latency 4k remove",
      "res": 0,
      "baseline": 126595,
      "score": 0.0
    },
    {
      "name": "lmbench fs latency 10k create",
      "res": 0,
      "baseline": 11723,
      "score": 0.0
    },
    {
      "name": "lmbench fs latency 10k remove",
      "res": 0,
      "baseline": 23688,
      "score": 0.0
    },
    {
      "name": "lmbench Pipe bandwidth:(MB/sec)",
      "res": 0,
      "baseline": 127.244,
      "score": 0.0
    },
    {
      "name": "lmbench bw_file_rd io_only",
      "res": 0,
      "baseline": 71703.7,
      "score": 0.0
    },
    {
      "name": "lmbench bw_file_rd open2close",
      "res": 0,
      "baseline": 2637.494,
      "score": 0.0
    },
    {
      "name": "lmbench bw_mmap_rd mmap_only",
      "res": 0,
      "baseline": 1037.403,
      "score": 0.0
    },
    {
      "name": "lmbench bw_mmap_rd open2close",
      "res": 0,
      "baseline": 187.0208,
      "score": 0.0
    },
    {
      "name": "lmbench context switch 2:(microseconds)",
      "res": 0,
      "baseline": 41.24,
      "score": 0.0
    },
    {
      "name": "lmbench context switch 4:(microseconds)",
      "res": 0,
      "baseline": 41.58071,
      "score": 0.0
    },
    {
      "name": "lmbench context switch 8:(microseconds)",
      "res": 0,
      "baseline": 41.04231,
      "score": 0.0
    },
    {
      "name": "lmbench context switch 16:(microseconds)",
      "res": 0,
      "baseline": 40.77077,
      "score": 0.0
    },
    {
      "name": "lmbench context switch 24:(microseconds)",
      "res": 0,
      "baseline": 43.86385,
      "score": 0.0
    },
    {
      "name": "lmbench context switch 32:(microseconds)",
      "res": 0,
      "baseline": 47.74923,
      "score": 0.0
    },
    {
      "name": "lmbench context switch 64:(microseconds)",
      "res": 0,
      "baseline": 8703.026,
      "score": 0.0
    },
    {
      "name": "lmbench context switch 96:(microseconds)",
      "res": 0,
      "baseline": 2952.14,
      "score": 0.0
    }
  ],
  "cyclictest-glibc": [
    {
      "name": "cyclictest NO_STRESS_P1 (microseconds)",
      "res": 0,
      "baseline": 1862.0,
      "score": 0.0
    },
    {
      "name": "cyclictest NO_STRESS_P8 (microseconds)",
      "res": 0,
      "baseline": 1558.125,
      "score": 0.0
    },
    {
      "name": "cyclictest STRESS_P1 (microseconds)",
      "res": 0,
      "baseline": 1310.0,
      "score": 0.0
    },
    {
      "name": "cyclictest STRESS_P8 (microseconds)",
      "res": 0,
      "baseline": 13842.75,
      "score": 0.0
    }
  ],
  "iperf-glibc": [
    {
      "name": "iperf BASIC_UDP (Mbits/sec)",
      "res": 0,
      "baseline": 393.0,
      "score": 0.0
    },
    {
      "name": "iperf BASIC_TCP (Mbits/sec)",
      "res": 0,
      "baseline": 796.0,
      "score": 0.0
    },
    {
      "name": "iperf PARALLEL_UDP (Mbits/sec)",
      "res": 0,
      "baseline": 442.0,
      "score": 0.0
    },
    {
      "name": "iperf PARALLEL_TCP (Mbits/sec)",
      "res": 0,
      "baseline": 1310.72,
      "score": 0.0
    },
    {
      "name": "iperf REVERSE_UDP (Mbits/sec)",
      "res": 0,
      "baseline": 381.0,
      "score": 0.0
    },
    {
      "name": "iperf REVERSE_TCP (Mbits/sec)",
      "res": 0,
      "baseline": 792.0,
      "score": 0.0
    }
  ],
  "cyclictest-musl": [
    {
      "name": "cyclictest NO_STRESS_P1 (microseconds)",
      "res": 0,
      "baseline": 1862.0,
      "score": 0.0
    },
    {
      "name": "cyclictest NO_STRESS_P8 (microseconds)",
      "res": 0,
      "baseline": 1558.125,
      "score": 0.0
    },
    {
      "name": "cyclictest STRESS_P1 (microseconds)",
      "res": 0,
      "baseline": 1310.0,
      "score": 0.0
    },
    {
      "name": "cyclictest STRESS_P8 (microseconds)",
      "res": 0,
      "baseline": 13842.75,
      "score": 0.0
    }
  ],
  "netperf-glibc": [
    {
      "name": "netperf UDP_STREAM (Trans. Rate/sec)",
      "res": 0,
      "baseline": 27.5,
      "score": 0.0
    },
    {
      "name": "netperf TCP_STREAM (Throughput 10^6bits/sec)",
      "res": 0,
      "baseline": 79.75,
      "score": 0.0
    },
    {
      "name": "netperf UDP_RR (Trans. Rate/sec)",
      "res": 0,
      "baseline": 2070.62,
      "score": 0.0
    },
    {
      "name": "netperf TCP_RR (Trans. Rate/sec)",
      "res": 0,
      "baseline": 2017.98,
      "score": 0.0
    },
    {
      "name": "netperf TCP_CRR (Trans. Rate/sec)",
      "res": 0,
      "baseline": 390.53,
      "score": 0.0
    }
  ],
  "libcbench-musl": [
    {
      "name": "libc-bench b_malloc_sparse (0) (seconds)",
      "res": 0,
      "baseline": 0.384919462,
      "score": 0.0
    },
    {
      "name": "libc-bench b_malloc_bubble (0) (seconds)",
      "res": 0,
      "baseline": 0.36015349,
      "score": 0.0
    },
    {
      "name": "libc-bench b_malloc_tiny1 (0) (seconds)",
      "res": 0,
      "baseline": 0.014186324,
      "score": 0.0
    },
    {
      "name": "libc-bench b_malloc_tiny2 (0) (seconds)",
      "res": 0,
      "baseline": 0.010810043,
      "score": 0.0
    },
    {
      "name": "libc-bench b_malloc_big1 (0) (seconds)",
      "res": 0,
      "baseline": 0.118578071,
      "score": 0.0
    },
    {
      "name": "libc-bench b_malloc_big2 (0) (seconds)",
      "res": 0,
      "baseline": 0.107088632,
      "score": 0.0
    },
    {
      "name": "libc-bench b_malloc_thread_stress (0) (seconds)",
      "res": 0,
      "baseline": 0.09632549,
      "score": 0.0
    },
    {
      "name": "libc-bench b_malloc_thread_local (0) (seconds)",
      "res": 0,
      "baseline": 0.096989785,
      "score": 0.0
    },
    {
      "name": "libc-bench b_string_strstr (\"abcdefghijklmnopqrstuvwxyz\") (seconds)",
      "res": 0,
      "baseline": 0.011402239,
      "score": 0.0
    },
    {
      "name": "libc-bench b_string_strstr (\"azbycxdwevfugthsirjqkplomn\") (seconds)",
      "res": 0,
      "baseline": 0.020868089,
      "score": 0.0
    },
    {
      "name": "libc-bench b_string_strstr (\"aaaaaaaaaaaaaacccccccccccc\") (seconds)",
      "res": 0,
      "baseline": 0.011944437,
      "score": 0.0
    },
    {
      "name": "libc-bench b_string_strstr (\"aaaaaaaaaaaaaaaaaaaaaaaaac\") (seconds)",
      "res": 0,
      "baseline": 0.011749838,
      "score": 0.0
    },
    {
      "name": "libc-bench b_string_strstr (\"aaaaaaaaaaaaaaaaaaaaaaaaaaaaaaaac\") (seconds)",
      "res": 0,
      "baseline": 0.013963025,
      "score": 0.0
    },
    {
      "name": "libc-bench b_string_memset (0) (seconds)",
      "res": 0,
      "baseline": 0.025313365,
      "score": 0.0
    },
    {
      "name": "libc-bench b_string_strchr (0) (seconds)",
      "res": 0,
      "baseline": 0.012811332,
      "score": 0.0
    },
    {
      "name": "libc-bench b_string_strlen (0) (seconds)",
      "res": 0,
      "baseline": 0.013459429,
      "score": 0.0
    },
    {
      "name": "libc-bench b_pthread_createjoin_serial1 (0) (seconds)",
      "res": 0,
      "baseline": 1.284791557,
      "score": 0.0
    },
    {
      "name": "libc-bench b_pthread_createjoin_serial2 (0) (seconds)",
      "res": 0,
      "baseline": 1.006433722,
      "score": 0.0
    },
    {
      "name": "libc-bench b_pthread_create_serial1 (0) (seconds)",
      "res": 0,
      "baseline": 0.892420718,
      "score": 0.0
    },
    {
      "name": "libc-bench b_pthread_uselesslock (0) (seconds)",
      "res": 0,
      "baseline": 0.080551368,
      "score": 0.0
    },
    {
      "name": "libc-bench b_utf8_bigbuf (0) (seconds)",
      "res": 0,
      "baseline": 0.036977802,
      "score": 0.0
    },
    {
      "name": "libc-bench b_utf8_onebyone (0) (seconds)",
      "res": 0,
      "baseline": 0.109599811,
      "score": 0.0
    },
    {
      "name": "libc-bench b_stdio_putcgetc (0) (seconds)",
      "res": 0,
      "baseline": 0.767822967,
      "score": 0.0
    },
    {
      "name": "libc-bench b_stdio_putcgetc_unlocked (0) (seconds)",
      "res": 0,
      "baseline": 0.765147171,
      "score": 0.0
    },
    {
      "name": "libc-bench b_regex_compile (\"(a|b|c)*d*b\") (seconds)",
      "res": 0,
      "baseline": 0.088259223,
      "score": 0.0
    },
    {
      "name": "libc-bench b_regex_search (\"(a|b|c)*d*b\") (seconds)",
      "res": 0,
      "baseline": 0.083251251,
      "score": 0.0
    },
    {
      "name": "libc-bench b_regex_search (\"a{25}b\") (seconds)",
      "res": 0,
      "baseline": 0.286712251,
      "score": 0.0
    }
  ],
  "netperf-musl": [
    {
      "name": "netperf UDP_STREAM (Trans. Rate/sec)",
      "res": 0,
      "baseline": 27.5,
      "score": 0.0
    },
    {
      "name": "netperf TCP_STREAM (Throughput 10^6bits/sec)",
      "res": 0,
      "baseline": 79.75,
      "score": 0.0
    },
    {
      "name": "netperf UDP_RR (Trans. Rate/sec)",
      "res": 0,
      "baseline": 2070.62,
      "score": 0.0
    },
    {
      "name": "netperf TCP_RR (Trans. Rate/sec)",
      "res": 0,
      "baseline": 2017.98,
      "score": 0.0
    },
    {
      "name": "netperf TCP_CRR (Trans. Rate/sec)",
      "res": 0,
      "baseline": 390.53,
      "score": 0.0
    }
  ],
  "iperf-musl": [
    {
      "name": "iperf BASIC_UDP (Mbits/sec)",
      "res": 0,
      "baseline": 393.0,
      "score": 0.0
    },
    {
      "name": "iperf BASIC_TCP (Mbits/sec)",
      "res": 0,
      "baseline": 796.0,
      "score": 0.0
    },
    {
      "name": "iperf PARALLEL_UDP (Mbits/sec)",
      "res": 0,
      "baseline": 442.0,
      "score": 0.0
    },
    {
      "name": "iperf PARALLEL_TCP (Mbits/sec)",
      "res": 0,
      "baseline": 1310.72,
      "score": 0.0
    },
    {
      "name": "iperf REVERSE_UDP (Mbits/sec)",
      "res": 0,
      "baseline": 381.0,
      "score": 0.0
    },
    {
      "name": "iperf REVERSE_TCP (Mbits/sec)",
      "res": 0,
      "baseline": 792.0,
      "score": 0.0
    }
  ],
  "iozone-glibc": [
    {
      "name": "iozone write/read 4 initial writers (kb/sec)",
      "result": 0,
      "baseline": 3524.04,
      "score": 0.0
    },
    {
      "name": "iozone write/read 4 rewriters (kb/sec)",
      "result": 0,
      "baseline": 7471.07,
      "score": 0.0
    },
    {
      "name": "iozone write/read 4 readers (kb/sec)",
      "result": 0,
      "baseline": 13135.64,
      "score": 0.0
    },
    {
      "name": "iozone write/read 4 re-readers (kb/sec)",
      "result": 0,
      "baseline": 13064.75,
      "score": 0.0
    },
    {
      "name": "iozone random-read 4 initial writers (kb/sec)",
      "result": 0,
      "baseline": 3401.72,
      "score": 0.0
    },
    {
      "name": "iozone random-read 4 rewriters (kb/sec)",
      "result": 0,
      "baseline": 7196.32,
      "score": 0.0
    },
    {
      "name": "iozone random-read 4 random readers (kb/sec)",
      "result": 0,
      "baseline": 11082.03,
      "score": 0.0
    },
    {
      "name": "iozone random-read 4 random writers (kb/sec)",
      "result": 0,
      "baseline": 7140.81,
      "score": 0.0
    },
    {
      "name": "iozone read-backwards 4 initial writers (kb/sec)",
      "result": 0,
      "baseline": 3331.39,
      "score": 0.0
    },
    {
      "name": "iozone read-backwards 4 rewriters (kb/sec)",
      "result": 0,
      "baseline": 4906.05,
      "score": 0.0
    },
    {
      "name": "iozone read-backwards 4 reverse readers (kb/sec)",
      "result": 0,
      "baseline": 10743.42,
      "score": 0.0
    },
    {
      "name": "iozone stride-read 4 initial writers (kb/sec)",
      "result": 0,
      "baseline": 3468.09,
      "score": 0.0
    },
    {
      "name": "iozone stride-read 4 rewriters (kb/sec)",
      "result": 0,
      "baseline": 7004.64,
      "score": 0.0
    },
    {
      "name": "iozone stride-read 4 stride readers (kb/sec)",
      "result": 0,
      "baseline": 11848.11,
      "score": 0.0
    },
    {
      "name": "iozone fwrite/fread 4 fwriters (kb/sec)",
      "result": 0,
      "baseline": 3204.25,
      "score": 0.0
    },
    {
      "name": "iozone fwrite/fread 4 freaders (kb/sec)",
      "result": 0,
      "baseline": 7123.18,
      "score": 0.0
    },
    {
      "name": "iozone pwrite/pread 4 pwrite writers (kb/sec)",
      "result": 0,
      "baseline": 3724.0,
      "score": 0.0
    },
    {
      "name": "iozone pwrite/pread 4 pread readers (kb/sec)",
      "result": 0,
      "baseline": 14183.61,
      "score": 0.0
    },
    {
      "name": "iozone pwritev/preadv 4 initial writers (kb/sec)",
      "result": 0,
      "baseline": 3609.25,
      "score": 0.0
    },
    {
      "name": "iozone pwritev/preadv 4 rewriters (kb/sec)",
      "result": 0,
      "baseline": 8305.9,
      "score": 0.0
    }
  ]
}
