info: override toolchain for '/app/os' set to 'nightly-2025-01-18-x86_64-unknown-linux-gnu'
cp ./src/lang_items.rs.rv ./src/lang_items.rs
cp ../user/src/lang_items.rs.rv ../user/src/lang_items.rs
make -f make/rv64.mk comp
make[1]: Entering directory '/app/os'

OpenSBI v1.5.1
   ____                    _____ ____ _____
  / __ \                  / ____|  _ \_   _|
 | |  | |_ __   ___ _ __ | (___ | |_) || |
 | |  | | '_ \ / _ \ '_ \ \___ \|  _ < | |
 | |__| | |_) |  __/ | | |____) | |_) || |_
  \____/| .__/ \___|_| |_|_____/|____/_____|
        | |
        |_|

Platform Name             : riscv-virtio,qemu
Platform Features         : medeleg
Platform HART Count       : 1
Platform IPI Device       : aclint-mswi
Platform Timer Device     : aclint-mtimer @ 10000000Hz
Platform Console Device   : uart8250
Platform HSM Device       : ---
Platform PMU Device       : ---
Platform Reboot Device    : syscon-reboot
Platform Shutdown Device  : syscon-poweroff
Platform Suspend Device   : ---
Platform CPPC Device      : ---
Firmware Base             : 0x80000000
Firmware Size             : 327 KB
Firmware RW Offset        : 0x40000
Firmware RW Size          : 71 KB
Firmware Heap Offset      : 0x49000
Firmware Heap Size        : 35 KB (total), 2 KB (reserved), 11 KB (used), 21 KB (free)
Firmware Scratch Size     : 4096 B (total), 416 B (used), 3680 B (free)
Runtime SBI Version       : 2.0

Domain0 Name              : root
Domain0 Boot HART         : 0
Domain0 HARTs             : 0*
Domain0 Region00          : 0x0000000000100000-0x0000000000100fff M: (I,R,W) S/U: (R,W)
Domain0 Region01          : 0x0000000010000000-0x0000000010000fff M: (I,R,W) S/U: (R,W)
Domain0 Region02          : 0x0000000002000000-0x000000000200ffff M: (I,R,W) S/U: ()
Domain0 Region03          : 0x0000000080040000-0x000000008005ffff M: (R,W) S/U: ()
Domain0 Region04          : 0x0000000080000000-0x000000008003ffff M: (R,X) S/U: ()
Domain0 Region05          : 0x000000000c400000-0x000000000c5fffff M: (I,R,W) S/U: (R,W)
Domain0 Region06          : 0x000000000c000000-0x000000000c3fffff M: (I,R,W) S/U: (R,W)
Domain0 Region07          : 0x0000000000000000-0xffffffffffffffff M: () S/U: (R,W,X)
Domain0 Next Address      : 0x0000000080200000
Domain0 Next Arg1         : 0x00000000bfe00000
Domain0 Next Mode         : S-mode
Domain0 SysReset          : yes
Domain0 SysSuspend        : yes

Boot HART ID              : 0
Boot HART Domain          : root
Boot HART Priv Version    : v1.12
Boot HART Base ISA        : rv64imafdch
Boot HART ISA Extensions  : sstc,zicntr,zihpm,zicboz,zicbom,sdtrig,svadu
Boot HART PMP Count       : 16
Boot HART PMP Granularity : 2 bits
Boot HART PMP Address Bits: 54
Boot HART MHPM Info       : 16 (0x0007fff8)
Boot HART Debug Triggers  : 2 triggers
Boot HART MIDELEG         : 0x0000000000001666
Boot HART MEDELEG         : 0x0000000000f0b509
[kernel] logger inited, level= Error
[kernel] Console initialized.
last 193931 Physical Frames.
.text [0x80200000, 0x8040c000)
.rodata [0x8040c000, 0x80448000)
.data [0x80448000, 0x80a11000)
.bss [0x80a11000, 0x90a75000)
mapping .text section
mapping .rodata section
mapping .data section
mapping .bss section
mapping physical memory
mapping memory-mapped registers
[kernel] Hello, world!
[kernel] PRNG initialized.
[initramfs] unpacked: files=32 dirs=21 symlinks=1 bytes=2051014
[kernel] perf_diag features: perf_stats=true perf_diag=true
[initramfs] VFS_ROOT initialized (ramfs + cpio unpack + dev/proc/tmp)
[kernel] net interface initialized (RoutingDevice: lo + eth)
[kernel] block device 0: official fs (MMIO 0x10001000)
[kernel] block device 1: tools disk (MMIO 0x10002000)
[ext4] backend: another_ext4
[kernel] official fs (x0) mounted at sdcard
[mbr] no MBR on tools disk, mounting raw /dev/vdb as /tools
[kernel] mount_block_fs: tools disk (raw vdb) — no filesystem detected on block device
[initramfs] tools disk (raw vdb) mount failed, leaving /tools empty
sinitproc: 8063F000, einitproc: 806D2150, sbash: 806D3000, ebash: 807EB378, sbusybox: 807EC000, ebusybox: 8093EC28, sosconfig: 8093F000, eosconfig: 8093FF09
[init] MangoCore stage-1 boot (initramfs mode)
[init] ntpd pid=2 timed out after 3000ms, killing
[init] ntpd attempt 0 failed (status=9)
ntpd: setting time to 2026-07-23 17:47:19.484193 (offset -13932769.911675s)
[init] ntpd time sync ok
[init] /dev /proc /tmp mounted by kernel, setting up bind mounts...
[31m[9.443] tid 1 pid 1: [do_bind_mount] vfs_lookup source '/tools/tmp' failed: -2
[0m[init] bind /tools/tmp -> /tmp: skipped (errno=2)
[31m[9.447] tid 1 pid 1: [do_bind_mount] vfs_lookup source '/tools/bin' failed: -2
[0m[init] bind /tools/bin -> /bin: skipped (errno=2)
[31m[9.449] tid 1 pid 1: [do_bind_mount] vfs_lookup source '/tools/sbin' failed: -2
[0m[init] bind /tools/sbin -> /sbin: skipped (errno=2)
[31m[9.450] tid 1 pid 1: [do_bind_mount] vfs_lookup source '/tools/lib' failed: -2
[0m[init] bind /tools/lib -> /lib: skipped (errno=2)
[31m[9.452] tid 1 pid 1: [do_bind_mount] vfs_lookup source '/tools/usr' failed: -2
[0m[init] bind /tools/usr -> /usr: skipped (errno=2)
[31m[9.454] tid 1 pid 1: [do_bind_mount] vfs_lookup source '/tools/root' failed: -2
[0m[init] bind /tools/root -> /root: skipped (errno=2)
[31m[9.456] tid 1 pid 1: [do_bind_mount] vfs_lookup source '/tools/tests' failed: -2
[0m[init] bind /tools/tests -> /tests: skipped (errno=2)
[init] bind /sdcard/musl -> /musl
[init] bind /sdcard/glibc -> /glibc
[initproc] config source=/os_test.conf mode=run mask=0xFFF ltp_runner=suite timer_smoke=false ext4_profile=false reclaim_profile=false skip_apk=false
[initproc] LTP exclude list: ["rt_sigtimedwait01", "timer_create01", "timer_create02", "memfd_create03", "memfd_create04", "eventfd06", "fork13", "fork14", "futex_wake04", "sysinfo03", "madvise06", "madvise07", "madvise08", "madvise09", "madvise11", "msgctl05", "msgstress01", "rt_tgsigqueueinfo01", "signal06", "semctl08", "kill13", "timerfd04", "timerfd_settime02", "execve05", "fallocate06", "mmap16", "rename10", "shmctl01", "copy_file_range02", "pipe13", "splice02", "splice07", "timer_settime03", "statx11", "prot_hsymlinks", "send02", "futex_cmp_requeue01"]
[initproc] LTP exclude musl: ["clone04", "profil01", "sigtimedwait01", "sigwaitinfo01", "nice04"], glibc: []
[initproc] LTP exclude arch musl: ["epoll_create02", "atof01", "fptest01", "fptest02"], glibc: ["nice05"]
[initproc] ensuring base directories...
base dirs already exist, skipping mkdir
/bin/bash: line 1: chmod: command not found
[initproc] attempting bind mount /tools/bin -> /bin...
[31m[9.720] tid 1 pid 1: [do_bind_mount] vfs_lookup source 'tools/bin' failed: -2
[0m[initproc] bind mount tools/bin -> bin: skipped (errno=2)
[initproc] installing busybox applets to /bin ...
[initproc] busybox --install -s /bin -> exit=0
[initproc] preparing /etc account/network files ...
[initproc] minimal account files done, exit=0
[initproc] install libgcc_s failed to open, ret=-2
[initproc] linking musl/glibc libs to /lib ...
ln: /glibc/lib/libgcc_s.so.1: Invalid argument
[initproc] lib linking done, exit=0
prepare lmbench compatibility ...
[initproc] lmbench compatibility done, exit=0
ln: /musl/cyclictest: Invalid argument
[initproc] cyclictest musl compatibility done, exit=0
[initproc] fixing +x permissions on test scripts ...
[initproc] chmod test scripts done, exit=0
[initproc] apk add e2fsprogs ...
/bin/bash: line 1: /tools/bin/apk.static: No such file or directory
[initproc] apk add -> exit=0
BIN_BASH_OK
[initproc] post-prepare /bin/bash check exit=0 has_bin_bash=true
[initproc] run_selected_groups start mask=0xFFF order=["basic", "busybox", "lua", "lmbench", "iozone", "libcbench", "netperf", "iperf", "libctest", "cyclictest", "ltp", "cpython", "unixbench"]
[initproc] select group=basic timeout=60s
#### OS COMP TEST GROUP START basic-musl ####
Testing brk :
========== START test_brk ==========
Before alloc,heap pos: 4206592
After alloc,heap pos: 4206656
Alloc again,heap pos: 4206720
========== END test_brk ==========
Testing chdir :
========== START test_chdir ==========
chdir ret: 0
  current working dir : /musl/basic/test_chdir
========== END test_chdir ==========
Testing clone :
========== START test_clone ==========
  Child says successfully!
clone process successfully.
pid:70
========== END test_clone ==========
Testing close :
========== START test_close ==========
  close 3 success.
========== END test_close ==========
Testing dup2 :
========== START test_dup2 ==========
  from fd 100
========== END test_dup2 ==========
Testing dup :
========== START test_dup ==========
  new fd is 3.
========== END test_dup ==========
Testing execve :
========== START test_execve ==========
  I am test_echo.
execve success.
========== END main ==========
Testing exit :
========== START test_exit ==========
exit OK.
========== END test_exit ==========
Testing fork :
========== START test_fork ==========
  child process.
  parent process. wstatus:0
========== END test_fork ==========
Testing fstat :
========== START test_fstat ==========
fstat ret: 0
fstat: dev: 1, inode: 45, mode: 33188, nlink: 1, size: 52, atime: 1749913918, mtime: 1749913918, ctime: 1749913918
========== END test_fstat ==========
Testing getcwd :
========== START test_getcwd ==========
getcwd: /musl/basic successfully!
========== END test_getcwd ==========
Testing getdents :
========== START test_getdents ==========
open fd:3
getdents fd:488
getdents success.
.

========== END test_getdents ==========
Testing getpid :
========== START test_getpid ==========
getpid success.
pid = 82
========== END test_getpid ==========
Testing getppid :
========== START test_getppid ==========
  getppid success. ppid : 66
========== END test_getppid ==========
Testing gettimeofday :
========== START test_gettimeofday ==========
gettimeofday success.
start:21418942, end:21419011
interval: 69
========== END test_gettimeofday ==========
Testing mkdir_ :
========== START test_mkdir ==========
mkdir ret: 0
  mkdir success.
========== END test_mkdir ==========
Testing mmap :
========== START test_mmap ==========
file len: 27
mmap content:   Hello, mmap successfully!
========== END test_mmap ==========
Testing mount :
========== START test_mount ==========
Mounting dev:/dev/vda2 to ./mnt
mount return: -2

 --- Assert Fatal ! ---
Testing munmap :
========== START test_munmap ==========
file len: 27
munmap return: 0
munmap successfully!
========== END test_munmap ==========
Testing openat :
========== START test_openat ==========
open dir fd: 3
openat fd: 4
openat success.
========== END test_openat ==========
Testing open :
========== START test_open ==========
Hi, this is a text file.
syscalls testing success!

========== END test_open ==========
Testing pipe :
========== START test_pipe ==========
cpid: 92
cpid: 0
  Write to pipe successfully.

========== END test_pipe ==========
Testing read :
========== START test_read ==========
Hi, this is a text file.
syscalls testing success!

========== END test_read ==========
Testing sleep :
========== START test_sleep ==========
sleep success.
========== END test_sleep ==========
Testing times :
========== START test_times ==========
mytimes success
{tms_utime:1, tms_stime:1, tms_cutime:0, tms_cstime:0}
========== END test_times ==========
Testing umount :
========== START test_umount ==========
Mounting dev:/dev/vda2 to ./mnt
mount return: -2
========== END test_umount ==========
Testing uname :
========== START test_uname ==========
Uname: Linux blossom 5.10.0-1-rv64 #1 SMP blossom 5.10.0-1 (2025-01-10) rv64 
========== END test_uname ==========
Testing unlink :
========== START test_unlink ==========
  unlink success!
========== END test_unlink ==========
Testing wait :
========== START test_wait ==========
This is child process
wait child success.
wstatus: 0
========== END test_wait ==========
Testing waitpid :
========== START test_waitpid ==========
This is child process
waitpid successfully.
wstatus: 3
========== END test_waitpid ==========
Testing write :
========== START test_write ==========
Hello operating system contest.
========== END test_write ==========
Testing yield :
========== START test_yield ==========
  I am child process: 106. iteration 1.
  I am child process: 107. iteration 2.
  I am child process: 105. iteration 0.
  I am child process: 106. iteration 1.
  I am child process: 107. iteration 2.
  I am child process: 105. iteration 0.
  I am child process: 106. iteration 1.
  I am child process: 107. iteration 2.
  I am child process: 105. iteration 0.
  I am child process: 106. iteration 1.
  I am child process: 107. iteration 2.
  I am child process: 105. iteration 0.
  I am child process: 106. iteration 1.
  I am child process: 105. iteration 0.
  I am child process: 107. iteration 2.
========== END test_yield ==========
#### OS COMP TEST GROUP END basic-musl ####
[initproc] done basic_testcode.sh in /musl exit_code=0
[timer] group basic in /musl took 2s
#### OS COMP TEST GROUP START basic-glibc ####
Testing brk :
========== START test_brk ==========
Before alloc,heap pos: 4206592
After alloc,heap pos: 4206656
Alloc again,heap pos: 4206720
========== END test_brk ==========
Testing chdir :
========== START test_chdir ==========
chdir ret: 0
  current working dir : /glibc/basic/test_chdir
========== END test_chdir ==========
Testing clone :
========== START test_clone ==========
  Child says successfully!
clone process successfully.
pid:115
========== END test_clone ==========
Testing close :
========== START test_close ==========
  close 3 success.
========== END test_close ==========
Testing dup2 :
========== START test_dup2 ==========
  from fd 100
========== END test_dup2 ==========
Testing dup :
========== START test_dup ==========
  new fd is 3.
========== END test_dup ==========
Testing execve :
========== START test_execve ==========
  I am test_echo.
execve success.
========== END main ==========
Testing exit :
========== START test_exit ==========
exit OK.
========== END test_exit ==========
Testing fork :
========== START test_fork ==========
  child process.
  parent process. wstatus:0
========== END test_fork ==========
Testing fstat :
========== START test_fstat ==========
fstat ret: 0
fstat: dev: 1, inode: 131106, mode: 33188, nlink: 1, size: 52, atime: 1749913917, mtime: 1749913917, ctime: 1749913917
========== END test_fstat ==========
Testing getcwd :
========== START test_getcwd ==========
getcwd: /glibc/basic successfully!
========== END test_getcwd ==========
Testing getdents :
========== START test_getdents ==========
open fd:3
getdents fd:488
getdents success.
.

========== END test_getdents ==========
Testing getpid :
========== START test_getpid ==========
getpid success.
pid = 127
========== END test_getpid ==========
Testing getppid :
========== START test_getppid ==========
  getppid success. ppid : 111
========== END test_getppid ==========
Testing gettimeofday :
========== START test_gettimeofday ==========
gettimeofday success.
start:21421211, end:21421286
interval: 75
========== END test_gettimeofday ==========
Testing mkdir_ :
========== START test_mkdir ==========
mkdir ret: 0
  mkdir success.
========== END test_mkdir ==========
Testing mmap :
========== START test_mmap ==========
file len: 27
mmap content:   Hello, mmap successfully!
========== END test_mmap ==========
Testing mount :
========== START test_mount ==========
Mounting dev:/dev/vda2 to ./mnt
mount return: -2

 --- Assert Fatal ! ---
Testing munmap :
========== START test_munmap ==========
file len: 27
munmap return: 0
munmap successfully!
========== END test_munmap ==========
Testing openat :
========== START test_openat ==========
open dir fd: 3
openat fd: 4
openat success.
========== END test_openat ==========
Testing open :
========== START test_open ==========
Hi, this is a text file.
syscalls testing success!

========== END test_open ==========
Testing pipe :
========== START test_pipe ==========
cpid: 137
cpid: 0
  Write to pipe successfully.

========== END test_pipe ==========
Testing read :
========== START test_read ==========
Hi, this is a text file.
syscalls testing success!

========== END test_read ==========
Testing sleep :
========== START test_sleep ==========
sleep success.
========== END test_sleep ==========
Testing times :
========== START test_times ==========
mytimes success
{tms_utime:1, tms_stime:1, tms_cutime:0, tms_cstime:0}
========== END test_times ==========
Testing umount :
========== START test_umount ==========
Mounting dev:/dev/vda2 to ./mnt
mount return: -2
========== END test_umount ==========
Testing uname :
========== START test_uname ==========
Uname: Linux blossom 5.10.0-1-rv64 #1 SMP blossom 5.10.0-1 (2025-01-10) rv64 
========== END test_uname ==========
Testing unlink :
========== START test_unlink ==========
  unlink success!
========== END test_unlink ==========
Testing wait :
========== START test_wait ==========
This is child process
wait child success.
wstatus: 0
========== END test_wait ==========
Testing waitpid :
========== START test_waitpid ==========
This is child process
waitpid successfully.
wstatus: 3
========== END test_waitpid ==========
Testing write :
========== START test_write ==========
Hello operating system contest.
========== END test_write ==========
Testing yield :
========== START test_yield ==========
  I am child process: 150. iteration 0.
  I am child process: 152. iteration 2.
  I am child process: 150. iteration 0.
  I am child process: 151. iteration 1.
  I am child process: 152. iteration 2.
  I am child process: 150. iteration 0.
  I am child process: 151. iteration 1.
  I am child process: 152. iteration 2.
  I am child process: 150. iteration 0.
  I am child process: 151. iteration 1.
  I am child process: 152. iteration 2.
  I am child process: 150. iteration 0.
  I am child process: 151. iteration 1.
  I am child process: 152. iteration 2.
  I am child process: 151. iteration 1.
========== END test_yield ==========
#### OS COMP TEST GROUP END basic-glibc ####
[initproc] done basic_testcode.sh in /glibc exit_code=0
[timer] group basic in /glibc took 2s
[initproc] sleep 1s before next group
[initproc] select group=busybox timeout=120s
#### OS COMP TEST GROUP START busybox-musl ####
#### independent command test
testcase busybox echo "#### independent command test" success
testcase busybox ash -c exit success
testcase busybox sh -c exit success
bbb
testcase busybox basename /aaa/bbb success
     July 2026
Su Mo Tu We Th Fr Sa
          1  2  3  4
 5  6  7  8  9 10 11
12 13 14 15 16 17 18
19 20 21 22 23 24 25
26 27 28 29 30 31
                     
testcase busybox cal success
[H[Jtestcase busybox clear success
Thu Jul 23 17:47:28 UTC 2026
testcase busybox date success
Filesystem           1K-blocks      Used Available Use% Mounted on
none                    752428         0    752428   0% /tmp
/sdcard                4194304   3251200    943104  78% /sdcard
/sdcard/musl           4194304   3251200    943104  78% /musl
/sdcard/glibc          4194304   3251200    943104  78% /glibc
none                     16384         0     16384   0% /dev/shm
testcase busybox df success
/aaa
testcase busybox dirname /aaa/bbb success
[    0.000000] Linux version 5.10.102.1-MangoCore (mango@kernel.org) (gcc (Ubuntu 9.4.0-1ubuntu1~20.04) 9.4.0, GNU ld (GNU Binutils for Ubuntu) 2.34) #1 SMP Thu Mar 10 13:31:47 CST 2022
testcase busybox dmesg success
4	./basic/mnt
4	./basic/test_chdir
4	./basic/test_mkdir
1964	./basic
952	./lib
200	./ltp/bin
392	./ltp/runtest
12	./ltp/scenario_groups
40	./ltp/testscripts
76	./ltp/testcases/bin/ftrace_stress
2652	./ltp/testcases/bin/datafiles
1453044	./ltp/testcases/bin
24	./ltp/testcases/data/ar01
96	./ltp/testcases/data/file01
24	./ltp/testcases/data/ld01
76	./ltp/testcases/data/ldd01
60	./ltp/testcases/data/nm01
12	./ltp/testcases/data/unzip01
12	./ltp/testcases/data/binfmt_misc02
8	./ltp/testcases/data/ima_kexec
12	./ltp/testcases/data/ima_keys
12	./ltp/testcases/data/ima_policy
8	./ltp/testcases/data/ima_selinux
12	./ltp/testcases/data/lvm
12	./ltp/testcases/data/mc_member
372	./ltp/testcases/data
1453420	./ltp/testcases
208	./ltp/libkirk
528	./ltp/metadata
1454984	./ltp
1464892	.
testcase busybox du success
2
testcase busybox expr 1 + 1 success
testcase busybox false success
testcase busybox true success
/bin/ls
testcase busybox which ls success
Linux
testcase busybox uname success
 17:47:41 up 0 min,  0 users,  load average: 0.06, 0.01, 0.00
testcase busybox uptime success
abcntestcase busybox printf "abcn" success
PID   USER     TIME  COMMAND
    1 root      0:07 initproc
  154 root      0:07 busybox_testcode.sh
  157 root      0:07 busybox_testcode.sh
  176 root      0:07 busybox
testcase busybox ps success
/musl
testcase busybox pwd success
              total        used        free      shared  buff/cache   available
Mem:        1048576      295720      752856           0           0      524288
-/+ buffers/cache:       295720      752856
Swap:             0           0           0
testcase busybox free success
Thu Jul 23 17:47:41 2026  0.000000 seconds
testcase busybox hwclock success
testcase busybox sh -c 'sleep 5' & ./busybox kill $! success
[1;32marithoh[m                 [1;32miperf3[m                  [1;34mltp[m
[1;34mbasic[m                   [1;32miperf_testcode.sh[m       [1;32mltp_testcode.sh[m
[1;32mbasic_testcode.sh[m       [1;32mlat_cmd[m                 [1;32mlua[m
[1;32mbusy[m                    [1;32mlat_connect[m             [1;32mlua_testcode.sh[m
[1;32mbusybox[m                 [1;32mlat_ctx[m                 [1;32mmax_min.lua[m
[0;0mbusybox_cmd.txt[m         [1;32mlat_dram_page[m           [1;32mmemsize[m
[1;32mbusybox_testcode.sh[m     [1;32mlat_fcntl[m               [1;32mmhz[m
[1;32mbw_file_rd[m              [1;32mlat_fifo[m                [1;32mmsleep[m
[1;32mbw_mem[m                  [1;32mlat_fs[m                  [1;32mmulti.sh[m
[1;32mbw_mmap_rd[m              [1;32mlat_http[m                [1;32mnetperf[m
[1;32mbw_pipe[m                 [1;32mlat_mem_rd[m              [1;32mnetperf_testcode.sh[m
[1;32mbw_tcp[m                  [1;32mlat_mmap[m                [1;32mnetserver[m
[1;32mbw_unix[m                 [1;32mlat_ops[m                 [1;32mpar_mem[m
[1;32mcache[m                   [1;32mlat_pagefault[m           [1;32mpar_ops[m
[1;32mclock[m                   [1;32mlat_pipe[m                [1;32mpipe[m
[1;32mcontext1[m                [1;32mlat_pmake[m               [1;32mrandom.lua[m
[1;32mcyclictest[m              [1;32mlat_proc[m                [1;32mregister[m
[1;32mcyclictest_testcode.sh[m  [1;32mlat_rand[m                [1;32mremove.lua[m
[1;32mdate.lua[m                [1;32mlat_rpc[m                 [1;32mrhttp[m
[1;32mdhry2[m                   [1;32mlat_select[m              [1;32mround_num.lua[m
[1;32mdhry2reg[m                [1;32mlat_sem[m                 [1;32mrun-dynamic.sh[m
[1;32mdisk[m                    [1;32mlat_sig[m                 [1;32mrun-static.sh[m
[1;32mdlopen_dso.so[m           [1;32mlat_syscall[m             [1;32mruntest.exe[m
[1;32mdouble[m                  [1;32mlat_tcp[m                 [1;32mseek[m
[1;32menough[m                  [1;32mlat_udp[m                 [1;32mshort[m
[1;32mentry-dynamic.exe[m       [1;32mlat_unix[m                [1;32msin30.lua[m
[1;32mentry-static.exe[m        [1;32mlat_unix_connect[m        [1;32msort.lua[m
[1;32mexecl[m                   [1;32mlat_usleep[m              [1;32mspawn[m
[1;32mfile_io.lua[m             [1;34mlib[m                     [1;32mstream[m
[1;32mfloat[m                   [1;32mlibc-bench[m              [1;32mstrings.lua[m
[1;32mflushdisk[m               [1;32mlibcbench_testcode.sh[m   [1;32msyscall[m
[1;32mfstime[m                  [1;32mlibctest_testcode.sh[m    [1;32mtest.sh[m
[1;32mgetopt[m                  [1;32mline[m                    [1;32mtiming_o[m
[0;0mgfx-x11[m                 [1;32mlmbench[m                 [1;32mtlb[m
[1;32mhackbench[m               [1;32mlmbench_all[m             [1;32mtls_get_new-dtv_dso.so[m
[1;32mhanoi[m                   [1;32mlmbench_testcode.sh[m     [1;32mtst.sh[m
[1;32mhello[m                   [1;32mlmdd[m                    [0;0munixbench.logo[m
[0;0mindex.base[m              [1;32mlmhttp[m                  [1;32munixbench_testcode.sh[m
[1;32mint[m                     [1;32mlong[m                    [1;32mwhetstone-double[m
[1;32miozone[m                  [1;32mloop_o[m
[1;32miozone_testcode.sh[m      [1;32mlooper[m
testcase busybox ls success
testcase busybox sleep 1 success
#### file opration test
testcase busybox echo "#### file opration test" success
testcase busybox touch test.txt success
testcase busybox echo "hello world" > test.txt success
hello world
testcase busybox cat test.txt success
l
testcase busybox cut -c 3 test.txt success
0000000 062550 066154 020157 067567 066162 005144
0000014
testcase busybox od test.txt success
hello world
testcase busybox head test.txt success
hello world
testcase busybox tail test.txt success
00000000  68 65 6c 6c 6f 20 77 6f  72 6c 64 0a              |hello world.|
0000000c
testcase busybox hexdump -C test.txt success
6f5902ac237024bdd0c176cb93063dc4  test.txt
testcase busybox md5sum test.txt success
testcase busybox echo "ccccccc" >> test.txt success
testcase busybox echo "bbbbbbb" >> test.txt success
testcase busybox echo "aaaaaaa" >> test.txt success
testcase busybox echo "2222222" >> test.txt success
testcase busybox echo "1111111" >> test.txt success
testcase busybox echo "bbbbbbb" >> test.txt success
1111111
2222222
aaaaaaa
bbbbbbb
ccccccc
hello world
testcase busybox sort test.txt | ./busybox uniq success
  File: test.txt
  Size: 60        	Blocks: 0          IO Block: 4096   regular file
Device: 1h/1d	Inode: 3225        Links: 1
Access: (0666/-rw-rw-rw-)  Uid: (    0/    root)   Gid: (    0/    root)
Access: 1970-01-01 00:00:00.000000000 +0000
Modify: 1970-01-01 00:00:33.000000000 +0000
Change: 1970-01-01 00:00:33.000000000 +0000
testcase busybox stat test.txt success
hello world
ccccccc
bbbbbbb
aaaaaaa
2222222
1111111
bbbbbbb
testcase busybox strings test.txt success
        7         8        60 test.txt
testcase busybox wc test.txt success
testcase busybox [ -f test.txt ] success
hello world
ccccccc
bbbbbbb
aaaaaaa
2222222
1111111
bbbbbbb
testcase busybox more test.txt success
testcase busybox rm test.txt success
testcase busybox mkdir test_dir success
testcase busybox mv test_dir test success
testcase busybox rmdir test success
echo "hello world" > test.txt
grep hello busybox_cmd.txt
testcase busybox grep hello busybox_cmd.txt success
testcase busybox cp busybox_cmd.txt busybox_cmd.bak success
testcase busybox rm busybox_cmd.bak success
./busybox_cmd.txt
testcase busybox find -name "busybox_cmd.txt" success
#### OS COMP TEST GROUP END busybox-musl ####
[initproc] done busybox_testcode.sh in /musl exit_code=0
[timer] group busybox in /musl took 28s
#### OS COMP TEST GROUP START busybox-glibc ####
#### independent command test
testcase busybox echo "#### independent command test" success
testcase busybox ash -c exit success
testcase busybox sh -c exit success
bbb
testcase busybox basename /aaa/bbb success
     July 2026
Su Mo Tu We Th Fr Sa
          1  2  3  4
 5  6  7  8  9 10 11
12 13 14 15 16 17 18
19 20 21 22 23 24 25
26 27 28 29 30 31
                     
testcase busybox cal success
[H[Jtestcase busybox clear success
Thu Jul 23 17:47:57 UTC 2026
testcase busybox date success
Filesystem           1K-blocks      Used Available Use% Mounted on
none                    752908         0    752908   0% /tmp
/sdcard                4194304   3251204    943100  78% /sdcard
/sdcard/musl           4194304   3251204    943100  78% /musl
/sdcard/glibc          4194304   3251204    943100  78% /glibc
none                     16384         0     16384   0% /dev/shm
testcase busybox df success
/aaa
testcase busybox dirname /aaa/bbb success
[    0.000000] Linux version 5.10.102.1-MangoCore (mango@kernel.org) (gcc (Ubuntu 9.4.0-1ubuntu1~20.04) 9.4.0, GNU ld (GNU Binutils for Ubuntu) 2.34) #1 SMP Thu Mar 10 13:31:47 CST 2022
testcase busybox dmesg success
4	./basic/mnt
4	./basic/test_chdir
4	./basic/test_mkdir
1964	./basic
3436	./lib
240	./ltp/bin
392	./ltp/runtest
12	./ltp/scenario_groups
40	./ltp/testscripts
76	./ltp/testcases/bin/ftrace_stress
2652	./ltp/testcases/bin/datafiles
1620580	./ltp/testcases/bin
24	./ltp/testcases/data/ar01
96	./ltp/testcases/data/file01
24	./ltp/testcases/data/ld01
76	./ltp/testcases/data/ldd01
64	./ltp/testcases/data/nm01
12	./ltp/testcases/data/unzip01
12	./ltp/testcases/data/binfmt_misc02
8	./ltp/testcases/data/ima_kexec
12	./ltp/testcases/data/ima_keys
12	./ltp/testcases/data/ima_policy
8	./ltp/testcases/data/ima_selinux
12	./ltp/testcases/data/lvm
12	./ltp/testcases/data/mc_member
376	./ltp/testcases/data
1620960	./ltp/testcases
208	./ltp/libkirk
528	./ltp/metadata
1622580	./ltp
1638540	.
testcase busybox du success
2
testcase busybox expr 1 + 1 success
testcase busybox false success
testcase busybox true success
/bin/ls
testcase busybox which ls success
Linux
testcase busybox uname success
 17:48:22 up 1 min,  0 users,  load average: 0.06, 0.01, 0.00
testcase busybox uptime success
abcntestcase busybox printf "abcn" success
PID   USER     TIME  COMMAND
    1 root      0:18 initproc
  216 root      0:18 busybox_testcode.sh
  219 root      0:18 busybox_testcode.sh
  238 root      0:18 busybox
testcase busybox ps success
/glibc
testcase busybox pwd success
              total        used        free      shared  buff/cache   available
Mem:        1048576      295096      753480           0           0      524288
-/+ buffers/cache:       295096      753480
Swap:             0           0           0
testcase busybox free success
Thu Jul 23 17:48:22 2026  0.000000 seconds
testcase busybox hwclock success
testcase busybox sh -c 'sleep 5' & ./busybox kill $! success
[1;32marithoh[m                 [1;32miperf3[m                  [1;34mltp[m
[1;34mbasic[m                   [1;32miperf_testcode.sh[m       [1;32mltp_testcode.sh[m
[1;32mbasic_testcode.sh[m       [1;32mlat_cmd[m                 [1;32mlua[m
[1;32mbusy[m                    [1;32mlat_connect[m             [1;32mlua_testcode.sh[m
[1;32mbusybox[m                 [1;32mlat_ctx[m                 [1;32mmax_min.lua[m
[0;0mbusybox_cmd.txt[m         [1;32mlat_dram_page[m           [1;32mmemsize[m
[1;32mbusybox_testcode.sh[m     [1;32mlat_fcntl[m               [1;32mmhz[m
[1;32mbw_file_rd[m              [1;32mlat_fifo[m                [1;32mmsleep[m
[1;32mbw_mem[m                  [1;32mlat_fs[m                  [1;32mmulti.sh[m
[1;32mbw_mmap_rd[m              [1;32mlat_http[m                [1;32mnetperf[m
[1;32mbw_pipe[m                 [1;32mlat_mem_rd[m              [1;32mnetperf_testcode.sh[m
[1;32mbw_tcp[m                  [1;32mlat_mmap[m                [1;32mnetserver[m
[1;32mbw_unix[m                 [1;32mlat_ops[m                 [1;32mpar_mem[m
[1;32mcache[m                   [1;32mlat_pagefault[m           [1;32mpar_ops[m
[1;32mclock[m                   [1;32mlat_pipe[m                [1;32mpipe[m
[1;32mcontext1[m                [1;32mlat_pmake[m               [1;32mrandom.lua[m
[1;32mcyclictest[m              [1;32mlat_proc[m                [1;32mregister[m
[1;32mcyclictest_testcode.sh[m  [1;32mlat_rand[m                [1;32mremove.lua[m
[1;32mdate.lua[m                [1;32mlat_rpc[m                 [1;32mrhttp[m
[1;32mdhry2[m                   [1;32mlat_select[m              [1;32mround_num.lua[m
[1;32mdhry2reg[m                [1;32mlat_sem[m                 [1;32mrun-dynamic.sh[m
[1;32mdisk[m                    [1;32mlat_sig[m                 [1;32mrun-static.sh[m
[1;32mdlopen_dso.so[m           [1;32mlat_syscall[m             [1;32mruntest.exe[m
[1;32mdouble[m                  [1;32mlat_tcp[m                 [1;32mseek[m
[1;32menough[m                  [1;32mlat_udp[m                 [1;32mshort[m
[1;32mentry-dynamic.exe[m       [1;32mlat_unix[m                [1;32msin30.lua[m
[1;32mentry-static.exe[m        [1;32mlat_unix_connect[m        [1;32msort.lua[m
[1;32mexecl[m                   [1;32mlat_usleep[m              [1;32mspawn[m
[1;32mfile_io.lua[m             [1;34mlib[m                     [1;32mstream[m
[1;32mfloat[m                   [1;32mlibc-bench[m              [1;32mstrings.lua[m
[1;32mflushdisk[m               [1;32mlibcbench_testcode.sh[m   [1;32msyscall[m
[1;32mfstime[m                  [1;32mlibctest_testcode.sh[m    [1;32mtest.sh[m
[1;32mgetopt[m                  [1;32mline[m                    [1;32mtiming_o[m
[0;0mgfx-x11[m                 [1;32mlmbench[m                 [1;32mtlb[m
[1;32mhackbench[m               [1;32mlmbench_all[m             [1;32mtls_get_new-dtv_dso.so[m
[1;32mhanoi[m                   [1;32mlmbench_testcode.sh[m     [1;32mtst.sh[m
[1;32mhello[m                   [1;32mlmdd[m                    [0;0munixbench.logo[m
[0;0mindex.base[m              [1;32mlmhttp[m                  [1;32munixbench_testcode.sh[m
[1;32mint[m                     [1;32mlong[m                    [1;32mwhetstone-double[m
[1;32miozone[m                  [1;32mloop_o[m
[1;32miozone_testcode.sh[m      [1;32mlooper[m
testcase busybox ls success
testcase busybox sleep 1 success
#### file opration test
testcase busybox echo "#### file opration test" success
testcase busybox touch test.txt success
testcase busybox echo "hello world" > test.txt success
hello world
testcase busybox cat test.txt success
l
testcase busybox cut -c 3 test.txt success
0000000 062550 066154 020157 067567 066162 005144
0000014
testcase busybox od test.txt success
hello world
testcase busybox head test.txt success
hello world
testcase busybox tail test.txt success
00000000  68 65 6c 6c 6f 20 77 6f  72 6c 64 0a              |hello world.|
0000000c
testcase busybox hexdump -C test.txt success
6f5902ac237024bdd0c176cb93063dc4  test.txt
testcase busybox md5sum test.txt success
testcase busybox echo "ccccccc" >> test.txt success
testcase busybox echo "bbbbbbb" >> test.txt success
testcase busybox echo "aaaaaaa" >> test.txt success
testcase busybox echo "2222222" >> test.txt success
testcase busybox echo "1111111" >> test.txt success
testcase busybox echo "bbbbbbb" >> test.txt success
1111111
2222222
aaaaaaa
bbbbbbb
ccccccc
hello world
testcase busybox sort test.txt | ./busybox uniq success
  File: test.txt
  Size: 60        	Blocks: 0          IO Block: 4096   regular file
Device: 1h/1d	Inode: 3228        Links: 1
Access: (0666/-rw-rw-rw-)  Uid: (    0/    root)   Gid: (    0/    root)
Access: 1970-01-01 00:00:00.000000000 +0000
Modify: 1970-01-01 00:01:14.000000000 +0000
Change: 1970-01-01 00:01:14.000000000 +0000
testcase busybox stat test.txt success
hello world
ccccccc
bbbbbbb
aaaaaaa
2222222
1111111
bbbbbbb
testcase busybox strings test.txt success
        7         8        60 test.txt
testcase busybox wc test.txt success
testcase busybox [ -f test.txt ] success
hello world
ccccccc
bbbbbbb
aaaaaaa
2222222
1111111
bbbbbbb
testcase busybox more test.txt success
testcase busybox rm test.txt success
testcase busybox mkdir test_dir success
testcase busybox mv test_dir test success
testcase busybox rmdir test success
echo "hello world" > test.txt
grep hello busybox_cmd.txt
testcase busybox grep hello busybox_cmd.txt success
testcase busybox cp busybox_cmd.txt busybox_cmd.bak success
testcase busybox rm busybox_cmd.bak success
./busybox_cmd.txt
testcase busybox find -name "busybox_cmd.txt" success
#### OS COMP TEST GROUP END busybox-glibc ####
[initproc] done busybox_testcode.sh in /glibc exit_code=0
[timer] group busybox in /glibc took 51s
[initproc] sleep 1s before next group
[initproc] select group=lua timeout=60s
#### OS COMP TEST GROUP START lua-musl ####
testcase lua date.lua success
testcase lua file_io.lua success
testcase lua max_min.lua success
testcase lua random.lua success
testcase lua remove.lua success
testcase lua round_num.lua success
testcase lua sin30.lua success
testcase lua sort.lua success
testcase lua strings.lua success
#### OS COMP TEST GROUP END lua-musl ####
[initproc] done lua_testcode.sh in /musl exit_code=0
[timer] group lua in /musl took 0s
#### OS COMP TEST GROUP START lua-glibc ####
testcase lua date.lua success
testcase lua file_io.lua success
testcase lua max_min.lua success
testcase lua random.lua success
testcase lua remove.lua success
testcase lua round_num.lua success
testcase lua sin30.lua success
testcase lua sort.lua success
testcase lua strings.lua success
#### OS COMP TEST GROUP END lua-glibc ####
[initproc] done lua_testcode.sh in /glibc exit_code=0
[timer] group lua in /glibc took 1s
[initproc] sleep 1s before next group
[initproc] select group=lmbench timeout=900s
[profile] begin lmbench-musl-begin
#### OS COMP TEST GROUP START lmbench-musl ####
latency measurements
Simple syscall: 37.1625 microseconds
Simple read: 85.8358 microseconds
Simple write: 43.7244 microseconds
Simple stat: 198.0189 microseconds
Simple fstat: 90.0484 microseconds
Simple open/close: 238.0455 microseconds
Select on 100 fd's: 212.9231 microseconds
Signal handler installation: 97.2456 microseconds
Signal handler overhead: 143.2414 microseconds
[31m[117.019] tid 345 pid 345: [do_page_fault] addr: VA(0x20000000), access: Store, result: no permission
[0m[31m[117.021] tid 345 pid 345: [do_page_fault] addr: VA(0x20000000), access: Store, result: no permission
[0m[31m[117.022] tid 345 pid 345: [do_page_fault] addr: VA(0x20000000), access: Store, result: no permission
[0m[31m[117.024] tid 345 pid 345: [do_page_fault] addr: VA(0x20000000), access: Store, result: no permission
[0m[31m[117.027] tid 345 pid 345: [do_page_fault] addr: VA(0x20000000), access: Store, result: no permission
[0m[31m[117.028] tid 345 pid 345: [do_page_fault] addr: VA(0x20000000), access: Store, result: no permission
[0m[31m[117.029] tid 345 pid 345: [do_page_fault] addr: VA(0x20000000), access: Store, result: no permission
[0m[31m[117.030] tid 345 pid 345: [do_page_fault] addr: VA(0x20000000), access: Store, result: no permission
[0m[31m[117.031] tid 345 pid 345: [do_page_fault] addr: VA(0x20000000), access: Store, result: no permission
[0m[31m[117.031] tid 345 pid 345: [do_page_fault] addr: VA(0x20000000), access: Store, result: no permission
[0m[31m[117.032] tid 345 pid 345: [do_page_fault] addr: VA(0x20000000), access: Store, result: no permission
[0m[31m[117.033] tid 345 pid 345: [do_page_fault] addr: VA(0x20000000), access: Store, result: no permission
[0m[31m[117.034] tid 345 pid 345: [do_page_fault] addr: VA(0x20000000), access: Store, result: no permission
[0m[31m[117.034] tid 345 pid 345: [do_page_fault] addr: VA(0x20000000), access: Store, result: no permission
[0m[31m[117.035] tid 345 pid 345: [do_page_fault] addr: VA(0x20000000), access: Store, result: no permission
[0m[31m[117.036] tid 345 pid 345: [do_page_fault] addr: VA(0x20000000), access: Store, result: no permission
[0m[31m[117.037] tid 345 pid 345: [do_page_fault] addr: VA(0x20000000), access: Store, result: no permission
[0m[31m[117.037] tid 345 pid 345: [do_page_fault] addr: VA(0x20000000), access: Store, result: no permission
[0m[31m[117.038] tid 345 pid 345: [do_page_fault] addr: VA(0x20000000), access: Store, result: no permission
[0m[31m[117.039] tid 345 pid 345: [do_page_fault] addr: VA(0x20000000), access: Store, result: no permission
[0m[31m[117.040] tid 345 pid 345: [do_page_fault] addr: VA(0x20000000), access: Store, result: no permission
[0m[31m[117.040] tid 345 pid 345: [do_page_fault] addr: VA(0x20000000), access: Store, result: no permission
[0m[31m[117.041] tid 345 pid 345: [do_page_fault] addr: VA(0x20000000), access: Store, result: no permission
[0m[31m[117.042] tid 345 pid 345: [do_page_fault] addr: VA(0x20000000), access: Store, result: no permission
[0m[31m[117.043] tid 345 pid 345: [do_page_fault] addr: VA(0x20000000), access: Store, result: no permission
[0m[31m[117.044] tid 345 pid 345: [do_page_fault] addr: VA(0x20000000), access: Store, result: no permission
[0m[31m[117.044] tid 345 pid 345: [do_page_fault] addr: VA(0x20000000), access: Store, result: no permission
[0m[31m[117.045] tid 345 pid 345: [do_page_fault] addr: VA(0x20000000), access: Store, result: no permission
[0m[31m[117.046] tid 345 pid 345: [do_page_fault] addr: VA(0x20000000), access: Store, result: no permission
[0m[31m[117.047] tid 345 pid 345: [do_page_fault] addr: VA(0x20000000), access: Store, result: no permission
[0m[31m[117.048] tid 345 pid 345: [do_page_fault] addr: VA(0x20000000), access: Store, result: no permission
[0m[31m[117.049] tid 345 pid 345: [do_page_fault] addr: VA(0x20000000), access: Store, result: no permission
[0m[31m[117.049] tid 345 pid 345: [do_page_fault] addr: VA(0x20000000), access: Store, result: no permission
[0m[31m[117.050] tid 345 pid 345: [do_page_fault] addr: VA(0x20000000), access: Store, result: no permission
[0m[31m[117.051] tid 345 pid 345: [do_page_fault] addr: VA(0x20000000), access: Store, result: no permission
[0m[31m[117.052] tid 345 pid 345: [do_page_fault] addr: VA(0x20000000), access: Store, result: no permission
[0m[31m[117.052] tid 345 pid 345: [do_page_fault] addr: VA(0x20000000), access: Store, result: no permission
[0m[31m[117.053] tid 345 pid 345: [do_page_fault] addr: VA(0x20000000), access: Store, result: no permission
[0m[31m[117.054] tid 345 pid 345: [do_page_fault] addr: VA(0x20000000), access: Store, result: no permission
[0m[31m[117.055] tid 345 pid 345: [do_page_fault] addr: VA(0x20000000), access: Store, result: no permission
[0m[31m[117.056] tid 345 pid 345: [do_page_fault] addr: VA(0x20000000), access: Store, result: no permission
[0m[31m[117.057] tid 345 pid 345: [do_page_fault] addr: VA(0x20000000), access: Store, result: no permission
[0m[31m[117.057] tid 345 pid 345: [do_page_fault] addr: VA(0x20000000), access: Store, result: no permission
[0m[31m[117.058] tid 345 pid 345: [do_page_fault] addr: VA(0x20000000), access: Store, result: no permission
[0m[31m[117.059] tid 345 pid 345: [do_page_fault] addr: VA(0x20000000), access: Store, result: no permission
[0m[31m[117.059] tid 345 pid 345: [do_page_fault] addr: VA(0x20000000), access: Store, result: no permission
[0m[31m[117.060] tid 345 pid 345: [do_page_fault] addr: VA(0x20000000), access: Store, result: no permission
[0m[31m[117.061] tid 345 pid 345: [do_page_fault] addr: VA(0x20000000), access: Store, result: no permission
[0m[31m[117.062] tid 345 pid 345: [do_page_fault] addr: VA(0x20000000), access: Store, result: no permission
[0m[31m[117.062] tid 345 pid 345: [do_page_fault] addr: VA(0x20000000), access: Store, result: no permission
[0m[31m[117.063] tid 345 pid 345: [do_page_fault] addr: VA(0x20000000), access: Store, result: no permission
[0m[31m[117.064] tid 345 pid 345: [do_page_fault] addr: VA(0x20000000), access: Store, result: no permission
[0m[31m[117.064] tid 345 pid 345: [do_page_fault] addr: VA(0x20000000), access: Store, result: no permission
[0m[31m[117.065] tid 345 pid 345: [do_page_fault] addr: VA(0x20000000), access: Store, result: no permission
[0m[31m[117.066] tid 345 pid 345: [do_page_fault] addr: VA(0x20000000), access: Store, result: no permission
[0m[31m[117.067] tid 345 pid 345: [do_page_fault] addr: VA(0x20000000), access: Store, result: no permission
[0m[31m[117.067] tid 345 pid 345: [do_page_fault] addr: VA(0x20000000), access: Store, result: no permission
[0m[31m[117.068] tid 345 pid 345: [do_page_fault] addr: VA(0x20000000), access: Store, result: no permission
[0m[31m[117.069] tid 345 pid 345: [do_page_fault] addr: VA(0x20000000), access: Store, result: no permission
[0m[31m[117.069] tid 345 pid 345: [do_page_fault] addr: VA(0x20000000), access: Store, result: no permission
[0m[31m[117.070] tid 345 pid 345: [do_page_fault] addr: VA(0x20000000), access: Store, result: no permission
[0m[31m[117.071] tid 345 pid 345: [do_page_fault] addr: VA(0x20000000), access: Store, result: no permission
[0m[31m[117.072] tid 345 pid 345: [do_page_fault] addr: VA(0x20000000), access: Store, result: no permission
[0m[31m[117.072] tid 345 pid 345: [do_page_fault] addr: VA(0x20000000), access: Store, result: no permission
[0m[31m[117.073] tid 345 pid 345: [do_page_fault] addr: VA(0x20000000), access: Store, result: no permission
[0m[31m[117.074] tid 345 pid 345: [do_page_fault] addr: VA(0x20000000), access: Store, result: no permission
[0m[31m[117.074] tid 345 pid 345: [do_page_fault] addr: VA(0x20000000), access: Store, result: no permission
[0m[31m[117.075] tid 345 pid 345: [do_page_fault] addr: VA(0x20000000), access: Store, result: no permission
[0m[31m[117.076] tid 345 pid 345: [do_page_fault] addr: VA(0x20000000), access: Store, result: no permission
[0m[31m[117.077] tid 345 pid 345: [do_page_fault] addr: VA(0x20000000), access: Store, result: no permission
[0m[31m[117.078] tid 345 pid 345: [do_page_fault] addr: VA(0x20000000), access: Store, result: no permission
[0m[31m[117.078] tid 345 pid 345: [do_page_fault] addr: VA(0x20000000), access: Store, result: no permission
[0m[31m[117.079] tid 345 pid 345: [do_page_fault] addr: VA(0x20000000), access: Store, result: no permission
[0m[31m[117.080] tid 345 pid 345: [do_page_fault] addr: VA(0x20000000), access: Store, result: no permission
[0m[31m[117.080] tid 345 pid 345: [do_page_fault] addr: VA(0x20000000), access: Store, result: no permission
[0m[31m[117.081] tid 345 pid 345: [do_page_fault] addr: VA(0x20000000), access: Store, result: no permission
[0m[31m[117.082] tid 345 pid 345: [do_page_fault] addr: VA(0x20000000), access: Store, result: no permission
[0m[31m[117.083] tid 345 pid 345: [do_page_fault] addr: VA(0x20000000), access: Store, result: no permission
[0m[31m[117.084] tid 345 pid 345: [do_page_fault] addr: VA(0x20000000), access: Store, result: no permission
[0m[31m[117.085] tid 345 pid 345: [do_page_fault] addr: VA(0x20000000), access: Store, result: no permission
[0m[31m[117.086] tid 345 pid 345: [do_page_fault] addr: VA(0x20000000), access: Store, result: no permission
[0m[31m[117.086] tid 345 pid 345: [do_page_fault] addr: VA(0x20000000), access: Store, result: no permission
[0m[31m[117.087] tid 345 pid 345: [do_page_fault] addr: VA(0x20000000), access: Store, result: no permission
[0m[31m[117.088] tid 345 pid 345: [do_page_fault] addr: VA(0x20000000), access: Store, result: no permission
[0m[31m[117.088] tid 345 pid 345: [do_page_fault] addr: VA(0x20000000), access: Store, result: no permission
[0m[31m[117.089] tid 345 pid 345: [do_page_fault] addr: VA(0x20000000), access: Store, result: no permission
[0m[31m[117.090] tid 345 pid 345: [do_page_fault] addr: VA(0x20000000), access: Store, result: no permission
[0m[31m[117.090] tid 345 pid 345: [do_page_fault] addr: VA(0x20000000), access: Store, result: no permission
[0m[31m[117.091] tid 345 pid 345: [do_page_fault] addr: VA(0x20000000), access: Store, result: no permission
[0m[31m[117.092] tid 345 pid 345: [do_page_fault] addr: VA(0x20000000), access: Store, result: no permission
[0m[31m[117.093] tid 345 pid 345: [do_page_fault] addr: VA(0x20000000), access: Store, result: no permission
[0m[31m[117.093] tid 345 pid 345: [do_page_fault] addr: VA(0x20000000), access: Store, result: no permission
[0m[31m[117.094] tid 345 pid 345: [do_page_fault] addr: VA(0x20000000), access: Store, result: no permission
[0m[31m[117.095] tid 345 pid 345: [do_page_fault] addr: VA(0x20000000), access: Store, result: no permission
[0m[31m[117.096] tid 345 pid 345: [do_page_fault] addr: VA(0x20000000), access: Store, result: no permission
[0m[31m[117.096] tid 345 pid 345: [do_page_fault] addr: VA(0x20000000), access: Store, result: no permission
[0m[31m[117.097] tid 345 pid 345: [do_page_fault] addr: VA(0x20000000), access: Store, result: no permission
[0m[31m[117.098] tid 345 pid 345: [do_page_fault] addr: VA(0x20000000), access: Store, result: no permission
[0m[31m[117.098] tid 345 pid 345: [do_page_fault] addr: VA(0x20000000), access: Store, result: no permission
[0m[31m[117.099] tid 345 pid 345: [do_page_fault] addr: VA(0x20000000), access: Store, result: no permission
[0m[31m[117.100] tid 345 pid 345: [do_page_fault] addr: VA(0x20000000), access: Store, result: no permission
[0m[31m[117.100] tid 345 pid 345: [do_page_fault] addr: VA(0x20000000), access: Store, result: no permission
[0m[31m[117.101] tid 345 pid 345: [do_page_fault] addr: VA(0x20000000), access: Store, result: no permission
[0m[31m[117.102] tid 345 pid 345: [do_page_fault] addr: VA(0x20000000), access: Store, result: no permission
[0m[31m[117.103] tid 345 pid 345: [do_page_fault] addr: VA(0x20000000), access: Store, result: no permission
[0m[31m[117.103] tid 345 pid 345: [do_page_fault] addr: VA(0x20000000), access: Store, result: no permission
[0m[31m[117.104] tid 345 pid 345: [do_page_fault] addr: VA(0x20000000), access: Store, result: no permission
[0m[31m[117.105] tid 345 pid 345: [do_page_fault] addr: VA(0x20000000), access: Store, result: no permission
[0m[31m[117.106] tid 345 pid 345: [do_page_fault] addr: VA(0x20000000), access: Store, result: no permission
[0m[31m[117.106] tid 345 pid 345: [do_page_fault] addr: VA(0x20000000), access: Store, result: no permission
[0m[31m[117.107] tid 345 pid 345: [do_page_fault] addr: VA(0x20000000), access: Store, result: no permission
[0m[31m[117.108] tid 345 pid 345: [do_page_fault] addr: VA(0x20000000), access: Store, result: no permission
[0m[31m[117.109] tid 345 pid 345: [do_page_fault] addr: VA(0x20000000), access: Store, result: no permission
[0m[31m[117.109] tid 345 pid 345: [do_page_fault] addr: VA(0x20000000), access: Store, result: no permission
[0m[31m[117.110] tid 345 pid 345: [do_page_fault] addr: VA(0x20000000), access: Store, result: no permission
[0m[31m[117.111] tid 345 pid 345: [do_page_fault] addr: VA(0x20000000), access: Store, result: no permission
[0m[31m[117.111] tid 345 pid 345: [do_page_fault] addr: VA(0x20000000), access: Store, result: no permission
[0m[31m[117.112] tid 345 pid 345: [do_page_fault] addr: VA(0x20000000), access: Store, result: no permission
[0m[31m[117.113] tid 345 pid 345: [do_page_fault] addr: VA(0x20000000), access: Store, result: no permission
[0m[31m[117.113] tid 345 pid 345: [do_page_fault] addr: VA(0x20000000), access: Store, result: no permission
[0m[31m[117.114] tid 345 pid 345: [do_page_fault] addr: VA(0x20000000), access: Store, result: no permission
[0m[31m[117.115] tid 345 pid 345: [do_page_fault] addr: VA(0x20000000), access: Store, result: no permission
[0m[31m[117.116] tid 345 pid 345: [do_page_fault] addr: VA(0x20000000), access: Store, result: no permission
[0m[31m[117.117] tid 345 pid 345: [do_page_fault] addr: VA(0x20000000), access: Store, result: no permission
[0m[31m[117.117] tid 345 pid 345: [do_page_fault] addr: VA(0x20000000), access: Store, result: no permission
[0m[31m[117.118] tid 345 pid 345: [do_page_fault] addr: VA(0x20000000), access: Store, result: no permission
[0m[31m[117.119] tid 345 pid 345: [do_page_fault] addr: VA(0x20000000), access: Store, result: no permission
[0m[31m[117.119] tid 345 pid 345: [do_page_fault] addr: VA(0x20000000), access: Store, result: no permission
[0m[31m[117.120] tid 345 pid 345: [do_page_fault] addr: VA(0x20000000), access: Store, result: no permission
[0m[31m[117.121] tid 345 pid 345: [do_page_fault] addr: VA(0x20000000), access: Store, result: no permission
[0m[31m[117.121] tid 345 pid 345: [do_page_fault] addr: VA(0x20000000), access: Store, result: no permission
[0m[31m[117.122] tid 345 pid 345: [do_page_fault] addr: VA(0x20000000), access: Store, result: no permission
[0m[31m[117.123] tid 345 pid 345: [do_page_fault] addr: VA(0x20000000), access: Store, result: no permission
[0m[31m[117.124] tid 345 pid 345: [do_page_fault] addr: VA(0x20000000), access: Store, result: no permission
[0m[31m[117.124] tid 345 pid 345: [do_page_fault] addr: VA(0x20000000), access: Store, result: no permission
[0m[31m[117.125] tid 345 pid 345: [do_page_fault] addr: VA(0x20000000), access: Store, result: no permission
[0m[31m[117.126] tid 345 pid 345: [do_page_fault] addr: VA(0x20000000), access: Store, result: no permission
[0m[31m[117.127] tid 345 pid 345: [do_page_fault] addr: VA(0x20000000), access: Store, result: no permission
[0m[31m[117.127] tid 345 pid 345: [do_page_fault] addr: VA(0x20000000), access: Store, result: no permission
[0m[31m[117.128] tid 345 pid 345: [do_page_fault] addr: VA(0x20000000), access: Store, result: no permission
[0m[31m[117.129] tid 345 pid 345: [do_page_fault] addr: VA(0x20000000), access: Store, result: no permission
[0m[31m[117.130] tid 345 pid 345: [do_page_fault] addr: VA(0x20000000), access: Store, result: no permission
[0m[31m[117.130] tid 345 pid 345: [do_page_fault] addr: VA(0x20000000), access: Store, result: no permission
[0m[31m[117.131] tid 345 pid 345: [do_page_fault] addr: VA(0x20000000), access: Store, result: no permission
[0m[31m[117.132] tid 345 pid 345: [do_page_fault] addr: VA(0x20000000), access: Store, result: no permission
[0m[31m[117.132] tid 345 pid 345: [do_page_fault] addr: VA(0x20000000), access: Store, result: no permission
[0m[31m[117.133] tid 345 pid 345: [do_page_fault] addr: VA(0x20000000), access: Store, result: no permission
[0m[31m[117.134] tid 345 pid 345: [do_page_fault] addr: VA(0x20000000), access: Store, result: no permission
[0m[31m[117.135] tid 345 pid 345: [do_page_fault] addr: VA(0x20000000), access: Store, result: no permission
[0m[31m[117.136] tid 345 pid 345: [do_page_fault] addr: VA(0x20000000), access: Store, result: no permission
[0m[31m[117.137] tid 345 pid 345: [do_page_fault] addr: VA(0x20000000), access: Store, result: no permission
[0m[31m[117.137] tid 345 pid 345: [do_page_fault] addr: VA(0x20000000), access: Store, result: no permission
[0m[31m[117.138] tid 345 pid 345: [do_page_fault] addr: VA(0x20000000), access: Store, result: no permission
[0m[31m[117.139] tid 345 pid 345: [do_page_fault] addr: VA(0x20000000), access: Store, result: no permission
[0m[31m[117.139] tid 345 pid 345: [do_page_fault] addr: VA(0x20000000), access: Store, result: no permission
[0m[31m[117.140] tid 345 pid 345: [do_page_fault] addr: VA(0x20000000), access: Store, result: no permission
[0m[31m[117.141] tid 345 pid 345: [do_page_fault] addr: VA(0x20000000), access: Store, result: no permission
[0m[31m[117.142] tid 345 pid 345: [do_page_fault] addr: VA(0x20000000), access: Store, result: no permission
[0m[31m[117.142] tid 345 pid 345: [do_page_fault] addr: VA(0x20000000), access: Store, result: no permission
[0m[31m[117.143] tid 345 pid 345: [do_page_fault] addr: VA(0x20000000), access: Store, result: no permission
[0m[31m[117.144] tid 345 pid 345: [do_page_fault] addr: VA(0x20000000), access: Store, result: no permission
[0m[31m[117.144] tid 345 pid 345: [do_page_fault] addr: VA(0x20000000), access: Store, result: no permission
[0m[31m[117.145] tid 345 pid 345: [do_page_fault] addr: VA(0x20000000), access: Store, result: no permission
[0m[31m[117.146] tid 345 pid 345: [do_page_fault] addr: VA(0x20000000), access: Store, result: no permission
[0m[31m[117.147] tid 345 pid 345: [do_page_fault] addr: VA(0x20000000), access: Store, result: no permission
[0m[31m[117.147] tid 345 pid 345: [do_page_fault] addr: VA(0x20000000), access: Store, result: no permission
[0m[31m[117.148] tid 345 pid 345: [do_page_fault] addr: VA(0x20000000), access: Store, result: no permission
[0m[31m[117.149] tid 345 pid 345: [do_page_fault] addr: VA(0x20000000), access: Store, result: no permission
[0m[31m[117.150] tid 345 pid 345: [do_page_fault] addr: VA(0x20000000), access: Store, result: no permission
[0m[31m[117.150] tid 345 pid 345: [do_page_fault] addr: VA(0x20000000), access: Store, result: no permission
[0m[31m[117.151] tid 345 pid 345: [do_page_fault] addr: VA(0x20000000), access: Store, result: no permission
[0m[31m[117.152] tid 345 pid 345: [do_page_fault] addr: VA(0x20000000), access: Store, result: no permission
[0m[31m[117.152] tid 345 pid 345: [do_page_fault] addr: VA(0x20000000), access: Store, result: no permission
[0m[31m[117.153] tid 345 pid 345: [do_page_fault] addr: VA(0x20000000), access: Store, result: no permission
[0m[31m[117.154] tid 345 pid 345: [do_page_fault] addr: VA(0x20000000), access: Store, result: no permission
[0m[31m[117.155] tid 345 pid 345: [do_page_fault] addr: VA(0x20000000), access: Store, result: no permission
[0m[31m[117.156] tid 345 pid 345: [do_page_fault] addr: VA(0x20000000), access: Store, result: no permission
[0m[31m[117.156] tid 345 pid 345: [do_page_fault] addr: VA(0x20000000), access: Store, result: no permission
[0m[31m[117.157] tid 345 pid 345: [do_page_fault] addr: VA(0x20000000), access: Store, result: no permission
[0m[31m[117.158] tid 345 pid 345: [do_page_fault] addr: VA(0x20000000), access: Store, result: no permission
[0m[31m[117.158] tid 345 pid 345: [do_page_fault] addr: VA(0x20000000), access: Store, result: no permission
[0m[31m[117.159] tid 345 pid 345: [do_page_fault] addr: VA(0x20000000), access: Store, result: no permission
[0m[31m[117.160] tid 345 pid 345: [do_page_fault] addr: VA(0x20000000), access: Store, result: no permission
[0m[31m[117.161] tid 345 pid 345: [do_page_fault] addr: VA(0x20000000), access: Store, result: no permission
[0m[31m[117.161] tid 345 pid 345: [do_page_fault] addr: VA(0x20000000), access: Store, result: no permission
[0m[31m[117.162] tid 345 pid 345: [do_page_fault] addr: VA(0x20000000), access: Store, result: no permission
[0m[31m[117.163] tid 345 pid 345: [do_page_fault] addr: VA(0x20000000), access: Store, result: no permission
[0m[31m[117.164] tid 345 pid 345: [do_page_fault] addr: VA(0x20000000), access: Store, result: no permission
[0m[31m[117.164] tid 345 pid 345: [do_page_fault] addr: VA(0x20000000), access: Store, result: no permission
[0m[31m[117.165] tid 345 pid 345: [do_page_fault] addr: VA(0x20000000), access: Store, result: no permission
[0m[31m[117.166] tid 345 pid 345: [do_page_fault] addr: VA(0x20000000), access: Store, result: no permission
[0m[31m[117.167] tid 345 pid 345: [do_page_fault] addr: VA(0x20000000), access: Store, result: no permission
[0m[31m[117.168] tid 345 pid 345: [do_page_fault] addr: VA(0x20000000), access: Store, result: no permission
[0m[31m[117.168] tid 345 pid 345: [do_page_fault] addr: VA(0x20000000), access: Store, result: no permission
[0m[31m[117.169] tid 345 pid 345: [do_page_fault] addr: VA(0x20000000), access: Store, result: no permission
[0m[31m[117.170] tid 345 pid 345: [do_page_fault] addr: VA(0x20000000), access: Store, result: no permission
[0m[31m[117.170] tid 345 pid 345: [do_page_fault] addr: VA(0x20000000), access: Store, result: no permission
[0m[31m[117.171] tid 345 pid 345: [do_page_fault] addr: VA(0x20000000), access: Store, result: no permission
[0m[31m[117.172] tid 345 pid 345: [do_page_fault] addr: VA(0x20000000), access: Store, result: no permission
[0m[31m[117.173] tid 345 pid 345: [do_page_fault] addr: VA(0x20000000), access: Store, result: no permission
[0m[31m[117.174] tid 345 pid 345: [do_page_fault] addr: VA(0x20000000), access: Store, result: no permission
[0m[31m[117.174] tid 345 pid 345: [do_page_fault] addr: VA(0x20000000), access: Store, result: no permission
[0m[31m[117.176] tid 345 pid 345: [do_page_fault] addr: VA(0x20000000), access: Store, result: no permission
[0m[31m[117.176] tid 345 pid 345: [do_page_fault] addr: VA(0x20000000), access: Store, result: no permission
[0m[31m[117.177] tid 345 pid 345: [do_page_fault] addr: VA(0x20000000), access: Store, result: no permission
[0m[31m[117.178] tid 345 pid 345: [do_page_fault] addr: VA(0x20000000), access: Store, result: no permission
[0m[31m[117.179] tid 345 pid 345: [do_page_fault] addr: VA(0x20000000), access: Store, result: no permission
[0m[31m[117.179] tid 345 pid 345: [do_page_fault] addr: VA(0x20000000), access: Store, result: no permission
[0m[31m[117.180] tid 345 pid 345: [do_page_fault] addr: VA(0x20000000), access: Store, result: no permission
[0m[31m[117.181] tid 345 pid 345: [do_page_fault] addr: VA(0x20000000), access: Store, result: no permission
[0m[31m[117.182] tid 345 pid 345: [do_page_fault] addr: VA(0x20000000), access: Store, result: no permission
[0m[31m[117.183] tid 345 pid 345: [do_page_fault] addr: VA(0x20000000), access: Store, result: no permission
[0m[31m[117.183] tid 345 pid 345: [do_page_fault] addr: VA(0x20000000), access: Store, result: no permission
[0m[31m[117.184] tid 345 pid 345: [do_page_fault] addr: VA(0x20000000), access: Store, result: no permission
[0m[31m[117.185] tid 345 pid 345: [do_page_fault] addr: VA(0x20000000), access: Store, result: no permission
[0m[31m[117.186] tid 345 pid 345: [do_page_fault] addr: VA(0x20000000), access: Store, result: no permission
[0m[31m[117.186] tid 345 pid 345: [do_page_fault] addr: VA(0x20000000), access: Store, result: no permission
[0m[31m[117.187] tid 345 pid 345: [do_page_fault] addr: VA(0x20000000), access: Store, result: no permission
[0m[31m[117.188] tid 345 pid 345: [do_page_fault] addr: VA(0x20000000), access: Store, result: no permission
[0m[31m[117.188] tid 345 pid 345: [do_page_fault] addr: VA(0x20000000), access: Store, result: no permission
[0m[31m[117.189] tid 345 pid 345: [do_page_fault] addr: VA(0x20000000), access: Store, result: no permission
[0m[31m[117.190] tid 345 pid 345: [do_page_fault] addr: VA(0x20000000), access: Store, result: no permission
[0m[31m[117.191] tid 345 pid 345: [do_page_fault] addr: VA(0x20000000), access: Store, result: no permission
[0m[31m[117.192] tid 345 pid 345: [do_page_fault] addr: VA(0x20000000), access: Store, result: no permission
[0m[31m[117.192] tid 345 pid 345: [do_page_fault] addr: VA(0x20000000), access: Store, result: no permission
[0m[31m[117.193] tid 345 pid 345: [do_page_fault] addr: VA(0x20000000), access: Store, result: no permission
[0m[31m[117.194] tid 345 pid 345: [do_page_fault] addr: VA(0x20000000), access: Store, result: no permission
[0m[31m[117.195] tid 345 pid 345: [do_page_fault] addr: VA(0x20000000), access: Store, result: no permission
[0m[31m[117.196] tid 345 pid 345: [do_page_fault] addr: VA(0x20000000), access: Store, result: no permission
[0m[31m[117.196] tid 345 pid 345: [do_page_fault] addr: VA(0x20000000), access: Store, result: no permission
[0m[31m[117.197] tid 345 pid 345: [do_page_fault] addr: VA(0x20000000), access: Store, result: no permission
[0m[31m[117.198] tid 345 pid 345: [do_page_fault] addr: VA(0x20000000), access: Store, result: no permission
[0m[31m[117.199] tid 345 pid 345: [do_page_fault] addr: VA(0x20000000), access: Store, result: no permission
[0m[31m[117.200] tid 345 pid 345: [do_page_fault] addr: VA(0x20000000), access: Store, result: no permission
[0m[31m[117.200] tid 345 pid 345: [do_page_fault] addr: VA(0x20000000), access: Store, result: no permission
[0m[31m[117.201] tid 345 pid 345: [do_page_fault] addr: VA(0x20000000), access: Store, result: no permission
[0m[31m[117.202] tid 345 pid 345: [do_page_fault] addr: VA(0x20000000), access: Store, result: no permission
[0m[31m[117.203] tid 345 pid 345: [do_page_fault] addr: VA(0x20000000), access: Store, result: no permission
[0m[31m[117.204] tid 345 pid 345: [do_page_fault] addr: VA(0x20000000), access: Store, result: no permission
[0m[31m[117.204] tid 345 pid 345: [do_page_fault] addr: VA(0x20000000), access: Store, result: no permission
[0m[31m[117.205] tid 345 pid 345: [do_page_fault] addr: VA(0x20000000), access: Store, result: no permission
[0m[31m[117.206] tid 345 pid 345: [do_page_fault] addr: VA(0x20000000), access: Store, result: no permission
[0m[31m[117.207] tid 345 pid 345: [do_page_fault] addr: VA(0x20000000), access: Store, result: no permission
[0m[31m[117.207] tid 345 pid 345: [do_page_fault] addr: VA(0x20000000), access: Store, result: no permission
[0m[31m[117.208] tid 345 pid 345: [do_page_fault] addr: VA(0x20000000), access: Store, result: no permission
[0m[31m[117.209] tid 345 pid 345: [do_page_fault] addr: VA(0x20000000), access: Store, result: no permission
[0m[31m[117.210] tid 345 pid 345: [do_page_fault] addr: VA(0x20000000), access: Store, result: no permission
[0m[31m[117.210] tid 345 pid 345: [do_page_fault] addr: VA(0x20000000), access: Store, result: no permission
[0m[31m[117.211] tid 345 pid 345: [do_page_fault] addr: VA(0x20000000), access: Store, result: no permission
[0m[31m[117.212] tid 345 pid 345: [do_page_fault] addr: VA(0x20000000), access: Store, result: no permission
[0m[31m[117.212] tid 345 pid 345: [do_page_fault] addr: VA(0x20000000), access: Store, result: no permission
[0m[31m[117.213] tid 345 pid 345: [do_page_fault] addr: VA(0x20000000), access: Store, result: no permission
[0m[31m[117.214] tid 345 pid 345: [do_page_fault] addr: VA(0x20000000), access: Store, result: no permission
[0m[31m[117.215] tid 345 pid 345: [do_page_fault] addr: VA(0x20000000), access: Store, result: no permission
[0m[31m[117.216] tid 345 pid 345: [do_page_fault] addr: VA(0x20000000), access: Store, result: no permission
[0m[31m[117.216] tid 345 pid 345: [do_page_fault] addr: VA(0x20000000), access: Store, result: no permission
[0m[31m[117.217] tid 345 pid 345: [do_page_fault] addr: VA(0x20000000), access: Store, result: no permission
[0m[31m[117.218] tid 345 pid 345: [do_page_fault] addr: VA(0x20000000), access: Store, result: no permission
[0m[31m[117.218] tid 345 pid 345: [do_page_fault] addr: VA(0x20000000), access: Store, result: no permission
[0m[31m[117.219] tid 345 pid 345: [do_page_fault] addr: VA(0x20000000), access: Store, result: no permission
[0m[31m[117.220] tid 345 pid 345: [do_page_fault] addr: VA(0x20000000), access: Store, result: no permission
[0m[31m[117.221] tid 345 pid 345: [do_page_fault] addr: VA(0x20000000), access: Store, result: no permission
[0m[31m[117.221] tid 345 pid 345: [do_page_fault] addr: VA(0x20000000), access: Store, result: no permission
[0m[31m[117.222] tid 345 pid 345: [do_page_fault] addr: VA(0x20000000), access: Store, result: no permission
[0m[31m[117.223] tid 345 pid 345: [do_page_fault] addr: VA(0x20000000), access: Store, result: no permission
[0m[31m[117.223] tid 345 pid 345: [do_page_fault] addr: VA(0x20000000), access: Store, result: no permission
[0m[31m[117.224] tid 345 pid 345: [do_page_fault] addr: VA(0x20000000), access: Store, result: no permission
[0m[31m[117.225] tid 345 pid 345: [do_page_fault] addr: VA(0x20000000), access: Store, result: no permission
[0m[31m[117.226] tid 345 pid 345: [do_page_fault] addr: VA(0x20000000), access: Store, result: no permission
[0m[31m[117.226] tid 345 pid 345: [do_page_fault] addr: VA(0x20000000), access: Store, result: no permission
[0m[31m[117.227] tid 345 pid 345: [do_page_fault] addr: VA(0x20000000), access: Store, result: no permission
[0m[31m[117.228] tid 345 pid 345: [do_page_fault] addr: VA(0x20000000), access: Store, result: no permission
[0m[31m[117.228] tid 345 pid 345: [do_page_fault] addr: VA(0x20000000), access: Store, result: no permission
[0m[31m[117.229] tid 345 pid 345: [do_page_fault] addr: VA(0x20000000), access: Store, result: no permission
[0m[31m[117.230] tid 345 pid 345: [do_page_fault] addr: VA(0x20000000), access: Store, result: no permission
[0m[31m[117.231] tid 345 pid 345: [do_page_fault] addr: VA(0x20000000), access: Store, result: no permission
[0m[31m[117.231] tid 345 pid 345: [do_page_fault] addr: VA(0x20000000), access: Store, result: no permission
[0m[31m[117.232] tid 345 pid 345: [do_page_fault] addr: VA(0x20000000), access: Store, result: no permission
[0m[31m[117.233] tid 345 pid 345: [do_page_fault] addr: VA(0x20000000), access: Store, result: no permission
[0m[31m[117.233] tid 345 pid 345: [do_page_fault] addr: VA(0x20000000), access: Store, result: no permission
[0m[31m[117.234] tid 345 pid 345: [do_page_fault] addr: VA(0x20000000), access: Store, result: no permission
[0m[31m[117.235] tid 345 pid 345: [do_page_fault] addr: VA(0x20000000), access: Store, result: no permission
[0m[31m[117.236] tid 345 pid 345: [do_page_fault] addr: VA(0x20000000), access: Store, result: no permission
[0m[31m[117.236] tid 345 pid 345: [do_page_fault] addr: VA(0x20000000), access: Store, result: no permission
[0m[31m[117.237] tid 345 pid 345: [do_page_fault] addr: VA(0x20000000), access: Store, result: no permission
[0m[31m[117.238] tid 345 pid 345: [do_page_fault] addr: VA(0x20000000), access: Store, result: no permission
[0m[31m[117.238] tid 345 pid 345: [do_page_fault] addr: VA(0x20000000), access: Store, result: no permission
[0m[31m[117.239] tid 345 pid 345: [do_page_fault] addr: VA(0x20000000), access: Store, result: no permission
[0m[31m[117.240] tid 345 pid 345: [do_page_fault] addr: VA(0x20000000), access: Store, result: no permission
[0m[31m[117.241] tid 345 pid 345: [do_page_fault] addr: VA(0x20000000), access: Store, result: no permission
[0m[31m[117.241] tid 345 pid 345: [do_page_fault] addr: VA(0x20000000), access: Store, result: no permission
[0m[31m[117.242] tid 345 pid 345: [do_page_fault] addr: VA(0x20000000), access: Store, result: no permission
[0m[31m[117.243] tid 345 pid 345: [do_page_fault] addr: VA(0x20000000), access: Store, result: no permission
[0m[31m[117.244] tid 345 pid 345: [do_page_fault] addr: VA(0x20000000), access: Store, result: no permission
[0m[31m[117.245] tid 345 pid 345: [do_page_fault] addr: VA(0x20000000), access: Store, result: no permission
[0m[31m[117.246] tid 345 pid 345: [do_page_fault] addr: VA(0x20000000), access: Store, result: no permission
[0m[31m[117.246] tid 345 pid 345: [do_page_fault] addr: VA(0x20000000), access: Store, result: no permission
[0m[31m[117.247] tid 345 pid 345: [do_page_fault] addr: VA(0x20000000), access: Store, result: no permission
[0m[31m[117.248] tid 345 pid 345: [do_page_fault] addr: VA(0x20000000), access: Store, result: no permission
[0m[31m[117.248] tid 345 pid 345: [do_page_fault] addr: VA(0x20000000), access: Store, result: no permission
[0m[31m[117.249] tid 345 pid 345: [do_page_fault] addr: VA(0x20000000), access: Store, result: no permission
[0m[31m[117.250] tid 345 pid 345: [do_page_fault] addr: VA(0x20000000), access: Store, result: no permission
[0m[31m[117.250] tid 345 pid 345: [do_page_fault] addr: VA(0x20000000), access: Store, result: no permission
[0m[31m[117.251] tid 345 pid 345: [do_page_fault] addr: VA(0x20000000), access: Store, result: no permission
[0m[31m[117.252] tid 345 pid 345: [do_page_fault] addr: VA(0x20000000), access: Store, result: no permission
[0m[31m[117.253] tid 345 pid 345: [do_page_fault] addr: VA(0x20000000), access: Store, result: no permission
[0m[31m[117.253] tid 345 pid 345: [do_page_fault] addr: VA(0x20000000), access: Store, result: no permission
[0m[31m[117.254] tid 345 pid 345: [do_page_fault] addr: VA(0x20000000), access: Store, result: no permission
[0m[31m[117.255] tid 345 pid 345: [do_page_fault] addr: VA(0x20000000), access: Store, result: no permission
[0m[31m[117.256] tid 345 pid 345: [do_page_fault] addr: VA(0x20000000), access: Store, result: no permission
[0m[31m[117.256] tid 345 pid 345: [do_page_fault] addr: VA(0x20000000), access: Store, result: no permission
[0m[31m[117.257] tid 345 pid 345: [do_page_fault] addr: VA(0x20000000), access: Store, result: no permission
[0m[31m[117.258] tid 345 pid 345: [do_page_fault] addr: VA(0x20000000), access: Store, result: no permission
[0m[31m[117.258] tid 345 pid 345: [do_page_fault] addr: VA(0x20000000), access: Store, result: no permission
[0m[31m[117.259] tid 345 pid 345: [do_page_fault] addr: VA(0x20000000), access: Store, result: no permission
[0m[31m[117.260] tid 345 pid 345: [do_page_fault] addr: VA(0x20000000), access: Store, result: no permission
[0m[31m[117.260] tid 345 pid 345: [do_page_fault] addr: VA(0x20000000), access: Store, result: no permission
[0m[31m[117.261] tid 345 pid 345: [do_page_fault] addr: VA(0x20000000), access: Store, result: no permission
[0m[31m[117.262] tid 345 pid 345: [do_page_fault] addr: VA(0x20000000), access: Store, result: no permission
[0m[31m[117.263] tid 345 pid 345: [do_page_fault] addr: VA(0x20000000), access: Store, result: no permission
[0m[31m[117.263] tid 345 pid 345: [do_page_fault] addr: VA(0x20000000), access: Store, result: no permission
[0m[31m[117.264] tid 345 pid 345: [do_page_fault] addr: VA(0x20000000), access: Store, result: no permission
[0m[31m[117.265] tid 345 pid 345: [do_page_fault] addr: VA(0x20000000), access: Store, result: no permission
[0m[31m[117.266] tid 345 pid 345: [do_page_fault] addr: VA(0x20000000), access: Store, result: no permission
[0m[31m[117.266] tid 345 pid 345: [do_page_fault] addr: VA(0x20000000), access: Store, result: no permission
[0m[31m[117.267] tid 345 pid 345: [do_page_fault] addr: VA(0x20000000), access: Store, result: no permission
[0m[31m[117.268] tid 345 pid 345: [do_page_fault] addr: VA(0x20000000), access: Store, result: no permission
[0m[31m[117.268] tid 345 pid 345: [do_page_fault] addr: VA(0x20000000), access: Store, result: no permission
[0m[31m[117.269] tid 345 pid 345: [do_page_fault] addr: VA(0x20000000), access: Store, result: no permission
[0m[31m[117.270] tid 345 pid 345: [do_page_fault] addr: VA(0x20000000), access: Store, result: no permission
[0m[31m[117.270] tid 345 pid 345: [do_page_fault] addr: VA(0x20000000), access: Store, result: no permission
[0m[31m[117.271] tid 345 pid 345: [do_page_fault] addr: VA(0x20000000), access: Store, result: no permission
[0m[31m[117.272] tid 345 pid 345: [do_page_fault] addr: VA(0x20000000), access: Store, result: no permission
[0m[31m[117.273] tid 345 pid 345: [do_page_fault] addr: VA(0x20000000), access: Store, result: no permission
[0m[31m[117.273] tid 345 pid 345: [do_page_fault] addr: VA(0x20000000), access: Store, result: no permission
[0m[31m[117.274] tid 345 pid 345: [do_page_fault] addr: VA(0x20000000), access: Store, result: no permission
[0m[31m[117.275] tid 345 pid 345: [do_page_fault] addr: VA(0x20000000), access: Store, result: no permission
[0m[31m[117.276] tid 345 pid 345: [do_page_fault] addr: VA(0x20000000), access: Store, result: no permission
[0m[31m[117.276] tid 345 pid 345: [do_page_fault] addr: VA(0x20000000), access: Store, result: no permission
[0m[31m[117.277] tid 345 pid 345: [do_page_fault] addr: VA(0x20000000), access: Store, result: no permission
[0m[31m[117.278] tid 345 pid 345: [do_page_fault] addr: VA(0x20000000), access: Store, result: no permission
[0m[31m[117.279] tid 345 pid 345: [do_page_fault] addr: VA(0x20000000), access: Store, result: no permission
[0m[31m[117.279] tid 345 pid 345: [do_page_fault] addr: VA(0x20000000), access: Store, result: no permission
[0m[31m[117.280] tid 345 pid 345: [do_page_fault] addr: VA(0x20000000), access: Store, result: no permission
[0m[31m[117.281] tid 345 pid 345: [do_page_fault] addr: VA(0x20000000), access: Store, result: no permission
[0m[31m[117.281] tid 345 pid 345: [do_page_fault] addr: VA(0x20000000), access: Store, result: no permission
[0m[31m[117.282] tid 345 pid 345: [do_page_fault] addr: VA(0x20000000), access: Store, result: no permission
[0m[31m[117.283] tid 345 pid 345: [do_page_fault] addr: VA(0x20000000), access: Store, result: no permission
[0m[31m[117.283] tid 345 pid 345: [do_page_fault] addr: VA(0x20000000), access: Store, result: no permission
[0m[31m[117.284] tid 345 pid 345: [do_page_fault] addr: VA(0x20000000), access: Store, result: no permission
[0m[31m[117.285] tid 345 pid 345: [do_page_fault] addr: VA(0x20000000), access: Store, result: no permission
[0m[31m[117.286] tid 345 pid 345: [do_page_fault] addr: VA(0x20000000), access: Store, result: no permission
[0m[31m[117.286] tid 345 pid 345: [do_page_fault] addr: VA(0x20000000), access: Store, result: no permission
[0m[31m[117.287] tid 345 pid 345: [do_page_fault] addr: VA(0x20000000), access: Store, result: no permission
[0m[31m[117.288] tid 345 pid 345: [do_page_fault] addr: VA(0x20000000), access: Store, result: no permission
[0m[31m[117.289] tid 345 pid 345: [do_page_fault] addr: VA(0x20000000), access: Store, result: no permission
[0m[31m[117.289] tid 345 pid 345: [do_page_fault] addr: VA(0x20000000), access: Store, result: no permission
[0m[31m[117.290] tid 345 pid 345: [do_page_fault] addr: VA(0x20000000), access: Store, result: no permission
[0m[31m[117.291] tid 345 pid 345: [do_page_fault] addr: VA(0x20000000), access: Store, result: no permission
[0m[31m[117.291] tid 345 pid 345: [do_page_fault] addr: VA(0x20000000), access: Store, result: no permission
[0m[31m[117.292] tid 345 pid 345: [do_page_fault] addr: VA(0x20000000), access: Store, result: no permission
[0m[31m[117.293] tid 345 pid 345: [do_page_fault] addr: VA(0x20000000), access: Store, result: no permission
[0m[31m[117.293] tid 345 pid 345: [do_page_fault] addr: VA(0x20000000), access: Store, result: no permission
[0m[31m[117.294] tid 345 pid 345: [do_page_fault] addr: VA(0x20000000), access: Store, result: no permission
[0m[31m[117.295] tid 345 pid 345: [do_page_fault] addr: VA(0x20000000), access: Store, result: no permission
[0m[31m[117.296] tid 345 pid 345: [do_page_fault] addr: VA(0x20000000), access: Store, result: no permission
[0m[31m[117.297] tid 345 pid 345: [do_page_fault] addr: VA(0x20000000), access: Store, result: no permission
[0m[31m[117.298] tid 345 pid 345: [do_page_fault] addr: VA(0x20000000), access: Store, result: no permission
[0m[31m[117.298] tid 345 pid 345: [do_page_fault] addr: VA(0x20000000), access: Store, result: no permission
[0m[31m[117.299] tid 345 pid 345: [do_page_fault] addr: VA(0x20000000), access: Store, result: no permission
[0m[31m[117.300] tid 345 pid 345: [do_page_fault] addr: VA(0x20000000), access: Store, result: no permission
[0m[31m[117.301] tid 345 pid 345: [do_page_fault] addr: VA(0x20000000), access: Store, result: no permission
[0m[31m[117.301] tid 345 pid 345: [do_page_fault] addr: VA(0x20000000), access: Store, result: no permission
[0m[31m[117.302] tid 345 pid 345: [do_page_fault] addr: VA(0x20000000), access: Store, result: no permission
[0m[31m[117.303] tid 345 pid 345: [do_page_fault] addr: VA(0x20000000), access: Store, result: no permission
[0m[31m[117.303] tid 345 pid 345: [do_page_fault] addr: VA(0x20000000), access: Store, result: no permission
[0m[31m[117.304] tid 345 pid 345: [do_page_fault] addr: VA(0x20000000), access: Store, result: no permission
[0m[31m[117.305] tid 345 pid 345: [do_page_fault] addr: VA(0x20000000), access: Store, result: no permission
[0m[31m[117.306] tid 345 pid 345: [do_page_fault] addr: VA(0x20000000), access: Store, result: no permission
[0m[31m[117.306] tid 345 pid 345: [do_page_fault] addr: VA(0x20000000), access: Store, result: no permission
[0m[31m[117.307] tid 345 pid 345: [do_page_fault] addr: VA(0x20000000), access: Store, result: no permission
[0m[31m[117.308] tid 345 pid 345: [do_page_fault] addr: VA(0x20000000), access: Store, result: no permission
[0m[31m[117.308] tid 345 pid 345: [do_page_fault] addr: VA(0x20000000), access: Store, result: no permission
[0m[31m[117.309] tid 345 pid 345: [do_page_fault] addr: VA(0x20000000), access: Store, result: no permission
[0m[31m[117.310] tid 345 pid 345: [do_page_fault] addr: VA(0x20000000), access: Store, result: no permission
[0m[31m[117.310] tid 345 pid 345: [do_page_fault] addr: VA(0x20000000), access: Store, result: no permission
[0m[31m[117.311] tid 345 pid 345: [do_page_fault] addr: VA(0x20000000), access: Store, result: no permission
[0m[31m[117.312] tid 345 pid 345: [do_page_fault] addr: VA(0x20000000), access: Store, result: no permission
[0m[31m[117.313] tid 345 pid 345: [do_page_fault] addr: VA(0x20000000), access: Store, result: no permission
[0m[31m[117.313] tid 345 pid 345: [do_page_fault] addr: VA(0x20000000), access: Store, result: no permission
[0m[31m[117.314] tid 345 pid 345: [do_page_fault] addr: VA(0x20000000), access: Store, result: no permission
[0m[31m[117.315] tid 345 pid 345: [do_page_fault] addr: VA(0x20000000), access: Store, result: no permission
[0m[31m[117.316] tid 345 pid 345: [do_page_fault] addr: VA(0x20000000), access: Store, result: no permission
[0m[31m[117.316] tid 345 pid 345: [do_page_fault] addr: VA(0x20000000), access: Store, result: no permission
[0m[31m[117.317] tid 345 pid 345: [do_page_fault] addr: VA(0x20000000), access: Store, result: no permission
[0m[31m[117.318] tid 345 pid 345: [do_page_fault] addr: VA(0x20000000), access: Store, result: no permission
[0m[31m[117.318] tid 345 pid 345: [do_page_fault] addr: VA(0x20000000), access: Store, result: no permission
[0m[31m[117.319] tid 345 pid 345: [do_page_fault] addr: VA(0x20000000), access: Store, result: no permission
[0m[31m[117.320] tid 345 pid 345: [do_page_fault] addr: VA(0x20000000), access: Store, result: no permission
[0m[31m[117.320] tid 345 pid 345: [do_page_fault] addr: VA(0x20000000), access: Store, result: no permission
[0m[31m[117.321] tid 345 pid 345: [do_page_fault] addr: VA(0x20000000), access: Store, result: no permission
[0m[31m[117.322] tid 345 pid 345: [do_page_fault] addr: VA(0x20000000), access: Store, result: no permission
[0m[31m[117.322] tid 345 pid 345: [do_page_fault] addr: VA(0x20000000), access: Store, result: no permission
[0m[31m[117.323] tid 345 pid 345: [do_page_fault] addr: VA(0x20000000), access: Store, result: no permission
[0m[31m[117.324] tid 345 pid 345: [do_page_fault] addr: VA(0x20000000), access: Store, result: no permission
[0m[31m[117.325] tid 345 pid 345: [do_page_fault] addr: VA(0x20000000), access: Store, result: no permission
[0m[31m[117.325] tid 345 pid 345: [do_page_fault] addr: VA(0x20000000), access: Store, result: no permission
[0m[31m[117.326] tid 345 pid 345: [do_page_fault] addr: VA(0x20000000), access: Store, result: no permission
[0m[31m[117.327] tid 345 pid 345: [do_page_fault] addr: VA(0x20000000), access: Store, result: no permission
[0m[31m[117.328] tid 345 pid 345: [do_page_fault] addr: VA(0x20000000), access: Store, result: no permission
[0m[31m[117.328] tid 345 pid 345: [do_page_fault] addr: VA(0x20000000), access: Store, result: no permission
[0m[31m[117.329] tid 345 pid 345: [do_page_fault] addr: VA(0x20000000), access: Store, result: no permission
[0m[31m[117.330] tid 345 pid 345: [do_page_fault] addr: VA(0x20000000), access: Store, result: no permission
[0m[31m[117.330] tid 345 pid 345: [do_page_fault] addr: VA(0x20000000), access: Store, result: no permission
[0m[31m[117.331] tid 345 pid 345: [do_page_fault] addr: VA(0x20000000), access: Store, result: no permission
[0m[31m[117.332] tid 345 pid 345: [do_page_fault] addr: VA(0x20000000), access: Store, result: no permission
[0m[31m[117.332] tid 345 pid 345: [do_page_fault] addr: VA(0x20000000), access: Store, result: no permission
[0m[31m[117.333] tid 345 pid 345: [do_page_fault] addr: VA(0x20000000), access: Store, result: no permission
[0m[31m[117.334] tid 345 pid 345: [do_page_fault] addr: VA(0x20000000), access: Store, result: no permission
[0m[31m[117.335] tid 345 pid 345: [do_page_fault] addr: VA(0x20000000), access: Store, result: no permission
[0m[31m[117.335] tid 345 pid 345: [do_page_fault] addr: VA(0x20000000), access: Store, result: no permission
[0m[31m[117.336] tid 345 pid 345: [do_page_fault] addr: VA(0x20000000), access: Store, result: no permission
[0m[31m[117.337] tid 345 pid 345: [do_page_fault] addr: VA(0x20000000), access: Store, result: no permission
[0m[31m[117.338] tid 345 pid 345: [do_page_fault] addr: VA(0x20000000), access: Store, result: no permission
[0m[31m[117.338] tid 345 pid 345: [do_page_fault] addr: VA(0x20000000), access: Store, result: no permission
[0m[31m[117.339] tid 345 pid 345: [do_page_fault] addr: VA(0x20000000), access: Store, result: no permission
[0m[31m[117.340] tid 345 pid 345: [do_page_fault] addr: VA(0x20000000), access: Store, result: no permission
[0m[31m[117.340] tid 345 pid 345: [do_page_fault] addr: VA(0x20000000), access: Store, result: no permission
[0m[31m[117.341] tid 345 pid 345: [do_page_fault] addr: VA(0x20000000), access: Store, result: no permission
[0m[31m[117.342] tid 345 pid 345: [do_page_fault] addr: VA(0x20000000), access: Store, result: no permission
[0m[31m[117.342] tid 345 pid 345: [do_page_fault] addr: VA(0x20000000), access: Store, result: no permission
[0m[31m[117.343] tid 345 pid 345: [do_page_fault] addr: VA(0x20000000), access: Store, result: no permission
[0m[31m[117.344] tid 345 pid 345: [do_page_fault] addr: VA(0x20000000), access: Store, result: no permission
[0m[31m[117.345] tid 345 pid 345: [do_page_fault] addr: VA(0x20000000), access: Store, result: no permission
[0m[31m[117.345] tid 345 pid 345: [do_page_fault] addr: VA(0x20000000), access: Store, result: no permission
[0m[31m[117.346] tid 345 pid 345: [do_page_fault] addr: VA(0x20000000), access: Store, result: no permission
[0m[31m[117.347] tid 345 pid 345: [do_page_fault] addr: VA(0x20000000), access: Store, result: no permission
[0m[31m[117.348] tid 345 pid 345: [do_page_fault] addr: VA(0x20000000), access: Store, result: no permission
[0m[31m[117.349] tid 345 pid 345: [do_page_fault] addr: VA(0x20000000), access: Store, result: no permission
[0m[31m[117.349] tid 345 pid 345: [do_page_fault] addr: VA(0x20000000), access: Store, result: no permission
[0m[31m[117.350] tid 345 pid 345: [do_page_fault] addr: VA(0x20000000), access: Store, result: no permission
[0m[31m[117.351] tid 345 pid 345: [do_page_fault] addr: VA(0x20000000), access: Store, result: no permission
[0m[31m[117.351] tid 345 pid 345: [do_page_fault] addr: VA(0x20000000), access: Store, result: no permission
[0m[31m[117.352] tid 345 pid 345: [do_page_fault] addr: VA(0x20000000), access: Store, result: no permission
[0m[31m[117.353] tid 345 pid 345: [do_page_fault] addr: VA(0x20000000), access: Store, result: no permission
[0m[31m[117.354] tid 345 pid 345: [do_page_fault] addr: VA(0x20000000), access: Store, result: no permission
[0m[31m[117.354] tid 345 pid 345: [do_page_fault] addr: VA(0x20000000), access: Store, result: no permission
[0m[31m[117.355] tid 345 pid 345: [do_page_fault] addr: VA(0x20000000), access: Store, result: no permission
[0m[31m[117.356] tid 345 pid 345: [do_page_fault] addr: VA(0x20000000), access: Store, result: no permission
[0m[31m[117.357] tid 345 pid 345: [do_page_fault] addr: VA(0x20000000), access: Store, result: no permission
[0m[31m[117.357] tid 345 pid 345: [do_page_fault] addr: VA(0x20000000), access: Store, result: no permission
[0m[31m[117.358] tid 345 pid 345: [do_page_fault] addr: VA(0x20000000), access: Store, result: no permission
[0m[31m[117.359] tid 345 pid 345: [do_page_fault] addr: VA(0x20000000), access: Store, result: no permission
[0m[31m[117.359] tid 345 pid 345: [do_page_fault] addr: VA(0x20000000), access: Store, result: no permission
[0m[31m[117.360] tid 345 pid 345: [do_page_fault] addr: VA(0x20000000), access: Store, result: no permission
[0m[31m[117.361] tid 345 pid 345: [do_page_fault] addr: VA(0x20000000), access: Store, result: no permission
[0m[31m[117.361] tid 345 pid 345: [do_page_fault] addr: VA(0x20000000), access: Store, result: no permission
[0m[31m[117.362] tid 345 pid 345: [do_page_fault] addr: VA(0x20000000), access: Store, result: no permission
[0m[31m[117.363] tid 345 pid 345: [do_page_fault] addr: VA(0x20000000), access: Store, result: no permission
[0m[31m[117.363] tid 345 pid 345: [do_page_fault] addr: VA(0x20000000), access: Store, result: no permission
[0m[31m[117.364] tid 345 pid 345: [do_page_fault] addr: VA(0x20000000), access: Store, result: no permission
[0m[31m[117.365] tid 345 pid 345: [do_page_fault] addr: VA(0x20000000), access: Store, result: no permission
[0m[31m[117.366] tid 345 pid 345: [do_page_fault] addr: VA(0x20000000), access: Store, result: no permission
[0m[31m[117.367] tid 345 pid 345: [do_page_fault] addr: VA(0x20000000), access: Store, result: no permission
[0m[31m[117.367] tid 345 pid 345: [do_page_fault] addr: VA(0x20000000), access: Store, result: no permission
[0m[31m[117.368] tid 345 pid 345: [do_page_fault] addr: VA(0x20000000), access: Store, result: no permission
[0m[31m[117.369] tid 345 pid 345: [do_page_fault] addr: VA(0x20000000), access: Store, result: no permission
[0m[31m[117.369] tid 345 pid 345: [do_page_fault] addr: VA(0x20000000), access: Store, result: no permission
[0m[31m[117.370] tid 345 pid 345: [do_page_fault] addr: VA(0x20000000), access: Store, result: no permission
[0m[31m[117.371] tid 345 pid 345: [do_page_fault] addr: VA(0x20000000), access: Store, result: no permission
[0m[31m[117.372] tid 345 pid 345: [do_page_fault] addr: VA(0x20000000), access: Store, result: no permission
[0m[31m[117.372] tid 345 pid 345: [do_page_fault] addr: VA(0x20000000), access: Store, result: no permission
[0m[31m[117.373] tid 345 pid 345: [do_page_fault] addr: VA(0x20000000), access: Store, result: no permission
[0m[31m[117.374] tid 345 pid 345: [do_page_fault] addr: VA(0x20000000), access: Store, result: no permission
[0m[31m[117.374] tid 345 pid 345: [do_page_fault] addr: VA(0x20000000), access: Store, result: no permission
[0m[31m[117.375] tid 345 pid 345: [do_page_fault] addr: VA(0x20000000), access: Store, result: no permission
[0m[31m[117.376] tid 345 pid 345: [do_page_fault] addr: VA(0x20000000), access: Store, result: no permission
[0m[31m[117.377] tid 345 pid 345: [do_page_fault] addr: VA(0x20000000), access: Store, result: no permission
[0m[31m[117.377] tid 345 pid 345: [do_page_fault] addr: VA(0x20000000), access: Store, result: no permission
[0m[31m[117.378] tid 345 pid 345: [do_page_fault] addr: VA(0x20000000), access: Store, result: no permission
[0m[31m[117.379] tid 345 pid 345: [do_page_fault] addr: VA(0x20000000), access: Store, result: no permission
[0m[31m[117.380] tid 345 pid 345: [do_page_fault] addr: VA(0x20000000), access: Store, result: no permission
[0m[31m[117.380] tid 345 pid 345: [do_page_fault] addr: VA(0x20000000), access: Store, result: no permission
[0m[31m[117.381] tid 345 pid 345: [do_page_fault] addr: VA(0x20000000), access: Store, result: no permission
[0m[31m[117.382] tid 345 pid 345: [do_page_fault] addr: VA(0x20000000), access: Store, result: no permission
[0m[31m[117.382] tid 345 pid 345: [do_page_fault] addr: VA(0x20000000), access: Store, result: no permission
[0m[31m[117.383] tid 345 pid 345: [do_page_fault] addr: VA(0x20000000), access: Store, result: no permission
[0m[31m[117.384] tid 345 pid 345: [do_page_fault] addr: VA(0x20000000), access: Store, result: no permission
[0m[31m[117.384] tid 345 pid 345: [do_page_fault] addr: VA(0x20000000), access: Store, result: no permission
[0m[31m[117.385] tid 345 pid 345: [do_page_fault] addr: VA(0x20000000), access: Store, result: no permission
[0m[31m[117.386] tid 345 pid 345: [do_page_fault] addr: VA(0x20000000), access: Store, result: no permission
[0m[31m[117.387] tid 345 pid 345: [do_page_fault] addr: VA(0x20000000), access: Store, result: no permission
[0m[31m[117.387] tid 345 pid 345: [do_page_fault] addr: VA(0x20000000), access: Store, result: no permission
[0m[31m[117.388] tid 345 pid 345: [do_page_fault] addr: VA(0x20000000), access: Store, result: no permission
[0m[31m[117.389] tid 345 pid 345: [do_page_fault] addr: VA(0x20000000), access: Store, result: no permission
[0m[31m[117.389] tid 345 pid 345: [do_page_fault] addr: VA(0x20000000), access: Store, result: no permission
[0m[31m[117.390] tid 345 pid 345: [do_page_fault] addr: VA(0x20000000), access: Store, result: no permission
[0m[31m[117.391] tid 345 pid 345: [do_page_fault] addr: VA(0x20000000), access: Store, result: no permission
[0m[31m[117.392] tid 345 pid 345: [do_page_fault] addr: VA(0x20000000), access: Store, result: no permission
[0m[31m[117.392] tid 345 pid 345: [do_page_fault] addr: VA(0x20000000), access: Store, result: no permission
[0m[31m[117.393] tid 345 pid 345: [do_page_fault] addr: VA(0x20000000), access: Store, result: no permission
[0m[31m[117.394] tid 345 pid 345: [do_page_fault] addr: VA(0x20000000), access: Store, result: no permission
[0m[31m[117.394] tid 345 pid 345: [do_page_fault] addr: VA(0x20000000), access: Store, result: no permission
[0m[31m[117.395] tid 345 pid 345: [do_page_fault] addr: VA(0x20000000), access: Store, result: no permission
[0m[31m[117.396] tid 345 pid 345: [do_page_fault] addr: VA(0x20000000), access: Store, result: no permission
[0m[31m[117.397] tid 345 pid 345: [do_page_fault] addr: VA(0x20000000), access: Store, result: no permission
[0m[31m[117.397] tid 345 pid 345: [do_page_fault] addr: VA(0x20000000), access: Store, result: no permission
[0m[31m[117.398] tid 345 pid 345: [do_page_fault] addr: VA(0x20000000), access: Store, result: no permission
[0m[31m[117.399] tid 345 pid 345: [do_page_fault] addr: VA(0x20000000), access: Store, result: no permission
[0m[31m[117.400] tid 345 pid 345: [do_page_fault] addr: VA(0x20000000), access: Store, result: no permission
[0m[31m[117.401] tid 345 pid 345: [do_page_fault] addr: VA(0x20000000), access: Store, result: no permission
[0m[31m[117.401] tid 345 pid 345: [do_page_fault] addr: VA(0x20000000), access: Store, result: no permission
[0m[31m[117.402] tid 345 pid 345: [do_page_fault] addr: VA(0x20000000), access: Store, result: no permission
[0m[31m[117.403] tid 345 pid 345: [do_page_fault] addr: VA(0x20000000), access: Store, result: no permission
[0m[31m[117.404] tid 345 pid 345: [do_page_fault] addr: VA(0x20000000), access: Store, result: no permission
[0m[31m[117.404] tid 345 pid 345: [do_page_fault] addr: VA(0x20000000), access: Store, result: no permission
[0m[31m[117.405] tid 345 pid 345: [do_page_fault] addr: VA(0x20000000), access: Store, result: no permission
[0m[31m[117.406] tid 345 pid 345: [do_page_fault] addr: VA(0x20000000), access: Store, result: no permission
[0m[31m[117.407] tid 345 pid 345: [do_page_fault] addr: VA(0x20000000), access: Store, result: no permission
[0m[31m[117.407] tid 345 pid 345: [do_page_fault] addr: VA(0x20000000), access: Store, result: no permission
[0m[31m[117.408] tid 345 pid 345: [do_page_fault] addr: VA(0x20000000), access: Store, result: no permission
[0m[31m[117.409] tid 345 pid 345: [do_page_fault] addr: VA(0x20000000), access: Store, result: no permission
[0m[31m[117.409] tid 345 pid 345: [do_page_fault] addr: VA(0x20000000), access: Store, result: no permission
[0m[31m[117.410] tid 345 pid 345: [do_page_fault] addr: VA(0x20000000), access: Store, result: no permission
[0m[31m[117.411] tid 345 pid 345: [do_page_fault] addr: VA(0x20000000), access: Store, result: no permission
[0m[31m[117.412] tid 345 pid 345: [do_page_fault] addr: VA(0x20000000), access: Store, result: no permission
[0m[31m[117.412] tid 345 pid 345: [do_page_fault] addr: VA(0x20000000), access: Store, result: no permission
[0m[31m[117.413] tid 345 pid 345: [do_page_fault] addr: VA(0x20000000), access: Store, result: no permission
[0m[31m[117.414] tid 345 pid 345: [do_page_fault] addr: VA(0x20000000), access: Store, result: no permission
[0m[31m[117.414] tid 345 pid 345: [do_page_fault] addr: VA(0x20000000), access: Store, result: no permission
[0m[31m[117.415] tid 345 pid 345: [do_page_fault] addr: VA(0x20000000), access: Store, result: no permission
[0m[31m[117.416] tid 345 pid 345: [do_page_fault] addr: VA(0x20000000), access: Store, result: no permission
[0m[31m[117.417] tid 345 pid 345: [do_page_fault] addr: VA(0x20000000), access: Store, result: no permission
[0m[31m[117.418] tid 345 pid 345: [do_page_fault] addr: VA(0x20000000), access: Store, result: no permission
[0m[31m[117.418] tid 345 pid 345: [do_page_fault] addr: VA(0x20000000), access: Store, result: no permission
[0m[31m[117.419] tid 345 pid 345: [do_page_fault] addr: VA(0x20000000), access: Store, result: no permission
[0m[31m[117.420] tid 345 pid 345: [do_page_fault] addr: VA(0x20000000), access: Store, result: no permission
[0m[31m[117.420] tid 345 pid 345: [do_page_fault] addr: VA(0x20000000), access: Store, result: no permission
[0m[31m[117.421] tid 345 pid 345: [do_page_fault] addr: VA(0x20000000), access: Store, result: no permission
[0m[31m[117.422] tid 345 pid 345: [do_page_fault] addr: VA(0x20000000), access: Store, result: no permission
[0m[31m[117.422] tid 345 pid 345: [do_page_fault] addr: VA(0x20000000), access: Store, result: no permission
[0m[31m[117.423] tid 345 pid 345: [do_page_fault] addr: VA(0x20000000), access: Store, result: no permission
[0m[31m[117.424] tid 345 pid 345: [do_page_fault] addr: VA(0x20000000), access: Store, result: no permission
[0m[31m[117.425] tid 345 pid 345: [do_page_fault] addr: VA(0x20000000), access: Store, result: no permission
[0m[31m[117.425] tid 345 pid 345: [do_page_fault] addr: VA(0x20000000), access: Store, result: no permission
[0m[31m[117.426] tid 345 pid 345: [do_page_fault] addr: VA(0x20000000), access: Store, result: no permission
[0m[31m[117.427] tid 345 pid 345: [do_page_fault] addr: VA(0x20000000), access: Store, result: no permission
[0m[31m[117.428] tid 345 pid 345: [do_page_fault] addr: VA(0x20000000), access: Store, result: no permission
[0m[31m[117.428] tid 345 pid 345: [do_page_fault] addr: VA(0x20000000), access: Store, result: no permission
[0m[31m[117.429] tid 345 pid 345: [do_page_fault] addr: VA(0x20000000), access: Store, result: no permission
[0m[31m[117.430] tid 345 pid 345: [do_page_fault] addr: VA(0x20000000), access: Store, result: no permission
[0m[31m[117.430] tid 345 pid 345: [do_page_fault] addr: VA(0x20000000), access: Store, result: no permission
[0m[31m[117.431] tid 345 pid 345: [do_page_fault] addr: VA(0x20000000), access: Store, result: no permission
[0m[31m[117.432] tid 345 pid 345: [do_page_fault] addr: VA(0x20000000), access: Store, result: no permission
[0m[31m[117.432] tid 345 pid 345: [do_page_fault] addr: VA(0x20000000), access: Store, result: no permission
[0m[31m[117.433] tid 345 pid 345: [do_page_fault] addr: VA(0x20000000), access: Store, result: no permission
[0m[31m[117.434] tid 345 pid 345: [do_page_fault] addr: VA(0x20000000), access: Store, result: no permission
[0m[31m[117.435] tid 345 pid 345: [do_page_fault] addr: VA(0x20000000), access: Store, result: no permission
[0m[31m[117.436] tid 345 pid 345: [do_page_fault] addr: VA(0x20000000), access: Store, result: no permission
[0m[31m[117.436] tid 345 pid 345: [do_page_fault] addr: VA(0x20000000), access: Store, result: no permission
[0m[31m[117.437] tid 345 pid 345: [do_page_fault] addr: VA(0x20000000), access: Store, result: no permission
[0m[31m[117.438] tid 345 pid 345: [do_page_fault] addr: VA(0x20000000), access: Store, result: no permission
[0m[31m[117.438] tid 345 pid 345: [do_page_fault] addr: VA(0x20000000), access: Store, result: no permission
[0m[31m[117.439] tid 345 pid 345: [do_page_fault] addr: VA(0x20000000), access: Store, result: no permission
[0m[31m[117.440] tid 345 pid 345: [do_page_fault] addr: VA(0x20000000), access: Store, result: no permission
[0m[31m[117.440] tid 345 pid 345: [do_page_fault] addr: VA(0x20000000), access: Store, result: no permission
[0m[31m[117.441] tid 345 pid 345: [do_page_fault] addr: VA(0x20000000), access: Store, result: no permission
[0m[31m[117.442] tid 345 pid 345: [do_page_fault] addr: VA(0x20000000), access: Store, result: no permission
[0m[31m[117.443] tid 345 pid 345: [do_page_fault] addr: VA(0x20000000), access: Store, result: no permission
[0m[31m[117.443] tid 345 pid 345: [do_page_fault] addr: VA(0x20000000), access: Store, result: no permission
[0m[31m[117.444] tid 345 pid 345: [do_page_fault] addr: VA(0x20000000), access: Store, result: no permission
[0m[31m[117.445] tid 345 pid 345: [do_page_fault] addr: VA(0x20000000), access: Store, result: no permission
[0m[31m[117.446] tid 345 pid 345: [do_page_fault] addr: VA(0x20000000), access: Store, result: no permission
[0m[31m[117.446] tid 345 pid 345: [do_page_fault] addr: VA(0x20000000), access: Store, result: no permission
[0m[31m[117.447] tid 345 pid 345: [do_page_fault] addr: VA(0x20000000), access: Store, result: no permission
[0m[31m[117.448] tid 345 pid 345: [do_page_fault] addr: VA(0x20000000), access: Store, result: no permission
[0m[31m[117.449] tid 345 pid 345: [do_page_fault] addr: VA(0x20000000), access: Store, result: no permission
[0m[31m[117.449] tid 345 pid 345: [do_page_fault] addr: VA(0x20000000), access: Store, result: no permission
[0m[31m[117.450] tid 345 pid 345: [do_page_fault] addr: VA(0x20000000), access: Store, result: no permission
[0m[31m[117.451] tid 345 pid 345: [do_page_fault] addr: VA(0x20000000), access: Store, result: no permission
[0m[31m[117.451] tid 345 pid 345: [do_page_fault] addr: VA(0x20000000), access: Store, result: no permission
[0m[31m[117.453] tid 345 pid 345: [do_page_fault] addr: VA(0x20000000), access: Store, result: no permission
[0m[31m[117.453] tid 345 pid 345: [do_page_fault] addr: VA(0x20000000), access: Store, result: no permission
[0m[31m[117.454] tid 345 pid 345: [do_page_fault] addr: VA(0x20000000), access: Store, result: no permission
[0m[31m[117.455] tid 345 pid 345: [do_page_fault] addr: VA(0x20000000), access: Store, result: no permission
[0m[31m[117.456] tid 345 pid 345: [do_page_fault] addr: VA(0x20000000), access: Store, result: no permission
[0m[31m[117.456] tid 345 pid 345: [do_page_fault] addr: VA(0x20000000), access: Store, result: no permission
[0m[31m[117.457] tid 345 pid 345: [do_page_fault] addr: VA(0x20000000), access: Store, result: no permission
[0m[31m[117.458] tid 345 pid 345: [do_page_fault] addr: VA(0x20000000), access: Store, result: no permission
[0m[31m[117.458] tid 345 pid 345: [do_page_fault] addr: VA(0x20000000), access: Store, result: no permission
[0m[31m[117.459] tid 345 pid 345: [do_page_fault] addr: VA(0x20000000), access: Store, result: no permission
[0m[31m[117.460] tid 345 pid 345: [do_page_fault] addr: VA(0x20000000), access: Store, result: no permission
[0m[31m[117.460] tid 345 pid 345: [do_page_fault] addr: VA(0x20000000), access: Store, result: no permission
[0m[31m[117.461] tid 345 pid 345: [do_page_fault] addr: VA(0x20000000), access: Store, result: no permission
[0m[31m[117.462] tid 345 pid 345: [do_page_fault] addr: VA(0x20000000), access: Store, result: no permission
[0m[31m[117.462] tid 345 pid 345: [do_page_fault] addr: VA(0x20000000), access: Store, result: no permission
[0m[31m[117.463] tid 345 pid 345: [do_page_fault] addr: VA(0x20000000), access: Store, result: no permission
[0m[31m[117.464] tid 345 pid 345: [do_page_fault] addr: VA(0x20000000), access: Store, result: no permission
[0m[31m[117.465] tid 345 pid 345: [do_page_fault] addr: VA(0x20000000), access: Store, result: no permission
[0m[31m[117.465] tid 345 pid 345: [do_page_fault] addr: VA(0x20000000), access: Store, result: no permission
[0m[31m[117.466] tid 345 pid 345: [do_page_fault] addr: VA(0x20000000), access: Store, result: no permission
[0m[31m[117.467] tid 345 pid 345: [do_page_fault] addr: VA(0x20000000), access: Store, result: no permission
[0m[31m[117.468] tid 345 pid 345: [do_page_fault] addr: VA(0x20000000), access: Store, result: no permission
[0m[31m[117.468] tid 345 pid 345: [do_page_fault] addr: VA(0x20000000), access: Store, result: no permission
[0m[31m[117.469] tid 345 pid 345: [do_page_fault] addr: VA(0x20000000), access: Store, result: no permission
[0m[31m[117.470] tid 345 pid 345: [do_page_fault] addr: VA(0x20000000), access: Store, result: no permission
[0m[31m[117.470] tid 345 pid 345: [do_page_fault] addr: VA(0x20000000), access: Store, result: no permission
[0m[31m[117.471] tid 345 pid 345: [do_page_fault] addr: VA(0x20000000), access: Store, result: no permission
[0m[31m[117.472] tid 345 pid 345: [do_page_fault] addr: VA(0x20000000), access: Store, result: no permission
[0m[31m[117.472] tid 345 pid 345: [do_page_fault] addr: VA(0x20000000), access: Store, result: no permission
[0m[31m[117.473] tid 345 pid 345: [do_page_fault] addr: VA(0x20000000), access: Store, result: no permission
[0m[31m[117.474] tid 345 pid 345: [do_page_fault] addr: VA(0x20000000), access: Store, result: no permission
[0m[31m[117.474] tid 345 pid 345: [do_page_fault] addr: VA(0x20000000), access: Store, result: no permission
[0m[31m[117.475] tid 345 pid 345: [do_page_fault] addr: VA(0x20000000), access: Store, result: no permission
[0m[31m[117.476] tid 345 pid 345: [do_page_fault] addr: VA(0x20000000), access: Store, result: no permission
[0m[31m[117.477] tid 345 pid 345: [do_page_fault] addr: VA(0x20000000), access: Store, result: no permission
[0m[31m[117.478] tid 345 pid 345: [do_page_fault] addr: VA(0x20000000), access: Store, result: no permission
[0m[31m[117.478] tid 345 pid 345: [do_page_fault] addr: VA(0x20000000), access: Store, result: no permission
[0m[31m[117.479] tid 345 pid 345: [do_page_fault] addr: VA(0x20000000), access: Store, result: no permission
[0m[31m[117.480] tid 345 pid 345: [do_page_fault] addr: VA(0x20000000), access: Store, result: no permission
[0m[31m[117.480] tid 345 pid 345: [do_page_fault] addr: VA(0x20000000), access: Store, result: no permission
[0m[31m[117.481] tid 345 pid 345: [do_page_fault] addr: VA(0x20000000), access: Store, result: no permission
[0m[31m[117.482] tid 345 pid 345: [do_page_fault] addr: VA(0x20000000), access: Store, result: no permission
[0m[31m[117.482] tid 345 pid 345: [do_page_fault] addr: VA(0x20000000), access: Store, result: no permission
[0m[31m[117.483] tid 345 pid 345: [do_page_fault] addr: VA(0x20000000), access: Store, result: no permission
[0m[31m[117.484] tid 345 pid 345: [do_page_fault] addr: VA(0x20000000), access: Store, result: no permission
[0m[31m[117.484] tid 345 pid 345: [do_page_fault] addr: VA(0x20000000), access: Store, result: no permission
[0m[31m[117.485] tid 345 pid 345: [do_page_fault] addr: VA(0x20000000), access: Store, result: no permission
[0m[31m[117.486] tid 345 pid 345: [do_page_fault] addr: VA(0x20000000), access: Store, result: no permission
[0m[31m[117.487] tid 345 pid 345: [do_page_fault] addr: VA(0x20000000), access: Store, result: no permission
[0m[31m[117.487] tid 345 pid 345: [do_page_fault] addr: VA(0x20000000), access: Store, result: no permission
[0m[31m[117.488] tid 345 pid 345: [do_page_fault] addr: VA(0x20000000), access: Store, result: no permission
[0m[31m[117.489] tid 345 pid 345: [do_page_fault] addr: VA(0x20000000), access: Store, result: no permission
[0m[31m[117.490] tid 345 pid 345: [do_page_fault] addr: VA(0x20000000), access: Store, result: no permission
[0m[31m[117.490] tid 345 pid 345: [do_page_fault] addr: VA(0x20000000), access: Store, result: no permission
[0m[31m[117.491] tid 345 pid 345: [do_page_fault] addr: VA(0x20000000), access: Store, result: no permission
[0m[31m[117.492] tid 345 pid 345: [do_page_fault] addr: VA(0x20000000), access: Store, result: no permission
[0m[31m[117.492] tid 345 pid 345: [do_page_fault] addr: VA(0x20000000), access: Store, result: no permission
[0m[31m[117.493] tid 345 pid 345: [do_page_fault] addr: VA(0x20000000), access: Store, result: no permission
[0m[31m[117.494] tid 345 pid 345: [do_page_fault] addr: VA(0x20000000), access: Store, result: no permission
[0m[31m[117.494] tid 345 pid 345: [do_page_fault] addr: VA(0x20000000), access: Store, result: no permission
[0m[31m[117.495] tid 345 pid 345: [do_page_fault] addr: VA(0x20000000), access: Store, result: no permission
[0m[31m[117.496] tid 345 pid 345: [do_page_fault] addr: VA(0x20000000), access: Store, result: no permission
[0m[31m[117.497] tid 345 pid 345: [do_page_fault] addr: VA(0x20000000), access: Store, result: no permission
[0m[31m[117.497] tid 345 pid 345: [do_page_fault] addr: VA(0x20000000), access: Store, result: no permission
[0m[31m[117.498] tid 345 pid 345: [do_page_fault] addr: VA(0x20000000), access: Store, result: no permission
[0m[31m[117.499] tid 345 pid 345: [do_page_fault] addr: VA(0x20000000), access: Store, result: no permission
[0m[31m[117.499] tid 345 pid 345: [do_page_fault] addr: VA(0x20000000), access: Store, result: no permission
[0m[31m[117.500] tid 345 pid 345: [do_page_fault] addr: VA(0x20000000), access: Store, result: no permission
[0m[31m[117.501] tid 345 pid 345: [do_page_fault] addr: VA(0x20000000), access: Store, result: no permission
[0m[31m[117.501] tid 345 pid 345: [do_page_fault] addr: VA(0x20000000), access: Store, result: no permission
[0m[31m[117.502] tid 345 pid 345: [do_page_fault] addr: VA(0x20000000), access: Store, result: no permission
[0m[31m[117.503] tid 345 pid 345: [do_page_fault] addr: VA(0x20000000), access: Store, result: no permission
[0m[31m[117.504] tid 345 pid 345: [do_page_fault] addr: VA(0x20000000), access: Store, result: no permission
[0m[31m[117.505] tid 345 pid 345: [do_page_fault] addr: VA(0x20000000), access: Store, result: no permission
[0m[31m[117.506] tid 345 pid 345: [do_page_fault] addr: VA(0x20000000), access: Store, result: no permission
[0m[31m[117.506] tid 345 pid 345: [do_page_fault] addr: VA(0x20000000), access: Store, result: no permission
[0m[31m[117.507] tid 345 pid 345: [do_page_fault] addr: VA(0x20000000), access: Store, result: no permission
[0m[31m[117.508] tid 345 pid 345: [do_page_fault] addr: VA(0x20000000), access: Store, result: no permission
[0m[31m[117.508] tid 345 pid 345: [do_page_fault] addr: VA(0x20000000), access: Store, result: no permission
[0m[31m[117.509] tid 345 pid 345: [do_page_fault] addr: VA(0x20000000), access: Store, result: no permission
[0m[31m[117.510] tid 345 pid 345: [do_page_fault] addr: VA(0x20000000), access: Store, result: no permission
[0m[31m[117.511] tid 345 pid 345: [do_page_fault] addr: VA(0x20000000), access: Store, result: no permission
[0m[31m[117.511] tid 345 pid 345: [do_page_fault] addr: VA(0x20000000), access: Store, result: no permission
[0m[31m[117.512] tid 345 pid 345: [do_page_fault] addr: VA(0x20000000), access: Store, result: no permission
[0m[31m[117.513] tid 345 pid 345: [do_page_fault] addr: VA(0x20000000), access: Store, result: no permission
[0m[31m[117.513] tid 345 pid 345: [do_page_fault] addr: VA(0x20000000), access: Store, result: no permission
[0m[31m[117.514] tid 345 pid 345: [do_page_fault] addr: VA(0x20000000), access: Store, result: no permission
[0m[31m[117.515] tid 345 pid 345: [do_page_fault] addr: VA(0x20000000), access: Store, result: no permission
[0m[31m[117.516] tid 345 pid 345: [do_page_fault] addr: VA(0x20000000), access: Store, result: no permission
[0m[31m[117.516] tid 345 pid 345: [do_page_fault] addr: VA(0x20000000), access: Store, result: no permission
[0m[31m[117.517] tid 345 pid 345: [do_page_fault] addr: VA(0x20000000), access: Store, result: no permission
[0m[31m[117.518] tid 345 pid 345: [do_page_fault] addr: VA(0x20000000), access: Store, result: no permission
[0m[31m[117.518] tid 345 pid 345: [do_page_fault] addr: VA(0x20000000), access: Store, result: no permission
[0m[31m[117.519] tid 345 pid 345: [do_page_fault] addr: VA(0x20000000), access: Store, result: no permission
[0m[31m[117.520] tid 345 pid 345: [do_page_fault] addr: VA(0x20000000), access: Store, result: no permission
[0m[31m[117.520] tid 345 pid 345: [do_page_fault] addr: VA(0x20000000), access: Store, result: no permission
[0m[31m[117.521] tid 345 pid 345: [do_page_fault] addr: VA(0x20000000), access: Store, result: no permission
[0m[31m[117.522] tid 345 pid 345: [do_page_fault] addr: VA(0x20000000), access: Store, result: no permission
[0m[31m[117.523] tid 345 pid 345: [do_page_fault] addr: VA(0x20000000), access: Store, result: no permission
[0m[31m[117.523] tid 345 pid 345: [do_page_fault] addr: VA(0x20000000), access: Store, result: no permission
[0m[31m[117.524] tid 345 pid 345: [do_page_fault] addr: VA(0x20000000), access: Store, result: no permission
[0m[31m[117.525] tid 345 pid 345: [do_page_fault] addr: VA(0x20000000), access: Store, result: no permission
[0m[31m[117.525] tid 345 pid 345: [do_page_fault] addr: VA(0x20000000), access: Store, result: no permission
[0m[31m[117.526] tid 345 pid 345: [do_page_fault] addr: VA(0x20000000), access: Store, result: no permission
[0m[31m[117.527] tid 345 pid 345: [do_page_fault] addr: VA(0x20000000), access: Store, result: no permission
[0m[31m[117.528] tid 345 pid 345: [do_page_fault] addr: VA(0x20000000), access: Store, result: no permission
[0m[31m[117.528] tid 345 pid 345: [do_page_fault] addr: VA(0x20000000), access: Store, result: no permission
[0m[31m[117.529] tid 345 pid 345: [do_page_fault] addr: VA(0x20000000), access: Store, result: no permission
[0m[31m[117.530] tid 345 pid 345: [do_page_fault] addr: VA(0x20000000), access: Store, result: no permission
[0m[31m[117.530] tid 345 pid 345: [do_page_fault] addr: VA(0x20000000), access: Store, result: no permission
[0m[31m[117.531] tid 345 pid 345: [do_page_fault] addr: VA(0x20000000), access: Store, result: no permission
[0m[31m[117.532] tid 345 pid 345: [do_page_fault] addr: VA(0x20000000), access: Store, result: no permission
[0m[31m[117.532] tid 345 pid 345: [do_page_fault] addr: VA(0x20000000), access: Store, result: no permission
[0m[31m[117.533] tid 345 pid 345: [do_page_fault] addr: VA(0x20000000), access: Store, result: no permission
[0m[31m[117.534] tid 345 pid 345: [do_page_fault] addr: VA(0x20000000), access: Store, result: no permission
[0m[31m[117.534] tid 345 pid 345: [do_page_fault] addr: VA(0x20000000), access: Store, result: no permission
[0m[31m[117.535] tid 345 pid 345: [do_page_fault] addr: VA(0x20000000), access: Store, result: no permission
[0m[31m[117.536] tid 345 pid 345: [do_page_fault] addr: VA(0x20000000), access: Store, result: no permission
[0m[31m[117.537] tid 345 pid 345: [do_page_fault] addr: VA(0x20000000), access: Store, result: no permission
[0m[31m[117.537] tid 345 pid 345: [do_page_fault] addr: VA(0x20000000), access: Store, result: no permission
[0m[31m[117.538] tid 345 pid 345: [do_page_fault] addr: VA(0x20000000), access: Store, result: no permission
[0m[31m[117.539] tid 345 pid 345: [do_page_fault] addr: VA(0x20000000), access: Store, result: no permission
[0m[31m[117.540] tid 345 pid 345: [do_page_fault] addr: VA(0x20000000), access: Store, result: no permission
[0m[31m[117.540] tid 345 pid 345: [do_page_fault] addr: VA(0x20000000), access: Store, result: no permission
[0m[31m[117.541] tid 345 pid 345: [do_page_fault] addr: VA(0x20000000), access: Store, result: no permission
[0m[31m[117.542] tid 345 pid 345: [do_page_fault] addr: VA(0x20000000), access: Store, result: no permission
[0m[31m[117.542] tid 345 pid 345: [do_page_fault] addr: VA(0x20000000), access: Store, result: no permission
[0m[31m[117.543] tid 345 pid 345: [do_page_fault] addr: VA(0x20000000), access: Store, result: no permission
[0m[31m[117.544] tid 345 pid 345: [do_page_fault] addr: VA(0x20000000), access: Store, result: no permission
[0m[31m[117.544] tid 345 pid 345: [do_page_fault] addr: VA(0x20000000), access: Store, result: no permission
[0m[31m[117.545] tid 345 pid 345: [do_page_fault] addr: VA(0x20000000), access: Store, result: no permission
[0m[31m[117.546] tid 345 pid 345: [do_page_fault] addr: VA(0x20000000), access: Store, result: no permission
[0m[31m[117.547] tid 345 pid 345: [do_page_fault] addr: VA(0x20000000), access: Store, result: no permission
[0m[31m[117.547] tid 345 pid 345: [do_page_fault] addr: VA(0x20000000), access: Store, result: no permission
[0m[31m[117.548] tid 345 pid 345: [do_page_fault] addr: VA(0x20000000), access: Store, result: no permission
[0m[31m[117.549] tid 345 pid 345: [do_page_fault] addr: VA(0x20000000), access: Store, result: no permission
[0m[31m[117.549] tid 345 pid 345: [do_page_fault] addr: VA(0x20000000), access: Store, result: no permission
[0m[31m[117.550] tid 345 pid 345: [do_page_fault] addr: VA(0x20000000), access: Store, result: no permission
[0m[31m[117.551] tid 345 pid 345: [do_page_fault] addr: VA(0x20000000), access: Store, result: no permission
[0m[31m[117.551] tid 345 pid 345: [do_page_fault] addr: VA(0x20000000), access: Store, result: no permission
[0m[31m[117.552] tid 345 pid 345: [do_page_fault] addr: VA(0x20000000), access: Store, result: no permission
[0m[31m[117.553] tid 345 pid 345: [do_page_fault] addr: VA(0x20000000), access: Store, result: no permission
[0m[31m[117.554] tid 345 pid 345: [do_page_fault] addr: VA(0x20000000), access: Store, result: no permission
[0m[31m[117.554] tid 345 pid 345: [do_page_fault] addr: VA(0x20000000), access: Store, result: no permission
[0m[31m[117.556] tid 345 pid 345: [do_page_fault] addr: VA(0x20000000), access: Store, result: no permission
[0m[31m[117.556] tid 345 pid 345: [do_page_fault] addr: VA(0x20000000), access: Store, result: no permission
[0m[31m[117.557] tid 345 pid 345: [do_page_fault] addr: VA(0x20000000), access: Store, result: no permission
[0m[31m[117.558] tid 345 pid 345: [do_page_fault] addr: VA(0x20000000), access: Store, result: no permission
[0m[31m[117.558] tid 345 pid 345: [do_page_fault] addr: VA(0x20000000), access: Store, result: no permission
[0m[31m[117.559] tid 345 pid 345: [do_page_fault] addr: VA(0x20000000), access: Store, result: no permission
[0m[31m[117.560] tid 345 pid 345: [do_page_fault] addr: VA(0x20000000), access: Store, result: no permission
[0m[31m[117.561] tid 345 pid 345: [do_page_fault] addr: VA(0x20000000), access: Store, result: no permission
[0m[31m[117.561] tid 345 pid 345: [do_page_fault] addr: VA(0x20000000), access: Store, result: no permission
[0m[31m[117.562] tid 345 pid 345: [do_page_fault] addr: VA(0x20000000), access: Store, result: no permission
[0m[31m[117.563] tid 345 pid 345: [do_page_fault] addr: VA(0x20000000), access: Store, result: no permission
[0m[31m[117.563] tid 345 pid 345: [do_page_fault] addr: VA(0x20000000), access: Store, result: no permission
[0m[31m[117.564] tid 345 pid 345: [do_page_fault] addr: VA(0x20000000), access: Store, result: no permission
[0m[31m[117.565] tid 345 pid 345: [do_page_fault] addr: VA(0x20000000), access: Store, result: no permission
[0m[31m[117.566] tid 345 pid 345: [do_page_fault] addr: VA(0x20000000), access: Store, result: no permission
[0m[31m[117.566] tid 345 pid 345: [do_page_fault] addr: VA(0x20000000), access: Store, result: no permission
[0m[31m[117.567] tid 345 pid 345: [do_page_fault] addr: VA(0x20000000), access: Store, result: no permission
[0m[31m[117.568] tid 345 pid 345: [do_page_fault] addr: VA(0x20000000), access: Store, result: no permission
[0m[31m[117.568] tid 345 pid 345: [do_page_fault] addr: VA(0x20000000), access: Store, result: no permission
[0m[31m[117.569] tid 345 pid 345: [do_page_fault] addr: VA(0x20000000), access: Store, result: no permission
[0m[31m[117.570] tid 345 pid 345: [do_page_fault] addr: VA(0x20000000), access: Store, result: no permission
[0m[31m[117.571] tid 345 pid 345: [do_page_fault] addr: VA(0x20000000), access: Store, result: no permission
[0m[31m[117.571] tid 345 pid 345: [do_page_fault] addr: VA(0x20000000), access: Store, result: no permission
[0m[31m[117.572] tid 345 pid 345: [do_page_fault] addr: VA(0x20000000), access: Store, result: no permission
[0m[31m[117.573] tid 345 pid 345: [do_page_fault] addr: VA(0x20000000), access: Store, result: no permission
[0m[31m[117.573] tid 345 pid 345: [do_page_fault] addr: VA(0x20000000), access: Store, result: no permission
[0m[31m[117.574] tid 345 pid 345: [do_page_fault] addr: VA(0x20000000), access: Store, result: no permission
[0m[31m[117.575] tid 345 pid 345: [do_page_fault] addr: VA(0x20000000), access: Store, result: no permission
[0m[31m[117.576] tid 345 pid 345: [do_page_fault] addr: VA(0x20000000), access: Store, result: no permission
[0m[31m[117.576] tid 345 pid 345: [do_page_fault] addr: VA(0x20000000), access: Store, result: no permission
[0m[31m[117.577] tid 345 pid 345: [do_page_fault] addr: VA(0x20000000), access: Store, result: no permission
[0m[31m[117.578] tid 345 pid 345: [do_page_fault] addr: VA(0x20000000), access: Store, result: no permission
[0m[31m[117.579] tid 345 pid 345: [do_page_fault] addr: VA(0x20000000), access: Store, result: no permission
[0m[31m[117.579] tid 345 pid 345: [do_page_fault] addr: VA(0x20000000), access: Store, result: no permission
[0m[31m[117.580] tid 345 pid 345: [do_page_fault] addr: VA(0x20000000), access: Store, result: no permission
[0m[31m[117.581] tid 345 pid 345: [do_page_fault] addr: VA(0x20000000), access: Store, result: no permission
[0m[31m[117.581] tid 345 pid 345: [do_page_fault] addr: VA(0x20000000), access: Store, result: no permission
[0m[31m[117.582] tid 345 pid 345: [do_page_fault] addr: VA(0x20000000), access: Store, result: no permission
[0m[31m[117.583] tid 345 pid 345: [do_page_fault] addr: VA(0x20000000), access: Store, result: no permission
[0m[31m[117.584] tid 345 pid 345: [do_page_fault] addr: VA(0x20000000), access: Store, result: no permission
[0m[31m[117.584] tid 345 pid 345: [do_page_fault] addr: VA(0x20000000), access: Store, result: no permission
[0m[31m[117.585] tid 345 pid 345: [do_page_fault] addr: VA(0x20000000), access: Store, result: no permission
[0m[31m[117.586] tid 345 pid 345: [do_page_fault] addr: VA(0x20000000), access: Store, result: no permission
[0m[31m[117.587] tid 345 pid 345: [do_page_fault] addr: VA(0x20000000), access: Store, result: no permission
[0m[31m[117.587] tid 345 pid 345: [do_page_fault] addr: VA(0x20000000), access: Store, result: no permission
[0m[31m[117.588] tid 345 pid 345: [do_page_fault] addr: VA(0x20000000), access: Store, result: no permission
[0m[31m[117.589] tid 345 pid 345: [do_page_fault] addr: VA(0x20000000), access: Store, result: no permission
[0m[31m[117.590] tid 345 pid 345: [do_page_fault] addr: VA(0x20000000), access: Store, result: no permission
[0m[31m[117.590] tid 345 pid 345: [do_page_fault] addr: VA(0x20000000), access: Store, result: no permission
[0m[31m[117.591] tid 345 pid 345: [do_page_fault] addr: VA(0x20000000), access: Store, result: no permission
[0m[31m[117.592] tid 345 pid 345: [do_page_fault] addr: VA(0x20000000), access: Store, result: no permission
[0m[31m[117.593] tid 345 pid 345: [do_page_fault] addr: VA(0x20000000), access: Store, result: no permission
[0m[31m[117.593] tid 345 pid 345: [do_page_fault] addr: VA(0x20000000), access: Store, result: no permission
[0m[31m[117.594] tid 345 pid 345: [do_page_fault] addr: VA(0x20000000), access: Store, result: no permission
[0m[31m[117.595] tid 345 pid 345: [do_page_fault] addr: VA(0x20000000), access: Store, result: no permission
[0m[31m[117.596] tid 345 pid 345: [do_page_fault] addr: VA(0x20000000), access: Store, result: no permission
[0m[31m[117.597] tid 345 pid 345: [do_page_fault] addr: VA(0x20000000), access: Store, result: no permission
[0m[31m[117.597] tid 345 pid 345: [do_page_fault] addr: VA(0x20000000), access: Store, result: no permission
[0m[31m[117.598] tid 345 pid 345: [do_page_fault] addr: VA(0x20000000), access: Store, result: no permission
[0m[31m[117.599] tid 345 pid 345: [do_page_fault] addr: VA(0x20000000), access: Store, result: no permission
[0m[31m[117.600] tid 345 pid 345: [do_page_fault] addr: VA(0x20000000), access: Store, result: no permission
[0m[31m[117.600] tid 345 pid 345: [do_page_fault] addr: VA(0x20000000), access: Store, result: no permission
[0m[31m[117.601] tid 345 pid 345: [do_page_fault] addr: VA(0x20000000), access: Store, result: no permission
[0m[31m[117.602] tid 345 pid 345: [do_page_fault] addr: VA(0x20000000), access: Store, result: no permission
[0m[31m[117.603] tid 345 pid 345: [do_page_fault] addr: VA(0x20000000), access: Store, result: no permission
[0m[31m[117.603] tid 345 pid 345: [do_page_fault] addr: VA(0x20000000), access: Store, result: no permission
[0m[31m[117.604] tid 345 pid 345: [do_page_fault] addr: VA(0x20000000), access: Store, result: no permission
[0m[31m[117.605] tid 345 pid 345: [do_page_fault] addr: VA(0x20000000), access: Store, result: no permission
[0m[31m[117.606] tid 345 pid 345: [do_page_fault] addr: VA(0x20000000), access: Store, result: no permission
[0m[31m[117.607] tid 345 pid 345: [do_page_fault] addr: VA(0x20000000), access: Store, result: no permission
[0m[31m[117.607] tid 345 pid 345: [do_page_fault] addr: VA(0x20000000), access: Store, result: no permission
[0m[31m[117.608] tid 345 pid 345: [do_page_fault] addr: VA(0x20000000), access: Store, result: no permission
[0m[31m[117.609] tid 345 pid 345: [do_page_fault] addr: VA(0x20000000), access: Store, result: no permission
[0m[31m[117.611] tid 345 pid 345: [do_page_fault] addr: VA(0x20000000), access: Store, result: no permission
[0m[31m[117.612] tid 345 pid 345: [do_page_fault] addr: VA(0x20000000), access: Store, result: no permission
[0m[31m[117.614] tid 345 pid 345: [do_page_fault] addr: VA(0x20000000), access: Store, result: no permission
[0mProtection fault: 591.0278 microseconds
Pipe latency: 566.3487 microseconds
Process fork+exit: 6748.0000 microseconds
Process fork+execve: 7005.0000 microseconds
Process fork+/bin/sh -c: 54778.0000 microseconds
File /var/tmp/XXX write bandwidth:58806 KB/sec
Pagefaults on /var/tmp/XXX: 106.4180 microseconds
0.524288 602
file system latency
0k	13	2445	2518
1k	11	1926	2402
4k	10	1873	2390
10k	10	1793	2369
Bandwidth measurements
Pipe bandwidth: 37.97 MB/sec
0.524288 97.46
0.524288 91.87
0.524288 4458.55
0.524288 38.58
context switch overhead

"size=32k ovr=193.43
2 122.18
4 118.42
8 127.36
16 146.07
24 164.24
[perf] clone clone=512 thread=0 share_vm=0 stack_alloc=512 exit=486 clear_tid=347 keep_trap=0 trap_store=0 trap_skip=486 trap_hit=0 trap_miss=0 kstack_hit=485 kstack_miss=27 kstack_store=486 kstack_drop=0 zombie_enq=486 zombie_drain=486 sched=95925 fetch=95925 idle=0 timer=19431 fut_wait=0 fut_wait_shared=0 fut_wait_deadline=0 fut_ready=0 fut_timeout=0 fut_intr=0 fut_wake=347 fut_wake_shared=0 fut_wake_hit=0 sc_clone=511 sc_futex=0 sc_mmap=791 sc_munmap=487 sc_mprotect=73 sc_settid=368 sc_robust=139 sc_exit=0 sc_yield=164885 tlb=1906555 tlb_full=2653 tlb_page=1903902 tlb_act=1 tlb_glob=0 frame_alloc=728650 frame_free=725208 pgfault=15920 vfs=0 fr_total=186556 fr_fresh=186517 fr_recycled=39 fr_ratio=0.0002 last_sys=135 last_ret=0
[vfs-find] clone calls=91952 hit=0 miss=0 avg=0us lock=0us inner=0us insert=0us
[mount_perf] propagate=2 prop_cycles=657776 remove_fs=0 rf_scan=0 rbind=0 rbind_cycles=0 rbind_entries=0 dirent_calls=0 seen_scan=0
[perf] exit clone=520 thread=0 share_vm=0 stack_alloc=520 exit=512 clear_tid=347 keep_trap=0 trap_store=0 trap_skip=512 trap_hit=0 trap_miss=0 kstack_hit=486 kstack_miss=35 kstack_store=511 kstack_drop=0 zombie_enq=511 zombie_drain=511 sched=97405 fetch=97405 idle=0 timer=19924 fut_wait=0 fut_wait_shared=0 fut_wait_deadline=0 fut_ready=0 fut_timeout=0 fut_intr=0 fut_wake=347 fut_wake_shared=0 fut_wake_hit=0 sc_clone=520 sc_futex=0 sc_mmap=791 sc_munmap=487 sc_mprotect=73 sc_settid=368 sc_robust=139 sc_exit=0 sc_yield=164963 tlb=1913175 tlb_full=2693 tlb_page=1910482 tlb_act=1 tlb_glob=0 frame_alloc=728931 frame_free=725783 pgfault=16103 vfs=0 fr_total=186779 fr_fresh=186204 fr_recycled=575 fr_ratio=0.0031 last_sys=63 last_ret=0
[vfs-find] exit calls=91952 hit=0 miss=0 avg=0us lock=0us inner=0us insert=0us
[mount_perf] propagate=2 prop_cycles=657776 remove_fs=0 rf_scan=0 rbind=0 rbind_cycles=0 rbind_entries=0 dirent_calls=0 seen_scan=0
32 253.67
64 795.81
96 5016.82
#### OS COMP TEST GROUP END lmbench-musl ####
[initproc] done lmbench_testcode.sh in /musl exit_code=0
[timer] group lmbench in /musl took 87s
[profile] end lmbench-musl-end
[profile] begin lmbench-glibc-begin
#### OS COMP TEST GROUP START lmbench-glibc ####
latency measurements
Simple syscall: 36.5956 microseconds
Simple read: 83.9118 microseconds
Simple write: 42.0758 microseconds
Simple stat: 196.3704 microseconds
Simple fstat: 98.4655 microseconds
Simple open/close: 239.9130 microseconds
Select on 100 fd's: 235.4167 microseconds
Signal handler installation: 95.1491 microseconds
Signal handler overhead: 132.3770 microseconds
[31m[198.689] tid 707 pid 707: [do_page_fault] addr: VA(0x20000000), access: Store, result: no permission
[0m[31m[198.691] tid 707 pid 707: [do_page_fault] addr: VA(0x20000000), access: Store, result: no permission
[0m[31m[198.692] tid 707 pid 707: [do_page_fault] addr: VA(0x20000000), access: Store, result: no permission
[0m[31m[198.693] tid 707 pid 707: [do_page_fault] addr: VA(0x20000000), access: Store, result: no permission
[0m[31m[198.696] tid 707 pid 707: [do_page_fault] addr: VA(0x20000000), access: Store, result: no permission
[0m[31m[198.698] tid 707 pid 707: [do_page_fault] addr: VA(0x20000000), access: Store, result: no permission
[0m[31m[198.698] tid 707 pid 707: [do_page_fault] addr: VA(0x20000000), access: Store, result: no permission
[0m[31m[198.699] tid 707 pid 707: [do_page_fault] addr: VA(0x20000000), access: Store, result: no permission
[0m[31m[198.700] tid 707 pid 707: [do_page_fault] addr: VA(0x20000000), access: Store, result: no permission
[0m[31m[198.700] tid 707 pid 707: [do_page_fault] addr: VA(0x20000000), access: Store, result: no permission
[0m[31m[198.701] tid 707 pid 707: [do_page_fault] addr: VA(0x20000000), access: Store, result: no permission
[0m[31m[198.702] tid 707 pid 707: [do_page_fault] addr: VA(0x20000000), access: Store, result: no permission
[0m[31m[198.702] tid 707 pid 707: [do_page_fault] addr: VA(0x20000000), access: Store, result: no permission
[0m[31m[198.704] tid 707 pid 707: [do_page_fault] addr: VA(0x20000000), access: Store, result: no permission
[0m[31m[198.705] tid 707 pid 707: [do_page_fault] addr: VA(0x20000000), access: Store, result: no permission
[0m[31m[198.705] tid 707 pid 707: [do_page_fault] addr: VA(0x20000000), access: Store, result: no permission
[0m[31m[198.706] tid 707 pid 707: [do_page_fault] addr: VA(0x20000000), access: Store, result: no permission
[0m[31m[198.707] tid 707 pid 707: [do_page_fault] addr: VA(0x20000000), access: Store, result: no permission
[0m[31m[198.708] tid 707 pid 707: [do_page_fault] addr: VA(0x20000000), access: Store, result: no permission
[0m[31m[198.708] tid 707 pid 707: [do_page_fault] addr: VA(0x20000000), access: Store, result: no permission
[0m[31m[198.709] tid 707 pid 707: [do_page_fault] addr: VA(0x20000000), access: Store, result: no permission
[0m[31m[198.710] tid 707 pid 707: [do_page_fault] addr: VA(0x20000000), access: Store, result: no permission
[0m[31m[198.711] tid 707 pid 707: [do_page_fault] addr: VA(0x20000000), access: Store, result: no permission
[0m[31m[198.712] tid 707 pid 707: [do_page_fault] addr: VA(0x20000000), access: Store, result: no permission
[0m[31m[198.712] tid 707 pid 707: [do_page_fault] addr: VA(0x20000000), access: Store, result: no permission
[0m[31m[198.713] tid 707 pid 707: [do_page_fault] addr: VA(0x20000000), access: Store, result: no permission
[0m[31m[198.714] tid 707 pid 707: [do_page_fault] addr: VA(0x20000000), access: Store, result: no permission
[0m[31m[198.715] tid 707 pid 707: [do_page_fault] addr: VA(0x20000000), access: Store, result: no permission
[0m[31m[198.715] tid 707 pid 707: [do_page_fault] addr: VA(0x20000000), access: Store, result: no permission
[0m[31m[198.716] tid 707 pid 707: [do_page_fault] addr: VA(0x20000000), access: Store, result: no permission
[0m[31m[198.717] tid 707 pid 707: [do_page_fault] addr: VA(0x20000000), access: Store, result: no permission
[0m[31m[198.718] tid 707 pid 707: [do_page_fault] addr: VA(0x20000000), access: Store, result: no permission
[0m[31m[198.719] tid 707 pid 707: [do_page_fault] addr: VA(0x20000000), access: Store, result: no permission
[0m[31m[198.719] tid 707 pid 707: [do_page_fault] addr: VA(0x20000000), access: Store, result: no permission
[0m[31m[198.720] tid 707 pid 707: [do_page_fault] addr: VA(0x20000000), access: Store, result: no permission
[0m[31m[198.721] tid 707 pid 707: [do_page_fault] addr: VA(0x20000000), access: Store, result: no permission
[0m[31m[198.721] tid 707 pid 707: [do_page_fault] addr: VA(0x20000000), access: Store, result: no permission
[0m[31m[198.723] tid 707 pid 707: [do_page_fault] addr: VA(0x20000000), access: Store, result: no permission
[0m[31m[198.723] tid 707 pid 707: [do_page_fault] addr: VA(0x20000000), access: Store, result: no permission
[0m[31m[198.724] tid 707 pid 707: [do_page_fault] addr: VA(0x20000000), access: Store, result: no permission
[0m[31m[198.725] tid 707 pid 707: [do_page_fault] addr: VA(0x20000000), access: Store, result: no permission
[0m[31m[198.726] tid 707 pid 707: [do_page_fault] addr: VA(0x20000000), access: Store, result: no permission
[0m[31m[198.727] tid 707 pid 707: [do_page_fault] addr: VA(0x20000000), access: Store, result: no permission
[0m[31m[198.727] tid 707 pid 707: [do_page_fault] addr: VA(0x20000000), access: Store, result: no permission
[0m[31m[198.728] tid 707 pid 707: [do_page_fault] addr: VA(0x20000000), access: Store, result: no permission
[0m[31m[198.729] tid 707 pid 707: [do_page_fault] addr: VA(0x20000000), access: Store, result: no permission
[0m[31m[198.730] tid 707 pid 707: [do_page_fault] addr: VA(0x20000000), access: Store, result: no permission
[0m[31m[198.731] tid 707 pid 707: [do_page_fault] addr: VA(0x20000000), access: Store, result: no permission
[0m[31m[198.731] tid 707 pid 707: [do_page_fault] addr: VA(0x20000000), access: Store, result: no permission
[0m[31m[198.732] tid 707 pid 707: [do_page_fault] addr: VA(0x20000000), access: Store, result: no permission
[0m[31m[198.733] tid 707 pid 707: [do_page_fault] addr: VA(0x20000000), access: Store, result: no permission
[0m[31m[198.734] tid 707 pid 707: [do_page_fault] addr: VA(0x20000000), access: Store, result: no permission
[0m[31m[198.734] tid 707 pid 707: [do_page_fault] addr: VA(0x20000000), access: Store, result: no permission
[0m[31m[198.736] tid 707 pid 707: [do_page_fault] addr: VA(0x20000000), access: Store, result: no permission
[0m[31m[198.736] tid 707 pid 707: [do_page_fault] addr: VA(0x20000000), access: Store, result: no permission
[0m[31m[198.737] tid 707 pid 707: [do_page_fault] addr: VA(0x20000000), access: Store, result: no permission
[0m[31m[198.738] tid 707 pid 707: [do_page_fault] addr: VA(0x20000000), access: Store, result: no permission
[0m[31m[198.739] tid 707 pid 707: [do_page_fault] addr: VA(0x20000000), access: Store, result: no permission
[0m[31m[198.739] tid 707 pid 707: [do_page_fault] addr: VA(0x20000000), access: Store, result: no permission
[0m[31m[198.740] tid 707 pid 707: [do_page_fault] addr: VA(0x20000000), access: Store, result: no permission
[0m[31m[198.741] tid 707 pid 707: [do_page_fault] addr: VA(0x20000000), access: Store, result: no permission
[0m[31m[198.742] tid 707 pid 707: [do_page_fault] addr: VA(0x20000000), access: Store, result: no permission
[0m[31m[198.743] tid 707 pid 707: [do_page_fault] addr: VA(0x20000000), access: Store, result: no permission
[0m[31m[198.743] tid 707 pid 707: [do_page_fault] addr: VA(0x20000000), access: Store, result: no permission
[0m[31m[198.744] tid 707 pid 707: [do_page_fault] addr: VA(0x20000000), access: Store, result: no permission
[0m[31m[198.745] tid 707 pid 707: [do_page_fault] addr: VA(0x20000000), access: Store, result: no permission
[0m[31m[198.746] tid 707 pid 707: [do_page_fault] addr: VA(0x20000000), access: Store, result: no permission
[0m[31m[198.746] tid 707 pid 707: [do_page_fault] addr: VA(0x20000000), access: Store, result: no permission
[0m[31m[198.747] tid 707 pid 707: [do_page_fault] addr: VA(0x20000000), access: Store, result: no permission
[0m[31m[198.748] tid 707 pid 707: [do_page_fault] addr: VA(0x20000000), access: Store, result: no permission
[0m[31m[198.749] tid 707 pid 707: [do_page_fault] addr: VA(0x20000000), access: Store, result: no permission
[0m[31m[198.750] tid 707 pid 707: [do_page_fault] addr: VA(0x20000000), access: Store, result: no permission
[0m[31m[198.751] tid 707 pid 707: [do_page_fault] addr: VA(0x20000000), access: Store, result: no permission
[0m[31m[198.751] tid 707 pid 707: [do_page_fault] addr: VA(0x20000000), access: Store, result: no permission
[0m[31m[198.752] tid 707 pid 707: [do_page_fault] addr: VA(0x20000000), access: Store, result: no permission
[0m[31m[198.753] tid 707 pid 707: [do_page_fault] addr: VA(0x20000000), access: Store, result: no permission
[0m[31m[198.753] tid 707 pid 707: [do_page_fault] addr: VA(0x20000000), access: Store, result: no permission
[0m[31m[198.755] tid 707 pid 707: [do_page_fault] addr: VA(0x20000000), access: Store, result: no permission
[0m[31m[198.756] tid 707 pid 707: [do_page_fault] addr: VA(0x20000000), access: Store, result: no permission
[0m[31m[198.756] tid 707 pid 707: [do_page_fault] addr: VA(0x20000000), access: Store, result: no permission
[0m[31m[198.757] tid 707 pid 707: [do_page_fault] addr: VA(0x20000000), access: Store, result: no permission
[0m[31m[198.758] tid 707 pid 707: [do_page_fault] addr: VA(0x20000000), access: Store, result: no permission
[0m[31m[198.758] tid 707 pid 707: [do_page_fault] addr: VA(0x20000000), access: Store, result: no permission
[0m[31m[198.759] tid 707 pid 707: [do_page_fault] addr: VA(0x20000000), access: Store, result: no permission
[0m[31m[198.760] tid 707 pid 707: [do_page_fault] addr: VA(0x20000000), access: Store, result: no permission
[0m[31m[198.761] tid 707 pid 707: [do_page_fault] addr: VA(0x20000000), access: Store, result: no permission
[0m[31m[198.762] tid 707 pid 707: [do_page_fault] addr: VA(0x20000000), access: Store, result: no permission
[0m[31m[198.763] tid 707 pid 707: [do_page_fault] addr: VA(0x20000000), access: Store, result: no permission
[0m[31m[198.763] tid 707 pid 707: [do_page_fault] addr: VA(0x20000000), access: Store, result: no permission
[0m[31m[198.764] tid 707 pid 707: [do_page_fault] addr: VA(0x20000000), access: Store, result: no permission
[0m[31m[198.765] tid 707 pid 707: [do_page_fault] addr: VA(0x20000000), access: Store, result: no permission
[0m[31m[198.766] tid 707 pid 707: [do_page_fault] addr: VA(0x20000000), access: Store, result: no permission
[0m[31m[198.766] tid 707 pid 707: [do_page_fault] addr: VA(0x20000000), access: Store, result: no permission
[0m[31m[198.768] tid 707 pid 707: [do_page_fault] addr: VA(0x20000000), access: Store, result: no permission
[0m[31m[198.769] tid 707 pid 707: [do_page_fault] addr: VA(0x20000000), access: Store, result: no permission
[0m[31m[198.771] tid 707 pid 707: [do_page_fault] addr: VA(0x20000000), access: Store, result: no permission
[0m[31m[198.772] tid 707 pid 707: [do_page_fault] addr: VA(0x20000000), access: Store, result: no permission
[0m[31m[198.773] tid 707 pid 707: [do_page_fault] addr: VA(0x20000000), access: Store, result: no permission
[0mProtection fault: 593.6250 microseconds
Pipe latency: 582.0692 microseconds
Process fork+exit: 7976.0000 microseconds
Process fork+execve: 8250.0000 microseconds
Process fork+/bin/sh -c: 56344.0000 microseconds
File /var/tmp/XXX write bandwidth:61295 KB/sec
Pagefaults on /var/tmp/XXX: 109.7930 microseconds
0.524288 605
file system latency
0k	2232	2130	2176
1k	1954	1740	2131
4k	1884	1705