[strict-cpython] fetching and verifying pinned sources
patching file Lib/ctypes/util.py
Hunk #1 succeeded at 377 (offset 173 lines).
checking build system type... x86_64-pc-linux-gnu
checking host system type... loongarch64-unknown-linux-musl
checking for --with-build-python... /app/target/cpython-strict/host-python/bin/python3.14
checking for Python interpreter freezing... /app/target/cpython-strict/host-python/bin/python3.14
checking for python3.14... (cached) /app/target/cpython-strict/host-python/bin/python3.14
checking Python for regen version... Python 3.14.5
checking for loongarch64-linux-musl-pkg-config... no
checking for pkg-config... /usr/bin/pkg-config
configure: WARNING: using cross tools not prefixed with host triplet
checking pkg-config is at least version 0.9.0... yes
checking MACHDEP... "linux"
checking for --enable-universalsdk... no
checking for --with-universal-archs... no
checking for --with-app-store-compliance... not patching for app store compliance
checking for loongarch64-linux-musl-gcc... /app/target/cpython-strict/cross/loongarch64-linux-musl-gcc
checking whether the C compiler works... yes
checking for C compiler default output file name... a.out
checking for suffix of executables... 
checking whether we are cross compiling... yes
checking for suffix of object files... o
checking whether the compiler supports GNU C... yes
checking whether /app/target/cpython-strict/cross/loongarch64-linux-musl-gcc accepts -g... yes
checking for /app/target/cpython-strict/cross/loongarch64-linux-musl-gcc option to enable C11 features... none needed
checking how to run the C preprocessor... /app/target/cpython-strict/cross/loongarch64-linux-musl-gcc -E
checking for grep that handles long lines and -e... /usr/bin/grep
checking for a sed that does not truncate output... /usr/bin/sed
checking for egrep... /usr/bin/grep -E
checking for CC compiler name... gcc
checking for stdio.h... yes
checking for stdlib.h... yes
checking for string.h... yes
checking for inttypes.h... yes
checking for stdint.h... yes
checking for strings.h... yes
checking for sys/stat.h... yes
checking for sys/types.h... yes
checking for unistd.h... yes
checking for wchar.h... yes
checking for minix/config.h... no
checking whether it is safe to define __EXTENSIONS__... yes
checking whether _XOPEN_SOURCE should be defined... no
checking for GCC compatible compiler... yes
checking for the platform triplet based on compiler characteristics... none
checking for multiarch... 
checking for PEP 11 support tier... configure: WARNING: loongarch64-unknown-linux-musl/gcc is not supported
checking for -Wl,--no-as-needed... yes
checking for the Android API level... not Android
checking for --enable-wasm-dynamic-linking... missing
checking for --enable-wasm-pthreads... missing
checking for --with-suffix... 
checking for case-insensitive build directory... yes
checking LIBRARY... libpython$(VERSION)$(ABIFLAGS).a
checking LINKCC... $(PURIFY) $(CC)
checking EXPORTSYMS... 
checking for GNU ld... yes
checking for --enable-shared... yes
checking for --with-static-libpython... yes
checking for --enable-profiling... no
checking LDLIBRARY... libpython$(LDVERSION).so
checking HOSTRUNNER... /usr/bin/qemu-loongarch64-static -L /app/target/cpython-strict/sysroot -E LD_LIBRARY_PATH=/app/target/cpython-strict/build/python-target:/app/target/cpython-strict/sysroot/usr/lib:/app/target/cpython-strict/sysroot/lib
checking for loongarch64-linux-musl-ar... /app/target/cpython-strict/toolchain/full-gcc-15.2.0-musl-20250911/loongarch64-unknown-linux-musl/bin/loongarch64-unknown-linux-musl-gcc-ar
checking for a BSD-compatible install... /usr/bin/install -c
checking for a race-free mkdir -p... /usr/bin/mkdir -p
checking for --disable-gil... no
checking for --with-pydebug... no
checking for --with-trace-refs... no
checking for --enable-pystats... no
checking for --with-assertions... no
checking for --enable-optimizations... yes
checking whether C compiler accepts -fno-semantic-interposition... yes
checking PROFILE_TASK... -m test --pgo --timeout=$(TESTTIMEOUT)
checking for --with-lto... yes
checking for loongarch64-linux-musl-llvm-profdata... no
checking for llvm-profdata... no
checking for i686... no
checking whether C compiler accepts -fprofile-update=atomic... yes
checking for --enable-bolt... no
checking BOLT_COMMON_FLAGS... checking BOLT_INSTRUMENT_FLAGS...  -update-debug-sections -skip-funcs=_PyEval_EvalFrameDefault,sre_ucs1_match/1,sre_ucs2_match/1,sre_ucs4_match/1 
checking BOLT_APPLY_FLAGS...   -update-debug-sections -skip-funcs=_PyEval_EvalFrameDefault,sre_ucs1_match/1,sre_ucs2_match/1,sre_ucs4_match/1  -reorder-blocks=ext-tsp -reorder-functions=cdsort -split-functions -icf=1 -inline-all -split-eh -reorder-functions-use-hot-size -peepholes=none -jump-tables=aggressive -inline-ap -indirect-call-promotion=all -dyno-stats -use-gnu-stack -frame-opt=hot 
checking if /app/target/cpython-strict/cross/loongarch64-linux-musl-gcc supports -fstrict-overflow and -fno-strict-overflow... yes
checking for --with-strict-overflow... no
checking if /app/target/cpython-strict/cross/loongarch64-linux-musl-gcc supports -Og optimization level... yes
checking for --enable-safety... no
checking for --enable-slower-safety... no
checking if we can add -Wextra... yes
checking whether /app/target/cpython-strict/cross/loongarch64-linux-musl-gcc -fno-strict-aliasing accepts and needs -fno-strict-aliasing... no
checking if we can disable /app/target/cpython-strict/cross/loongarch64-linux-musl-gcc unused-parameter warning... yes
checking if we can disable /app/target/cpython-strict/cross/loongarch64-linux-musl-gcc int-conversion warning... yes
checking if we can disable /app/target/cpython-strict/cross/loongarch64-linux-musl-gcc missing-field-initializers warning... yes
checking if we can enable /app/target/cpython-strict/cross/loongarch64-linux-musl-gcc sign-compare warning... yes
checking if we can enable /app/target/cpython-strict/cross/loongarch64-linux-musl-gcc unreachable-code warning... yes
checking if we can enable /app/target/cpython-strict/cross/loongarch64-linux-musl-gcc strict-prototypes warning... yes
checking if we can make implicit function declaration an error in /app/target/cpython-strict/cross/loongarch64-linux-musl-gcc -Werror=implicit-function-declaration... yes
checking if we can use visibility in /app/target/cpython-strict/cross/loongarch64-linux-musl-gcc -fvisibility=hidden... yes
checking for --enable-experimental-jit...  
checking whether pthreads are available without options... (cached) yes
checking whether /app/target/cpython-strict/cross/loongarch64-linux-musl-g++ also accepts flags for thread support... (cached) yes
checking for alloca.h... yes
checking for asm/types.h... yes
checking for bluetooth.h... no
checking for conio.h... no
checking for direct.h... no
checking for dlfcn.h... yes
checking for endian.h... yes
checking for errno.h... yes
checking for fcntl.h... yes
checking for grp.h... yes
checking for io.h... no
checking for langinfo.h... yes
checking for libintl.h... yes
checking for libutil.h... no
checking for linux/auxvec.h... yes
checking for sys/auxv.h... yes
checking for linux/fs.h... yes
checking for linux/limits.h... yes
checking for linux/memfd.h... yes
checking for linux/netfilter_ipv4.h... yes
checking for linux/random.h... yes
checking for linux/soundcard.h... yes
checking for linux/sched.h... yes
checking for linux/tipc.h... yes
checking for linux/wait.h... yes
checking for netdb.h... yes
checking for net/ethernet.h... yes
checking for netinet/in.h... yes
checking for netpacket/packet.h... yes
checking for poll.h... yes
checking for process.h... no
checking for pthread.h... yes
checking for pty.h... yes
checking for sched.h... yes
checking for setjmp.h... yes
checking for shadow.h... yes
checking for signal.h... yes
checking for spawn.h... yes
checking for stropts.h... yes
checking for sys/audioio.h... no
checking for sys/bsdtty.h... no
checking for sys/devpoll.h... no
checking for sys/endian.h... no
checking for sys/epoll.h... yes
checking for sys/event.h... no
checking for sys/eventfd.h... yes
checking for sys/file.h... yes
checking for sys/ioctl.h... yes
checking for sys/kern_control.h... no
checking for sys/loadavg.h... no
checking for sys/lock.h... no
checking for sys/memfd.h... no
checking for sys/mkdev.h... no
checking for sys/mman.h... yes
checking for sys/modem.h... no
checking for sys/param.h... yes
checking for sys/pidfd.h... no
checking for sys/poll.h... yes
checking for sys/random.h... yes
checking for sys/resource.h... yes
checking for sys/select.h... yes
checking for sys/sendfile.h... yes
checking for sys/socket.h... yes
checking for sys/soundcard.h... yes
checking for sys/stat.h... (cached) yes
checking for sys/statvfs.h... yes
checking for sys/sys_domain.h... no
checking for sys/syscall.h... yes
checking for sys/sysmacros.h... yes
checking for sys/termio.h... no
checking for sys/time.h... yes
checking for sys/times.h... yes
checking for sys/timerfd.h... yes
checking for sys/types.h... (cached) yes
checking for sys/uio.h... yes
checking for sys/un.h... yes
checking for sys/utsname.h... yes
checking for sys/wait.h... yes
checking for sys/xattr.h... yes
checking for sysexits.h... yes
checking for syslog.h... yes
checking for termios.h... yes
checking for util.h... no
checking for utime.h... yes
checking for utmp.h... yes
checking for dirent.h that defines DIR... yes
checking for library containing opendir... none required
checking for sys/mkdev.h... (cached) no
checking for sys/sysmacros.h... (cached) yes
checking for bluetooth/bluetooth.h... no
checking for net/if.h... yes
checking for linux/netlink.h... yes
checking for netlink/netlink.h... no
checking for linux/qrtr.h... yes
checking for linux/vm_sockets.h... yes
checking for linux/can.h... yes
checking for linux/can/bcm.h... yes
checking for linux/can/j1939.h... yes
checking for linux/can/raw.h... yes
checking for netcan/can.h... no
checking for clock_t... yes
checking for makedev... yes
checking for le64toh... yes
checking for mode_t... yes
checking for off_t... yes
checking for pid_t... yes
checking for size_t... yes
checking for uid_t... yes
checking for gid_t... yes
checking for ssize_t... yes
checking for __uint128_t... yes
checking size of int... 4
checking size of long... 8
checking alignment of long... 8
checking size of long long... 8
checking size of void *... 8
checking size of short... 2
checking size of float... 4
checking size of double... 8
checking size of fpos_t... 16
checking size of size_t... 8
checking alignment of size_t... 8
checking size of pid_t... 4
checking size of uintptr_t... 8
checking alignment of max_align_t... 16
checking for long double... yes
checking size of long double... 16
checking size of _Bool... 1
checking size of off_t... 8
checking whether to enable large file support... no
checking size of time_t... 8
checking for pthread_t... yes
checking size of pthread_t... 8
checking size of pthread_key_t... 4
checking whether pthread_key_t is compatible with int... yes
checking for --enable-framework... no
checking for --with-dsymutil... no
checking for dyld... no
checking for --with-address-sanitizer... no
checking for --with-memory-sanitizer... no
checking for --with-undefined-behavior-sanitizer... no
checking for --with-thread-sanitizer... no
checking the extension of shared libraries... .so
checking LDSHARED... $(CC) -shared
checking BLDSHARED flags... $(CC) -shared
checking CCSHARED... -fPIC
checking LINKFORSHARED... -Xlinker -export-dynamic
checking CFLAGSFORSHARED... $(CCSHARED)
checking SHLIBS... $(LIBS)
checking perf trampoline... no
checking for sendfile in -lsendfile... no
checking for dlopen in -ldl... yes
checking for shl_load in -ldld... no
checking for execinfo.h... no
checking for link.h... yes
checking for backtrace... no
checking for dladdr1... no
checking for dlfcn.h... (cached) yes
checking for backtrace... (cached) no
checking for dladdr1... (cached) no
checking for uuid.h... no
checking for uuid >= 2.20... no
checking for uuid/uuid.h... no
checking for uuid/uuid.h... (cached) no
checking for library containing sem_init... none required
checking for textdomain in -lintl... no
checking aligned memory access is required... (cached) yes
checking for --with-hash-algorithm... default
checking for --with-tzpath... "/usr/share/zoneinfo:/usr/lib/zoneinfo:/usr/share/lib/zoneinfo:/etc/zoneinfo"
checking for t_open in -lnsl... no
checking for socket in -lsocket... no
checking for --with-libs... no
checking for --with-system-expat... yes
checking for libffi... yes
checking for ffi_prep_cif_var... yes
checking for ffi_prep_closure_loc... yes
checking for ffi_closure_alloc... yes
checking libffi has complex type support... no
checking for --with-system-libmpdec... yes
checking for libmpdec >= 2.5.0... yes
checking for --with-decimal-contextvar... yes
checking for sqlite3 >= 3.15.2... yes
checking for sqlite3.h... yes
checking for sqlite3_bind_double in -lsqlite3... yes
checking for sqlite3_column_decltype in -lsqlite3... yes
checking for sqlite3_column_double in -lsqlite3... yes
checking for sqlite3_complete in -lsqlite3... yes
checking for sqlite3_progress_handler in -lsqlite3... yes
checking for sqlite3_result_double in -lsqlite3... yes
checking for sqlite3_set_authorizer in -lsqlite3... yes
checking for sqlite3_trace_v2 in -lsqlite3... yes
checking for sqlite3_value_double in -lsqlite3... yes
checking for sqlite3_load_extension in -lsqlite3... yes
checking for sqlite3_serialize in -lsqlite3... yes
checking for --enable-loadable-sqlite-extensions... yes
checking for gdbm.h... no
checking for ndbm.h... no
checking for ndbm presence and linker args...  ()
checking for gdbm/ndbm.h... no
checking for gdbm-ndbm.h... no
checking for db.h... no
checking for --with-dbmliborder... gdbm:ndbm:bdb
checking for _dbm module CFLAGS and LIBS...  
checking if PTHREAD_SCOPE_SYSTEM is supported... no
checking for pthread_sigmask... yes
checking for pthread_getcpuclockid... yes
checking if --enable-ipv6 is specified... yes
checking CAN_RAW_FD_FRAMES... yes
checking for CAN_RAW_JOIN_FILTERS... yes
checking for --with-doc-strings... yes
checking for stdatomic.h... yes
checking for builtin __atomic_load_n and __atomic_store_n functions... yes
checking for --with-mimalloc... yes
checking for --with-pymalloc... yes
checking for --with-c-locale-coercion... yes
checking for --with-valgrind... no
checking for --with-dtrace... no
checking for dlopen... yes
checking DYNLOADFILE... dynload_shlib.o
checking MACHDEP_OBJS... none
checking for accept4... yes
checking for alarm... yes
checking for bind_textdomain_codeset... yes
checking for chmod... yes
checking for chown... yes
checking for clock... yes
checking for closefrom... no
checking for close_range... no
checking for confstr... yes
checking for copy_file_range... yes
checking for ctermid... yes
checking for dladdr... yes
checking for dup... yes
checking for dup3... yes
checking for execv... yes
checking for explicit_bzero... yes
checking for explicit_memset... no
checking for faccessat... yes
checking for fchmod... yes
checking for fchmodat... yes
checking for fchown... yes
checking for fchownat... yes
checking for fdopendir... yes
checking for fdwalk... no
checking for fexecve... yes
checking for fork... yes
checking for fork1... no
checking for fpathconf... yes
checking for fstatat... yes
checking for ftime... yes
checking for ftruncate... yes
checking for futimens... yes
checking for futimes... yes
checking for futimesat... yes
checking for gai_strerror... yes
checking for getegid... yes
checking for geteuid... yes
checking for getgid... yes
checking for getgrent... yes
checking for getgrgid... yes
checking for getgrgid_r... yes
checking for getgrnam_r... yes
checking for getgrouplist... yes
checking for gethostname... yes
checking for getitimer... yes
checking for getloadavg... yes
checking for getlogin... yes
checking for getlogin_r... yes
checking for getpeername... yes
checking for getpgid... yes
checking for getpid... yes
checking for getppid... yes
checking for getpriority... yes
checking for _getpty... no
checking for getpwent... yes
checking for getpwnam_r... yes
checking for getpwuid... yes
checking for getpwuid_r... yes
checking for getresgid... yes
checking for getresuid... yes
checking for getrusage... yes
checking for getsid... yes
checking for getspent... yes
checking for getspnam... yes
checking for getuid... yes
checking for getwd... no
checking for grantpt... yes
checking for if_nameindex... yes
checking for initgroups... yes
checking for kill... yes
checking for killpg... yes
checking for lchown... yes
checking for linkat... yes
checking for lockf... yes
checking for lstat... yes
checking for lutimes... yes
checking for madvise... yes
checking for mbrtowc... yes
checking for memrchr... yes
checking for mkdirat... yes
checking for mkfifo... yes
checking for mkfifoat... yes
checking for mknod... yes
checking for mknodat... yes
checking for mktime... yes
checking for mmap... yes
checking for mremap... yes
checking for nice... yes
checking for openat... yes
checking for opendir... yes
checking for pathconf... yes
checking for pause... yes
checking for pipe... yes
checking for pipe2... yes
checking for plock... no
checking for poll... yes
checking for posix_fadvise... yes
checking for posix_fallocate... yes
checking for posix_openpt... yes
checking for posix_spawn... yes
checking for posix_spawnp... yes
checking for posix_spawn_file_actions_addclosefrom_np... no
checking for pread... yes
checking for preadv... yes
checking for preadv2... yes
checking for process_vm_readv... yes
checking for pthread_cond_timedwait_relative_np... no
checking for pthread_condattr_setclock... yes
checking for pthread_init... no
checking for pthread_kill... yes
checking for pthread_get_name_np... no
checking for pthread_getname_np... yes
checking for pthread_set_name_np... no
checking for pthread_setname_np... yes
checking for pthread_getattr_np... yes
checking for ptsname... yes
checking for ptsname_r... yes
checking for pwrite... yes
checking for pwritev... yes
checking for pwritev2... yes
checking for readlink... yes
checking for readlinkat... yes
checking for readv... yes
checking for realpath... yes
checking for renameat... yes
checking for rtpSpawn... no
checking for sched_get_priority_max... yes
checking for sched_rr_get_interval... yes
checking for sched_setaffinity... yes
checking for sched_setparam... yes
checking for sched_setscheduler... yes
checking for sem_clockwait... no
checking for sem_getvalue... yes
checking for sem_open... yes
checking for sem_timedwait... yes
checking for sem_unlink... yes
checking for sendfile... yes
checking for setegid... yes
checking for seteuid... yes
checking for setgid... yes
checking for sethostname... yes
checking for setitimer... yes
checking for setlocale... yes
checking for setpgid... yes
checking for setpgrp... yes
checking for setpriority... yes
checking for setregid... yes
checking for setresgid... yes
checking for setresuid... yes
checking for setreuid... yes
checking for setsid... yes
checking for setuid... yes
checking for setvbuf... yes
checking for shutdown... yes
checking for sigaction... yes
checking for sigaltstack... yes
checking for sigfillset... yes
checking for siginterrupt... yes
checking for sigpending... yes
checking for sigrelse... yes
checking for sigtimedwait... yes
checking for sigwait... yes
checking for sigwaitinfo... yes
checking for snprintf... yes
checking for splice... yes
checking for strftime... yes
checking for strlcpy... yes
checking for strsignal... yes
checking for symlinkat... yes
checking for sync... yes
checking for sysconf... yes
checking for tcgetpgrp... yes
checking for tcsetpgrp... yes
checking for tempnam... yes
checking for timegm... yes
checking for times... yes
checking for tmpfile... yes
checking for tmpnam... yes
checking for tmpnam_r... no
checking for truncate... yes
checking for ttyname_r... yes
checking for umask... yes
checking for uname... yes
checking for unlinkat... yes
checking for unlockpt... yes
checking for utimensat... yes
checking for utimes... yes
checking for vfork... yes
checking for wait... yes
checking for wait3... yes
checking for wait4... yes
checking for waitid... yes
checking for waitpid... yes
checking for wcscoll... yes
checking for wcsftime... yes
checking for wcsxfrm... yes
checking for wmemcmp... yes
checking for writev... yes
checking for getentropy... yes
checking for getgroups... yes
checking for system... yes
checking for /app/target/cpython-strict/cross/loongarch64-linux-musl-gcc options needed to detect all undeclared functions... none needed
checking whether dirfd is declared... yes
checking for chroot... yes
checking for link... yes
checking for symlink... yes
checking for fchdir... yes
checking for fsync... yes
checking for fdatasync... yes
checking for epoll_create... yes
checking for epoll_create1... yes
checking for kqueue... no
checking for prlimit... yes
checking for _dyld_shared_cache_contains_path... no
checking for memfd_create... yes
checking for eventfd... yes
checking for timerfd_create... yes
checking for ctermid_r... no
checking for flock declaration... yes
checking for flock... yes
checking for getpagesize... yes
checking for broken unsetenv... no
checking for true... true
checking for inet_aton in -lc... yes
checking for hstrerror in -lc... yes
checking for chflags... cross
checking for chflags... no
checking for lchflags... cross
checking for lchflags... no
checking for zlib >= 1.2.0... yes
checking for bzip2... no
checking for bzlib.h... yes
checking for BZ2_bzCompress in -lbz2... yes
checking for liblzma... yes
checking for libzstd >= 1.4.5... no
checking for library containing ZDICT_finalizeDictionary... no
checking for hstrerror... yes
checking for getservbyname... yes
checking for getservbyport... yes
checking for gethostbyname... yes
checking for gethostbyaddr... yes
checking for getprotobyname... yes
checking for inet_aton... yes
checking for inet_ntoa... yes
checking for inet_pton... yes
checking for getpeername... (cached) yes
checking for getsockname... yes
checking for accept... yes
checking for bind... yes
checking for connect... yes
checking for listen... yes
checking for recvfrom... yes
checking for sendto... yes
checking for setsockopt... yes
checking for socket... yes
checking for setgroups... yes
checking whether MAXLOGNAME is declared... no
checking whether UT_NAMESIZE is declared... yes
checking for openpty... yes
checking for library containing login_tty... none required
checking for forkpty... yes
checking for fseek64... no
checking for fseeko... yes
checking for fstatvfs... yes
checking for ftell64... no
checking for ftello... yes
checking for statvfs... yes
checking for dup2... yes
checking for getpgrp... yes
checking for setpgrp... (cached) yes
checking for setns... yes
checking for unshare... yes
checking for clock_gettime... yes
checking for clock_getres... yes
checking for clock_settime... yes
checking for clock_nanosleep... yes
checking for nanosleep... yes
checking for major, minor, and makedev... yes
checking for getaddrinfo... yes
checking getaddrinfo bug... no -- configured with --(en|dis)able-ipv6
checking for getnameinfo... yes
checking whether struct tm is in sys/time.h or time.h... time.h
checking for struct tm.tm_zone... yes
checking for struct stat.st_rdev... yes
checking for struct stat.st_blksize... yes
checking for struct stat.st_flags... no
checking for struct stat.st_gen... no
checking for struct stat.st_birthtime... no
checking for struct stat.st_blocks... yes
checking for struct passwd.pw_gecos... yes
checking for struct passwd.pw_passwd... yes
checking for siginfo_t.si_band... yes
checking for time.h that defines altzone... no
checking for addrinfo... yes
checking for sockaddr_storage... yes
checking for sockaddr_alg... yes
checking for an ANSI C-conforming const... yes
checking for working signed char... yes
checking for prototypes... yes
checking for socketpair... yes
checking if sockaddr has sa_len member... no
checking for gethostbyname_r... yes
checking gethostbyname_r with 6 args... yes
checking for __fpu_control... no
checking for __fpu_control in -lieee... no
checking for --with-libm=STRING... default LIBM="-lm"
checking for --with-libc=STRING... default LIBC=""
checking for x64 gcc inline assembler... no
checking whether float word ordering is bigendian... no
checking whether we can use gcc inline assembler to get and set x87 control word... no
checking whether we can use gcc inline assembler to get and set mc68881 fpcr... no
checking for x87-style double rounding... no
checking for acosh... yes
checking for asinh... yes
checking for atanh... yes
checking for erf... yes
checking for erfc... yes
checking for expm1... yes
checking for log1p... yes
checking for log2... yes
checking whether POSIX semaphores are enabled... yes
checking for broken sem_getvalue... yes
checking whether RTLD_LAZY is declared... yes
checking whether RTLD_NOW is declared... yes
checking whether RTLD_GLOBAL is declared... yes
checking whether RTLD_LOCAL is declared... yes
checking whether RTLD_NODELETE is declared... yes
checking whether RTLD_NOLOAD is declared... yes
checking whether RTLD_DEEPBIND is declared... no
checking whether RTLD_MEMBER is declared... no
checking digit size for Python's longs... no value specified
checking for wchar.h... (cached) yes
checking size of wchar_t... 4
checking whether wchar_t is signed... yes
checking whether wchar_t is usable... no
checking whether byte ordering is bigendian... no
checking ABIFLAGS... 
checking SOABI... cpython-314
checking LDVERSION... $(VERSION)$(ABIFLAGS)
checking for --with-platlibdir... no
checking for --with-wheel-pkg-dir... no
checking whether right shift extends the sign bit... yes
checking for getc_unlocked() and friends... yes
checking for readline... yes
checking how to link readline... readline (CFLAGS: -I/app/target/cpython-strict/sysroot/usr/include -D_BSD_SOURCE -DNCURSES_WIDECHAR, LIBS: -L/app/target/cpython-strict/sysroot/usr/lib -lreadline )
checking whether rl_completion_append_character is declared... yes
checking whether rl_completion_suppress_append is declared... yes
checking for rl_pre_input_hook in -lreadline... yes
checking for rl_completion_display_matches_hook in -lreadline... yes
checking for rl_resize_terminal in -lreadline... yes
checking for rl_completion_matches in -lreadline... yes
checking whether rl_catch_signals is declared... yes
checking for append_history in -lreadline... yes
checking for rl_compdisp_func_t... yes
checking if rl_startup_hook takes arguments... no
checking for broken nice()... no
checking for broken poll()... no
checking for working tzset()... no
checking for tv_nsec in struct stat... yes
checking for tv_nsec2 in struct stat... no
checking for ncursesw... yes
checking for panelw... yes
checking for ncursesw/curses.h... no
checking for ncursesw/ncurses.h... no
checking for ncursesw/panel.h... no
checking for ncurses/curses.h... no
checking for ncurses/ncurses.h... no
checking for ncurses/panel.h... no
checking for curses.h... yes
checking for ncurses.h... yes
checking for panel.h... yes
checking for library containing initscr... none required
checking for library containing update_panels... none required
checking for term.h... yes
checking whether mvwdelch is an expression... yes
checking whether WINDOW has _flags... no
checking for curses function is_pad... yes
checking for curses function is_term_resized... yes
checking for curses function resize_term... yes
checking for curses function resizeterm... yes
checking for curses function immedok... yes
checking for curses function syncok... yes
checking for curses function wchgat... yes
checking for curses function filter... yes
checking for curses function has_key... yes
checking for curses function typeahead... yes
checking for curses function use_env... yes
configure: checking for device files
checking for /dev/ptmx... (cached) yes
checking for /dev/ptc... (cached) no
checking for socklen_t... yes
checking for broken mbstowcs... no
checking for --with-computed-gotos... yes
checking whether /app/target/cpython-strict/cross/loongarch64-linux-musl-gcc supports computed gotos... yes -- configured --with(out)-computed-gotos
checking for --with-tail-call-interp... no value specified
checking for --with-remote-debug... yes
checking for build directories... done
checking for -O2... yes
checking for glibc _FORTIFY_SOURCE/memmove bug... undefined
checking if we need to manually block large inlining in ceval.c... undefined
checking for ensurepip... no
checking if the dirent structure of a d_type field... yes
checking for the Linux getrandom() syscall... yes
checking for the getrandom() function... yes
checking for library containing shm_open... none required
checking for shm_open... yes
checking for shm_unlink... yes
checking for loongarch64-linux-musl-pkg-config... /usr/bin/pkg-config
checking whether compiling and linking against OpenSSL works... yes
checking for --with-openssl-rpath... 
checking whether OpenSSL provides required ssl module APIs... yes
checking whether OpenSSL provides required hashlib module APIs... yes
checking for --with-ssl-default-suites... python
checking for --with-builtin-hashlib-hashes... md5,sha1,sha2,sha3,blake2
checking for --disable-test-modules... yes
checking whether libatomic is needed by <pyatomic.h>... no
checking for stdlib extension module _multiprocessing... yes
checking for stdlib extension module _posixshmem... yes
checking for stdlib extension module fcntl... yes
checking for stdlib extension module mmap... yes
checking for stdlib extension module _socket... yes
checking for stdlib extension module grp... yes
checking for stdlib extension module pwd... yes
checking for stdlib extension module resource... yes
checking for stdlib extension module _scproxy... n/a
checking for stdlib extension module syslog... yes
checking for stdlib extension module termios... yes
checking for stdlib extension module pyexpat... yes
checking for stdlib extension module _elementtree... yes
checking whether C compiler accepts -msse -msse2 -msse3 -msse4.1 -msse4.2... no
checking whether C compiler accepts -mavx2... no
checking for HACL* library linking type... shared
checking for stdlib extension module _md5... yes
checking for stdlib extension module _sha1... yes
checking for stdlib extension module _sha2... yes
checking for stdlib extension module _sha3... yes
checking for stdlib extension module _blake2... yes
checking for stdlib extension module _hmac... yes
checking for stdlib extension module _ctypes... yes
checking for stdlib extension module _curses... yes
checking for stdlib extension module _curses_panel... yes
checking for stdlib extension module _decimal... yes
checking for stdlib extension module _dbm... missing
checking for stdlib extension module _gdbm... missing
checking for stdlib extension module readline... yes
checking for stdlib extension module _sqlite3... yes
checking for stdlib extension module _tkinter... missing
checking for stdlib extension module _uuid... missing
checking for stdlib extension module zlib... yes
checking for stdlib extension module _bz2... yes
checking for stdlib extension module _lzma... yes
checking for stdlib extension module _zstd... missing
checking for stdlib extension module _ssl... yes
checking for stdlib extension module _hashlib... yes
checking for stdlib extension module _testcapi... yes
checking for stdlib extension module _testclinic... yes
checking for stdlib extension module _testclinic_limited... yes
checking for stdlib extension module _testlimitedcapi... yes
checking for stdlib extension module _testinternalcapi... yes
checking for stdlib extension module _testbuffer... yes
checking for stdlib extension module _testimportmultiple... yes
checking for stdlib extension module _testmultiphase... yes
checking for stdlib extension module _testsinglephase... yes
checking for stdlib extension module xxsubtype... yes
checking for stdlib extension module _xxtestfuzz... yes
checking for stdlib extension module _ctypes_test... yes
checking for stdlib extension module xxlimited... yes
checking for stdlib extension module xxlimited_35... yes
configure: creating ./config.status
config.status: creating Makefile.pre
config.status: creating Misc/python.pc
config.status: creating Misc/python-embed.pc
config.status: creating Misc/python-config.sh
config.status: creating Modules/Setup.bootstrap
config.status: creating Modules/Setup.stdlib
config.status: creating Modules/ld_so_aix
config.status: creating pyconfig.h
configure: creating Modules/Setup.local
configure: creating Makefile
configure: WARNING:

Platform "loongarch64-unknown-linux-musl" with compiler "gcc" is not supported by the
CPython core team, see https://peps.python.org/pep-0011/ for more information.

Running code to generate profile data (this can take a while):
# First, we need to create a clean build with profile generation
# enabled.
make profile-gen-stamp
make[1]: Entering directory '/app/target/cpython-strict/build/python-target'
make clean-profile
make[2]: Entering directory '/app/target/cpython-strict/build/python-target'
find . -depth -name '__pycache__' -exec rm -rf {} ';'
find . -name '*.py[co]' -exec rm -f {} ';'
find . -name '*.[oa]' -exec rm -f {} ';'
find . -name '*.s[ol]' -exec rm -f {} ';'
find . -name '*.so.[0-9]*.[0-9]*' -exec rm -f {} ';'
find . -name '*.lto' -exec rm -f {} ';'
find . -name '*.wasm' -exec rm -f {} ';'
find . -name '*.lst' -exec rm -f {} ';'
find build -name 'fficonfig.h' -exec rm -f {} ';' || true
find: 'build': No such file or directory
find build -name '*.py' -exec rm -f {} ';' || true
find: 'build': No such file or directory
find build -name '*.py[co]' -exec rm -f {} ';' || true
find: 'build': No such file or directory
rm -f pybuilddir.txt
rm -f _bootstrap_python
rm -rf web_example python.mjs python.wasm python*.symbols python*.map
rm -f Programs/_testembed Programs/_freeze_module
rm -rf Python/deepfreeze
rm -f Python/frozen_modules/*.h
rm -f Python/frozen_modules/MANIFEST
find build -type f -a ! -name '*.gc??' -exec rm -f {} ';'
find: 'build': No such file or directory
rm -f Include/pydtrace_probes.h
make[2]: [Makefile:3383: clean-retain-profile] Error 1 (ignored)
rm -f profile-gen-stamp
rm -rf Apple/iOS/testbed/Python.xcframework/ios-*/bin
rm -rf Apple/iOS/testbed/Python.xcframework/ios-*/lib
rm -rf Apple/iOS/testbed/Python.xcframework/ios-*/include
rm -rf Apple/iOS/testbed/Python.xcframework/ios-*/Python.framework
# Profile data.
rm -f *.fdata
# Pristine binaries before BOLT optimization.
rm -f *.prebolt
# BOLT instrumented binaries.
rm -f *.bolt_inst
make[3]: Entering directory '/app/target/cpython-strict/build/python-target'
find . -name '*.gc??' -exec rm -f {} ';'
find . -name '*.profclang?' -exec rm -f {} ';'
find . -name '*.dyn' -exec rm -f {} ';'
rm -f /app/target/cpython-strict/build/python-target/coverage.info
rm -rf /app/target/cpython-strict/build/python-target/lcov-report
rm -f profile-run-stamp
rm -f profile-bolt-stamp
make[3]: Leaving directory '/app/target/cpython-strict/build/python-target'
make[2]: Leaving directory '/app/target/cpython-strict/build/python-target'
touch profile-clean-stamp
Building with support for profile generation:
make build_all CFLAGS_NODIST=" -fprofile-generate -fprofile-update=atomic" LDFLAGS_NODIST=" -fprofile-generate -fprofile-update=atomic" LIBS="-ldl "
make[2]: Entering directory '/app/target/cpython-strict/build/python-target'
/app/target/cpython-strict/cross/loongarch64-linux-musl-gcc -c -fno-strict-overflow -Wsign-compare -DNDEBUG -g -O3 -Wall -Os -fstack-clash-protection -Wformat -Werror=format-security -fno-plt -march=loongarch64 -mabi=lp64d -mstrict-align   -Os -fstack-clash-protection -Wformat -Werror=format-security -fno-plt -march=loongarch64 -mabi=lp64d -mstrict-align -O2 -DTHREAD_STACK_SIZE=0x200000 -fno-semantic-interposition -flto -ffat-lto-objects -g -std=c11 -Wextra -Wno-unused-parameter -Wno-missing-field-initializers -Wstrict-prototypes -Werror=implicit-function-declaration -fvisibility=hidden -fprofile-generate -fprofile-update=atomic -I./Include/internal -I./Include/internal/mimalloc  -I. -I./Include -I/app/target/cpython-strict/sysroot/usr/include  -fPIC -DPy_BUILD_CORE -o Programs/python.o ./Programs/python.c
/app/target/cpython-strict/cross/loongarch64-linux-musl-gcc -c -fno-strict-overflow -Wsign-compare -DNDEBUG -g -O3 -Wall -Os -fstack-clash-protection -Wformat -Werror=format-security -fno-plt -march=loongarch64 -mabi=lp64d -mstrict-align   -Os -fstack-clash-protection -Wformat -Werror=format-security -fno-plt -march=loongarch64 -mabi=lp64d -mstrict-align -O2 -DTHREAD_STACK_SIZE=0x200000 -fno-semantic-interposition -flto -ffat-lto-objects -g -std=c11 -Wextra -Wno-unused-parameter -Wno-missing-field-initializers -Wstrict-prototypes -Werror=implicit-function-declaration -fvisibility=hidden -fprofile-generate -fprofile-update=atomic -I./Include/internal -I./Include/internal/mimalloc  -I. -I./Include -I/app/target/cpython-strict/sysroot/usr/include  -fPIC -DPy_BUILD_CORE -o Parser/token.o Parser/token.c
/app/target/cpython-strict/cross/loongarch64-linux-musl-gcc -c -fno-strict-overflow -Wsign-compare -DNDEBUG -g -O3 -Wall -Os -fstack-clash-protection -Wformat -Werror=format-security -fno-plt -march=loongarch64 -mabi=lp64d -mstrict-align   -Os -fstack-clash-protection -Wformat -Werror=format-security -fno-plt -march=loongarch64 -mabi=lp64d -mstrict-align -O2 -DTHREAD_STACK_SIZE=0x200000 -fno-semantic-interposition -flto -ffat-lto-objects -g -std=c11 -Wextra -Wno-unused-parameter -Wno-missing-field-initializers -Wstrict-prototypes -Werror=implicit-function-declaration -fvisibility=hidden -fprofile-generate -fprofile-update=atomic -I./Include/internal -I./Include/internal/mimalloc  -I. -I./Include -I/app/target/cpython-strict/sysroot/usr/include  -fPIC -DPy_BUILD_CORE -o Parser/pegen.o Parser/pegen.c
/app/target/cpython-strict/cross/loongarch64-linux-musl-gcc -c -fno-strict-overflow -Wsign-compare -DNDEBUG -g -O3 -Wall -Os -fstack-clash-protection -Wformat -Werror=format-security -fno-plt -march=loongarch64 -mabi=lp64d -mstrict-align   -Os -fstack-clash-protection -Wformat -Werror=format-security -fno-plt -march=loongarch64 -mabi=lp64d -mstrict-align -O2 -DTHREAD_STACK_SIZE=0x200000 -fno-semantic-interposition -flto -ffat-lto-objects -g -std=c11 -Wextra -Wno-unused-parameter -Wno-missing-field-initializers -Wstrict-prototypes -Werror=implicit-function-declaration -fvisibility=hidden -fprofile-generate -fprofile-update=atomic -I./Include/internal -I./Include/internal/mimalloc  -I. -I./Include -I/app/target/cpython-strict/sysroot/usr/include  -fPIC -DPy_BUILD_CORE -o Parser/pegen_errors.o Parser/pegen_errors.c
/app/target/cpython-strict/cross/loongarch64-linux-musl-gcc -c -fno-strict-overflow -Wsign-compare -DNDEBUG -g -O3 -Wall -Os -fstack-clash-protection -Wformat -Werror=format-security -fno-plt -march=loongarch64 -mabi=lp64d -mstrict-align   -Os -fstack-clash-protection -Wformat -Werror=format-security -fno-plt -march=loongarch64 -mabi=lp64d -mstrict-align -O2 -DTHREAD_STACK_SIZE=0x200000 -fno-semantic-interposition -flto -ffat-lto-objects -g -std=c11 -Wextra -Wno-unused-parameter -Wno-missing-field-initializers -Wstrict-prototypes -Werror=implicit-function-declaration -fvisibility=hidden -fprofile-generate -fprofile-update=atomic -I./Include/internal -I./Include/internal/mimalloc  -I. -I./Include -I/app/target/cpython-strict/sysroot/usr/include  -fPIC -DPy_BUILD_CORE -o Parser/action_helpers.o Parser/action_helpers.c
/app/target/cpython-strict/cross/loongarch64-linux-musl-gcc -c -fno-strict-overflow -Wsign-compare -DNDEBUG -g -O3 -Wall -Os -fstack-clash-protection -Wformat -Werror=format-security -fno-plt -march=loongarch64 -mabi=lp64d -mstrict-align   -Os -fstack-clash-protection -Wformat -Werror=format-security -fno-plt -march=loongarch64 -mabi=lp64d -mstrict-align -O2 -DTHREAD_STACK_SIZE=0x200000 -fno-semantic-interposition -flto -ffat-lto-objects -g -std=c11 -Wextra -Wno-unused-parameter -Wno-missing-field-initializers -Wstrict-prototypes -Werror=implicit-function-declaration -fvisibility=hidden -fprofile-generate -fprofile-update=atomic -I./Include/internal -I./Include/internal/mimalloc  -I. -I./Include -I/app/target/cpython-strict/sysroot/usr/include  -fPIC -DPy_BUILD_CORE -o Parser/parser.o Parser/parser.c
/app/target/cpython-strict/cross/loongarch64-linux-musl-gcc -c -fno-strict-overflow -Wsign-compare -DNDEBUG -g -O3 -Wall -Os -fstack-clash-protection -Wformat -Werror=format-security -fno-plt -march=loongarch64 -mabi=lp64d -mstrict-align   -Os -fstack-clash-protection -Wformat -Werror=format-security -fno-plt -march=loongarch64 -mabi=lp64d -mstrict-align -O2 -DTHREAD_STACK_SIZE=0x200000 -fno-semantic-interposition -flto -ffat-lto-objects -g -std=c11 -Wextra -Wno-unused-parameter -Wno-missing-field-initializers -Wstrict-prototypes -Werror=implicit-function-declaration -fvisibility=hidden -fprofile-generate -fprofile-update=atomic -I./Include/internal -I./Include/internal/mimalloc  -I. -I./Include -I/app/target/cpython-strict/sysroot/usr/include  -fPIC -DPy_BUILD_CORE -o Parser/string_parser.o Parser/string_parser.c
/app/target/cpython-strict/cross/loongarch64-linux-musl-gcc -c -fno-strict-overflow -Wsign-compare -DNDEBUG -g -O3 -Wall -Os -fstack-clash-protection -Wformat -Werror=format-security -fno-plt -march=loongarch64 -mabi=lp64d -mstrict-align   -Os -fstack-clash-protection -Wformat -Werror=format-security -fno-plt -march=loongarch64 -mabi=lp64d -mstrict-align -O2 -DTHREAD_STACK_SIZE=0x200000 -fno-semantic-interposition -flto -ffat-lto-objects -g -std=c11 -Wextra -Wno-unused-parameter -Wno-missing-field-initializers -Wstrict-prototypes -Werror=implicit-function-declaration -fvisibility=hidden -fprofile-generate -fprofile-update=atomic -I./Include/internal -I./Include/internal/mimalloc  -I. -I./Include -I/app/target/cpython-strict/sysroot/usr/include  -fPIC -DPy_BUILD_CORE -o Parser/peg_api.o Parser/peg_api.c
/app/target/cpython-strict/cross/loongarch64-linux-musl-gcc -c -fno-strict-overflow -Wsign-compare -DNDEBUG -g -O3 -Wall -Os -fstack-clash-protection -Wformat -Werror=format-security -fno-plt -march=loongarch64 -mabi=lp64d -mstrict-align   -Os -fstack-clash-protection -Wformat -Werror=format-security -fno-plt -march=loongarch64 -mabi=lp64d -mstrict-align -O2 -DTHREAD_STACK_SIZE=0x200000 -fno-semantic-interposition -flto -ffat-lto-objects -g -std=c11 -Wextra -Wno-unused-parameter -Wno-missing-field-initializers -Wstrict-prototypes -Werror=implicit-function-declaration -fvisibility=hidden -fprofile-generate -fprofile-update=atomic -I./Include/internal -I./Include/internal/mimalloc  -I. -I./Include -I/app/target/cpython-strict/sysroot/usr/include  -fPIC -DPy_BUILD_CORE -o Parser/lexer/buffer.o Parser/lexer/buffer.c
/app/target/cpython-strict/cross/loongarch64-linux-musl-gcc -c -fno-strict-overflow -Wsign-compare -DNDEBUG -g -O3 -Wall -Os -fstack-clash-protection -Wformat -Werror=format-security -fno-plt -march=loongarch64 -mabi=lp64d -mstrict-align   -Os -fstack-clash-protection -Wformat -Werror=format-security -fno-plt -march=loongarch64 -mabi=lp64d -mstrict-align -O2 -DTHREAD_STACK_SIZE=0x200000 -fno-semantic-interposition -flto -ffat-lto-objects -g -std=c11 -Wextra -Wno-unused-parameter -Wno-missing-field-initializers -Wstrict-prototypes -Werror=implicit-function-declaration -fvisibility=hidden -fprofile-generate -fprofile-update=atomic -I./Include/internal -I./Include/internal/mimalloc  -I. -I./Include -I/app/target/cpython-strict/sysroot/usr/include  -fPIC -DPy_BUILD_CORE -o Parser/lexer/lexer.o Parser/lexer/lexer.c
/app/target/cpython-strict/cross/loongarch64-linux-musl-gcc -c -fno-strict-overflow -Wsign-compare -DNDEBUG -g -O3 -Wall -Os -fstack-clash-protection -Wformat -Werror=format-security -fno-plt -march=loongarch64 -mabi=lp64d -mstrict-align   -Os -fstack-clash-protection -Wformat -Werror=format-security -fno-plt -march=loongarch64 -mabi=lp64d -mstrict-align -O2 -DTHREAD_STACK_SIZE=0x200000 -fno-semantic-interposition -flto -ffat-lto-objects -g -std=c11 -Wextra -Wno-unused-parameter -Wno-missing-field-initializers -Wstrict-prototypes -Werror=implicit-function-declaration -fvisibility=hidden -fprofile-generate -fprofile-update=atomic -I./Include/internal -I./Include/internal/mimalloc  -I. -I./Include -I/app/target/cpython-strict/sysroot/usr/include  -fPIC -DPy_BUILD_CORE -o Parser/lexer/state.o Parser/lexer/state.c
/app/target/cpython-strict/cross/loongarch64-linux-musl-gcc -c -fno-strict-overflow -Wsign-compare -DNDEBUG -g -O3 -Wall -Os -fstack-clash-protection -Wformat -Werror=format-security -fno-plt -march=loongarch64 -mabi=lp64d -mstrict-align   -Os -fstack-clash-protection -Wformat -Werror=format-security -fno-plt -march=loongarch64 -mabi=lp64d -mstrict-align -O2 -DTHREAD_STACK_SIZE=0x200000 -fno-semantic-interposition -flto -ffat-lto-objects -g -std=c11 -Wextra -Wno-unused-parameter -Wno-missing-field-initializers -Wstrict-prototypes -Werror=implicit-function-declaration -fvisibility=hidden -fprofile-generate -fprofile-update=atomic -I./Include/internal -I./Include/internal/mimalloc  -I. -I./Include -I/app/target/cpython-strict/sysroot/usr/include  -fPIC -DPy_BUILD_CORE -o Parser/tokenizer/file_tokenizer.o Parser/tokenizer/file_tokenizer.c
/app/target/cpython-strict/cross/loongarch64-linux-musl-gcc -c -fno-strict-overflow -Wsign-compare -DNDEBUG -g -O3 -Wall -Os -fstack-clash-protection -Wformat -Werror=format-security -fno-plt -march=loongarch64 -mabi=lp64d -mstrict-align   -Os -fstack-clash-protection -Wformat -Werror=format-security -fno-plt -march=loongarch64 -mabi=lp64d -mstrict-align -O2 -DTHREAD_STACK_SIZE=0x200000 -fno-semantic-interposition -flto -ffat-lto-objects -g -std=c11 -Wextra -Wno-unused-parameter -Wno-missing-field-initializers -Wstrict-prototypes -Werror=implicit-function-declaration -fvisibility=hidden -fprofile-generate -fprofile-update=atomic -I./Include/internal -I./Include/internal/mimalloc  -I. -I./Include -I/app/target/cpython-strict/sysroot/usr/include  -fPIC -DPy_BUILD_CORE -o Parser/tokenizer/readline_tokenizer.o Parser/tokenizer/readline_tokenizer.c
/app/target/cpython-strict/cross/loongarch64-linux-musl-gcc -c -fno-strict-overflow -Wsign-compare -DNDEBUG -g -O3 -Wall -Os -fstack-clash-protection -Wformat -Werror=format-security -fno-plt -march=loongarch64 -mabi=lp64d -mstrict-align   -Os -fstack-clash-protection -Wformat -Werror=format-security -fno-plt -march=loongarch64 -mabi=lp64d -mstrict-align -O2 -DTHREAD_STACK_SIZE=0x200000 -fno-semantic-interposition -flto -ffat-lto-objects -g -std=c11 -Wextra -Wno-unused-parameter -Wno-missing-field-initializers -Wstrict-prototypes -Werror=implicit-function-declaration -fvisibility=hidden -fprofile-generate -fprofile-update=atomic -I./Include/internal -I./Include/internal/mimalloc  -I. -I./Include -I/app/target/cpython-strict/sysroot/usr/include  -fPIC -DPy_BUILD_CORE -o Parser/tokenizer/string_tokenizer.o Parser/tokenizer/string_tokenizer.c
/app/target/cpython-strict/cross/loongarch64-linux-musl-gcc -c -fno-strict-overflow -Wsign-compare -DNDEBUG -g -O3 -Wall -Os -fstack-clash-protection -Wformat -Werror=format-security -fno-plt -march=loongarch64 -mabi=lp64d -mstrict-align   -Os -fstack-clash-protection -Wformat -Werror=format-security -fno-plt -march=loongarch64 -mabi=lp64d -mstrict-align -O2 -DTHREAD_STACK_SIZE=0x200000 -fno-semantic-interposition -flto -ffat-lto-objects -g -std=c11 -Wextra -Wno-unused-parameter -Wno-missing-field-initializers -Wstrict-prototypes -Werror=implicit-function-declaration -fvisibility=hidden -fprofile-generate -fprofile-update=atomic -I./Include/internal -I./Include/internal/mimalloc  -I. -I./Include -I/app/target/cpython-strict/sysroot/usr/include  -fPIC -DPy_BUILD_CORE -o Parser/tokenizer/utf8_tokenizer.o Parser/tokenizer/utf8_tokenizer.c
/app/target/cpython-strict/cross/loongarch64-linux-musl-gcc -c -fno-strict-overflow -Wsign-compare -DNDEBUG -g -O3 -Wall -Os -fstack-clash-protection -Wformat -Werror=format-security -fno-plt -march=loongarch64 -mabi=lp64d -mstrict-align   -Os -fstack-clash-protection -Wformat -Werror=format-security -fno-plt -march=loongarch64 -mabi=lp64d -mstrict-align -O2 -DTHREAD_STACK_SIZE=0x200000 -fno-semantic-interposition -flto -ffat-lto-objects -g -std=c11 -Wextra -Wno-unused-parameter -Wno-missing-field-initializers -Wstrict-prototypes -Werror=implicit-function-declaration -fvisibility=hidden -fprofile-generate -fprofile-update=atomic -I./Include/internal -I./Include/internal/mimalloc  -I. -I./Include -I/app/target/cpython-strict/sysroot/usr/include  -fPIC -DPy_BUILD_CORE -o Parser/tokenizer/helpers.o Parser/tokenizer/helpers.c
/app/target/cpython-strict/cross/loongarch64-linux-musl-gcc -c -fno-strict-overflow -Wsign-compare -DNDEBUG -g -O3 -Wall -Os -fstack-clash-protection -Wformat -Werror=format-security -fno-plt -march=loongarch64 -mabi=lp64d -mstrict-align   -Os -fstack-clash-protection -Wformat -Werror=format-security -fno-plt -march=loongarch64 -mabi=lp64d -mstrict-align -O2 -DTHREAD_STACK_SIZE=0x200000 -fno-semantic-interposition -flto -ffat-lto-objects -g -std=c11 -Wextra -Wno-unused-parameter -Wno-missing-field-initializers -Wstrict-prototypes -Werror=implicit-function-declaration -fvisibility=hidden -fprofile-generate -fprofile-update=atomic -I./Include/internal -I./Include/internal/mimalloc  -I. -I./Include -I/app/target/cpython-strict/sysroot/usr/include  -fPIC -DPy_BUILD_CORE -o Parser/myreadline.o Parser/myreadline.c
/app/target/cpython-strict/cross/loongarch64-linux-musl-gcc -c -fno-strict-overflow -Wsign-compare -DNDEBUG -g -O3 -Wall -Os -fstack-clash-protection -Wformat -Werror=format-security -fno-plt -march=loongarch64 -mabi=lp64d -mstrict-align   -Os -fstack-clash-protection -Wformat -Werror=format-security -fno-plt -march=loongarch64 -mabi=lp64d -mstrict-align -O2 -DTHREAD_STACK_SIZE=0x200000 -fno-semantic-interposition -flto -ffat-lto-objects -g -std=c11 -Wextra -Wno-unused-parameter -Wno-missing-field-initializers -Wstrict-prototypes -Werror=implicit-function-declaration -fvisibility=hidden -fprofile-generate -fprofile-update=atomic -I./Include/internal -I./Include/internal/mimalloc  -I. -I./Include -I/app/target/cpython-strict/sysroot/usr/include  -fPIC -DPy_BUILD_CORE -o Objects/abstract.o Objects/abstract.c
/app/target/cpython-strict/cross/loongarch64-linux-musl-gcc -c -fno-strict-overflow -Wsign-compare -DNDEBUG -g -O3 -Wall -Os -fstack-clash-protection -Wformat -Werror=format-security -fno-plt -march=loongarch64 -mabi=lp64d -mstrict-align   -Os -fstack-clash-protection -Wformat -Werror=format-security -fno-plt -march=loongarch64 -mabi=lp64d -mstrict-align -O2 -DTHREAD_STACK_SIZE=0x200000 -fno-semantic-interposition -flto -ffat-lto-objects -g -std=c11 -Wextra -Wno-unused-parameter -Wno-missing-field-initializers -Wstrict-prototypes -Werror=implicit-function-declaration -fvisibility=hidden -fprofile-generate -fprofile-update=atomic -I./Include/internal -I./Include/internal/mimalloc  -I. -I./Include -I/app/target/cpython-strict/sysroot/usr/include  -fPIC -DPy_BUILD_CORE -o Objects/boolobject.o Objects/boolobject.c
/app/target/cpython-strict/cross/loongarch64-linux-musl-gcc -c -fno-strict-overflow -Wsign-compare -DNDEBUG -g -O3 -Wall -Os -fstack-clash-protection -Wformat -Werror=format-security -fno-plt -march=loongarch64 -mabi=lp64d -mstrict-align   -Os -fstack-clash-protection -Wformat -Werror=format-security -fno-plt -march=loongarch64 -mabi=lp64d -mstrict-align -O2 -DTHREAD_STACK_SIZE=0x200000 -fno-semantic-interposition -flto -ffat-lto-objects -g -std=c11 -Wextra -Wno-unused-parameter -Wno-missing-field-initializers -Wstrict-prototypes -Werror=implicit-function-declaration -fvisibility=hidden -fprofile-generate -fprofile-update=atomic -I./Include/internal -I./Include/internal/mimalloc  -I. -I./Include -I/app/target/cpython-strict/sysroot/usr/include  -fPIC -DPy_BUILD_CORE -o Objects/bytes_methods.o Objects/bytes_methods.c
/app/target/cpython-strict/cross/loongarch64-linux-musl-gcc -c -fno-strict-overflow -Wsign-compare -DNDEBUG -g -O3 -Wall -Os -fstack-clash-protection -Wformat -Werror=format-security -fno-plt -march=loongarch64 -mabi=lp64d -mstrict-align   -Os -fstack-clash-protection -Wformat -Werror=format-security -fno-plt -march=loongarch64 -mabi=lp64d -mstrict-align -O2 -DTHREAD_STACK_SIZE=0x200000 -fno-semantic-interposition -flto -ffat-lto-objects -g -std=c11 -Wextra -Wno-unused-parameter -Wno-missing-field-initializers -Wstrict-prototypes -Werror=implicit-function-declaration -fvisibility=hidden -fprofile-generate -fprofile-update=atomic -I./Include/internal -I./Include/internal/mimalloc  -I. -I./Include -I/app/target/cpython-strict/sysroot/usr/include  -fPIC -DPy_BUILD_CORE -o Objects/bytearrayobject.o Objects/bytearrayobject.c
/app/target/cpython-strict/cross/loongarch64-linux-musl-gcc -c -fno-strict-overflow -Wsign-compare -DNDEBUG -g -O3 -Wall -Os -fstack-clash-protection -Wformat -Werror=format-security -fno-plt -march=loongarch64 -mabi=lp64d -mstrict-align   -Os -fstack-clash-protection -Wformat -Werror=format-security -fno-plt -march=loongarch64 -mabi=lp64d -mstrict-align -O2 -DTHREAD_STACK_SIZE=0x200000 -fno-semantic-interposition -flto -ffat-lto-objects -g -std=c11 -Wextra -Wno-unused-parameter -Wno-missing-field-initializers -Wstrict-prototypes -Werror=implicit-function-declaration -fvisibility=hidden -fprofile-generate -fprofile-update=atomic -I./Include/internal -I./Include/internal/mimalloc  -I. -I./Include -I/app/target/cpython-strict/sysroot/usr/include  -fPIC -DPy_BUILD_CORE -o Objects/bytesobject.o Objects/bytesobject.c
/app/target/cpython-strict/cross/loongarch64-linux-musl-gcc -c -fno-strict-overflow -Wsign-compare -DNDEBUG -g -O3 -Wall -Os -fstack-clash-protection -Wformat -Werror=format-security -fno-plt -march=loongarch64 -mabi=lp64d -mstrict-align   -Os -fstack-clash-protection -Wformat -Werror=format-security -fno-plt -march=loongarch64 -mabi=lp64d -mstrict-align -O2 -DTHREAD_STACK_SIZE=0x200000 -fno-semantic-interposition -flto -ffat-lto-objects -g -std=c11 -Wextra -Wno-unused-parameter -Wno-missing-field-initializers -Wstrict-prototypes -Werror=implicit-function-declaration -fvisibility=hidden -fprofile-generate -fprofile-update=atomic -I./Include/internal -I./Include/internal/mimalloc  -I. -I./Include -I/app/target/cpython-strict/sysroot/usr/include  -fPIC -DPy_BUILD_CORE -o Objects/call.o Objects/call.c
/app/target/cpython-strict/cross/loongarch64-linux-musl-gcc -c -fno-strict-overflow -Wsign-compare -DNDEBUG -g -O3 -Wall -Os -fstack-clash-protection -Wformat -Werror=format-security -fno-plt -march=loongarch64 -mabi=lp64d -mstrict-align   -Os -fstack-clash-protection -Wformat -Werror=format-security -fno-plt -march=loongarch64 -mabi=lp64d -mstrict-align -O2 -DTHREAD_STACK_SIZE=0x200000 -fno-semantic-interposition -flto -ffat-lto-objects -g -std=c11 -Wextra -Wno-unused-parameter -Wno-missing-field-initializers -Wstrict-prototypes -Werror=implicit-function-declaration -fvisibility=hidden -fprofile-generate -fprofile-update=atomic -I./Include/internal -I./Include/internal/mimalloc  -I. -I./Include -I/app/target/cpython-strict/sysroot/usr/include  -fPIC -DPy_BUILD_CORE -o Objects/capsule.o Objects/capsule.c
/app/target/cpython-strict/cross/loongarch64-linux-musl-gcc -c -fno-strict-overflow -Wsign-compare -DNDEBUG -g -O3 -Wall -Os -fstack-clash-protection -Wformat -Werror=format-security -fno-plt -march=loongarch64 -mabi=lp64d -mstrict-align   -Os -fstack-clash-protection -Wformat -Werror=format-security -fno-plt -march=loongarch64 -mabi=lp64d -mstrict-align -O2 -DTHREAD_STACK_SIZE=0x200000 -fno-semantic-interposition -flto -ffat-lto-objects -g -std=c11 -Wextra -Wno-unused-parameter -Wno-missing-field-initializers -Wstrict-prototypes -Werror=implicit-function-declaration -fvisibility=hidden -fprofile-generate -fprofile-update=atomic -I./Include/internal -I./Include/internal/mimalloc  -I. -I./Include -I/app/target/cpython-strict/sysroot/usr/include  -fPIC -DPy_BUILD_CORE -o Objects/cellobject.o Objects/cellobject.c
/app/target/cpython-strict/cross/loongarch64-linux-musl-gcc -c -fno-strict-overflow -Wsign-compare -DNDEBUG -g -O3 -Wall -Os -fstack-clash-protection -Wformat -Werror=format-security -fno-plt -march=loongarch64 -mabi=lp64d -mstrict-align   -Os -fstack-clash-protection -Wformat -Werror=format-security -fno-plt -march=loongarch64 -mabi=lp64d -mstrict-align -O2 -DTHREAD_STACK_SIZE=0x200000 -fno-semantic-interposition -flto -ffat-lto-objects -g -std=c11 -Wextra -Wno-unused-parameter -Wno-missing-field-initializers -Wstrict-prototypes -Werror=implicit-function-declaration -fvisibility=hidden -fprofile-generate -fprofile-update=atomic -I./Include/internal -I./Include/internal/mimalloc  -I. -I./Include -I/app/target/cpython-strict/sysroot/usr/include  -fPIC -DPy_BUILD_CORE -o Objects/classobject.o Objects/classobject.c
/app/target/cpython-strict/cross/loongarch64-linux-musl-gcc -c -fno-strict-overflow -Wsign-compare -DNDEBUG -g -O3 -Wall -Os -fstack-clash-protection -Wformat -Werror=format-security -fno-plt -march=loongarch64 -mabi=lp64d -mstrict-align   -Os -fstack-clash-protection -Wformat -Werror=format-security -fno-plt -march=loongarch64 -mabi=lp64d -mstrict-align -O2 -DTHREAD_STACK_SIZE=0x200000 -fno-semantic-interposition -flto -ffat-lto-objects -g -std=c11 -Wextra -Wno-unused-parameter -Wno-missing-field-initializers -Wstrict-prototypes -Werror=implicit-function-declaration -fvisibility=hidden -fprofile-generate -fprofile-update=atomic -I./Include/internal -I./Include/internal/mimalloc  -I. -I./Include -I/app/target/cpython-strict/sysroot/usr/include  -fPIC -DPy_BUILD_CORE -o Objects/codeobject.o Objects/codeobject.c
/app/target/cpython-strict/cross/loongarch64-linux-musl-gcc -c -fno-strict-overflow -Wsign-compare -DNDEBUG -g -O3 -Wall -Os -fstack-clash-protection -Wformat -Werror=format-security -fno-plt -march=loongarch64 -mabi=lp64d -mstrict-align   -Os -fstack-clash-protection -Wformat -Werror=format-security -fno-plt -march=loongarch64 -mabi=lp64d -mstrict-align -O2 -DTHREAD_STACK_SIZE=0x200000 -fno-semantic-interposition -flto -ffat-lto-objects -g -std=c11 -Wextra -Wno-unused-parameter -Wno-missing-field-initializers -Wstrict-prototypes -Werror=implicit-function-declaration -fvisibility=hidden -fprofile-generate -fprofile-update=atomic -I./Include/internal -I./Include/internal/mimalloc  -I. -I./Include -I/app/target/cpython-strict/sysroot/usr/include  -fPIC -DPy_BUILD_CORE -o Objects/complexobject.o Objects/complexobject.c
/app/target/cpython-strict/cross/loongarch64-linux-musl-gcc -c -fno-strict-overflow -Wsign-compare -DNDEBUG -g -O3 -Wall -Os -fstack-clash-protection -Wformat -Werror=format-security -fno-plt -march=loongarch64 -mabi=lp64d -mstrict-align   -Os -fstack-clash-protection -Wformat -Werror=format-security -fno-plt -march=loongarch64 -mabi=lp64d -mstrict-align -O2 -DTHREAD_STACK_SIZE=0x200000 -fno-semantic-interposition -flto -ffat-lto-objects -g -std=c11 -Wextra -Wno-unused-parameter -Wno-missing-field-initializers -Wstrict-prototypes -Werror=implicit-function-declaration -fvisibility=hidden -fprofile-generate -fprofile-update=atomic -I./Include/internal -I./Include/internal/mimalloc  -I. -I./Include -I/app/target/cpython-strict/sysroot/usr/include  -fPIC -DPy_BUILD_CORE -o Objects/descrobject.o Objects/descrobject.c
/app/target/cpython-strict/cross/loongarch64-linux-musl-gcc -c -fno-strict-overflow -Wsign-compare -DNDEBUG -g -O3 -Wall -Os -fstack-clash-protection -Wformat -Werror=format-security -fno-plt -march=loongarch64 -mabi=lp64d -mstrict-align   -Os -fstack-clash-protection -Wformat -Werror=format-security -fno-plt -march=loongarch64 -mabi=lp64d -mstrict-align -O2 -DTHREAD_STACK_SIZE=0x200000 -fno-semantic-interposition -flto -ffat-lto-objects -g -std=c11 -Wextra -Wno-unused-parameter -Wno-missing-field-initializers -Wstrict-prototypes -Werror=implicit-function-declaration -fvisibility=hidden -fprofile-generate -fprofile-update=atomic -I./Include/internal -I./Include/internal/mimalloc  -I. -I./Include -I/app/target/cpython-strict/sysroot/usr/include  -fPIC -DPy_BUILD_CORE -o Objects/enumobject.o Objects/enumobject.c
/app/target/cpython-strict/cross/loongarch64-linux-musl-gcc -c -fno-strict-overflow -Wsign-compare -DNDEBUG -g -O3 -Wall -Os -fstack-clash-protection -Wformat -Werror=format-security -fno-plt -march=loongarch64 -mabi=lp64d -mstrict-align   -Os -fstack-clash-protection -Wformat -Werror=format-security -fno-plt -march=loongarch64 -mabi=lp64d -mstrict-align -O2 -DTHREAD_STACK_SIZE=0x200000 -fno-semantic-interposition -flto -ffat-lto-objects -g -std=c11 -Wextra -Wno-unused-parameter -Wno-missing-field-initializers -Wstrict-prototypes -Werror=implicit-function-declaration -fvisibility=hidden -fprofile-generate -fprofile-update=atomic -I./Include/internal -I./Include/internal/mimalloc  -I. -I./Include -I/app/target/cpython-strict/sysroot/usr/include  -fPIC -DPy_BUILD_CORE -o Objects/exceptions.o Objects/exceptions.c
/app/target/cpython-strict/cross/loongarch64-linux-musl-gcc -c -fno-strict-overflow -Wsign-compare -DNDEBUG -g -O3 -Wall -Os -fstack-clash-protection -Wformat -Werror=format-security -fno-plt -march=loongarch64 -mabi=lp64d -mstrict-align   -Os -fstack-clash-protection -Wformat -Werror=format-security -fno-plt -march=loongarch64 -mabi=lp64d -mstrict-align -O2 -DTHREAD_STACK_SIZE=0x200000 -fno-semantic-interposition -flto -ffat-lto-objects -g -std=c11 -Wextra -Wno-unused-parameter -Wno-missing-field-initializers -Wstrict-prototypes -Werror=implicit-function-declaration -fvisibility=hidden -fprofile-generate -fprofile-update=atomic -I./Include/internal -I./Include/internal/mimalloc  -I. -I./Include -I/app/target/cpython-strict/sysroot/usr/include  -fPIC -DPy_BUILD_CORE -o Objects/genericaliasobject.o Objects/genericaliasobject.c
/app/target/cpython-strict/cross/loongarch64-linux-musl-gcc -c -fno-strict-overflow -Wsign-compare -DNDEBUG -g -O3 -Wall -Os -fstack-clash-protection -Wformat -Werror=format-security -fno-plt -march=loongarch64 -mabi=lp64d -mstrict-align   -Os -fstack-clash-protection -Wformat -Werror=format-security -fno-plt -march=loongarch64 -mabi=lp64d -mstrict-align -O2 -DTHREAD_STACK_SIZE=0x200000 -fno-semantic-interposition -flto -ffat-lto-objects -g -std=c11 -Wextra -Wno-unused-parameter -Wno-missing-field-initializers -Wstrict-prototypes -Werror=implicit-function-declaration -fvisibility=hidden -fprofile-generate -fprofile-update=atomic -I./Include/internal -I./Include/internal/mimalloc  -I. -I./Include -I/app/target/cpython-strict/sysroot/usr/include  -fPIC -DPy_BUILD_CORE -o Objects/genobject.o Objects/genobject.c
/app/target/cpython-strict/cross/loongarch64-linux-musl-gcc -c -fno-strict-overflow -Wsign-compare -DNDEBUG -g -O3 -Wall -Os -fstack-clash-protection -Wformat -Werror=format-security -fno-plt -march=loongarch64 -mabi=lp64d -mstrict-align   -Os -fstack-clash-protection -Wformat -Werror=format-security -fno-plt -march=loongarch64 -mabi=lp64d -mstrict-align -O2 -DTHREAD_STACK_SIZE=0x200000 -fno-semantic-interposition -flto -ffat-lto-objects -g -std=c11 -Wextra -Wno-unused-parameter -Wno-missing-field-initializers -Wstrict-prototypes -Werror=implicit-function-declaration -fvisibility=hidden -fprofile-generate -fprofile-update=atomic -I./Include/internal -I./Include/internal/mimalloc  -I. -I./Include -I/app/target/cpython-strict/sysroot/usr/include  -fPIC -DPy_BUILD_CORE -o Objects/fileobject.o Objects/fileobject.c
/app/target/cpython-strict/cross/loongarch64-linux-musl-gcc -c -fno-strict-overflow -Wsign-compare -DNDEBUG -g -O3 -Wall -Os -fstack-clash-protection -Wformat -Werror=format-security -fno-plt -march=loongarch64 -mabi=lp64d -mstrict-align   -Os -fstack-clash-protection -Wformat -Werror=format-security -fno-plt -march=loongarch64 -mabi=lp64d -mstrict-align -O2 -DTHREAD_STACK_SIZE=0x200000 -fno-semantic-interposition -flto -ffat-lto-objects -g -std=c11 -Wextra -Wno-unused-parameter -Wno-missing-field-initializers -Wstrict-prototypes -Werror=implicit-function-declaration -fvisibility=hidden -fprofile-generate -fprofile-update=atomic -I./Include/internal -I./Include/internal/mimalloc  -I. -I./Include -I/app/target/cpython-strict/sysroot/usr/include  -fPIC -DPy_BUILD_CORE -o Objects/floatobject.o Objects/floatobject.c
/app/target/cpython-strict/cross/loongarch64-linux-musl-gcc -c -fno-strict-overflow -Wsign-compare -DNDEBUG -g -O3 -Wall -Os -fstack-clash-protection -Wformat -Werror=format-security -fno-plt -march=loongarch64 -mabi=lp64d -mstrict-align   -Os -fstack-clash-protection -Wformat -Werror=format-security -fno-plt -march=loongarch64 -mabi=lp64d -mstrict-align -O2 -DTHREAD_STACK_SIZE=0x200000 -fno-semantic-interposition -flto -ffat-lto-objects -g -std=c11 -Wextra -Wno-unused-parameter -Wno-missing-field-initializers -Wstrict-prototypes -Werror=implicit-function-declaration -fvisibility=hidden -fprofile-generate -fprofile-update=atomic -I./Include/internal -I./Include/internal/mimalloc  -I. -I./Include -I/app/target/cpython-strict/sysroot/usr/include  -fPIC -DPy_BUILD_CORE -o Objects/frameobject.o Objects/frameobject.c
/app/target/cpython-strict/cross/loongarch64-linux-musl-gcc -c -fno-strict-overflow -Wsign-compare -DNDEBUG -g -O3 -Wall -Os -fstack-clash-protection -Wformat -Werror=format-security -fno-plt -march=loongarch64 -mabi=lp64d -mstrict-align   -Os -fstack-clash-protection -Wformat -Werror=format-security -fno-plt -march=loongarch64 -mabi=lp64d -mstrict-align -O2 -DTHREAD_STACK_SIZE=0x200000 -fno-semantic-interposition -flto -ffat-lto-objects -g -std=c11 -Wextra -Wno-unused-parameter -Wno-missing-field-initializers -Wstrict-prototypes -Werror=implicit-function-declaration -fvisibility=hidden -fprofile-generate -fprofile-update=atomic -I./Include/internal -I./Include/internal/mimalloc  -I. -I./Include -I/app/target/cpython-strict/sysroot/usr/include  -fPIC -DPy_BUILD_CORE -o Objects/funcobject.o Objects/funcobject.c
/app/target/cpython-strict/cross/loongarch64-linux-musl-gcc -c -fno-strict-overflow -Wsign-compare -DNDEBUG -g -O3 -Wall -Os -fstack-clash-protection -Wformat -Werror=format-security -fno-plt -march=loongarch64 -mabi=lp64d -mstrict-align   -Os -fstack-clash-protection -Wformat -Werror=format-security -fno-plt -march=loongarch64 -mabi=lp64d -mstrict-align -O2 -DTHREAD_STACK_SIZE=0x200000 -fno-semantic-interposition -flto -ffat-lto-objects -g -std=c11 -Wextra -Wno-unused-parameter -Wno-missing-field-initializers -Wstrict-prototypes -Werror=implicit-function-declaration -fvisibility=hidden -fprofile-generate -fprofile-update=atomic -I./Include/internal -I./Include/internal/mimalloc  -I. -I./Include -I/app/target/cpython-strict/sysroot/usr/include  -fPIC -DPy_BUILD_CORE -o Objects/interpolationobject.o Objects/interpolationobject.c
/app/target/cpython-strict/cross/loongarch64-linux-musl-gcc -c -fno-strict-overflow -Wsign-compare -DNDEBUG -g -O3 -Wall -Os -fstack-clash-protection -Wformat -Werror=format-security -fno-plt -march=loongarch64 -mabi=lp64d -mstrict-align   -Os -fstack-clash-protection -Wformat -Werror=format-security -fno-plt -march=loongarch64 -mabi=lp64d -mstrict-align -O2 -DTHREAD_STACK_SIZE=0x200000 -fno-semantic-interposition -flto -ffat-lto-objects -g -std=c11 -Wextra -Wno-unused-parameter -Wno-missing-field-initializers -Wstrict-prototypes -Werror=implicit-function-declaration -fvisibility=hidden -fprofile-generate -fprofile-update=atomic -I./Include/internal -I./Include/internal/mimalloc  -I. -I./Include -I/app/target/cpython-strict/sysroot/usr/include  -fPIC -DPy_BUILD_CORE -o Objects/iterobject.o Objects/iterobject.c
/app/target/cpython-strict/cross/loongarch64-linux-musl-gcc -c -fno-strict-overflow -Wsign-compare -DNDEBUG -g -O3 -Wall -Os -fstack-clash-protection -Wformat -Werror=format-security -fno-plt -march=loongarch64 -mabi=lp64d -mstrict-align   -Os -fstack-clash-protection -Wformat -Werror=format-security -fno-plt -march=loongarch64 -mabi=lp64d -mstrict-align -O2 -DTHREAD_STACK_SIZE=0x200000 -fno-semantic-interposition -flto -ffat-lto-objects -g -std=c11 -Wextra -Wno-unused-parameter -Wno-missing-field-initializers -Wstrict-prototypes -Werror=implicit-function-declaration -fvisibility=hidden -fprofile-generate -fprofile-update=atomic -I./Include/internal -I./Include/internal/mimalloc  -I. -I./Include -I/app/target/cpython-strict/sysroot/usr/include  -fPIC -DPy_BUILD_CORE -o Objects/listobject.o Objects/listobject.c
/app/target/cpython-strict/cross/loongarch64-linux-musl-gcc -c -fno-strict-overflow -Wsign-compare -DNDEBUG -g -O3 -Wall -Os -fstack-clash-protection -Wformat -Werror=format-security -fno-plt -march=loongarch64 -mabi=lp64d -mstrict-align   -Os -fstack-clash-protection -Wformat -Werror=format-security -fno-plt -march=loongarch64 -mabi=lp64d -mstrict-align -O2 -DTHREAD_STACK_SIZE=0x200000 -fno-semantic-interposition -flto -ffat-lto-objects -g -std=c11 -Wextra -Wno-unused-parameter -Wno-missing-field-initializers -Wstrict-prototypes -Werror=implicit-function-declaration -fvisibility=hidden -fprofile-generate -fprofile-update=atomic -I./Include/internal -I./Include/internal/mimalloc  -I. -I./Include -I/app/target/cpython-strict/sysroot/usr/include  -fPIC -DPy_BUILD_CORE -o Objects/longobject.o Objects/longobject.c
/app/target/cpython-strict/cross/loongarch64-linux-musl-gcc -c -fno-strict-overflow -Wsign-compare -DNDEBUG -g -O3 -Wall -Os -fstack-clash-protection -Wformat -Werror=format-security -fno-plt -march=loongarch64 -mabi=lp64d -mstrict-align   -Os -fstack-clash-protection -Wformat -Werror=format-security -fno-plt -march=loongarch64 -mabi=lp64d -mstrict-align -O2 -DTHREAD_STACK_SIZE=0x200000 -fno-semantic-interposition -flto -ffat-lto-objects -g -std=c11 -Wextra -Wno-unused-parameter -Wno-missing-field-initializers -Wstrict-prototypes -Werror=implicit-function-declaration -fvisibility=hidden -fprofile-generate -fprofile-update=atomic -I./Include/internal -I./Include/internal/mimalloc  -I. -I./Include -I/app/target/cpython-strict/sysroot/usr/include  -fPIC -DPy_BUILD_CORE -o Objects/dictobject.o Objects/dictobject.c
/app/target/cpython-strict/cross/loongarch64-linux-musl-gcc -c -fno-strict-overflow -Wsign-compare -DNDEBUG -g -O3 -Wall -Os -fstack-clash-protection -Wformat -Werror=format-security -fno-plt -march=loongarch64 -mabi=lp64d -mstrict-align   -Os -fstack-clash-protection -Wformat -Werror=format-security -fno-plt -march=loongarch64 -mabi=lp64d -mstrict-align -O2 -DTHREAD_STACK_SIZE=0x200000 -fno-semantic-interposition -flto -ffat-lto-objects -g -std=c11 -Wextra -Wno-unused-parameter -Wno-missing-field-initializers -Wstrict-prototypes -Werror=implicit-function-declaration -fvisibility=hidden -fprofile-generate -fprofile-update=atomic -I./Include/internal -I./Include/internal/mimalloc  -I. -I./Include -I/app/target/cpython-strict/sysroot/usr/include  -fPIC -DPy_BUILD_CORE -o Objects/odictobject.o Objects/odictobject.c
/app/target/cpython-strict/cross/loongarch64-linux-musl-gcc -c -fno-strict-overflow -Wsign-compare -DNDEBUG -g -O3 -Wall -Os -fstack-clash-protection -Wformat -Werror=format-security -fno-plt -march=loongarch64 -mabi=lp64d -mstrict-align   -Os -fstack-clash-protection -Wformat -Werror=format-security -fno-plt -march=loongarch64 -mabi=lp64d -mstrict-align -O2 -DTHREAD_STACK_SIZE=0x200000 -fno-semantic-interposition -flto -ffat-lto-objects -g -std=c11 -Wextra -Wno-unused-parameter -Wno-missing-field-initializers -Wstrict-prototypes -Werror=implicit-function-declaration -fvisibility=hidden -fprofile-generate -fprofile-update=atomic -I./Include/internal -I./Include/internal/mimalloc  -I. -I./Include -I/app/target/cpython-strict/sysroot/usr/include  -fPIC -DPy_BUILD_CORE -o Objects/memoryobject.o Objects/memoryobject.c
/app/target/cpython-strict/cross/loongarch64-linux-musl-gcc -c -fno-strict-overflow -Wsign-compare -DNDEBUG -g -O3 -Wall -Os -fstack-clash-protection -Wformat -Werror=format-security -fno-plt -march=loongarch64 -mabi=lp64d -mstrict-align   -Os -fstack-clash-protection -Wformat -Werror=format-security -fno-plt -march=loongarch64 -mabi=lp64d -mstrict-align -O2 -DTHREAD_STACK_SIZE=0x200000 -fno-semantic-interposition -flto -ffat-lto-objects -g -std=c11 -Wextra -Wno-unused-parameter -Wno-missing-field-initializers -Wstrict-prototypes -Werror=implicit-function-declaration -fvisibility=hidden -fprofile-generate -fprofile-update=atomic -I./Include/internal -I./Include/internal/mimalloc  -I. -I./Include -I/app/target/cpython-strict/sysroot/usr/include  -fPIC -DPy_BUILD_CORE -o Objects/methodobject.o Objects/methodobject.c
/app/target/cpython-strict/cross/loongarch64-linux-musl-gcc -c -fno-strict-overflow -Wsign-compare -DNDEBUG -g -O3 -Wall -Os -fstack-clash-protection -Wformat -Werror=format-security -fno-plt -march=loongarch64 -mabi=lp64d -mstrict-align   -Os -fstack-clash-protection -Wformat -Werror=format-security -fno-plt -march=loongarch64 -mabi=lp64d -mstrict-align -O2 -DTHREAD_STACK_SIZE=0x200000 -fno-semantic-interposition -flto -ffat-lto-objects -g -std=c11 -Wextra -Wno-unused-parameter -Wno-missing-field-initializers -Wstrict-prototypes -Werror=implicit-function-declaration -fvisibility=hidden -fprofile-generate -fprofile-update=atomic -I./Include/internal -I./Include/internal/mimalloc  -I. -I./Include -I/app/target/cpython-strict/sysroot/usr/include  -fPIC -DPy_BUILD_CORE -o Objects/moduleobject.o Objects/moduleobject.c
/app/target/cpython-strict/cross/loongarch64-linux-musl-gcc -c -fno-strict-overflow -Wsign-compare -DNDEBUG -g -O3 -Wall -Os -fstack-clash-protection -Wformat -Werror=format-security -fno-plt -march=loongarch64 -mabi=lp64d -mstrict-align   -Os -fstack-clash-protection -Wformat -Werror=format-security -fno-plt -march=loongarch64 -mabi=lp64d -mstrict-align -O2 -DTHREAD_STACK_SIZE=0x200000 -fno-semantic-interposition -flto -ffat-lto-objects -g -std=c11 -Wextra -Wno-unused-parameter -Wno-missing-field-initializers -Wstrict-prototypes -Werror=implicit-function-declaration -fvisibility=hidden -fprofile-generate -fprofile-update=atomic -I./Include/internal -I./Include/internal/mimalloc  -I. -I./Include -I/app/target/cpython-strict/sysroot/usr/include  -fPIC -DPy_BUILD_CORE -o Objects/namespaceobject.o Objects/namespaceobject.c
/app/target/cpython-strict/cross/loongarch64-linux-musl-gcc -c -fno-strict-overflow -Wsign-compare -DNDEBUG -g -O3 -Wall -Os -fstack-clash-protection -Wformat -Werror=format-security -fno-plt -march=loongarch64 -mabi=lp64d -mstrict-align   -Os -fstack-clash-protection -Wformat -Werror=format-security -fno-plt -march=loongarch64 -mabi=lp64d -mstrict-align -O2 -DTHREAD_STACK_SIZE=0x200000 -fno-semantic-interposition -flto -ffat-lto-objects -g -std=c11 -Wextra -Wno-unused-parameter -Wno-missing-field-initializers -Wstrict-prototypes -Werror=implicit-function-declaration -fvisibility=hidden -fprofile-generate -fprofile-update=atomic -I./Include/internal -I./Include/internal/mimalloc  -I. -I./Include -I/app/target/cpython-strict/sysroot/usr/include  -fPIC -DPy_BUILD_CORE -o Objects/object.o Objects/object.c
/app/target/cpython-strict/cross/loongarch64-linux-musl-gcc -c -fno-strict-overflow -Wsign-compare -DNDEBUG -g -O3 -Wall -Os -fstack-clash-protection -Wformat -Werror=format-security -fno-plt -march=loongarch64 -mabi=lp64d -mstrict-align   -Os -fstack-clash-protection -Wformat -Werror=format-security -fno-plt -march=loongarch64 -mabi=lp64d -mstrict-align -O2 -DTHREAD_STACK_SIZE=0x200000 -fno-semantic-interposition -flto -ffat-lto-objects -g -std=c11 -Wextra -Wno-unused-parameter -Wno-missing-field-initializers -Wstrict-prototypes -Werror=implicit-function-declaration -fvisibility=hidden -fprofile-generate -fprofile-update=atomic -I./Include/internal -I./Include/internal/mimalloc  -I. -I./Include -I/app/target/cpython-strict/sysroot/usr/include  -fPIC -DPy_BUILD_CORE -o Objects/obmalloc.o Objects/obmalloc.c
/app/target/cpython-strict/cross/loongarch64-linux-musl-gcc -c -fno-strict-overflow -Wsign-compare -DNDEBUG -g -O3 -Wall -Os -fstack-clash-protection -Wformat -Werror=format-security -fno-plt -march=loongarch64 -mabi=lp64d -mstrict-align   -Os -fstack-clash-protection -Wformat -Werror=format-security -fno-plt -march=loongarch64 -mabi=lp64d -mstrict-align -O2 -DTHREAD_STACK_SIZE=0x200000 -fno-semantic-interposition -flto -ffat-lto-objects -g -std=c11 -Wextra -Wno-unused-parameter -Wno-missing-field-initializers -Wstrict-prototypes -Werror=implicit-function-declaration -fvisibility=hidden -fprofile-generate -fprofile-update=atomic -I./Include/internal -I./Include/internal/mimalloc  -I. -I./Include -I/app/target/cpython-strict/sysroot/usr/include  -fPIC -DPy_BUILD_CORE -o Objects/picklebufobject.o Objects/picklebufobject.c
/app/target/cpython-strict/cross/loongarch64-linux-musl-gcc -c -fno-strict-overflow -Wsign-compare -DNDEBUG -g -O3 -Wall -Os -fstack-clash-protection -Wformat -Werror=format-security -fno-plt -march=loongarch64 -mabi=lp64d -mstrict-align   -Os -fstack-clash-protection -Wformat -Werror=format-security -fno-plt -march=loongarch64 -mabi=lp64d -mstrict-align -O2 -DTHREAD_STACK_SIZE=0x200000 -fno-semantic-interposition -flto -ffat-lto-objects -g -std=c11 -Wextra -Wno-unused-parameter -Wno-missing-field-initializers -Wstrict-prototypes -Werror=implicit-function-declaration -fvisibility=hidden -fprofile-generate -fprofile-update=atomic -I./Include/internal -I./Include/internal/mimalloc  -I. -I./Include -I/app/target/cpython-strict/sysroot/usr/include  -fPIC -DPy_BUILD_CORE -o Objects/rangeobject.o Objects/rangeobject.c
/app/target/cpython-strict/cross/loongarch64-linux-musl-gcc -c -fno-strict-overflow -Wsign-compare -DNDEBUG -g -O3 -Wall -Os -fstack-clash-protection -Wformat -Werror=format-security -fno-plt -march=loongarch64 -mabi=lp64d -mstrict-align   -Os -fstack-clash-protection -Wformat -Werror=format-security -fno-plt -march=loongarch64 -mabi=lp64d -mstrict-align -O2 -DTHREAD_STACK_SIZE=0x200000 -fno-semantic-interposition -flto -ffat-lto-objects -g -std=c11 -Wextra -Wno-unused-parameter -Wno-missing-field-initializers -Wstrict-prototypes -Werror=implicit-function-declaration -fvisibility=hidden -fprofile-generate -fprofile-update=atomic -I./Include/internal -I./Include/internal/mimalloc  -I. -I./Include -I/app/target/cpython-strict/sysroot/usr/include  -fPIC -DPy_BUILD_CORE -o Objects/setobject.o Objects/setobject.c
/app/target/cpython-strict/cross/loongarch64-linux-musl-gcc -c -fno-strict-overflow -Wsign-compare -DNDEBUG -g -O3 -Wall -Os -fstack-clash-protection -Wformat -Werror=format-security -fno-plt -march=loongarch64 -mabi=lp64d -mstrict-align   -Os -fstack-clash-protection -Wformat -Werror=format-security -fno-plt -march=loongarch64 -mabi=lp64d -mstrict-align -O2 -DTHREAD_STACK_SIZE=0x200000 -fno-semantic-interposition -flto -ffat-lto-objects -g -std=c11 -Wextra -Wno-unused-parameter -Wno-missing-field-initializers -Wstrict-prototypes -Werror=implicit-function-declaration -fvisibility=hidden -fprofile-generate -fprofile-update=atomic -I./Include/internal -I./Include/internal/mimalloc  -I. -I./Include -I/app/target/cpython-strict/sysroot/usr/include  -fPIC -DPy_BUILD_CORE -o Objects/sliceobject.o Objects/sliceobject.c
/app/target/cpython-strict/cross/loongarch64-linux-musl-gcc -c -fno-strict-overflow -Wsign-compare -DNDEBUG -g -O3 -Wall -Os -fstack-clash-protection -Wformat -Werror=format-security -fno-plt -march=loongarch64 -mabi=lp64d -mstrict-align   -Os -fstack-clash-protection -Wformat -Werror=format-security -fno-plt -march=loongarch64 -mabi=lp64d -mstrict-align -O2 -DTHREAD_STACK_SIZE=0x200000 -fno-semantic-interposition -flto -ffat-lto-objects -g -std=c11 -Wextra -Wno-unused-parameter -Wno-missing-field-initializers -Wstrict-prototypes -Werror=implicit-function-declaration -fvisibility=hidden -fprofile-generate -fprofile-update=atomic -I./Include/internal -I./Include/internal/mimalloc  -I. -I./Include -I/app/target/cpython-strict/sysroot/usr/include  -fPIC -DPy_BUILD_CORE -o Objects/structseq.o Objects/structseq.c
/app/target/cpython-strict/cross/loongarch64-linux-musl-gcc -c -fno-strict-overflow -Wsign-compare -DNDEBUG -g -O3 -Wall -Os -fstack-clash-protection -Wformat -Werror=format-security -fno-plt -march=loongarch64 -mabi=lp64d -mstrict-align   -Os -fstack-clash-protection -Wformat -Werror=format-security -fno-plt -march=loongarch64 -mabi=lp64d -mstrict-align -O2 -DTHREAD_STACK_SIZE=0x200000 -fno-semantic-interposition -flto -ffat-lto-objects -g -std=c11 -Wextra -Wno-unused-parameter -Wno-missing-field-initializers -Wstrict-prototypes -Werror=implicit-function-declaration -fvisibility=hidden -fprofile-generate -fprofile-update=atomic -I./Include/internal -I./Include/internal/mimalloc  -I. -I./Include -I/app/target/cpython-strict/sysroot/usr/include  -fPIC -DPy_BUILD_CORE -o Objects/templateobject.o Objects/templateobject.c
/app/target/cpython-strict/cross/loongarch64-linux-musl-gcc -c -fno-strict-overflow -Wsign-compare -DNDEBUG -g -O3 -Wall -Os -fstack-clash-protection -Wformat -Werror=format-security -fno-plt -march=loongarch64 -mabi=lp64d -mstrict-align   -Os -fstack-clash-protection -Wformat -Werror=format-security -fno-plt -march=loongarch64 -mabi=lp64d -mstrict-align -O2 -DTHREAD_STACK_SIZE=0x200000 -fno-semantic-interposition -flto -ffat-lto-objects -g -std=c11 -Wextra -Wno-unused-parameter -Wno-missing-field-initializers -Wstrict-prototypes -Werror=implicit-function-declaration -fvisibility=hidden -fprofile-generate -fprofile-update=atomic -I./Include/internal -I./Include/internal/mimalloc  -I. -I./Include -I/app/target/cpython-strict/sysroot/usr/include  -fPIC -DPy_BUILD_CORE -o Objects/tupleobject.o Objects/tupleobject.c
/app/target/cpython-strict/cross/loongarch64-linux-musl-gcc -c -fno-strict-overflow -Wsign-compare -DNDEBUG -g -O3 -Wall -Os -fstack-clash-protection -Wformat -Werror=format-security -fno-plt -march=loongarch64 -mabi=lp64d -mstrict-align   -Os -fstack-clash-protection -Wformat -Werror=format-security -fno-plt -march=loongarch64 -mabi=lp64d -mstrict-align -O2 -DTHREAD_STACK_SIZE=0x200000 -fno-semantic-interposition -flto -ffat-lto-objects -g -std=c11 -Wextra -Wno-unused-parameter -Wno-missing-field-initializers -Wstrict-prototypes -Werror=implicit-function-declaration -fvisibility=hidden -fprofile-generate -fprofile-update=atomic -I./Include/internal -I./Include/internal/mimalloc  -I. -I./Include -I/app/target/cpython-strict/sysroot/usr/include  -fPIC -DPy_BUILD_CORE -o Objects/typeobject.o Objects/typeobject.c
/app/target/cpython-strict/cross/loongarch64-linux-musl-gcc -c -fno-strict-overflow -Wsign-compare -DNDEBUG -g -O3 -Wall -Os -fstack-clash-protection -Wformat -Werror=format-security -fno-plt -march=loongarch64 -mabi=lp64d -mstrict-align   -Os -fstack-clash-protection -Wformat -Werror=format-security -fno-plt -march=loongarch64 -mabi=lp64d -mstrict-align -O2 -DTHREAD_STACK_SIZE=0x200000 -fno-semantic-interposition -flto -ffat-lto-objects -g -std=c11 -Wextra -Wno-unused-parameter -Wno-missing-field-initializers -Wstrict-prototypes -Werror=implicit-function-declaration -fvisibility=hidden -fprofile-generate -fprofile-update=atomic -I./Include/internal -I./Include/internal/mimalloc  -I. -I./Include -I/app/target/cpython-strict/sysroot/usr/include  -fPIC -DPy_BUILD_CORE -o Objects/typevarobject.o Objects/typevarobject.c
/app/target/cpython-strict/cross/loongarch64-linux-musl-gcc -c -fno-strict-overflow -Wsign-compare -DNDEBUG -g -O3 -Wall -Os -fstack-clash-protection -Wformat -Werror=format-security -fno-plt -march=loongarch64 -mabi=lp64d -mstrict-align   -Os -fstack-clash-protection -Wformat -Werror=format-security -fno-plt -march=loongarch64 -mabi=lp64d -mstrict-align -O2 -DTHREAD_STACK_SIZE=0x200000 -fno-semantic-interposition -flto -ffat-lto-objects -g -std=c11 -Wextra -Wno-unused-parameter -Wno-missing-field-initializers -Wstrict-prototypes -Werror=implicit-function-declaration -fvisibility=hidden -fprofile-generate -fprofile-update=atomic -I./Include/internal -I./Include/internal/mimalloc  -I. -I./Include -I/app/target/cpython-strict/sysroot/usr/include  -fPIC -DPy_BUILD_CORE -o Objects/unicodeobject.o Objects/unicodeobject.c
/app/target/cpython-strict/cross/loongarch64-linux-musl-gcc -c -fno-strict-overflow -Wsign-compare -DNDEBUG -g -O3 -Wall -Os -fstack-clash-protection -Wformat -Werror=format-security -fno-plt -march=loongarch64 -mabi=lp64d -mstrict-align   -Os -fstack-clash-protection -Wformat -Werror=format-security -fno-plt -march=loongarch64 -mabi=lp64d -mstrict-align -O2 -DTHREAD_STACK_SIZE=0x200000 -fno-semantic-interposition -flto -ffat-lto-objects -g -std=c11 -Wextra -Wno-unused-parameter -Wno-missing-field-initializers -Wstrict-prototypes -Werror=implicit-function-declaration -fvisibility=hidden -fprofile-generate -fprofile-update=atomic -I./Include/internal -I./Include/internal/mimalloc  -I. -I./Include -I/app/target/cpython-strict/sysroot/usr/include  -fPIC -DPy_BUILD_CORE -o Objects/unicodectype.o Objects/unicodectype.c
/app/target/cpython-strict/cross/loongarch64-linux-musl-gcc -c -fno-strict-overflow -Wsign-compare -DNDEBUG -g -O3 -Wall -Os -fstack-clash-protection -Wformat -Werror=format-security -fno-plt -march=loongarch64 -mabi=lp64d -mstrict-align   -Os -fstack-clash-protection -Wformat -Werror=format-security -fno-plt -march=loongarch64 -mabi=lp64d -mstrict-align -O2 -DTHREAD_STACK_SIZE=0x200000 -fno-semantic-interposition -flto -ffat-lto-objects -g -std=c11 -Wextra -Wno-unused-parameter -Wno-missing-field-initializers -Wstrict-prototypes -Werror=implicit-function-declaration -fvisibility=hidden -fprofile-generate -fprofile-update=atomic -I./Include/internal -I./Include/internal/mimalloc  -I. -I./Include -I/app/target/cpython-strict/sysroot/usr/include  -fPIC -DPy_BUILD_CORE -o Objects/unionobject.o Objects/unionobject.c
/app/target/cpython-strict/cross/loongarch64-linux-musl-gcc -c -fno-strict-overflow -Wsign-compare -DNDEBUG -g -O3 -Wall -Os -fstack-clash-protection -Wformat -Werror=format-security -fno-plt -march=loongarch64 -mabi=lp64d -mstrict-align   -Os -fstack-clash-protection -Wformat -Werror=format-security -fno-plt -march=loongarch64 -mabi=lp64d -mstrict-align -O2 -DTHREAD_STACK_SIZE=0x200000 -fno-semantic-interposition -flto -ffat-lto-objects -g -std=c11 -Wextra -Wno-unused-parameter -Wno-missing-field-initializers -Wstrict-prototypes -Werror=implicit-function-declaration -fvisibility=hidden -fprofile-generate -fprofile-update=atomic -I./Include/internal -I./Include/internal/mimalloc  -I. -I./Include -I/app/target/cpython-strict/sysroot/usr/include  -fPIC -DPy_BUILD_CORE -o Objects/weakrefobject.o Objects/weakrefobject.c
/app/target/cpython-strict/cross/loongarch64-linux-musl-gcc -c -fno-strict-overflow -Wsign-compare -DNDEBUG -g -O3 -Wall -Os -fstack-clash-protection -Wformat -Werror=format-security -fno-plt -march=loongarch64 -mabi=lp64d -mstrict-align   -Os -fstack-clash-protection -Wformat -Werror=format-security -fno-plt -march=loongarch64 -mabi=lp64d -mstrict-align -O2 -DTHREAD_STACK_SIZE=0x200000 -fno-semantic-interposition -flto -ffat-lto-objects -g -std=c11 -Wextra -Wno-unused-parameter -Wno-missing-field-initializers -Wstrict-prototypes -Werror=implicit-function-declaration -fvisibility=hidden -fprofile-generate -fprofile-update=atomic -I./Include/internal -I./Include/internal/mimalloc  -I. -I./Include -I/app/target/cpython-strict/sysroot/usr/include  -fPIC -DPy_BUILD_CORE -o Python/_contextvars.o Python/_contextvars.c
/app/target/cpython-strict/cross/loongarch64-linux-musl-gcc -c -fno-strict-overflow -Wsign-compare -DNDEBUG -g -O3 -Wall -Os -fstack-clash-protection -Wformat -Werror=format-security -fno-plt -march=loongarch64 -mabi=lp64d -mstrict-align   -Os -fstack-clash-protection -Wformat -Werror=format-security -fno-plt -march=loongarch64 -mabi=lp64d -mstrict-align -O2 -DTHREAD_STACK_SIZE=0x200000 -fno-semantic-interposition -flto -ffat-lto-objects -g -std=c11 -Wextra -Wno-unused-parameter -Wno-missing-field-initializers -Wstrict-prototypes -Werror=implicit-function-declaration -fvisibility=hidden -fprofile-generate -fprofile-update=atomic -I./Include/internal -I./Include/internal/mimalloc  -I. -I./Include -I/app/target/cpython-strict/sysroot/usr/include  -fPIC -DPy_BUILD_CORE -o Python/_warnings.o Python/_warnings.c
/app/target/cpython-strict/cross/loongarch64-linux-musl-gcc -c -fno-strict-overflow -Wsign-compare -DNDEBUG -g -O3 -Wall -Os -fstack-clash-protection -Wformat -Werror=format-security -fno-plt -march=loongarch64 -mabi=lp64d -mstrict-align   -Os -fstack-clash-protection -Wformat -Werror=format-security -fno-plt -march=loongarch64 -mabi=lp64d -mstrict-align -O2 -DTHREAD_STACK_SIZE=0x200000 -fno-semantic-interposition -flto -ffat-lto-objects -g -std=c11 -Wextra -Wno-unused-parameter -Wno-missing-field-initializers -Wstrict-prototypes -Werror=implicit-function-declaration -fvisibility=hidden -fprofile-generate -fprofile-update=atomic -I./Include/internal -I./Include/internal/mimalloc  -I. -I./Include -I/app/target/cpython-strict/sysroot/usr/include  -fPIC -DPy_BUILD_CORE -o Python/Python-ast.o Python/Python-ast.c
/app/target/cpython-strict/cross/loongarch64-linux-musl-gcc -c -fno-strict-overflow -Wsign-compare -DNDEBUG -g -O3 -Wall -Os -fstack-clash-protection -Wformat -Werror=format-security -fno-plt -march=loongarch64 -mabi=lp64d -mstrict-align   -Os -fstack-clash-protection -Wformat -Werror=format-security -fno-plt -march=loongarch64 -mabi=lp64d -mstrict-align -O2 -DTHREAD_STACK_SIZE=0x200000 -fno-semantic-interposition -flto -ffat-lto-objects -g -std=c11 -Wextra -Wno-unused-parameter -Wno-missing-field-initializers -Wstrict-prototypes -Werror=implicit-function-declaration -fvisibility=hidden -fprofile-generate -fprofile-update=atomic -I./Include/internal -I./Include/internal/mimalloc  -I. -I./Include -I/app/target/cpython-strict/sysroot/usr/include  -fPIC -DPy_BUILD_CORE -o Python/Python-tokenize.o Python/Python-tokenize.c
/app/target/cpython-strict/cross/loongarch64-linux-musl-gcc -c -fno-strict-overflow -Wsign-compare -DNDEBUG -g -O3 -Wall -Os -fstack-clash-protection -Wformat -Werror=format-security -fno-plt -march=loongarch64 -mabi=lp64d -mstrict-align   -Os -fstack-clash-protection -Wformat -Werror=format-security -fno-plt -march=loongarch64 -mabi=lp64d -mstrict-align -O2 -DTHREAD_STACK_SIZE=0x200000 -fno-semantic-interposition -flto -ffat-lto-objects -g -std=c11 -Wextra -Wno-unused-parameter -Wno-missing-field-initializers -Wstrict-prototypes -Werror=implicit-function-declaration -fvisibility=hidden -fprofile-generate -fprofile-update=atomic -I./Include/internal -I./Include/internal/mimalloc  -I. -I./Include -I/app/target/cpython-strict/sysroot/usr/include  -fPIC -DPy_BUILD_CORE -o Python/asdl.o Python/asdl.c
/app/target/cpython-strict/cross/loongarch64-linux-musl-gcc -c -fno-strict-overflow -Wsign-compare -DNDEBUG -g -O3 -Wall -Os -fstack-clash-protection -Wformat -Werror=format-security -fno-plt -march=loongarch64 -mabi=lp64d -mstrict-align   -Os -fstack-clash-protection -Wformat -Werror=format-security -fno-plt -march=loongarch64 -mabi=lp64d -mstrict-align -O2 -DTHREAD_STACK_SIZE=0x200000 -fno-semantic-interposition -flto -ffat-lto-objects -g -std=c11 -Wextra -Wno-unused-parameter -Wno-missing-field-initializers -Wstrict-prototypes -Werror=implicit-function-declaration -fvisibility=hidden -fprofile-generate -fprofile-update=atomic -I./Include/internal -I./Include/internal/mimalloc  -I. -I./Include -I/app/target/cpython-strict/sysroot/usr/include  -fPIC -DPy_BUILD_CORE -o Python/assemble.o Python/assemble.c
/app/target/cpython-strict/cross/loongarch64-linux-musl-gcc -c -fno-strict-overflow -Wsign-compare -DNDEBUG -g -O3 -Wall -Os -fstack-clash-protection -Wformat -Werror=format-security -fno-plt -march=loongarch64 -mabi=lp64d -mstrict-align   -Os -fstack-clash-protection -Wformat -Werror=format-security -fno-plt -march=loongarch64 -mabi=lp64d -mstrict-align -O2 -DTHREAD_STACK_SIZE=0x200000 -fno-semantic-interposition -flto -ffat-lto-objects -g -std=c11 -Wextra -Wno-unused-parameter -Wno-missing-field-initializers -Wstrict-prototypes -Werror=implicit-function-declaration -fvisibility=hidden -fprofile-generate -fprofile-update=atomic -I./Include/internal -I./Include/internal/mimalloc  -I. -I./Include -I/app/target/cpython-strict/sysroot/usr/include  -fPIC -DPy_BUILD_CORE -o Python/ast.o Python/ast.c
/app/target/cpython-strict/cross/loongarch64-linux-musl-gcc -c -fno-strict-overflow -Wsign-compare -DNDEBUG -g -O3 -Wall -Os -fstack-clash-protection -Wformat -Werror=format-security -fno-plt -march=loongarch64 -mabi=lp64d -mstrict-align   -Os -fstack-clash-protection -Wformat -Werror=format-security -fno-plt -march=loongarch64 -mabi=lp64d -mstrict-align -O2 -DTHREAD_STACK_SIZE=0x200000 -fno-semantic-interposition -flto -ffat-lto-objects -g -std=c11 -Wextra -Wno-unused-parameter -Wno-missing-field-initializers -Wstrict-prototypes -Werror=implicit-function-declaration -fvisibility=hidden -fprofile-generate -fprofile-update=atomic -I./Include/internal -I./Include/internal/mimalloc  -I. -I./Include -I/app/target/cpython-strict/sysroot/usr/include  -fPIC -DPy_BUILD_CORE -o Python/ast_preprocess.o Python/ast_preprocess.c
/app/target/cpython-strict/cross/loongarch64-linux-musl-gcc -c -fno-strict-overflow -Wsign-compare -DNDEBUG -g -O3 -Wall -Os -fstack-clash-protection -Wformat -Werror=format-security -fno-plt -march=loongarch64 -mabi=lp64d -mstrict-align   -Os -fstack-clash-protection -Wformat -Werror=format-security -fno-plt -march=loongarch64 -mabi=lp64d -mstrict-align -O2 -DTHREAD_STACK_SIZE=0x200000 -fno-semantic-interposition -flto -ffat-lto-objects -g -std=c11 -Wextra -Wno-unused-parameter -Wno-missing-field-initializers -Wstrict-prototypes -Werror=implicit-function-declaration -fvisibility=hidden -fprofile-generate -fprofile-update=atomic -I./Include/internal -I./Include/internal/mimalloc  -I. -I./Include -I/app/target/cpython-strict/sysroot/usr/include  -fPIC -DPy_BUILD_CORE -o Python/ast_unparse.o Python/ast_unparse.c
/app/target/cpython-strict/cross/loongarch64-linux-musl-gcc -c -fno-strict-overflow -Wsign-compare -DNDEBUG -g -O3 -Wall -Os -fstack-clash-protection -Wformat -Werror=format-security -fno-plt -march=loongarch64 -mabi=lp64d -mstrict-align   -Os -fstack-clash-protection -Wformat -Werror=format-security -fno-plt -march=loongarch64 -mabi=lp64d -mstrict-align -O2 -DTHREAD_STACK_SIZE=0x200000 -fno-semantic-interposition -flto -ffat-lto-objects -g -std=c11 -Wextra -Wno-unused-parameter -Wno-missing-field-initializers -Wstrict-prototypes -Werror=implicit-function-declaration -fvisibility=hidden -fprofile-generate -fprofile-update=atomic -I./Include/internal -I./Include/internal/mimalloc  -I. -I./Include -I/app/target/cpython-strict/sysroot/usr/include  -fPIC -DPy_BUILD_CORE -o Python/bltinmodule.o Python/bltinmodule.c
/app/target/cpython-strict/cross/loongarch64-linux-musl-gcc -c -fno-strict-overflow -Wsign-compare -DNDEBUG -g -O3 -Wall -Os -fstack-clash-protection -Wformat -Werror=format-security -fno-plt -march=loongarch64 -mabi=lp64d -mstrict-align   -Os -fstack-clash-protection -Wformat -Werror=format-security -fno-plt -march=loongarch64 -mabi=lp64d -mstrict-align -O2 -DTHREAD_STACK_SIZE=0x200000 -fno-semantic-interposition -flto -ffat-lto-objects -g -std=c11 -Wextra -Wno-unused-parameter -Wno-missing-field-initializers -Wstrict-prototypes -Werror=implicit-function-declaration -fvisibility=hidden -fprofile-generate -fprofile-update=atomic -I./Include/internal -I./Include/internal/mimalloc  -I. -I./Include -I/app/target/cpython-strict/sysroot/usr/include  -fPIC -DPy_BUILD_CORE -o Python/brc.o Python/brc.c
/app/target/cpython-strict/cross/loongarch64-linux-musl-gcc -c -fno-strict-overflow -Wsign-compare -DNDEBUG -g -O3 -Wall -Os -fstack-clash-protection -Wformat -Werror=format-security -fno-plt -march=loongarch64 -mabi=lp64d -mstrict-align   -Os -fstack-clash-protection -Wformat -Werror=format-security -fno-plt -march=loongarch64 -mabi=lp64d -mstrict-align -O2 -DTHREAD_STACK_SIZE=0x200000 -fno-semantic-interposition -flto -ffat-lto-objects -g -std=c11 -Wextra -Wno-unused-parameter -Wno-missing-field-initializers -Wstrict-prototypes -Werror=implicit-function-declaration -fvisibility=hidden -fprofile-generate -fprofile-update=atomic -I./Include/internal -I./Include/internal/mimalloc  -I. -I./Include -I/app/target/cpython-strict/sysroot/usr/include  -fPIC -DPy_BUILD_CORE  -o Python/ceval.o Python/ceval.c
/app/target/cpython-strict/cross/loongarch64-linux-musl-gcc -c -fno-strict-overflow -Wsign-compare -DNDEBUG -g -O3 -Wall -Os -fstack-clash-protection -Wformat -Werror=format-security -fno-plt -march=loongarch64 -mabi=lp64d -mstrict-align   -Os -fstack-clash-protection -Wformat -Werror=format-security -fno-plt -march=loongarch64 -mabi=lp64d -mstrict-align -O2 -DTHREAD_STACK_SIZE=0x200000 -fno-semantic-interposition -flto -ffat-lto-objects -g -std=c11 -Wextra -Wno-unused-parameter -Wno-missing-field-initializers -Wstrict-prototypes -Werror=implicit-function-declaration -fvisibility=hidden -fprofile-generate -fprofile-update=atomic -I./Include/internal -I./Include/internal/mimalloc  -I. -I./Include -I/app/target/cpython-strict/sysroot/usr/include  -fPIC -DPy_BUILD_CORE -o Python/codecs.o Python/codecs.c
/app/target/cpython-strict/cross/loongarch64-linux-musl-gcc -c -fno-strict-overflow -Wsign-compare -DNDEBUG -g -O3 -Wall -Os -fstack-clash-protection -Wformat -Werror=format-security -fno-plt -march=loongarch64 -mabi=lp64d -mstrict-align   -Os -fstack-clash-protection -Wformat -Werror=format-security -fno-plt -march=loongarch64 -mabi=lp64d -mstrict-align -O2 -DTHREAD_STACK_SIZE=0x200000 -fno-semantic-interposition -flto -ffat-lto-objects -g -std=c11 -Wextra -Wno-unused-parameter -Wno-missing-field-initializers -Wstrict-prototypes -Werror=implicit-function-declaration -fvisibility=hidden -fprofile-generate -fprofile-update=atomic -I./Include/internal -I./Include/internal/mimalloc  -I. -I./Include -I/app/target/cpython-strict/sysroot/usr/include  -fPIC -DPy_BUILD_CORE -o Python/codegen.o Python/codegen.c
/app/target/cpython-strict/cross/loongarch64-linux-musl-gcc -c -fno-strict-overflow -Wsign-compare -DNDEBUG -g -O3 -Wall -Os -fstack-clash-protection -Wformat -Werror=format-security -fno-plt -march=loongarch64 -mabi=lp64d -mstrict-align   -Os -fstack-clash-protection -Wformat -Werror=format-security -fno-plt -march=loongarch64 -mabi=lp64d -mstrict-align -O2 -DTHREAD_STACK_SIZE=0x200000 -fno-semantic-interposition -flto -ffat-lto-objects -g -std=c11 -Wextra -Wno-unused-parameter -Wno-missing-field-initializers -Wstrict-prototypes -Werror=implicit-function-declaration -fvisibility=hidden -fprofile-generate -fprofile-update=atomic -I./Include/internal -I./Include/internal/mimalloc  -I. -I./Include -I/app/target/cpython-strict/sysroot/usr/include  -fPIC -DPy_BUILD_CORE -o Python/compile.o Python/compile.c
/app/target/cpython-strict/cross/loongarch64-linux-musl-gcc -c -fno-strict-overflow -Wsign-compare -DNDEBUG -g -O3 -Wall -Os -fstack-clash-protection -Wformat -Werror=format-security -fno-plt -march=loongarch64 -mabi=lp64d -mstrict-align   -Os -fstack-clash-protection -Wformat -Werror=format-security -fno-plt -march=loongarch64 -mabi=lp64d -mstrict-align -O2 -DTHREAD_STACK_SIZE=0x200000 -fno-semantic-interposition -flto -ffat-lto-objects -g -std=c11 -Wextra -Wno-unused-parameter -Wno-missing-field-initializers -Wstrict-prototypes -Werror=implicit-function-declaration -fvisibility=hidden -fprofile-generate -fprofile-update=atomic -I./Include/internal -I./Include/internal/mimalloc  -I. -I./Include -I/app/target/cpython-strict/sysroot/usr/include  -fPIC -DPy_BUILD_CORE -o Python/context.o Python/context.c
/app/target/cpython-strict/cross/loongarch64-linux-musl-gcc -c -fno-strict-overflow -Wsign-compare -DNDEBUG -g -O3 -Wall -Os -fstack-clash-protection -Wformat -Werror=format-security -fno-plt -march=loongarch64 -mabi=lp64d -mstrict-align   -Os -fstack-clash-protection -Wformat -Werror=format-security -fno-plt -march=loongarch64 -mabi=lp64d -mstrict-align -O2 -DTHREAD_STACK_SIZE=0x200000 -fno-semantic-interposition -flto -ffat-lto-objects -g -std=c11 -Wextra -Wno-unused-parameter -Wno-missing-field-initializers -Wstrict-prototypes -Werror=implicit-function-declaration -fvisibility=hidden -fprofile-generate -fprofile-update=atomic -I./Include/internal -I./Include/internal/mimalloc  -I. -I./Include -I/app/target/cpython-strict/sysroot/usr/include  -fPIC -DPy_BUILD_CORE -o Python/critical_section.o Python/critical_section.c
/app/target/cpython-strict/cross/loongarch64-linux-musl-gcc -c -fno-strict-overflow -Wsign-compare -DNDEBUG -g -O3 -Wall -Os -fstack-clash-protection -Wformat -Werror=format-security -fno-plt -march=loongarch64 -mabi=lp64d -mstrict-align   -Os -fstack-clash-protection -Wformat -Werror=format-security -fno-plt -march=loongarch64 -mabi=lp64d -mstrict-align -O2 -DTHREAD_STACK_SIZE=0x200000 -fno-semantic-interposition -flto -ffat-lto-objects -g -std=c11 -Wextra -Wno-unused-parameter -Wno-missing-field-initializers -Wstrict-prototypes -Werror=implicit-function-declaration -fvisibility=hidden -fprofile-generate -fprofile-update=atomic -I./Include/internal -I./Include/internal/mimalloc  -I. -I./Include -I/app/target/cpython-strict/sysroot/usr/include  -fPIC -DPy_BUILD_CORE -o Python/crossinterp.o Python/crossinterp.c
/app/target/cpython-strict/cross/loongarch64-linux-musl-gcc -c -fno-strict-overflow -Wsign-compare -DNDEBUG -g -O3 -Wall -Os -fstack-clash-protection -Wformat -Werror=format-security -fno-plt -march=loongarch64 -mabi=lp64d -mstrict-align   -Os -fstack-clash-protection -Wformat -Werror=format-security -fno-plt -march=loongarch64 -mabi=lp64d -mstrict-align -O2 -DTHREAD_STACK_SIZE=0x200000 -fno-semantic-interposition -flto -ffat-lto-objects -g -std=c11 -Wextra -Wno-unused-parameter -Wno-missing-field-initializers -Wstrict-prototypes -Werror=implicit-function-declaration -fvisibility=hidden -fprofile-generate -fprofile-update=atomic -I./Include/internal -I./Include/internal/mimalloc  -I. -I./Include -I/app/target/cpython-strict/sysroot/usr/include  -fPIC -DPy_BUILD_CORE -o Python/dynamic_annotations.o Python/dynamic_annotations.c
/app/target/cpython-strict/cross/loongarch64-linux-musl-gcc -c -fno-strict-overflow -Wsign-compare -DNDEBUG -g -O3 -Wall -Os -fstack-clash-protection -Wformat -Werror=format-security -fno-plt -march=loongarch64 -mabi=lp64d -mstrict-align   -Os -fstack-clash-protection -Wformat -Werror=format-security -fno-plt -march=loongarch64 -mabi=lp64d -mstrict-align -O2 -DTHREAD_STACK_SIZE=0x200000 -fno-semantic-interposition -flto -ffat-lto-objects -g -std=c11 -Wextra -Wno-unused-parameter -Wno-missing-field-initializers -Wstrict-prototypes -Werror=implicit-function-declaration -fvisibility=hidden -fprofile-generate -fprofile-update=atomic -I./Include/internal -I./Include/internal/mimalloc  -I. -I./Include -I/app/target/cpython-strict/sysroot/usr/include  -fPIC -DPy_BUILD_CORE -o Python/errors.o Python/errors.c
/app/target/cpython-strict/cross/loongarch64-linux-musl-gcc -c -fno-strict-overflow -Wsign-compare -DNDEBUG -g -O3 -Wall -Os -fstack-clash-protection -Wformat -Werror=format-security -fno-plt -march=loongarch64 -mabi=lp64d -mstrict-align   -Os -fstack-clash-protection -Wformat -Werror=format-security -fno-plt -march=loongarch64 -mabi=lp64d -mstrict-align -O2 -DTHREAD_STACK_SIZE=0x200000 -fno-semantic-interposition -flto -ffat-lto-objects -g -std=c11 -Wextra -Wno-unused-parameter -Wno-missing-field-initializers -Wstrict-prototypes -Werror=implicit-function-declaration -fvisibility=hidden -fprofile-generate -fprofile-update=atomic -I./Include/internal -I./Include/internal/mimalloc  -I. -I./Include -I/app/target/cpython-strict/sysroot/usr/include  -fPIC -DPy_BUILD_CORE -o Python/flowgraph.o Python/flowgraph.c
/app/target/cpython-strict/cross/loongarch64-linux-musl-gcc -c -fno-strict-overflow -Wsign-compare -DNDEBUG -g -O3 -Wall -Os -fstack-clash-protection -Wformat -Werror=format-security -fno-plt -march=loongarch64 -mabi=lp64d -mstrict-align   -Os -fstack-clash-protection -Wformat -Werror=format-security -fno-plt -march=loongarch64 -mabi=lp64d -mstrict-align -O2 -DTHREAD_STACK_SIZE=0x200000 -fno-semantic-interposition -flto -ffat-lto-objects -g -std=c11 -Wextra -Wno-unused-parameter -Wno-missing-field-initializers -Wstrict-prototypes -Werror=implicit-function-declaration -fvisibility=hidden -fprofile-generate -fprofile-update=atomic -I./Include/internal -I./Include/internal/mimalloc  -I. -I./Include -I/app/target/cpython-strict/sysroot/usr/include  -fPIC -DPy_BUILD_CORE -o Python/frame.o Python/frame.c
/app/target/cpython-strict/cross/loongarch64-linux-musl-gcc -c -fno-strict-overflow -Wsign-compare -DNDEBUG -g -O3 -Wall -Os -fstack-clash-protection -Wformat -Werror=format-security -fno-plt -march=loongarch64 -mabi=lp64d -mstrict-align   -Os -fstack-clash-protection -Wformat -Werror=format-security -fno-plt -march=loongarch64 -mabi=lp64d -mstrict-align -O2 -DTHREAD_STACK_SIZE=0x200000 -fno-semantic-interposition -flto -ffat-lto-objects -g -std=c11 -Wextra -Wno-unused-parameter -Wno-missing-field-initializers -Wstrict-prototypes -Werror=implicit-function-declaration -fvisibility=hidden -fprofile-generate -fprofile-update=atomic -I./Include/internal -I./Include/internal/mimalloc  -I. -I./Include -I/app/target/cpython-strict/sysroot/usr/include  -fPIC -DPy_BUILD_CORE -o Python/frozenmain.o Python/frozenmain.c
/app/target/cpython-strict/cross/loongarch64-linux-musl-gcc -c -fno-strict-overflow -Wsign-compare -DNDEBUG -g -O3 -Wall -Os -fstack-clash-protection -Wformat -Werror=format-security -fno-plt -march=loongarch64 -mabi=lp64d -mstrict-align   -Os -fstack-clash-protection -Wformat -Werror=format-security -fno-plt -march=loongarch64 -mabi=lp64d -mstrict-align -O2 -DTHREAD_STACK_SIZE=0x200000 -fno-semantic-interposition -flto -ffat-lto-objects -g -std=c11 -Wextra -Wno-unused-parameter -Wno-missing-field-initializers -Wstrict-prototypes -Werror=implicit-function-declaration -fvisibility=hidden -fprofile-generate -fprofile-update=atomic -I./Include/internal -I./Include/internal/mimalloc  -I. -I./Include -I/app/target/cpython-strict/sysroot/usr/include  -fPIC -DPy_BUILD_CORE -o Python/future.o Python/future.c
/app/target/cpython-strict/cross/loongarch64-linux-musl-gcc -c -fno-strict-overflow -Wsign-compare -DNDEBUG -g -O3 -Wall -Os -fstack-clash-protection -Wformat -Werror=format-security -fno-plt -march=loongarch64 -mabi=lp64d -mstrict-align   -Os -fstack-clash-protection -Wformat -Werror=format-security -fno-plt -march=loongarch64 -mabi=lp64d -mstrict-align -O2 -DTHREAD_STACK_SIZE=0x200000 -fno-semantic-interposition -flto -ffat-lto-objects -g -std=c11 -Wextra -Wno-unused-parameter -Wno-missing-field-initializers -Wstrict-prototypes -Werror=implicit-function-declaration -fvisibility=hidden -fprofile-generate -fprofile-update=atomic -I./Include/internal -I./Include/internal/mimalloc  -I. -I./Include -I/app/target/cpython-strict/sysroot/usr/include  -fPIC -DPy_BUILD_CORE -o Python/gc.o Python/gc.c
/app/target/cpython-strict/cross/loongarch64-linux-musl-gcc -c -fno-strict-overflow -Wsign-compare -DNDEBUG -g -O3 -Wall -Os -fstack-clash-protection -Wformat -Werror=format-security -fno-plt -march=loongarch64 -mabi=lp64d -mstrict-align   -Os -fstack-clash-protection -Wformat -Werror=format-security -fno-plt -march=loongarch64 -mabi=lp64d -mstrict-align -O2 -DTHREAD_STACK_SIZE=0x200000 -fno-semantic-interposition -flto -ffat-lto-objects -g -std=c11 -Wextra -Wno-unused-parameter -Wno-missing-field-initializers -Wstrict-prototypes -Werror=implicit-function-declaration -fvisibility=hidden -fprofile-generate -fprofile-update=atomic -I./Include/internal -I./Include/internal/mimalloc  -I. -I./Include -I/app/target/cpython-strict/sysroot/usr/include  -fPIC -DPy_BUILD_CORE -o Python/gc_free_threading.o Python/gc_free_threading.c
/app/target/cpython-strict/cross/loongarch64-linux-musl-gcc -c -fno-strict-overflow -Wsign-compare -DNDEBUG -g -O3 -Wall -Os -fstack-clash-protection -Wformat -Werror=format-security -fno-plt -march=loongarch64 -mabi=lp64d -mstrict-align   -Os -fstack-clash-protection -Wformat -Werror=format-security -fno-plt -march=loongarch64 -mabi=lp64d -mstrict-align -O2 -DTHREAD_STACK_SIZE=0x200000 -fno-semantic-interposition -flto -ffat-lto-objects -g -std=c11 -Wextra -Wno-unused-parameter -Wno-missing-field-initializers -Wstrict-prototypes -Werror=implicit-function-declaration -fvisibility=hidden -fprofile-generate -fprofile-update=atomic -I./Include/internal -I./Include/internal/mimalloc  -I. -I./Include -I/app/target/cpython-strict/sysroot/usr/include  -fPIC -DPy_BUILD_CORE -o Python/gc_gil.o Python/gc_gil.c
/app/target/cpython-strict/cross/loongarch64-linux-musl-gcc -c -fno-strict-overflow -Wsign-compare -DNDEBUG -g -O3 -Wall -Os -fstack-clash-protection -Wformat -Werror=format-security -fno-plt -march=loongarch64 -mabi=lp64d -mstrict-align   -Os -fstack-clash-protection -Wformat -Werror=format-security -fno-plt -march=loongarch64 -mabi=lp64d -mstrict-align -O2 -DTHREAD_STACK_SIZE=0x200000 -fno-semantic-interposition -flto -ffat-lto-objects -g -std=c11 -Wextra -Wno-unused-parameter -Wno-missing-field-initializers -Wstrict-prototypes -Werror=implicit-function-declaration -fvisibility=hidden -fprofile-generate -fprofile-update=atomic -I./Include/internal -I./Include/internal/mimalloc  -I. -I./Include -I/app/target/cpython-strict/sysroot/usr/include  -fPIC -DPy_BUILD_CORE -o Python/getargs.o Python/getargs.c
/app/target/cpython-strict/cross/loongarch64-linux-musl-gcc -c -fno-strict-overflow -Wsign-compare -DNDEBUG -g -O3 -Wall -Os -fstack-clash-protection -Wformat -Werror=format-security -fno-plt -march=loongarch64 -mabi=lp64d -mstrict-align   -Os -fstack-clash-protection -Wformat -Werror=format-security -fno-plt -march=loongarch64 -mabi=lp64d -mstrict-align -O2 -DTHREAD_STACK_SIZE=0x200000 -fno-semantic-interposition -flto -ffat-lto-objects -g -std=c11 -Wextra -Wno-unused-parameter -Wno-missing-field-initializers -Wstrict-prototypes -Werror=implicit-function-declaration -fvisibility=hidden -fprofile-generate -fprofile-update=atomic -I./Include/internal -I./Include/internal/mimalloc  -I. -I./Include -I/app/target/cpython-strict/sysroot/usr/include  -fPIC -DPy_BUILD_CORE -o Python/getcompiler.o Python/getcompiler.c
/app/target/cpython-strict/cross/loongarch64-linux-musl-gcc -c -fno-strict-overflow -Wsign-compare -DNDEBUG -g -O3 -Wall -Os -fstack-clash-protection -Wformat -Werror=format-security -fno-plt -march=loongarch64 -mabi=lp64d -mstrict-align   -Os -fstack-clash-protection -Wformat -Werror=format-security -fno-plt -march=loongarch64 -mabi=lp64d -mstrict-align -O2 -DTHREAD_STACK_SIZE=0x200000 -fno-semantic-interposition -flto -ffat-lto-objects -g -std=c11 -Wextra -Wno-unused-parameter -Wno-missing-field-initializers -Wstrict-prototypes -Werror=implicit-function-declaration -fvisibility=hidden -fprofile-generate -fprofile-update=atomic -I./Include/internal -I./Include/internal/mimalloc  -I. -I./Include -I/app/target/cpython-strict/sysroot/usr/include  -fPIC -DPy_BUILD_CORE -o Python/getcopyright.o Python/getcopyright.c
/app/target/cpython-strict/cross/loongarch64-linux-musl-gcc -c -fno-strict-overflow -Wsign-compare -DNDEBUG -g -O3 -Wall -Os -fstack-clash-protection -Wformat -Werror=format-security -fno-plt -march=loongarch64 -mabi=lp64d -mstrict-align   -Os -fstack-clash-protection -Wformat -Werror=format-security -fno-plt -march=loongarch64 -mabi=lp64d -mstrict-align -O2 -DTHREAD_STACK_SIZE=0x200000 -fno-semantic-interposition -flto -ffat-lto-objects -g -std=c11 -Wextra -Wno-unused-parameter -Wno-missing-field-initializers -Wstrict-prototypes -Werror=implicit-function-declaration -fvisibility=hidden -fprofile-generate -fprofile-update=atomic -I./Include/internal -I./Include/internal/mimalloc  -I. -I./Include -I/app/target/cpython-strict/sysroot/usr/include  -fPIC -DPy_BUILD_CORE -DPLATFORM='"linux"' -o Python/getplatform.o ./Python/getplatform.c
/app/target/cpython-strict/cross/loongarch64-linux-musl-gcc -c -fno-strict-overflow -Wsign-compare -DNDEBUG -g -O3 -Wall -Os -fstack-clash-protection -Wformat -Werror=format-security -fno-plt -march=loongarch64 -mabi=lp64d -mstrict-align   -Os -fstack-clash-protection -Wformat -Werror=format-security -fno-plt -march=loongarch64 -mabi=lp64d -mstrict-align -O2 -DTHREAD_STACK_SIZE=0x200000 -fno-semantic-interposition -flto -ffat-lto-objects -g -std=c11 -Wextra -Wno-unused-parameter -Wno-missing-field-initializers -Wstrict-prototypes -Werror=implicit-function-declaration -fvisibility=hidden -fprofile-generate -fprofile-update=atomic -I./Include/internal -I./Include/internal/mimalloc  -I. -I./Include -I/app/target/cpython-strict/sysroot/usr/include  -fPIC -DPy_BUILD_CORE -o Python/getversion.o Python/getversion.c
/app/target/cpython-strict/cross/loongarch64-linux-musl-gcc -c -fno-strict-overflow -Wsign-compare -DNDEBUG -g -O3 -Wall -Os -fstack-clash-protection -Wformat -Werror=format-security -fno-plt -march=loongarch64 -mabi=lp64d -mstrict-align   -Os -fstack-clash-protection -Wformat -Werror=format-security -fno-plt -march=loongarch64 -mabi=lp64d -mstrict-align -O2 -DTHREAD_STACK_SIZE=0x200000 -fno-semantic-interposition -flto -ffat-lto-objects -g -std=c11 -Wextra -Wno-unused-parameter -Wno-missing-field-initializers -Wstrict-prototypes -Werror=implicit-function-declaration -fvisibility=hidden -fprofile-generate -fprofile-update=atomic -I./Include/internal -I./Include/internal/mimalloc  -I. -I./Include -I/app/target/cpython-strict/sysroot/usr/include  -fPIC -DPy_BUILD_CORE -o Python/ceval_gil.o Python/ceval_gil.c
/app/target/cpython-strict/cross/loongarch64-linux-musl-gcc -c -fno-strict-overflow -Wsign-compare -DNDEBUG -g -O3 -Wall -Os -fstack-clash-protection -Wformat -Werror=format-security -fno-plt -march=loongarch64 -mabi=lp64d -mstrict-align   -Os -fstack-clash-protection -Wformat -Werror=format-security -fno-plt -march=loongarch64 -mabi=lp64d -mstrict-align -O2 -DTHREAD_STACK_SIZE=0x200000 -fno-semantic-interposition -flto -ffat-lto-objects -g -std=c11 -Wextra -Wno-unused-parameter -Wno-missing-field-initializers -Wstrict-prototypes -Werror=implicit-function-declaration -fvisibility=hidden -fprofile-generate -fprofile-update=atomic -I./Include/internal -I./Include/internal/mimalloc  -I. -I./Include -I/app/target/cpython-strict/sysroot/usr/include  -fPIC -DPy_BUILD_CORE -o Python/hamt.o Python/hamt.c
/app/target/cpython-strict/cross/loongarch64-linux-musl-gcc -c -fno-strict-overflow -Wsign-compare -DNDEBUG -g -O3 -Wall -Os -fstack-clash-protection -Wformat -Werror=format-security -fno-plt -march=loongarch64 -mabi=lp64d -mstrict-align   -Os -fstack-clash-protection -Wformat -Werror=format-security -fno-plt -march=loongarch64 -mabi=lp64d -mstrict-align -O2 -DTHREAD_STACK_SIZE=0x200000 -fno-semantic-interposition -flto -ffat-lto-objects -g -std=c11 -Wextra -Wno-unused-parameter -Wno-missing-field-initializers -Wstrict-prototypes -Werror=implicit-function-declaration -fvisibility=hidden -fprofile-generate -fprofile-update=atomic -I./Include/internal -I./Include/internal/mimalloc  -I. -I./Include -I/app/target/cpython-strict/sysroot/usr/include  -fPIC -DPy_BUILD_CORE -o Python/hashtable.o Python/hashtable.c
/app/target/cpython-strict/cross/loongarch64-linux-musl-gcc -c -fno-strict-overflow -Wsign-compare -DNDEBUG -g -O3 -Wall -Os -fstack-clash-protection -Wformat -Werror=format-security -fno-plt -march=loongarch64 -mabi=lp64d -mstrict-align   -Os -fstack-clash-protection -Wformat -Werror=format-security -fno-plt -march=loongarch64 -mabi=lp64d -mstrict-align -O2 -DTHREAD_STACK_SIZE=0x200000 -fno-semantic-interposition -flto -ffat-lto-objects -g -std=c11 -Wextra -Wno-unused-parameter -Wno-missing-field-initializers -Wstrict-prototypes -Werror=implicit-function-declaration -fvisibility=hidden -fprofile-generate -fprofile-update=atomic -I./Include/internal -I./Include/internal/mimalloc  -I. -I./Include -I/app/target/cpython-strict/sysroot/usr/include  -fPIC -DPy_BUILD_CORE -o Python/import.o Python/import.c
/app/target/cpython-strict/cross/loongarch64-linux-musl-gcc -c -fno-strict-overflow -Wsign-compare -DNDEBUG -g -O3 -Wall -Os -fstack-clash-protection -Wformat -Werror=format-security -fno-plt -march=loongarch64 -mabi=lp64d -mstrict-align   -Os -fstack-clash-protection -Wformat -Werror=format-security -fno-plt -march=loongarch64 -mabi=lp64d -mstrict-align -O2 -DTHREAD_STACK_SIZE=0x200000 -fno-semantic-interposition -flto -ffat-lto-objects -g -std=c11 -Wextra -Wno-unused-parameter -Wno-missing-field-initializers -Wstrict-prototypes -Werror=implicit-function-declaration -fvisibility=hidden -fprofile-generate -fprofile-update=atomic -I./Include/internal -I./Include/internal/mimalloc  -I. -I./Include -I/app/target/cpython-strict/sysroot/usr/include  -fPIC -DPy_BUILD_CORE -I. -o Python/importdl.o ./Python/importdl.c
/app/target/cpython-strict/cross/loongarch64-linux-musl-gcc -c -fno-strict-overflow -Wsign-compare -DNDEBUG -g -O3 -Wall -Os -fstack-clash-protection -Wformat -Werror=format-security -fno-plt -march=loongarch64 -mabi=lp64d -mstrict-align   -Os -fstack-clash-protection -Wformat -Werror=format-security -fno-plt -march=loongarch64 -mabi=lp64d -mstrict-align -O2 -DTHREAD_STACK_SIZE=0x200000 -fno-semantic-interposition -flto -ffat-lto-objects -g -std=c11 -Wextra -Wno-unused-parameter -Wno-missing-field-initializers -Wstrict-prototypes -Werror=implicit-function-declaration -fvisibility=hidden -fprofile-generate -fprofile-update=atomic -I./Include/internal -I./Include/internal/mimalloc  -I. -I./Include -I/app/target/cpython-strict/sysroot/usr/include  -fPIC -DPy_BUILD_CORE -o Python/index_pool.o Python/index_pool.c
/app/target/cpython-strict/cross/loongarch64-linux-musl-gcc -c -fno-strict-overflow -Wsign-compare -DNDEBUG -g -O3 -Wall -Os -fstack-clash-protection -Wformat -Werror=format-security -fno-plt -march=loongarch64 -mabi=lp64d -mstrict-align   -Os -fstack-clash-protection -Wformat -Werror=format-security -fno-plt -march=loongarch64 -mabi=lp64d -mstrict-align -O2 -DTHREAD_STACK_SIZE=0x200000 -fno-semantic-interposition -flto -ffat-lto-objects -g -std=c11 -Wextra -Wno-unused-parameter -Wno-missing-field-initializers -Wstrict-prototypes -Werror=implicit-function-declaration -fvisibility=hidden -fprofile-generate -fprofile-update=atomic -I./Include/internal -I./Include/internal/mimalloc  -I. -I./Include -I/app/target/cpython-strict/sysroot/usr/include  -fPIC -DPy_BUILD_CORE -o Python/initconfig.o Python/initconfig.c
/app/target/cpython-strict/cross/loongarch64-linux-musl-gcc -c -fno-strict-overflow -Wsign-compare -DNDEBUG -g -O3 -Wall -Os -fstack-clash-protection -Wformat -Werror=format-security -fno-plt -march=loongarch64 -mabi=lp64d -mstrict-align   -Os -fstack-clash-protection -Wformat -Werror=format-security -fno-plt -march=loongarch64 -mabi=lp64d -mstrict-align -O2 -DTHREAD_STACK_SIZE=0x200000 -fno-semantic-interposition -flto -ffat-lto-objects -g -std=c11 -Wextra -Wno-unused-parameter -Wno-missing-field-initializers -Wstrict-prototypes -Werror=implicit-function-declaration -fvisibility=hidden -fprofile-generate -fprofile-update=atomic -I./Include/internal -I./Include/internal/mimalloc  -I. -I./Include -I/app/target/cpython-strict/sysroot/usr/include  -fPIC -DPy_BUILD_CORE -o Python/interpconfig.o Python/interpconfig.c
/app/target/cpython-strict/cross/loongarch64-linux-musl-gcc -c -fno-strict-overflow -Wsign-compare -DNDEBUG -g -O3 -Wall -Os -fstack-clash-protection -Wformat -Werror=format-security -fno-plt -march=loongarch64 -mabi=lp64d -mstrict-align   -Os -fstack-clash-protection -Wformat -Werror=format-security -fno-plt -march=loongarch64 -mabi=lp64d -mstrict-align -O2 -DTHREAD_STACK_SIZE=0x200000 -fno-semantic-interposition -flto -ffat-lto-objects -g -std=c11 -Wextra -Wno-unused-parameter -Wno-missing-field-initializers -Wstrict-prototypes -Werror=implicit-function-declaration -fvisibility=hidden -fprofile-generate -fprofile-update=atomic -I./Include/internal -I./Include/internal/mimalloc  -I. -I./Include -I/app/target/cpython-strict/sysroot/usr/include  -fPIC -DPy_BUILD_CORE -o Python/instrumentation.o Python/instrumentation.c
/app/target/cpython-strict/cross/loongarch64-linux-musl-gcc -c -fno-strict-overflow -Wsign-compare -DNDEBUG -g -O3 -Wall -Os -fstack-clash-protection -Wformat -Werror=format-security -fno-plt -march=loongarch64 -mabi=lp64d -mstrict-align   -Os -fstack-clash-protection -Wformat -Werror=format-security -fno-plt -march=loongarch64 -mabi=lp64d -mstrict-align -O2 -DTHREAD_STACK_SIZE=0x200000 -fno-semantic-interposition -flto -ffat-lto-objects -g -std=c11 -Wextra -Wno-unused-parameter -Wno-missing-field-initializers -Wstrict-prototypes -Werror=implicit-function-declaration -fvisibility=hidden -fprofile-generate -fprofile-update=atomic -I./Include/internal -I./Include/internal/mimalloc  -I. -I./Include -I/app/target/cpython-strict/sysroot/usr/include  -fPIC -DPy_BUILD_CORE -o Python/instruction_sequence.o Python/instruction_sequence.c
/app/target/cpython-strict/cross/loongarch64-linux-musl-gcc -c -fno-strict-overflow -Wsign-compare -DNDEBUG -g -O3 -Wall -Os -fstack-clash-protection -Wformat -Werror=format-security -fno-plt -march=loongarch64 -mabi=lp64d -mstrict-align   -Os -fstack-clash-protection -Wformat -Werror=format-security -fno-plt -march=loongarch64 -mabi=lp64d -mstrict-align -O2 -DTHREAD_STACK_SIZE=0x200000 -fno-semantic-interposition -flto -ffat-lto-objects -g -std=c11 -Wextra -Wno-unused-parameter -Wno-missing-field-initializers -Wstrict-prototypes -Werror=implicit-function-declaration -fvisibility=hidden -fprofile-generate -fprofile-update=atomic -I./Include/internal -I./Include/internal/mimalloc  -I. -I./Include -I/app/target/cpython-strict/sysroot/usr/include  -fPIC -DPy_BUILD_CORE -o Python/intrinsics.o Python/intrinsics.c
/app/target/cpython-strict/cross/loongarch64-linux-musl-gcc -c -fno-strict-overflow -Wsign-compare -DNDEBUG -g -O3 -Wall -Os -fstack-clash-protection -Wformat -Werror=format-security -fno-plt -march=loongarch64 -mabi=lp64d -mstrict-align   -Os -fstack-clash-protection -Wformat -Werror=format-security -fno-plt -march=loongarch64 -mabi=lp64d -mstrict-align -O2 -DTHREAD_STACK_SIZE=0x200000 -fno-semantic-interposition -flto -ffat-lto-objects -g -std=c11 -Wextra -Wno-unused-parameter -Wno-missing-field-initializers -Wstrict-prototypes -Werror=implicit-function-declaration -fvisibility=hidden -fprofile-generate -fprofile-update=atomic -I./Include/internal -I./Include/internal/mimalloc  -I. -I./Include -I/app/target/cpython-strict/sysroot/usr/include  -fPIC -DPy_BUILD_CORE -o Python/jit.o Python/jit.c
/app/target/cpython-strict/cross/loongarch64-linux-musl-gcc -c -fno-strict-overflow -Wsign-compare -DNDEBUG -g -O3 -Wall -Os -fstack-clash-protection -Wformat -Werror=format-security -fno-plt -march=loongarch64 -mabi=lp64d -mstrict-align   -Os -fstack-clash-protection -Wformat -Werror=format-security -fno-plt -march=loongarch64 -mabi=lp64d -mstrict-align -O2 -DTHREAD_STACK_SIZE=0x200000 -fno-semantic-interposition -flto -ffat-lto-objects -g -std=c11 -Wextra -Wno-unused-parameter -Wno-missing-field-initializers -Wstrict-prototypes -Werror=implicit-function-declaration -fvisibility=hidden -fprofile-generate -fprofile-update=atomic -I./Include/internal -I./Include/internal/mimalloc  -I. -I./Include -I/app/target/cpython-strict/sysroot/usr/include  -fPIC -DPy_BUILD_CORE -o Python/legacy_tracing.o Python/legacy_tracing.c
/app/target/cpython-strict/cross/loongarch64-linux-musl-gcc -c -fno-strict-overflow -Wsign-compare -DNDEBUG -g -O3 -Wall -Os -fstack-clash-protection -Wformat -Werror=format-security -fno-plt -march=loongarch64 -mabi=lp64d -mstrict-align   -Os -fstack-clash-protection -Wformat -Werror=format-security -fno-plt -march=loongarch64 -mabi=lp64d -mstrict-align -O2 -DTHREAD_STACK_SIZE=0x200000 -fno-semantic-interposition -flto -ffat-lto-objects -g -std=c11 -Wextra -Wno-unused-parameter -Wno-missing-field-initializers -Wstrict-prototypes -Werror=implicit-function-declaration -fvisibility=hidden -fprofile-generate -fprofile-update=atomic -I./Include/internal -I./Include/internal/mimalloc  -I. -I./Include -I/app/target/cpython-strict/sysroot/usr/include  -fPIC -DPy_BUILD_CORE -o Python/lock.o Python/lock.c
/app/target/cpython-strict/cross/loongarch64-linux-musl-gcc -c -fno-strict-overflow -Wsign-compare -DNDEBUG -g -O3 -Wall -Os -fstack-clash-protection -Wformat -Werror=format-security -fno-plt -march=loongarch64 -mabi=lp64d -mstrict-align   -Os -fstack-clash-protection -Wformat -Werror=format-security -fno-plt -march=loongarch64 -mabi=lp64d -mstrict-align -O2 -DTHREAD_STACK_SIZE=0x200000 -fno-semantic-interposition -flto -ffat-lto-objects -g -std=c11 -Wextra -Wno-unused-parameter -Wno-missing-field-initializers -Wstrict-prototypes -Werror=implicit-function-declaration -fvisibility=hidden -fprofile-generate -fprofile-update=atomic -I./Include/internal -I./Include/internal/mimalloc  -I. -I./Include -I/app/target/cpython-strict/sysroot/usr/include  -fPIC -DPy_BUILD_CORE -o Python/marshal.o Python/marshal.c
/app/target/cpython-strict/cross/loongarch64-linux-musl-gcc -c -fno-strict-overflow -Wsign-compare -DNDEBUG -g -O3 -Wall -Os -fstack-clash-protection -Wformat -Werror=format-security -fno-plt -march=loongarch64 -mabi=lp64d -mstrict-align   -Os -fstack-clash-protection -Wformat -Werror=format-security -fno-plt -march=loongarch64 -mabi=lp64d -mstrict-align -O2 -DTHREAD_STACK_SIZE=0x200000 -fno-semantic-interposition -flto -ffat-lto-objects -g -std=c11 -Wextra -Wno-unused-parameter -Wno-missing-field-initializers -Wstrict-prototypes -Werror=implicit-function-declaration -fvisibility=hidden -fprofile-generate -fprofile-update=atomic -I./Include/internal -I./Include/internal/mimalloc  -I. -I./Include -I/app/target/cpython-strict/sysroot/usr/include  -fPIC -DPy_BUILD_CORE -o Python/modsupport.o Python/modsupport.c
/app/target/cpython-strict/cross/loongarch64-linux-musl-gcc -c -fno-strict-overflow -Wsign-compare -DNDEBUG -g -O3 -Wall -Os -fstack-clash-protection -Wformat -Werror=format-security -fno-plt -march=loongarch64 -mabi=lp64d -mstrict-align   -Os -fstack-clash-protection -Wformat -Werror=format-security -fno-plt -march=loongarch64 -mabi=lp64d -mstrict-align -O2 -DTHREAD_STACK_SIZE=0x200000 -fno-semantic-interposition -flto -ffat-lto-objects -g -std=c11 -Wextra -Wno-unused-parameter -Wno-missing-field-initializers -Wstrict-prototypes -Werror=implicit-function-declaration -fvisibility=hidden -fprofile-generate -fprofile-update=atomic -I./Include/internal -I./Include/internal/mimalloc  -I. -I./Include -I/app/target/cpython-strict/sysroot/usr/include  -fPIC -DPy_BUILD_CORE -o Python/mysnprintf.o Python/mysnprintf.c
/app/target/cpython-strict/cross/loongarch64-linux-musl-gcc -c -fno-strict-overflow -Wsign-compare -DNDEBUG -g -O3 -Wall -Os -fstack-clash-protection -Wformat -Werror=format-security -fno-plt -march=loongarch64 -mabi=lp64d -mstrict-align   -Os -fstack-clash-protection -Wformat -Werror=format-security -fno-plt -march=loongarch64 -mabi=lp64d -mstrict-align -O2 -DTHREAD_STACK_SIZE=0x200000 -fno-semantic-interposition -flto -ffat-lto-objects -g -std=c11 -Wextra -Wno-unused-parameter -Wno-missing-field-initializers -Wstrict-prototypes -Werror=implicit-function-declaration -fvisibility=hidden -fprofile-generate -fprofile-update=atomic -I./Include/internal -I./Include/internal/mimalloc  -I. -I./Include -I/app/target/cpython-strict/sysroot/usr/include  -fPIC -DPy_BUILD_CORE -o Python/mystrtoul.o Python/mystrtoul.c
/app/target/cpython-strict/cross/loongarch64-linux-musl-gcc -c -fno-strict-overflow -Wsign-compare -DNDEBUG -g -O3 -Wall -Os -fstack-clash-protection -Wformat -Werror=format-security -fno-plt -march=loongarch64 -mabi=lp64d -mstrict-align   -Os -fstack-clash-protection -Wformat -Werror=format-security -fno-plt -march=loongarch64 -mabi=lp64d -mstrict-align -O2 -DTHREAD_STACK_SIZE=0x200000 -fno-semantic-interposition -flto -ffat-lto-objects -g -std=c11 -Wextra -Wno-unused-parameter -Wno-missing-field-initializers -Wstrict-prototypes -Werror=implicit-function-declaration -fvisibility=hidden -fprofile-generate -fprofile-update=atomic -I./Include/internal -I./Include/internal/mimalloc  -I. -I./Include -I/app/target/cpython-strict/sysroot/usr/include  -fPIC -DPy_BUILD_CORE -o Python/object_stack.o Python/object_stack.c
/app/target/cpython-strict/cross/loongarch64-linux-musl-gcc -c -fno-strict-overflow -Wsign-compare -DNDEBUG -g -O3 -Wall -Os -fstack-clash-protection -Wformat -Werror=format-security -fno-plt -march=loongarch64 -mabi=lp64d -mstrict-align   -Os -fstack-clash-protection -Wformat -Werror=format-security -fno-plt -march=loongarch64 -mabi=lp64d -mstrict-align -O2 -DTHREAD_STACK_SIZE=0x200000 -fno-semantic-interposition -flto -ffat-lto-objects -g -std=c11 -Wextra -Wno-unused-parameter -Wno-missing-field-initializers -Wstrict-prototypes -Werror=implicit-function-declaration -fvisibility=hidden -fprofile-generate -fprofile-update=atomic -I./Include/internal -I./Include/internal/mimalloc  -I. -I./Include -I/app/target/cpython-strict/sysroot/usr/include  -fPIC -DPy_BUILD_CORE -o Python/optimizer.o Python/optimizer.c
/app/target/cpython-strict/cross/loongarch64-linux-musl-gcc -c -fno-strict-overflow -Wsign-compare -DNDEBUG -g -O3 -Wall -Os -fstack-clash-protection -Wformat -Werror=format-security -fno-plt -march=loongarch64 -mabi=lp64d -mstrict-align   -Os -fstack-clash-protection -Wformat -Werror=format-security -fno-plt -march=loongarch64 -mabi=lp64d -mstrict-align -O2 -DTHREAD_STACK_SIZE=0x200000 -fno-semantic-interposition -flto -ffat-lto-objects -g -std=c11 -Wextra -Wno-unused-parameter -Wno-missing-field-initializers -Wstrict-prototypes -Werror=implicit-function-declaration -fvisibility=hidden -fprofile-generate -fprofile-update=atomic -I./Include/internal -I./Include/internal/mimalloc  -I. -I./Include -I/app/target/cpython-strict/sysroot/usr/include  -fPIC -DPy_BUILD_CORE -o Python/optimizer_analysis.o Python/optimizer_analysis.c
/app/target/cpython-strict/cross/loongarch64-linux-musl-gcc -c -fno-strict-overflow -Wsign-compare -DNDEBUG -g -O3 -Wall -Os -fstack-clash-protection -Wformat -Werror=format-security -fno-plt -march=loongarch64 -mabi=lp64d -mstrict-align   -Os -fstack-clash-protection -Wformat -Werror=format-security -fno-plt -march=loongarch64 -mabi=lp64d -mstrict-align -O2 -DTHREAD_STACK_SIZE=0x200000 -fno-semantic-interposition -flto -ffat-lto-objects -g -std=c11 -Wextra -Wno-unused-parameter -Wno-missing-field-initializers -Wstrict-prototypes -Werror=implicit-function-declaration -fvisibility=hidden -fprofile-generate -fprofile-update=atomic -I./Include/internal -I./Include/internal/mimalloc  -I. -I./Include -I/app/target/cpython-strict/sysroot/usr/include  -fPIC -DPy_BUILD_CORE -o Python/optimizer_symbols.o Python/optimizer_symbols.c
/app/target/cpython-strict/cross/loongarch64-linux-musl-gcc -c -fno-strict-overflow -Wsign-compare -DNDEBUG -g -O3 -Wall -Os -fstack-clash-protection -Wformat -Werror=format-security -fno-plt -march=loongarch64 -mabi=lp64d -mstrict-align   -Os -fstack-clash-protection -Wformat -Werror=format-security -fno-plt -march=loongarch64 -mabi=lp64d -mstrict-align -O2 -DTHREAD_STACK_SIZE=0x200000 -fno-semantic-interposition -flto -ffat-lto-objects -g -std=c11 -Wextra -Wno-unused-parameter -Wno-missing-field-initializers -Wstrict-prototypes -Werror=implicit-function-declaration -fvisibility=hidden -fprofile-generate -fprofile-update=atomic -I./Include/internal -I./Include/internal/mimalloc  -I. -I./Include -I/app/target/cpython-strict/sysroot/usr/include  -fPIC -DPy_BUILD_CORE -o Python/parking_lot.o Python/parking_lot.c
/app/target/cpython-strict/cross/loongarch64-linux-musl-gcc -c -fno-strict-overflow -Wsign-compare -DNDEBUG -g -O3 -Wall -Os -fstack-clash-protection -Wformat -Werror=format-security -fno-plt -march=loongarch64 -mabi=lp64d -mstrict-align   -Os -fstack-clash-protection -Wformat -Werror=format-security -fno-plt -march=loongarch64 -mabi=lp64d -mstrict-align -O2 -DTHREAD_STACK_SIZE=0x200000 -fno-semantic-interposition -flto -ffat-lto-objects -g -std=c11 -Wextra -Wno-unused-parameter -Wno-missing-field-initializers -Wstrict-prototypes -Werror=implicit-function-declaration -fvisibility=hidden -fprofile-generate -fprofile-update=atomic -I./Include/internal -I./Include/internal/mimalloc  -I. -I./Include -I/app/target/cpython-strict/sysroot/usr/include  -fPIC -DPy_BUILD_CORE -o Python/pathconfig.o Python/pathconfig.c
/app/target/cpython-strict/cross/loongarch64-linux-musl-gcc -c -fno-strict-overflow -Wsign-compare -DNDEBUG -g -O3 -Wall -Os -fstack-clash-protection -Wformat -Werror=format-security -fno-plt -march=loongarch64 -mabi=lp64d -mstrict-align   -Os -fstack-clash-protection -Wformat -Werror=format-security -fno-plt -march=loongarch64 -mabi=lp64d -mstrict-align -O2 -DTHREAD_STACK_SIZE=0x200000 -fno-semantic-interposition -flto -ffat-lto-objects -g -std=c11 -Wextra -Wno-unused-parameter -Wno-missing-field-initializers -Wstrict-prototypes -Werror=implicit-function-declaration -fvisibility=hidden -fprofile-generate -fprofile-update=atomic -I./Include/internal -I./Include/internal/mimalloc  -I. -I./Include -I/app/target/cpython-strict/sysroot/usr/include  -fPIC -DPy_BUILD_CORE -o Python/preconfig.o Python/preconfig.c
/app/target/cpython-strict/cross/loongarch64-linux-musl-gcc -c -fno-strict-overflow -Wsign-compare -DNDEBUG -g -O3 -Wall -Os -fstack-clash-protection -Wformat -Werror=format-security -fno-plt -march=loongarch64 -mabi=lp64d -mstrict-align   -Os -fstack-clash-protection -Wformat -Werror=format-security -fno-plt -march=loongarch64 -mabi=lp64d -mstrict-align -O2 -DTHREAD_STACK_SIZE=0x200000 -fno-semantic-interposition -flto -ffat-lto-objects -g -std=c11 -Wextra -Wno-unused-parameter -Wno-missing-field-initializers -Wstrict-prototypes -Werror=implicit-function-declaration -fvisibility=hidden -fprofile-generate -fprofile-update=atomic -I./Include/internal -I./Include/internal/mimalloc  -I. -I./Include -I/app/target/cpython-strict/sysroot/usr/include  -fPIC -DPy_BUILD_CORE -o Python/pyarena.o Python/pyarena.c
/app/target/cpython-strict/cross/loongarch64-linux-musl-gcc -c -fno-strict-overflow -Wsign-compare -DNDEBUG -g -O3 -Wall -Os -fstack-clash-protection -Wformat -Werror=format-security -fno-plt -march=loongarch64 -mabi=lp64d -mstrict-align   -Os -fstack-clash-protection -Wformat -Werror=format-security -fno-plt -march=loongarch64 -mabi=lp64d -mstrict-align -O2 -DTHREAD_STACK_SIZE=0x200000 -fno-semantic-interposition -flto -ffat-lto-objects -g -std=c11 -Wextra -Wno-unused-parameter -Wno-missing-field-initializers -Wstrict-prototypes -Werror=implicit-function-declaration -fvisibility=hidden -fprofile-generate -fprofile-update=atomic -I./Include/internal -I./Include/internal/mimalloc  -I. -I./Include -I/app/target/cpython-strict/sysroot/usr/include  -fPIC -DPy_BUILD_CORE -o Python/pyctype.o Python/pyctype.c
/app/target/cpython-strict/cross/loongarch64-linux-musl-gcc -c -fno-strict-overflow -Wsign-compare -DNDEBUG -g -O3 -Wall -Os -fstack-clash-protection -Wformat -Werror=format-security -fno-plt -march=loongarch64 -mabi=lp64d -mstrict-align   -Os -fstack-clash-protection -Wformat -Werror=format-security -fno-plt -march=loongarch64 -mabi=lp64d -mstrict-align -O2 -DTHREAD_STACK_SIZE=0x200000 -fno-semantic-interposition -flto -ffat-lto-objects -g -std=c11 -Wextra -Wno-unused-parameter -Wno-missing-field-initializers -Wstrict-prototypes -Werror=implicit-function-declaration -fvisibility=hidden -fprofile-generate -fprofile-update=atomic -I./Include/internal -I./Include/internal/mimalloc  -I. -I./Include -I/app/target/cpython-strict/sysroot/usr/include  -fPIC -DPy_BUILD_CORE -o Python/pyfpe.o Python/pyfpe.c
/app/target/cpython-strict/cross/loongarch64-linux-musl-gcc -c -fno-strict-overflow -Wsign-compare -DNDEBUG -g -O3 -Wall -Os -fstack-clash-protection -Wformat -Werror=format-security -fno-plt -march=loongarch64 -mabi=lp64d -mstrict-align   -Os -fstack-clash-protection -Wformat -Werror=format-security -fno-plt -march=loongarch64 -mabi=lp64d -mstrict-align -O2 -DTHREAD_STACK_SIZE=0x200000 -fno-semantic-interposition -flto -ffat-lto-objects -g -std=c11 -Wextra -Wno-unused-parameter -Wno-missing-field-initializers -Wstrict-prototypes -Werror=implicit-function-declaration -fvisibility=hidden -fprofile-generate -fprofile-update=atomic -I./Include/internal -I./Include/internal/mimalloc  -I. -I./Include -I/app/target/cpython-strict/sysroot/usr/include  -fPIC -DPy_BUILD_CORE -o Python/pyhash.o Python/pyhash.c
/app/target/cpython-strict/cross/loongarch64-linux-musl-gcc -c -fno-strict-overflow -Wsign-compare -DNDEBUG -g -O3 -Wall -Os -fstack-clash-protection -Wformat -Werror=format-security -fno-plt -march=loongarch64 -mabi=lp64d -mstrict-align   -Os -fstack-clash-protection -Wformat -Werror=format-security -fno-plt -march=loongarch64 -mabi=lp64d -mstrict-align -O2 -DTHREAD_STACK_SIZE=0x200000 -fno-semantic-interposition -flto -ffat-lto-objects -g -std=c11 -Wextra -Wno-unused-parameter -Wno-missing-field-initializers -Wstrict-prototypes -Werror=implicit-function-declaration -fvisibility=hidden -fprofile-generate -fprofile-update=atomic -I./Include/internal -I./Include/internal/mimalloc  -I. -I./Include -I/app/target/cpython-strict/sysroot/usr/include  -fPIC -DPy_BUILD_CORE -o Python/pylifecycle.o Python/pylifecycle.c
/app/target/cpython-strict/cross/loongarch64-linux-musl-gcc -c -fno-strict-overflow -Wsign-compare -DNDEBUG -g -O3 -Wall -Os -fstack-clash-protection -Wformat -Werror=format-security -fno-plt -march=loongarch64 -mabi=lp64d -mstrict-align   -Os -fstack-clash-protection -Wformat -Werror=format-security -fno-plt -march=loongarch64 -mabi=lp64d -mstrict-align -O2 -DTHREAD_STACK_SIZE=0x200000 -fno-semantic-interposition -flto -ffat-lto-objects -g -std=c11 -Wextra -Wno-unused-parameter -Wno-missing-field-initializers -Wstrict-prototypes -Werror=implicit-function-declaration -fvisibility=hidden -fprofile-generate -fprofile-update=atomic -I./Include/internal -I./Include/internal/mimalloc  -I. -I./Include -I/app/target/cpython-strict/sysroot/usr/include  -fPIC -DPy_BUILD_CORE -o Python/pymath.o Python/pymath.c
/app/target/cpython-strict/cross/loongarch64-linux-musl-gcc -c -fno-strict-overflow -Wsign-compare -DNDEBUG -g -O3 -Wall -Os -fstack-clash-protection -Wformat -Werror=format-security -fno-plt -march=loongarch64 -mabi=lp64d -mstrict-align   -Os -fstack-clash-protection -Wformat -Werror=format-security -fno-plt -march=loongarch64 -mabi=lp64d -mstrict-align -O2 -DTHREAD_STACK_SIZE=0x200000 -fno-semantic-interposition -flto -ffat-lto-objects -g -std=c11 -Wextra -Wno-unused-parameter -Wno-missing-field-initializers -Wstrict-prototypes -Werror=implicit-function-declaration -fvisibility=hidden -fprofile-generate -fprofile-update=atomic -I./Include/internal -I./Include/internal/mimalloc  -I. -I./Include -I/app/target/cpython-strict/sysroot/usr/include  -fPIC -DPy_BUILD_CORE -o Python/pystate.o Python/pystate.c
/app/target/cpython-strict/cross/loongarch64-linux-musl-gcc -c -fno-strict-overflow -Wsign-compare -DNDEBUG -g -O3 -Wall -Os -fstack-clash-protection -Wformat -Werror=format-security -fno-plt -march=loongarch64 -mabi=lp64d -mstrict-align   -Os -fstack-clash-protection -Wformat -Werror=format-security -fno-plt -march=loongarch64 -mabi=lp64d -mstrict-align -O2 -DTHREAD_STACK_SIZE=0x200000 -fno-semantic-interposition -flto -ffat-lto-objects -g -std=c11 -Wextra -Wno-unused-parameter -Wno-missing-field-initializers -Wstrict-prototypes -Werror=implicit-function-declaration -fvisibility=hidden -fprofile-generate -fprofile-update=atomic -I./Include/internal -I./Include/internal/mimalloc  -I. -I./Include -I/app/target/cpython-strict/sysroot/usr/include  -fPIC -DPy_BUILD_CORE -o Python/pythonrun.o Python/pythonrun.c
/app/target/cpython-strict/cross/loongarch64-linux-musl-gcc -c -fno-strict-overflow -Wsign-compare -DNDEBUG -g -O3 -Wall -Os -fstack-clash-protection -Wformat -Werror=format-security -fno-plt -march=loongarch64 -mabi=lp64d -mstrict-align   -Os -fstack-clash-protection -Wformat -Werror=format-security -fno-plt -march=loongarch64 -mabi=lp64d -mstrict-align -O2 -DTHREAD_STACK_SIZE=0x200000 -fno-semantic-interposition -flto -ffat-lto-objects -g -std=c11 -Wextra -Wno-unused-parameter -Wno-missing-field-initializers -Wstrict-prototypes -Werror=implicit-function-declaration -fvisibility=hidden -fprofile-generate -fprofile-update=atomic -I./Include/internal -I./Include/internal/mimalloc  -I. -I./Include -I/app/target/cpython-strict/sysroot/usr/include  -fPIC -DPy_BUILD_CORE -o Python/pytime.o Python/pytime.c
/app/target/cpython-strict/cross/loongarch64-linux-musl-gcc -c -fno-strict-overflow -Wsign-compare -DNDEBUG -g -O3 -Wall -Os -fstack-clash-protection -Wformat -Werror=format-security -fno-plt -march=loongarch64 -mabi=lp64d -mstrict-align   -Os -fstack-clash-protection -Wformat -Werror=format-security -fno-plt -march=loongarch64 -mabi=lp64d -mstrict-align -O2 -DTHREAD_STACK_SIZE=0x200000 -fno-semantic-interposition -flto -ffat-lto-objects -g -std=c11 -Wextra -Wno-unused-parameter -Wno-missing-field-initializers -Wstrict-prototypes -Werror=implicit-function-declaration -fvisibility=hidden -fprofile-generate -fprofile-update=atomic -I./Include/internal -I./Include/internal/mimalloc  -I. -I./Include -I/app/target/cpython-strict/sysroot/usr/include  -fPIC -DPy_BUILD_CORE -o Python/qsbr.o Python/qsbr.c
/app/target/cpython-strict/cross/loongarch64-linux-musl-gcc -c -fno-strict-overflow -Wsign-compare -DNDEBUG -g -O3 -Wall -Os -fstack-clash-protection -Wformat -Werror=format-security -fno-plt -march=loongarch64 -mabi=lp64d -mstrict-align   -Os -fstack-clash-protection -Wformat -Werror=format-security -fno-plt -march=loongarch64 -mabi=lp64d -mstrict-align -O2 -DTHREAD_STACK_SIZE=0x200000 -fno-semantic-interposition -flto -ffat-lto-objects -g -std=c11 -Wextra -Wno-unused-parameter -Wno-missing-field-initializers -Wstrict-prototypes -Werror=implicit-function-declaration -fvisibility=hidden -fprofile-generate -fprofile-update=atomic -I./Include/internal -I./Include/internal/mimalloc  -I. -I./Include -I/app/target/cpython-strict/sysroot/usr/include  -fPIC -DPy_BUILD_CORE -o Python/bootstrap_hash.o Python/bootstrap_hash.c
/app/target/cpython-strict/cross/loongarch64-linux-musl-gcc -c -fno-strict-overflow -Wsign-compare -DNDEBUG -g -O3 -Wall -Os -fstack-clash-protection -Wformat -Werror=format-security -fno-plt -march=loongarch64 -mabi=lp64d -mstrict-align   -Os -fstack-clash-protection -Wformat -Werror=format-security -fno-plt -march=loongarch64 -mabi=lp64d -mstrict-align -O2 -DTHREAD_STACK_SIZE=0x200000 -fno-semantic-interposition -flto -ffat-lto-objects -g -std=c11 -Wextra -Wno-unused-parameter -Wno-missing-field-initializers -Wstrict-prototypes -Werror=implicit-function-declaration -fvisibility=hidden -fprofile-generate -fprofile-update=atomic -I./Include/internal -I./Include/internal/mimalloc  -I. -I./Include -I/app/target/cpython-strict/sysroot/usr/include  -fPIC -DPy_BUILD_CORE -o Python/specialize.o Python/specialize.c
/app/target/cpython-strict/cross/loongarch64-linux-musl-gcc -c -fno-strict-overflow -Wsign-compare -DNDEBUG -g -O3 -Wall -Os -fstack-clash-protection -Wformat -Werror=format-security -fno-plt -march=loongarch64 -mabi=lp64d -mstrict-align   -Os -fstack-clash-protection -Wformat -Werror=format-security -fno-plt -march=loongarch64 -mabi=lp64d -mstrict-align -O2 -DTHREAD_STACK_SIZE=0x200000 -fno-semantic-interposition -flto -ffat-lto-objects -g -std=c11 -Wextra -Wno-unused-parameter -Wno-missing-field-initializers -Wstrict-prototypes -Werror=implicit-function-declaration -fvisibility=hidden -fprofile-generate -fprofile-update=atomic -I./Include/internal -I./Include/internal/mimalloc  -I. -I./Include -I/app/target/cpython-strict/sysroot/usr/include  -fPIC -DPy_BUILD_CORE -o Python/stackrefs.o Python/stackrefs.c
/app/target/cpython-strict/cross/loongarch64-linux-musl-gcc -c -fno-strict-overflow -Wsign-compare -DNDEBUG -g -O3 -Wall -Os -fstack-clash-protection -Wformat -Werror=format-security -fno-plt -march=loongarch64 -mabi=lp64d -mstrict-align   -Os -fstack-clash-protection -Wformat -Werror=format-security -fno-plt -march=loongarch64 -mabi=lp64d -mstrict-align -O2 -DTHREAD_STACK_SIZE=0x200000 -fno-semantic-interposition -flto -ffat-lto-objects -g -std=c11 -Wextra -Wno-unused-parameter -Wno-missing-field-initializers -Wstrict-prototypes -Werror=implicit-function-declaration -fvisibility=hidden -fprofile-generate -fprofile-update=atomic -I./Include/internal -I./Include/internal/mimalloc  -I. -I./Include -I/app/target/cpython-strict/sysroot/usr/include  -fPIC -DPy_BUILD_CORE -o Python/structmember.o Python/structmember.c
/app/target/cpython-strict/cross/loongarch64-linux-musl-gcc -c -fno-strict-overflow -Wsign-compare -DNDEBUG -g -O3 -Wall -Os -fstack-clash-protection -Wformat -Werror=format-security -fno-plt -march=loongarch64 -mabi=lp64d -mstrict-align   -Os -fstack-clash-protection -Wformat -Werror=format-security -fno-plt -march=loongarch64 -mabi=lp64d -mstrict-align -O2 -DTHREAD_STACK_SIZE=0x200000 -fno-semantic-interposition -flto -ffat-lto-objects -g -std=c11 -Wextra -Wno-unused-parameter -Wno-missing-field-initializers -Wstrict-prototypes -Werror=implicit-function-declaration -fvisibility=hidden -fprofile-generate -fprofile-update=atomic -I./Include/internal -I./Include/internal/mimalloc  -I. -I./Include -I/app/target/cpython-strict/sysroot/usr/include  -fPIC -DPy_BUILD_CORE -o Python/symtable.o Python/symtable.c
/app/target/cpython-strict/cross/loongarch64-linux-musl-gcc -c -fno-strict-overflow -Wsign-compare -DNDEBUG -g -O3 -Wall -Os -fstack-clash-protection -Wformat -Werror=format-security -fno-plt -march=loongarch64 -mabi=lp64d -mstrict-align   -Os -fstack-clash-protection -Wformat -Werror=format-security -fno-plt -march=loongarch64 -mabi=lp64d -mstrict-align -O2 -DTHREAD_STACK_SIZE=0x200000 -fno-semantic-interposition -flto -ffat-lto-objects -g -std=c11 -Wextra -Wno-unused-parameter -Wno-missing-field-initializers -Wstrict-prototypes -Werror=implicit-function-declaration -fvisibility=hidden -fprofile-generate -fprofile-update=atomic -I./Include/internal -I./Include/internal/mimalloc  -I. -I./Include -I/app/target/cpython-strict/sysroot/usr/include  -fPIC -DPy_BUILD_CORE \
	-DABIFLAGS='""' \
	 \
	-o Python/sysmodule.o ./Python/sysmodule.c
/app/target/cpython-strict/cross/loongarch64-linux-musl-gcc -c -fno-strict-overflow -Wsign-compare -DNDEBUG -g -O3 -Wall -Os -fstack-clash-protection -Wformat -Werror=format-security -fno-plt -march=loongarch64 -mabi=lp64d -mstrict-align   -Os -fstack-clash-protection -Wformat -Werror=format-security -fno-plt -march=loongarch64 -mabi=lp64d -mstrict-align -O2 -DTHREAD_STACK_SIZE=0x200000 -fno-semantic-interposition -flto -ffat-lto-objects -g -std=c11 -Wextra -Wno-unused-parameter -Wno-missing-field-initializers -Wstrict-prototypes -Werror=implicit-function-declaration -fvisibility=hidden -fprofile-generate -fprofile-update=atomic -I./Include/internal -I./Include/internal/mimalloc  -I. -I./Include -I/app/target/cpython-strict/sysroot/usr/include  -fPIC -DPy_BUILD_CORE -o Python/thread.o Python/thread.c
/app/target/cpython-strict/cross/loongarch64-linux-musl-gcc -c -fno-strict-overflow -Wsign-compare -DNDEBUG -g -O3 -Wall -Os -fstack-clash-protection -Wformat -Werror=format-security -fno-plt -march=loongarch64 -mabi=lp64d -mstrict-align   -Os -fstack-clash-protection -Wformat -Werror=format-security -fno-plt -march=loongarch64 -mabi=lp64d -mstrict-align -O2 -DTHREAD_STACK_SIZE=0x200000 -fno-semantic-interposition -flto -ffat-lto-objects -g -std=c11 -Wextra -Wno-unused-parameter -Wno-missing-field-initializers -Wstrict-prototypes -Werror=implicit-function-declaration -fvisibility=hidden -fprofile-generate -fprofile-update=atomic -I./Include/internal -I./Include/internal/mimalloc  -I. -I./Include -I/app/target/cpython-strict/sysroot/usr/include  -fPIC -DPy_BUILD_CORE -o Python/traceback.o Python/traceback.c
/app/target/cpython-strict/cross/loongarch64-linux-musl-gcc -c -fno-strict-overflow -Wsign-compare -DNDEBUG -g -O3 -Wall -Os -fstack-clash-protection -Wformat -Werror=format-security -fno-plt -march=loongarch64 -mabi=lp64d -mstrict-align   -Os -fstack-clash-protection -Wformat -Werror=format-security -fno-plt -march=loongarch64 -mabi=lp64d -mstrict-align -O2 -DTHREAD_STACK_SIZE=0x200000 -fno-semantic-interposition -flto -ffat-lto-objects -g -std=c11 -Wextra -Wno-unused-parameter -Wno-missing-field-initializers -Wstrict-prototypes -Werror=implicit-function-declaration -fvisibility=hidden -fprofile-generate -fprofile-update=atomic -I./Include/internal -I./Include/internal/mimalloc  -I. -I./Include -I/app/target/cpython-strict/sysroot/usr/include  -fPIC -DPy_BUILD_CORE -o Python/tracemalloc.o Python/tracemalloc.c
/app/target/cpython-strict/cross/loongarch64-linux-musl-gcc -c -fno-strict-overflow -Wsign-compare -DNDEBUG -g -O3 -Wall -Os -fstack-clash-protection -Wformat -Werror=format-security -fno-plt -march=loongarch64 -mabi=lp64d -mstrict-align   -Os -fstack-clash-protection -Wformat -Werror=format-security -fno-plt -march=loongarch64 -mabi=lp64d -mstrict-align -O2 -DTHREAD_STACK_SIZE=0x200000 -fno-semantic-interposition -flto -ffat-lto-objects -g -std=c11 -Wextra -Wno-unused-parameter -Wno-missing-field-initializers -Wstrict-prototypes -Werror=implicit-function-declaration -fvisibility=hidden -fprofile-generate -fprofile-update=atomic -I./Include/internal -I./Include/internal/mimalloc  -I. -I./Include -I/app/target/cpython-strict/sysroot/usr/include  -fPIC -DPy_BUILD_CORE -o Python/uniqueid.o Python/uniqueid.c
/app/target/cpython-strict/cross/loongarch64-linux-musl-gcc -c -fno-strict-overflow -Wsign-compare -DNDEBUG -g -O3 -Wall -Os -fstack-clash-protection -Wformat -Werror=format-security -fno-plt -march=loongarch64 -mabi=lp64d -mstrict-align   -Os -fstack-clash-protection -Wformat -Werror=format-security -fno-plt -march=loongarch64 -mabi=lp64d -mstrict-align -O2 -DTHREAD_STACK_SIZE=0x200000 -fno-semantic-interposition -flto -ffat-lto-objects -g -std=c11 -Wextra -Wno-unused-parameter -Wno-missing-field-initializers -Wstrict-prototypes -Werror=implicit-function-declaration -fvisibility=hidden -fprofile-generate -fprofile-update=atomic -I./Include/internal -I./Include/internal/mimalloc  -I. -I./Include -I/app/target/cpython-strict/sysroot/usr/include  -fPIC -DPy_BUILD_CORE -o Python/getopt.o Python/getopt.c
/app/target/cpython-strict/cross/loongarch64-linux-musl-gcc -c -fno-strict-overflow -Wsign-compare -DNDEBUG -g -O3 -Wall -Os -fstack-clash-protection -Wformat -Werror=format-security -fno-plt -march=loongarch64 -mabi=lp64d -mstrict-align   -Os -fstack-clash-protection -Wformat -Werror=format-security -fno-plt -march=loongarch64 -mabi=lp64d -mstrict-align -O2 -DTHREAD_STACK_SIZE=0x200000 -fno-semantic-interposition -flto -ffat-lto-objects -g -std=c11 -Wextra -Wno-unused-parameter -Wno-missing-field-initializers -Wstrict-prototypes -Werror=implicit-function-declaration -fvisibility=hidden -fprofile-generate -fprofile-update=atomic -I./Include/internal -I./Include/internal/mimalloc  -I. -I./Include -I/app/target/cpython-strict/sysroot/usr/include  -fPIC -DPy_BUILD_CORE -o Python/pystrcmp.o Python/pystrcmp.c
/app/target/cpython-strict/cross/loongarch64-linux-musl-gcc -c -fno-strict-overflow -Wsign-compare -DNDEBUG -g -O3 -Wall -Os -fstack-clash-protection -Wformat -Werror=format-security -fno-plt -march=loongarch64 -mabi=lp64d -mstrict-align   -Os -fstack-clash-protection -Wformat -Werror=format-security -fno-plt -march=loongarch64 -mabi=lp64d -mstrict-align -O2 -DTHREAD_STACK_SIZE=0x200000 -fno-semantic-interposition -flto -ffat-lto-objects -g -std=c11 -Wextra -Wno-unused-parameter -Wno-missing-field-initializers -Wstrict-prototypes -Werror=implicit-function-declaration -fvisibility=hidden -fprofile-generate -fprofile-update=atomic -I./Include/internal -I./Include/internal/mimalloc  -I. -I./Include -I/app/target/cpython-strict/sysroot/usr/include  -fPIC -DPy_BUILD_CORE -o Python/pystrtod.o Python/pystrtod.c
/app/target/cpython-strict/cross/loongarch64-linux-musl-gcc -c -fno-strict-overflow -Wsign-compare -DNDEBUG -g -O3 -Wall -Os -fstack-clash-protection -Wformat -Werror=format-security -fno-plt -march=loongarch64 -mabi=lp64d -mstrict-align   -Os -fstack-clash-protection -Wformat -Werror=format-security -fno-plt -march=loongarch64 -mabi=lp64d -mstrict-align -O2 -DTHREAD_STACK_SIZE=0x200000 -fno-semantic-interposition -flto -ffat-lto-objects -g -std=c11 -Wextra -Wno-unused-parameter -Wno-missing-field-initializers -Wstrict-prototypes -Werror=implicit-function-declaration -fvisibility=hidden -fprofile-generate -fprofile-update=atomic -I./Include/internal -I./Include/internal/mimalloc  -I. -I./Include -I/app/target/cpython-strict/sysroot/usr/include  -fPIC -DPy_BUILD_CORE -o Python/pystrhex.o Python/pystrhex.c
/app/target/cpython-strict/cross/loongarch64-linux-musl-gcc -c -fno-strict-overflow -Wsign-compare -DNDEBUG -g -O3 -Wall -Os -fstack-clash-protection -Wformat -Werror=format-security -fno-plt -march=loongarch64 -mabi=lp64d -mstrict-align   -Os -fstack-clash-protection -Wformat -Werror=format-security -fno-plt -march=loongarch64 -mabi=lp64d -mstrict-align -O2 -DTHREAD_STACK_SIZE=0x200000 -fno-semantic-interposition -flto -ffat-lto-objects -g -std=c11 -Wextra -Wno-unused-parameter -Wno-missing-field-initializers -Wstrict-prototypes -Werror=implicit-function-declaration -fvisibility=hidden -fprofile-generate -fprofile-update=atomic -I./Include/internal -I./Include/internal/mimalloc  -I. -I./Include -I/app/target/cpython-strict/sysroot/usr/include  -fPIC -DPy_BUILD_CORE -fno-strict-aliasing -o Python/dtoa.o Python/dtoa.c
/app/target/cpython-strict/cross/loongarch64-linux-musl-gcc -c -fno-strict-overflow -Wsign-compare -DNDEBUG -g -O3 -Wall -Os -fstack-clash-protection -Wformat -Werror=format-security -fno-plt -march=loongarch64 -mabi=lp64d -mstrict-align   -Os -fstack-clash-protection -Wformat -Werror=format-security -fno-plt -march=loongarch64 -mabi=lp64d -mstrict-align -O2 -DTHREAD_STACK_SIZE=0x200000 -fno-semantic-interposition -flto -ffat-lto-objects -g -std=c11 -Wextra -Wno-unused-parameter -Wno-missing-field-initializers -Wstrict-prototypes -Werror=implicit-function-declaration -fvisibility=hidden -fprofile-generate -fprofile-update=atomic -I./Include/internal -I./Include/internal/mimalloc  -I. -I./Include -I/app/target/cpython-strict/sysroot/usr/include  -fPIC -DPy_BUILD_CORE -o Python/formatter_unicode.o Python/formatter_unicode.c
/app/target/cpython-strict/cross/loongarch64-linux-musl-gcc -c -fno-strict-overflow -Wsign-compare -DNDEBUG -g -O3 -Wall -Os -fstack-clash-protection -Wformat -Werror=format-security -fno-plt -march=loongarch64 -mabi=lp64d -mstrict-align   -Os -fstack-clash-protection -Wformat -Werror=format-security -fno-plt -march=loongarch64 -mabi=lp64d -mstrict-align -O2 -DTHREAD_STACK_SIZE=0x200000 -fno-semantic-interposition -flto -ffat-lto-objects -g -std=c11 -Wextra -Wno-unused-parameter -Wno-missing-field-initializers -Wstrict-prototypes -Werror=implicit-function-declaration -fvisibility=hidden -fprofile-generate -fprofile-update=atomic -I./Include/internal -I./Include/internal/mimalloc  -I. -I./Include -I/app/target/cpython-strict/sysroot/usr/include  -fPIC -DPy_BUILD_CORE -o Python/fileutils.o Python/fileutils.c
/app/target/cpython-strict/cross/loongarch64-linux-musl-gcc -c -fno-strict-overflow -Wsign-compare -DNDEBUG -g -O3 -Wall -Os -fstack-clash-protection -Wformat -Werror=format-security -fno-plt -march=loongarch64 -mabi=lp64d -mstrict-align   -Os -fstack-clash-protection -Wformat -Werror=format-security -fno-plt -march=loongarch64 -mabi=lp64d -mstrict-align -O2 -DTHREAD_STACK_SIZE=0x200000 -fno-semantic-interposition -flto -ffat-lto-objects -g -std=c11 -Wextra -Wno-unused-parameter -Wno-missing-field-initializers -Wstrict-prototypes -Werror=implicit-function-declaration -fvisibility=hidden -fprofile-generate -fprofile-update=atomic -I./Include/internal -I./Include/internal/mimalloc  -I. -I./Include -I/app/target/cpython-strict/sysroot/usr/include  -fPIC -DPy_BUILD_CORE -o Python/suggestions.o Python/suggestions.c
/app/target/cpython-strict/cross/loongarch64-linux-musl-gcc -c -fno-strict-overflow -Wsign-compare -DNDEBUG -g -O3 -Wall -Os -fstack-clash-protection -Wformat -Werror=format-security -fno-plt -march=loongarch64 -mabi=lp64d -mstrict-align   -Os -fstack-clash-protection -Wformat -Werror=format-security -fno-plt -march=loongarch64 -mabi=lp64d -mstrict-align -O2 -DTHREAD_STACK_SIZE=0x200000 -fno-semantic-interposition -flto -ffat-lto-objects -g -std=c11 -Wextra -Wno-unused-parameter -Wno-missing-field-initializers -Wstrict-prototypes -Werror=implicit-function-declaration -fvisibility=hidden -fprofile-generate -fprofile-update=atomic -I./Include/internal -I./Include/internal/mimalloc  -I. -I./Include -I/app/target/cpython-strict/sysroot/usr/include  -fPIC -DPy_BUILD_CORE -o Python/perf_trampoline.o Python/perf_trampoline.c
/app/target/cpython-strict/cross/loongarch64-linux-musl-gcc -c -fno-strict-overflow -Wsign-compare -DNDEBUG -g -O3 -Wall -Os -fstack-clash-protection -Wformat -Werror=format-security -fno-plt -march=loongarch64 -mabi=lp64d -mstrict-align   -Os -fstack-clash-protection -Wformat -Werror=format-security -fno-plt -march=loongarch64 -mabi=lp64d -mstrict-align -O2 -DTHREAD_STACK_SIZE=0x200000 -fno-semantic-interposition -flto -ffat-lto-objects -g -std=c11 -Wextra -Wno-unused-parameter -Wno-missing-field-initializers -Wstrict-prototypes -Werror=implicit-function-declaration -fvisibility=hidden -fprofile-generate -fprofile-update=atomic -I./Include/internal -I./Include/internal/mimalloc  -I. -I./Include -I/app/target/cpython-strict/sysroot/usr/include  -fPIC -DPy_BUILD_CORE -o Python/perf_jit_trampoline.o Python/perf_jit_trampoline.c
/app/target/cpython-strict/cross/loongarch64-linux-musl-gcc -c -fno-strict-overflow -Wsign-compare -DNDEBUG -g -O3 -Wall -Os -fstack-clash-protection -Wformat -Werror=format-security -fno-plt -march=loongarch64 -mabi=lp64d -mstrict-align   -Os -fstack-clash-protection -Wformat -Werror=format-security -fno-plt -march=loongarch64 -mabi=lp64d -mstrict-align -O2 -DTHREAD_STACK_SIZE=0x200000 -fno-semantic-interposition -flto -ffat-lto-objects -g -std=c11 -Wextra -Wno-unused-parameter -Wno-missing-field-initializers -Wstrict-prototypes -Werror=implicit-function-declaration -fvisibility=hidden -fprofile-generate -fprofile-update=atomic -I./Include/internal -I./Include/internal/mimalloc  -I. -I./Include -I/app/target/cpython-strict/sysroot/usr/include  -fPIC -DPy_BUILD_CORE -o Python/remote_debugging.o Python/remote_debugging.c
/app/target/cpython-strict/cross/loongarch64-linux-musl-gcc -c -fno-strict-overflow -Wsign-compare -DNDEBUG -g -O3 -Wall -Os -fstack-clash-protection -Wformat -Werror=format-security -fno-plt -march=loongarch64 -mabi=lp64d -mstrict-align   -Os -fstack-clash-protection -Wformat -Werror=format-security -fno-plt -march=loongarch64 -mabi=lp64d -mstrict-align -O2 -DTHREAD_STACK_SIZE=0x200000 -fno-semantic-interposition -flto -ffat-lto-objects -g -std=c11 -Wextra -Wno-unused-parameter -Wno-missing-field-initializers -Wstrict-prototypes -Werror=implicit-function-declaration -fvisibility=hidden -fprofile-generate -fprofile-update=atomic -I./Include/internal -I./Include/internal/mimalloc  -I. -I./Include -I/app/target/cpython-strict/sysroot/usr/include  -fPIC -DPy_BUILD_CORE \
	-DSOABI='"cpython-314"' \
	-o Python/dynload_shlib.o ./Python/dynload_shlib.c
/app/target/cpython-strict/cross/loongarch64-linux-musl-gcc -c -fno-strict-overflow -Wsign-compare -DNDEBUG -g -O3 -Wall -Os -fstack-clash-protection -Wformat -Werror=format-security -fno-plt -march=loongarch64 -mabi=lp64d -mstrict-align   -Os -fstack-clash-protection -Wformat -Werror=format-security -fno-plt -march=loongarch64 -mabi=lp64d -mstrict-align -O2 -DTHREAD_STACK_SIZE=0x200000 -fno-semantic-interposition -flto -ffat-lto-objects -g -std=c11 -Wextra -Wno-unused-parameter -Wno-missing-field-initializers -Wstrict-prototypes -Werror=implicit-function-declaration -fvisibility=hidden -fprofile-generate -fprofile-update=atomic -I./Include/internal -I./Include/internal/mimalloc  -I. -I./Include -I/app/target/cpython-strict/sysroot/usr/include  -fPIC -DPy_BUILD_CORE -o Modules/config.o Modules/config.c
/app/target/cpython-strict/cross/loongarch64-linux-musl-gcc -c -fno-strict-overflow -Wsign-compare -DNDEBUG -g -O3 -Wall -Os -fstack-clash-protection -Wformat -Werror=format-security -fno-plt -march=loongarch64 -mabi=lp64d -mstrict-align   -Os -fstack-clash-protection -Wformat -Werror=format-security -fno-plt -march=loongarch64 -mabi=lp64d -mstrict-align -O2 -DTHREAD_STACK_SIZE=0x200000 -fno-semantic-interposition -flto -ffat-lto-objects -g -std=c11 -Wextra -Wno-unused-parameter -Wno-missing-field-initializers -Wstrict-prototypes -Werror=implicit-function-declaration -fvisibility=hidden -fprofile-generate -fprofile-update=atomic -I./Include/internal -I./Include/internal/mimalloc  -I. -I./Include -I/app/target/cpython-strict/sysroot/usr/include  -fPIC -DPy_BUILD_CORE -o Modules/main.o Modules/main.c
/app/target/cpython-strict/cross/loongarch64-linux-musl-gcc -c -fno-strict-overflow -Wsign-compare -DNDEBUG -g -O3 -Wall -Os -fstack-clash-protection -Wformat -Werror=format-security -fno-plt -march=loongarch64 -mabi=lp64d -mstrict-align   -Os -fstack-clash-protection -Wformat -Werror=format-security -fno-plt -march=loongarch64 -mabi=lp64d -mstrict-align -O2 -DTHREAD_STACK_SIZE=0x200000 -fno-semantic-interposition -flto -ffat-lto-objects -g -std=c11 -Wextra -Wno-unused-parameter -Wno-missing-field-initializers -Wstrict-prototypes -Werror=implicit-function-declaration -fvisibility=hidden -fprofile-generate -fprofile-update=atomic -I./Include/internal -I./Include/internal/mimalloc  -I. -I./Include -I/app/target/cpython-strict/sysroot/usr/include  -fPIC -DPy_BUILD_CORE -o Modules/gcmodule.o Modules/gcmodule.c
/app/target/cpython-strict/cross/loongarch64-linux-musl-gcc  -fno-strict-overflow -Wsign-compare -DNDEBUG -g -O3 -Wall -Os -fstack-clash-protection -Wformat -Werror=format-security -fno-plt -march=loongarch64 -mabi=lp64d -mstrict-align   -Os -fstack-clash-protection -Wformat -Werror=format-security -fno-plt -march=loongarch64 -mabi=lp64d -mstrict-align -O2 -DTHREAD_STACK_SIZE=0x200000 -fno-semantic-interposition -flto -ffat-lto-objects -g -std=c11 -Wextra -Wno-unused-parameter -Wno-missing-field-initializers -Wstrict-prototypes -Werror=implicit-function-declaration -fvisibility=hidden -fprofile-generate -fprofile-update=atomic -I./Include/internal -I./Include/internal/mimalloc  -I. -I./Include -I/app/target/cpython-strict/sysroot/usr/include  -fPIC -DPy_BUILD_CORE_BUILTIN -c ./Modules/atexitmodule.c -o Modules/atexitmodule.o
/app/target/cpython-strict/cross/loongarch64-linux-musl-gcc  -fno-strict-overflow -Wsign-compare -DNDEBUG -g -O3 -Wall -Os -fstack-clash-protection -Wformat -Werror=format-security -fno-plt -march=loongarch64 -mabi=lp64d -mstrict-align   -Os -fstack-clash-protection -Wformat -Werror=format-security -fno-plt -march=loongarch64 -mabi=lp64d -mstrict-align -O2 -DTHREAD_STACK_SIZE=0x200000 -fno-semantic-interposition -flto -ffat-lto-objects -g -std=c11 -Wextra -Wno-unused-parameter -Wno-missing-field-initializers -Wstrict-prototypes -Werror=implicit-function-declaration -fvisibility=hidden -fprofile-generate -fprofile-update=atomic -I./Include/internal -I./Include/internal/mimalloc  -I. -I./Include -I/app/target/cpython-strict/sysroot/usr/include  -fPIC -DPy_BUILD_CORE_BUILTIN -c ./Modules/faulthandler.c -o Modules/faulthandler.o
/app/target/cpython-strict/cross/loongarch64-linux-musl-gcc  -fno-strict-overflow -Wsign-compare -DNDEBUG -g -O3 -Wall -Os -fstack-clash-protection -Wformat -Werror=format-security -fno-plt -march=loongarch64 -mabi=lp64d -mstrict-align   -Os -fstack-clash-protection -Wformat -Werror=format-security -fno-plt -march=loongarch64 -mabi=lp64d -mstrict-align -O2 -DTHREAD_STACK_SIZE=0x200000 -fno-semantic-interposition -flto -ffat-lto-objects -g -std=c11 -Wextra -Wno-unused-parameter -Wno-missing-field-initializers -Wstrict-prototypes -Werror=implicit-function-declaration -fvisibility=hidden -fprofile-generate -fprofile-update=atomic -I./Include/internal -I./Include/internal/mimalloc  -I. -I./Include -I/app/target/cpython-strict/sysroot/usr/include  -fPIC -DPy_BUILD_CORE_BUILTIN -c ./Modules/posixmodule.c -o Modules/posixmodule.o
/app/target/cpython-strict/cross/loongarch64-linux-musl-gcc  -fno-strict-overflow -Wsign-compare -DNDEBUG -g -O3 -Wall -Os -fstack-clash-protection -Wformat -Werror=format-security -fno-plt -march=loongarch64 -mabi=lp64d -mstrict-align   -Os -fstack-clash-protection -Wformat -Werror=format-security -fno-plt -march=loongarch64 -mabi=lp64d -mstrict-align -O2 -DTHREAD_STACK_SIZE=0x200000 -fno-semantic-interposition -flto -ffat-lto-objects -g -std=c11 -Wextra -Wno-unused-parameter -Wno-missing-field-initializers -Wstrict-prototypes -Werror=implicit-function-declaration -fvisibility=hidden -fprofile-generate -fprofile-update=atomic -I./Include/internal -I./Include/internal/mimalloc  -I. -I./Include -I/app/target/cpython-strict/sysroot/usr/include  -fPIC -DPy_BUILD_CORE_BUILTIN -c ./Modules/signalmodule.c -o Modules/signalmodule.o
/app/target/cpython-strict/cross/loongarch64-linux-musl-gcc  -fno-strict-overflow -Wsign-compare -DNDEBUG -g -O3 -Wall -Os -fstack-clash-protection -Wformat -Werror=format-security -fno-plt -march=loongarch64 -mabi=lp64d -mstrict-align   -Os -fstack-clash-protection -Wformat -Werror=format-security -fno-plt -march=loongarch64 -mabi=lp64d -mstrict-align -O2 -DTHREAD_STACK_SIZE=0x200000 -fno-semantic-interposition -flto -ffat-lto-objects -g -std=c11 -Wextra -Wno-unused-parameter -Wno-missing-field-initializers -Wstrict-prototypes -Werror=implicit-function-declaration -fvisibility=hidden -fprofile-generate -fprofile-update=atomic -I./Include/internal -I./Include/internal/mimalloc  -I. -I./Include -I/app/target/cpython-strict/sysroot/usr/include  -fPIC -DPy_BUILD_CORE_BUILTIN -c ./Modules/_tracemalloc.c -o Modules/_tracemalloc.o
/app/target/cpython-strict/cross/loongarch64-linux-musl-gcc  -fno-strict-overflow -Wsign-compare -DNDEBUG -g -O3 -Wall -Os -fstack-clash-protection -Wformat -Werror=format-security -fno-plt -march=loongarch64 -mabi=lp64d -mstrict-align   -Os -fstack-clash-protection -Wformat -Werror=format-security -fno-plt -march=loongarch64 -mabi=lp64d -mstrict-align -O2 -DTHREAD_STACK_SIZE=0x200000 -fno-semantic-interposition -flto -ffat-lto-objects -g -std=c11 -Wextra -Wno-unused-parameter -Wno-missing-field-initializers -Wstrict-prototypes -Werror=implicit-function-declaration -fvisibility=hidden -fprofile-generate -fprofile-update=atomic -I./Include/internal -I./Include/internal/mimalloc  -I. -I./Include -I/app/target/cpython-strict/sysroot/usr/include  -fPIC -DPy_BUILD_CORE_BUILTIN -c ./Modules/_suggestions.c -o Modules/_suggestions.o
/app/target/cpython-strict/cross/loongarch64-linux-musl-gcc  -fno-strict-overflow -Wsign-compare -DNDEBUG -g -O3 -Wall -Os -fstack-clash-protection -Wformat -Werror=format-security -fno-plt -march=loongarch64 -mabi=lp64d -mstrict-align   -Os -fstack-clash-protection -Wformat -Werror=format-security -fno-plt -march=loongarch64 -mabi=lp64d -mstrict-align -O2 -DTHREAD_STACK_SIZE=0x200000 -fno-semantic-interposition -flto -ffat-lto-objects -g -std=c11 -Wextra -Wno-unused-parameter -Wno-missing-field-initializers -Wstrict-prototypes -Werror=implicit-function-declaration -fvisibility=hidden -fprofile-generate -fprofile-update=atomic -I./Include/internal -I./Include/internal/mimalloc  -I. -I./Include -I/app/target/cpython-strict/sysroot/usr/include  -fPIC -DPy_BUILD_CORE_BUILTIN -c ./Modules/_datetimemodule.c -o Modules/_datetimemodule.o
/app/target/cpython-strict/cross/loongarch64-linux-musl-gcc  -fno-strict-overflow -Wsign-compare -DNDEBUG -g -O3 -Wall -Os -fstack-clash-protection -Wformat -Werror=format-security -fno-plt -march=loongarch64 -mabi=lp64d -mstrict-align   -Os -fstack-clash-protection -Wformat -Werror=format-security -fno-plt -march=loongarch64 -mabi=lp64d -mstrict-align -O2 -DTHREAD_STACK_SIZE=0x200000 -fno-semantic-interposition -flto -ffat-lto-objects -g -std=c11 -Wextra -Wno-unused-parameter -Wno-missing-field-initializers -Wstrict-prototypes -Werror=implicit-function-declaration -fvisibility=hidden -fprofile-generate -fprofile-update=atomic -I./Include/internal -I./Include/internal/mimalloc  -I. -I./Include -I/app/target/cpython-strict/sysroot/usr/include  -fPIC -DPy_BUILD_CORE_BUILTIN -c ./Modules/_codecsmodule.c -o Modules/_codecsmodule.o
/app/target/cpython-strict/cross/loongarch64-linux-musl-gcc  -fno-strict-overflow -Wsign-compare -DNDEBUG -g -O3 -Wall -Os -fstack-clash-protection -Wformat -Werror=format-security -fno-plt -march=loongarch64 -mabi=lp64d -mstrict-align   -Os -fstack-clash-protection -Wformat -Werror=format-security -fno-plt -march=loongarch64 -mabi=lp64d -mstrict-align -O2 -DTHREAD_STACK_SIZE=0x200000 -fno-semantic-interposition -flto -ffat-lto-objects -g -std=c11 -Wextra -Wno-unused-parameter -Wno-missing-field-initializers -Wstrict-prototypes -Werror=implicit-function-declaration -fvisibility=hidden -fprofile-generate -fprofile-update=atomic -I./Include/internal -I./Include/internal/mimalloc  -I. -I./Include -I/app/target/cpython-strict/sysroot/usr/include  -fPIC -DPy_BUILD_CORE_BUILTIN -c ./Modules/_collectionsmodule.c -o Modules/_collectionsmodule.o
/app/target/cpython-strict/cross/loongarch64-linux-musl-gcc  -fno-strict-overflow -Wsign-compare -DNDEBUG -g -O3 -Wall -Os -fstack-clash-protection -Wformat -Werror=format-security -fno-plt -march=loongarch64 -mabi=lp64d -mstrict-align   -Os -fstack-clash-protection -Wformat -Werror=format-security -fno-plt -march=loongarch64 -mabi=lp64d -mstrict-align -O2 -DTHREAD_STACK_SIZE=0x200000 -fno-semantic-interposition -flto -ffat-lto-objects -g -std=c11 -Wextra -Wno-unused-parameter -Wno-missing-field-initializers -Wstrict-prototypes -Werror=implicit-function-declaration -fvisibility=hidden -fprofile-generate -fprofile-update=atomic -I./Include/internal -I./Include/internal/mimalloc  -I. -I./Include -I/app/target/cpython-strict/sysroot/usr/include  -fPIC -DPy_BUILD_CORE_BUILTIN -c ./Modules/errnomodule.c -o Modules/errnomodule.o
/app/target/cpython-strict/cross/loongarch64-linux-musl-gcc -I./Modules/_io -fno-strict-overflow -Wsign-compare -DNDEBUG -g -O3 -Wall -Os -fstack-clash-protection -Wformat -Werror=format-security -fno-plt -march=loongarch64 -mabi=lp64d -mstrict-align   -Os -fstack-clash-protection -Wformat -Werror=format-security -fno-plt -march=loongarch64 -mabi=lp64d -mstrict-align -O2 -DTHREAD_STACK_SIZE=0x200000 -fno-semantic-interposition -flto -ffat-lto-objects -g -std=c11 -Wextra -Wno-unused-parameter -Wno-missing-field-initializers -Wstrict-prototypes -Werror=implicit-function-declaration -fvisibility=hidden -fprofile-generate -fprofile-update=atomic -I./Include/internal -I./Include/internal/mimalloc  -I. -I./Include -I/app/target/cpython-strict/sysroot/usr/include  -fPIC -DPy_BUILD_CORE_BUILTIN -c ./Modules/_io/_iomodule.c -o Modules/_io/_iomodule.o
/app/target/cpython-strict/cross/loongarch64-linux-musl-gcc -I./Modules/_io -fno-strict-overflow -Wsign-compare -DNDEBUG -g -O3 -Wall -Os -fstack-clash-protection -Wformat -Werror=format-security -fno-plt -march=loongarch64 -mabi=lp64d -mstrict-align   -Os -fstack-clash-protection -Wformat -Werror=format-security -fno-plt -march=loongarch64 -mabi=lp64d -mstrict-align -O2 -DTHREAD_STACK_SIZE=0x200000 -fno-semantic-interposition -flto -ffat-lto-objects -g -std=c11 -Wextra -Wno-unused-parameter -Wno-missing-field-initializers -Wstrict-prototypes -Werror=implicit-function-declaration -fvisibility=hidden -fprofile-generate -fprofile-update=atomic -I./Include/internal -I./Include/internal/mimalloc  -I. -I./Include -I/app/target/cpython-strict/sysroot/usr/include  -fPIC -DPy_BUILD_CORE_BUILTIN -c ./Modules/_io/iobase.c -o Modules/_io/iobase.o
/app/target/cpython-strict/cross/loongarch64-linux-musl-gcc -I./Modules/_io -fno-strict-overflow -Wsign-compare -DNDEBUG -g -O3 -Wall -Os -fstack-clash-protection -Wformat -Werror=format-security -fno-plt -march=loongarch64 -mabi=lp64d -mstrict-align   -Os -fstack-clash-protection -Wformat -Werror=format-security -fno-plt -march=loongarch64 -mabi=lp64d -mstrict-align -O2 -DTHREAD_STACK_SIZE=0x200000 -fno-semantic-interposition -flto -ffat-lto-objects -g -std=c11 -Wextra -Wno-unused-parameter -Wno-missing-field-initializers -Wstrict-prototypes -Werror=implicit-function-declaration -fvisibility=hidden -fprofile-generate -fprofile-update=atomic -I./Include/internal -I./Include/internal/mimalloc  -I. -I./Include -I/app/target/cpython-strict/sysroot/usr/include  -fPIC -DPy_BUILD_CORE_BUILTIN -c ./Modules/_io/fileio.c -o Modules/_io/fileio.o
/app/target/cpython-strict/cross/loongarch64-linux-musl-gcc -I./Modules/_io -fno-strict-overflow -Wsign-compare -DNDEBUG -g -O3 -Wall -Os -fstack-clash-protection -Wformat -Werror=format-security -fno-plt -march=loongarch64 -mabi=lp64d -mstrict-align   -Os -fstack-clash-protection -Wformat -Werror=format-security -fno-plt -march=loongarch64 -mabi=lp64d -mstrict-align -O2 -DTHREAD_STACK_SIZE=0x200000 -fno-semantic-interposition -flto -ffat-lto-objects -g -std=c11 -Wextra -Wno-unused-parameter -Wno-missing-field-initializers -Wstrict-prototypes -Werror=implicit-function-declaration -fvisibility=hidden -fprofile-generate -fprofile-update=atomic -I./Include/internal -I./Include/internal/mimalloc  -I. -I./Include -I/app/target/cpython-strict/sysroot/usr/include  -fPIC -DPy_BUILD_CORE_BUILTIN -c ./Modules/_io/bytesio.c -o Modules/_io/bytesio.o
/app/target/cpython-strict/cross/loongarch64-linux-musl-gcc -I./Modules/_io -fno-strict-overflow -Wsign-compare -DNDEBUG -g -O3 -Wall -Os -fstack-clash-protection -Wformat -Werror=format-security -fno-plt -march=loongarch64 -mabi=lp64d -mstrict-align   -Os -fstack-clash-protection -Wformat -Werror=format-security -fno-plt -march=loongarch64 -mabi=lp64d -mstrict-align -O2 -DTHREAD_STACK_SIZE=0x200000 -fno-semantic-interposition -flto -ffat-lto-objects -g -std=c11 -Wextra -Wno-unused-parameter -Wno-missing-field-initializers -Wstrict-prototypes -Werror=implicit-function-declaration -fvisibility=hidden -fprofile-generate -fprofile-update=atomic -I./Include/internal -I./Include/internal/mimalloc  -I. -I./Include -I/app/target/cpython-strict/sysroot/usr/include  -fPIC -DPy_BUILD_CORE_BUILTIN -c ./Modules/_io/bufferedio.c -o Modules/_io/bufferedio.o
/app/target/cpython-strict/cross/loongarch64-linux-musl-gcc -I./Modules/_io -fno-strict-overflow -Wsign-compare -DNDEBUG -g -O3 -Wall -Os -fstack-clash-protection -Wformat -Werror=format-security -fno-plt -march=loongarch64 -mabi=lp64d -mstrict-align   -Os -fstack-clash-protection -Wformat -Werror=format-security -fno-plt -march=loongarch64 -mabi=lp64d -mstrict-align -O2 -DTHREAD_STACK_SIZE=0x200000 -fno-semantic-interposition -flto -ffat-lto-objects -g -std=c11 -Wextra -Wno-unused-parameter -Wno-missing-field-initializers -Wstrict-prototypes -Werror=implicit-function-declaration -fvisibility=hidden -fprofile-generate -fprofile-update=atomic -I./Include/internal -I./Include/internal/mimalloc  -I. -I./Include -I/app/target/cpython-strict/sysroot/usr/include  -fPIC -DPy_BUILD_CORE_BUILTIN -c ./Modules/_io/textio.c -o Modules/_io/textio.o
/app/target/cpython-strict/cross/loongarch64-linux-musl-gcc -I./Modules/_io -fno-strict-overflow -Wsign-compare -DNDEBUG -g -O3 -Wall -Os -fstack-clash-protection -Wformat -Werror=format-security -fno-plt -march=loongarch64 -mabi=lp64d -mstrict-align   -Os -fstack-clash-protection -Wformat -Werror=format-security -fno-plt -march=loongarch64 -mabi=lp64d -mstrict-align -O2 -DTHREAD_STACK_SIZE=0x200000 -fno-semantic-interposition -flto -ffat-lto-objects -g -std=c11 -Wextra -Wno-unused-parameter -Wno-missing-field-initializers -Wstrict-prototypes -Werror=implicit-function-declaration -fvisibility=hidden -fprofile-generate -fprofile-update=atomic -I./Include/internal -I./Include/internal/mimalloc  -I. -I./Include -I/app/target/cpython-strict/sysroot/usr/include  -fPIC -DPy_BUILD_CORE_BUILTIN -c ./Modules/_io/stringio.c -o Modules/_io/stringio.o
/app/target/cpython-strict/cross/loongarch64-linux-musl-gcc  -fno-strict-overflow -Wsign-compare -DNDEBUG -g -O3 -Wall -Os -fstack-clash-protection -Wformat -Werror=format-security -fno-plt -march=loongarch64 -mabi=lp64d -mstrict-align   -Os -fstack-clash-protection -Wformat -Werror=format-security -fno-plt -march=loongarch64 -mabi=lp64d -mstrict-align -O2 -DTHREAD_STACK_SIZE=0x200000 -fno-semantic-interposition -flto -ffat-lto-objects -g -std=c11 -Wextra -Wno-unused-parameter -Wno-missing-field-initializers -Wstrict-prototypes -Werror=implicit-function-declaration -fvisibility=hidden -fprofile-generate -fprofile-update=atomic -I./Include/internal -I./Include/internal/mimalloc  -I. -I./Include -I/app/target/cpython-strict/sysroot/usr/include  -fPIC -DPy_BUILD_CORE_BUILTIN -c ./Modules/itertoolsmodule.c -o Modules/itertoolsmodule.o
/app/target/cpython-strict/cross/loongarch64-linux-musl-gcc  -fno-strict-overflow -Wsign-compare -DNDEBUG -g -O3 -Wall -Os -fstack-clash-protection -Wformat -Werror=format-security -fno-plt -march=loongarch64 -mabi=lp64d -mstrict-align   -Os -fstack-clash-protection -Wformat -Werror=format-security -fno-plt -march=loongarch64 -mabi=lp64d -mstrict-align -O2 -DTHREAD_STACK_SIZE=0x200000 -fno-semantic-interposition -flto -ffat-lto-objects -g -std=c11 -Wextra -Wno-unused-parameter -Wno-missing-field-initializers -Wstrict-prototypes -Werror=implicit-function-declaration -fvisibility=hidden -fprofile-generate -fprofile-update=atomic -I./Include/internal -I./Include/internal/mimalloc  -I. -I./Include -I/app/target/cpython-strict/sysroot/usr/include  -fPIC -DPy_BUILD_CORE_BUILTIN -c ./Modules/_sre/sre.c -o Modules/_sre/sre.o
/app/target/cpython-strict/cross/loongarch64-linux-musl-gcc  -fno-strict-overflow -Wsign-compare -DNDEBUG -g -O3 -Wall -Os -fstack-clash-protection -Wformat -Werror=format-security -fno-plt -march=loongarch64 -mabi=lp64d -mstrict-align   -Os -fstack-clash-protection -Wformat -Werror=format-security -fno-plt -march=loongarch64 -mabi=lp64d -mstrict-align -O2 -DTHREAD_STACK_SIZE=0x200000 -fno-semantic-interposition -flto -ffat-lto-objects -g -std=c11 -Wextra -Wno-unused-parameter -Wno-missing-field-initializers -Wstrict-prototypes -Werror=implicit-function-declaration -fvisibility=hidden -fprofile-generate -fprofile-update=atomic -I./Include/internal -I./Include/internal/mimalloc  -I. -I./Include -I/app/target/cpython-strict/sysroot/usr/include  -fPIC -DPy_BUILD_CORE_BUILTIN -c ./Modules/_sysconfig.c -o Modules/_sysconfig.o
/app/target/cpython-strict/cross/loongarch64-linux-musl-gcc  -fno-strict-overflow -Wsign-compare -DNDEBUG -g -O3 -Wall -Os -fstack-clash-protection -Wformat -Werror=format-security -fno-plt -march=loongarch64 -mabi=lp64d -mstrict-align   -Os -fstack-clash-protection -Wformat -Werror=format-security -fno-plt -march=loongarch64 -mabi=lp64d -mstrict-align -O2 -DTHREAD_STACK_SIZE=0x200000 -fno-semantic-interposition -flto -ffat-lto-objects -g -std=c11 -Wextra -Wno-unused-parameter -Wno-missing-field-initializers -Wstrict-prototypes -Werror=implicit-function-declaration -fvisibility=hidden -fprofile-generate -fprofile-update=atomic -I./Include/internal -I./Include/internal/mimalloc  -I. -I./Include -I/app/target/cpython-strict/sysroot/usr/include  -fPIC -DPy_BUILD_CORE_BUILTIN -c ./Modules/_threadmodule.c -o Modules/_threadmodule.o
/app/target/cpython-strict/cross/loongarch64-linux-musl-gcc  -fno-strict-overflow -Wsign-compare -DNDEBUG -g -O3 -Wall -Os -fstack-clash-protection -Wformat -Werror=format-security -fno-plt -march=loongarch64 -mabi=lp64d -mstrict-align   -Os -fstack-clash-protection -Wformat -Werror=format-security -fno-plt -march=loongarch64 -mabi=lp64d -mstrict-align -O2 -DTHREAD_STACK_SIZE=0x200000 -fno-semantic-interposition -flto -ffat-lto-objects -g -std=c11 -Wextra -Wno-unused-parameter -Wno-missing-field-initializers -Wstrict-prototypes -Werror=implicit-function-declaration -fvisibility=hidden -fprofile-generate -fprofile-update=atomic -I./Include/internal -I./Include/internal/mimalloc  -I. -I./Include -I/app/target/cpython-strict/sysroot/usr/include  -fPIC -DPy_BUILD_CORE_BUILTIN -c ./Modules/timemodule.c -o Modules/timemodule.o
/app/target/cpython-strict/cross/loongarch64-linux-musl-gcc  -fno-strict-overflow -Wsign-compare -DNDEBUG -g -O3 -Wall -Os -fstack-clash-protection -Wformat -Werror=format-security -fno-plt -march=loongarch64 -mabi=lp64d -mstrict-align   -Os -fstack-clash-protection -Wformat -Werror=format-security -fno-plt -march=loongarch64 -mabi=lp64d -mstrict-align -O2 -DTHREAD_STACK_SIZE=0x200000 -fno-semantic-interposition -flto -ffat-lto-objects -g -std=c11 -Wextra -Wno-unused-parameter -Wno-missing-field-initializers -Wstrict-prototypes -Werror=implicit-function-declaration -fvisibility=hidden -fprofile-generate -fprofile-update=atomic -I./Include/internal -I./Include/internal/mimalloc  -I. -I./Include -I/app/target/cpython-strict/sysroot/usr/include  -fPIC -DPy_BUILD_CORE_BUILTIN -c ./Modules/_typesmodule.c -o Modules/_typesmodule.o
/app/target/cpython-strict/cross/loongarch64-linux-musl-gcc  -fno-strict-overflow -Wsign-compare -DNDEBUG -g -O3 -Wall -Os -fstack-clash-protection -Wformat -Werror=format-security -fno-plt -march=loongarch64 -mabi=lp64d -mstrict-align   -Os -fstack-clash-protection -Wformat -Werror=format-security -fno-plt -march=loongarch64 -mabi=lp64d -mstrict-align -O2 -DTHREAD_STACK_SIZE=0x200000 -fno-semantic-interposition -flto -ffat-lto-objects -g -std=c11 -Wextra -Wno-unused-parameter -Wno-missing-field-initializers -Wstrict-prototypes -Werror=implicit-function-declaration -fvisibility=hidden -fprofile-generate -fprofile-update=atomic -I./Include/internal -I./Include/internal/mimalloc  -I. -I./Include -I/app/target/cpython-strict/sysroot/usr/include  -fPIC -DPy_BUILD_CORE_BUILTIN -c ./Modules/_typingmodule.c -o Modules/_typingmodule.o
/app/target/cpython-strict/cross/loongarch64-linux-musl-gcc  -fno-strict-overflow -Wsign-compare -DNDEBUG -g -O3 -Wall -Os -fstack-clash-protection -Wformat -Werror=format-security -fno-plt -march=loongarch64 -mabi=lp64d -mstrict-align   -Os -fstack-clash-protection -Wformat -Werror=format-security -fno-plt -march=loongarch64 -mabi=lp64d -mstrict-align -O2 -DTHREAD_STACK_SIZE=0x200000 -fno-semantic-interposition -flto -ffat-lto-objects -g -std=c11 -Wextra -Wno-unused-parameter -Wno-missing-field-initializers -Wstrict-prototypes -Werror=implicit-function-declaration -fvisibility=hidden -fprofile-generate -fprofile-update=atomic -I./Include/internal -I./Include/internal/mimalloc  -I. -I./Include -I/app/target/cpython-strict/sysroot/usr/include  -fPIC -DPy_BUILD_CORE_BUILTIN -c ./Modules/_weakref.c -o Modules/_weakref.o
/app/target/cpython-strict/cross/loongarch64-linux-musl-gcc  -fno-strict-overflow -Wsign-compare -DNDEBUG -g -O3 -Wall -Os -fstack-clash-protection -Wformat -Werror=format-security -fno-plt -march=loongarch64 -mabi=lp64d -mstrict-align   -Os -fstack-clash-protection -Wformat -Werror=format-security -fno-plt -march=loongarch64 -mabi=lp64d -mstrict-align -O2 -DTHREAD_STACK_SIZE=0x200000 -fno-semantic-interposition -flto -ffat-lto-objects -g -std=c11 -Wextra -Wno-unused-parameter -Wno-missing-field-initializers -Wstrict-prototypes -Werror=implicit-function-declaration -fvisibility=hidden -fprofile-generate -fprofile-update=atomic -I./Include/internal -I./Include/internal/mimalloc  -I. -I./Include -I/app/target/cpython-strict/sysroot/usr/include  -fPIC -DPy_BUILD_CORE_BUILTIN -c ./Modules/_abc.c -o Modules/_abc.o
/app/target/cpython-strict/cross/loongarch64-linux-musl-gcc  -fno-strict-overflow -Wsign-compare -DNDEBUG -g -O3 -Wall -Os -fstack-clash-protection -Wformat -Werror=format-security -fno-plt -march=loongarch64 -mabi=lp64d -mstrict-align   -Os -fstack-clash-protection -Wformat -Werror=format-security -fno-plt -march=loongarch64 -mabi=lp64d -mstrict-align -O2 -DTHREAD_STACK_SIZE=0x200000 -fno-semantic-interposition -flto -ffat-lto-objects -g -std=c11 -Wextra -Wno-unused-parameter -Wno-missing-field-initializers -Wstrict-prototypes -Werror=implicit-function-declaration -fvisibility=hidden -fprofile-generate -fprofile-update=atomic -I./Include/internal -I./Include/internal/mimalloc  -I. -I./Include -I/app/target/cpython-strict/sysroot/usr/include  -fPIC -DPy_BUILD_CORE_BUILTIN -c ./Modules/_functoolsmodule.c -o Modules/_functoolsmodule.o
/app/target/cpython-strict/cross/loongarch64-linux-musl-gcc  -fno-strict-overflow -Wsign-compare -DNDEBUG -g -O3 -Wall -Os -fstack-clash-protection -Wformat -Werror=format-security -fno-plt -march=loongarch64 -mabi=lp64d -mstrict-align   -Os -fstack-clash-protection -Wformat -Werror=format-security -fno-plt -march=loongarch64 -mabi=lp64d -mstrict-align -O2 -DTHREAD_STACK_SIZE=0x200000 -fno-semantic-interposition -flto -ffat-lto-objects -g -std=c11 -Wextra -Wno-unused-parameter -Wno-missing-field-initializers -Wstrict-prototypes -Werror=implicit-function-declaration -fvisibility=hidden -fprofile-generate -fprofile-update=atomic -I./Include/internal -I./Include/internal/mimalloc  -I. -I./Include -I/app/target/cpython-strict/sysroot/usr/include  -fPIC -DPy_BUILD_CORE_BUILTIN -c ./Modules/_localemodule.c -o Modules/_localemodule.o
/app/target/cpython-strict/cross/loongarch64-linux-musl-gcc  -fno-strict-overflow -Wsign-compare -DNDEBUG -g -O3 -Wall -Os -fstack-clash-protection -Wformat -Werror=format-security -fno-plt -march=loongarch64 -mabi=lp64d -mstrict-align   -Os -fstack-clash-protection -Wformat -Werror=format-security -fno-plt -march=loongarch64 -mabi=lp64d -mstrict-align -O2 -DTHREAD_STACK_SIZE=0x200000 -fno-semantic-interposition -flto -ffat-lto-objects -g -std=c11 -Wextra -Wno-unused-parameter -Wno-missing-field-initializers -Wstrict-prototypes -Werror=implicit-function-declaration -fvisibility=hidden -fprofile-generate -fprofile-update=atomic -I./Include/internal -I./Include/internal/mimalloc  -I. -I./Include -I/app/target/cpython-strict/sysroot/usr/include  -fPIC -DPy_BUILD_CORE_BUILTIN -c ./Modules/_opcode.c -o Modules/_opcode.o
/app/target/cpython-strict/cross/loongarch64-linux-musl-gcc  -fno-strict-overflow -Wsign-compare -DNDEBUG -g -O3 -Wall -Os -fstack-clash-protection -Wformat -Werror=format-security -fno-plt -march=loongarch64 -mabi=lp64d -mstrict-align   -Os -fstack-clash-protection -Wformat -Werror=format-security -fno-plt -march=loongarch64 -mabi=lp64d -mstrict-align -O2 -DTHREAD_STACK_SIZE=0x200000 -fno-semantic-interposition -flto -ffat-lto-objects -g -std=c11 -Wextra -Wno-unused-parameter -Wno-missing-field-initializers -Wstrict-prototypes -Werror=implicit-function-declaration -fvisibility=hidden -fprofile-generate -fprofile-update=atomic -I./Include/internal -I./Include/internal/mimalloc  -I. -I./Include -I/app/target/cpython-strict/sysroot/usr/include  -fPIC -DPy_BUILD_CORE_BUILTIN -c ./Modules/_operator.c -o Modules/_operator.o
/app/target/cpython-strict/cross/loongarch64-linux-musl-gcc  -fno-strict-overflow -Wsign-compare -DNDEBUG -g -O3 -Wall -Os -fstack-clash-protection -Wformat -Werror=format-security -fno-plt -march=loongarch64 -mabi=lp64d -mstrict-align   -Os -fstack-clash-protection -Wformat -Werror=format-security -fno-plt -march=loongarch64 -mabi=lp64d -mstrict-align -O2 -DTHREAD_STACK_SIZE=0x200000 -fno-semantic-interposition -flto -ffat-lto-objects -g -std=c11 -Wextra -Wno-unused-parameter -Wno-missing-field-initializers -Wstrict-prototypes -Werror=implicit-function-declaration -fvisibility=hidden -fprofile-generate -fprofile-update=atomic -I./Include/internal -I./Include/internal/mimalloc  -I. -I./Include -I/app/target/cpython-strict/sysroot/usr/include  -fPIC -DPy_BUILD_CORE_BUILTIN -c ./Modules/_stat.c -o Modules/_stat.o
/app/target/cpython-strict/cross/loongarch64-linux-musl-gcc  -fno-strict-overflow -Wsign-compare -DNDEBUG -g -O3 -Wall -Os -fstack-clash-protection -Wformat -Werror=format-security -fno-plt -march=loongarch64 -mabi=lp64d -mstrict-align   -Os -fstack-clash-protection -Wformat -Werror=format-security -fno-plt -march=loongarch64 -mabi=lp64d -mstrict-align -O2 -DTHREAD_STACK_SIZE=0x200000 -fno-semantic-interposition -flto -ffat-lto-objects -g -std=c11 -Wextra -Wno-unused-parameter -Wno-missing-field-initializers -Wstrict-prototypes -Werror=implicit-function-declaration -fvisibility=hidden -fprofile-generate -fprofile-update=atomic -I./Include/internal -I./Include/internal/mimalloc  -I. -I./Include -I/app/target/cpython-strict/sysroot/usr/include  -fPIC -DPy_BUILD_CORE_BUILTIN -c ./Modules/symtablemodule.c -o Modules/symtablemodule.o
/app/target/cpython-strict/cross/loongarch64-linux-musl-gcc  -fno-strict-overflow -Wsign-compare -DNDEBUG -g -O3 -Wall -Os -fstack-clash-protection -Wformat -Werror=format-security -fno-plt -march=loongarch64 -mabi=lp64d -mstrict-align   -Os -fstack-clash-protection -Wformat -Werror=format-security -fno-plt -march=loongarch64 -mabi=lp64d -mstrict-align -O2 -DTHREAD_STACK_SIZE=0x200000 -fno-semantic-interposition -flto -ffat-lto-objects -g -std=c11 -Wextra -Wno-unused-parameter -Wno-missing-field-initializers -Wstrict-prototypes -Werror=implicit-function-declaration -fvisibility=hidden -fprofile-generate -fprofile-update=atomic -I./Include/internal -I./Include/internal/mimalloc  -I. -I./Include -I/app/target/cpython-strict/sysroot/usr/include  -fPIC -DPy_BUILD_CORE_BUILTIN -c ./Modules/pwdmodule.c -o Modules/pwdmodule.o
/app/target/cpython-strict/cross/loongarch64-linux-musl-gcc -c -fno-strict-overflow -Wsign-compare -DNDEBUG -g -O3 -Wall -Os -fstack-clash-protection -Wformat -Werror=format-security -fno-plt -march=loongarch64 -mabi=lp64d -mstrict-align   -Os -fstack-clash-protection -Wformat -Werror=format-security -fno-plt -march=loongarch64 -mabi=lp64d -mstrict-align -O2 -DTHREAD_STACK_SIZE=0x200000 -fno-semantic-interposition -flto -ffat-lto-objects -g -std=c11 -Wextra -Wno-unused-parameter -Wno-missing-field-initializers -Wstrict-prototypes -Werror=implicit-function-declaration -fvisibility=hidden -fprofile-generate -fprofile-update=atomic -I./Include/internal -I./Include/internal/mimalloc  -I. -I./Include -I/app/target/cpython-strict/sysroot/usr/include  -fPIC -DPy_BUILD_CORE \
      -DGITVERSION="\"`LC_ALL=C `\"" \
      -DGITTAG="\"`LC_ALL=C `\"" \
      -DGITBRANCH="\"`LC_ALL=C `\"" \
      -o Modules/getbuildinfo.o ./Modules/getbuildinfo.c
/app/target/cpython-strict/host-python/bin/python3.14 ./Programs/_freeze_module.py getpath ./Modules/getpath.py Python/frozen_modules/getpath.h
/app/target/cpython-strict/cross/loongarch64-linux-musl-gcc -c -fno-strict-overflow -Wsign-compare -DNDEBUG -g -O3 -Wall -Os -fstack-clash-protection -Wformat -Werror=format-security -fno-plt -march=loongarch64 -mabi=lp64d -mstrict-align   -Os -fstack-clash-protection -Wformat -Werror=format-security -fno-plt -march=loongarch64 -mabi=lp64d -mstrict-align -O2 -DTHREAD_STACK_SIZE=0x200000 -fno-semantic-interposition -flto -ffat-lto-objects -g -std=c11 -Wextra -Wno-unused-parameter -Wno-missing-field-initializers -Wstrict-prototypes -Werror=implicit-function-declaration -fvisibility=hidden -fprofile-generate -fprofile-update=atomic -I./Include/internal -I./Include/internal/mimalloc  -I. -I./Include -I/app/target/cpython-strict/sysroot/usr/include  -fPIC -DPy_BUILD_CORE -DPYTHONPATH='""' \
	-DPREFIX='"/usr"' \
	-DEXEC_PREFIX='"/usr"' \
	-DVERSION='"3.14"' \
	-DVPATH='""' \
	-DPLATLIBDIR='"lib"' \
	-DPYTHONFRAMEWORK='""' \
	-o Modules/getpath.o ./Modules/getpath.c
/app/target/cpython-strict/host-python/bin/python3.14 ./Programs/_freeze_module.py importlib._bootstrap ./Lib/importlib/_bootstrap.py Python/frozen_modules/importlib._bootstrap.h
/app/target/cpython-strict/host-python/bin/python3.14 ./Programs/_freeze_module.py importlib._bootstrap_external ./Lib/importlib/_bootstrap_external.py Python/frozen_modules/importlib._bootstrap_external.h
/app/target/cpython-strict/host-python/bin/python3.14 ./Programs/_freeze_module.py zipimport ./Lib/zipimport.py Python/frozen_modules/zipimport.h
/app/target/cpython-strict/host-python/bin/python3.14 ./Programs/_freeze_module.py abc ./Lib/abc.py Python/frozen_modules/abc.h
/app/target/cpython-strict/host-python/bin/python3.14 ./Programs/_freeze_module.py codecs ./Lib/codecs.py Python/frozen_modules/codecs.h
/app/target/cpython-strict/host-python/bin/python3.14 ./Programs/_freeze_module.py io ./Lib/io.py Python/frozen_modules/io.h
/app/target/cpython-strict/host-python/bin/python3.14 ./Programs/_freeze_module.py _collections_abc ./Lib/_collections_abc.py Python/frozen_modules/_collections_abc.h
/app/target/cpython-strict/host-python/bin/python3.14 ./Programs/_freeze_module.py _sitebuiltins ./Lib/_sitebuiltins.py Python/frozen_modules/_sitebuiltins.h
/app/target/cpython-strict/host-python/bin/python3.14 ./Programs/_freeze_module.py genericpath ./Lib/genericpath.py Python/frozen_modules/genericpath.h
/app/target/cpython-strict/host-python/bin/python3.14 ./Programs/_freeze_module.py ntpath ./Lib/ntpath.py Python/frozen_modules/ntpath.h
/app/target/cpython-strict/host-python/bin/python3.14 ./Programs/_freeze_module.py posixpath ./Lib/posixpath.py Python/frozen_modules/posixpath.h
/app/target/cpython-strict/host-python/bin/python3.14 ./Programs/_freeze_module.py os ./Lib/os.py Python/frozen_modules/os.h
/app/target/cpython-strict/host-python/bin/python3.14 ./Programs/_freeze_module.py site ./Lib/site.py Python/frozen_modules/site.h
/app/target/cpython-strict/host-python/bin/python3.14 ./Programs/_freeze_module.py stat ./Lib/stat.py Python/frozen_modules/stat.h
/app/target/cpython-strict/host-python/bin/python3.14 ./Programs/_freeze_module.py importlib.util ./Lib/importlib/util.py Python/frozen_modules/importlib.util.h
/app/target/cpython-strict/host-python/bin/python3.14 ./Programs/_freeze_module.py importlib.machinery ./Lib/importlib/machinery.py Python/frozen_modules/importlib.machinery.h
/app/target/cpython-strict/host-python/bin/python3.14 ./Programs/_freeze_module.py runpy ./Lib/runpy.py Python/frozen_modules/runpy.h
/app/target/cpython-strict/host-python/bin/python3.14 ./Programs/_freeze_module.py __hello__ ./Lib/__hello__.py Python/frozen_modules/__hello__.h
/app/target/cpython-strict/host-python/bin/python3.14 ./Programs/_freeze_module.py __phello__ ./Lib/__phello__/__init__.py Python/frozen_modules/__phello__.h
/app/target/cpython-strict/host-python/bin/python3.14 ./Programs/_freeze_module.py __phello__.ham ./Lib/__phello__/ham/__init__.py Python/frozen_modules/__phello__.ham.h
/app/target/cpython-strict/host-python/bin/python3.14 ./Programs/_freeze_module.py __phello__.ham.eggs ./Lib/__phello__/ham/eggs.py Python/frozen_modules/__phello__.ham.eggs.h
/app/target/cpython-strict/host-python/bin/python3.14 ./Programs/_freeze_module.py __phello__.spam ./Lib/__phello__/spam.py Python/frozen_modules/__phello__.spam.h
/app/target/cpython-strict/host-python/bin/python3.14 ./Programs/_freeze_module.py frozen_only ./Tools/freeze/flag.py Python/frozen_modules/frozen_only.h
/app/target/cpython-strict/cross/loongarch64-linux-musl-gcc -c -fno-strict-overflow -Wsign-compare -DNDEBUG -g -O3 -Wall -Os -fstack-clash-protection -Wformat -Werror=format-security -fno-plt -march=loongarch64 -mabi=lp64d -mstrict-align   -Os -fstack-clash-protection -Wformat -Werror=format-security -fno-plt -march=loongarch64 -mabi=lp64d -mstrict-align -O2 -DTHREAD_STACK_SIZE=0x200000 -fno-semantic-interposition -flto -ffat-lto-objects -g -std=c11 -Wextra -Wno-unused-parameter -Wno-missing-field-initializers -Wstrict-prototypes -Werror=implicit-function-declaration -fvisibility=hidden -fprofile-generate -fprofile-update=atomic -I./Include/internal -I./Include/internal/mimalloc  -I. -I./Include -I/app/target/cpython-strict/sysroot/usr/include  -fPIC -DPy_BUILD_CORE -o Python/frozen.o Python/frozen.c
rm -f libpython3.14.a
/app/target/cpython-strict/toolchain/full-gcc-15.2.0-musl-20250911/loongarch64-unknown-linux-musl/bin/loongarch64-unknown-linux-musl-gcc-ar rcs libpython3.14.a Modules/getbuildinfo.o Parser/token.o  Parser/pegen.o Parser/pegen_errors.o Parser/action_helpers.o Parser/parser.o Parser/string_parser.o Parser/peg_api.o Parser/lexer/buffer.o Parser/lexer/lexer.o Parser/lexer/state.o Parser/tokenizer/file_tokenizer.o Parser/tokenizer/readline_tokenizer.o Parser/tokenizer/string_tokenizer.o Parser/tokenizer/utf8_tokenizer.o Parser/tokenizer/helpers.o Parser/myreadline.o Objects/abstract.o Objects/boolobject.o Objects/bytes_methods.o Objects/bytearrayobject.o Objects/bytesobject.o Objects/call.o Objects/capsule.o Objects/cellobject.o Objects/classobject.o Objects/codeobject.o Objects/complexobject.o Objects/descrobject.o Objects/enumobject.o Objects/exceptions.o Objects/genericaliasobject.o Objects/genobject.o Objects/fileobject.o Objects/floatobject.o Objects/frameobject.o Objects/funcobject.o Objects/interpolationobject.o Objects/iterobject.o Objects/listobject.o Objects/longobject.o Objects/dictobject.o Objects/odictobject.o Objects/memoryobject.o Objects/methodobject.o Objects/moduleobject.o Objects/namespaceobject.o Objects/object.o Objects/obmalloc.o Objects/picklebufobject.o Objects/rangeobject.o Objects/setobject.o Objects/sliceobject.o Objects/structseq.o Objects/templateobject.o Objects/tupleobject.o Objects/typeobject.o Objects/typevarobject.o Objects/unicodeobject.o Objects/unicodectype.o Objects/unionobject.o Objects/weakrefobject.o  Python/_contextvars.o Python/_warnings.o Python/Python-ast.o Python/Python-tokenize.o Python/asdl.o Python/assemble.o Python/ast.o Python/ast_preprocess.o Python/ast_unparse.o Python/bltinmodule.o Python/brc.o Python/ceval.o Python/codecs.o Python/codegen.o Python/compile.o Python/context.o Python/critical_section.o Python/crossinterp.o Python/dynamic_annotations.o Python/errors.o Python/flowgraph.o Python/frame.o Python/frozenmain.o Python/future.o Python/gc.o Python/gc_free_threading.o Python/gc_gil.o Python/getargs.o Python/getcompiler.o Python/getcopyright.o Python/getplatform.o Python/getversion.o Python/ceval_gil.o Python/hamt.o Python/hashtable.o Python/import.o Python/importdl.o Python/index_pool.o Python/initconfig.o Python/interpconfig.o Python/instrumentation.o Python/instruction_sequence.o Python/intrinsics.o Python/jit.o Python/legacy_tracing.o Python/lock.o Python/marshal.o Python/modsupport.o Python/mysnprintf.o Python/mystrtoul.o Python/object_stack.o Python/optimizer.o Python/optimizer_analysis.o Python/optimizer_symbols.o Python/parking_lot.o Python/pathconfig.o Python/preconfig.o Python/pyarena.o Python/pyctype.o Python/pyfpe.o Python/pyhash.o Python/pylifecycle.o Python/pymath.o Python/pystate.o Python/pythonrun.o Python/pytime.o Python/qsbr.o Python/bootstrap_hash.o Python/specialize.o Python/stackrefs.o Python/structmember.o Python/symtable.o Python/sysmodule.o Python/thread.o Python/traceback.o Python/tracemalloc.o Python/uniqueid.o Python/getopt.o Python/pystrcmp.o Python/pystrtod.o Python/pystrhex.o Python/dtoa.o Python/formatter_unicode.o Python/fileutils.o Python/suggestions.o Python/perf_trampoline.o Python/perf_jit_trampoline.o Python/remote_debugging.o Python/dynload_shlib.o     Modules/config.o Modules/main.o Modules/gcmodule.o Modules/atexitmodule.o  Modules/faulthandler.o  Modules/posixmodule.o  Modules/signalmodule.o  Modules/_tracemalloc.o  Modules/_suggestions.o  Modules/_datetimemodule.o  Modules/_codecsmodule.o  Modules/_collectionsmodule.o  Modules/errnomodule.o  Modules/_io/_iomodule.o Modules/_io/iobase.o Modules/_io/fileio.o Modules/_io/bytesio.o Modules/_io/bufferedio.o Modules/_io/textio.o Modules/_io/stringio.o  Modules/itertoolsmodule.o  Modules/_sre/sre.o  Modules/_sysconfig.o  Modules/_threadmodule.o  Modules/timemodule.o  Modules/_typesmodule.o  Modules/_typingmodule.o  Modules/_weakref.o  Modules/_abc.o  Modules/_functoolsmodule.o  Modules/_localemodule.o  Modules/_opcode.o  Modules/_operator.o  Modules/_stat.o  Modules/symtablemodule.o  Modules/pwdmodule.o Modules/getpath.o Python/frozen.o
# AIX Linker don't support "-h" option
if test "linux" != "aix"; then \
	/app/target/cpython-strict/cross/loongarch64-linux-musl-gcc -shared -L/app/target/cpython-strict/sysroot/usr/lib -L/app/target/cpython-strict/sysroot/lib -Wl,-rpath-link,/app/target/cpython-strict/sysroot/usr/lib -Wl,-rpath-link,/app/target/cpython-strict/sysroot/lib -Wl,--as-needed -Wl,-O1 -Wl,--sort-common  -L/app/target/cpython-strict/sysroot/usr/lib -L/app/target/cpython-strict/sysroot/lib -Wl,-rpath-link,/app/target/cpython-strict/sysroot/usr/lib -Wl,-rpath-link,/app/target/cpython-strict/sysroot/lib -Wl,--as-needed -Wl,-O1 -Wl,--sort-common -Wl,-z,stack-size=0x200000 -fno-semantic-interposition -flto -ffat-lto-objects -g -fprofile-generate -fprofile-update=atomic -Wl,-hlibpython3.14.so.1.0 -o libpython3.14.so.1.0 Modules/getbuildinfo.o Parser/token.o  Parser/pegen.o Parser/pegen_errors.o Parser/action_helpers.o Parser/parser.o Parser/string_parser.o Parser/peg_api.o Parser/lexer/buffer.o Parser/lexer/lexer.o Parser/lexer/state.o Parser/tokenizer/file_tokenizer.o Parser/tokenizer/readline_tokenizer.o Parser/tokenizer/string_tokenizer.o Parser/tokenizer/utf8_tokenizer.o Parser/tokenizer/helpers.o Parser/myreadline.o Objects/abstract.o Objects/boolobject.o Objects/bytes_methods.o Objects/bytearrayobject.o Objects/bytesobject.o Objects/call.o Objects/capsule.o Objects/cellobject.o Objects/classobject.o Objects/codeobject.o Objects/complexobject.o Objects/descrobject.o Objects/enumobject.o Objects/exceptions.o Objects/genericaliasobject.o Objects/genobject.o Objects/fileobject.o Objects/floatobject.o Objects/frameobject.o Objects/funcobject.o Objects/interpolationobject.o Objects/iterobject.o Objects/listobject.o Objects/longobject.o Objects/dictobject.o Objects/odictobject.o Objects/memoryobject.o Objects/methodobject.o Objects/moduleobject.o Objects/namespaceobject.o Objects/object.o Objects/obmalloc.o Objects/picklebufobject.o Objects/rangeobject.o Objects/setobject.o Objects/sliceobject.o Objects/structseq.o Objects/templateobject.o Objects/tupleobject.o Objects/typeobject.o Objects/typevarobject.o Objects/unicodeobject.o Objects/unicodectype.o Objects/unionobject.o Objects/weakrefobject.o  Python/_contextvars.o Python/_warnings.o Python/Python-ast.o Python/Python-tokenize.o Python/asdl.o Python/assemble.o Python/ast.o Python/ast_preprocess.o Python/ast_unparse.o Python/bltinmodule.o Python/brc.o Python/ceval.o Python/codecs.o Python/codegen.o Python/compile.o Python/context.o Python/critical_section.o Python/crossinterp.o Python/dynamic_annotations.o Python/errors.o Python/flowgraph.o Python/frame.o Python/frozenmain.o Python/future.o Python/gc.o Python/gc_free_threading.o Python/gc_gil.o Python/getargs.o Python/getcompiler.o Python/getcopyright.o Python/getplatform.o Python/getversion.o Python/ceval_gil.o Python/hamt.o Python/hashtable.o Python/import.o Python/importdl.o Python/index_pool.o Python/initconfig.o Python/interpconfig.o Python/instrumentation.o Python/instruction_sequence.o Python/intrinsics.o Python/jit.o Python/legacy_tracing.o Python/lock.o Python/marshal.o Python/modsupport.o Python/mysnprintf.o Python/mystrtoul.o Python/object_stack.o Python/optimizer.o Python/optimizer_analysis.o Python/optimizer_symbols.o Python/parking_lot.o Python/pathconfig.o Python/preconfig.o Python/pyarena.o Python/pyctype.o Python/pyfpe.o Python/pyhash.o Python/pylifecycle.o Python/pymath.o Python/pystate.o Python/pythonrun.o Python/pytime.o Python/qsbr.o Python/bootstrap_hash.o Python/specialize.o Python/stackrefs.o Python/structmember.o Python/symtable.o Python/sysmodule.o Python/thread.o Python/traceback.o Python/tracemalloc.o Python/uniqueid.o Python/getopt.o Python/pystrcmp.o Python/pystrtod.o Python/pystrhex.o Python/dtoa.o Python/formatter_unicode.o Python/fileutils.o Python/suggestions.o Python/perf_trampoline.o Python/perf_jit_trampoline.o Python/remote_debugging.o Python/dynload_shlib.o     Modules/config.o Modules/main.o Modules/gcmodule.o Modules/atexitmodule.o  Modules/faulthandler.o  Modules/posixmodule.o  Modules/signalmodule.o  Modules/_tracemalloc.o  Modules/_suggestions.o  Modules/_datetimemodule.o  Modules/_codecsmodule.o  Modules/_collectionsmodule.o  Modules/errnomodule.o  Modules/_io/_iomodule.o Modules/_io/iobase.o Modules/_io/fileio.o Modules/_io/bytesio.o Modules/_io/bufferedio.o Modules/_io/textio.o Modules/_io/stringio.o  Modules/itertoolsmodule.o  Modules/_sre/sre.o  Modules/_sysconfig.o  Modules/_threadmodule.o  Modules/timemodule.o  Modules/_typesmodule.o  Modules/_typingmodule.o  Modules/_weakref.o  Modules/_abc.o  Modules/_functoolsmodule.o  Modules/_localemodule.o  Modules/_opcode.o  Modules/_operator.o  Modules/_stat.o  Modules/symtablemodule.o  Modules/pwdmodule.o Modules/getpath.o Python/frozen.o       -lm                      -ldl   -lm; \
else \
	/app/target/cpython-strict/cross/loongarch64-linux-musl-gcc -shared -L/app/target/cpython-strict/sysroot/usr/lib -L/app/target/cpython-strict/sysroot/lib -Wl,-rpath-link,/app/target/cpython-strict/sysroot/usr/lib -Wl,-rpath-link,/app/target/cpython-strict/sysroot/lib -Wl,--as-needed -Wl,-O1 -Wl,--sort-common  -L/app/target/cpython-strict/sysroot/usr/lib -L/app/target/cpython-strict/sysroot/lib -Wl,-rpath-link,/app/target/cpython-strict/sysroot/usr/lib -Wl,-rpath-link,/app/target/cpython-strict/sysroot/lib -Wl,--as-needed -Wl,-O1 -Wl,--sort-common -Wl,-z,stack-size=0x200000 -fno-semantic-interposition -flto -ffat-lto-objects -g -fprofile-generate -fprofile-update=atomic -o libpython3.14.so Modules/getbuildinfo.o Parser/token.o  Parser/pegen.o Parser/pegen_errors.o Parser/action_helpers.o Parser/parser.o Parser/string_parser.o Parser/peg_api.o Parser/lexer/buffer.o Parser/lexer/lexer.o Parser/lexer/state.o Parser/tokenizer/file_tokenizer.o Parser/tokenizer/readline_tokenizer.o Parser/tokenizer/string_tokenizer.o Parser/tokenizer/utf8_tokenizer.o Parser/tokenizer/helpers.o Parser/myreadline.o Objects/abstract.o Objects/boolobject.o Objects/bytes_methods.o Objects/bytearrayobject.o Objects/bytesobject.o Objects/call.o Objects/capsule.o Objects/cellobject.o Objects/classobject.o Objects/codeobject.o Objects/complexobject.o Objects/descrobject.o Objects/enumobject.o Objects/exceptions.o Objects/genericaliasobject.o Objects/genobject.o Objects/fileobject.o Objects/floatobject.o Objects/frameobject.o Objects/funcobject.o Objects/interpolationobject.o Objects/iterobject.o Objects/listobject.o Objects/longobject.o Objects/dictobject.o Objects/odictobject.o Objects/memoryobject.o Objects/methodobject.o Objects/moduleobject.o Objects/namespaceobject.o Objects/object.o Objects/obmalloc.o Objects/picklebufobject.o Objects/rangeobject.o Objects/setobject.o Objects/sliceobject.o Objects/structseq.o Objects/templateobject.o Objects/tupleobject.o Objects/typeobject.o Objects/typevarobject.o Objects/unicodeobject.o Objects/unicodectype.o Objects/unionobject.o Objects/weakrefobject.o  Python/_contextvars.o Python/_warnings.o Python/Python-ast.o Python/Python-tokenize.o Python/asdl.o Python/assemble.o Python/ast.o Python/ast_preprocess.o Python/ast_unparse.o Python/bltinmodule.o Python/brc.o Python/ceval.o Python/codecs.o Python/codegen.o Python/compile.o Python/context.o Python/critical_section.o Python/crossinterp.o Python/dynamic_annotations.o Python/errors.o Python/flowgraph.o Python/frame.o Python/frozenmain.o Python/future.o Python/gc.o Python/gc_free_threading.o Python/gc_gil.o Python/getargs.o Python/getcompiler.o Python/getcopyright.o Python/getplatform.o Python/getversion.o Python/ceval_gil.o Python/hamt.o Python/hashtable.o Python/import.o Python/importdl.o Python/index_pool.o Python/initconfig.o Python/interpconfig.o Python/instrumentation.o Python/instruction_sequence.o Python/intrinsics.o Python/jit.o Python/legacy_tracing.o Python/lock.o Python/marshal.o Python/modsupport.o Python/mysnprintf.o Python/mystrtoul.o Python/object_stack.o Python/optimizer.o Python/optimizer_analysis.o Python/optimizer_symbols.o Python/parking_lot.o Python/pathconfig.o Python/preconfig.o Python/pyarena.o Python/pyctype.o Python/pyfpe.o Python/pyhash.o Python/pylifecycle.o Python/pymath.o Python/pystate.o Python/pythonrun.o Python/pytime.o Python/qsbr.o Python/bootstrap_hash.o Python/specialize.o Python/stackrefs.o Python/structmember.o Python/symtable.o Python/sysmodule.o Python/thread.o Python/traceback.o Python/tracemalloc.o Python/uniqueid.o Python/getopt.o Python/pystrcmp.o Python/pystrtod.o Python/pystrhex.o Python/dtoa.o Python/formatter_unicode.o Python/fileutils.o Python/suggestions.o Python/perf_trampoline.o Python/perf_jit_trampoline.o Python/remote_debugging.o Python/dynload_shlib.o     Modules/config.o Modules/main.o Modules/gcmodule.o Modules/atexitmodule.o  Modules/faulthandler.o  Modules/posixmodule.o  Modules/signalmodule.o  Modules/_tracemalloc.o  Modules/_suggestions.o  Modules/_datetimemodule.o  Modules/_codecsmodule.o  Modules/_collectionsmodule.o  Modules/errnomodule.o  Modules/_io/_iomodule.o Modules/_io/iobase.o Modules/_io/fileio.o Modules/_io/bytesio.o Modules/_io/bufferedio.o Modules/_io/textio.o Modules/_io/stringio.o  Modules/itertoolsmodule.o  Modules/_sre/sre.o  Modules/_sysconfig.o  Modules/_threadmodule.o  Modules/timemodule.o  Modules/_typesmodule.o  Modules/_typingmodule.o  Modules/_weakref.o  Modules/_abc.o  Modules/_functoolsmodule.o  Modules/_localemodule.o  Modules/_opcode.o  Modules/_operator.o  Modules/_stat.o  Modules/symtablemodule.o  Modules/pwdmodule.o Modules/getpath.o Python/frozen.o       -lm                      -ldl   -lm; \
fi
lto-wrapper: warning: using serial compilation of 128 LTRANS jobs
lto-wrapper: note: see the '-flto' option documentation for more information
if test libpython3.14.so.1.0 != libpython3.14.so; then \
	ln -f libpython3.14.so.1.0 libpython3.14.so; \
fi
/app/target/cpython-strict/cross/loongarch64-linux-musl-gcc -shared -L/app/target/cpython-strict/sysroot/usr/lib -L/app/target/cpython-strict/sysroot/lib -Wl,-rpath-link,/app/target/cpython-strict/sysroot/usr/lib -Wl,-rpath-link,/app/target/cpython-strict/sysroot/lib -Wl,--as-needed -Wl,-O1 -Wl,--sort-common  -L/app/target/cpython-strict/sysroot/usr/lib -L/app/target/cpython-strict/sysroot/lib -Wl,-rpath-link,/app/target/cpython-strict/sysroot/usr/lib -Wl,-rpath-link,/app/target/cpython-strict/sysroot/lib -Wl,--as-needed -Wl,-O1 -Wl,--sort-common -Wl,-z,stack-size=0x200000 -fno-semantic-interposition -flto -ffat-lto-objects -g -fprofile-generate -fprofile-update=atomic -Wl,--no-as-needed -o libpython3.so -Wl,-hlibpython3.so libpython3.14.so
/app/target/cpython-strict/cross/loongarch64-linux-musl-gcc -L/app/target/cpython-strict/sysroot/usr/lib -L/app/target/cpython-strict/sysroot/lib -Wl,-rpath-link,/app/target/cpython-strict/sysroot/usr/lib -Wl,-rpath-link,/app/target/cpython-strict/sysroot/lib -Wl,--as-needed -Wl,-O1 -Wl,--sort-common  -L/app/target/cpython-strict/sysroot/usr/lib -L/app/target/cpython-strict/sysroot/lib -Wl,-rpath-link,/app/target/cpython-strict/sysroot/usr/lib -Wl,-rpath-link,/app/target/cpython-strict/sysroot/lib -Wl,--as-needed -Wl,-O1 -Wl,--sort-common -Wl,-z,stack-size=0x200000 -fno-semantic-interposition -flto -ffat-lto-objects -g -fprofile-generate -fprofile-update=atomic -Xlinker -export-dynamic -o python.exe Programs/python.o -L. -lpython3.14 -ldl        -lm                      -lm 
_PYTHON_HOSTRUNNER='/usr/bin/qemu-loongarch64-static -L /app/target/cpython-strict/sysroot -E LD_LIBRARY_PATH=/app/target/cpython-strict/build/python-target:/app/target/cpython-strict/sysroot/usr/lib:/app/target/cpython-strict/sysroot/lib' _PYTHON_PROJECT_BASE=/app/target/cpython-strict/build/python-target _PYTHON_HOST_PLATFORM=linux-loongarch64 PYTHONPATH=./Lib _PYTHON_SYSCONFIGDATA_NAME=_sysconfigdata__linux_ _PYTHON_SYSCONFIGDATA_PATH= /app/target/cpython-strict/host-python/bin/python3.14 -S -m sysconfig --generate-posix-vars ;\
if test $? -ne 0 ; then \
	echo "generate-posix-vars failed" ; \
	rm -f ./pybuilddir.txt ; \
	exit 1 ; \
fi
Written build/lib.linux-loongarch64-3.14/_sysconfigdata__linux_.py
Written build/lib.linux-loongarch64-3.14/_sysconfig_vars__linux_.json
_PYTHON_HOSTRUNNER='/usr/bin/qemu-loongarch64-static -L /app/target/cpython-strict/sysroot -E LD_LIBRARY_PATH=/app/target/cpython-strict/build/python-target:/app/target/cpython-strict/sysroot/usr/lib:/app/target/cpython-strict/sysroot/lib' _PYTHON_PROJECT_BASE=/app/target/cpython-strict/build/python-target _PYTHON_HOST_PLATFORM=linux-loongarch64 PYTHONPATH=./Lib _PYTHON_SYSCONFIGDATA_NAME=_sysconfigdata__linux_ _PYTHON_SYSCONFIGDATA_PATH=/app/target/cpython-strict/build/python-target/build/lib.linux-loongarch64-3.14 /app/target/cpython-strict/host-python/bin/python3.14 -c 'import sys ; from sysconfig import get_platform ; print("%s-%d.%d" % (get_platform(), *sys.version_info[:2]))' >platform
/app/target/cpython-strict/cross/loongarch64-linux-musl-gcc  -fno-strict-overflow -Wsign-compare -DNDEBUG -g -O3 -Wall -Os -fstack-clash-protection -Wformat -Werror=format-security -fno-plt -march=loongarch64 -mabi=lp64d -mstrict-align   -Os -fstack-clash-protection -Wformat -Werror=format-security -fno-plt -march=loongarch64 -mabi=lp64d -mstrict-align -O2 -DTHREAD_STACK_SIZE=0x200000 -fno-semantic-interposition -flto -ffat-lto-objects -g -std=c11 -Wextra -Wno-unused-parameter -Wno-missing-field-initializers -Wstrict-prototypes -Werror=implicit-function-declaration -fvisibility=hidden -fprofile-generate -fprofile-update=atomic -I./Include/internal -I./Include/internal/mimalloc  -I. -I./Include -I/app/target/cpython-strict/sysroot/usr/include  -fPIC -fPIC -c ./Modules/arraymodule.c -o Modules/arraymodule.o
/app/target/cpython-strict/cross/loongarch64-linux-musl-gcc -shared -L/app/target/cpython-strict/sysroot/usr/lib -L/app/target/cpython-strict/sysroot/lib -Wl,-rpath-link,/app/target/cpython-strict/sysroot/usr/lib -Wl,-rpath-link,/app/target/cpython-strict/sysroot/lib -Wl,--as-needed -Wl,-O1 -Wl,--sort-common  -L/app/target/cpython-strict/sysroot/usr/lib -L/app/target/cpython-strict/sysroot/lib -Wl,-rpath-link,/app/target/cpython-strict/sysroot/usr/lib -Wl,-rpath-link,/app/target/cpython-strict/sysroot/lib -Wl,--as-needed -Wl,-O1 -Wl,--sort-common -Wl,-z,stack-size=0x200000 -fno-semantic-interposition -flto -ffat-lto-objects -g -fprofile-generate -fprofile-update=atomic  Modules/arraymodule.o   -o Modules/array.cpython-314.so
lto-wrapper: warning: using serial compilation of 2 LTRANS jobs
lto-wrapper: note: see the '-flto' option documentation for more information
/app/target/cpython-strict/cross/loongarch64-linux-musl-gcc  -fno-strict-overflow -Wsign-compare -DNDEBUG -g -O3 -Wall -Os -fstack-clash-protection -Wformat -Werror=format-security -fno-plt -march=loongarch64 -mabi=lp64d -mstrict-align   -Os -fstack-clash-protection -Wformat -Werror=format-security -fno-plt -march=loongarch64 -mabi=lp64d -mstrict-align -O2 -DTHREAD_STACK_SIZE=0x200000 -fno-semantic-interposition -flto -ffat-lto-objects -g -std=c11 -Wextra -Wno-unused-parameter -Wno-missing-field-initializers -Wstrict-prototypes -Werror=implicit-function-declaration -fvisibility=hidden -fprofile-generate -fprofile-update=atomic -I./Include/internal -I./Include/internal/mimalloc  -I. -I./Include -I/app/target/cpython-strict/sysroot/usr/include  -fPIC -fPIC -c ./Modules/_asynciomodule.c -o Modules/_asynciomodule.o
/app/target/cpython-strict/cross/loongarch64-linux-musl-gcc -shared -L/app/target/cpython-strict/sysroot/usr/lib -L/app/target/cpython-strict/sysroot/lib -Wl,-rpath-link,/app/target/cpython-strict/sysroot/usr/lib -Wl,-rpath-link,/app/target/cpython-strict/sysroot/lib -Wl,--as-needed -Wl,-O1 -Wl,--sort-common  -L/app/target/cpython-strict/sysroot/usr/lib -L/app/target/cpython-strict/sysroot/lib -Wl,-rpath-link,/app/target/cpython-strict/sysroot/usr/lib -Wl,-rpath-link,/app/target/cpython-strict/sysroot/lib -Wl,--as-needed -Wl,-O1 -Wl,--sort-common -Wl,-z,stack-size=0x200000 -fno-semantic-interposition -flto -ffat-lto-objects -g -fprofile-generate -fprofile-update=atomic  Modules/_asynciomodule.o   -o Modules/_asyncio.cpython-314.so
lto-wrapper: warning: using serial compilation of 2 LTRANS jobs
lto-wrapper: note: see the '-flto' option documentation for more information
/app/target/cpython-strict/cross/loongarch64-linux-musl-gcc  -fno-strict-overflow -Wsign-compare -DNDEBUG -g -O3 -Wall -Os -fstack-clash-protection -Wformat -Werror=format-security -fno-plt -march=loongarch64 -mabi=lp64d -mstrict-align   -Os -fstack-clash-protection -Wformat -Werror=format-security -fno-plt -march=loongarch64 -mabi=lp64d -mstrict-align -O2 -DTHREAD_STACK_SIZE=0x200000 -fno-semantic-interposition -flto -ffat-lto-objects -g -std=c11 -Wextra -Wno-unused-parameter -Wno-missing-field-initializers -Wstrict-prototypes -Werror=implicit-function-declaration -fvisibility=hidden -fprofile-generate -fprofile-update=atomic -I./Include/internal -I./Include/internal/mimalloc  -I. -I./Include -I/app/target/cpython-strict/sysroot/usr/include  -fPIC -fPIC -c ./Modules/_bisectmodule.c -o Modules/_bisectmodule.o
/app/target/cpython-strict/cross/loongarch64-linux-musl-gcc -shared -L/app/target/cpython-strict/sysroot/usr/lib -L/app/target/cpython-strict/sysroot/lib -Wl,-rpath-link,/app/target/cpython-strict/sysroot/usr/lib -Wl,-rpath-link,/app/target/cpython-strict/sysroot/lib -Wl,--as-needed -Wl,-O1 -Wl,--sort-common  -L/app/target/cpython-strict/sysroot/usr/lib -L/app/target/cpython-strict/sysroot/lib -Wl,-rpath-link,/app/target/cpython-strict/sysroot/usr/lib -Wl,-rpath-link,/app/target/cpython-strict/sysroot/lib -Wl,--as-needed -Wl,-O1 -Wl,--sort-common -Wl,-z,stack-size=0x200000 -fno-semantic-interposition -flto -ffat-lto-objects -g -fprofile-generate -fprofile-update=atomic  Modules/_bisectmodule.o   -o Modules/_bisect.cpython-314.so
/app/target/cpython-strict/cross/loongarch64-linux-musl-gcc  -fno-strict-overflow -Wsign-compare -DNDEBUG -g -O3 -Wall -Os -fstack-clash-protection -Wformat -Werror=format-security -fno-plt -march=loongarch64 -mabi=lp64d -mstrict-align   -Os -fstack-clash-protection -Wformat -Werror=format-security -fno-plt -march=loongarch64 -mabi=lp64d -mstrict-align -O2 -DTHREAD_STACK_SIZE=0x200000 -fno-semantic-interposition -flto -ffat-lto-objects -g -std=c11 -Wextra -Wno-unused-parameter -Wno-missing-field-initializers -Wstrict-prototypes -Werror=implicit-function-declaration -fvisibility=hidden -fprofile-generate -fprofile-update=atomic -I./Include/internal -I./Include/internal/mimalloc  -I. -I./Include -I/app/target/cpython-strict/sysroot/usr/include  -fPIC -fPIC -c ./Modules/_csv.c -o Modules/_csv.o
/app/target/cpython-strict/cross/loongarch64-linux-musl-gcc -shared -L/app/target/cpython-strict/sysroot/usr/lib -L/app/target/cpython-strict/sysroot/lib -Wl,-rpath-link,/app/target/cpython-strict/sysroot/usr/lib -Wl,-rpath-link,/app/target/cpython-strict/sysroot/lib -Wl,--as-needed -Wl,-O1 -Wl,--sort-common  -L/app/target/cpython-strict/sysroot/usr/lib -L/app/target/cpython-strict/sysroot/lib -Wl,-rpath-link,/app/target/cpython-strict/sysroot/usr/lib -Wl,-rpath-link,/app/target/cpython-strict/sysroot/lib -Wl,--as-needed -Wl,-O1 -Wl,--sort-common -Wl,-z,stack-size=0x200000 -fno-semantic-interposition -flto -ffat-lto-objects -g -fprofile-generate -fprofile-update=atomic  Modules/_csv.o   -o Modules/_csv.cpython-314.so
/app/target/cpython-strict/cross/loongarch64-linux-musl-gcc  -fno-strict-overflow -Wsign-compare -DNDEBUG -g -O3 -Wall -Os -fstack-clash-protection -Wformat -Werror=format-security -fno-plt -march=loongarch64 -mabi=lp64d -mstrict-align   -Os -fstack-clash-protection -Wformat -Werror=format-security -fno-plt -march=loongarch64 -mabi=lp64d -mstrict-align -O2 -DTHREAD_STACK_SIZE=0x200000 -fno-semantic-interposition -flto -ffat-lto-objects -g -std=c11 -Wextra -Wno-unused-parameter -Wno-missing-field-initializers -Wstrict-prototypes -Werror=implicit-function-declaration -fvisibility=hidden -fprofile-generate -fprofile-update=atomic -I./Include/internal -I./Include/internal/mimalloc  -I. -I./Include -I/app/target/cpython-strict/sysroot/usr/include  -fPIC -fPIC -c ./Modules/_heapqmodule.c -o Modules/_heapqmodule.o
/app/target/cpython-strict/cross/loongarch64-linux-musl-gcc -shared -L/app/target/cpython-strict/sysroot/usr/lib -L/app/target/cpython-strict/sysroot/lib -Wl,-rpath-link,/app/target/cpython-strict/sysroot/usr/lib -Wl,-rpath-link,/app/target/cpython-strict/sysroot/lib -Wl,--as-needed -Wl,-O1 -Wl,--sort-common  -L/app/target/cpython-strict/sysroot/usr/lib -L/app/target/cpython-strict/sysroot/lib -Wl,-rpath-link,/app/target/cpython-strict/sysroot/usr/lib -Wl,-rpath-link,/app/target/cpython-strict/sysroot/lib -Wl,--as-needed -Wl,-O1 -Wl,--sort-common -Wl,-z,stack-size=0x200000 -fno-semantic-interposition -flto -ffat-lto-objects -g -fprofile-generate -fprofile-update=atomic  Modules/_heapqmodule.o   -o Modules/_heapq.cpython-314.so
/app/target/cpython-strict/cross/loongarch64-linux-musl-gcc  -fno-strict-overflow -Wsign-compare -DNDEBUG -g -O3 -Wall -Os -fstack-clash-protection -Wformat -Werror=format-security -fno-plt -march=loongarch64 -mabi=lp64d -mstrict-align   -Os -fstack-clash-protection -Wformat -Werror=format-security -fno-plt -march=loongarch64 -mabi=lp64d -mstrict-align -O2 -DTHREAD_STACK_SIZE=0x200000 -fno-semantic-interposition -flto -ffat-lto-objects -g -std=c11 -Wextra -Wno-unused-parameter -Wno-missing-field-initializers -Wstrict-prototypes -Werror=implicit-function-declaration -fvisibility=hidden -fprofile-generate -fprofile-update=atomic -I./Include/internal -I./Include/internal/mimalloc  -I. -I./Include -I/app/target/cpython-strict/sysroot/usr/include  -fPIC -fPIC -c ./Modules/_json.c -o Modules/_json.o
/app/target/cpython-strict/cross/loongarch64-linux-musl-gcc -shared -L/app/target/cpython-strict/sysroot/usr/lib -L/app/target/cpython-strict/sysroot/lib -Wl,-rpath-link,/app/target/cpython-strict/sysroot/usr/lib -Wl,-rpath-link,/app/target/cpython-strict/sysroot/lib -Wl,--as-needed -Wl,-O1 -Wl,--sort-common  -L/app/target/cpython-strict/sysroot/usr/lib -L/app/target/cpython-strict/sysroot/lib -Wl,-rpath-link,/app/target/cpython-strict/sysroot/usr/lib -Wl,-rpath-link,/app/target/cpython-strict/sysroot/lib -Wl,--as-needed -Wl,-O1 -Wl,--sort-common -Wl,-z,stack-size=0x200000 -fno-semantic-interposition -flto -ffat-lto-objects -g -fprofile-generate -fprofile-update=atomic  Modules/_json.o   -o Modules/_json.cpython-314.so
/app/target/cpython-strict/cross/loongarch64-linux-musl-gcc  -fno-strict-overflow -Wsign-compare -DNDEBUG -g -O3 -Wall -Os -fstack-clash-protection -Wformat -Werror=format-security -fno-plt -march=loongarch64 -mabi=lp64d -mstrict-align   -Os -fstack-clash-protection -Wformat -Werror=format-security -fno-plt -march=loongarch64 -mabi=lp64d -mstrict-align -O2 -DTHREAD_STACK_SIZE=0x200000 -fno-semantic-interposition -flto -ffat-lto-objects -g -std=c11 -Wextra -Wno-unused-parameter -Wno-missing-field-initializers -Wstrict-prototypes -Werror=implicit-function-declaration -fvisibility=hidden -fprofile-generate -fprofile-update=atomic -I./Include/internal -I./Include/internal/mimalloc  -I. -I./Include -I/app/target/cpython-strict/sysroot/usr/include  -fPIC -fPIC -c ./Modules/_lsprof.c -o Modules/_lsprof.o
/app/target/cpython-strict/cross/loongarch64-linux-musl-gcc  -fno-strict-overflow -Wsign-compare -DNDEBUG -g -O3 -Wall -Os -fstack-clash-protection -Wformat -Werror=format-security -fno-plt -march=loongarch64 -mabi=lp64d -mstrict-align   -Os -fstack-clash-protection -Wformat -Werror=format-security -fno-plt -march=loongarch64 -mabi=lp64d -mstrict-align -O2 -DTHREAD_STACK_SIZE=0x200000 -fno-semantic-interposition -flto -ffat-lto-objects -g -std=c11 -Wextra -Wno-unused-parameter -Wno-missing-field-initializers -Wstrict-prototypes -Werror=implicit-function-declaration -fvisibility=hidden -fprofile-generate -fprofile-update=atomic -I./Include/internal -I./Include/internal/mimalloc  -I. -I./Include -I/app/target/cpython-strict/sysroot/usr/include  -fPIC -fPIC -c ./Modules/rotatingtree.c -o Modules/rotatingtree.o
/app/target/cpython-strict/cross/loongarch64-linux-musl-gcc -shared -L/app/target/cpython-strict/sysroot/usr/lib -L/app/target/cpython-strict/sysroot/lib -Wl,-rpath-link,/app/target/cpython-strict/sysroot/usr/lib -Wl,-rpath-link,/app/target/cpython-strict/sysroot/lib -Wl,--as-needed -Wl,-O1 -Wl,--sort-common  -L/app/target/cpython-strict/sysroot/usr/lib -L/app/target/cpython-strict/sysroot/lib -Wl,-rpath-link,/app/target/cpython-strict/sysroot/usr/lib -Wl,-rpath-link,/app/target/cpython-strict/sysroot/lib -Wl,--as-needed -Wl,-O1 -Wl,--sort-common -Wl,-z,stack-size=0x200000 -fno-semantic-interposition -flto -ffat-lto-objects -g -fprofile-generate -fprofile-update=atomic  Modules/_lsprof.o Modules/rotatingtree.o   -o Modules/_lsprof.cpython-314.so
/app/target/cpython-strict/cross/loongarch64-linux-musl-gcc  -fno-strict-overflow -Wsign-compare -DNDEBUG -g -O3 -Wall -Os -fstack-clash-protection -Wformat -Werror=format-security -fno-plt -march=loongarch64 -mabi=lp64d -mstrict-align   -Os -fstack-clash-protection -Wformat -Werror=format-security -fno-plt -march=loongarch64 -mabi=lp64d -mstrict-align -O2 -DTHREAD_STACK_SIZE=0x200000 -fno-semantic-interposition -flto -ffat-lto-objects -g -std=c11 -Wextra -Wno-unused-parameter -Wno-missing-field-initializers -Wstrict-prototypes -Werror=implicit-function-declaration -fvisibility=hidden -fprofile-generate -fprofile-update=atomic -I./Include/internal -I./Include/internal/mimalloc  -I. -I./Include -I/app/target/cpython-strict/sysroot/usr/include  -fPIC -fPIC -c ./Modules/_pickle.c -o Modules/_pickle.o
/app/target/cpython-strict/cross/loongarch64-linux-musl-gcc -shared -L/app/target/cpython-strict/sysroot/usr/lib -L/app/target/cpython-strict/sysroot/lib -Wl,-rpath-link,/app/target/cpython-strict/sysroot/usr/lib -Wl,-rpath-link,/app/target/cpython-strict/sysroot/lib -Wl,--as-needed -Wl,-O1 -Wl,--sort-common  -L/app/target/cpython-strict/sysroot/usr/lib -L/app/target/cpython-strict/sysroot/lib -Wl,-rpath-link,/app/target/cpython-strict/sysroot/usr/lib -Wl,-rpath-link,/app/target/cpython-strict/sysroot/lib -Wl,--as-needed -Wl,-O1 -Wl,--sort-common -Wl,-z,stack-size=0x200000 -fno-semantic-interposition -flto -ffat-lto-objects -g -fprofile-generate -fprofile-update=atomic  Modules/_pickle.o   -o Modules/_pickle.cpython-314.so
lto-wrapper: warning: using serial compilation of 4 LTRANS jobs
lto-wrapper: note: see the '-flto' option documentation for more information
/app/target/cpython-strict/cross/loongarch64-linux-musl-gcc  -fno-strict-overflow -Wsign-compare -DNDEBUG -g -O3 -Wall -Os -fstack-clash-protection -Wformat -Werror=format-security -fno-plt -march=loongarch64 -mabi=lp64d -mstrict-align   -Os -fstack-clash-protection -Wformat -Werror=format-security -fno-plt -march=loongarch64 -mabi=lp64d -mstrict-align -O2 -DTHREAD_STACK_SIZE=0x200000 -fno-semantic-interposition -flto -ffat-lto-objects -g -std=c11 -Wextra -Wno-unused-parameter -Wno-missing-field-initializers -Wstrict-prototypes -Werror=implicit-function-declaration -fvisibility=hidden -fprofile-generate -fprofile-update=atomic -I./Include/internal -I./Include/internal/mimalloc  -I. -I./Include -I/app/target/cpython-strict/sysroot/usr/include  -fPIC -fPIC -c ./Modules/_queuemodule.c -o Modules/_queuemodule.o
/app/target/cpython-strict/cross/loongarch64-linux-musl-gcc -shared -L/app/target/cpython-strict/sysroot/usr/lib -L/app/target/cpython-strict/sysroot/lib -Wl,-rpath-link,/app/target/cpython-strict/sysroot/usr/lib -Wl,-rpath-link,/app/target/cpython-strict/sysroot/lib -Wl,--as-needed -Wl,-O1 -Wl,--sort-common  -L/app/target/cpython-strict/sysroot/usr/lib -L/app/target/cpython-strict/sysroot/lib -Wl,-rpath-link,/app/target/cpython-strict/sysroot/usr/lib -Wl,-rpath-link,/app/target/cpython-strict/sysroot/lib -Wl,--as-needed -Wl,-O1 -Wl,--sort-common -Wl,-z,stack-size=0x200000 -fno-semantic-interposition -flto -ffat-lto-objects -g -fprofile-generate -fprofile-update=atomic  Modules/_queuemodule.o   -o Modules/_queue.cpython-314.so
/app/target/cpython-strict/cross/loongarch64-linux-musl-gcc  -fno-strict-overflow -Wsign-compare -DNDEBUG -g -O3 -Wall -Os -fstack-clash-protection -Wformat -Werror=format-security -fno-plt -march=loongarch64 -mabi=lp64d -mstrict-align   -Os -fstack-clash-protection -Wformat -Werror=format-security -fno-plt -march=loongarch64 -mabi=lp64d -mstrict-align -O2 -DTHREAD_STACK_SIZE=0x200000 -fno-semantic-interposition -flto -ffat-lto-objects -g -std=c11 -Wextra -Wno-unused-parameter -Wno-missing-field-initializers -Wstrict-prototypes -Werror=implicit-function-declaration -fvisibility=hidden -fprofile-generate -fprofile-update=atomic -I./Include/internal -I./Include/internal/mimalloc  -I. -I./Include -I/app/target/cpython-strict/sysroot/usr/include  -fPIC -fPIC -c ./Modules/_randommodule.c -o Modules/_randommodule.o
/app/target/cpython-strict/cross/loongarch64-linux-musl-gcc -shared -L/app/target/cpython-strict/sysroot/usr/lib -L/app/target/cpython-strict/sysroot/lib -Wl,-rpath-link,/app/target/cpython-strict/sysroot/usr/lib -Wl,-rpath-link,/app/target/cpython-strict/sysroot/lib -Wl,--as-needed -Wl,-O1 -Wl,--sort-common  -L/app/target/cpython-strict/sysroot/usr/lib -L/app/target/cpython-strict/sysroot/lib -Wl,-rpath-link,/app/target/cpython-strict/sysroot/usr/lib -Wl,-rpath-link,/app/target/cpython-strict/sysroot/lib -Wl,--as-needed -Wl,-O1 -Wl,--sort-common -Wl,-z,stack-size=0x200000 -fno-semantic-interposition -flto -ffat-lto-objects -g -fprofile-generate -fprofile-update=atomic  Modules/_randommodule.o   -o Modules/_random.cpython-314.so
/app/target/cpython-strict/cross/loongarch64-linux-musl-gcc  -fno-strict-overflow -Wsign-compare -DNDEBUG -g -O3 -Wall -Os -fstack-clash-protection -Wformat -Werror=format-security -fno-plt -march=loongarch64 -mabi=lp64d -mstrict-align   -Os -fstack-clash-protection -Wformat -Werror=format-security -fno-plt -march=loongarch64 -mabi=lp64d -mstrict-align -O2 -DTHREAD_STACK_SIZE=0x200000 -fno-semantic-interposition -flto -ffat-lto-objects -g -std=c11 -Wextra -Wno-unused-parameter -Wno-missing-field-initializers -Wstrict-prototypes -Werror=implicit-function-declaration -fvisibility=hidden -fprofile-generate -fprofile-update=atomic -I./Include/internal -I./Include/internal/mimalloc  -I. -I./Include -I/app/target/cpython-strict/sysroot/usr/include  -fPIC -fPIC -c ./Modules/_remote_debugging_module.c -o Modules/_remote_debugging_module.o
/app/target/cpython-strict/cross/loongarch64-linux-musl-gcc -shared -L/app/target/cpython-strict/sysroot/usr/lib -L/app/target/cpython-strict/sysroot/lib -Wl,-rpath-link,/app/target/cpython-strict/sysroot/usr/lib -Wl,-rpath-link,/app/target/cpython-strict/sysroot/lib -Wl,--as-needed -Wl,-O1 -Wl,--sort-common  -L/app/target/cpython-strict/sysroot/usr/lib -L/app/target/cpython-strict/sysroot/lib -Wl,-rpath-link,/app/target/cpython-strict/sysroot/usr/lib -Wl,-rpath-link,/app/target/cpython-strict/sysroot/lib -Wl,--as-needed -Wl,-O1 -Wl,--sort-common -Wl,-z,stack-size=0x200000 -fno-semantic-interposition -flto -ffat-lto-objects -g -fprofile-generate -fprofile-update=atomic  Modules/_remote_debugging_module.o   -o Modules/_remote_debugging.cpython-314.so
lto-wrapper: warning: using serial compilation of 2 LTRANS jobs
lto-wrapper: note: see the '-flto' option documentation for more information
/app/target/cpython-strict/cross/loongarch64-linux-musl-gcc  -fno-strict-overflow -Wsign-compare -DNDEBUG -g -O3 -Wall -Os -fstack-clash-protection -Wformat -Werror=format-security -fno-plt -march=loongarch64 -mabi=lp64d -mstrict-align   -Os -fstack-clash-protection -Wformat -Werror=format-security -fno-plt -march=loongarch64 -mabi=lp64d -mstrict-align -O2 -DTHREAD_STACK_SIZE=0x200000 -fno-semantic-interposition -flto -ffat-lto-objects -g -std=c11 -Wextra -Wno-unused-parameter -Wno-missing-field-initializers -Wstrict-prototypes -Werror=implicit-function-declaration -fvisibility=hidden -fprofile-generate -fprofile-update=atomic -I./Include/internal -I./Include/internal/mimalloc  -I. -I./Include -I/app/target/cpython-strict/sysroot/usr/include  -fPIC -fPIC -c ./Modules/_struct.c -o Modules/_struct.o
/app/target/cpython-strict/cross/loongarch64-linux-musl-gcc -shared -L/app/target/cpython-strict/sysroot/usr/lib -L/app/target/cpython-strict/sysroot/lib -Wl,-rpath-link,/app/target/cpython-strict/sysroot/usr/lib -Wl,-rpath-link,/app/target/cpython-strict/sysroot/lib -Wl,--as-needed -Wl,-O1 -Wl,--sort-common  -L/app/target/cpython-strict/sysroot/usr/lib -L/app/target/cpython-strict/sysroot/lib -Wl,-rpath-link,/app/target/cpython-strict/sysroot/usr/lib -Wl,-rpath-link,/app/target/cpython-strict/sysroot/lib -Wl,--as-needed -Wl,-O1 -Wl,--sort-common -Wl,-z,stack-size=0x200000 -fno-semantic-interposition -flto -ffat-lto-objects -g -fprofile-generate -fprofile-update=atomic  Modules/_struct.o   -o Modules/_struct.cpython-314.so
/app/target/cpython-strict/cross/loongarch64-linux-musl-gcc  -fno-strict-overflow -Wsign-compare -DNDEBUG -g -O3 -Wall -Os -fstack-clash-protection -Wformat -Werror=format-security -fno-plt -march=loongarch64 -mabi=lp64d -mstrict-align   -Os -fstack-clash-protection -Wformat -Werror=format-security -fno-plt -march=loongarch64 -mabi=lp64d -mstrict-align -O2 -DTHREAD_STACK_SIZE=0x200000 -fno-semantic-interposition -flto -ffat-lto-objects -g -std=c11 -Wextra -Wno-unused-parameter -Wno-missing-field-initializers -Wstrict-prototypes -Werror=implicit-function-declaration -fvisibility=hidden -fprofile-generate -fprofile-update=atomic -I./Include/internal -I./Include/internal/mimalloc  -I. -I./Include -I/app/target/cpython-strict/sysroot/usr/include  -fPIC -fPIC -c ./Modules/_interpretersmodule.c -o Modules/_interpretersmodule.o
/app/target/cpython-strict/cross/loongarch64-linux-musl-gcc -shared -L/app/target/cpython-strict/sysroot/usr/lib -L/app/target/cpython-strict/sysroot/lib -Wl,-rpath-link,/app/target/cpython-strict/sysroot/usr/lib -Wl,-rpath-link,/app/target/cpython-strict/sysroot/lib -Wl,--as-needed -Wl,-O1 -Wl,--sort-common  -L/app/target/cpython-strict/sysroot/usr/lib -L/app/target/cpython-strict/sysroot/lib -Wl,-rpath-link,/app/target/cpython-strict/sysroot/usr/lib -Wl,-rpath-link,/app/target/cpython-strict/sysroot/lib -Wl,--as-needed -Wl,-O1 -Wl,--sort-common -Wl,-z,stack-size=0x200000 -fno-semantic-interposition -flto -ffat-lto-objects -g -fprofile-generate -fprofile-update=atomic  Modules/_interpretersmodule.o   -o Modules/_interpreters.cpython-314.so
/app/target/cpython-strict/cross/loongarch64-linux-musl-gcc  -fno-strict-overflow -Wsign-compare -DNDEBUG -g -O3 -Wall -Os -fstack-clash-protection -Wformat -Werror=format-security -fno-plt -march=loongarch64 -mabi=lp64d -mstrict-align   -Os -fstack-clash-protection -Wformat -Werror=format-security -fno-plt -march=loongarch64 -mabi=lp64d -mstrict-align -O2 -DTHREAD_STACK_SIZE=0x200000 -fno-semantic-interposition -flto -ffat-lto-objects -g -std=c11 -Wextra -Wno-unused-parameter -Wno-missing-field-initializers -Wstrict-prototypes -Werror=implicit-function-declaration -fvisibility=hidden -fprofile-generate -fprofile-update=atomic -I./Include/internal -I./Include/internal/mimalloc  -I. -I./Include -I/app/target/cpython-strict/sysroot/usr/include  -fPIC -fPIC -c ./Modules/_interpchannelsmodule.c -o Modules/_interpchannelsmodule.o
/app/target/cpython-strict/cross/loongarch64-linux-musl-gcc -shared -L/app/target/cpython-strict/sysroot/usr/lib -L/app/target/cpython-strict/sysroot/lib -Wl,-rpath-link,/app/target/cpython-strict/sysroot/usr/lib -Wl,-rpath-link,/app/target/cpython-strict/sysroot/lib -Wl,--as-needed -Wl,-O1 -Wl,--sort-common  -L/app/target/cpython-strict/sysroot/usr/lib -L/app/target/cpython-strict/sysroot/lib -Wl,-rpath-link,/app/target/cpython-strict/sysroot/usr/lib -Wl,-rpath-link,/app/target/cpython-strict/sysroot/lib -Wl,--as-needed -Wl,-O1 -Wl,--sort-common -Wl,-z,stack-size=0x200000 -fno-semantic-interposition -flto -ffat-lto-objects -g -fprofile-generate -fprofile-update=atomic  Modules/_interpchannelsmodule.o   -o Modules/_interpchannels.cpython-314.so
/app/target/cpython-strict/cross/loongarch64-linux-musl-gcc  -fno-strict-overflow -Wsign-compare -DNDEBUG -g -O3 -Wall -Os -fstack-clash-protection -Wformat -Werror=format-security -fno-plt -march=loongarch64 -mabi=lp64d -mstrict-align   -Os -fstack-clash-protection -Wformat -Werror=format-security -fno-plt -march=loongarch64 -mabi=lp64d -mstrict-align -O2 -DTHREAD_STACK_SIZE=0x200000 -fno-semantic-interposition -flto -ffat-lto-objects -g -std=c11 -Wextra -Wno-unused-parameter -Wno-missing-field-initializers -Wstrict-prototypes -Werror=implicit-function-declaration -fvisibility=hidden -fprofile-generate -fprofile-update=atomic -I./Include/internal -I./Include/internal/mimalloc  -I. -I./Include -I/app/target/cpython-strict/sysroot/usr/include  -fPIC -fPIC -c ./Modules/_interpqueuesmodule.c -o Modules/_interpqueuesmodule.o
/app/target/cpython-strict/cross/loongarch64-linux-musl-gcc -shared -L/app/target/cpython-strict/sysroot/usr/lib -L/app/target/cpython-strict/sysroot/lib -Wl,-rpath-link,/app/target/cpython-strict/sysroot/usr/lib -Wl,-rpath-link,/app/target/cpython-strict/sysroot/lib -Wl,--as-needed -Wl,-O1 -Wl,--sort-common  -L/app/target/cpython-strict/sysroot/usr/lib -L/app/target/cpython-strict/sysroot/lib -Wl,-rpath-link,/app/target/cpython-strict/sysroot/usr/lib -Wl,-rpath-link,/app/target/cpython-strict/sysroot/lib -Wl,--as-needed -Wl,-O1 -Wl,--sort-common -Wl,-z,stack-size=0x200000 -fno-semantic-interposition -flto -ffat-lto-objects -g -fprofile-generate -fprofile-update=atomic  Modules/_interpqueuesmodule.o   -o Modules/_interpqueues.cpython-314.so
/app/target/cpython-strict/cross/loongarch64-linux-musl-gcc  -fno-strict-overflow -Wsign-compare -DNDEBUG -g -O3 -Wall -Os -fstack-clash-protection -Wformat -Werror=format-security -fno-plt -march=loongarch64 -mabi=lp64d -mstrict-align   -Os -fstack-clash-protection -Wformat -Werror=format-security -fno-plt -march=loongarch64 -mabi=lp64d -mstrict-align -O2 -DTHREAD_STACK_SIZE=0x200000 -fno-semantic-interposition -flto -ffat-lto-objects -g -std=c11 -Wextra -Wno-unused-parameter -Wno-missing-field-initializers -Wstrict-prototypes -Werror=implicit-function-declaration -fvisibility=hidden -fprofile-generate -fprofile-update=atomic -I./Include/internal -I./Include/internal/mimalloc  -I. -I./Include -I/app/target/cpython-strict/sysroot/usr/include  -fPIC -fPIC -c ./Modules/_zoneinfo.c -o Modules/_zoneinfo.o
/app/target/cpython-strict/cross/loongarch64-linux-musl-gcc -shared -L/app/target/cpython-strict/sysroot/usr/lib -L/app/target/cpython-strict/sysroot/lib -Wl,-rpath-link,/app/target/cpython-strict/sysroot/usr/lib -Wl,-rpath-link,/app/target/cpython-strict/sysroot/lib -Wl,--as-needed -Wl,-O1 -Wl,--sort-common  -L/app/target/cpython-strict/sysroot/usr/lib -L/app/target/cpython-strict/sysroot/lib -Wl,-rpath-link,/app/target/cpython-strict/sysroot/usr/lib -Wl,-rpath-link,/app/target/cpython-strict/sysroot/lib -Wl,--as-needed -Wl,-O1 -Wl,--sort-common -Wl,-z,stack-size=0x200000 -fno-semantic-interposition -flto -ffat-lto-objects -g -fprofile-generate -fprofile-update=atomic  Modules/_zoneinfo.o   -o Modules/_zoneinfo.cpython-314.so
/app/target/cpython-strict/cross/loongarch64-linux-musl-gcc  -fno-strict-overflow -Wsign-compare -DNDEBUG -g -O3 -Wall -Os -fstack-clash-protection -Wformat -Werror=format-security -fno-plt -march=loongarch64 -mabi=lp64d -mstrict-align   -Os -fstack-clash-protection -Wformat -Werror=format-security -fno-plt -march=loongarch64 -mabi=lp64d -mstrict-align -O2 -DTHREAD_STACK_SIZE=0x200000 -fno-semantic-interposition -flto -ffat-lto-objects -g -std=c11 -Wextra -Wno-unused-parameter -Wno-missing-field-initializers -Wstrict-prototypes -Werror=implicit-function-declaration -fvisibility=hidden -fprofile-generate -fprofile-update=atomic -I./Include/internal -I./Include/internal/mimalloc  -I. -I./Include -I/app/target/cpython-strict/sysroot/usr/include  -fPIC -fPIC -c ./Modules/mathmodule.c -o Modules/mathmodule.o
/app/target/cpython-strict/cross/loongarch64-linux-musl-gcc -shared -L/app/target/cpython-strict/sysroot/usr/lib -L/app/target/cpython-strict/sysroot/lib -Wl,-rpath-link,/app/target/cpython-strict/sysroot/usr/lib -Wl,-rpath-link,/app/target/cpython-strict/sysroot/lib -Wl,--as-needed -Wl,-O1 -Wl,--sort-common  -L/app/target/cpython-strict/sysroot/usr/lib -L/app/target/cpython-strict/sysroot/lib -Wl,-rpath-link,/app/target/cpython-strict/sysroot/usr/lib -Wl,-rpath-link,/app/target/cpython-strict/sysroot/lib -Wl,--as-needed -Wl,-O1 -Wl,--sort-common -Wl,-z,stack-size=0x200000 -fno-semantic-interposition -flto -ffat-lto-objects -g -fprofile-generate -fprofile-update=atomic  Modules/mathmodule.o -lm  -o Modules/math.cpython-314.so
lto-wrapper: warning: using serial compilation of 2 LTRANS jobs
lto-wrapper: note: see the '-flto' option documentation for more information
/app/target/cpython-strict/cross/loongarch64-linux-musl-gcc  -fno-strict-overflow -Wsign-compare -DNDEBUG -g -O3 -Wall -Os -fstack-clash-protection -Wformat -Werror=format-security -fno-plt -march=loongarch64 -mabi=lp64d -mstrict-align   -Os -fstack-clash-protection -Wformat -Werror=format-security -fno-plt -march=loongarch64 -mabi=lp64d -mstrict-align -O2 -DTHREAD_STACK_SIZE=0x200000 -fno-semantic-interposition -flto -ffat-lto-objects -g -std=c11 -Wextra -Wno-unused-parameter -Wno-missing-field-initializers -Wstrict-prototypes -Werror=implicit-function-declaration -fvisibility=hidden -fprofile-generate -fprofile-update=atomic -I./Include/internal -I./Include/internal/mimalloc  -I. -I./Include -I/app/target/cpython-strict/sysroot/usr/include  -fPIC -fPIC -c ./Modules/cmathmodule.c -o Modules/cmathmodule.o
/app/target/cpython-strict/cross/loongarch64-linux-musl-gcc -shared -L/app/target/cpython-strict/sysroot/usr/lib -L/app/target/cpython-strict/sysroot/lib -Wl,-rpath-link,/app/target/cpython-strict/sysroot/usr/lib -Wl,-rpath-link,/app/target/cpython-strict/sysroot/lib -Wl,--as-needed -Wl,-O1 -Wl,--sort-common  -L/app/target/cpython-strict/sysroot/usr/lib -L/app/target/cpython-strict/sysroot/lib -Wl,-rpath-link,/app/target/cpython-strict/sysroot/usr/lib -Wl,-rpath-link,/app/target/cpython-strict/sysroot/lib -Wl,--as-needed -Wl,-O1 -Wl,--sort-common -Wl,-z,stack-size=0x200000 -fno-semantic-interposition -flto -ffat-lto-objects -g -fprofile-generate -fprofile-update=atomic  Modules/cmathmodule.o -lm  -o Modules/cmath.cpython-314.so
/app/target/cpython-strict/cross/loongarch64-linux-musl-gcc  -fno-strict-overflow -Wsign-compare -DNDEBUG -g -O3 -Wall -Os -fstack-clash-protection -Wformat -Werror=format-security -fno-plt -march=loongarch64 -mabi=lp64d -mstrict-align   -Os -fstack-clash-protection -Wformat -Werror=format-security -fno-plt -march=loongarch64 -mabi=lp64d -mstrict-align -O2 -DTHREAD_STACK_SIZE=0x200000 -fno-semantic-interposition -flto -ffat-lto-objects -g -std=c11 -Wextra -Wno-unused-parameter -Wno-missing-field-initializers -Wstrict-prototypes -Werror=implicit-function-declaration -fvisibility=hidden -fprofile-generate -fprofile-update=atomic -I./Include/internal -I./Include/internal/mimalloc  -I. -I./Include -I/app/target/cpython-strict/sysroot/usr/include  -fPIC -fPIC -c ./Modules/_statisticsmodule.c -o Modules/_statisticsmodule.o
/app/target/cpython-strict/cross/loongarch64-linux-musl-gcc -shared -L/app/target/cpython-strict/sysroot/usr/lib -L/app/target/cpython-strict/sysroot/lib -Wl,-rpath-link,/app/target/cpython-strict/sysroot/usr/lib -Wl,-rpath-link,/app/target/cpython-strict/sysroot/lib -Wl,--as-needed -Wl,-O1 -Wl,--sort-common  -L/app/target/cpython-strict/sysroot/usr/lib -L/app/target/cpython-strict/sysroot/lib -Wl,-rpath-link,/app/target/cpython-strict/sysroot/usr/lib -Wl,-rpath-link,/app/target/cpython-strict/sysroot/lib -Wl,--as-needed -Wl,-O1 -Wl,--sort-common -Wl,-z,stack-size=0x200000 -fno-semantic-interposition -flto -ffat-lto-objects -g -fprofile-generate -fprofile-update=atomic  Modules/_statisticsmodule.o -lm  -o Modules/_statistics.cpython-314.so
/app/target/cpython-strict/cross/loongarch64-linux-musl-gcc -I/app/target/cpython-strict/sysroot/usr/include  -fno-strict-overflow -Wsign-compare -DNDEBUG -g -O3 -Wall -Os -fstack-clash-protection -Wformat -Werror=format-security -fno-plt -march=loongarch64 -mabi=lp64d -mstrict-align   -Os -fstack-clash-protection -Wformat -Werror=format-security -fno-plt -march=loongarch64 -mabi=lp64d -mstrict-align -O2 -DTHREAD_STACK_SIZE=0x200000 -fno-semantic-interposition -flto -ffat-lto-objects -g -std=c11 -Wextra -Wno-unused-parameter -Wno-missing-field-initializers -Wstrict-prototypes -Werror=implicit-function-declaration -fvisibility=hidden -fprofile-generate -fprofile-update=atomic -I./Include/internal -I./Include/internal/mimalloc  -I. -I./Include -I/app/target/cpython-strict/sysroot/usr/include  -fPIC -fPIC -c ./Modules/_decimal/_decimal.c -o Modules/_decimal/_decimal.o
/app/target/cpython-strict/cross/loongarch64-linux-musl-gcc -shared -L/app/target/cpython-strict/sysroot/usr/lib -L/app/target/cpython-strict/sysroot/lib -Wl,-rpath-link,/app/target/cpython-strict/sysroot/usr/lib -Wl,-rpath-link,/app/target/cpython-strict/sysroot/lib -Wl,--as-needed -Wl,-O1 -Wl,--sort-common  -L/app/target/cpython-strict/sysroot/usr/lib -L/app/target/cpython-strict/sysroot/lib -Wl,-rpath-link,/app/target/cpython-strict/sysroot/usr/lib -Wl,-rpath-link,/app/target/cpython-strict/sysroot/lib -Wl,--as-needed -Wl,-O1 -Wl,--sort-common -Wl,-z,stack-size=0x200000 -fno-semantic-interposition -flto -ffat-lto-objects -g -fprofile-generate -fprofile-update=atomic  Modules/_decimal/_decimal.o -L/app/target/cpython-strict/sysroot/usr/lib -lmpdec -lm   -o Modules/_decimal.cpython-314.so
lto-wrapper: warning: using serial compilation of 5 LTRANS jobs
lto-wrapper: note: see the '-flto' option documentation for more information
/app/target/cpython-strict/cross/loongarch64-linux-musl-gcc -DUSE_ZLIB_CRC32 -I/app/target/cpython-strict/sysroot/usr/include  -fno-strict-overflow -Wsign-compare -DNDEBUG -g -O3 -Wall -Os -fstack-clash-protection -Wformat -Werror=format-security -fno-plt -march=loongarch64 -mabi=lp64d -mstrict-align   -Os -fstack-clash-protection -Wformat -Werror=format-security -fno-plt -march=loongarch64 -mabi=lp64d -mstrict-align -O2 -DTHREAD_STACK_SIZE=0x200000 -fno-semantic-interposition -flto -ffat-lto-objects -g -std=c11 -Wextra -Wno-unused-parameter -Wno-missing-field-initializers -Wstrict-prototypes -Werror=implicit-function-declaration -fvisibility=hidden -fprofile-generate -fprofile-update=atomic -I./Include/internal -I./Include/internal/mimalloc  -I. -I./Include -I/app/target/cpython-strict/sysroot/usr/include  -fPIC -fPIC -c ./Modules/binascii.c -o Modules/binascii.o
/app/target/cpython-strict/cross/loongarch64-linux-musl-gcc -shared -L/app/target/cpython-strict/sysroot/usr/lib -L/app/target/cpython-strict/sysroot/lib -Wl,-rpath-link,/app/target/cpython-strict/sysroot/usr/lib -Wl,-rpath-link,/app/target/cpython-strict/sysroot/lib -Wl,--as-needed -Wl,-O1 -Wl,--sort-common  -L/app/target/cpython-strict/sysroot/usr/lib -L/app/target/cpython-strict/sysroot/lib -Wl,-rpath-link,/app/target/cpython-strict/sysroot/usr/lib -Wl,-rpath-link,/app/target/cpython-strict/sysroot/lib -Wl,--as-needed -Wl,-O1 -Wl,--sort-common -Wl,-z,stack-size=0x200000 -fno-semantic-interposition -flto -ffat-lto-objects -g -fprofile-generate -fprofile-update=atomic  Modules/binascii.o -L/app/target/cpython-strict/sysroot/usr/lib -lz   -o Modules/binascii.cpython-314.so
/app/target/cpython-strict/cross/loongarch64-linux-musl-gcc  -fno-strict-overflow -Wsign-compare -DNDEBUG -g -O3 -Wall -Os -fstack-clash-protection -Wformat -Werror=format-security -fno-plt -march=loongarch64 -mabi=lp64d -mstrict-align   -Os -fstack-clash-protection -Wformat -Werror=format-security -fno-plt -march=loongarch64 -mabi=lp64d -mstrict-align -O2 -DTHREAD_STACK_SIZE=0x200000 -fno-semantic-interposition -flto -ffat-lto-objects -g -std=c11 -Wextra -Wno-unused-parameter -Wno-missing-field-initializers -Wstrict-prototypes -Werror=implicit-function-declaration -fvisibility=hidden -fprofile-generate -fprofile-update=atomic -I./Include/internal -I./Include/internal/mimalloc  -I. -I./Include -I/app/target/cpython-strict/sysroot/usr/include  -fPIC -fPIC -c ./Modules/_bz2module.c -o Modules/_bz2module.o
/app/target/cpython-strict/cross/loongarch64-linux-musl-gcc -shared -L/app/target/cpython-strict/sysroot/usr/lib -L/app/target/cpython-strict/sysroot/lib -Wl,-rpath-link,/app/target/cpython-strict/sysroot/usr/lib -Wl,-rpath-link,/app/target/cpython-strict/sysroot/lib -Wl,--as-needed -Wl,-O1 -Wl,--sort-common  -L/app/target/cpython-strict/sysroot/usr/lib -L/app/target/cpython-strict/sysroot/lib -Wl,-rpath-link,/app/target/cpython-strict/sysroot/usr/lib -Wl,-rpath-link,/app/target/cpython-strict/sysroot/lib -Wl,--as-needed -Wl,-O1 -Wl,--sort-common -Wl,-z,stack-size=0x200000 -fno-semantic-interposition -flto -ffat-lto-objects -g -fprofile-generate -fprofile-update=atomic  Modules/_bz2module.o -lbz2  -o Modules/_bz2.cpython-314.so
/app/target/cpython-strict/cross/loongarch64-linux-musl-gcc -I/app/target/cpython-strict/sysroot/usr/include  -fno-strict-overflow -Wsign-compare -DNDEBUG -g -O3 -Wall -Os -fstack-clash-protection -Wformat -Werror=format-security -fno-plt -march=loongarch64 -mabi=lp64d -mstrict-align   -Os -fstack-clash-protection -Wformat -Werror=format-security -fno-plt -march=loongarch64 -mabi=lp64d -mstrict-align -O2 -DTHREAD_STACK_SIZE=0x200000 -fno-semantic-interposition -flto -ffat-lto-objects -g -std=c11 -Wextra -Wno-unused-parameter -Wno-missing-field-initializers -Wstrict-prototypes -Werror=implicit-function-declaration -fvisibility=hidden -fprofile-generate -fprofile-update=atomic -I./Include/internal -I./Include/internal/mimalloc  -I. -I./Include -I/app/target/cpython-strict/sysroot/usr/include  -fPIC -fPIC -c ./Modules/_lzmamodule.c -o Modules/_lzmamodule.o
/app/target/cpython-strict/cross/loongarch64-linux-musl-gcc -shared -L/app/target/cpython-strict/sysroot/usr/lib -L/app/target/cpython-strict/sysroot/lib -Wl,-rpath-link,/app/target/cpython-strict/sysroot/usr/lib -Wl,-rpath-link,/app/target/cpython-strict/sysroot/lib -Wl,--as-needed -Wl,-O1 -Wl,--sort-common  -L/app/target/cpython-strict/sysroot/usr/lib -L/app/target/cpython-strict/sysroot/lib -Wl,-rpath-link,/app/target/cpython-strict/sysroot/usr/lib -Wl,-rpath-link,/app/target/cpython-strict/sysroot/lib -Wl,--as-needed -Wl,-O1 -Wl,--sort-common -Wl,-z,stack-size=0x200000 -fno-semantic-interposition -flto -ffat-lto-objects -g -fprofile-generate -fprofile-update=atomic  Modules/_lzmamodule.o -L/app/target/cpython-strict/sysroot/usr/lib -llzma   -o Modules/_lzma.cpython-314.so
/app/target/cpython-strict/cross/loongarch64-linux-musl-gcc -I/app/target/cpython-strict/sysroot/usr/include  -fno-strict-overflow -Wsign-compare -DNDEBUG -g -O3 -Wall -Os -fstack-clash-protection -Wformat -Werror=format-security -fno-plt -march=loongarch64 -mabi=lp64d -mstrict-align   -Os -fstack-clash-protection -Wformat -Werror=format-security -fno-plt -march=loongarch64 -mabi=lp64d -mstrict-align -O2 -DTHREAD_STACK_SIZE=0x200000 -fno-semantic-interposition -flto -ffat-lto-objects -g -std=c11 -Wextra -Wno-unused-parameter -Wno-missing-field-initializers -Wstrict-prototypes -Werror=implicit-function-declaration -fvisibility=hidden -fprofile-generate -fprofile-update=atomic -I./Include/internal -I./Include/internal/mimalloc  -I. -I./Include -I/app/target/cpython-strict/sysroot/usr/include  -fPIC -fPIC -c ./Modules/zlibmodule.c -o Modules/zlibmodule.o
/app/target/cpython-strict/cross/loongarch64-linux-musl-gcc -shared -L/app/target/cpython-strict/sysroot/usr/lib -L/app/target/cpython-strict/sysroot/lib -Wl,-rpath-link,/app/target/cpython-strict/sysroot/usr/lib -Wl,-rpath-link,/app/target/cpython-strict/sysroot/lib -Wl,--as-needed -Wl,-O1 -Wl,--sort-common  -L/app/target/cpython-strict/sysroot/usr/lib -L/app/target/cpython-strict/sysroot/lib -Wl,-rpath-link,/app/target/cpython-strict/sysroot/usr/lib -Wl,-rpath-link,/app/target/cpython-strict/sysroot/lib -Wl,--as-needed -Wl,-O1 -Wl,--sort-common -Wl,-z,stack-size=0x200000 -fno-semantic-interposition -flto -ffat-lto-objects -g -fprofile-generate -fprofile-update=atomic  Modules/zlibmodule.o -L/app/target/cpython-strict/sysroot/usr/lib -lz   -o Modules/zlib.cpython-314.so
/app/target/cpython-strict/cross/loongarch64-linux-musl-gcc -I/app/target/cpython-strict/sysroot/usr/include -D_BSD_SOURCE -DNCURSES_WIDECHAR -fno-strict-overflow -Wsign-compare -DNDEBUG -g -O3 -Wall -Os -fstack-clash-protection -Wformat -Werror=format-security -fno-plt -march=loongarch64 -mabi=lp64d -mstrict-align   -Os -fstack-clash-protection -Wformat -Werror=format-security -fno-plt -march=loongarch64 -mabi=lp64d -mstrict-align -O2 -DTHREAD_STACK_SIZE=0x200000 -fno-semantic-interposition -flto -ffat-lto-objects -g -std=c11 -Wextra -Wno-unused-parameter -Wno-missing-field-initializers -Wstrict-prototypes -Werror=implicit-function-declaration -fvisibility=hidden -fprofile-generate -fprofile-update=atomic -I./Include/internal -I./Include/internal/mimalloc  -I. -I./Include -I/app/target/cpython-strict/sysroot/usr/include  -fPIC -fPIC -c ./Modules/readline.c -o Modules/readline.o
/app/target/cpython-strict/cross/loongarch64-linux-musl-gcc -shared -L/app/target/cpython-strict/sysroot/usr/lib -L/app/target/cpython-strict/sysroot/lib -Wl,-rpath-link,/app/target/cpython-strict/sysroot/usr/lib -Wl,-rpath-link,/app/target/cpython-strict/sysroot/lib -Wl,--as-needed -Wl,-O1 -Wl,--sort-common  -L/app/target/cpython-strict/sysroot/usr/lib -L/app/target/cpython-strict/sysroot/lib -Wl,-rpath-link,/app/target/cpython-strict/sysroot/usr/lib -Wl,-rpath-link,/app/target/cpython-strict/sysroot/lib -Wl,--as-needed -Wl,-O1 -Wl,--sort-common -Wl,-z,stack-size=0x200000 -fno-semantic-interposition -flto -ffat-lto-objects -g -fprofile-generate -fprofile-update=atomic  Modules/readline.o -L/app/target/cpython-strict/sysroot/usr/lib -lreadline   -o Modules/readline.cpython-314.so
/app/target/cpython-strict/cross/loongarch64-linux-musl-gcc -c -I./Modules/_hacl -I./Modules/_hacl/include -D_BSD_SOURCE -D_DEFAULT_SOURCE -fno-strict-overflow -Wsign-compare -DNDEBUG -g -O3 -Wall -Os -fstack-clash-protection -Wformat -Werror=format-security -fno-plt -march=loongarch64 -mabi=lp64d -mstrict-align   -Os -fstack-clash-protection -Wformat -Werror=format-security -fno-plt -march=loongarch64 -mabi=lp64d -mstrict-align -O2 -DTHREAD_STACK_SIZE=0x200000 -fno-semantic-interposition -flto -ffat-lto-objects -g -std=c11 -Wextra -Wno-unused-parameter -Wno-missing-field-initializers -Wstrict-prototypes -Werror=implicit-function-declaration -fvisibility=hidden -fprofile-generate -fprofile-update=atomic -I./Include/internal -I./Include/internal/mimalloc  -I. -I./Include -I/app/target/cpython-strict/sysroot/usr/include  -fPIC -fPIC -o Modules/_hacl/Hacl_Hash_MD5.o ./Modules/_hacl/Hacl_Hash_MD5.c
/app/target/cpython-strict/cross/loongarch64-linux-musl-gcc -I./Modules/_hacl -I./Modules/_hacl/include -D_BSD_SOURCE -D_DEFAULT_SOURCE -fno-strict-overflow -Wsign-compare -DNDEBUG -g -O3 -Wall -Os -fstack-clash-protection -Wformat -Werror=format-security -fno-plt -march=loongarch64 -mabi=lp64d -mstrict-align   -Os -fstack-clash-protection -Wformat -Werror=format-security -fno-plt -march=loongarch64 -mabi=lp64d -mstrict-align -O2 -DTHREAD_STACK_SIZE=0x200000 -fno-semantic-interposition -flto -ffat-lto-objects -g -std=c11 -Wextra -Wno-unused-parameter -Wno-missing-field-initializers -Wstrict-prototypes -Werror=implicit-function-declaration -fvisibility=hidden -fprofile-generate -fprofile-update=atomic -I./Include/internal -I./Include/internal/mimalloc  -I. -I./Include -I/app/target/cpython-strict/sysroot/usr/include  -fPIC -fPIC -fno-strict-overflow -Wsign-compare -DNDEBUG -g -O3 -Wall -Os -fstack-clash-protection -Wformat -Werror=format-security -fno-plt -march=loongarch64 -mabi=lp64d -mstrict-align   -Os -fstack-clash-protection -Wformat -Werror=format-security -fno-plt -march=loongarch64 -mabi=lp64d -mstrict-align -O2 -DTHREAD_STACK_SIZE=0x200000 -fno-semantic-interposition -flto -ffat-lto-objects -g -std=c11 -Wextra -Wno-unused-parameter -Wno-missing-field-initializers -Wstrict-prototypes -Werror=implicit-function-declaration -fvisibility=hidden -fprofile-generate -fprofile-update=atomic -I./Include/internal -I./Include/internal/mimalloc  -I. -I./Include -I/app/target/cpython-strict/sysroot/usr/include  -fPIC -fPIC -c ./Modules/md5module.c -o Modules/md5module.o
/app/target/cpython-strict/cross/loongarch64-linux-musl-gcc -shared -L/app/target/cpython-strict/sysroot/usr/lib -L/app/target/cpython-strict/sysroot/lib -Wl,-rpath-link,/app/target/cpython-strict/sysroot/usr/lib -Wl,-rpath-link,/app/target/cpython-strict/sysroot/lib -Wl,--as-needed -Wl,-O1 -Wl,--sort-common  -L/app/target/cpython-strict/sysroot/usr/lib -L/app/target/cpython-strict/sysroot/lib -Wl,-rpath-link,/app/target/cpython-strict/sysroot/usr/lib -Wl,-rpath-link,/app/target/cpython-strict/sysroot/lib -Wl,--as-needed -Wl,-O1 -Wl,--sort-common -Wl,-z,stack-size=0x200000 -fno-semantic-interposition -flto -ffat-lto-objects -g -fprofile-generate -fprofile-update=atomic  Modules/md5module.o Modules/_hacl/Hacl_Hash_MD5.o  -o Modules/_md5.cpython-314.so
/app/target/cpython-strict/cross/loongarch64-linux-musl-gcc -c -I./Modules/_hacl -I./Modules/_hacl/include -D_BSD_SOURCE -D_DEFAULT_SOURCE -fno-strict-overflow -Wsign-compare -DNDEBUG -g -O3 -Wall -Os -fstack-clash-protection -Wformat -Werror=format-security -fno-plt -march=loongarch64 -mabi=lp64d -mstrict-align   -Os -fstack-clash-protection -Wformat -Werror=format-security -fno-plt -march=loongarch64 -mabi=lp64d -mstrict-align -O2 -DTHREAD_STACK_SIZE=0x200000 -fno-semantic-interposition -flto -ffat-lto-objects -g -std=c11 -Wextra -Wno-unused-parameter -Wno-missing-field-initializers -Wstrict-prototypes -Werror=implicit-function-declaration -fvisibility=hidden -fprofile-generate -fprofile-update=atomic -I./Include/internal -I./Include/internal/mimalloc  -I. -I./Include -I/app/target/cpython-strict/sysroot/usr/include  -fPIC -fPIC -o Modules/_hacl/Hacl_Hash_SHA1.o ./Modules/_hacl/Hacl_Hash_SHA1.c
/app/target/cpython-strict/cross/loongarch64-linux-musl-gcc -I./Modules/_hacl -I./Modules/_hacl/include -D_BSD_SOURCE -D_DEFAULT_SOURCE -fno-strict-overflow -Wsign-compare -DNDEBUG -g -O3 -Wall -Os -fstack-clash-protection -Wformat -Werror=format-security -fno-plt -march=loongarch64 -mabi=lp64d -mstrict-align   -Os -fstack-clash-protection -Wformat -Werror=format-security -fno-plt -march=loongarch64 -mabi=lp64d -mstrict-align -O2 -DTHREAD_STACK_SIZE=0x200000 -fno-semantic-interposition -flto -ffat-lto-objects -g -std=c11 -Wextra -Wno-unused-parameter -Wno-missing-field-initializers -Wstrict-prototypes -Werror=implicit-function-declaration -fvisibility=hidden -fprofile-generate -fprofile-update=atomic -I./Include/internal -I./Include/internal/mimalloc  -I. -I./Include -I/app/target/cpython-strict/sysroot/usr/include  -fPIC -fPIC -fno-strict-overflow -Wsign-compare -DNDEBUG -g -O3 -Wall -Os -fstack-clash-protection -Wformat -Werror=format-security -fno-plt -march=loongarch64 -mabi=lp64d -mstrict-align   -Os -fstack-clash-protection -Wformat -Werror=format-security -fno-plt -march=loongarch64 -mabi=lp64d -mstrict-align -O2 -DTHREAD_STACK_SIZE=0x200000 -fno-semantic-interposition -flto -ffat-lto-objects -g -std=c11 -Wextra -Wno-unused-parameter -Wno-missing-field-initializers -Wstrict-prototypes -Werror=implicit-function-declaration -fvisibility=hidden -fprofile-generate -fprofile-update=atomic -I./Include/internal -I./Include/internal/mimalloc  -I. -I./Include -I/app/target/cpython-strict/sysroot/usr/include  -fPIC -fPIC -c ./Modules/sha1module.c -o Modules/sha1module.o
/app/target/cpython-strict/cross/loongarch64-linux-musl-gcc -shared -L/app/target/cpython-strict/sysroot/usr/lib -L/app/target/cpython-strict/sysroot/lib -Wl,-rpath-link,/app/target/cpython-strict/sysroot/usr/lib -Wl,-rpath-link,/app/target/cpython-strict/sysroot/lib -Wl,--as-needed -Wl,-O1 -Wl,--sort-common  -L/app/target/cpython-strict/sysroot/usr/lib -L/app/target/cpython-strict/sysroot/lib -Wl,-rpath-link,/app/target/cpython-strict/sysroot/usr/lib -Wl,-rpath-link,/app/target/cpython-strict/sysroot/lib -Wl,--as-needed -Wl,-O1 -Wl,--sort-common -Wl,-z,stack-size=0x200000 -fno-semantic-interposition -flto -ffat-lto-objects -g -fprofile-generate -fprofile-update=atomic  Modules/sha1module.o Modules/_hacl/Hacl_Hash_SHA1.o  -o Modules/_sha1.cpython-314.so
/app/target/cpython-strict/cross/loongarch64-linux-musl-gcc -c -I./Modules/_hacl -I./Modules/_hacl/include -D_BSD_SOURCE -D_DEFAULT_SOURCE -fno-strict-overflow -Wsign-compare -DNDEBUG -g -O3 -Wall -Os -fstack-clash-protection -Wformat -Werror=format-security -fno-plt -march=loongarch64 -mabi=lp64d -mstrict-align   -Os -fstack-clash-protection -Wformat -Werror=format-security -fno-plt -march=loongarch64 -mabi=lp64d -mstrict-align -O2 -DTHREAD_STACK_SIZE=0x200000 -fno-semantic-interposition -flto -ffat-lto-objects -g -std=c11 -Wextra -Wno-unused-parameter -Wno-missing-field-initializers -Wstrict-prototypes -Werror=implicit-function-declaration -fvisibility=hidden -fprofile-generate -fprofile-update=atomic -I./Include/internal -I./Include/internal/mimalloc  -I. -I./Include -I/app/target/cpython-strict/sysroot/usr/include  -fPIC -fPIC -o Modules/_hacl/Hacl_Hash_SHA2.o ./Modules/_hacl/Hacl_Hash_SHA2.c
/app/target/cpython-strict/cross/loongarch64-linux-musl-gcc -I./Modules/_hacl -I./Modules/_hacl/include -D_BSD_SOURCE -D_DEFAULT_SOURCE -fno-strict-overflow -Wsign-compare -DNDEBUG -g -O3 -Wall -Os -fstack-clash-protection -Wformat -Werror=format-security -fno-plt -march=loongarch64 -mabi=lp64d -mstrict-align   -Os -fstack-clash-protection -Wformat -Werror=format-security -fno-plt -march=loongarch64 -mabi=lp64d -mstrict-align -O2 -DTHREAD_STACK_SIZE=0x200000 -fno-semantic-interposition -flto -ffat-lto-objects -g -std=c11 -Wextra -Wno-unused-parameter -Wno-missing-field-initializers -Wstrict-prototypes -Werror=implicit-function-declaration -fvisibility=hidden -fprofile-generate -fprofile-update=atomic -I./Include/internal -I./Include/internal/mimalloc  -I. -I./Include -I/app/target/cpython-strict/sysroot/usr/include  -fPIC -fPIC -fno-strict-overflow -Wsign-compare -DNDEBUG -g -O3 -Wall -Os -fstack-clash-protection -Wformat -Werror=format-security -fno-plt -march=loongarch64 -mabi=lp64d -mstrict-align   -Os -fstack-clash-protection -Wformat -Werror=format-security -fno-plt -march=loongarch64 -mabi=lp64d -mstrict-align -O2 -DTHREAD_STACK_SIZE=0x200000 -fno-semantic-interposition -flto -ffat-lto-objects -g -std=c11 -Wextra -Wno-unused-parameter -Wno-missing-field-initializers -Wstrict-prototypes -Werror=implicit-function-declaration -fvisibility=hidden -fprofile-generate -fprofile-update=atomic -I./Include/internal -I./Include/internal/mimalloc  -I. -I./Include -I/app/target/cpython-strict/sysroot/usr/include  -fPIC -fPIC -c ./Modules/sha2module.c -o Modules/sha2module.o
/app/target/cpython-strict/cross/loongarch64-linux-musl-gcc -shared -L/app/target/cpython-strict/sysroot/usr/lib -L/app/target/cpython-strict/sysroot/lib -Wl,-rpath-link,/app/target/cpython-strict/sysroot/usr/lib -Wl,-rpath-link,/app/target/cpython-strict/sysroot/lib -Wl,--as-needed -Wl,-O1 -Wl,--sort-common  -L/app/target/cpython-strict/sysroot/usr/lib -L/app/target/cpython-strict/sysroot/lib -Wl,-rpath-link,/app/target/cpython-strict/sysroot/usr/lib -Wl,-rpath-link,/app/target/cpython-strict/sysroot/lib -Wl,--as-needed -Wl,-O1 -Wl,--sort-common -Wl,-z,stack-size=0x200000 -fno-semantic-interposition -flto -ffat-lto-objects -g -fprofile-generate -fprofile-update=atomic  Modules/sha2module.o Modules/_hacl/Hacl_Hash_SHA2.o  -o Modules/_sha2.cpython-314.so
lto-wrapper: warning: using serial compilation of 2 LTRANS jobs
lto-wrapper: note: see the '-flto' option documentation for more information
/app/target/cpython-strict/cross/loongarch64-linux-musl-gcc -c -I./Modules/_hacl -I./Modules/_hacl/include -D_BSD_SOURCE -D_DEFAULT_SOURCE -fno-strict-overflow -Wsign-compare -DNDEBUG -g -O3 -Wall -Os -fstack-clash-protection -Wformat -Werror=format-security -fno-plt -march=loongarch64 -mabi=lp64d -mstrict-align   -Os -fstack-clash-protection -Wformat -Werror=format-security -fno-plt -march=loongarch64 -mabi=lp64d -mstrict-align -O2 -DTHREAD_STACK_SIZE=0x200000 -fno-semantic-interposition -flto -ffat-lto-objects -g -std=c11 -Wextra -Wno-unused-parameter -Wno-missing-field-initializers -Wstrict-prototypes -Werror=implicit-function-declaration -fvisibility=hidden -fprofile-generate -fprofile-update=atomic -I./Include/internal -I./Include/internal/mimalloc  -I. -I./Include -I/app/target/cpython-strict/sysroot/usr/include  -fPIC -fPIC -o Modules/_hacl/Hacl_Hash_SHA3.o ./Modules/_hacl/Hacl_Hash_SHA3.c
/app/target/cpython-strict/cross/loongarch64-linux-musl-gcc -I./Modules/_hacl -I./Modules/_hacl/include -D_BSD_SOURCE -D_DEFAULT_SOURCE -fno-strict-overflow -Wsign-compare -DNDEBUG -g -O3 -Wall -Os -fstack-clash-protection -Wformat -Werror=format-security -fno-plt -march=loongarch64 -mabi=lp64d -mstrict-align   -Os -fstack-clash-protection -Wformat -Werror=format-security -fno-plt -march=loongarch64 -mabi=lp64d -mstrict-align -O2 -DTHREAD_STACK_SIZE=0x200000 -fno-semantic-interposition -flto -ffat-lto-objects -g -std=c11 -Wextra -Wno-unused-parameter -Wno-missing-field-initializers -Wstrict-prototypes -Werror=implicit-function-declaration -fvisibility=hidden -fprofile-generate -fprofile-update=atomic -I./Include/internal -I./Include/internal/mimalloc  -I. -I./Include -I/app/target/cpython-strict/sysroot/usr/include  -fPIC -fPIC -fno-strict-overflow -Wsign-compare -DNDEBUG -g -O3 -Wall -Os -fstack-clash-protection -Wformat -Werror=format-security -fno-plt -march=loongarch64 -mabi=lp64d -mstrict-align   -Os -fstack-clash-protection -Wformat -Werror=format-security -fno-plt -march=loongarch64 -mabi=lp64d -mstrict-align -O2 -DTHREAD_STACK_SIZE=0x200000 -fno-semantic-interposition -flto -ffat-lto-objects -g -std=c11 -Wextra -Wno-unused-parameter -Wno-missing-field-initializers -Wstrict-prototypes -Werror=implicit-function-declaration -fvisibility=hidden -fprofile-generate -fprofile-update=atomic -I./Include/internal -I./Include/internal/mimalloc  -I. -I./Include -I/app/target/cpython-strict/sysroot/usr/include  -fPIC -fPIC -c ./Modules/sha3module.c -o Modules/sha3module.o
/app/target/cpython-strict/cross/loongarch64-linux-musl-gcc -shared -L/app/target/cpython-strict/sysroot/usr/lib -L/app/target/cpython-strict/sysroot/lib -Wl,-rpath-link,/app/target/cpython-strict/sysroot/usr/lib -Wl,-rpath-link,/app/target/cpython-strict/sysroot/lib -Wl,--as-needed -Wl,-O1 -Wl,--sort-common  -L/app/target/cpython-strict/sysroot/usr/lib -L/app/target/cpython-strict/sysroot/lib -Wl,-rpath-link,/app/target/cpython-strict/sysroot/usr/lib -Wl,-rpath-link,/app/target/cpython-strict/sysroot/lib -Wl,--as-needed -Wl,-O1 -Wl,--sort-common -Wl,-z,stack-size=0x200000 -fno-semantic-interposition -flto -ffat-lto-objects -g -fprofile-generate -fprofile-update=atomic  Modules/sha3module.o Modules/_hacl/Hacl_Hash_SHA3.o  -o Modules/_sha3.cpython-314.so
/app/target/cpython-strict/cross/loongarch64-linux-musl-gcc -c -I./Modules/_hacl -I./Modules/_hacl/include -D_BSD_SOURCE -D_DEFAULT_SOURCE -fno-strict-overflow -Wsign-compare -DNDEBUG -g -O3 -Wall -Os -fstack-clash-protection -Wformat -Werror=format-security -fno-plt -march=loongarch64 -mabi=lp64d -mstrict-align   -Os -fstack-clash-protection -Wformat -Werror=format-security -fno-plt -march=loongarch64 -mabi=lp64d -mstrict-align -O2 -DTHREAD_STACK_SIZE=0x200000 -fno-semantic-interposition -flto -ffat-lto-objects -g -std=c11 -Wextra -Wno-unused-parameter -Wno-missing-field-initializers -Wstrict-prototypes -Werror=implicit-function-declaration -fvisibility=hidden -fprofile-generate -fprofile-update=atomic -I./Include/internal -I./Include/internal/mimalloc  -I. -I./Include -I/app/target/cpython-strict/sysroot/usr/include  -fPIC -fPIC -o Modules/_hacl/Hacl_Hash_Blake2s.o ./Modules/_hacl/Hacl_Hash_Blake2s.c
/app/target/cpython-strict/cross/loongarch64-linux-musl-gcc -c -I./Modules/_hacl -I./Modules/_hacl/include -D_BSD_SOURCE -D_DEFAULT_SOURCE -fno-strict-overflow -Wsign-compare -DNDEBUG -g -O3 -Wall -Os -fstack-clash-protection -Wformat -Werror=format-security -fno-plt -march=loongarch64 -mabi=lp64d -mstrict-align   -Os -fstack-clash-protection -Wformat -Werror=format-security -fno-plt -march=loongarch64 -mabi=lp64d -mstrict-align -O2 -DTHREAD_STACK_SIZE=0x200000 -fno-semantic-interposition -flto -ffat-lto-objects -g -std=c11 -Wextra -Wno-unused-parameter -Wno-missing-field-initializers -Wstrict-prototypes -Werror=implicit-function-declaration -fvisibility=hidden -fprofile-generate -fprofile-update=atomic -I./Include/internal -I./Include/internal/mimalloc  -I. -I./Include -I/app/target/cpython-strict/sysroot/usr/include  -fPIC -fPIC -o Modules/_hacl/Hacl_Hash_Blake2b.o ./Modules/_hacl/Hacl_Hash_Blake2b.c
/app/target/cpython-strict/cross/loongarch64-linux-musl-gcc -c -I./Modules/_hacl -I./Modules/_hacl/include -D_BSD_SOURCE -D_DEFAULT_SOURCE -fno-strict-overflow -Wsign-compare -DNDEBUG -g -O3 -Wall -Os -fstack-clash-protection -Wformat -Werror=format-security -fno-plt -march=loongarch64 -mabi=lp64d -mstrict-align   -Os -fstack-clash-protection -Wformat -Werror=format-security -fno-plt -march=loongarch64 -mabi=lp64d -mstrict-align -O2 -DTHREAD_STACK_SIZE=0x200000 -fno-semantic-interposition -flto -ffat-lto-objects -g -std=c11 -Wextra -Wno-unused-parameter -Wno-missing-field-initializers -Wstrict-prototypes -Werror=implicit-function-declaration -fvisibility=hidden -fprofile-generate -fprofile-update=atomic -I./Include/internal -I./Include/internal/mimalloc  -I. -I./Include -I/app/target/cpython-strict/sysroot/usr/include  -fPIC -fPIC -o Modules/_hacl/Lib_Memzero0.o ./Modules/_hacl/Lib_Memzero0.c
/app/target/cpython-strict/cross/loongarch64-linux-musl-gcc -I./Modules/_hacl -I./Modules/_hacl/include -D_BSD_SOURCE -D_DEFAULT_SOURCE -fno-strict-overflow -Wsign-compare -DNDEBUG -g -O3 -Wall -Os -fstack-clash-protection -Wformat -Werror=format-security -fno-plt -march=loongarch64 -mabi=lp64d -mstrict-align   -Os -fstack-clash-protection -Wformat -Werror=format-security -fno-plt -march=loongarch64 -mabi=lp64d -mstrict-align -O2 -DTHREAD_STACK_SIZE=0x200000 -fno-semantic-interposition -flto -ffat-lto-objects -g -std=c11 -Wextra -Wno-unused-parameter -Wno-missing-field-initializers -Wstrict-prototypes -Werror=implicit-function-declaration -fvisibility=hidden -fprofile-generate -fprofile-update=atomic -I./Include/internal -I./Include/internal/mimalloc  -I. -I./Include -I/app/target/cpython-strict/sysroot/usr/include  -fPIC -fPIC -fno-strict-overflow -Wsign-compare -DNDEBUG -g -O3 -Wall -Os -fstack-clash-protection -Wformat -Werror=format-security -fno-plt -march=loongarch64 -mabi=lp64d -mstrict-align   -Os -fstack-clash-protection -Wformat -Werror=format-security -fno-plt -march=loongarch64 -mabi=lp64d -mstrict-align -O2 -DTHREAD_STACK_SIZE=0x200000 -fno-semantic-interposition -flto -ffat-lto-objects -g -std=c11 -Wextra -Wno-unused-parameter -Wno-missing-field-initializers -Wstrict-prototypes -Werror=implicit-function-declaration -fvisibility=hidden -fprofile-generate -fprofile-update=atomic -I./Include/internal -I./Include/internal/mimalloc  -I. -I./Include -I/app/target/cpython-strict/sysroot/usr/include  -fPIC -fPIC -c ./Modules/blake2module.c -o Modules/blake2module.o
/app/target/cpython-strict/cross/loongarch64-linux-musl-gcc -shared -L/app/target/cpython-strict/sysroot/usr/lib -L/app/target/cpython-strict/sysroot/lib -Wl,-rpath-link,/app/target/cpython-strict/sysroot/usr/lib -Wl,-rpath-link,/app/target/cpython-strict/sysroot/lib -Wl,--as-needed -Wl,-O1 -Wl,--sort-common  -L/app/target/cpython-strict/sysroot/usr/lib -L/app/target/cpython-strict/sysroot/lib -Wl,-rpath-link,/app/target/cpython-strict/sysroot/usr/lib -Wl,-rpath-link,/app/target/cpython-strict/sysroot/lib -Wl,--as-needed -Wl,-O1 -Wl,--sort-common -Wl,-z,stack-size=0x200000 -fno-semantic-interposition -flto -ffat-lto-objects -g -fprofile-generate -fprofile-update=atomic  Modules/blake2module.o Modules/_hacl/Hacl_Hash_Blake2s.o Modules/_hacl/Hacl_Hash_Blake2b.o Modules/_hacl/Lib_Memzero0.o    -o Modules/_blake2.cpython-314.so
/app/target/cpython-strict/cross/loongarch64-linux-musl-gcc -c -I./Modules/_hacl -I./Modules/_hacl/include -D_BSD_SOURCE -D_DEFAULT_SOURCE -fno-strict-overflow -Wsign-compare -DNDEBUG -g -O3 -Wall -Os -fstack-clash-protection -Wformat -Werror=format-security -fno-plt -march=loongarch64 -mabi=lp64d -mstrict-align   -Os -fstack-clash-protection -Wformat -Werror=format-security -fno-plt -march=loongarch64 -mabi=lp64d -mstrict-align -O2 -DTHREAD_STACK_SIZE=0x200000 -fno-semantic-interposition -flto -ffat-lto-objects -g -std=c11 -Wextra -Wno-unused-parameter -Wno-missing-field-initializers -Wstrict-prototypes -Werror=implicit-function-declaration -fvisibility=hidden -fprofile-generate -fprofile-update=atomic -I./Include/internal -I./Include/internal/mimalloc  -I. -I./Include -I/app/target/cpython-strict/sysroot/usr/include  -fPIC -fPIC -o Modules/_hacl/Hacl_HMAC.o ./Modules/_hacl/Hacl_HMAC.c
/app/target/cpython-strict/cross/loongarch64-linux-musl-gcc -Wno-unused-variable -c -I./Modules/_hacl -I./Modules/_hacl/include -D_BSD_SOURCE -D_DEFAULT_SOURCE -fno-strict-overflow -Wsign-compare -DNDEBUG -g -O3 -Wall -Os -fstack-clash-protection -Wformat -Werror=format-security -fno-plt -march=loongarch64 -mabi=lp64d -mstrict-align   -Os -fstack-clash-protection -Wformat -Werror=format-security -fno-plt -march=loongarch64 -mabi=lp64d -mstrict-align -O2 -DTHREAD_STACK_SIZE=0x200000 -fno-semantic-interposition -flto -ffat-lto-objects -g -std=c11 -Wextra -Wno-unused-parameter -Wno-missing-field-initializers -Wstrict-prototypes -Werror=implicit-function-declaration -fvisibility=hidden -fprofile-generate -fprofile-update=atomic -I./Include/internal -I./Include/internal/mimalloc  -I. -I./Include -I/app/target/cpython-strict/sysroot/usr/include  -fPIC -fPIC -o Modules/_hacl/Hacl_Streaming_HMAC.o ./Modules/_hacl/Hacl_Streaming_HMAC.c
/app/target/cpython-strict/cross/loongarch64-linux-musl-gcc -I./Modules/_hacl -I./Modules/_hacl/include -D_BSD_SOURCE -D_DEFAULT_SOURCE -fno-strict-overflow -Wsign-compare -DNDEBUG -g -O3 -Wall -Os -fstack-clash-protection -Wformat -Werror=format-security -fno-plt -march=loongarch64 -mabi=lp64d -mstrict-align   -Os -fstack-clash-protection -Wformat -Werror=format-security -fno-plt -march=loongarch64 -mabi=lp64d -mstrict-align -O2 -DTHREAD_STACK_SIZE=0x200000 -fno-semantic-interposition -flto -ffat-lto-objects -g -std=c11 -Wextra -Wno-unused-parameter -Wno-missing-field-initializers -Wstrict-prototypes -Werror=implicit-function-declaration -fvisibility=hidden -fprofile-generate -fprofile-update=atomic -I./Include/internal -I./Include/internal/mimalloc  -I. -I./Include -I/app/target/cpython-strict/sysroot/usr/include  -fPIC -fPIC -fno-strict-overflow -Wsign-compare -DNDEBUG -g -O3 -Wall -Os -fstack-clash-protection -Wformat -Werror=format-security -fno-plt -march=loongarch64 -mabi=lp64d -mstrict-align   -Os -fstack-clash-protection -Wformat -Werror=format-security -fno-plt -march=loongarch64 -mabi=lp64d -mstrict-align -O2 -DTHREAD_STACK_SIZE=0x200000 -fno-semantic-interposition -flto -ffat-lto-objects -g -std=c11 -Wextra -Wno-unused-parameter -Wno-missing-field-initializers -Wstrict-prototypes -Werror=implicit-function-declaration -fvisibility=hidden -fprofile-generate -fprofile-update=atomic -I./Include/internal -I./Include/internal/mimalloc  -I. -I./Include -I/app/target/cpython-strict/sysroot/usr/include  -fPIC -fPIC -c ./Modules/hmacmodule.c -o Modules/hmacmodule.o
/app/target/cpython-strict/cross/loongarch64-linux-musl-gcc -shared -L/app/target/cpython-strict/sysroot/usr/lib -L/app/target/cpython-strict/sysroot/lib -Wl,-rpath-link,/app/target/cpython-strict/sysroot/usr/lib -Wl,-rpath-link,/app/target/cpython-strict/sysroot/lib -Wl,--as-needed -Wl,-O1 -Wl,--sort-common  -L/app/target/cpython-strict/sysroot/usr/lib -L/app/target/cpython-strict/sysroot/lib -Wl,-rpath-link,/app/target/cpython-strict/sysroot/usr/lib -Wl,-rpath-link,/app/target/cpython-strict/sysroot/lib -Wl,--as-needed -Wl,-O1 -Wl,--sort-common -Wl,-z,stack-size=0x200000 -fno-semantic-interposition -flto -ffat-lto-objects -g -fprofile-generate -fprofile-update=atomic  Modules/hmacmodule.o Modules/_hacl/Hacl_HMAC.o Modules/_hacl/Hacl_Streaming_HMAC.o Modules/_hacl/Hacl_Hash_MD5.o Modules/_hacl/Hacl_Hash_SHA1.o Modules/_hacl/Hacl_Hash_SHA2.o Modules/_hacl/Hacl_Hash_SHA3.o Modules/_hacl/Hacl_Hash_Blake2s.o Modules/_hacl/Hacl_Hash_Blake2b.o Modules/_hacl/Lib_Memzero0.o    -o Modules/_hmac.cpython-314.so
lto-wrapper: warning: using serial compilation of 4 LTRANS jobs
lto-wrapper: note: see the '-flto' option documentation for more information
/app/target/cpython-strict/cross/loongarch64-linux-musl-gcc  -fno-strict-overflow -Wsign-compare -DNDEBUG -g -O3 -Wall -Os -fstack-clash-protection -Wformat -Werror=format-security -fno-plt -march=loongarch64 -mabi=lp64d -mstrict-align   -Os -fstack-clash-protection -Wformat -Werror=format-security -fno-plt -march=loongarch64 -mabi=lp64d -mstrict-align -O2 -DTHREAD_STACK_SIZE=0x200000 -fno-semantic-interposition -flto -ffat-lto-objects -g -std=c11 -Wextra -Wno-unused-parameter -Wno-missing-field-initializers -Wstrict-prototypes -Werror=implicit-function-declaration -fvisibility=hidden -fprofile-generate -fprofile-update=atomic -I./Include/internal -I./Include/internal/mimalloc  -I. -I./Include -I/app/target/cpython-strict/sysroot/usr/include  -fPIC -fPIC -c ./Modules/pyexpat.c -o Modules/pyexpat.o
/app/target/cpython-strict/cross/loongarch64-linux-musl-gcc -shared -L/app/target/cpython-strict/sysroot/usr/lib -L/app/target/cpython-strict/sysroot/lib -Wl,-rpath-link,/app/target/cpython-strict/sysroot/usr/lib -Wl,-rpath-link,/app/target/cpython-strict/sysroot/lib -Wl,--as-needed -Wl,-O1 -Wl,--sort-common  -L/app/target/cpython-strict/sysroot/usr/lib -L/app/target/cpython-strict/sysroot/lib -Wl,-rpath-link,/app/target/cpython-strict/sysroot/usr/lib -Wl,-rpath-link,/app/target/cpython-strict/sysroot/lib -Wl,--as-needed -Wl,-O1 -Wl,--sort-common -Wl,-z,stack-size=0x200000 -fno-semantic-interposition -flto -ffat-lto-objects -g -fprofile-generate -fprofile-update=atomic  Modules/pyexpat.o -lexpat  -o Modules/pyexpat.cpython-314.so
/app/target/cpython-strict/cross/loongarch64-linux-musl-gcc  -fno-strict-overflow -Wsign-compare -DNDEBUG -g -O3 -Wall -Os -fstack-clash-protection -Wformat -Werror=format-security -fno-plt -march=loongarch64 -mabi=lp64d -mstrict-align   -Os -fstack-clash-protection -Wformat -Werror=format-security -fno-plt -march=loongarch64 -mabi=lp64d -mstrict-align -O2 -DTHREAD_STACK_SIZE=0x200000 -fno-semantic-interposition -flto -ffat-lto-objects -g -std=c11 -Wextra -Wno-unused-parameter -Wno-missing-field-initializers -Wstrict-prototypes -Werror=implicit-function-declaration -fvisibility=hidden -fprofile-generate -fprofile-update=atomic -I./Include/internal -I./Include/internal/mimalloc  -I. -I./Include -I/app/target/cpython-strict/sysroot/usr/include  -fPIC -fPIC -c ./Modules/_elementtree.c -o Modules/_elementtree.o
/app/target/cpython-strict/cross/loongarch64-linux-musl-gcc -shared -L/app/target/cpython-strict/sysroot/usr/lib -L/app/target/cpython-strict/sysroot/lib -Wl,-rpath-link,/app/target/cpython-strict/sysroot/usr/lib -Wl,-rpath-link,/app/target/cpython-strict/sysroot/lib -Wl,--as-needed -Wl,-O1 -Wl,--sort-common  -L/app/target/cpython-strict/sysroot/usr/lib -L/app/target/cpython-strict/sysroot/lib -Wl,-rpath-link,/app/target/cpython-strict/sysroot/usr/lib -Wl,-rpath-link,/app/target/cpython-strict/sysroot/lib -Wl,--as-needed -Wl,-O1 -Wl,--sort-common -Wl,-z,stack-size=0x200000 -fno-semantic-interposition -flto -ffat-lto-objects -g -fprofile-generate -fprofile-update=atomic  Modules/_elementtree.o   -o Modules/_elementtree.cpython-314.so
lto-wrapper: warning: using serial compilation of 2 LTRANS jobs
lto-wrapper: note: see the '-flto' option documentation for more information
/app/target/cpython-strict/cross/loongarch64-linux-musl-gcc  -fno-strict-overflow -Wsign-compare -DNDEBUG -g -O3 -Wall -Os -fstack-clash-protection -Wformat -Werror=format-security -fno-plt -march=loongarch64 -mabi=lp64d -mstrict-align   -Os -fstack-clash-protection -Wformat -Werror=format-security -fno-plt -march=loongarch64 -mabi=lp64d -mstrict-align -O2 -DTHREAD_STACK_SIZE=0x200000 -fno-semantic-interposition -flto -ffat-lto-objects -g -std=c11 -Wextra -Wno-unused-parameter -Wno-missing-field-initializers -Wstrict-prototypes -Werror=implicit-function-declaration -fvisibility=hidden -fprofile-generate -fprofile-update=atomic -I./Include/internal -I./Include/internal/mimalloc  -I. -I./Include -I/app/target/cpython-strict/sysroot/usr/include  -fPIC -fPIC -c ./Modules/cjkcodecs/_codecs_cn.c -o Modules/cjkcodecs/_codecs_cn.o
/app/target/cpython-strict/cross/loongarch64-linux-musl-gcc -shared -L/app/target/cpython-strict/sysroot/usr/lib -L/app/target/cpython-strict/sysroot/lib -Wl,-rpath-link,/app/target/cpython-strict/sysroot/usr/lib -Wl,-rpath-link,/app/target/cpython-strict/sysroot/lib -Wl,--as-needed -Wl,-O1 -Wl,--sort-common  -L/app/target/cpython-strict/sysroot/usr/lib -L/app/target/cpython-strict/sysroot/lib -Wl,-rpath-link,/app/target/cpython-strict/sysroot/usr/lib -Wl,-rpath-link,/app/target/cpython-strict/sysroot/lib -Wl,--as-needed -Wl,-O1 -Wl,--sort-common -Wl,-z,stack-size=0x200000 -fno-semantic-interposition -flto -ffat-lto-objects -g -fprofile-generate -fprofile-update=atomic  Modules/cjkcodecs/_codecs_cn.o   -o Modules/_codecs_cn.cpython-314.so
/app/target/cpython-strict/cross/loongarch64-linux-musl-gcc  -fno-strict-overflow -Wsign-compare -DNDEBUG -g -O3 -Wall -Os -fstack-clash-protection -Wformat -Werror=format-security -fno-plt -march=loongarch64 -mabi=lp64d -mstrict-align   -Os -fstack-clash-protection -Wformat -Werror=format-security -fno-plt -march=loongarch64 -mabi=lp64d -mstrict-align -O2 -DTHREAD_STACK_SIZE=0x200000 -fno-semantic-interposition -flto -ffat-lto-objects -g -std=c11 -Wextra -Wno-unused-parameter -Wno-missing-field-initializers -Wstrict-prototypes -Werror=implicit-function-declaration -fvisibility=hidden -fprofile-generate -fprofile-update=atomic -I./Include/internal -I./Include/internal/mimalloc  -I. -I./Include -I/app/target/cpython-strict/sysroot/usr/include  -fPIC -fPIC -c ./Modules/cjkcodecs/_codecs_hk.c -o Modules/cjkcodecs/_codecs_hk.o
/app/target/cpython-strict/cross/loongarch64-linux-musl-gcc -shared -L/app/target/cpython-strict/sysroot/usr/lib -L/app/target/cpython-strict/sysroot/lib -Wl,-rpath-link,/app/target/cpython-strict/sysroot/usr/lib -Wl,-rpath-link,/app/target/cpython-strict/sysroot/lib -Wl,--as-needed -Wl,-O1 -Wl,--sort-common  -L/app/target/cpython-strict/sysroot/usr/lib -L/app/target/cpython-strict/sysroot/lib -Wl,-rpath-link,/app/target/cpython-strict/sysroot/usr/lib -Wl,-rpath-link,/app/target/cpython-strict/sysroot/lib -Wl,--as-needed -Wl,-O1 -Wl,--sort-common -Wl,-z,stack-size=0x200000 -fno-semantic-interposition -flto -ffat-lto-objects -g -fprofile-generate -fprofile-update=atomic  Modules/cjkcodecs/_codecs_hk.o   -o Modules/_codecs_hk.cpython-314.so
/app/target/cpython-strict/cross/loongarch64-linux-musl-gcc  -fno-strict-overflow -Wsign-compare -DNDEBUG -g -O3 -Wall -Os -fstack-clash-protection -Wformat -Werror=format-security -fno-plt -march=loongarch64 -mabi=lp64d -mstrict-align   -Os -fstack-clash-protection -Wformat -Werror=format-security -fno-plt -march=loongarch64 -mabi=lp64d -mstrict-align -O2 -DTHREAD_STACK_SIZE=0x200000 -fno-semantic-interposition -flto -ffat-lto-objects -g -std=c11 -Wextra -Wno-unused-parameter -Wno-missing-field-initializers -Wstrict-prototypes -Werror=implicit-function-declaration -fvisibility=hidden -fprofile-generate -fprofile-update=atomic -I./Include/internal -I./Include/internal/mimalloc  -I. -I./Include -I/app/target/cpython-strict/sysroot/usr/include  -fPIC -fPIC -c ./Modules/cjkcodecs/_codecs_iso2022.c -o Modules/cjkcodecs/_codecs_iso2022.o
/app/target/cpython-strict/cross/loongarch64-linux-musl-gcc -shared -L/app/target/cpython-strict/sysroot/usr/lib -L/app/target/cpython-strict/sysroot/lib -Wl,-rpath-link,/app/target/cpython-strict/sysroot/usr/lib -Wl,-rpath-link,/app/target/cpython-strict/sysroot/lib -Wl,--as-needed -Wl,-O1 -Wl,--sort-common  -L/app/target/cpython-strict/sysroot/usr/lib -L/app/target/cpython-strict/sysroot/lib -Wl,-rpath-link,/app/target/cpython-strict/sysroot/usr/lib -Wl,-rpath-link,/app/target/cpython-strict/sysroot/lib -Wl,--as-needed -Wl,-O1 -Wl,--sort-common -Wl,-z,stack-size=0x200000 -fno-semantic-interposition -flto -ffat-lto-objects -g -fprofile-generate -fprofile-update=atomic  Modules/cjkcodecs/_codecs_iso2022.o   -o Modules/_codecs_iso2022.cpython-314.so
/app/target/cpython-strict/cross/loongarch64-linux-musl-gcc  -fno-strict-overflow -Wsign-compare -DNDEBUG -g -O3 -Wall -Os -fstack-clash-protection -Wformat -Werror=format-security -fno-plt -march=loongarch64 -mabi=lp64d -mstrict-align   -Os -fstack-clash-protection -Wformat -Werror=format-security -fno-plt -march=loongarch64 -mabi=lp64d -mstrict-align -O2 -DTHREAD_STACK_SIZE=0x200000 -fno-semantic-interposition -flto -ffat-lto-objects -g -std=c11 -Wextra -Wno-unused-parameter -Wno-missing-field-initializers -Wstrict-prototypes -Werror=implicit-function-declaration -fvisibility=hidden -fprofile-generate -fprofile-update=atomic -I./Include/internal -I./Include/internal/mimalloc  -I. -I./Include -I/app/target/cpython-strict/sysroot/usr/include  -fPIC -fPIC -c ./Modules/cjkcodecs/_codecs_jp.c -o Modules/cjkcodecs/_codecs_jp.o
/app/target/cpython-strict/cross/loongarch64-linux-musl-gcc -shared -L/app/target/cpython-strict/sysroot/usr/lib -L/app/target/cpython-strict/sysroot/lib -Wl,-rpath-link,/app/target/cpython-strict/sysroot/usr/lib -Wl,-rpath-link,/app/target/cpython-strict/sysroot/lib -Wl,--as-needed -Wl,-O1 -Wl,--sort-common  -L/app/target/cpython-strict/sysroot/usr/lib -L/app/target/cpython-strict/sysroot/lib -Wl,-rpath-link,/app/target/cpython-strict/sysroot/usr/lib -Wl,-rpath-link,/app/target/cpython-strict/sysroot/lib -Wl,--as-needed -Wl,-O1 -Wl,--sort-common -Wl,-z,stack-size=0x200000 -fno-semantic-interposition -flto -ffat-lto-objects -g -fprofile-generate -fprofile-update=atomic  Modules/cjkcodecs/_codecs_jp.o   -o Modules/_codecs_jp.cpython-314.so
/app/target/cpython-strict/cross/loongarch64-linux-musl-gcc  -fno-strict-overflow -Wsign-compare -DNDEBUG -g -O3 -Wall -Os -fstack-clash-protection -Wformat -Werror=format-security -fno-plt -march=loongarch64 -mabi=lp64d -mstrict-align   -Os -fstack-clash-protection -Wformat -Werror=format-security -fno-plt -march=loongarch64 -mabi=lp64d -mstrict-align -O2 -DTHREAD_STACK_SIZE=0x200000 -fno-semantic-interposition -flto -ffat-lto-objects -g -std=c11 -Wextra -Wno-unused-parameter -Wno-missing-field-initializers -Wstrict-prototypes -Werror=implicit-function-declaration -fvisibility=hidden -fprofile-generate -fprofile-update=atomic -I./Include/internal -I./Include/internal/mimalloc  -I. -I./Include -I/app/target/cpython-strict/sysroot/usr/include  -fPIC -fPIC -c ./Modules/cjkcodecs/_codecs_kr.c -o Modules/cjkcodecs/_codecs_kr.o
/app/target/cpython-strict/cross/loongarch64-linux-musl-gcc -shared -L/app/target/cpython-strict/sysroot/usr/lib -L/app/target/cpython-strict/sysroot/lib -Wl,-rpath-link,/app/target/cpython-strict/sysroot/usr/lib -Wl,-rpath-link,/app/target/cpython-strict/sysroot/lib -Wl,--as-needed -Wl,-O1 -Wl,--sort-common  -L/app/target/cpython-strict/sysroot/usr/lib -L/app/target/cpython-strict/sysroot/lib -Wl,-rpath-link,/app/target/cpython-strict/sysroot/usr/lib -Wl,-rpath-link,/app/target/cpython-strict/sysroot/lib -Wl,--as-needed -Wl,-O1 -Wl,--sort-common -Wl,-z,stack-size=0x200000 -fno-semantic-interposition -flto -ffat-lto-objects -g -fprofile-generate -fprofile-update=atomic  Modules/cjkcodecs/_codecs_kr.o   -o Modules/_codecs_kr.cpython-314.so
/app/target/cpython-strict/cross/loongarch64-linux-musl-gcc  -fno-strict-overflow -Wsign-compare -DNDEBUG -g -O3 -Wall -Os -fstack-clash-protection -Wformat -Werror=format-security -fno-plt -march=loongarch64 -mabi=lp64d -mstrict-align   -Os -fstack-clash-protection -Wformat -Werror=format-security -fno-plt -march=loongarch64 -mabi=lp64d -mstrict-align -O2 -DTHREAD_STACK_SIZE=0x200000 -fno-semantic-interposition -flto -ffat-lto-objects -g -std=c11 -Wextra -Wno-unused-parameter -Wno-missing-field-initializers -Wstrict-prototypes -Werror=implicit-function-declaration -fvisibility=hidden -fprofile-generate -fprofile-update=atomic -I./Include/internal -I./Include/internal/mimalloc  -I. -I./Include -I/app/target/cpython-strict/sysroot/usr/include  -fPIC -fPIC -c ./Modules/cjkcodecs/_codecs_tw.c -o Modules/cjkcodecs/_codecs_tw.o
/app/target/cpython-strict/cross/loongarch64-linux-musl-gcc -shared -L/app/target/cpython-strict/sysroot/usr/lib -L/app/target/cpython-strict/sysroot/lib -Wl,-rpath-link,/app/target/cpython-strict/sysroot/usr/lib -Wl,-rpath-link,/app/target/cpython-strict/sysroot/lib -Wl,--as-needed -Wl,-O1 -Wl,--sort-common  -L/app/target/cpython-strict/sysroot/usr/lib -L/app/target/cpython-strict/sysroot/lib -Wl,-rpath-link,/app/target/cpython-strict/sysroot/usr/lib -Wl,-rpath-link,/app/target/cpython-strict/sysroot/lib -Wl,--as-needed -Wl,-O1 -Wl,--sort-common -Wl,-z,stack-size=0x200000 -fno-semantic-interposition -flto -ffat-lto-objects -g -fprofile-generate -fprofile-update=atomic  Modules/cjkcodecs/_codecs_tw.o   -o Modules/_codecs_tw.cpython-314.so
/app/target/cpython-strict/cross/loongarch64-linux-musl-gcc  -fno-strict-overflow -Wsign-compare -DNDEBUG -g -O3 -Wall -Os -fstack-clash-protection -Wformat -Werror=format-security -fno-plt -march=loongarch64 -mabi=lp64d -mstrict-align   -Os -fstack-clash-protection -Wformat -Werror=format-security -fno-plt -march=loongarch64 -mabi=lp64d -mstrict-align -O2 -DTHREAD_STACK_SIZE=0x200000 -fno-semantic-interposition -flto -ffat-lto-objects -g -std=c11 -Wextra -Wno-unused-parameter -Wno-missing-field-initializers -Wstrict-prototypes -Werror=implicit-function-declaration -fvisibility=hidden -fprofile-generate -fprofile-update=atomic -I./Include/internal -I./Include/internal/mimalloc  -I. -I./Include -I/app/target/cpython-strict/sysroot/usr/include  -fPIC -fPIC -c ./Modules/cjkcodecs/multibytecodec.c -o Modules/cjkcodecs/multibytecodec.o
/app/target/cpython-strict/cross/loongarch64-linux-musl-gcc -shared -L/app/target/cpython-strict/sysroot/usr/lib -L/app/target/cpython-strict/sysroot/lib -Wl,-rpath-link,/app/target/cpython-strict/sysroot/usr/lib -Wl,-rpath-link,/app/target/cpython-strict/sysroot/lib -Wl,--as-needed -Wl,-O1 -Wl,--sort-common  -L/app/target/cpython-strict/sysroot/usr/lib -L/app/target/cpython-strict/sysroot/lib -Wl,-rpath-link,/app/target/cpython-strict/sysroot/usr/lib -Wl,-rpath-link,/app/target/cpython-strict/sysroot/lib -Wl,--as-needed -Wl,-O1 -Wl,--sort-common -Wl,-z,stack-size=0x200000 -fno-semantic-interposition -flto -ffat-lto-objects -g -fprofile-generate -fprofile-update=atomic  Modules/cjkcodecs/multibytecodec.o   -o Modules/_multibytecodec.cpython-314.so
/app/target/cpython-strict/cross/loongarch64-linux-musl-gcc  -fno-strict-overflow -Wsign-compare -DNDEBUG -g -O3 -Wall -Os -fstack-clash-protection -Wformat -Werror=format-security -fno-plt -march=loongarch64 -mabi=lp64d -mstrict-align   -Os -fstack-clash-protection -Wformat -Werror=format-security -fno-plt -march=loongarch64 -mabi=lp64d -mstrict-align -O2 -DTHREAD_STACK_SIZE=0x200000 -fno-semantic-interposition -flto -ffat-lto-objects -g -std=c11 -Wextra -Wno-unused-parameter -Wno-missing-field-initializers -Wstrict-prototypes -Werror=implicit-function-declaration -fvisibility=hidden -fprofile-generate -fprofile-update=atomic -I./Include/internal -I./Include/internal/mimalloc  -I. -I./Include -I/app/target/cpython-strict/sysroot/usr/include  -fPIC -fPIC -c ./Modules/unicodedata.c -o Modules/unicodedata.o
/app/target/cpython-strict/cross/loongarch64-linux-musl-gcc -shared -L/app/target/cpython-strict/sysroot/usr/lib -L/app/target/cpython-strict/sysroot/lib -Wl,-rpath-link,/app/target/cpython-strict/sysroot/usr/lib -Wl,-rpath-link,/app/target/cpython-strict/sysroot/lib -Wl,--as-needed -Wl,-O1 -Wl,--sort-common  -L/app/target/cpython-strict/sysroot/usr/lib -L/app/target/cpython-strict/sysroot/lib -Wl,-rpath-link,/app/target/cpython-strict/sysroot/usr/lib -Wl,-rpath-link,/app/target/cpython-strict/sysroot/lib -Wl,--as-needed -Wl,-O1 -Wl,--sort-common -Wl,-z,stack-size=0x200000 -fno-semantic-interposition -flto -ffat-lto-objects -g -fprofile-generate -fprofile-update=atomic  Modules/unicodedata.o   -o Modules/unicodedata.cpython-314.so
/app/target/cpython-strict/cross/loongarch64-linux-musl-gcc  -fno-strict-overflow -Wsign-compare -DNDEBUG -g -O3 -Wall -Os -fstack-clash-protection -Wformat -Werror=format-security -fno-plt -march=loongarch64 -mabi=lp64d -mstrict-align   -Os -fstack-clash-protection -Wformat -Werror=format-security -fno-plt -march=loongarch64 -mabi=lp64d -mstrict-align -O2 -DTHREAD_STACK_SIZE=0x200000 -fno-semantic-interposition -flto -ffat-lto-objects -g -std=c11 -Wextra -Wno-unused-parameter -Wno-missing-field-initializers -Wstrict-prototypes -Werror=implicit-function-declaration -fvisibility=hidden -fprofile-generate -fprofile-update=atomic -I./Include/internal -I./Include/internal/mimalloc  -I. -I./Include -I/app/target/cpython-strict/sysroot/usr/include  -fPIC -fPIC -c ./Modules/fcntlmodule.c -o Modules/fcntlmodule.o
/app/target/cpython-strict/cross/loongarch64-linux-musl-gcc -shared -L/app/target/cpython-strict/sysroot/usr/lib -L/app/target/cpython-strict/sysroot/lib -Wl,-rpath-link,/app/target/cpython-strict/sysroot/usr/lib -Wl,-rpath-link,/app/target/cpython-strict/sysroot/lib -Wl,--as-needed -Wl,-O1 -Wl,--sort-common  -L/app/target/cpython-strict/sysroot/usr/lib -L/app/target/cpython-strict/sysroot/lib -Wl,-rpath-link,/app/target/cpython-strict/sysroot/usr/lib -Wl,-rpath-link,/app/target/cpython-strict/sysroot/lib -Wl,--as-needed -Wl,-O1 -Wl,--sort-common -Wl,-z,stack-size=0x200000 -fno-semantic-interposition -flto -ffat-lto-objects -g -fprofile-generate -fprofile-update=atomic  Modules/fcntlmodule.o   -o Modules/fcntl.cpython-314.so
/app/target/cpython-strict/cross/loongarch64-linux-musl-gcc  -fno-strict-overflow -Wsign-compare -DNDEBUG -g -O3 -Wall -Os -fstack-clash-protection -Wformat -Werror=format-security -fno-plt -march=loongarch64 -mabi=lp64d -mstrict-align   -Os -fstack-clash-protection -Wformat -Werror=format-security -fno-plt -march=loongarch64 -mabi=lp64d -mstrict-align -O2 -DTHREAD_STACK_SIZE=0x200000 -fno-semantic-interposition -flto -ffat-lto-objects -g -std=c11 -Wextra -Wno-unused-parameter -Wno-missing-field-initializers -Wstrict-prototypes -Werror=implicit-function-declaration -fvisibility=hidden -fprofile-generate -fprofile-update=atomic -I./Include/internal -I./Include/internal/mimalloc  -I. -I./Include -I/app/target/cpython-strict/sysroot/usr/include  -fPIC -fPIC -c ./Modules/grpmodule.c -o Modules/grpmodule.o
/app/target/cpython-strict/cross/loongarch64-linux-musl-gcc -shared -L/app/target/cpython-strict/sysroot/usr/lib -L/app/target/cpython-strict/sysroot/lib -Wl,-rpath-link,/app/target/cpython-strict/sysroot/usr/lib -Wl,-rpath-link,/app/target/cpython-strict/sysroot/lib -Wl,--as-needed -Wl,-O1 -Wl,--sort-common  -L/app/target/cpython-strict/sysroot/usr/lib -L/app/target/cpython-strict/sysroot/lib -Wl,-rpath-link,/app/target/cpython-strict/sysroot/usr/lib -Wl,-rpath-link,/app/target/cpython-strict/sysroot/lib -Wl,--as-needed -Wl,-O1 -Wl,--sort-common -Wl,-z,stack-size=0x200000 -fno-semantic-interposition -flto -ffat-lto-objects -g -fprofile-generate -fprofile-update=atomic  Modules/grpmodule.o   -o Modules/grp.cpython-314.so
/app/target/cpython-strict/cross/loongarch64-linux-musl-gcc  -fno-strict-overflow -Wsign-compare -DNDEBUG -g -O3 -Wall -Os -fstack-clash-protection -Wformat -Werror=format-security -fno-plt -march=loongarch64 -mabi=lp64d -mstrict-align   -Os -fstack-clash-protection -Wformat -Werror=format-security -fno-plt -march=loongarch64 -mabi=lp64d -mstrict-align -O2 -DTHREAD_STACK_SIZE=0x200000 -fno-semantic-interposition -flto -ffat-lto-objects -g -std=c11 -Wextra -Wno-unused-parameter -Wno-missing-field-initializers -Wstrict-prototypes -Werror=implicit-function-declaration -fvisibility=hidden -fprofile-generate -fprofile-update=atomic -I./Include/internal -I./Include/internal/mimalloc  -I. -I./Include -I/app/target/cpython-strict/sysroot/usr/include  -fPIC -fPIC -c ./Modules/mmapmodule.c -o Modules/mmapmodule.o
/app/target/cpython-strict/cross/loongarch64-linux-musl-gcc -shared -L/app/target/cpython-strict/sysroot/usr/lib -L/app/target/cpython-strict/sysroot/lib -Wl,-rpath-link,/app/target/cpython-strict/sysroot/usr/lib -Wl,-rpath-link,/app/target/cpython-strict/sysroot/lib -Wl,--as-needed -Wl,-O1 -Wl,--sort-common  -L/app/target/cpython-strict/sysroot/usr/lib -L/app/target/cpython-strict/sysroot/lib -Wl,-rpath-link,/app/target/cpython-strict/sysroot/usr/lib -Wl,-rpath-link,/app/target/cpython-strict/sysroot/lib -Wl,--as-needed -Wl,-O1 -Wl,--sort-common -Wl,-z,stack-size=0x200000 -fno-semantic-interposition -flto -ffat-lto-objects -g -fprofile-generate -fprofile-update=atomic  Modules/mmapmodule.o   -o Modules/mmap.cpython-314.so
/app/target/cpython-strict/cross/loongarch64-linux-musl-gcc  -fno-strict-overflow -Wsign-compare -DNDEBUG -g -O3 -Wall -Os -fstack-clash-protection -Wformat -Werror=format-security -fno-plt -march=loongarch64 -mabi=lp64d -mstrict-align   -Os -fstack-clash-protection -Wformat -Werror=format-security -fno-plt -march=loongarch64 -mabi=lp64d -mstrict-align -O2 -DTHREAD_STACK_SIZE=0x200000 -fno-semantic-interposition -flto -ffat-lto-objects -g -std=c11 -Wextra -Wno-unused-parameter -Wno-missing-field-initializers -Wstrict-prototypes -Werror=implicit-function-declaration -fvisibility=hidden -fprofile-generate -fprofile-update=atomic -I./Include/internal -I./Include/internal/mimalloc  -I. -I./Include -I/app/target/cpython-strict/sysroot/usr/include  -fPIC -fPIC -c ./Modules/_posixsubprocess.c -o Modules/_posixsubprocess.o
/app/target/cpython-strict/cross/loongarch64-linux-musl-gcc -shared -L/app/target/cpython-strict/sysroot/usr/lib -L/app/target/cpython-strict/sysroot/lib -Wl,-rpath-link,/app/target/cpython-strict/sysroot/usr/lib -Wl,-rpath-link,/app/target/cpython-strict/sysroot/lib -Wl,--as-needed -Wl,-O1 -Wl,--sort-common  -L/app/target/cpython-strict/sysroot/usr/lib -L/app/target/cpython-strict/sysroot/lib -Wl,-rpath-link,/app/target/cpython-strict/sysroot/usr/lib -Wl,-rpath-link,/app/target/cpython-strict/sysroot/lib -Wl,--as-needed -Wl,-O1 -Wl,--sort-common -Wl,-z,stack-size=0x200000 -fno-semantic-interposition -flto -ffat-lto-objects -g -fprofile-generate -fprofile-update=atomic  Modules/_posixsubprocess.o   -o Modules/_posixsubprocess.cpython-314.so
/app/target/cpython-strict/cross/loongarch64-linux-musl-gcc  -fno-strict-overflow -Wsign-compare -DNDEBUG -g -O3 -Wall -Os -fstack-clash-protection -Wformat -Werror=format-security -fno-plt -march=loongarch64 -mabi=lp64d -mstrict-align   -Os -fstack-clash-protection -Wformat -Werror=format-security -fno-plt -march=loongarch64 -mabi=lp64d -mstrict-align -O2 -DTHREAD_STACK_SIZE=0x200000 -fno-semantic-interposition -flto -ffat-lto-objects -g -std=c11 -Wextra -Wno-unused-parameter -Wno-missing-field-initializers -Wstrict-prototypes -Werror=implicit-function-declaration -fvisibility=hidden -fprofile-generate -fprofile-update=atomic -I./Include/internal -I./Include/internal/mimalloc  -I. -I./Include -I/app/target/cpython-strict/sysroot/usr/include  -fPIC -fPIC -c ./Modules/resource.c -o Modules/resource.o
/app/target/cpython-strict/cross/loongarch64-linux-musl-gcc -shared -L/app/target/cpython-strict/sysroot/usr/lib -L/app/target/cpython-strict/sysroot/lib -Wl,-rpath-link,/app/target/cpython-strict/sysroot/usr/lib -Wl,-rpath-link,/app/target/cpython-strict/sysroot/lib -Wl,--as-needed -Wl,-O1 -Wl,--sort-common  -L/app/target/cpython-strict/sysroot/usr/lib -L/app/target/cpython-strict/sysroot/lib -Wl,-rpath-link,/app/target/cpython-strict/sysroot/usr/lib -Wl,-rpath-link,/app/target/cpython-strict/sysroot/lib -Wl,--as-needed -Wl,-O1 -Wl,--sort-common -Wl,-z,stack-size=0x200000 -fno-semantic-interposition -flto -ffat-lto-objects -g -fprofile-generate -fprofile-update=atomic  Modules/resource.o   -o Modules/resource.cpython-314.so
/app/target/cpython-strict/cross/loongarch64-linux-musl-gcc  -fno-strict-overflow -Wsign-compare -DNDEBUG -g -O3 -Wall -Os -fstack-clash-protection -Wformat -Werror=format-security -fno-plt -march=loongarch64 -mabi=lp64d -mstrict-align   -Os -fstack-clash-protection -Wformat -Werror=format-security -fno-plt -march=loongarch64 -mabi=lp64d -mstrict-align -O2 -DTHREAD_STACK_SIZE=0x200000 -fno-semantic-interposition -flto -ffat-lto-objects -g -std=c11 -Wextra -Wno-unused-parameter -Wno-missing-field-initializers -Wstrict-prototypes -Werror=implicit-function-declaration -fvisibility=hidden -fprofile-generate -fprofile-update=atomic -I./Include/internal -I./Include/internal/mimalloc  -I. -I./Include -I/app/target/cpython-strict/sysroot/usr/include  -fPIC -fPIC -c ./Modules/selectmodule.c -o Modules/selectmodule.o
/app/target/cpython-strict/cross/loongarch64-linux-musl-gcc -shared -L/app/target/cpython-strict/sysroot/usr/lib -L/app/target/cpython-strict/sysroot/lib -Wl,-rpath-link,/app/target/cpython-strict/sysroot/usr/lib -Wl,-rpath-link,/app/target/cpython-strict/sysroot/lib -Wl,--as-needed -Wl,-O1 -Wl,--sort-common  -L/app/target/cpython-strict/sysroot/usr/lib -L/app/target/cpython-strict/sysroot/lib -Wl,-rpath-link,/app/target/cpython-strict/sysroot/usr/lib -Wl,-rpath-link,/app/target/cpython-strict/sysroot/lib -Wl,--as-needed -Wl,-O1 -Wl,--sort-common -Wl,-z,stack-size=0x200000 -fno-semantic-interposition -flto -ffat-lto-objects -g -fprofile-generate -fprofile-update=atomic  Modules/selectmodule.o   -o Modules/select.cpython-314.so
/app/target/cpython-strict/cross/loongarch64-linux-musl-gcc  -fno-strict-overflow -Wsign-compare -DNDEBUG -g -O3 -Wall -Os -fstack-clash-protection -Wformat -Werror=format-security -fno-plt -march=loongarch64 -mabi=lp64d -mstrict-align   -Os -fstack-clash-protection -Wformat -Werror=format-security -fno-plt -march=loongarch64 -mabi=lp64d -mstrict-align -O2 -DTHREAD_STACK_SIZE=0x200000 -fno-semantic-interposition -flto -ffat-lto-objects -g -std=c11 -Wextra -Wno-unused-parameter -Wno-missing-field-initializers -Wstrict-prototypes -Werror=implicit-function-declaration -fvisibility=hidden -fprofile-generate -fprofile-update=atomic -I./Include/internal -I./Include/internal/mimalloc  -I. -I./Include -I/app/target/cpython-strict/sysroot/usr/include  -fPIC -fPIC -c ./Modules/socketmodule.c -o Modules/socketmodule.o
./Modules/socketmodule.c: In function 'getsockaddrarg':
./Modules/socketmodule.c:2636:9: warning: 'strncpy' specified bound 64 equals destination size [-Wstringop-truncation]
 2636 |         strncpy((char *)sa->salg_name, name, sizeof(sa->salg_name));
      |         ^~~~~~~~~~~~~~~~~~~~~~~~~~~~~~~~~~~~~~~~~~~~~~~~~~~~~~~~~~~
/app/target/cpython-strict/cross/loongarch64-linux-musl-gcc -shared -L/app/target/cpython-strict/sysroot/usr/lib -L/app/target/cpython-strict/sysroot/lib -Wl,-rpath-link,/app/target/cpython-strict/sysroot/usr/lib -Wl,-rpath-link,/app/target/cpython-strict/sysroot/lib -Wl,--as-needed -Wl,-O1 -Wl,--sort-common  -L/app/target/cpython-strict/sysroot/usr/lib -L/app/target/cpython-strict/sysroot/lib -Wl,-rpath-link,/app/target/cpython-strict/sysroot/usr/lib -Wl,-rpath-link,/app/target/cpython-strict/sysroot/lib -Wl,--as-needed -Wl,-O1 -Wl,--sort-common -Wl,-z,stack-size=0x200000 -fno-semantic-interposition -flto -ffat-lto-objects -g -fprofile-generate -fprofile-update=atomic  Modules/socketmodule.o   -o Modules/_socket.cpython-314.so
lto-wrapper: warning: using serial compilation of 2 LTRANS jobs
lto-wrapper: note: see the '-flto' option documentation for more information
/app/target/cpython-strict/cross/loongarch64-linux-musl-gcc  -fno-strict-overflow -Wsign-compare -DNDEBUG -g -O3 -Wall -Os -fstack-clash-protection -Wformat -Werror=format-security -fno-plt -march=loongarch64 -mabi=lp64d -mstrict-align   -Os -fstack-clash-protection -Wformat -Werror=format-security -fno-plt -march=loongarch64 -mabi=lp64d -mstrict-align -O2 -DTHREAD_STACK_SIZE=0x200000 -fno-semantic-interposition -flto -ffat-lto-objects -g -std=c11 -Wextra -Wno-unused-parameter -Wno-missing-field-initializers -Wstrict-prototypes -Werror=implicit-function-declaration -fvisibility=hidden -fprofile-generate -fprofile-update=atomic -I./Include/internal -I./Include/internal/mimalloc  -I. -I./Include -I/app/target/cpython-strict/sysroot/usr/include  -fPIC -fPIC -c ./Modules/syslogmodule.c -o Modules/syslogmodule.o
/app/target/cpython-strict/cross/loongarch64-linux-musl-gcc -shared -L/app/target/cpython-strict/sysroot/usr/lib -L/app/target/cpython-strict/sysroot/lib -Wl,-rpath-link,/app/target/cpython-strict/sysroot/usr/lib -Wl,-rpath-link,/app/target/cpython-strict/sysroot/lib -Wl,--as-needed -Wl,-O1 -Wl,--sort-common  -L/app/target/cpython-strict/sysroot/usr/lib -L/app/target/cpython-strict/sysroot/lib -Wl,-rpath-link,/app/target/cpython-strict/sysroot/usr/lib -Wl,-rpath-link,/app/target/cpython-strict/sysroot/lib -Wl,--as-needed -Wl,-O1 -Wl,--sort-common -Wl,-z,stack-size=0x200000 -fno-semantic-interposition -flto -ffat-lto-objects -g -fprofile-generate -fprofile-update=atomic  Modules/syslogmodule.o   -o Modules/syslog.cpython-314.so
/app/target/cpython-strict/cross/loongarch64-linux-musl-gcc  -fno-strict-overflow -Wsign-compare -DNDEBUG -g -O3 -Wall -Os -fstack-clash-protection -Wformat -Werror=format-security -fno-plt -march=loongarch64 -mabi=lp64d -mstrict-align   -Os -fstack-clash-protection -Wformat -Werror=format-security -fno-plt -march=loongarch64 -mabi=lp64d -mstrict-align -O2 -DTHREAD_STACK_SIZE=0x200000 -fno-semantic-interposition -flto -ffat-lto-objects -g -std=c11 -Wextra -Wno-unused-parameter -Wno-missing-field-initializers -Wstrict-prototypes -Werror=implicit-function-declaration -fvisibility=hidden -fprofile-generate -fprofile-update=atomic -I./Include/internal -I./Include/internal/mimalloc  -I. -I./Include -I/app/target/cpython-strict/sysroot/usr/include  -fPIC -fPIC -c ./Modules/termios.c -o Modules/termios.o
/app/target/cpython-strict/cross/loongarch64-linux-musl-gcc -shared -L/app/target/cpython-strict/sysroot/usr/lib -L/app/target/cpython-strict/sysroot/lib -Wl,-rpath-link,/app/target/cpython-strict/sysroot/usr/lib -Wl,-rpath-link,/app/target/cpython-strict/sysroot/lib -Wl,--as-needed -Wl,-O1 -Wl,--sort-common  -L/app/target/cpython-strict/sysroot/usr/lib -L/app/target/cpython-strict/sysroot/lib -Wl,-rpath-link,/app/target/cpython-strict/sysroot/usr/lib -Wl,-rpath-link,/app/target/cpython-strict/sysroot/lib -Wl,--as-needed -Wl,-O1 -Wl,--sort-common -Wl,-z,stack-size=0x200000 -fno-semantic-interposition -flto -ffat-lto-objects -g -fprofile-generate -fprofile-update=atomic  Modules/termios.o   -o Modules/termios.cpython-314.so
/app/target/cpython-strict/cross/loongarch64-linux-musl-gcc -I./Modules/_multiprocessing -fno-strict-overflow -Wsign-compare -DNDEBUG -g -O3 -Wall -Os -fstack-clash-protection -Wformat -Werror=format-security -fno-plt -march=loongarch64 -mabi=lp64d -mstrict-align   -Os -fstack-clash-protection -Wformat -Werror=format-security -fno-plt -march=loongarch64 -mabi=lp64d -mstrict-align -O2 -DTHREAD_STACK_SIZE=0x200000 -fno-semantic-interposition -flto -ffat-lto-objects -g -std=c11 -Wextra -Wno-unused-parameter -Wno-missing-field-initializers -Wstrict-prototypes -Werror=implicit-function-declaration -fvisibility=hidden -fprofile-generate -fprofile-update=atomic -I./Include/internal -I./Include/internal/mimalloc  -I. -I./Include -I/app/target/cpython-strict/sysroot/usr/include  -fPIC -fPIC -c ./Modules/_multiprocessing/posixshmem.c -o Modules/_multiprocessing/posixshmem.o
/app/target/cpython-strict/cross/loongarch64-linux-musl-gcc -shared -L/app/target/cpython-strict/sysroot/usr/lib -L/app/target/cpython-strict/sysroot/lib -Wl,-rpath-link,/app/target/cpython-strict/sysroot/usr/lib -Wl,-rpath-link,/app/target/cpython-strict/sysroot/lib -Wl,--as-needed -Wl,-O1 -Wl,--sort-common  -L/app/target/cpython-strict/sysroot/usr/lib -L/app/target/cpython-strict/sysroot/lib -Wl,-rpath-link,/app/target/cpython-strict/sysroot/usr/lib -Wl,-rpath-link,/app/target/cpython-strict/sysroot/lib -Wl,--as-needed -Wl,-O1 -Wl,--sort-common -Wl,-z,stack-size=0x200000 -fno-semantic-interposition -flto -ffat-lto-objects -g -fprofile-generate -fprofile-update=atomic  Modules/_multiprocessing/posixshmem.o   -o Modules/_posixshmem.cpython-314.so
/app/target/cpython-strict/cross/loongarch64-linux-musl-gcc -I./Modules/_multiprocessing -fno-strict-overflow -Wsign-compare -DNDEBUG -g -O3 -Wall -Os -fstack-clash-protection -Wformat -Werror=format-security -fno-plt -march=loongarch64 -mabi=lp64d -mstrict-align   -Os -fstack-clash-protection -Wformat -Werror=format-security -fno-plt -march=loongarch64 -mabi=lp64d -mstrict-align -O2 -DTHREAD_STACK_SIZE=0x200000 -fno-semantic-interposition -flto -ffat-lto-objects -g -std=c11 -Wextra -Wno-unused-parameter -Wno-missing-field-initializers -Wstrict-prototypes -Werror=implicit-function-declaration -fvisibility=hidden -fprofile-generate -fprofile-update=atomic -I./Include/internal -I./Include/internal/mimalloc  -I. -I./Include -I/app/target/cpython-strict/sysroot/usr/include  -fPIC -fPIC -c ./Modules/_multiprocessing/multiprocessing.c -o Modules/_multiprocessing/multiprocessing.o
/app/target/cpython-strict/cross/loongarch64-linux-musl-gcc -I./Modules/_multiprocessing -fno-strict-overflow -Wsign-compare -DNDEBUG -g -O3 -Wall -Os -fstack-clash-protection -Wformat -Werror=format-security -fno-plt -march=loongarch64 -mabi=lp64d -mstrict-align   -Os -fstack-clash-protection -Wformat -Werror=format-security -fno-plt -march=loongarch64 -mabi=lp64d -mstrict-align -O2 -DTHREAD_STACK_SIZE=0x200000 -fno-semantic-interposition -flto -ffat-lto-objects -g -std=c11 -Wextra -Wno-unused-parameter -Wno-missing-field-initializers -Wstrict-prototypes -Werror=implicit-function-declaration -fvisibility=hidden -fprofile-generate -fprofile-update=atomic -I./Include/internal -I./Include/internal/mimalloc  -I. -I./Include -I/app/target/cpython-strict/sysroot/usr/include  -fPIC -fPIC -c ./Modules/_multiprocessing/semaphore.c -o Modules/_multiprocessing/semaphore.o
/app/target/cpython-strict/cross/loongarch64-linux-musl-gcc -shared -L/app/target/cpython-strict/sysroot/usr/lib -L/app/target/cpython-strict/sysroot/lib -Wl,-rpath-link,/app/target/cpython-strict/sysroot/usr/lib -Wl,-rpath-link,/app/target/cpython-strict/sysroot/lib -Wl,--as-needed -Wl,-O1 -Wl,--sort-common  -L/app/target/cpython-strict/sysroot/usr/lib -L/app/target/cpython-strict/sysroot/lib -Wl,-rpath-link,/app/target/cpython-strict/sysroot/usr/lib -Wl,-rpath-link,/app/target/cpython-strict/sysroot/lib -Wl,--as-needed -Wl,-O1 -Wl,--sort-common -Wl,-z,stack-size=0x200000 -fno-semantic-interposition -flto -ffat-lto-objects -g -fprofile-generate -fprofile-update=atomic  Modules/_multiprocessing/multiprocessing.o Modules/_multiprocessing/semaphore.o   -o Modules/_multiprocessing.cpython-314.so
/app/target/cpython-strict/cross/loongarch64-linux-musl-gcc -fno-strict-overflow -I/app/target/cpython-strict/sysroot/usr/include  -fno-strict-overflow -Wsign-compare -DNDEBUG -g -O3 -Wall -Os -fstack-clash-protection -Wformat -Werror=format-security -fno-plt -march=loongarch64 -mabi=lp64d -mstrict-align   -Os -fstack-clash-protection -Wformat -Werror=format-security -fno-plt -march=loongarch64 -mabi=lp64d -mstrict-align -O2 -DTHREAD_STACK_SIZE=0x200000 -fno-semantic-interposition -flto -ffat-lto-objects -g -std=c11 -Wextra -Wno-unused-parameter -Wno-missing-field-initializers -Wstrict-prototypes -Werror=implicit-function-declaration -fvisibility=hidden -fprofile-generate -fprofile-update=atomic -I./Include/internal -I./Include/internal/mimalloc  -I. -I./Include -I/app/target/cpython-strict/sysroot/usr/include  -fPIC -fPIC -c ./Modules/_ctypes/_ctypes.c -o Modules/_ctypes/_ctypes.o
/app/target/cpython-strict/cross/loongarch64-linux-musl-gcc -fno-strict-overflow -I/app/target/cpython-strict/sysroot/usr/include  -fno-strict-overflow -Wsign-compare -DNDEBUG -g -O3 -Wall -Os -fstack-clash-protection -Wformat -Werror=format-security -fno-plt -march=loongarch64 -mabi=lp64d -mstrict-align   -Os -fstack-clash-protection -Wformat -Werror=format-security -fno-plt -march=loongarch64 -mabi=lp64d -mstrict-align -O2 -DTHREAD_STACK_SIZE=0x200000 -fno-semantic-interposition -flto -ffat-lto-objects -g -std=c11 -Wextra -Wno-unused-parameter -Wno-missing-field-initializers -Wstrict-prototypes -Werror=implicit-function-declaration -fvisibility=hidden -fprofile-generate -fprofile-update=atomic -I./Include/internal -I./Include/internal/mimalloc  -I. -I./Include -I/app/target/cpython-strict/sysroot/usr/include  -fPIC -fPIC -c ./Modules/_ctypes/callbacks.c -o Modules/_ctypes/callbacks.o
/app/target/cpython-strict/cross/loongarch64-linux-musl-gcc -fno-strict-overflow -I/app/target/cpython-strict/sysroot/usr/include  -fno-strict-overflow -Wsign-compare -DNDEBUG -g -O3 -Wall -Os -fstack-clash-protection -Wformat -Werror=format-security -fno-plt -march=loongarch64 -mabi=lp64d -mstrict-align   -Os -fstack-clash-protection -Wformat -Werror=format-security -fno-plt -march=loongarch64 -mabi=lp64d -mstrict-align -O2 -DTHREAD_STACK_SIZE=0x200000 -fno-semantic-interposition -flto -ffat-lto-objects -g -std=c11 -Wextra -Wno-unused-parameter -Wno-missing-field-initializers -Wstrict-prototypes -Werror=implicit-function-declaration -fvisibility=hidden -fprofile-generate -fprofile-update=atomic -I./Include/internal -I./Include/internal/mimalloc  -I. -I./Include -I/app/target/cpython-strict/sysroot/usr/include  -fPIC -fPIC -c ./Modules/_ctypes/callproc.c -o Modules/_ctypes/callproc.o
/app/target/cpython-strict/cross/loongarch64-linux-musl-gcc -fno-strict-overflow -I/app/target/cpython-strict/sysroot/usr/include  -fno-strict-overflow -Wsign-compare -DNDEBUG -g -O3 -Wall -Os -fstack-clash-protection -Wformat -Werror=format-security -fno-plt -march=loongarch64 -mabi=lp64d -mstrict-align   -Os -fstack-clash-protection -Wformat -Werror=format-security -fno-plt -march=loongarch64 -mabi=lp64d -mstrict-align -O2 -DTHREAD_STACK_SIZE=0x200000 -fno-semantic-interposition -flto -ffat-lto-objects -g -std=c11 -Wextra -Wno-unused-parameter -Wno-missing-field-initializers -Wstrict-prototypes -Werror=implicit-function-declaration -fvisibility=hidden -fprofile-generate -fprofile-update=atomic -I./Include/internal -I./Include/internal/mimalloc  -I. -I./Include -I/app/target/cpython-strict/sysroot/usr/include  -fPIC -fPIC -c ./Modules/_ctypes/stgdict.c -o Modules/_ctypes/stgdict.o
/app/target/cpython-strict/cross/loongarch64-linux-musl-gcc -fno-strict-overflow -I/app/target/cpython-strict/sysroot/usr/include  -fno-strict-overflow -Wsign-compare -DNDEBUG -g -O3 -Wall -Os -fstack-clash-protection -Wformat -Werror=format-security -fno-plt -march=loongarch64 -mabi=lp64d -mstrict-align   -Os -fstack-clash-protection -Wformat -Werror=format-security -fno-plt -march=loongarch64 -mabi=lp64d -mstrict-align -O2 -DTHREAD_STACK_SIZE=0x200000 -fno-semantic-interposition -flto -ffat-lto-objects -g -std=c11 -Wextra -Wno-unused-parameter -Wno-missing-field-initializers -Wstrict-prototypes -Werror=implicit-function-declaration -fvisibility=hidden -fprofile-generate -fprofile-update=atomic -I./Include/internal -I./Include/internal/mimalloc  -I. -I./Include -I/app/target/cpython-strict/sysroot/usr/include  -fPIC -fPIC -c ./Modules/_ctypes/cfield.c -o Modules/_ctypes/cfield.o
/app/target/cpython-strict/cross/loongarch64-linux-musl-gcc -shared -L/app/target/cpython-strict/sysroot/usr/lib -L/app/target/cpython-strict/sysroot/lib -Wl,-rpath-link,/app/target/cpython-strict/sysroot/usr/lib -Wl,-rpath-link,/app/target/cpython-strict/sysroot/lib -Wl,--as-needed -Wl,-O1 -Wl,--sort-common  -L/app/target/cpython-strict/sysroot/usr/lib -L/app/target/cpython-strict/sysroot/lib -Wl,-rpath-link,/app/target/cpython-strict/sysroot/usr/lib -Wl,-rpath-link,/app/target/cpython-strict/sysroot/lib -Wl,--as-needed -Wl,-O1 -Wl,--sort-common -Wl,-z,stack-size=0x200000 -fno-semantic-interposition -flto -ffat-lto-objects -g -fprofile-generate -fprofile-update=atomic  Modules/_ctypes/_ctypes.o Modules/_ctypes/callbacks.o Modules/_ctypes/callproc.o Modules/_ctypes/stgdict.o Modules/_ctypes/cfield.o -L/app/target/cpython-strict/sysroot/usr/lib/../lib64 -lffi  -ldl  -o Modules/_ctypes.cpython-314.so
lto-wrapper: warning: using serial compilation of 4 LTRANS jobs
lto-wrapper: note: see the '-flto' option documentation for more information
/app/target/cpython-strict/cross/loongarch64-linux-musl-gcc -D_BSD_SOURCE -DNCURSES_WIDECHAR -fno-strict-overflow -Wsign-compare -DNDEBUG -g -O3 -Wall -Os -fstack-clash-protection -Wformat -Werror=format-security -fno-plt -march=loongarch64 -mabi=lp64d -mstrict-align   -Os -fstack-clash-protection -Wformat -Werror=format-security -fno-plt -march=loongarch64 -mabi=lp64d -mstrict-align -O2 -DTHREAD_STACK_SIZE=0x200000 -fno-semantic-interposition -flto -ffat-lto-objects -g -std=c11 -Wextra -Wno-unused-parameter -Wno-missing-field-initializers -Wstrict-prototypes -Werror=implicit-function-declaration -fvisibility=hidden -fprofile-generate -fprofile-update=atomic -I./Include/internal -I./Include/internal/mimalloc  -I. -I./Include -I/app/target/cpython-strict/sysroot/usr/include  -fPIC -fPIC -c ./Modules/_cursesmodule.c -o Modules/_cursesmodule.o
/app/target/cpython-strict/cross/loongarch64-linux-musl-gcc -shared -L/app/target/cpython-strict/sysroot/usr/lib -L/app/target/cpython-strict/sysroot/lib -Wl,-rpath-link,/app/target/cpython-strict/sysroot/usr/lib -Wl,-rpath-link,/app/target/cpython-strict/sysroot/lib -Wl,--as-needed -Wl,-O1 -Wl,--sort-common  -L/app/target/cpython-strict/sysroot/usr/lib -L/app/target/cpython-strict/sysroot/lib -Wl,-rpath-link,/app/target/cpython-strict/sysroot/usr/lib -Wl,-rpath-link,/app/target/cpython-strict/sysroot/lib -Wl,--as-needed -Wl,-O1 -Wl,--sort-common -Wl,-z,stack-size=0x200000 -fno-semantic-interposition -flto -ffat-lto-objects -g -fprofile-generate -fprofile-update=atomic  Modules/_cursesmodule.o -lncursesw -ltinfow   -o Modules/_curses.cpython-314.so
lto-wrapper: warning: using serial compilation of 3 LTRANS jobs
lto-wrapper: note: see the '-flto' option documentation for more information
/app/target/cpython-strict/cross/loongarch64-linux-musl-gcc -D_BSD_SOURCE -DNCURSES_WIDECHAR -D_BSD_SOURCE -DNCURSES_WIDECHAR -fno-strict-overflow -Wsign-compare -DNDEBUG -g -O3 -Wall -Os -fstack-clash-protection -Wformat -Werror=format-security -fno-plt -march=loongarch64 -mabi=lp64d -mstrict-align   -Os -fstack-clash-protection -Wformat -Werror=format-security -fno-plt -march=loongarch64 -mabi=lp64d -mstrict-align -O2 -DTHREAD_STACK_SIZE=0x200000 -fno-semantic-interposition -flto -ffat-lto-objects -g -std=c11 -Wextra -Wno-unused-parameter -Wno-missing-field-initializers -Wstrict-prototypes -Werror=implicit-function-declaration -fvisibility=hidden -fprofile-generate -fprofile-update=atomic -I./Include/internal -I./Include/internal/mimalloc  -I. -I./Include -I/app/target/cpython-strict/sysroot/usr/include  -fPIC -fPIC -c ./Modules/_curses_panel.c -o Modules/_curses_panel.o
/app/target/cpython-strict/cross/loongarch64-linux-musl-gcc -shared -L/app/target/cpython-strict/sysroot/usr/lib -L/app/target/cpython-strict/sysroot/lib -Wl,-rpath-link,/app/target/cpython-strict/sysroot/usr/lib -Wl,-rpath-link,/app/target/cpython-strict/sysroot/lib -Wl,--as-needed -Wl,-O1 -Wl,--sort-common  -L/app/target/cpython-strict/sysroot/usr/lib -L/app/target/cpython-strict/sysroot/lib -Wl,-rpath-link,/app/target/cpython-strict/sysroot/usr/lib -Wl,-rpath-link,/app/target/cpython-strict/sysroot/lib -Wl,--as-needed -Wl,-O1 -Wl,--sort-common -Wl,-z,stack-size=0x200000 -fno-semantic-interposition -flto -ffat-lto-objects -g -fprofile-generate -fprofile-update=atomic  Modules/_curses_panel.o -lpanelw  -lncursesw -ltinfow   -o Modules/_curses_panel.cpython-314.so
/app/target/cpython-strict/cross/loongarch64-linux-musl-gcc -I/app/target/cpython-strict/sysroot/usr/include  -I./Modules/_sqlite -fno-strict-overflow -Wsign-compare -DNDEBUG -g -O3 -Wall -Os -fstack-clash-protection -Wformat -Werror=format-security -fno-plt -march=loongarch64 -mabi=lp64d -mstrict-align   -Os -fstack-clash-protection -Wformat -Werror=format-security -fno-plt -march=loongarch64 -mabi=lp64d -mstrict-align -O2 -DTHREAD_STACK_SIZE=0x200000 -fno-semantic-interposition -flto -ffat-lto-objects -g -std=c11 -Wextra -Wno-unused-parameter -Wno-missing-field-initializers -Wstrict-prototypes -Werror=implicit-function-declaration -fvisibility=hidden -fprofile-generate -fprofile-update=atomic -I./Include/internal -I./Include/internal/mimalloc  -I. -I./Include -I/app/target/cpython-strict/sysroot/usr/include  -fPIC -fPIC -c ./Modules/_sqlite/blob.c -o Modules/_sqlite/blob.o
/app/target/cpython-strict/cross/loongarch64-linux-musl-gcc -I/app/target/cpython-strict/sysroot/usr/include  -I./Modules/_sqlite -fno-strict-overflow -Wsign-compare -DNDEBUG -g -O3 -Wall -Os -fstack-clash-protection -Wformat -Werror=format-security -fno-plt -march=loongarch64 -mabi=lp64d -mstrict-align   -Os -fstack-clash-protection -Wformat -Werror=format-security -fno-plt -march=loongarch64 -mabi=lp64d -mstrict-align -O2 -DTHREAD_STACK_SIZE=0x200000 -fno-semantic-interposition -flto -ffat-lto-objects -g -std=c11 -Wextra -Wno-unused-parameter -Wno-missing-field-initializers -Wstrict-prototypes -Werror=implicit-function-declaration -fvisibility=hidden -fprofile-generate -fprofile-update=atomic -I./Include/internal -I./Include/internal/mimalloc  -I. -I./Include -I/app/target/cpython-strict/sysroot/usr/include  -fPIC -fPIC -c ./Modules/_sqlite/connection.c -o Modules/_sqlite/connection.o
/app/target/cpython-strict/cross/loongarch64-linux-musl-gcc -I/app/target/cpython-strict/sysroot/usr/include  -I./Modules/_sqlite -fno-strict-overflow -Wsign-compare -DNDEBUG -g -O3 -Wall -Os -fstack-clash-protection -Wformat -Werror=format-security -fno-plt -march=loongarch64 -mabi=lp64d -mstrict-align   -Os -fstack-clash-protection -Wformat -Werror=format-security -fno-plt -march=loongarch64 -mabi=lp64d -mstrict-align -O2 -DTHREAD_STACK_SIZE=0x200000 -fno-semantic-interposition -flto -ffat-lto-objects -g -std=c11 -Wextra -Wno-unused-parameter -Wno-missing-field-initializers -Wstrict-prototypes -Werror=implicit-function-declaration -fvisibility=hidden -fprofile-generate -fprofile-update=atomic -I./Include/internal -I./Include/internal/mimalloc  -I. -I./Include -I/app/target/cpython-strict/sysroot/usr/include  -fPIC -fPIC -c ./Modules/_sqlite/cursor.c -o Modules/_sqlite/cursor.o
/app/target/cpython-strict/cross/loongarch64-linux-musl-gcc -I/app/target/cpython-strict/sysroot/usr/include  -I./Modules/_sqlite -fno-strict-overflow -Wsign-compare -DNDEBUG -g -O3 -Wall -Os -fstack-clash-protection -Wformat -Werror=format-security -fno-plt -march=loongarch64 -mabi=lp64d -mstrict-align   -Os -fstack-clash-protection -Wformat -Werror=format-security -fno-plt -march=loongarch64 -mabi=lp64d -mstrict-align -O2 -DTHREAD_STACK_SIZE=0x200000 -fno-semantic-interposition -flto -ffat-lto-objects -g -std=c11 -Wextra -Wno-unused-parameter -Wno-missing-field-initializers -Wstrict-prototypes -Werror=implicit-function-declaration -fvisibility=hidden -fprofile-generate -fprofile-update=atomic -I./Include/internal -I./Include/internal/mimalloc  -I. -I./Include -I/app/target/cpython-strict/sysroot/usr/include  -fPIC -fPIC -c ./Modules/_sqlite/microprotocols.c -o Modules/_sqlite/microprotocols.o
/app/target/cpython-strict/cross/loongarch64-linux-musl-gcc -I/app/target/cpython-strict/sysroot/usr/include  -I./Modules/_sqlite -fno-strict-overflow -Wsign-compare -DNDEBUG -g -O3 -Wall -Os -fstack-clash-protection -Wformat -Werror=format-security -fno-plt -march=loongarch64 -mabi=lp64d -mstrict-align   -Os -fstack-clash-protection -Wformat -Werror=format-security -fno-plt -march=loongarch64 -mabi=lp64d -mstrict-align -O2 -DTHREAD_STACK_SIZE=0x200000 -fno-semantic-interposition -flto -ffat-lto-objects -g -std=c11 -Wextra -Wno-unused-parameter -Wno-missing-field-initializers -Wstrict-prototypes -Werror=implicit-function-declaration -fvisibility=hidden -fprofile-generate -fprofile-update=atomic -I./Include/internal -I./Include/internal/mimalloc  -I. -I./Include -I/app/target/cpython-strict/sysroot/usr/include  -fPIC -fPIC -c ./Modules/_sqlite/module.c -o Modules/_sqlite/module.o
/app/target/cpython-strict/cross/loongarch64-linux-musl-gcc -I/app/target/cpython-strict/sysroot/usr/include  -I./Modules/_sqlite -fno-strict-overflow -Wsign-compare -DNDEBUG -g -O3 -Wall -Os -fstack-clash-protection -Wformat -Werror=format-security -fno-plt -march=loongarch64 -mabi=lp64d -mstrict-align   -Os -fstack-clash-protection -Wformat -Werror=format-security -fno-plt -march=loongarch64 -mabi=lp64d -mstrict-align -O2 -DTHREAD_STACK_SIZE=0x200000 -fno-semantic-interposition -flto -ffat-lto-objects -g -std=c11 -Wextra -Wno-unused-parameter -Wno-missing-field-initializers -Wstrict-prototypes -Werror=implicit-function-declaration -fvisibility=hidden -fprofile-generate -fprofile-update=atomic -I./Include/internal -I./Include/internal/mimalloc  -I. -I./Include -I/app/target/cpython-strict/sysroot/usr/include  -fPIC -fPIC -c ./Modules/_sqlite/prepare_protocol.c -o Modules/_sqlite/prepare_protocol.o
/app/target/cpython-strict/cross/loongarch64-linux-musl-gcc -I/app/target/cpython-strict/sysroot/usr/include  -I./Modules/_sqlite -fno-strict-overflow -Wsign-compare -DNDEBUG -g -O3 -Wall -Os -fstack-clash-protection -Wformat -Werror=format-security -fno-plt -march=loongarch64 -mabi=lp64d -mstrict-align   -Os -fstack-clash-protection -Wformat -Werror=format-security -fno-plt -march=loongarch64 -mabi=lp64d -mstrict-align -O2 -DTHREAD_STACK_SIZE=0x200000 -fno-semantic-interposition -flto -ffat-lto-objects -g -std=c11 -Wextra -Wno-unused-parameter -Wno-missing-field-initializers -Wstrict-prototypes -Werror=implicit-function-declaration -fvisibility=hidden -fprofile-generate -fprofile-update=atomic -I./Include/internal -I./Include/internal/mimalloc  -I. -I./Include -I/app/target/cpython-strict/sysroot/usr/include  -fPIC -fPIC -c ./Modules/_sqlite/row.c -o Modules/_sqlite/row.o
/app/target/cpython-strict/cross/loongarch64-linux-musl-gcc -I/app/target/cpython-strict/sysroot/usr/include  -I./Modules/_sqlite -fno-strict-overflow -Wsign-compare -DNDEBUG -g -O3 -Wall -Os -fstack-clash-protection -Wformat -Werror=format-security -fno-plt -march=loongarch64 -mabi=lp64d -mstrict-align   -Os -fstack-clash-protection -Wformat -Werror=format-security -fno-plt -march=loongarch64 -mabi=lp64d -mstrict-align -O2 -DTHREAD_STACK_SIZE=0x200000 -fno-semantic-interposition -flto -ffat-lto-objects -g -std=c11 -Wextra -Wno-unused-parameter -Wno-missing-field-initializers -Wstrict-prototypes -Werror=implicit-function-declaration -fvisibility=hidden -fprofile-generate -fprofile-update=atomic -I./Include/internal -I./Include/internal/mimalloc  -I. -I./Include -I/app/target/cpython-strict/sysroot/usr/include  -fPIC -fPIC -c ./Modules/_sqlite/statement.c -o Modules/_sqlite/statement.o
/app/target/cpython-strict/cross/loongarch64-linux-musl-gcc -I/app/target/cpython-strict/sysroot/usr/include  -I./Modules/_sqlite -fno-strict-overflow -Wsign-compare -DNDEBUG -g -O3 -Wall -Os -fstack-clash-protection -Wformat -Werror=format-security -fno-plt -march=loongarch64 -mabi=lp64d -mstrict-align   -Os -fstack-clash-protection -Wformat -Werror=format-security -fno-plt -march=loongarch64 -mabi=lp64d -mstrict-align -O2 -DTHREAD_STACK_SIZE=0x200000 -fno-semantic-interposition -flto -ffat-lto-objects -g -std=c11 -Wextra -Wno-unused-parameter -Wno-missing-field-initializers -Wstrict-prototypes -Werror=implicit-function-declaration -fvisibility=hidden -fprofile-generate -fprofile-update=atomic -I./Include/internal -I./Include/internal/mimalloc  -I. -I./Include -I/app/target/cpython-strict/sysroot/usr/include  -fPIC -fPIC -c ./Modules/_sqlite/util.c -o Modules/_sqlite/util.o
/app/target/cpython-strict/cross/loongarch64-linux-musl-gcc -shared -L/app/target/cpython-strict/sysroot/usr/lib -L/app/target/cpython-strict/sysroot/lib -Wl,-rpath-link,/app/target/cpython-strict/sysroot/usr/lib -Wl,-rpath-link,/app/target/cpython-strict/sysroot/lib -Wl,--as-needed -Wl,-O1 -Wl,--sort-common  -L/app/target/cpython-strict/sysroot/usr/lib -L/app/target/cpython-strict/sysroot/lib -Wl,-rpath-link,/app/target/cpython-strict/sysroot/usr/lib -Wl,-rpath-link,/app/target/cpython-strict/sysroot/lib -Wl,--as-needed -Wl,-O1 -Wl,--sort-common -Wl,-z,stack-size=0x200000 -fno-semantic-interposition -flto -ffat-lto-objects -g -fprofile-generate -fprofile-update=atomic  Modules/_sqlite/blob.o Modules/_sqlite/connection.o Modules/_sqlite/cursor.o Modules/_sqlite/microprotocols.o Modules/_sqlite/module.o Modules/_sqlite/prepare_protocol.o Modules/_sqlite/row.o Modules/_sqlite/statement.o Modules/_sqlite/util.o -L/app/target/cpython-strict/sysroot/usr/lib -lsqlite3   -o Modules/_sqlite3.cpython-314.so
lto-wrapper: warning: using serial compilation of 3 LTRANS jobs
lto-wrapper: note: see the '-flto' option documentation for more information
/app/target/cpython-strict/cross/loongarch64-linux-musl-gcc -I/app/target/cpython-strict/sysroot/usr/include  -fno-strict-overflow -Wsign-compare -DNDEBUG -g -O3 -Wall -Os -fstack-clash-protection -Wformat -Werror=format-security -fno-plt -march=loongarch64 -mabi=lp64d -mstrict-align   -Os -fstack-clash-protection -Wformat -Werror=format-security -fno-plt -march=loongarch64 -mabi=lp64d -mstrict-align -O2 -DTHREAD_STACK_SIZE=0x200000 -fno-semantic-interposition -flto -ffat-lto-objects -g -std=c11 -Wextra -Wno-unused-parameter -Wno-missing-field-initializers -Wstrict-prototypes -Werror=implicit-function-declaration -fvisibility=hidden -fprofile-generate -fprofile-update=atomic -I./Include/internal -I./Include/internal/mimalloc  -I. -I./Include -I/app/target/cpython-strict/sysroot/usr/include  -fPIC -fPIC -c ./Modules/_ssl.c -o Modules/_ssl.o
/app/target/cpython-strict/cross/loongarch64-linux-musl-gcc -shared -L/app/target/cpython-strict/sysroot/usr/lib -L/app/target/cpython-strict/sysroot/lib -Wl,-rpath-link,/app/target/cpython-strict/sysroot/usr/lib -Wl,-rpath-link,/app/target/cpython-strict/sysroot/lib -Wl,--as-needed -Wl,-O1 -Wl,--sort-common  -L/app/target/cpython-strict/sysroot/usr/lib -L/app/target/cpython-strict/sysroot/lib -Wl,-rpath-link,/app/target/cpython-strict/sysroot/usr/lib -Wl,-rpath-link,/app/target/cpython-strict/sysroot/lib -Wl,--as-needed -Wl,-O1 -Wl,--sort-common -Wl,-z,stack-size=0x200000 -fno-semantic-interposition -flto -ffat-lto-objects -g -fprofile-generate -fprofile-update=atomic  Modules/_ssl.o -L/app/target/cpython-strict/sysroot/usr/lib   -lssl -lcrypto   -o Modules/_ssl.cpython-314.so
lto-wrapper: warning: using serial compilation of 3 LTRANS jobs
lto-wrapper: note: see the '-flto' option documentation for more information
/app/target/cpython-strict/cross/loongarch64-linux-musl-gcc -I/app/target/cpython-strict/sysroot/usr/include  -fno-strict-overflow -Wsign-compare -DNDEBUG -g -O3 -Wall -Os -fstack-clash-protection -Wformat -Werror=format-security -fno-plt -march=loongarch64 -mabi=lp64d -mstrict-align   -Os -fstack-clash-protection -Wformat -Werror=format-security -fno-plt -march=loongarch64 -mabi=lp64d -mstrict-align -O2 -DTHREAD_STACK_SIZE=0x200000 -fno-semantic-interposition -flto -ffat-lto-objects -g -std=c11 -Wextra -Wno-unused-parameter -Wno-missing-field-initializers -Wstrict-prototypes -Werror=implicit-function-declaration -fvisibility=hidden -fprofile-generate -fprofile-update=atomic -I./Include/internal -I./Include/internal/mimalloc  -I. -I./Include -I/app/target/cpython-strict/sysroot/usr/include  -fPIC -fPIC -c ./Modules/_hashopenssl.c -o Modules/_hashopenssl.o
/app/target/cpython-strict/cross/loongarch64-linux-musl-gcc -shared -L/app/target/cpython-strict/sysroot/usr/lib -L/app/target/cpython-strict/sysroot/lib -Wl,-rpath-link,/app/target/cpython-strict/sysroot/usr/lib -Wl,-rpath-link,/app/target/cpython-strict/sysroot/lib -Wl,--as-needed -Wl,-O1 -Wl,--sort-common  -L/app/target/cpython-strict/sysroot/usr/lib -L/app/target/cpython-strict/sysroot/lib -Wl,-rpath-link,/app/target/cpython-strict/sysroot/usr/lib -Wl,-rpath-link,/app/target/cpython-strict/sysroot/lib -Wl,--as-needed -Wl,-O1 -Wl,--sort-common -Wl,-z,stack-size=0x200000 -fno-semantic-interposition -flto -ffat-lto-objects -g -fprofile-generate -fprofile-update=atomic  Modules/_hashopenssl.o -L/app/target/cpython-strict/sysroot/usr/lib    -lcrypto  -o Modules/_hashlib.cpython-314.so
/app/target/cpython-strict/cross/loongarch64-linux-musl-gcc  -fno-strict-overflow -Wsign-compare -DNDEBUG -g -O3 -Wall -Os -fstack-clash-protection -Wformat -Werror=format-security -fno-plt -march=loongarch64 -mabi=lp64d -mstrict-align   -Os -fstack-clash-protection -Wformat -Werror=format-security -fno-plt -march=loongarch64 -mabi=lp64d -mstrict-align -O2 -DTHREAD_STACK_SIZE=0x200000 -fno-semantic-interposition -flto -ffat-lto-objects -g -std=c11 -Wextra -Wno-unused-parameter -Wno-missing-field-initializers -Wstrict-prototypes -Werror=implicit-function-declaration -fvisibility=hidden -fprofile-generate -fprofile-update=atomic -I./Include/internal -I./Include/internal/mimalloc  -I. -I./Include -I/app/target/cpython-strict/sysroot/usr/include  -fPIC -fPIC -c ./Modules/xxsubtype.c -o Modules/xxsubtype.o
/app/target/cpython-strict/cross/loongarch64-linux-musl-gcc -shared -L/app/target/cpython-strict/sysroot/usr/lib -L/app/target/cpython-strict/sysroot/lib -Wl,-rpath-link,/app/target/cpython-strict/sysroot/usr/lib -Wl,-rpath-link,/app/target/cpython-strict/sysroot/lib -Wl,--as-needed -Wl,-O1 -Wl,--sort-common  -L/app/target/cpython-strict/sysroot/usr/lib -L/app/target/cpython-strict/sysroot/lib -Wl,-rpath-link,/app/target/cpython-strict/sysroot/usr/lib -Wl,-rpath-link,/app/target/cpython-strict/sysroot/lib -Wl,--as-needed -Wl,-O1 -Wl,--sort-common -Wl,-z,stack-size=0x200000 -fno-semantic-interposition -flto -ffat-lto-objects -g -fprofile-generate -fprofile-update=atomic  Modules/xxsubtype.o   -o Modules/xxsubtype.cpython-314.so
/app/target/cpython-strict/cross/loongarch64-linux-musl-gcc  -fno-strict-overflow -Wsign-compare -DNDEBUG -g -O3 -Wall -Os -fstack-clash-protection -Wformat -Werror=format-security -fno-plt -march=loongarch64 -mabi=lp64d -mstrict-align   -Os -fstack-clash-protection -Wformat -Werror=format-security -fno-plt -march=loongarch64 -mabi=lp64d -mstrict-align -O2 -DTHREAD_STACK_SIZE=0x200000 -fno-semantic-interposition -flto -ffat-lto-objects -g -std=c11 -Wextra -Wno-unused-parameter -Wno-missing-field-initializers -Wstrict-prototypes -Werror=implicit-function-declaration -fvisibility=hidden -fprofile-generate -fprofile-update=atomic -I./Include/internal -I./Include/internal/mimalloc  -I. -I./Include -I/app/target/cpython-strict/sysroot/usr/include  -fPIC -fPIC -c ./Modules/_xxtestfuzz/_xxtestfuzz.c -o Modules/_xxtestfuzz/_xxtestfuzz.o
/app/target/cpython-strict/cross/loongarch64-linux-musl-gcc  -fno-strict-overflow -Wsign-compare -DNDEBUG -g -O3 -Wall -Os -fstack-clash-protection -Wformat -Werror=format-security -fno-plt -march=loongarch64 -mabi=lp64d -mstrict-align   -Os -fstack-clash-protection -Wformat -Werror=format-security -fno-plt -march=loongarch64 -mabi=lp64d -mstrict-align -O2 -DTHREAD_STACK_SIZE=0x200000 -fno-semantic-interposition -flto -ffat-lto-objects -g -std=c11 -Wextra -Wno-unused-parameter -Wno-missing-field-initializers -Wstrict-prototypes -Werror=implicit-function-declaration -fvisibility=hidden -fprofile-generate -fprofile-update=atomic -I./Include/internal -I./Include/internal/mimalloc  -I. -I./Include -I/app/target/cpython-strict/sysroot/usr/include  -fPIC -fPIC -c ./Modules/_xxtestfuzz/fuzzer.c -o Modules/_xxtestfuzz/fuzzer.o
/app/target/cpython-strict/cross/loongarch64-linux-musl-gcc -shared -L/app/target/cpython-strict/sysroot/usr/lib -L/app/target/cpython-strict/sysroot/lib -Wl,-rpath-link,/app/target/cpython-strict/sysroot/usr/lib -Wl,-rpath-link,/app/target/cpython-strict/sysroot/lib -Wl,--as-needed -Wl,-O1 -Wl,--sort-common  -L/app/target/cpython-strict/sysroot/usr/lib -L/app/target/cpython-strict/sysroot/lib -Wl,-rpath-link,/app/target/cpython-strict/sysroot/usr/lib -Wl,-rpath-link,/app/target/cpython-strict/sysroot/lib -Wl,--as-needed -Wl,-O1 -Wl,--sort-common -Wl,-z,stack-size=0x200000 -fno-semantic-interposition -flto -ffat-lto-objects -g -fprofile-generate -fprofile-update=atomic  Modules/_xxtestfuzz/_xxtestfuzz.o Modules/_xxtestfuzz/fuzzer.o   -o Modules/_xxtestfuzz.cpython-314.so
/app/target/cpython-strict/cross/loongarch64-linux-musl-gcc  -fno-strict-overflow -Wsign-compare -DNDEBUG -g -O3 -Wall -Os -fstack-clash-protection -Wformat -Werror=format-security -fno-plt -march=loongarch64 -mabi=lp64d -mstrict-align   -Os -fstack-clash-protection -Wformat -Werror=format-security -fno-plt -march=loongarch64 -mabi=lp64d -mstrict-align -O2 -DTHREAD_STACK_SIZE=0x200000 -fno-semantic-interposition -flto -ffat-lto-objects -g -std=c11 -Wextra -Wno-unused-parameter -Wno-missing-field-initializers -Wstrict-prototypes -Werror=implicit-function-declaration -fvisibility=hidden -fprofile-generate -fprofile-update=atomic -I./Include/internal -I./Include/internal/mimalloc  -I. -I./Include -I/app/target/cpython-strict/sysroot/usr/include  -fPIC -fPIC -c ./Modules/_testbuffer.c -o Modules/_testbuffer.o
/app/target/cpython-strict/cross/loongarch64-linux-musl-gcc -shared -L/app/target/cpython-strict/sysroot/usr/lib -L/app/target/cpython-strict/sysroot/lib -Wl,-rpath-link,/app/target/cpython-strict/sysroot/usr/lib -Wl,-rpath-link,/app/target/cpython-strict/sysroot/lib -Wl,--as-needed -Wl,-O1 -Wl,--sort-common  -L/app/target/cpython-strict/sysroot/usr/lib -L/app/target/cpython-strict/sysroot/lib -Wl,-rpath-link,/app/target/cpython-strict/sysroot/usr/lib -Wl,-rpath-link,/app/target/cpython-strict/sysroot/lib -Wl,--as-needed -Wl,-O1 -Wl,--sort-common -Wl,-z,stack-size=0x200000 -fno-semantic-interposition -flto -ffat-lto-objects -g -fprofile-generate -fprofile-update=atomic  Modules/_testbuffer.o   -o Modules/_testbuffer.cpython-314.so
/app/target/cpython-strict/cross/loongarch64-linux-musl-gcc  -fno-strict-overflow -Wsign-compare -DNDEBUG -g -O3 -Wall -Os -fstack-clash-protection -Wformat -Werror=format-security -fno-plt -march=loongarch64 -mabi=lp64d -mstrict-align   -Os -fstack-clash-protection -Wformat -Werror=format-security -fno-plt -march=loongarch64 -mabi=lp64d -mstrict-align -O2 -DTHREAD_STACK_SIZE=0x200000 -fno-semantic-interposition -flto -ffat-lto-objects -g -std=c11 -Wextra -Wno-unused-parameter -Wno-missing-field-initializers -Wstrict-prototypes -Werror=implicit-function-declaration -fvisibility=hidden -fprofile-generate -fprofile-update=atomic -I./Include/internal -I./Include/internal/mimalloc  -I. -I./Include -I/app/target/cpython-strict/sysroot/usr/include  -fPIC -fPIC -c ./Modules/_testinternalcapi.c -o Modules/_testinternalcapi.o
/app/target/cpython-strict/cross/loongarch64-linux-musl-gcc  -fno-strict-overflow -Wsign-compare -DNDEBUG -g -O3 -Wall -Os -fstack-clash-protection -Wformat -Werror=format-security -fno-plt -march=loongarch64 -mabi=lp64d -mstrict-align   -Os -fstack-clash-protection -Wformat -Werror=format-security -fno-plt -march=loongarch64 -mabi=lp64d -mstrict-align -O2 -DTHREAD_STACK_SIZE=0x200000 -fno-semantic-interposition -flto -ffat-lto-objects -g -std=c11 -Wextra -Wno-unused-parameter -Wno-missing-field-initializers -Wstrict-prototypes -Werror=implicit-function-declaration -fvisibility=hidden -fprofile-generate -fprofile-update=atomic -I./Include/internal -I./Include/internal/mimalloc  -I. -I./Include -I/app/target/cpython-strict/sysroot/usr/include  -fPIC -fPIC -c ./Modules/_testinternalcapi/test_lock.c -o Modules/_testinternalcapi/test_lock.o
/app/target/cpython-strict/cross/loongarch64-linux-musl-gcc  -fno-strict-overflow -Wsign-compare -DNDEBUG -g -O3 -Wall -Os -fstack-clash-protection -Wformat -Werror=format-security -fno-plt -march=loongarch64 -mabi=lp64d -mstrict-align   -Os -fstack-clash-protection -Wformat -Werror=format-security -fno-plt -march=loongarch64 -mabi=lp64d -mstrict-align -O2 -DTHREAD_STACK_SIZE=0x200000 -fno-semantic-interposition -flto -ffat-lto-objects -g -std=c11 -Wextra -Wno-unused-parameter -Wno-missing-field-initializers -Wstrict-prototypes -Werror=implicit-function-declaration -fvisibility=hidden -fprofile-generate -fprofile-update=atomic -I./Include/internal -I./Include/internal/mimalloc  -I. -I./Include -I/app/target/cpython-strict/sysroot/usr/include  -fPIC -fPIC -c ./Modules/_testinternalcapi/pytime.c -o Modules/_testinternalcapi/pytime.o
/app/target/cpython-strict/cross/loongarch64-linux-musl-gcc  -fno-strict-overflow -Wsign-compare -DNDEBUG -g -O3 -Wall -Os -fstack-clash-protection -Wformat -Werror=format-security -fno-plt -march=loongarch64 -mabi=lp64d -mstrict-align   -Os -fstack-clash-protection -Wformat -Werror=format-security -fno-plt -march=loongarch64 -mabi=lp64d -mstrict-align -O2 -DTHREAD_STACK_SIZE=0x200000 -fno-semantic-interposition -flto -ffat-lto-objects -g -std=c11 -Wextra -Wno-unused-parameter -Wno-missing-field-initializers -Wstrict-prototypes -Werror=implicit-function-declaration -fvisibility=hidden -fprofile-generate -fprofile-update=atomic -I./Include/internal -I./Include/internal/mimalloc  -I. -I./Include -I/app/target/cpython-strict/sysroot/usr/include  -fPIC -fPIC -c ./Modules/_testinternalcapi/set.c -o Modules/_testinternalcapi/set.o
/app/target/cpython-strict/cross/loongarch64-linux-musl-gcc  -fno-strict-overflow -Wsign-compare -DNDEBUG -g -O3 -Wall -Os -fstack-clash-protection -Wformat -Werror=format-security -fno-plt -march=loongarch64 -mabi=lp64d -mstrict-align   -Os -fstack-clash-protection -Wformat -Werror=format-security -fno-plt -march=loongarch64 -mabi=lp64d -mstrict-align -O2 -DTHREAD_STACK_SIZE=0x200000 -fno-semantic-interposition -flto -ffat-lto-objects -g -std=c11 -Wextra -Wno-unused-parameter -Wno-missing-field-initializers -Wstrict-prototypes -Werror=implicit-function-declaration -fvisibility=hidden -fprofile-generate -fprofile-update=atomic -I./Include/internal -I./Include/internal/mimalloc  -I. -I./Include -I/app/target/cpython-strict/sysroot/usr/include  -fPIC -fPIC -c ./Modules/_testinternalcapi/test_critical_sections.c -o Modules/_testinternalcapi/test_critical_sections.o
/app/target/cpython-strict/cross/loongarch64-linux-musl-gcc  -fno-strict-overflow -Wsign-compare -DNDEBUG -g -O3 -Wall -Os -fstack-clash-protection -Wformat -Werror=format-security -fno-plt -march=loongarch64 -mabi=lp64d -mstrict-align   -Os -fstack-clash-protection -Wformat -Werror=format-security -fno-plt -march=loongarch64 -mabi=lp64d -mstrict-align -O2 -DTHREAD_STACK_SIZE=0x200000 -fno-semantic-interposition -flto -ffat-lto-objects -g -std=c11 -Wextra -Wno-unused-parameter -Wno-missing-field-initializers -Wstrict-prototypes -Werror=implicit-function-declaration -fvisibility=hidden -fprofile-generate -fprofile-update=atomic -I./Include/internal -I./Include/internal/mimalloc  -I. -I./Include -I/app/target/cpython-strict/sysroot/usr/include  -fPIC -fPIC -c ./Modules/_testinternalcapi/complex.c -o Modules/_testinternalcapi/complex.o
/app/target/cpython-strict/cross/loongarch64-linux-musl-gcc -shared -L/app/target/cpython-strict/sysroot/usr/lib -L/app/target/cpython-strict/sysroot/lib -Wl,-rpath-link,/app/target/cpython-strict/sysroot/usr/lib -Wl,-rpath-link,/app/target/cpython-strict/sysroot/lib -Wl,--as-needed -Wl,-O1 -Wl,--sort-common  -L/app/target/cpython-strict/sysroot/usr/lib -L/app/target/cpython-strict/sysroot/lib -Wl,-rpath-link,/app/target/cpython-strict/sysroot/usr/lib -Wl,-rpath-link,/app/target/cpython-strict/sysroot/lib -Wl,--as-needed -Wl,-O1 -Wl,--sort-common -Wl,-z,stack-size=0x200000 -fno-semantic-interposition -flto -ffat-lto-objects -g -fprofile-generate -fprofile-update=atomic  Modules/_testinternalcapi.o Modules/_testinternalcapi/test_lock.o Modules/_testinternalcapi/pytime.o Modules/_testinternalcapi/set.o Modules/_testinternalcapi/test_critical_sections.o Modules/_testinternalcapi/complex.o   -o Modules/_testinternalcapi.cpython-314.so
lto-wrapper: warning: using serial compilation of 2 LTRANS jobs
lto-wrapper: note: see the '-flto' option documentation for more information
/app/target/cpython-strict/cross/loongarch64-linux-musl-gcc  -fno-strict-overflow -Wsign-compare -DNDEBUG -g -O3 -Wall -Os -fstack-clash-protection -Wformat -Werror=format-security -fno-plt -march=loongarch64 -mabi=lp64d -mstrict-align   -Os -fstack-clash-protection -Wformat -Werror=format-security -fno-plt -march=loongarch64 -mabi=lp64d -mstrict-align -O2 -DTHREAD_STACK_SIZE=0x200000 -fno-semantic-interposition -flto -ffat-lto-objects -g -std=c11 -Wextra -Wno-unused-parameter -Wno-missing-field-initializers -Wstrict-prototypes -Werror=implicit-function-declaration -fvisibility=hidden -fprofile-generate -fprofile-update=atomic -I./Include/internal -I./Include/internal/mimalloc  -I. -I./Include -I/app/target/cpython-strict/sysroot/usr/include  -fPIC -fPIC -c ./Modules/_testcapimodule.c -o Modules/_testcapimodule.o
/app/target/cpython-strict/cross/loongarch64-linux-musl-gcc  -fno-strict-overflow -Wsign-compare -DNDEBUG -g -O3 -Wall -Os -fstack-clash-protection -Wformat -Werror=format-security -fno-plt -march=loongarch64 -mabi=lp64d -mstrict-align   -Os -fstack-clash-protection -Wformat -Werror=format-security -fno-plt -march=loongarch64 -mabi=lp64d -mstrict-align -O2 -DTHREAD_STACK_SIZE=0x200000 -fno-semantic-interposition -flto -ffat-lto-objects -g -std=c11 -Wextra -Wno-unused-parameter -Wno-missing-field-initializers -Wstrict-prototypes -Werror=implicit-function-declaration -fvisibility=hidden -fprofile-generate -fprofile-update=atomic -I./Include/internal -I./Include/internal/mimalloc  -I. -I./Include -I/app/target/cpython-strict/sysroot/usr/include  -fPIC -fPIC -c ./Modules/_testcapi/vectorcall.c -o Modules/_testcapi/vectorcall.o
/app/target/cpython-strict/cross/loongarch64-linux-musl-gcc  -fno-strict-overflow -Wsign-compare -DNDEBUG -g -O3 -Wall -Os -fstack-clash-protection -Wformat -Werror=format-security -fno-plt -march=loongarch64 -mabi=lp64d -mstrict-align   -Os -fstack-clash-protection -Wformat -Werror=format-security -fno-plt -march=loongarch64 -mabi=lp64d -mstrict-align -O2 -DTHREAD_STACK_SIZE=0x200000 -fno-semantic-interposition -flto -ffat-lto-objects -g -std=c11 -Wextra -Wno-unused-parameter -Wno-missing-field-initializers -Wstrict-prototypes -Werror=implicit-function-declaration -fvisibility=hidden -fprofile-generate -fprofile-update=atomic -I./Include/internal -I./Include/internal/mimalloc  -I. -I./Include -I/app/target/cpython-strict/sysroot/usr/include  -fPIC -fPIC -c ./Modules/_testcapi/heaptype.c -o Modules/_testcapi/heaptype.o
/app/target/cpython-strict/cross/loongarch64-linux-musl-gcc  -fno-strict-overflow -Wsign-compare -DNDEBUG -g -O3 -Wall -Os -fstack-clash-protection -Wformat -Werror=format-security -fno-plt -march=loongarch64 -mabi=lp64d -mstrict-align   -Os -fstack-clash-protection -Wformat -Werror=format-security -fno-plt -march=loongarch64 -mabi=lp64d -mstrict-align -O2 -DTHREAD_STACK_SIZE=0x200000 -fno-semantic-interposition -flto -ffat-lto-objects -g -std=c11 -Wextra -Wno-unused-parameter -Wno-missing-field-initializers -Wstrict-prototypes -Werror=implicit-function-declaration -fvisibility=hidden -fprofile-generate -fprofile-update=atomic -I./Include/internal -I./Include/internal/mimalloc  -I. -I./Include -I/app/target/cpython-strict/sysroot/usr/include  -fPIC -fPIC -c ./Modules/_testcapi/abstract.c -o Modules/_testcapi/abstract.o
/app/target/cpython-strict/cross/loongarch64-linux-musl-gcc  -fno-strict-overflow -Wsign-compare -DNDEBUG -g -O3 -Wall -Os -fstack-clash-protection -Wformat -Werror=format-security -fno-plt -march=loongarch64 -mabi=lp64d -mstrict-align   -Os -fstack-clash-protection -Wformat -Werror=format-security -fno-plt -march=loongarch64 -mabi=lp64d -mstrict-align -O2 -DTHREAD_STACK_SIZE=0x200000 -fno-semantic-interposition -flto -ffat-lto-objects -g -std=c11 -Wextra -Wno-unused-parameter -Wno-missing-field-initializers -Wstrict-prototypes -Werror=implicit-function-declaration -fvisibility=hidden -fprofile-generate -fprofile-update=atomic -I./Include/internal -I./Include/internal/mimalloc  -I. -I./Include -I/app/target/cpython-strict/sysroot/usr/include  -fPIC -fPIC -c ./Modules/_testcapi/unicode.c -o Modules/_testcapi/unicode.o
/app/target/cpython-strict/cross/loongarch64-linux-musl-gcc  -fno-strict-overflow -Wsign-compare -DNDEBUG -g -O3 -Wall -Os -fstack-clash-protection -Wformat -Werror=format-security -fno-plt -march=loongarch64 -mabi=lp64d -mstrict-align   -Os -fstack-clash-protection -Wformat -Werror=format-security -fno-plt -march=loongarch64 -mabi=lp64d -mstrict-align -O2 -DTHREAD_STACK_SIZE=0x200000 -fno-semantic-interposition -flto -ffat-lto-objects -g -std=c11 -Wextra -Wno-unused-parameter -Wno-missing-field-initializers -Wstrict-prototypes -Werror=implicit-function-declaration -fvisibility=hidden -fprofile-generate -fprofile-update=atomic -I./Include/internal -I./Include/internal/mimalloc  -I. -I./Include -I/app/target/cpython-strict/sysroot/usr/include  -fPIC -fPIC -c ./Modules/_testcapi/dict.c -o Modules/_testcapi/dict.o
/app/target/cpython-strict/cross/loongarch64-linux-musl-gcc  -fno-strict-overflow -Wsign-compare -DNDEBUG -g -O3 -Wall -Os -fstack-clash-protection -Wformat -Werror=format-security -fno-plt -march=loongarch64 -mabi=lp64d -mstrict-align   -Os -fstack-clash-protection -Wformat -Werror=format-security -fno-plt -march=loongarch64 -mabi=lp64d -mstrict-align -O2 -DTHREAD_STACK_SIZE=0x200000 -fno-semantic-interposition -flto -ffat-lto-objects -g -std=c11 -Wextra -Wno-unused-parameter -Wno-missing-field-initializers -Wstrict-prototypes -Werror=implicit-function-declaration -fvisibility=hidden -fprofile-generate -fprofile-update=atomic -I./Include/internal -I./Include/internal/mimalloc  -I. -I./Include -I/app/target/cpython-strict/sysroot/usr/include  -fPIC -fPIC -c ./Modules/_testcapi/set.c -o Modules/_testcapi/set.o
/app/target/cpython-strict/cross/loongarch64-linux-musl-gcc  -fno-strict-overflow -Wsign-compare -DNDEBUG -g -O3 -Wall -Os -fstack-clash-protection -Wformat -Werror=format-security -fno-plt -march=loongarch64 -mabi=lp64d -mstrict-align   -Os -fstack-clash-protection -Wformat -Werror=format-security -fno-plt -march=loongarch64 -mabi=lp64d -mstrict-align -O2 -DTHREAD_STACK_SIZE=0x200000 -fno-semantic-interposition -flto -ffat-lto-objects -g -std=c11 -Wextra -Wno-unused-parameter -Wno-missing-field-initializers -Wstrict-prototypes -Werror=implicit-function-declaration -fvisibility=hidden -fprofile-generate -fprofile-update=atomic -I./Include/internal -I./Include/internal/mimalloc  -I. -I./Include -I/app/target/cpython-strict/sysroot/usr/include  -fPIC -fPIC -c ./Modules/_testcapi/list.c -o Modules/_testcapi/list.o
/app/target/cpython-strict/cross/loongarch64-linux-musl-gcc  -fno-strict-overflow -Wsign-compare -DNDEBUG -g -O3 -Wall -Os -fstack-clash-protection -Wformat -Werror=format-security -fno-plt -march=loongarch64 -mabi=lp64d -mstrict-align   -Os -fstack-clash-protection -Wformat -Werror=format-security -fno-plt -march=loongarch64 -mabi=lp64d -mstrict-align -O2 -DTHREAD_STACK_SIZE=0x200000 -fno-semantic-interposition -flto -ffat-lto-objects -g -std=c11 -Wextra -Wno-unused-parameter -Wno-missing-field-initializers -Wstrict-prototypes -Werror=implicit-function-declaration -fvisibility=hidden -fprofile-generate -fprofile-update=atomic -I./Include/internal -I./Include/internal/mimalloc  -I. -I./Include -I/app/target/cpython-strict/sysroot/usr/include  -fPIC -fPIC -c ./Modules/_testcapi/tuple.c -o Modules/_testcapi/tuple.o
/app/target/cpython-strict/cross/loongarch64-linux-musl-gcc  -fno-strict-overflow -Wsign-compare -DNDEBUG -g -O3 -Wall -Os -fstack-clash-protection -Wformat -Werror=format-security -fno-plt -march=loongarch64 -mabi=lp64d -mstrict-align   -Os -fstack-clash-protection -Wformat -Werror=format-security -fno-plt -march=loongarch64 -mabi=lp64d -mstrict-align -O2 -DTHREAD_STACK_SIZE=0x200000 -fno-semantic-interposition -flto -ffat-lto-objects -g -std=c11 -Wextra -Wno-unused-parameter -Wno-missing-field-initializers -Wstrict-prototypes -Werror=implicit-function-declaration -fvisibility=hidden -fprofile-generate -fprofile-update=atomic -I./Include/internal -I./Include/internal/mimalloc  -I. -I./Include -I/app/target/cpython-strict/sysroot/usr/include  -fPIC -fPIC -c ./Modules/_testcapi/getargs.c -o Modules/_testcapi/getargs.o
/app/target/cpython-strict/cross/loongarch64-linux-musl-gcc  -fno-strict-overflow -Wsign-compare -DNDEBUG -g -O3 -Wall -Os -fstack-clash-protection -Wformat -Werror=format-security -fno-plt -march=loongarch64 -mabi=lp64d -mstrict-align   -Os -fstack-clash-protection -Wformat -Werror=format-security -fno-plt -march=loongarch64 -mabi=lp64d -mstrict-align -O2 -DTHREAD_STACK_SIZE=0x200000 -fno-semantic-interposition -flto -ffat-lto-objects -g -std=c11 -Wextra -Wno-unused-parameter -Wno-missing-field-initializers -Wstrict-prototypes -Werror=implicit-function-declaration -fvisibility=hidden -fprofile-generate -fprofile-update=atomic -I./Include/internal -I./Include/internal/mimalloc  -I. -I./Include -I/app/target/cpython-strict/sysroot/usr/include  -fPIC -fPIC -c ./Modules/_testcapi/datetime.c -o Modules/_testcapi/datetime.o
/app/target/cpython-strict/cross/loongarch64-linux-musl-gcc  -fno-strict-overflow -Wsign-compare -DNDEBUG -g -O3 -Wall -Os -fstack-clash-protection -Wformat -Werror=format-security -fno-plt -march=loongarch64 -mabi=lp64d -mstrict-align   -Os -fstack-clash-protection -Wformat -Werror=format-security -fno-plt -march=loongarch64 -mabi=lp64d -mstrict-align -O2 -DTHREAD_STACK_SIZE=0x200000 -fno-semantic-interposition -flto -ffat-lto-objects -g -std=c11 -Wextra -Wno-unused-parameter -Wno-missing-field-initializers -Wstrict-prototypes -Werror=implicit-function-declaration -fvisibility=hidden -fprofile-generate -fprofile-update=atomic -I./Include/internal -I./Include/internal/mimalloc  -I. -I./Include -I/app/target/cpython-strict/sysroot/usr/include  -fPIC -fPIC -c ./Modules/_testcapi/docstring.c -o Modules/_testcapi/docstring.o
/app/target/cpython-strict/cross/loongarch64-linux-musl-gcc  -fno-strict-overflow -Wsign-compare -DNDEBUG -g -O3 -Wall -Os -fstack-clash-protection -Wformat -Werror=format-security -fno-plt -march=loongarch64 -mabi=lp64d -mstrict-align   -Os -fstack-clash-protection -Wformat -Werror=format-security -fno-plt -march=loongarch64 -mabi=lp64d -mstrict-align -O2 -DTHREAD_STACK_SIZE=0x200000 -fno-semantic-interposition -flto -ffat-lto-objects -g -std=c11 -Wextra -Wno-unused-parameter -Wno-missing-field-initializers -Wstrict-prototypes -Werror=implicit-function-declaration -fvisibility=hidden -fprofile-generate -fprofile-update=atomic -I./Include/internal -I./Include/internal/mimalloc  -I. -I./Include -I/app/target/cpython-strict/sysroot/usr/include  -fPIC -fPIC -c ./Modules/_testcapi/mem.c -o Modules/_testcapi/mem.o
/app/target/cpython-strict/cross/loongarch64-linux-musl-gcc  -fno-strict-overflow -Wsign-compare -DNDEBUG -g -O3 -Wall -Os -fstack-clash-protection -Wformat -Werror=format-security -fno-plt -march=loongarch64 -mabi=lp64d -mstrict-align   -Os -fstack-clash-protection -Wformat -Werror=format-security -fno-plt -march=loongarch64 -mabi=lp64d -mstrict-align -O2 -DTHREAD_STACK_SIZE=0x200000 -fno-semantic-interposition -flto -ffat-lto-objects -g -std=c11 -Wextra -Wno-unused-parameter -Wno-missing-field-initializers -Wstrict-prototypes -Werror=implicit-function-declaration -fvisibility=hidden -fprofile-generate -fprofile-update=atomic -I./Include/internal -I./Include/internal/mimalloc  -I. -I./Include -I/app/target/cpython-strict/sysroot/usr/include  -fPIC -fPIC -c ./Modules/_testcapi/watchers.c -o Modules/_testcapi/watchers.o
/app/target/cpython-strict/cross/loongarch64-linux-musl-gcc  -fno-strict-overflow -Wsign-compare -DNDEBUG -g -O3 -Wall -Os -fstack-clash-protection -Wformat -Werror=format-security -fno-plt -march=loongarch64 -mabi=lp64d -mstrict-align   -Os -fstack-clash-protection -Wformat -Werror=format-security -fno-plt -march=loongarch64 -mabi=lp64d -mstrict-align -O2 -DTHREAD_STACK_SIZE=0x200000 -fno-semantic-interposition -flto -ffat-lto-objects -g -std=c11 -Wextra -Wno-unused-parameter -Wno-missing-field-initializers -Wstrict-prototypes -Werror=implicit-function-declaration -fvisibility=hidden -fprofile-generate -fprofile-update=atomic -I./Include/internal -I./Include/internal/mimalloc  -I. -I./Include -I/app/target/cpython-strict/sysroot/usr/include  -fPIC -fPIC -c ./Modules/_testcapi/long.c -o Modules/_testcapi/long.o
/app/target/cpython-strict/cross/loongarch64-linux-musl-gcc  -fno-strict-overflow -Wsign-compare -DNDEBUG -g -O3 -Wall -Os -fstack-clash-protection -Wformat -Werror=format-security -fno-plt -march=loongarch64 -mabi=lp64d -mstrict-align   -Os -fstack-clash-protection -Wformat -Werror=format-security -fno-plt -march=loongarch64 -mabi=lp64d -mstrict-align -O2 -DTHREAD_STACK_SIZE=0x200000 -fno-semantic-interposition -flto -ffat-lto-objects -g -std=c11 -Wextra -Wno-unused-parameter -Wno-missing-field-initializers -Wstrict-prototypes -Werror=implicit-function-declaration -fvisibility=hidden -fprofile-generate -fprofile-update=atomic -I./Include/internal -I./Include/internal/mimalloc  -I. -I./Include -I/app/target/cpython-strict/sysroot/usr/include  -fPIC -fPIC -c ./Modules/_testcapi/float.c -o Modules/_testcapi/float.o
/app/target/cpython-strict/cross/loongarch64-linux-musl-gcc  -fno-strict-overflow -Wsign-compare -DNDEBUG -g -O3 -Wall -Os -fstack-clash-protection -Wformat -Werror=format-security -fno-plt -march=loongarch64 -mabi=lp64d -mstrict-align   -Os -fstack-clash-protection -Wformat -Werror=format-security -fno-plt -march=loongarch64 -mabi=lp64d -mstrict-align -O2 -DTHREAD_STACK_SIZE=0x200000 -fno-semantic-interposition -flto -ffat-lto-objects -g -std=c11 -Wextra -Wno-unused-parameter -Wno-missing-field-initializers -Wstrict-prototypes -Werror=implicit-function-declaration -fvisibility=hidden -fprofile-generate -fprofile-update=atomic -I./Include/internal -I./Include/internal/mimalloc  -I. -I./Include -I/app/target/cpython-strict/sysroot/usr/include  -fPIC -fPIC -c ./Modules/_testcapi/complex.c -o Modules/_testcapi/complex.o
/app/target/cpython-strict/cross/loongarch64-linux-musl-gcc  -fno-strict-overflow -Wsign-compare -DNDEBUG -g -O3 -Wall -Os -fstack-clash-protection -Wformat -Werror=format-security -fno-plt -march=loongarch64 -mabi=lp64d -mstrict-align   -Os -fstack-clash-protection -Wformat -Werror=format-security -fno-plt -march=loongarch64 -mabi=lp64d -mstrict-align -O2 -DTHREAD_STACK_SIZE=0x200000 -fno-semantic-interposition -flto -ffat-lto-objects -g -std=c11 -Wextra -Wno-unused-parameter -Wno-missing-field-initializers -Wstrict-prototypes -Werror=implicit-function-declaration -fvisibility=hidden -fprofile-generate -fprofile-update=atomic -I./Include/internal -I./Include/internal/mimalloc  -I. -I./Include -I/app/target/cpython-strict/sysroot/usr/include  -fPIC -fPIC -c ./Modules/_testcapi/numbers.c -o Modules/_testcapi/numbers.o
/app/target/cpython-strict/cross/loongarch64-linux-musl-gcc  -fno-strict-overflow -Wsign-compare -DNDEBUG -g -O3 -Wall -Os -fstack-clash-protection -Wformat -Werror=format-security -fno-plt -march=loongarch64 -mabi=lp64d -mstrict-align   -Os -fstack-clash-protection -Wformat -Werror=format-security -fno-plt -march=loongarch64 -mabi=lp64d -mstrict-align -O2 -DTHREAD_STACK_SIZE=0x200000 -fno-semantic-interposition -flto -ffat-lto-objects -g -std=c11 -Wextra -Wno-unused-parameter -Wno-missing-field-initializers -Wstrict-prototypes -Werror=implicit-function-declaration -fvisibility=hidden -fprofile-generate -fprofile-update=atomic -I./Include/internal -I./Include/internal/mimalloc  -I. -I./Include -I/app/target/cpython-strict/sysroot/usr/include  -fPIC -fPIC -c ./Modules/_testcapi/structmember.c -o Modules/_testcapi/structmember.o
/app/target/cpython-strict/cross/loongarch64-linux-musl-gcc  -fno-strict-overflow -Wsign-compare -DNDEBUG -g -O3 -Wall -Os -fstack-clash-protection -Wformat -Werror=format-security -fno-plt -march=loongarch64 -mabi=lp64d -mstrict-align   -Os -fstack-clash-protection -Wformat -Werror=format-security -fno-plt -march=loongarch64 -mabi=lp64d -mstrict-align -O2 -DTHREAD_STACK_SIZE=0x200000 -fno-semantic-interposition -flto -ffat-lto-objects -g -std=c11 -Wextra -Wno-unused-parameter -Wno-missing-field-initializers -Wstrict-prototypes -Werror=implicit-function-declaration -fvisibility=hidden -fprofile-generate -fprofile-update=atomic -I./Include/internal -I./Include/internal/mimalloc  -I. -I./Include -I/app/target/cpython-strict/sysroot/usr/include  -fPIC -fPIC -c ./Modules/_testcapi/exceptions.c -o Modules/_testcapi/exceptions.o
/app/target/cpython-strict/cross/loongarch64-linux-musl-gcc  -fno-strict-overflow -Wsign-compare -DNDEBUG -g -O3 -Wall -Os -fstack-clash-protection -Wformat -Werror=format-security -fno-plt -march=loongarch64 -mabi=lp64d -mstrict-align   -Os -fstack-clash-protection -Wformat -Werror=format-security -fno-plt -march=loongarch64 -mabi=lp64d -mstrict-align -O2 -DTHREAD_STACK_SIZE=0x200000 -fno-semantic-interposition -flto -ffat-lto-objects -g -std=c11 -Wextra -Wno-unused-parameter -Wno-missing-field-initializers -Wstrict-prototypes -Werror=implicit-function-declaration -fvisibility=hidden -fprofile-generate -fprofile-update=atomic -I./Include/internal -I./Include/internal/mimalloc  -I. -I./Include -I/app/target/cpython-strict/sysroot/usr/include  -fPIC -fPIC -c ./Modules/_testcapi/code.c -o Modules/_testcapi/code.o
/app/target/cpython-strict/cross/loongarch64-linux-musl-gcc  -fno-strict-overflow -Wsign-compare -DNDEBUG -g -O3 -Wall -Os -fstack-clash-protection -Wformat -Werror=format-security -fno-plt -march=loongarch64 -mabi=lp64d -mstrict-align   -Os -fstack-clash-protection -Wformat -Werror=format-security -fno-plt -march=loongarch64 -mabi=lp64d -mstrict-align -O2 -DTHREAD_STACK_SIZE=0x200000 -fno-semantic-interposition -flto -ffat-lto-objects -g -std=c11 -Wextra -Wno-unused-parameter -Wno-missing-field-initializers -Wstrict-prototypes -Werror=implicit-function-declaration -fvisibility=hidden -fprofile-generate -fprofile-update=atomic -I./Include/internal -I./Include/internal/mimalloc  -I. -I./Include -I/app/target/cpython-strict/sysroot/usr/include  -fPIC -fPIC -c ./Modules/_testcapi/buffer.c -o Modules/_testcapi/buffer.o
/app/target/cpython-strict/cross/loongarch64-linux-musl-gcc  -fno-strict-overflow -Wsign-compare -DNDEBUG -g -O3 -Wall -Os -fstack-clash-protection -Wformat -Werror=format-security -fno-plt -march=loongarch64 -mabi=lp64d -mstrict-align   -Os -fstack-clash-protection -Wformat -Werror=format-security -fno-plt -march=loongarch64 -mabi=lp64d -mstrict-align -O2 -DTHREAD_STACK_SIZE=0x200000 -fno-semantic-interposition -flto -ffat-lto-objects -g -std=c11 -Wextra -Wno-unused-parameter -Wno-missing-field-initializers -Wstrict-prototypes -Werror=implicit-function-declaration -fvisibility=hidden -fprofile-generate -fprofile-update=atomic -I./Include/internal -I./Include/internal/mimalloc  -I. -I./Include -I/app/target/cpython-strict/sysroot/usr/include  -fPIC -fPIC -c ./Modules/_testcapi/pyatomic.c -o Modules/_testcapi/pyatomic.o
/app/target/cpython-strict/cross/loongarch64-linux-musl-gcc  -fno-strict-overflow -Wsign-compare -DNDEBUG -g -O3 -Wall -Os -fstack-clash-protection -Wformat -Werror=format-security -fno-plt -march=loongarch64 -mabi=lp64d -mstrict-align   -Os -fstack-clash-protection -Wformat -Werror=format-security -fno-plt -march=loongarch64 -mabi=lp64d -mstrict-align -O2 -DTHREAD_STACK_SIZE=0x200000 -fno-semantic-interposition -flto -ffat-lto-objects -g -std=c11 -Wextra -Wno-unused-parameter -Wno-missing-field-initializers -Wstrict-prototypes -Werror=implicit-function-declaration -fvisibility=hidden -fprofile-generate -fprofile-update=atomic -I./Include/internal -I./Include/internal/mimalloc  -I. -I./Include -I/app/target/cpython-strict/sysroot/usr/include  -fPIC -fPIC -c ./Modules/_testcapi/run.c -o Modules/_testcapi/run.o
/app/target/cpython-strict/cross/loongarch64-linux-musl-gcc  -fno-strict-overflow -Wsign-compare -DNDEBUG -g -O3 -Wall -Os -fstack-clash-protection -Wformat -Werror=format-security -fno-plt -march=loongarch64 -mabi=lp64d -mstrict-align   -Os -fstack-clash-protection -Wformat -Werror=format-security -fno-plt -march=loongarch64 -mabi=lp64d -mstrict-align -O2 -DTHREAD_STACK_SIZE=0x200000 -fno-semantic-interposition -flto -ffat-lto-objects -g -std=c11 -Wextra -Wno-unused-parameter -Wno-missing-field-initializers -Wstrict-prototypes -Werror=implicit-function-declaration -fvisibility=hidden -fprofile-generate -fprofile-update=atomic -I./Include/internal -I./Include/internal/mimalloc  -I. -I./Include -I/app/target/cpython-strict/sysroot/usr/include  -fPIC -fPIC -c ./Modules/_testcapi/file.c -o Modules/_testcapi/file.o
/app/target/cpython-strict/cross/loongarch64-linux-musl-gcc  -fno-strict-overflow -Wsign-compare -DNDEBUG -g -O3 -Wall -Os -fstack-clash-protection -Wformat -Werror=format-security -fno-plt -march=loongarch64 -mabi=lp64d -mstrict-align   -Os -fstack-clash-protection -Wformat -Werror=format-security -fno-plt -march=loongarch64 -mabi=lp64d -mstrict-align -O2 -DTHREAD_STACK_SIZE=0x200000 -fno-semantic-interposition -flto -ffat-lto-objects -g -std=c11 -Wextra -Wno-unused-parameter -Wno-missing-field-initializers -Wstrict-prototypes -Werror=implicit-function-declaration -fvisibility=hidden -fprofile-generate -fprofile-update=atomic -I./Include/internal -I./Include/internal/mimalloc  -I. -I./Include -I/app/target/cpython-strict/sysroot/usr/include  -fPIC -fPIC -c ./Modules/_testcapi/codec.c -o Modules/_testcapi/codec.o
/app/target/cpython-strict/cross/loongarch64-linux-musl-gcc  -fno-strict-overflow -Wsign-compare -DNDEBUG -g -O3 -Wall -Os -fstack-clash-protection -Wformat -Werror=format-security -fno-plt -march=loongarch64 -mabi=lp64d -mstrict-align   -Os -fstack-clash-protection -Wformat -Werror=format-security -fno-plt -march=loongarch64 -mabi=lp64d -mstrict-align -O2 -DTHREAD_STACK_SIZE=0x200000 -fno-semantic-interposition -flto -ffat-lto-objects -g -std=c11 -Wextra -Wno-unused-parameter -Wno-missing-field-initializers -Wstrict-prototypes -Werror=implicit-function-declaration -fvisibility=hidden -fprofile-generate -fprofile-update=atomic -I./Include/internal -I./Include/internal/mimalloc  -I. -I./Include -I/app/target/cpython-strict/sysroot/usr/include  -fPIC -fPIC -c ./Modules/_testcapi/immortal.c -o Modules/_testcapi/immortal.o
/app/target/cpython-strict/cross/loongarch64-linux-musl-gcc  -fno-strict-overflow -Wsign-compare -DNDEBUG -g -O3 -Wall -Os -fstack-clash-protection -Wformat -Werror=format-security -fno-plt -march=loongarch64 -mabi=lp64d -mstrict-align   -Os -fstack-clash-protection -Wformat -Werror=format-security -fno-plt -march=loongarch64 -mabi=lp64d -mstrict-align -O2 -DTHREAD_STACK_SIZE=0x200000 -fno-semantic-interposition -flto -ffat-lto-objects -g -std=c11 -Wextra -Wno-unused-parameter -Wno-missing-field-initializers -Wstrict-prototypes -Werror=implicit-function-declaration -fvisibility=hidden -fprofile-generate -fprofile-update=atomic -I./Include/internal -I./Include/internal/mimalloc  -I. -I./Include -I/app/target/cpython-strict/sysroot/usr/include  -fPIC -fPIC -c ./Modules/_testcapi/gc.c -o Modules/_testcapi/gc.o
/app/target/cpython-strict/cross/loongarch64-linux-musl-gcc  -fno-strict-overflow -Wsign-compare -DNDEBUG -g -O3 -Wall -Os -fstack-clash-protection -Wformat -Werror=format-security -fno-plt -march=loongarch64 -mabi=lp64d -mstrict-align   -Os -fstack-clash-protection -Wformat -Werror=format-security -fno-plt -march=loongarch64 -mabi=lp64d -mstrict-align -O2 -DTHREAD_STACK_SIZE=0x200000 -fno-semantic-interposition -flto -ffat-lto-objects -g -std=c11 -Wextra -Wno-unused-parameter -Wno-missing-field-initializers -Wstrict-prototypes -Werror=implicit-function-declaration -fvisibility=hidden -fprofile-generate -fprofile-update=atomic -I./Include/internal -I./Include/internal/mimalloc  -I. -I./Include -I/app/target/cpython-strict/sysroot/usr/include  -fPIC -fPIC -c ./Modules/_testcapi/hash.c -o Modules/_testcapi/hash.o
/app/target/cpython-strict/cross/loongarch64-linux-musl-gcc  -fno-strict-overflow -Wsign-compare -DNDEBUG -g -O3 -Wall -Os -fstack-clash-protection -Wformat -Werror=format-security -fno-plt -march=loongarch64 -mabi=lp64d -mstrict-align   -Os -fstack-clash-protection -Wformat -Werror=format-security -fno-plt -march=loongarch64 -mabi=lp64d -mstrict-align -O2 -DTHREAD_STACK_SIZE=0x200000 -fno-semantic-interposition -flto -ffat-lto-objects -g -std=c11 -Wextra -Wno-unused-parameter -Wno-missing-field-initializers -Wstrict-prototypes -Werror=implicit-function-declaration -fvisibility=hidden -fprofile-generate -fprofile-update=atomic -I./Include/internal -I./Include/internal/mimalloc  -I. -I./Include -I/app/target/cpython-strict/sysroot/usr/include  -fPIC -fPIC -c ./Modules/_testcapi/time.c -o Modules/_testcapi/time.o
/app/target/cpython-strict/cross/loongarch64-linux-musl-gcc  -fno-strict-overflow -Wsign-compare -DNDEBUG -g -O3 -Wall -Os -fstack-clash-protection -Wformat -Werror=format-security -fno-plt -march=loongarch64 -mabi=lp64d -mstrict-align   -Os -fstack-clash-protection -Wformat -Werror=format-security -fno-plt -march=loongarch64 -mabi=lp64d -mstrict-align -O2 -DTHREAD_STACK_SIZE=0x200000 -fno-semantic-interposition -flto -ffat-lto-objects -g -std=c11 -Wextra -Wno-unused-parameter -Wno-missing-field-initializers -Wstrict-prototypes -Werror=implicit-function-declaration -fvisibility=hidden -fprofile-generate -fprofile-update=atomic -I./Include/internal -I./Include/internal/mimalloc  -I. -I./Include -I/app/target/cpython-strict/sysroot/usr/include  -fPIC -fPIC -c ./Modules/_testcapi/bytes.c -o Modules/_testcapi/bytes.o
/app/target/cpython-strict/cross/loongarch64-linux-musl-gcc  -fno-strict-overflow -Wsign-compare -DNDEBUG -g -O3 -Wall -Os -fstack-clash-protection -Wformat -Werror=format-security -fno-plt -march=loongarch64 -mabi=lp64d -mstrict-align   -Os -fstack-clash-protection -Wformat -Werror=format-security -fno-plt -march=loongarch64 -mabi=lp64d -mstrict-align -O2 -DTHREAD_STACK_SIZE=0x200000 -fno-semantic-interposition -flto -ffat-lto-objects -g -std=c11 -Wextra -Wno-unused-parameter -Wno-missing-field-initializers -Wstrict-prototypes -Werror=implicit-function-declaration -fvisibility=hidden -fprofile-generate -fprofile-update=atomic -I./Include/internal -I./Include/internal/mimalloc  -I. -I./Include -I/app/target/cpython-strict/sysroot/usr/include  -fPIC -fPIC -c ./Modules/_testcapi/object.c -o Modules/_testcapi/object.o
/app/target/cpython-strict/cross/loongarch64-linux-musl-gcc  -fno-strict-overflow -Wsign-compare -DNDEBUG -g -O3 -Wall -Os -fstack-clash-protection -Wformat -Werror=format-security -fno-plt -march=loongarch64 -mabi=lp64d -mstrict-align   -Os -fstack-clash-protection -Wformat -Werror=format-security -fno-plt -march=loongarch64 -mabi=lp64d -mstrict-align -O2 -DTHREAD_STACK_SIZE=0x200000 -fno-semantic-interposition -flto -ffat-lto-objects -g -std=c11 -Wextra -Wno-unused-parameter -Wno-missing-field-initializers -Wstrict-prototypes -Werror=implicit-function-declaration -fvisibility=hidden -fprofile-generate -fprofile-update=atomic -I./Include/internal -I./Include/internal/mimalloc  -I. -I./Include -I/app/target/cpython-strict/sysroot/usr/include  -fPIC -fPIC -c ./Modules/_testcapi/monitoring.c -o Modules/_testcapi/monitoring.o
/app/target/cpython-strict/cross/loongarch64-linux-musl-gcc  -fno-strict-overflow -Wsign-compare -DNDEBUG -g -O3 -Wall -Os -fstack-clash-protection -Wformat -Werror=format-security -fno-plt -march=loongarch64 -mabi=lp64d -mstrict-align   -Os -fstack-clash-protection -Wformat -Werror=format-security -fno-plt -march=loongarch64 -mabi=lp64d -mstrict-align -O2 -DTHREAD_STACK_SIZE=0x200000 -fno-semantic-interposition -flto -ffat-lto-objects -g -std=c11 -Wextra -Wno-unused-parameter -Wno-missing-field-initializers -Wstrict-prototypes -Werror=implicit-function-declaration -fvisibility=hidden -fprofile-generate -fprofile-update=atomic -I./Include/internal -I./Include/internal/mimalloc  -I. -I./Include -I/app/target/cpython-strict/sysroot/usr/include  -fPIC -fPIC -c ./Modules/_testcapi/config.c -o Modules/_testcapi/config.o
/app/target/cpython-strict/cross/loongarch64-linux-musl-gcc  -fno-strict-overflow -Wsign-compare -DNDEBUG -g -O3 -Wall -Os -fstack-clash-protection -Wformat -Werror=format-security -fno-plt -march=loongarch64 -mabi=lp64d -mstrict-align   -Os -fstack-clash-protection -Wformat -Werror=format-security -fno-plt -march=loongarch64 -mabi=lp64d -mstrict-align -O2 -DTHREAD_STACK_SIZE=0x200000 -fno-semantic-interposition -flto -ffat-lto-objects -g -std=c11 -Wextra -Wno-unused-parameter -Wno-missing-field-initializers -Wstrict-prototypes -Werror=implicit-function-declaration -fvisibility=hidden -fprofile-generate -fprofile-update=atomic -I./Include/internal -I./Include/internal/mimalloc  -I. -I./Include -I/app/target/cpython-strict/sysroot/usr/include  -fPIC -fPIC -c ./Modules/_testcapi/import.c -o Modules/_testcapi/import.o
/app/target/cpython-strict/cross/loongarch64-linux-musl-gcc  -fno-strict-overflow -Wsign-compare -DNDEBUG -g -O3 -Wall -Os -fstack-clash-protection -Wformat -Werror=format-security -fno-plt -march=loongarch64 -mabi=lp64d -mstrict-align   -Os -fstack-clash-protection -Wformat -Werror=format-security -fno-plt -march=loongarch64 -mabi=lp64d -mstrict-align -O2 -DTHREAD_STACK_SIZE=0x200000 -fno-semantic-interposition -flto -ffat-lto-objects -g -std=c11 -Wextra -Wno-unused-parameter -Wno-missing-field-initializers -Wstrict-prototypes -Werror=implicit-function-declaration -fvisibility=hidden -fprofile-generate -fprofile-update=atomic -I./Include/internal -I./Include/internal/mimalloc  -I. -I./Include -I/app/target/cpython-strict/sysroot/usr/include  -fPIC -fPIC -c ./Modules/_testcapi/frame.c -o Modules/_testcapi/frame.o
/app/target/cpython-strict/cross/loongarch64-linux-musl-gcc  -fno-strict-overflow -Wsign-compare -DNDEBUG -g -O3 -Wall -Os -fstack-clash-protection -Wformat -Werror=format-security -fno-plt -march=loongarch64 -mabi=lp64d -mstrict-align   -Os -fstack-clash-protection -Wformat -Werror=format-security -fno-plt -march=loongarch64 -mabi=lp64d -mstrict-align -O2 -DTHREAD_STACK_SIZE=0x200000 -fno-semantic-interposition -flto -ffat-lto-objects -g -std=c11 -Wextra -Wno-unused-parameter -Wno-missing-field-initializers -Wstrict-prototypes -Werror=implicit-function-declaration -fvisibility=hidden -fprofile-generate -fprofile-update=atomic -I./Include/internal -I./Include/internal/mimalloc  -I. -I./Include -I/app/target/cpython-strict/sysroot/usr/include  -fPIC -fPIC -c ./Modules/_testcapi/type.c -o Modules/_testcapi/type.o
/app/target/cpython-strict/cross/loongarch64-linux-musl-gcc  -fno-strict-overflow -Wsign-compare -DNDEBUG -g -O3 -Wall -Os -fstack-clash-protection -Wformat -Werror=format-security -fno-plt -march=loongarch64 -mabi=lp64d -mstrict-align   -Os -fstack-clash-protection -Wformat -Werror=format-security -fno-plt -march=loongarch64 -mabi=lp64d -mstrict-align -O2 -DTHREAD_STACK_SIZE=0x200000 -fno-semantic-interposition -flto -ffat-lto-objects -g -std=c11 -Wextra -Wno-unused-parameter -Wno-missing-field-initializers -Wstrict-prototypes -Werror=implicit-function-declaration -fvisibility=hidden -fprofile-generate -fprofile-update=atomic -I./Include/internal -I./Include/internal/mimalloc  -I. -I./Include -I/app/target/cpython-strict/sysroot/usr/include  -fPIC -fPIC -c ./Modules/_testcapi/function.c -o Modules/_testcapi/function.o
/app/target/cpython-strict/cross/loongarch64-linux-musl-gcc -shared -L/app/target/cpython-strict/sysroot/usr/lib -L/app/target/cpython-strict/sysroot/lib -Wl,-rpath-link,/app/target/cpython-strict/sysroot/usr/lib -Wl,-rpath-link,/app/target/cpython-strict/sysroot/lib -Wl,--as-needed -Wl,-O1 -Wl,--sort-common  -L/app/target/cpython-strict/sysroot/usr/lib -L/app/target/cpython-strict/sysroot/lib -Wl,-rpath-link,/app/target/cpython-strict/sysroot/usr/lib -Wl,-rpath-link,/app/target/cpython-strict/sysroot/lib -Wl,--as-needed -Wl,-O1 -Wl,--sort-common -Wl,-z,stack-size=0x200000 -fno-semantic-interposition -flto -ffat-lto-objects -g -fprofile-generate -fprofile-update=atomic  Modules/_testcapimodule.o Modules/_testcapi/vectorcall.o Modules/_testcapi/heaptype.o Modules/_testcapi/abstract.o Modules/_testcapi/unicode.o Modules/_testcapi/dict.o Modules/_testcapi/set.o Modules/_testcapi/list.o Modules/_testcapi/tuple.o Modules/_testcapi/getargs.o Modules/_testcapi/datetime.o Modules/_testcapi/docstring.o Modules/_testcapi/mem.o Modules/_testcapi/watchers.o Modules/_testcapi/long.o Modules/_testcapi/float.o Modules/_testcapi/complex.o Modules/_testcapi/numbers.o Modules/_testcapi/structmember.o Modules/_testcapi/exceptions.o Modules/_testcapi/code.o Modules/_testcapi/buffer.o Modules/_testcapi/pyatomic.o Modules/_testcapi/run.o Modules/_testcapi/file.o Modules/_testcapi/codec.o Modules/_testcapi/immortal.o Modules/_testcapi/gc.o Modules/_testcapi/hash.o Modules/_testcapi/time.o Modules/_testcapi/bytes.o Modules/_testcapi/object.o Modules/_testcapi/monitoring.o Modules/_testcapi/config.o Modules/_testcapi/import.o Modules/_testcapi/frame.o Modules/_testcapi/type.o Modules/_testcapi/function.o   -o Modules/_testcapi.cpython-314.so
lto-wrapper: warning: using serial compilation of 7 LTRANS jobs
lto-wrapper: note: see the '-flto' option documentation for more information
/app/target/cpython-strict/cross/loongarch64-linux-musl-gcc  -fno-strict-overflow -Wsign-compare -DNDEBUG -g -O3 -Wall -Os -fstack-clash-protection -Wformat -Werror=format-security -fno-plt -march=loongarch64 -mabi=lp64d -mstrict-align   -Os -fstack-clash-protection -Wformat -Werror=format-security -fno-plt -march=loongarch64 -mabi=lp64d -mstrict-align -O2 -DTHREAD_STACK_SIZE=0x200000 -fno-semantic-interposition -flto -ffat-lto-objects -g -std=c11 -Wextra -Wno-unused-parameter -Wno-missing-field-initializers -Wstrict-prototypes -Werror=implicit-function-declaration -fvisibility=hidden -fprofile-generate -fprofile-update=atomic -I./Include/internal -I./Include/internal/mimalloc  -I. -I./Include -I/app/target/cpython-strict/sysroot/usr/include  -fPIC -fPIC -c ./Modules/_testlimitedcapi.c -o Modules/_testlimitedcapi.o
/app/target/cpython-strict/cross/loongarch64-linux-musl-gcc  -fno-strict-overflow -Wsign-compare -DNDEBUG -g -O3 -Wall -Os -fstack-clash-protection -Wformat -Werror=format-security -fno-plt -march=loongarch64 -mabi=lp64d -mstrict-align   -Os -fstack-clash-protection -Wformat -Werror=format-security -fno-plt -march=loongarch64 -mabi=lp64d -mstrict-align -O2 -DTHREAD_STACK_SIZE=0x200000 -fno-semantic-interposition -flto -ffat-lto-objects -g -std=c11 -Wextra -Wno-unused-parameter -Wno-missing-field-initializers -Wstrict-prototypes -Werror=implicit-function-declaration -fvisibility=hidden -fprofile-generate -fprofile-update=atomic -I./Include/internal -I./Include/internal/mimalloc  -I. -I./Include -I/app/target/cpython-strict/sysroot/usr/include  -fPIC -fPIC -c ./Modules/_testlimitedcapi/abstract.c -o Modules/_testlimitedcapi/abstract.o
/app/target/cpython-strict/cross/loongarch64-linux-musl-gcc  -fno-strict-overflow -Wsign-compare -DNDEBUG -g -O3 -Wall -Os -fstack-clash-protection -Wformat -Werror=format-security -fno-plt -march=loongarch64 -mabi=lp64d -mstrict-align   -Os -fstack-clash-protection -Wformat -Werror=format-security -fno-plt -march=loongarch64 -mabi=lp64d -mstrict-align -O2 -DTHREAD_STACK_SIZE=0x200000 -fno-semantic-interposition -flto -ffat-lto-objects -g -std=c11 -Wextra -Wno-unused-parameter -Wno-missing-field-initializers -Wstrict-prototypes -Werror=implicit-function-declaration -fvisibility=hidden -fprofile-generate -fprofile-update=atomic -I./Include/internal -I./Include/internal/mimalloc  -I. -I./Include -I/app/target/cpython-strict/sysroot/usr/include  -fPIC -fPIC -c ./Modules/_testlimitedcapi/bytearray.c -o Modules/_testlimitedcapi/bytearray.o
/app/target/cpython-strict/cross/loongarch64-linux-musl-gcc  -fno-strict-overflow -Wsign-compare -DNDEBUG -g -O3 -Wall -Os -fstack-clash-protection -Wformat -Werror=format-security -fno-plt -march=loongarch64 -mabi=lp64d -mstrict-align   -Os -fstack-clash-protection -Wformat -Werror=format-security -fno-plt -march=loongarch64 -mabi=lp64d -mstrict-align -O2 -DTHREAD_STACK_SIZE=0x200000 -fno-semantic-interposition -flto -ffat-lto-objects -g -std=c11 -Wextra -Wno-unused-parameter -Wno-missing-field-initializers -Wstrict-prototypes -Werror=implicit-function-declaration -fvisibility=hidden -fprofile-generate -fprofile-update=atomic -I./Include/internal -I./Include/internal/mimalloc  -I. -I./Include -I/app/target/cpython-strict/sysroot/usr/include  -fPIC -fPIC -c ./Modules/_testlimitedcapi/bytes.c -o Modules/_testlimitedcapi/bytes.o
/app/target/cpython-strict/cross/loongarch64-linux-musl-gcc  -fno-strict-overflow -Wsign-compare -DNDEBUG -g -O3 -Wall -Os -fstack-clash-protection -Wformat -Werror=format-security -fno-plt -march=loongarch64 -mabi=lp64d -mstrict-align   -Os -fstack-clash-protection -Wformat -Werror=format-security -fno-plt -march=loongarch64 -mabi=lp64d -mstrict-align -O2 -DTHREAD_STACK_SIZE=0x200000 -fno-semantic-interposition -flto -ffat-lto-objects -g -std=c11 -Wextra -Wno-unused-parameter -Wno-missing-field-initializers -Wstrict-prototypes -Werror=implicit-function-declaration -fvisibility=hidden -fprofile-generate -fprofile-update=atomic -I./Include/internal -I./Include/internal/mimalloc  -I. -I./Include -I/app/target/cpython-strict/sysroot/usr/include  -fPIC -fPIC -c ./Modules/_testlimitedcapi/codec.c -o Modules/_testlimitedcapi/codec.o
/app/target/cpython-strict/cross/loongarch64-linux-musl-gcc  -fno-strict-overflow -Wsign-compare -DNDEBUG -g -O3 -Wall -Os -fstack-clash-protection -Wformat -Werror=format-security -fno-plt -march=loongarch64 -mabi=lp64d -mstrict-align   -Os -fstack-clash-protection -Wformat -Werror=format-security -fno-plt -march=loongarch64 -mabi=lp64d -mstrict-align -O2 -DTHREAD_STACK_SIZE=0x200000 -fno-semantic-interposition -flto -ffat-lto-objects -g -std=c11 -Wextra -Wno-unused-parameter -Wno-missing-field-initializers -Wstrict-prototypes -Werror=implicit-function-declaration -fvisibility=hidden -fprofile-generate -fprofile-update=atomic -I./Include/internal -I./Include/internal/mimalloc  -I. -I./Include -I/app/target/cpython-strict/sysroot/usr/include  -fPIC -fPIC -c ./Modules/_testlimitedcapi/complex.c -o Modules/_testlimitedcapi/complex.o
/app/target/cpython-strict/cross/loongarch64-linux-musl-gcc  -fno-strict-overflow -Wsign-compare -DNDEBUG -g -O3 -Wall -Os -fstack-clash-protection -Wformat -Werror=format-security -fno-plt -march=loongarch64 -mabi=lp64d -mstrict-align   -Os -fstack-clash-protection -Wformat -Werror=format-security -fno-plt -march=loongarch64 -mabi=lp64d -mstrict-align -O2 -DTHREAD_STACK_SIZE=0x200000 -fno-semantic-interposition -flto -ffat-lto-objects -g -std=c11 -Wextra -Wno-unused-parameter -Wno-missing-field-initializers -Wstrict-prototypes -Werror=implicit-function-declaration -fvisibility=hidden -fprofile-generate -fprofile-update=atomic -I./Include/internal -I./Include/internal/mimalloc  -I. -I./Include -I/app/target/cpython-strict/sysroot/usr/include  -fPIC -fPIC -c ./Modules/_testlimitedcapi/dict.c -o Modules/_testlimitedcapi/dict.o
/app/target/cpython-strict/cross/loongarch64-linux-musl-gcc  -fno-strict-overflow -Wsign-compare -DNDEBUG -g -O3 -Wall -Os -fstack-clash-protection -Wformat -Werror=format-security -fno-plt -march=loongarch64 -mabi=lp64d -mstrict-align   -Os -fstack-clash-protection -Wformat -Werror=format-security -fno-plt -march=loongarch64 -mabi=lp64d -mstrict-align -O2 -DTHREAD_STACK_SIZE=0x200000 -fno-semantic-interposition -flto -ffat-lto-objects -g -std=c11 -Wextra -Wno-unused-parameter -Wno-missing-field-initializers -Wstrict-prototypes -Werror=implicit-function-declaration -fvisibility=hidden -fprofile-generate -fprofile-update=atomic -I./Include/internal -I./Include/internal/mimalloc  -I. -I./Include -I/app/target/cpython-strict/sysroot/usr/include  -fPIC -fPIC -c ./Modules/_testlimitedcapi/eval.c -o Modules/_testlimitedcapi/eval.o
/app/target/cpython-strict/cross/loongarch64-linux-musl-gcc  -fno-strict-overflow -Wsign-compare -DNDEBUG -g -O3 -Wall -Os -fstack-clash-protection -Wformat -Werror=format-security -fno-plt -march=loongarch64 -mabi=lp64d -mstrict-align   -Os -fstack-clash-protection -Wformat -Werror=format-security -fno-plt -march=loongarch64 -mabi=lp64d -mstrict-align -O2 -DTHREAD_STACK_SIZE=0x200000 -fno-semantic-interposition -flto -ffat-lto-objects -g -std=c11 -Wextra -Wno-unused-parameter -Wno-missing-field-initializers -Wstrict-prototypes -Werror=implicit-function-declaration -fvisibility=hidden -fprofile-generate -fprofile-update=atomic -I./Include/internal -I./Include/internal/mimalloc  -I. -I./Include -I/app/target/cpython-strict/sysroot/usr/include  -fPIC -fPIC -c ./Modules/_testlimitedcapi/float.c -o Modules/_testlimitedcapi/float.o
/app/target/cpython-strict/cross/loongarch64-linux-musl-gcc  -fno-strict-overflow -Wsign-compare -DNDEBUG -g -O3 -Wall -Os -fstack-clash-protection -Wformat -Werror=format-security -fno-plt -march=loongarch64 -mabi=lp64d -mstrict-align   -Os -fstack-clash-protection -Wformat -Werror=format-security -fno-plt -march=loongarch64 -mabi=lp64d -mstrict-align -O2 -DTHREAD_STACK_SIZE=0x200000 -fno-semantic-interposition -flto -ffat-lto-objects -g -std=c11 -Wextra -Wno-unused-parameter -Wno-missing-field-initializers -Wstrict-prototypes -Werror=implicit-function-declaration -fvisibility=hidden -fprofile-generate -fprofile-update=atomic -I./Include/internal -I./Include/internal/mimalloc  -I. -I./Include -I/app/target/cpython-strict/sysroot/usr/include  -fPIC -fPIC -c ./Modules/_testlimitedcapi/heaptype_relative.c -o Modules/_testlimitedcapi/heaptype_relative.o
/app/target/cpython-strict/cross/loongarch64-linux-musl-gcc  -fno-strict-overflow -Wsign-compare -DNDEBUG -g -O3 -Wall -Os -fstack-clash-protection -Wformat -Werror=format-security -fno-plt -march=loongarch64 -mabi=lp64d -mstrict-align   -Os -fstack-clash-protection -Wformat -Werror=format-security -fno-plt -march=loongarch64 -mabi=lp64d -mstrict-align -O2 -DTHREAD_STACK_SIZE=0x200000 -fno-semantic-interposition -flto -ffat-lto-objects -g -std=c11 -Wextra -Wno-unused-parameter -Wno-missing-field-initializers -Wstrict-prototypes -Werror=implicit-function-declaration -fvisibility=hidden -fprofile-generate -fprofile-update=atomic -I./Include/internal -I./Include/internal/mimalloc  -I. -I./Include -I/app/target/cpython-strict/sysroot/usr/include  -fPIC -fPIC -c ./Modules/_testlimitedcapi/import.c -o Modules/_testlimitedcapi/import.o
/app/target/cpython-strict/cross/loongarch64-linux-musl-gcc  -fno-strict-overflow -Wsign-compare -DNDEBUG -g -O3 -Wall -Os -fstack-clash-protection -Wformat -Werror=format-security -fno-plt -march=loongarch64 -mabi=lp64d -mstrict-align   -Os -fstack-clash-protection -Wformat -Werror=format-security -fno-plt -march=loongarch64 -mabi=lp64d -mstrict-align -O2 -DTHREAD_STACK_SIZE=0x200000 -fno-semantic-interposition -flto -ffat-lto-objects -g -std=c11 -Wextra -Wno-unused-parameter -Wno-missing-field-initializers -Wstrict-prototypes -Werror=implicit-function-declaration -fvisibility=hidden -fprofile-generate -fprofile-update=atomic -I./Include/internal -I./Include/internal/mimalloc  -I. -I./Include -I/app/target/cpython-strict/sysroot/usr/include  -fPIC -fPIC -c ./Modules/_testlimitedcapi/list.c -o Modules/_testlimitedcapi/list.o
/app/target/cpython-strict/cross/loongarch64-linux-musl-gcc  -fno-strict-overflow -Wsign-compare -DNDEBUG -g -O3 -Wall -Os -fstack-clash-protection -Wformat -Werror=format-security -fno-plt -march=loongarch64 -mabi=lp64d -mstrict-align   -Os -fstack-clash-protection -Wformat -Werror=format-security -fno-plt -march=loongarch64 -mabi=lp64d -mstrict-align -O2 -DTHREAD_STACK_SIZE=0x200000 -fno-semantic-interposition -flto -ffat-lto-objects -g -std=c11 -Wextra -Wno-unused-parameter -Wno-missing-field-initializers -Wstrict-prototypes -Werror=implicit-function-declaration -fvisibility=hidden -fprofile-generate -fprofile-update=atomic -I./Include/internal -I./Include/internal/mimalloc  -I. -I./Include -I/app/target/cpython-strict/sysroot/usr/include  -fPIC -fPIC -c ./Modules/_testlimitedcapi/long.c -o Modules/_testlimitedcapi/long.o
/app/target/cpython-strict/cross/loongarch64-linux-musl-gcc  -fno-strict-overflow -Wsign-compare -DNDEBUG -g -O3 -Wall -Os -fstack-clash-protection -Wformat -Werror=format-security -fno-plt -march=loongarch64 -mabi=lp64d -mstrict-align   -Os -fstack-clash-protection -Wformat -Werror=format-security -fno-plt -march=loongarch64 -mabi=lp64d -mstrict-align -O2 -DTHREAD_STACK_SIZE=0x200000 -fno-semantic-interposition -flto -ffat-lto-objects -g -std=c11 -Wextra -Wno-unused-parameter -Wno-missing-field-initializers -Wstrict-prototypes -Werror=implicit-function-declaration -fvisibility=hidden -fprofile-generate -fprofile-update=atomic -I./Include/internal -I./Include/internal/mimalloc  -I. -I./Include -I/app/target/cpython-strict/sysroot/usr/include  -fPIC -fPIC -c ./Modules/_testlimitedcapi/object.c -o Modules/_testlimitedcapi/object.o
/app/target/cpython-strict/cross/loongarch64-linux-musl-gcc  -fno-strict-overflow -Wsign-compare -DNDEBUG -g -O3 -Wall -Os -fstack-clash-protection -Wformat -Werror=format-security -fno-plt -march=loongarch64 -mabi=lp64d -mstrict-align   -Os -fstack-clash-protection -Wformat -Werror=format-security -fno-plt -march=loongarch64 -mabi=lp64d -mstrict-align -O2 -DTHREAD_STACK_SIZE=0x200000 -fno-semantic-interposition -flto -ffat-lto-objects -g -std=c11 -Wextra -Wno-unused-parameter -Wno-missing-field-initializers -Wstrict-prototypes -Werror=implicit-function-declaration -fvisibility=hidden -fprofile-generate -fprofile-update=atomic -I./Include/internal -I./Include/internal/mimalloc  -I. -I./Include -I/app/target/cpython-strict/sysroot/usr/include  -fPIC -fPIC -c ./Modules/_testlimitedcapi/pyos.c -o Modules/_testlimitedcapi/pyos.o
/app/target/cpython-strict/cross/loongarch64-linux-musl-gcc  -fno-strict-overflow -Wsign-compare -DNDEBUG -g -O3 -Wall -Os -fstack-clash-protection -Wformat -Werror=format-security -fno-plt -march=loongarch64 -mabi=lp64d -mstrict-align   -Os -fstack-clash-protection -Wformat -Werror=format-security -fno-plt -march=loongarch64 -mabi=lp64d -mstrict-align -O2 -DTHREAD_STACK_SIZE=0x200000 -fno-semantic-interposition -flto -ffat-lto-objects -g -std=c11 -Wextra -Wno-unused-parameter -Wno-missing-field-initializers -Wstrict-prototypes -Werror=implicit-function-declaration -fvisibility=hidden -fprofile-generate -fprofile-update=atomic -I./Include/internal -I./Include/internal/mimalloc  -I. -I./Include -I/app/target/cpython-strict/sysroot/usr/include  -fPIC -fPIC -c ./Modules/_testlimitedcapi/set.c -o Modules/_testlimitedcapi/set.o
/app/target/cpython-strict/cross/loongarch64-linux-musl-gcc  -fno-strict-overflow -Wsign-compare -DNDEBUG -g -O3 -Wall -Os -fstack-clash-protection -Wformat -Werror=format-security -fno-plt -march=loongarch64 -mabi=lp64d -mstrict-align   -Os -fstack-clash-protection -Wformat -Werror=format-security -fno-plt -march=loongarch64 -mabi=lp64d -mstrict-align -O2 -DTHREAD_STACK_SIZE=0x200000 -fno-semantic-interposition -flto -ffat-lto-objects -g -std=c11 -Wextra -Wno-unused-parameter -Wno-missing-field-initializers -Wstrict-prototypes -Werror=implicit-function-declaration -fvisibility=hidden -fprofile-generate -fprofile-update=atomic -I./Include/internal -I./Include/internal/mimalloc  -I. -I./Include -I/app/target/cpython-strict/sysroot/usr/include  -fPIC -fPIC -c ./Modules/_testlimitedcapi/sys.c -o Modules/_testlimitedcapi/sys.o
/app/target/cpython-strict/cross/loongarch64-linux-musl-gcc  -fno-strict-overflow -Wsign-compare -DNDEBUG -g -O3 -Wall -Os -fstack-clash-protection -Wformat -Werror=format-security -fno-plt -march=loongarch64 -mabi=lp64d -mstrict-align   -Os -fstack-clash-protection -Wformat -Werror=format-security -fno-plt -march=loongarch64 -mabi=lp64d -mstrict-align -O2 -DTHREAD_STACK_SIZE=0x200000 -fno-semantic-interposition -flto -ffat-lto-objects -g -std=c11 -Wextra -Wno-unused-parameter -Wno-missing-field-initializers -Wstrict-prototypes -Werror=implicit-function-declaration -fvisibility=hidden -fprofile-generate -fprofile-update=atomic -I./Include/internal -I./Include/internal/mimalloc  -I. -I./Include -I/app/target/cpython-strict/sysroot/usr/include  -fPIC -fPIC -c ./Modules/_testlimitedcapi/tuple.c -o Modules/_testlimitedcapi/tuple.o
/app/target/cpython-strict/cross/loongarch64-linux-musl-gcc  -fno-strict-overflow -Wsign-compare -DNDEBUG -g -O3 -Wall -Os -fstack-clash-protection -Wformat -Werror=format-security -fno-plt -march=loongarch64 -mabi=lp64d -mstrict-align   -Os -fstack-clash-protection -Wformat -Werror=format-security -fno-plt -march=loongarch64 -mabi=lp64d -mstrict-align -O2 -DTHREAD_STACK_SIZE=0x200000 -fno-semantic-interposition -flto -ffat-lto-objects -g -std=c11 -Wextra -Wno-unused-parameter -Wno-missing-field-initializers -Wstrict-prototypes -Werror=implicit-function-declaration -fvisibility=hidden -fprofile-generate -fprofile-update=atomic -I./Include/internal -I./Include/internal/mimalloc  -I. -I./Include -I/app/target/cpython-strict/sysroot/usr/include  -fPIC -fPIC -c ./Modules/_testlimitedcapi/unicode.c -o Modules/_testlimitedcapi/unicode.o
/app/target/cpython-strict/cross/loongarch64-linux-musl-gcc  -fno-strict-overflow -Wsign-compare -DNDEBUG -g -O3 -Wall -Os -fstack-clash-protection -Wformat -Werror=format-security -fno-plt -march=loongarch64 -mabi=lp64d -mstrict-align   -Os -fstack-clash-protection -Wformat -Werror=format-security -fno-plt -march=loongarch64 -mabi=lp64d -mstrict-align -O2 -DTHREAD_STACK_SIZE=0x200000 -fno-semantic-interposition -flto -ffat-lto-objects -g -std=c11 -Wextra -Wno-unused-parameter -Wno-missing-field-initializers -Wstrict-prototypes -Werror=implicit-function-declaration -fvisibility=hidden -fprofile-generate -fprofile-update=atomic -I./Include/internal -I./Include/internal/mimalloc  -I. -I./Include -I/app/target/cpython-strict/sysroot/usr/include  -fPIC -fPIC -c ./Modules/_testlimitedcapi/vectorcall_limited.c -o Modules/_testlimitedcapi/vectorcall_limited.o
/app/target/cpython-strict/cross/loongarch64-linux-musl-gcc  -fno-strict-overflow -Wsign-compare -DNDEBUG -g -O3 -Wall -Os -fstack-clash-protection -Wformat -Werror=format-security -fno-plt -march=loongarch64 -mabi=lp64d -mstrict-align   -Os -fstack-clash-protection -Wformat -Werror=format-security -fno-plt -march=loongarch64 -mabi=lp64d -mstrict-align -O2 -DTHREAD_STACK_SIZE=0x200000 -fno-semantic-interposition -flto -ffat-lto-objects -g -std=c11 -Wextra -Wno-unused-parameter -Wno-missing-field-initializers -Wstrict-prototypes -Werror=implicit-function-declaration -fvisibility=hidden -fprofile-generate -fprofile-update=atomic -I./Include/internal -I./Include/internal/mimalloc  -I. -I./Include -I/app/target/cpython-strict/sysroot/usr/include  -fPIC -fPIC -c ./Modules/_testlimitedcapi/version.c -o Modules/_testlimitedcapi/version.o
/app/target/cpython-strict/cross/loongarch64-linux-musl-gcc  -fno-strict-overflow -Wsign-compare -DNDEBUG -g -O3 -Wall -Os -fstack-clash-protection -Wformat -Werror=format-security -fno-plt -march=loongarch64 -mabi=lp64d -mstrict-align   -Os -fstack-clash-protection -Wformat -Werror=format-security -fno-plt -march=loongarch64 -mabi=lp64d -mstrict-align -O2 -DTHREAD_STACK_SIZE=0x200000 -fno-semantic-interposition -flto -ffat-lto-objects -g -std=c11 -Wextra -Wno-unused-parameter -Wno-missing-field-initializers -Wstrict-prototypes -Werror=implicit-function-declaration -fvisibility=hidden -fprofile-generate -fprofile-update=atomic -I./Include/internal -I./Include/internal/mimalloc  -I. -I./Include -I/app/target/cpython-strict/sysroot/usr/include  -fPIC -fPIC -c ./Modules/_testlimitedcapi/file.c -o Modules/_testlimitedcapi/file.o
/app/target/cpython-strict/cross/loongarch64-linux-musl-gcc -shared -L/app/target/cpython-strict/sysroot/usr/lib -L/app/target/cpython-strict/sysroot/lib -Wl,-rpath-link,/app/target/cpython-strict/sysroot/usr/lib -Wl,-rpath-link,/app/target/cpython-strict/sysroot/lib -Wl,--as-needed -Wl,-O1 -Wl,--sort-common  -L/app/target/cpython-strict/sysroot/usr/lib -L/app/target/cpython-strict/sysroot/lib -Wl,-rpath-link,/app/target/cpython-strict/sysroot/usr/lib -Wl,-rpath-link,/app/target/cpython-strict/sysroot/lib -Wl,--as-needed -Wl,-O1 -Wl,--sort-common -Wl,-z,stack-size=0x200000 -fno-semantic-interposition -flto -ffat-lto-objects -g -fprofile-generate -fprofile-update=atomic  Modules/_testlimitedcapi.o Modules/_testlimitedcapi/abstract.o Modules/_testlimitedcapi/bytearray.o Modules/_testlimitedcapi/bytes.o Modules/_testlimitedcapi/codec.o Modules/_testlimitedcapi/complex.o Modules/_testlimitedcapi/dict.o Modules/_testlimitedcapi/eval.o Modules/_testlimitedcapi/float.o Modules/_testlimitedcapi/heaptype_relative.o Modules/_testlimitedcapi/import.o Modules/_testlimitedcapi/list.o Modules/_testlimitedcapi/long.o Modules/_testlimitedcapi/object.o Modules/_testlimitedcapi/pyos.o Modules/_testlimitedcapi/set.o Modules/_testlimitedcapi/sys.o Modules/_testlimitedcapi/tuple.o Modules/_testlimitedcapi/unicode.o Modules/_testlimitedcapi/vectorcall_limited.o Modules/_testlimitedcapi/version.o Modules/_testlimitedcapi/file.o   -o Modules/_testlimitedcapi.cpython-314.so
lto-wrapper: warning: using serial compilation of 4 LTRANS jobs
lto-wrapper: note: see the '-flto' option documentation for more information
/app/target/cpython-strict/cross/loongarch64-linux-musl-gcc  -fno-strict-overflow -Wsign-compare -DNDEBUG -g -O3 -Wall -Os -fstack-clash-protection -Wformat -Werror=format-security -fno-plt -march=loongarch64 -mabi=lp64d -mstrict-align   -Os -fstack-clash-protection -Wformat -Werror=format-security -fno-plt -march=loongarch64 -mabi=lp64d -mstrict-align -O2 -DTHREAD_STACK_SIZE=0x200000 -fno-semantic-interposition -flto -ffat-lto-objects -g -std=c11 -Wextra -Wno-unused-parameter -Wno-missing-field-initializers -Wstrict-prototypes -Werror=implicit-function-declaration -fvisibility=hidden -fprofile-generate -fprofile-update=atomic -I./Include/internal -I./Include/internal/mimalloc  -I. -I./Include -I/app/target/cpython-strict/sysroot/usr/include  -fPIC -fPIC -c ./Modules/_testclinic.c -o Modules/_testclinic.o
/app/target/cpython-strict/cross/loongarch64-linux-musl-gcc -shared -L/app/target/cpython-strict/sysroot/usr/lib -L/app/target/cpython-strict/sysroot/lib -Wl,-rpath-link,/app/target/cpython-strict/sysroot/usr/lib -Wl,-rpath-link,/app/target/cpython-strict/sysroot/lib -Wl,--as-needed -Wl,-O1 -Wl,--sort-common  -L/app/target/cpython-strict/sysroot/usr/lib -L/app/target/cpython-strict/sysroot/lib -Wl,-rpath-link,/app/target/cpython-strict/sysroot/usr/lib -Wl,-rpath-link,/app/target/cpython-strict/sysroot/lib -Wl,--as-needed -Wl,-O1 -Wl,--sort-common -Wl,-z,stack-size=0x200000 -fno-semantic-interposition -flto -ffat-lto-objects -g -fprofile-generate -fprofile-update=atomic  Modules/_testclinic.o   -o Modules/_testclinic.cpython-314.so
lto-wrapper: warning: using serial compilation of 3 LTRANS jobs
lto-wrapper: note: see the '-flto' option documentation for more information
/app/target/cpython-strict/cross/loongarch64-linux-musl-gcc  -fno-strict-overflow -Wsign-compare -DNDEBUG -g -O3 -Wall -Os -fstack-clash-protection -Wformat -Werror=format-security -fno-plt -march=loongarch64 -mabi=lp64d -mstrict-align   -Os -fstack-clash-protection -Wformat -Werror=format-security -fno-plt -march=loongarch64 -mabi=lp64d -mstrict-align -O2 -DTHREAD_STACK_SIZE=0x200000 -fno-semantic-interposition -flto -ffat-lto-objects -g -std=c11 -Wextra -Wno-unused-parameter -Wno-missing-field-initializers -Wstrict-prototypes -Werror=implicit-function-declaration -fvisibility=hidden -fprofile-generate -fprofile-update=atomic -I./Include/internal -I./Include/internal/mimalloc  -I. -I./Include -I/app/target/cpython-strict/sysroot/usr/include  -fPIC -fPIC -c ./Modules/_testclinic_limited.c -o Modules/_testclinic_limited.o
/app/target/cpython-strict/cross/loongarch64-linux-musl-gcc -shared -L/app/target/cpython-strict/sysroot/usr/lib -L/app/target/cpython-strict/sysroot/lib -Wl,-rpath-link,/app/target/cpython-strict/sysroot/usr/lib -Wl,-rpath-link,/app/target/cpython-strict/sysroot/lib -Wl,--as-needed -Wl,-O1 -Wl,--sort-common  -L/app/target/cpython-strict/sysroot/usr/lib -L/app/target/cpython-strict/sysroot/lib -Wl,-rpath-link,/app/target/cpython-strict/sysroot/usr/lib -Wl,-rpath-link,/app/target/cpython-strict/sysroot/lib -Wl,--as-needed -Wl,-O1 -Wl,--sort-common -Wl,-z,stack-size=0x200000 -fno-semantic-interposition -flto -ffat-lto-objects -g -fprofile-generate -fprofile-update=atomic  Modules/_testclinic_limited.o   -o Modules/_testclinic_limited.cpython-314.so
/app/target/cpython-strict/cross/loongarch64-linux-musl-gcc  -fno-strict-overflow -Wsign-compare -DNDEBUG -g -O3 -Wall -Os -fstack-clash-protection -Wformat -Werror=format-security -fno-plt -march=loongarch64 -mabi=lp64d -mstrict-align   -Os -fstack-clash-protection -Wformat -Werror=format-security -fno-plt -march=loongarch64 -mabi=lp64d -mstrict-align -O2 -DTHREAD_STACK_SIZE=0x200000 -fno-semantic-interposition -flto -ffat-lto-objects -g -std=c11 -Wextra -Wno-unused-parameter -Wno-missing-field-initializers -Wstrict-prototypes -Werror=implicit-function-declaration -fvisibility=hidden -fprofile-generate -fprofile-update=atomic -I./Include/internal -I./Include/internal/mimalloc  -I. -I./Include -I/app/target/cpython-strict/sysroot/usr/include  -fPIC -fPIC -c ./Modules/_testimportmultiple.c -o Modules/_testimportmultiple.o
/app/target/cpython-strict/cross/loongarch64-linux-musl-gcc -shared -L/app/target/cpython-strict/sysroot/usr/lib -L/app/target/cpython-strict/sysroot/lib -Wl,-rpath-link,/app/target/cpython-strict/sysroot/usr/lib -Wl,-rpath-link,/app/target/cpython-strict/sysroot/lib -Wl,--as-needed -Wl,-O1 -Wl,--sort-common  -L/app/target/cpython-strict/sysroot/usr/lib -L/app/target/cpython-strict/sysroot/lib -Wl,-rpath-link,/app/target/cpython-strict/sysroot/usr/lib -Wl,-rpath-link,/app/target/cpython-strict/sysroot/lib -Wl,--as-needed -Wl,-O1 -Wl,--sort-common -Wl,-z,stack-size=0x200000 -fno-semantic-interposition -flto -ffat-lto-objects -g -fprofile-generate -fprofile-update=atomic  Modules/_testimportmultiple.o   -o Modules/_testimportmultiple.cpython-314.so
/app/target/cpython-strict/cross/loongarch64-linux-musl-gcc  -fno-strict-overflow -Wsign-compare -DNDEBUG -g -O3 -Wall -Os -fstack-clash-protection -Wformat -Werror=format-security -fno-plt -march=loongarch64 -mabi=lp64d -mstrict-align   -Os -fstack-clash-protection -Wformat -Werror=format-security -fno-plt -march=loongarch64 -mabi=lp64d -mstrict-align -O2 -DTHREAD_STACK_SIZE=0x200000 -fno-semantic-interposition -flto -ffat-lto-objects -g -std=c11 -Wextra -Wno-unused-parameter -Wno-missing-field-initializers -Wstrict-prototypes -Werror=implicit-function-declaration -fvisibility=hidden -fprofile-generate -fprofile-update=atomic -I./Include/internal -I./Include/internal/mimalloc  -I. -I./Include -I/app/target/cpython-strict/sysroot/usr/include  -fPIC -fPIC -c ./Modules/_testmultiphase.c -o Modules/_testmultiphase.o
/app/target/cpython-strict/cross/loongarch64-linux-musl-gcc -shared -L/app/target/cpython-strict/sysroot/usr/lib -L/app/target/cpython-strict/sysroot/lib -Wl,-rpath-link,/app/target/cpython-strict/sysroot/usr/lib -Wl,-rpath-link,/app/target/cpython-strict/sysroot/lib -Wl,--as-needed -Wl,-O1 -Wl,--sort-common  -L/app/target/cpython-strict/sysroot/usr/lib -L/app/target/cpython-strict/sysroot/lib -Wl,-rpath-link,/app/target/cpython-strict/sysroot/usr/lib -Wl,-rpath-link,/app/target/cpython-strict/sysroot/lib -Wl,--as-needed -Wl,-O1 -Wl,--sort-common -Wl,-z,stack-size=0x200000 -fno-semantic-interposition -flto -ffat-lto-objects -g -fprofile-generate -fprofile-update=atomic  Modules/_testmultiphase.o   -o Modules/_testmultiphase.cpython-314.so
/app/target/cpython-strict/cross/loongarch64-linux-musl-gcc  -fno-strict-overflow -Wsign-compare -DNDEBUG -g -O3 -Wall -Os -fstack-clash-protection -Wformat -Werror=format-security -fno-plt -march=loongarch64 -mabi=lp64d -mstrict-align   -Os -fstack-clash-protection -Wformat -Werror=format-security -fno-plt -march=loongarch64 -mabi=lp64d -mstrict-align -O2 -DTHREAD_STACK_SIZE=0x200000 -fno-semantic-interposition -flto -ffat-lto-objects -g -std=c11 -Wextra -Wno-unused-parameter -Wno-missing-field-initializers -Wstrict-prototypes -Werror=implicit-function-declaration -fvisibility=hidden -fprofile-generate -fprofile-update=atomic -I./Include/internal -I./Include/internal/mimalloc  -I. -I./Include -I/app/target/cpython-strict/sysroot/usr/include  -fPIC -fPIC -c ./Modules/_testsinglephase.c -o Modules/_testsinglephase.o
/app/target/cpython-strict/cross/loongarch64-linux-musl-gcc -shared -L/app/target/cpython-strict/sysroot/usr/lib -L/app/target/cpython-strict/sysroot/lib -Wl,-rpath-link,/app/target/cpython-strict/sysroot/usr/lib -Wl,-rpath-link,/app/target/cpython-strict/sysroot/lib -Wl,--as-needed -Wl,-O1 -Wl,--sort-common  -L/app/target/cpython-strict/sysroot/usr/lib -L/app/target/cpython-strict/sysroot/lib -Wl,-rpath-link,/app/target/cpython-strict/sysroot/usr/lib -Wl,-rpath-link,/app/target/cpython-strict/sysroot/lib -Wl,--as-needed -Wl,-O1 -Wl,--sort-common -Wl,-z,stack-size=0x200000 -fno-semantic-interposition -flto -ffat-lto-objects -g -fprofile-generate -fprofile-update=atomic  Modules/_testsinglephase.o   -o Modules/_testsinglephase.cpython-314.so
/app/target/cpython-strict/cross/loongarch64-linux-musl-gcc -I/app/target/cpython-strict/sysroot/usr/include  -fno-strict-overflow -Wsign-compare -DNDEBUG -g -O3 -Wall -Os -fstack-clash-protection -Wformat -Werror=format-security -fno-plt -march=loongarch64 -mabi=lp64d -mstrict-align   -Os -fstack-clash-protection -Wformat -Werror=format-security -fno-plt -march=loongarch64 -mabi=lp64d -mstrict-align -O2 -DTHREAD_STACK_SIZE=0x200000 -fno-semantic-interposition -flto -ffat-lto-objects -g -std=c11 -Wextra -Wno-unused-parameter -Wno-missing-field-initializers -Wstrict-prototypes -Werror=implicit-function-declaration -fvisibility=hidden -fprofile-generate -fprofile-update=atomic -I./Include/internal -I./Include/internal/mimalloc  -I. -I./Include -I/app/target/cpython-strict/sysroot/usr/include  -fPIC -fPIC -c ./Modules/_ctypes/_ctypes_test.c -o Modules/_ctypes/_ctypes_test.o
/app/target/cpython-strict/cross/loongarch64-linux-musl-gcc -shared -L/app/target/cpython-strict/sysroot/usr/lib -L/app/target/cpython-strict/sysroot/lib -Wl,-rpath-link,/app/target/cpython-strict/sysroot/usr/lib -Wl,-rpath-link,/app/target/cpython-strict/sysroot/lib -Wl,--as-needed -Wl,-O1 -Wl,--sort-common  -L/app/target/cpython-strict/sysroot/usr/lib -L/app/target/cpython-strict/sysroot/lib -Wl,-rpath-link,/app/target/cpython-strict/sysroot/usr/lib -Wl,-rpath-link,/app/target/cpython-strict/sysroot/lib -Wl,--as-needed -Wl,-O1 -Wl,--sort-common -Wl,-z,stack-size=0x200000 -fno-semantic-interposition -flto -ffat-lto-objects -g -fprofile-generate -fprofile-update=atomic  Modules/_ctypes/_ctypes_test.o -L/app/target/cpython-strict/sysroot/usr/lib/../lib64 -lffi  -ldl -lm  -o Modules/_ctypes_test.cpython-314.so
lto-wrapper: warning: using serial compilation of 2 LTRANS jobs
lto-wrapper: note: see the '-flto' option documentation for more information
/app/target/cpython-strict/cross/loongarch64-linux-musl-gcc  -fno-strict-overflow -Wsign-compare -DNDEBUG -g -O3 -Wall -Os -fstack-clash-protection -Wformat -Werror=format-security -fno-plt -march=loongarch64 -mabi=lp64d -mstrict-align   -Os -fstack-clash-protection -Wformat -Werror=format-security -fno-plt -march=loongarch64 -mabi=lp64d -mstrict-align -O2 -DTHREAD_STACK_SIZE=0x200000 -fno-semantic-interposition -flto -ffat-lto-objects -g -std=c11 -Wextra -Wno-unused-parameter -Wno-missing-field-initializers -Wstrict-prototypes -Werror=implicit-function-declaration -fvisibility=hidden -fprofile-generate -fprofile-update=atomic -I./Include/internal -I./Include/internal/mimalloc  -I. -I./Include -I/app/target/cpython-strict/sysroot/usr/include  -fPIC -fPIC -c ./Modules/xxlimited.c -o Modules/xxlimited.o
/app/target/cpython-strict/cross/loongarch64-linux-musl-gcc -shared -L/app/target/cpython-strict/sysroot/usr/lib -L/app/target/cpython-strict/sysroot/lib -Wl,-rpath-link,/app/target/cpython-strict/sysroot/usr/lib -Wl,-rpath-link,/app/target/cpython-strict/sysroot/lib -Wl,--as-needed -Wl,-O1 -Wl,--sort-common  -L/app/target/cpython-strict/sysroot/usr/lib -L/app/target/cpython-strict/sysroot/lib -Wl,-rpath-link,/app/target/cpython-strict/sysroot/usr/lib -Wl,-rpath-link,/app/target/cpython-strict/sysroot/lib -Wl,--as-needed -Wl,-O1 -Wl,--sort-common -Wl,-z,stack-size=0x200000 -fno-semantic-interposition -flto -ffat-lto-objects -g -fprofile-generate -fprofile-update=atomic  Modules/xxlimited.o   -o Modules/xxlimited.cpython-314.so
/app/target/cpython-strict/cross/loongarch64-linux-musl-gcc  -fno-strict-overflow -Wsign-compare -DNDEBUG -g -O3 -Wall -Os -fstack-clash-protection -Wformat -Werror=format-security -fno-plt -march=loongarch64 -mabi=lp64d -mstrict-align   -Os -fstack-clash-protection -Wformat -Werror=format-security -fno-plt -march=loongarch64 -mabi=lp64d -mstrict-align -O2 -DTHREAD_STACK_SIZE=0x200000 -fno-semantic-interposition -flto -ffat-lto-objects -g -std=c11 -Wextra -Wno-unused-parameter -Wno-missing-field-initializers -Wstrict-prototypes -Werror=implicit-function-declaration -fvisibility=hidden -fprofile-generate -fprofile-update=atomic -I./Include/internal -I./Include/internal/mimalloc  -I. -I./Include -I/app/target/cpython-strict/sysroot/usr/include  -fPIC -fPIC -c ./Modules/xxlimited_35.c -o Modules/xxlimited_35.o
/app/target/cpython-strict/cross/loongarch64-linux-musl-gcc -shared -L/app/target/cpython-strict/sysroot/usr/lib -L/app/target/cpython-strict/sysroot/lib -Wl,-rpath-link,/app/target/cpython-strict/sysroot/usr/lib -Wl,-rpath-link,/app/target/cpython-strict/sysroot/lib -Wl,--as-needed -Wl,-O1 -Wl,--sort-common  -L/app/target/cpython-strict/sysroot/usr/lib -L/app/target/cpython-strict/sysroot/lib -Wl,-rpath-link,/app/target/cpython-strict/sysroot/usr/lib -Wl,-rpath-link,/app/target/cpython-strict/sysroot/lib -Wl,--as-needed -Wl,-O1 -Wl,--sort-common -Wl,-z,stack-size=0x200000 -fno-semantic-interposition -flto -ffat-lto-objects -g -fprofile-generate -fprofile-update=atomic  Modules/xxlimited_35.o   -o Modules/xxlimited_35.cpython-314.so
/usr/bin/install -c -m 644 ./Tools/gdb/libpython.py python.exe-gdb.py
/app/target/cpython-strict/cross/loongarch64-linux-musl-gcc -c -fno-strict-overflow -Wsign-compare -DNDEBUG -g -O3 -Wall -Os -fstack-clash-protection -Wformat -Werror=format-security -fno-plt -march=loongarch64 -mabi=lp64d -mstrict-align   -Os -fstack-clash-protection -Wformat -Werror=format-security -fno-plt -march=loongarch64 -mabi=lp64d -mstrict-align -O2 -DTHREAD_STACK_SIZE=0x200000 -fno-semantic-interposition -flto -ffat-lto-objects -g -std=c11 -Wextra -Wno-unused-parameter -Wno-missing-field-initializers -Wstrict-prototypes -Werror=implicit-function-declaration -fvisibility=hidden -fprofile-generate -fprofile-update=atomic -I./Include/internal -I./Include/internal/mimalloc  -I. -I./Include -I/app/target/cpython-strict/sysroot/usr/include  -fPIC -DPy_BUILD_CORE -o Programs/_testembed.o ./Programs/_testembed.c
/app/target/cpython-strict/cross/loongarch64-linux-musl-gcc -L/app/target/cpython-strict/sysroot/usr/lib -L/app/target/cpython-strict/sysroot/lib -Wl,-rpath-link,/app/target/cpython-strict/sysroot/usr/lib -Wl,-rpath-link,/app/target/cpython-strict/sysroot/lib -Wl,--as-needed -Wl,-O1 -Wl,--sort-common  -L/app/target/cpython-strict/sysroot/usr/lib -L/app/target/cpython-strict/sysroot/lib -Wl,-rpath-link,/app/target/cpython-strict/sysroot/usr/lib -Wl,-rpath-link,/app/target/cpython-strict/sysroot/lib -Wl,--as-needed -Wl,-O1 -Wl,--sort-common -Wl,-z,stack-size=0x200000 -fno-semantic-interposition -flto -ffat-lto-objects -g -fprofile-generate -fprofile-update=atomic -Xlinker -export-dynamic -o Programs/_testembed Programs/_testembed.o -L. -lpython3.14 -ldl        -lm                      -lm 
sed -e "s,/usr/bin/env python3,/usr/bin/python3.14," < ./Tools/scripts/idle3 > build/scripts-3.14/idle3.14
sed -e "s,/usr/bin/env python3,/usr/bin/python3.14," < ./Tools/scripts/pydoc3 > build/scripts-3.14/pydoc3.14
sed -e "s,@EXENAME@,/usr/bin/python3.14," < ./Misc/python-config.in >python-config.py
LC_ALL=C sed -e 's,\$(\([A-Za-z0-9_]*\)),\$\{\1\},g' < Misc/python-config.sh >python-config
The necessary bits to build these optional modules were not found:
_dbm                  _gdbm                 _tkinter           
_uuid                 _zstd                                    
To find the necessary bits, look in configure.ac and config.log.

Checked 114 modules (36 built-in, 72 shared, 1 n/a on linux-loongarch64, 0 disabled, 5 missing, 0 failed on import)
_PYTHON_HOSTRUNNER='/usr/bin/qemu-loongarch64-static -L /app/target/cpython-strict/sysroot -E LD_LIBRARY_PATH=/app/target/cpython-strict/build/python-target:/app/target/cpython-strict/sysroot/usr/lib:/app/target/cpython-strict/sysroot/lib' _PYTHON_PROJECT_BASE=/app/target/cpython-strict/build/python-target _PYTHON_HOST_PLATFORM=linux-loongarch64 PYTHONPATH=./Lib _PYTHON_SYSCONFIGDATA_NAME=_sysconfigdata__linux_ _PYTHON_SYSCONFIGDATA_PATH=/app/target/cpython-strict/build/python-target/build/lib.linux-loongarch64-3.14 /app/target/cpython-strict/host-python/bin/python3.14 ./Tools/build/generate-build-details.py `cat pybuilddir.txt`/build-details.json
make[2]: Leaving directory '/app/target/cpython-strict/build/python-target'
touch profile-gen-stamp
make[1]: Leaving directory '/app/target/cpython-strict/build/python-target'
# Next, run the profile task to generate the profile information.
/usr/bin/qemu-loongarch64-static -L /app/target/cpython-strict/sysroot -E LD_LIBRARY_PATH=/app/target/cpython-strict/build/python-target:/app/target/cpython-strict/sysroot/usr/lib:/app/target/cpython-strict/sysroot/lib ./python.exe -m test --pgo --timeout=
Using random seed: 3054647117
0:00:00 load avg: 1.20 Run 43 tests sequentially in a single process
0:00:00 load avg: 1.20 [ 1/43] test_array
0:00:12 load avg: 1.25 [ 1/43] test_array passed
0:00:12 load avg: 1.25 [ 2/43] test_base64
test_ErrorHeritage (test.test_base64.BaseXYTestCase.test_ErrorHeritage) ... ok
test_RFC4648_test_cases (test.test_base64.BaseXYTestCase.test_RFC4648_test_cases) ... ok
test_a85_padding (test.test_base64.BaseXYTestCase.test_a85_padding) ... ok
test_a85decode (test.test_base64.BaseXYTestCase.test_a85decode) ... ok
test_a85decode_errors (test.test_base64.BaseXYTestCase.test_a85decode_errors) ... ok
test_a85encode (test.test_base64.BaseXYTestCase.test_a85encode) ... ok
test_b16decode (test.test_base64.BaseXYTestCase.test_b16decode) ... ok
test_b16encode (test.test_base64.BaseXYTestCase.test_b16encode) ... ok
test_b32decode (test.test_base64.BaseXYTestCase.test_b32decode) ... ok
test_b32decode_casefold (test.test_base64.BaseXYTestCase.test_b32decode_casefold) ... ok
test_b32decode_error (test.test_base64.BaseXYTestCase.test_b32decode_error) ... ok
test_b32decode_map01 (test.test_base64.BaseXYTestCase.test_b32decode_map01) ... ok
test_b32encode (test.test_base64.BaseXYTestCase.test_b32encode) ... ok
test_b32hexdecode (test.test_base64.BaseXYTestCase.test_b32hexdecode) ... ok
test_b32hexdecode_error (test.test_base64.BaseXYTestCase.test_b32hexdecode_error) ... ok
test_b32hexdecode_other_types (test.test_base64.BaseXYTestCase.test_b32hexdecode_other_types) ... ok
test_b32hexencode (test.test_base64.BaseXYTestCase.test_b32hexencode) ... ok
test_b32hexencode_other_types (test.test_base64.BaseXYTestCase.test_b32hexencode_other_types) ... ok
test_b64decode (test.test_base64.BaseXYTestCase.test_b64decode) ... ok
test_b64decode_altchars (test.test_base64.BaseXYTestCase.test_b64decode_altchars) ... ok
test_b64decode_invalid_chars (test.test_base64.BaseXYTestCase.test_b64decode_invalid_chars) ... ok
test_b64decode_padding_error (test.test_base64.BaseXYTestCase.test_b64decode_padding_error) ... ok
test_b64encode (test.test_base64.BaseXYTestCase.test_b64encode) ... ok
test_b85_padding (test.test_base64.BaseXYTestCase.test_b85_padding) ... ok
test_b85decode (test.test_base64.BaseXYTestCase.test_b85decode) ... ok
test_b85decode_errors (test.test_base64.BaseXYTestCase.test_b85decode_errors) ... ok
test_b85encode (test.test_base64.BaseXYTestCase.test_b85encode) ... ok
test_decode_nonascii_str (test.test_base64.BaseXYTestCase.test_decode_nonascii_str) ... ok
test_z85decode (test.test_base64.BaseXYTestCase.test_z85decode) ... ok
test_z85decode_errors (test.test_base64.BaseXYTestCase.test_z85decode_errors) ... ok
test_z85encode (test.test_base64.BaseXYTestCase.test_z85encode) ... ok
test_lazy_import (test.test_base64.LazyImportTest.test_lazy_import) ... ERROR
test_decode (test.test_base64.LegacyBase64TestCase.test_decode) ... ok
test_decodebytes (test.test_base64.LegacyBase64TestCase.test_decodebytes) ... ok
test_encode (test.test_base64.LegacyBase64TestCase.test_encode) ... ok
test_encodebytes (test.test_base64.LegacyBase64TestCase.test_encodebytes) ... ok
test_decode (test.test_base64.TestMain.test_decode) ... ERROR
test_encode_file (test.test_base64.TestMain.test_encode_file) ... ERROR
test_encode_from_stdin (test.test_base64.TestMain.test_encode_from_stdin) ... ERROR
test_prints_usage_with_help_flag (test.test_base64.TestMain.test_prints_usage_with_help_flag) ... ERROR
test_prints_usage_with_invalid_flag (test.test_base64.TestMain.test_prints_usage_with_invalid_flag) ... ERROR

======================================================================
ERROR: test_lazy_import (test.test_base64.LazyImportTest.test_lazy_import)
----------------------------------------------------------------------
Traceback (most recent call last):
  File "/app/target/cpython-strict/build/python-target/Lib/test/test_base64.py", line 15, in test_lazy_import
    ensure_lazy_imports("base64", {"re", "getopt"})
    ~~~~~~~~~~~~~~~~~~~^^^^^^^^^^^^^^^^^^^^^^^^^^^^
  File "/app/target/cpython-strict/build/python-target/Lib/test/support/import_helper.py", line 335, in ensure_lazy_imports
    assert_python_ok("-S", "-c", script)
    ~~~~~~~~~~~~~~~~^^^^^^^^^^^^^^^^^^^^
  File "/app/target/cpython-strict/build/python-target/Lib/test/support/script_helper.py", line 182, in assert_python_ok
    return _assert_python(True, *args, **env_vars)
  File "/app/target/cpython-strict/build/python-target/Lib/test/support/script_helper.py", line 165, in _assert_python
    res, cmd_line = run_python_until_end(*args, **env_vars)
                    ~~~~~~~~~~~~~~~~~~~~^^^^^^^^^^^^^^^^^^^
  File "/app/target/cpython-strict/build/python-target/Lib/test/support/script_helper.py", line 109, in run_python_until_end
    env_required = interpreter_requires_environment()
  File "/app/target/cpython-strict/build/python-target/Lib/test/support/script_helper.py", line 51, in interpreter_requires_environment
    subprocess.check_call([sys.executable, '-E',
    ~~~~~~~~~~~~~~~~~~~~~^^^^^^^^^^^^^^^^^^^^^^^
                           '-c', 'import sys; sys.exit(0)'])
                           ^^^^^^^^^^^^^^^^^^^^^^^^^^^^^^^^^
  File "/app/target/cpython-strict/build/python-target/Lib/subprocess.py", line 415, in check_call
    retcode = call(*popenargs, **kwargs)
  File "/app/target/cpython-strict/build/python-target/Lib/subprocess.py", line 396, in call
    with Popen(*popenargs, **kwargs) as p:
         ~~~~~^^^^^^^^^^^^^^^^^^^^^^
  File "/app/target/cpython-strict/build/python-target/Lib/subprocess.py", line 1039, in __init__
    self._execute_child(args, executable, preexec_fn, close_fds,
    ~~~~~~~~~~~~~~~~~~~^^^^^^^^^^^^^^^^^^^^^^^^^^^^^^^^^^^^^^^^^
                        pass_fds, cwd, env,
                        ^^^^^^^^^^^^^^^^^^^
    ...<5 lines>...
                        gid, gids, uid, umask,
                        ^^^^^^^^^^^^^^^^^^^^^^
                        start_new_session, process_group)
                        ^^^^^^^^^^^^^^^^^^^^^^^^^^^^^^^^^
  File "/app/target/cpython-strict/build/python-target/Lib/subprocess.py", line 1990, in _execute_child
    raise child_exception_type(errno_num, err_msg, err_filename)
OSError: [Errno 8] Exec format error: '/app/target/cpython-strict/build/python-target/python.exe'

======================================================================
ERROR: test_decode (test.test_base64.TestMain.test_decode)
----------------------------------------------------------------------
Traceback (most recent call last):
  File "/app/target/cpython-strict/build/python-target/Lib/test/test_base64.py", line 908, in test_decode
    output = self.get_output('-d', os_helper.TESTFN)
  File "/app/target/cpython-strict/build/python-target/Lib/test/test_base64.py", line 891, in get_output
    return script_helper.assert_python_ok('-m', 'base64', *args).out
           ~~~~~~~~~~~~~~~~~~~~~~~~~~~~~~^^^^^^^^^^^^^^^^^^^^^^^
  File "/app/target/cpython-strict/build/python-target/Lib/test/support/script_helper.py", line 182, in assert_python_ok
    return _assert_python(True, *args, **env_vars)
  File "/app/target/cpython-strict/build/python-target/Lib/test/support/script_helper.py", line 165, in _assert_python
    res, cmd_line = run_python_until_end(*args, **env_vars)
                    ~~~~~~~~~~~~~~~~~~~~^^^^^^^^^^^^^^^^^^^
  File "/app/target/cpython-strict/build/python-target/Lib/test/support/script_helper.py", line 109, in run_python_until_end
    env_required = interpreter_requires_environment()
  File "/app/target/cpython-strict/build/python-target/Lib/test/support/script_helper.py", line 51, in interpreter_requires_environment
    subprocess.check_call([sys.executable, '-E',
    ~~~~~~~~~~~~~~~~~~~~~^^^^^^^^^^^^^^^^^^^^^^^
                           '-c', 'import sys; sys.exit(0)'])
                           ^^^^^^^^^^^^^^^^^^^^^^^^^^^^^^^^^
  File "/app/target/cpython-strict/build/python-target/Lib/subprocess.py", line 415, in check_call
    retcode = call(*popenargs, **kwargs)
  File "/app/target/cpython-strict/build/python-target/Lib/subprocess.py", line 396, in call
    with Popen(*popenargs, **kwargs) as p:
         ~~~~~^^^^^^^^^^^^^^^^^^^^^^
  File "/app/target/cpython-strict/build/python-target/Lib/subprocess.py", line 1039, in __init__
    self._execute_child(args, executable, preexec_fn, close_fds,
    ~~~~~~~~~~~~~~~~~~~^^^^^^^^^^^^^^^^^^^^^^^^^^^^^^^^^^^^^^^^^
                        pass_fds, cwd, env,
                        ^^^^^^^^^^^^^^^^^^^
    ...<5 lines>...
                        gid, gids, uid, umask,
                        ^^^^^^^^^^^^^^^^^^^^^^
                        start_new_session, process_group)
                        ^^^^^^^^^^^^^^^^^^^^^^^^^^^^^^^^^
  File "/app/target/cpython-strict/build/python-target/Lib/subprocess.py", line 1990, in _execute_child
    raise child_exception_type(errno_num, err_msg, err_filename)
OSError: [Errno 8] Exec format error: '/app/target/cpython-strict/build/python-target/python.exe'

======================================================================
ERROR: test_encode_file (test.test_base64.TestMain.test_encode_file)
----------------------------------------------------------------------
Traceback (most recent call last):
  File "/app/target/cpython-strict/build/python-target/Lib/test/test_base64.py", line 896, in test_encode_file
    output = self.get_output('-e', os_helper.TESTFN)
  File "/app/target/cpython-strict/build/python-target/Lib/test/test_base64.py", line 891, in get_output
    return script_helper.assert_python_ok('-m', 'base64', *args).out
           ~~~~~~~~~~~~~~~~~~~~~~~~~~~~~~^^^^^^^^^^^^^^^^^^^^^^^
  File "/app/target/cpython-strict/build/python-target/Lib/test/support/script_helper.py", line 182, in assert_python_ok
    return _assert_python(True, *args, **env_vars)
  File "/app/target/cpython-strict/build/python-target/Lib/test/support/script_helper.py", line 165, in _assert_python
    res, cmd_line = run_python_until_end(*args, **env_vars)
                    ~~~~~~~~~~~~~~~~~~~~^^^^^^^^^^^^^^^^^^^
  File "/app/target/cpython-strict/build/python-target/Lib/test/support/script_helper.py", line 109, in run_python_until_end
    env_required = interpreter_requires_environment()
  File "/app/target/cpython-strict/build/python-target/Lib/test/support/script_helper.py", line 51, in interpreter_requires_environment
    subprocess.check_call([sys.executable, '-E',
    ~~~~~~~~~~~~~~~~~~~~~^^^^^^^^^^^^^^^^^^^^^^^
                           '-c', 'import sys; sys.exit(0)'])
                           ^^^^^^^^^^^^^^^^^^^^^^^^^^^^^^^^^
  File "/app/target/cpython-strict/build/python-target/Lib/subprocess.py", line 415, in check_call
    retcode = call(*popenargs, **kwargs)
  File "/app/target/cpython-strict/build/python-target/Lib/subprocess.py", line 396, in call
    with Popen(*popenargs, **kwargs) as p:
         ~~~~~^^^^^^^^^^^^^^^^^^^^^^
  File "/app/target/cpython-strict/build/python-target/Lib/subprocess.py", line 1039, in __init__
    self._execute_child(args, executable, preexec_fn, close_fds,
    ~~~~~~~~~~~~~~~~~~~^^^^^^^^^^^^^^^^^^^^^^^^^^^^^^^^^^^^^^^^^
                        pass_fds, cwd, env,
                        ^^^^^^^^^^^^^^^^^^^
    ...<5 lines>...
                        gid, gids, uid, umask,
                        ^^^^^^^^^^^^^^^^^^^^^^
                        start_new_session, process_group)
                        ^^^^^^^^^^^^^^^^^^^^^^^^^^^^^^^^^
  File "/app/target/cpython-strict/build/python-target/Lib/subprocess.py", line 1990, in _execute_child
    raise child_exception_type(errno_num, err_msg, err_filename)
OSError: [Errno 8] Exec format error: '/app/target/cpython-strict/build/python-target/python.exe'

======================================================================
ERROR: test_encode_from_stdin (test.test_base64.TestMain.test_encode_from_stdin)
----------------------------------------------------------------------
Traceback (most recent call last):
  File "/app/target/cpython-strict/build/python-target/Lib/test/test_base64.py", line 900, in test_encode_from_stdin
    with script_helper.spawn_python('-m', 'base64', '-e') as proc:
         ~~~~~~~~~~~~~~~~~~~~~~~~~~^^^^^^^^^^^^^^^^^^^^^^
  File "/app/target/cpython-strict/build/python-target/Lib/test/support/script_helper.py", line 204, in spawn_python
    if not interpreter_requires_environment():
           ~~~~~~~~~~~~~~~~~~~~~~~~~~~~~~~~^^
  File "/app/target/cpython-strict/build/python-target/Lib/test/support/script_helper.py", line 51, in interpreter_requires_environment
    subprocess.check_call([sys.executable, '-E',
    ~~~~~~~~~~~~~~~~~~~~~^^^^^^^^^^^^^^^^^^^^^^^
                           '-c', 'import sys; sys.exit(0)'])
                           ^^^^^^^^^^^^^^^^^^^^^^^^^^^^^^^^^
  File "/app/target/cpython-strict/build/python-target/Lib/subprocess.py", line 415, in check_call
    retcode = call(*popenargs, **kwargs)
  File "/app/target/cpython-strict/build/python-target/Lib/subprocess.py", line 396, in call
    with Popen(*popenargs, **kwargs) as p:
         ~~~~~^^^^^^^^^^^^^^^^^^^^^^
  File "/app/target/cpython-strict/build/python-target/Lib/subprocess.py", line 1039, in __init__
    self._execute_child(args, executable, preexec_fn, close_fds,
    ~~~~~~~~~~~~~~~~~~~^^^^^^^^^^^^^^^^^^^^^^^^^^^^^^^^^^^^^^^^^
                        pass_fds, cwd, env,
                        ^^^^^^^^^^^^^^^^^^^
    ...<5 lines>...
                        gid, gids, uid, umask,
                        ^^^^^^^^^^^^^^^^^^^^^^
                        start_new_session, process_group)
                        ^^^^^^^^^^^^^^^^^^^^^^^^^^^^^^^^^
  File "/app/target/cpython-strict/build/python-target/Lib/subprocess.py", line 1990, in _execute_child
    raise child_exception_type(errno_num, err_msg, err_filename)
OSError: [Errno 8] Exec format error: '/app/target/cpython-strict/build/python-target/python.exe'

======================================================================
ERROR: test_prints_usage_with_help_flag (test.test_base64.TestMain.test_prints_usage_with_help_flag)
----------------------------------------------------------------------
Traceback (most recent call last):
  File "/app/target/cpython-strict/build/python-target/Lib/test/test_base64.py", line 912, in test_prints_usage_with_help_flag
    output = self.get_output('-h')
  File "/app/target/cpython-strict/build/python-target/Lib/test/test_base64.py", line 891, in get_output
    return script_helper.assert_python_ok('-m', 'base64', *args).out
           ~~~~~~~~~~~~~~~~~~~~~~~~~~~~~~^^^^^^^^^^^^^^^^^^^^^^^
  File "/app/target/cpython-strict/build/python-target/Lib/test/support/script_helper.py", line 182, in assert_python_ok
    return _assert_python(True, *args, **env_vars)
  File "/app/target/cpython-strict/build/python-target/Lib/test/support/script_helper.py", line 165, in _assert_python
    res, cmd_line = run_python_until_end(*args, **env_vars)
                    ~~~~~~~~~~~~~~~~~~~~^^^^^^^^^^^^^^^^^^^
  File "/app/target/cpython-strict/build/python-target/Lib/test/support/script_helper.py", line 109, in run_python_until_end
    env_required = interpreter_requires_environment()
  File "/app/target/cpython-strict/build/python-target/Lib/test/support/script_helper.py", line 51, in interpreter_requires_environment
    subprocess.check_call([sys.executable, '-E',
    ~~~~~~~~~~~~~~~~~~~~~^^^^^^^^^^^^^^^^^^^^^^^
                           '-c', 'import sys; sys.exit(0)'])
                           ^^^^^^^^^^^^^^^^^^^^^^^^^^^^^^^^^
  File "/app/target/cpython-strict/build/python-target/Lib/subprocess.py", line 415, in check_call
    retcode = call(*popenargs, **kwargs)
  File "/app/target/cpython-strict/build/python-target/Lib/subprocess.py", line 396, in call
    with Popen(*popenargs, **kwargs) as p:
         ~~~~~^^^^^^^^^^^^^^^^^^^^^^
  File "/app/target/cpython-strict/build/python-target/Lib/subprocess.py", line 1039, in __init__
    self._execute_child(args, executable, preexec_fn, close_fds,
    ~~~~~~~~~~~~~~~~~~~^^^^^^^^^^^^^^^^^^^^^^^^^^^^^^^^^^^^^^^^^
                        pass_fds, cwd, env,
                        ^^^^^^^^^^^^^^^^^^^
    ...<5 lines>...
                        gid, gids, uid, umask,
                        ^^^^^^^^^^^^^^^^^^^^^^
                        start_new_session, process_group)
                        ^^^^^^^^^^^^^^^^^^^^^^^^^^^^^^^^^
  File "/app/target/cpython-strict/build/python-target/Lib/subprocess.py", line 1990, in _execute_child
    raise child_exception_type(errno_num, err_msg, err_filename)
OSError: [Errno 8] Exec format error: '/app/target/cpython-strict/build/python-target/python.exe'

======================================================================
ERROR: test_prints_usage_with_invalid_flag (test.test_base64.TestMain.test_prints_usage_with_invalid_flag)
----------------------------------------------------------------------
Traceback (most recent call last):
  File "/app/target/cpython-strict/build/python-target/Lib/test/test_base64.py", line 917, in test_prints_usage_with_invalid_flag
    output = script_helper.assert_python_failure('-m', 'base64', '-x').err
             ~~~~~~~~~~~~~~~~~~~~~~~~~~~~~~~~~~~^^^^^^^^^^^^^^^^^^^^^^
  File "/app/target/cpython-strict/build/python-target/Lib/test/support/script_helper.py", line 193, in assert_python_failure
    return _assert_python(False, *args, **env_vars)
  File "/app/target/cpython-strict/build/python-target/Lib/test/support/script_helper.py", line 165, in _assert_python
    res, cmd_line = run_python_until_end(*args, **env_vars)
                    ~~~~~~~~~~~~~~~~~~~~^^^^^^^^^^^^^^^^^^^
  File "/app/target/cpython-strict/build/python-target/Lib/test/support/script_helper.py", line 109, in run_python_until_end
    env_required = interpreter_requires_environment()
  File "/app/target/cpython-strict/build/python-target/Lib/test/support/script_helper.py", line 51, in interpreter_requires_environment
    subprocess.check_call([sys.executable, '-E',
    ~~~~~~~~~~~~~~~~~~~~~^^^^^^^^^^^^^^^^^^^^^^^
                           '-c', 'import sys; sys.exit(0)'])
                           ^^^^^^^^^^^^^^^^^^^^^^^^^^^^^^^^^
  File "/app/target/cpython-strict/build/python-target/Lib/subprocess.py", line 415, in check_call
    retcode = call(*popenargs, **kwargs)
  File "/app/target/cpython-strict/build/python-target/Lib/subprocess.py", line 396, in call
    with Popen(*popenargs, **kwargs) as p:
         ~~~~~^^^^^^^^^^^^^^^^^^^^^^
  File "/app/target/cpython-strict/build/python-target/Lib/subprocess.py", line 1039, in __init__
    self._execute_child(args, executable, preexec_fn, close_fds,
    ~~~~~~~~~~~~~~~~~~~^^^^^^^^^^^^^^^^^^^^^^^^^^^^^^^^^^^^^^^^^
                        pass_fds, cwd, env,
                        ^^^^^^^^^^^^^^^^^^^
    ...<5 lines>...
                        gid, gids, uid, umask,
                        ^^^^^^^^^^^^^^^^^^^^^^
                        start_new_session, process_group)
                        ^^^^^^^^^^^^^^^^^^^^^^^^^^^^^^^^^
  File "/app/target/cpython-strict/build/python-target/Lib/subprocess.py", line 1990, in _execute_child
    raise child_exception_type(errno_num, err_msg, err_filename)
OSError: [Errno 8] Exec format error: '/app/target/cpython-strict/build/python-target/python.exe'

----------------------------------------------------------------------
Ran 41 tests in 1.125s

FAILED (errors=6)
test test_base64 failed
0:00:14 load avg: 1.23 [ 2/43] test_base64 failed (6 errors)
0:00:14 load avg: 1.23 [ 3/43] test_binascii
0:00:15 load avg: 1.23 [ 3/43] test_binascii passed
0:00:15 load avg: 1.23 [ 4/43] test_binop
0:00:16 load avg: 1.23 [ 4/43] test_binop passed
0:00:16 load avg: 1.23 [ 5/43] test_bisect
0:00:17 load avg: 1.23 [ 5/43] test_bisect passed
0:00:17 load avg: 1.23 [ 6/43] test_bytes
test_bytearray_repr (test.test_bytes.AssortedBytesTest.test_bytearray_repr) ... ok
test_bytearray_str (test.test_bytes.AssortedBytesTest.test_bytearray_str) ... ok
test_bytes_repr (test.test_bytes.AssortedBytesTest.test_bytes_repr) ... ok
test_bytes_str (test.test_bytes.AssortedBytesTest.test_bytes_str) ... ok
test_compare (test.test_bytes.AssortedBytesTest.test_compare) ... skipped 'BytesWarning is needed for this test: use -bb option'
test_compare_bytes_to_bytearray (test.test_bytes.AssortedBytesTest.test_compare_bytes_to_bytearray) ... ok
test_doc (test.test_bytes.AssortedBytesTest.test_doc) ... ok
test_format (test.test_bytes.AssortedBytesTest.test_format) ... ok
test_from_bytearray (test.test_bytes.AssortedBytesTest.test_from_bytearray) ... ok
test_literal (test.test_bytes.AssortedBytesTest.test_literal) ... ok
test_return_self (test.test_bytes.AssortedBytesTest.test_return_self) ... ok
test_rsplit_bytearray (test.test_bytes.AssortedBytesTest.test_rsplit_bytearray) ... ok
test_split_bytearray (test.test_bytes.AssortedBytesTest.test_split_bytearray) ... ok
test_adaptive_find (test.test_bytes.ByteArrayAsStringTest.test_adaptive_find) ... ok
test_add (test.test_bytes.ByteArrayAsStringTest.test_add) ... ok
test_additional_rsplit (test.test_bytes.ByteArrayAsStringTest.test_additional_rsplit) ... ok
test_additional_split (test.test_bytes.ByteArrayAsStringTest.test_additional_split) ... ok
test_capitalize (test.test_bytes.ByteArrayAsStringTest.test_capitalize) ... ok
test_center (test.test_bytes.ByteArrayAsStringTest.test_center) ... ok
test_cmp (test.test_bytes.ByteArrayAsStringTest.test_cmp) ... ok
test_count (test.test_bytes.ByteArrayAsStringTest.test_count) ... ok
test_count_keyword (test.test_bytes.ByteArrayAsStringTest.test_count_keyword) ... ok
test_expandtabs (test.test_bytes.ByteArrayAsStringTest.test_expandtabs) ... ok
test_find (test.test_bytes.ByteArrayAsStringTest.test_find) ... ok
test_find_many_lengths (test.test_bytes.ByteArrayAsStringTest.test_find_many_lengths) ... ok
test_find_periodic_pattern (test.test_bytes.ByteArrayAsStringTest.test_find_periodic_pattern)
Cover the special path for periodic patterns. ... ok
test_find_shift_table_overflow (test.test_bytes.ByteArrayAsStringTest.test_find_shift_table_overflow)
When the table of 8-bit shifts overflows. ... ok
test_find_with_memory (test.test_bytes.ByteArrayAsStringTest.test_find_with_memory) ... ok
test_fixtype (test.test_bytes.ByteArrayAsStringTest.test_fixtype) ... ok
test_index (test.test_bytes.ByteArrayAsStringTest.test_index) ... ok
test_isalnum (test.test_bytes.ByteArrayAsStringTest.test_isalnum) ... ok
test_isalpha (test.test_bytes.ByteArrayAsStringTest.test_isalpha) ... ok
test_isascii (test.test_bytes.ByteArrayAsStringTest.test_isascii) ... ok
test_isdigit (test.test_bytes.ByteArrayAsStringTest.test_isdigit) ... ok
test_islower (test.test_bytes.ByteArrayAsStringTest.test_islower) ... ok
test_isspace (test.test_bytes.ByteArrayAsStringTest.test_isspace) ... ok
test_istitle (test.test_bytes.ByteArrayAsStringTest.test_istitle) ... ok
test_isupper (test.test_bytes.ByteArrayAsStringTest.test_isupper) ... ok
test_ljust (test.test_bytes.ByteArrayAsStringTest.test_ljust) ... ok
test_lower (test.test_bytes.ByteArrayAsStringTest.test_lower) ... ok
test_mixed_cmp (test.test_bytes.ByteArrayAsStringTest.test_mixed_cmp) ... ok
test_mul (test.test_bytes.ByteArrayAsStringTest.test_mul) ... ok
test_removeprefix (test.test_bytes.ByteArrayAsStringTest.test_removeprefix) ... ok
test_removesuffix (test.test_bytes.ByteArrayAsStringTest.test_removesuffix) ... ok
test_replace (test.test_bytes.ByteArrayAsStringTest.test_replace) ... ok
test_replace_overflow (test.test_bytes.ByteArrayAsStringTest.test_replace_overflow) ... skipped 'only applies to 32-bit platforms'
test_replace_uses_two_way_maxcount (test.test_bytes.ByteArrayAsStringTest.test_replace_uses_two_way_maxcount) ... ok
test_replacement_on_buffer_boundary (test.test_bytes.ByteArrayAsStringTest.test_replacement_on_buffer_boundary) ... ok
test_rfind (test.test_bytes.ByteArrayAsStringTest.test_rfind) ... ok
test_rindex (test.test_bytes.ByteArrayAsStringTest.test_rindex) ... ok
test_rjust (test.test_bytes.ByteArrayAsStringTest.test_rjust) ... ok
test_rsplit (test.test_bytes.ByteArrayAsStringTest.test_rsplit) ... ok
test_split (test.test_bytes.ByteArrayAsStringTest.test_split) ... ok
test_splitlines (test.test_bytes.ByteArrayAsStringTest.test_splitlines) ... ok
test_strip (test.test_bytes.ByteArrayAsStringTest.test_strip) ... ok
test_strip_whitespace (test.test_bytes.ByteArrayAsStringTest.test_strip_whitespace) ... ok
test_swapcase (test.test_bytes.ByteArrayAsStringTest.test_swapcase) ... ok
test_title (test.test_bytes.ByteArrayAsStringTest.test_title) ... ok
test_upper (test.test_bytes.ByteArrayAsStringTest.test_upper) ... ok
test_zfill (test.test_bytes.ByteArrayAsStringTest.test_zfill) ... ok
test_basic (test.test_bytes.ByteArraySubclassTest.test_basic) ... ok
test_copy (test.test_bytes.ByteArraySubclassTest.test_copy) ... ok
test_fromhex (test.test_bytes.ByteArraySubclassTest.test_fromhex) ... ok
test_init_override (test.test_bytes.ByteArraySubclassTest.test_init_override) ... ok
test_join (test.test_bytes.ByteArraySubclassTest.test_join) ... ok
test_pickle (test.test_bytes.ByteArraySubclassTest.test_pickle) ... ok
test_basic (test.test_bytes.ByteArraySubclassWithSlotsTest.test_basic) ... ok
test_copy (test.test_bytes.ByteArraySubclassWithSlotsTest.test_copy) ... ok
test_fromhex (test.test_bytes.ByteArraySubclassWithSlotsTest.test_fromhex) ... ok
test_join (test.test_bytes.ByteArraySubclassWithSlotsTest.test_join) ... ok
test_pickle (test.test_bytes.ByteArraySubclassWithSlotsTest.test_pickle) ... ok
test_alloc (test.test_bytes.ByteArrayTest.test_alloc) ... ok
test_append (test.test_bytes.ByteArrayTest.test_append) ... ok
test_basics (test.test_bytes.ByteArrayTest.test_basics) ... ok
test_bytearray_api (test.test_bytes.ByteArrayTest.test_bytearray_api) ... ok
test_center (test.test_bytes.ByteArrayTest.test_center) ... ok
test_check_encoding_errors (test.test_bytes.ByteArrayTest.test_check_encoding_errors) ... ERROR
test_clear (test.test_bytes.ByteArrayTest.test_clear) ... ok
test_compare (test.test_bytes.ByteArrayTest.test_compare) ... ok
test_compare_to_str (test.test_bytes.ByteArrayTest.test_compare_to_str) ... ok
test_concat (test.test_bytes.ByteArrayTest.test_concat) ... ok
test_constructor_exceptions (test.test_bytes.ByteArrayTest.test_constructor_exceptions) ... ok
test_constructor_overflow (test.test_bytes.ByteArrayTest.test_constructor_overflow) ... skipped 'not enough memory: 8589934592.0G minimum needed'
test_constructor_type_errors (test.test_bytes.ByteArrayTest.test_constructor_type_errors) ... ok
test_constructor_value_errors (test.test_bytes.ByteArrayTest.test_constructor_value_errors) ... ok
test_contains (test.test_bytes.ByteArrayTest.test_contains) ... ok
test_copied (test.test_bytes.ByteArrayTest.test_copied) ... ok
test_copy (test.test_bytes.ByteArrayTest.test_copy) ... ok
test_count (test.test_bytes.ByteArrayTest.test_count) ... ok
test_decode (test.test_bytes.ByteArrayTest.test_decode) ... ok
test_del_expand (test.test_bytes.ByteArrayTest.test_del_expand) ... ok
test_delitem (test.test_bytes.ByteArrayTest.test_delitem) ... ok
test_empty_sequence (test.test_bytes.ByteArrayTest.test_empty_sequence) ... ok
test_encoding (test.test_bytes.ByteArrayTest.test_encoding) ... ok
test_endswith (test.test_bytes.ByteArrayTest.test_endswith) ... ok
test_exhausted_iterator (test.test_bytes.ByteArrayTest.test_exhausted_iterator) ... ok
test_extend (test.test_bytes.ByteArrayTest.test_extend) ... ok
test_extend_empty_buffer_overflow (test.test_bytes.ByteArrayTest.test_extend_empty_buffer_overflow) ... ok
test_extended_getslice (test.test_bytes.ByteArrayTest.test_extended_getslice) ... ok
test_extended_set_del_slice (test.test_bytes.ByteArrayTest.test_extended_set_del_slice) ... ok
test_fifo_overrun (test.test_bytes.ByteArrayTest.test_fifo_overrun) ... ok
test_find (test.test_bytes.ByteArrayTest.test_find) ... ok
test_find_etc_raise_correct_error_messages (test.test_bytes.ByteArrayTest.test_find_etc_raise_correct_error_messages) ... ok
test_free_after_iterating (test.test_bytes.ByteArrayTest.test_free_after_iterating) ... ok
test_from_buffer (test.test_bytes.ByteArrayTest.test_from_buffer) ... ok
test_from_index (test.test_bytes.ByteArrayTest.test_from_index) ... ok
test_from_int (test.test_bytes.ByteArrayTest.test_from_int) ... ok
test_from_iterable (test.test_bytes.ByteArrayTest.test_from_iterable) ... ok
test_from_list (test.test_bytes.ByteArrayTest.test_from_list) ... ok
test_from_mutating_list (test.test_bytes.ByteArrayTest.test_from_mutating_list) ... ok
test_from_ssize (test.test_bytes.ByteArrayTest.test_from_ssize) ... ok
test_from_tuple (test.test_bytes.ByteArrayTest.test_from_tuple) ... ok
test_fromhex (test.test_bytes.ByteArrayTest.test_fromhex) ... ok
test_getitem_error (test.test_bytes.ByteArrayTest.test_getitem_error) ... ok
test_getslice (test.test_bytes.ByteArrayTest.test_getslice) ... ok
test_hex (test.test_bytes.ByteArrayTest.test_hex) ... ok
test_hex_separator_basics (test.test_bytes.ByteArrayTest.test_hex_separator_basics) ... ok
test_hex_separator_five_bytes (test.test_bytes.ByteArrayTest.test_hex_separator_five_bytes) ... ok
test_hex_separator_six_bytes (test.test_bytes.ByteArrayTest.test_hex_separator_six_bytes) ... ok
test_hex_use_after_free (test.test_bytes.ByteArrayTest.test_hex_use_after_free) ... ok
test_iconcat (test.test_bytes.ByteArrayTest.test_iconcat) ... ok
test_imod (test.test_bytes.ByteArrayTest.test_imod) ... ok
test_index (test.test_bytes.ByteArrayTest.test_index) ... ok
test_init_alloc (test.test_bytes.ByteArrayTest.test_init_alloc) ... ok
test_insert (test.test_bytes.ByteArrayTest.test_insert) ... ok
test_integer_arguments_out_of_byte_range (test.test_bytes.ByteArrayTest.test_integer_arguments_out_of_byte_range) ... ok
test_irepeat (test.test_bytes.ByteArrayTest.test_irepeat) ... ok
test_irepeat_1char (test.test_bytes.ByteArrayTest.test_irepeat_1char) ... ok
test_iterator_length_hint (test.test_bytes.ByteArrayTest.test_iterator_length_hint) ... ok
test_iterator_pickling (test.test_bytes.ByteArrayTest.test_iterator_pickling) ... ok
test_iterator_pickling2 (test.test_bytes.ByteArrayTest.test_iterator_pickling2) ... ok
test_join (test.test_bytes.ByteArrayTest.test_join) ... ok
test_ljust (test.test_bytes.ByteArrayTest.test_ljust) ... ok
test_maketrans (test.test_bytes.ByteArrayTest.test_maketrans) ... ok
test_memory_leak_gh_140939 (test.test_bytes.ByteArrayTest.test_memory_leak_gh_140939) ... ok
test_mod (test.test_bytes.ByteArrayTest.test_mod) ... ok
test_mod_concurrent_mutation (test.test_bytes.ByteArrayTest.test_mod_concurrent_mutation) ... ok
test_mutating_index (test.test_bytes.ByteArrayTest.test_mutating_index) ... ok
test_mutating_index_inbounds (test.test_bytes.ByteArrayTest.test_mutating_index_inbounds) ... ok
test_nohash (test.test_bytes.ByteArrayTest.test_nohash) ... ok
test_none_arguments (test.test_bytes.ByteArrayTest.test_none_arguments) ... ok
test_nosort (test.test_bytes.ByteArrayTest.test_nosort) ... ok
test_obsolete_write_lock (test.test_bytes.ByteArrayTest.test_obsolete_write_lock) ... ok
test_ord (test.test_bytes.ByteArrayTest.test_ord) ... ok
test_partition (test.test_bytes.ByteArrayTest.test_partition) ... ok
test_partition_bytearray_doesnt_share_nullstring (test.test_bytes.ByteArrayTest.test_partition_bytearray_doesnt_share_nullstring) ... ok
test_partition_int_error (test.test_bytes.ByteArrayTest.test_partition_int_error) ... ok
test_partition_string_error (test.test_bytes.ByteArrayTest.test_partition_string_error) ... ok
test_pickling (test.test_bytes.ByteArrayTest.test_pickling) ... ok
test_pop (test.test_bytes.ByteArrayTest.test_pop) ... ok
test_regexps (test.test_bytes.ByteArrayTest.test_regexps) ... ok
test_remove (test.test_bytes.ByteArrayTest.test_remove) ... ok
test_repeat (test.test_bytes.ByteArrayTest.test_repeat) ... ok
test_repeat_1char (test.test_bytes.ByteArrayTest.test_repeat_1char) ... ok
test_repeat_after_setslice (test.test_bytes.ByteArrayTest.test_repeat_after_setslice) ... ok
test_replace (test.test_bytes.ByteArrayTest.test_replace) ... ok
test_replace_int_error (test.test_bytes.ByteArrayTest.test_replace_int_error) ... ok
test_resize (test.test_bytes.ByteArrayTest.test_resize) ... ok
test_resize_forbidden (test.test_bytes.ByteArrayTest.test_resize_forbidden) ... ok
test_reverse (test.test_bytes.ByteArrayTest.test_reverse) ... ok
test_reversed (test.test_bytes.ByteArrayTest.test_reversed) ... ok
test_rfind (test.test_bytes.ByteArrayTest.test_rfind) ... ok
test_rindex (test.test_bytes.ByteArrayTest.test_rindex) ... ok
test_rjust (test.test_bytes.ByteArrayTest.test_rjust) ... ok
test_rmod (test.test_bytes.ByteArrayTest.test_rmod) ... ok
test_rpartition (test.test_bytes.ByteArrayTest.test_rpartition) ... ok
test_rsplit_unicodewhitespace (test.test_bytes.ByteArrayTest.test_rsplit_unicodewhitespace) ... ok
test_search_methods_reentrancy_raises_buffererror (test.test_bytes.ByteArrayTest.test_search_methods_reentrancy_raises_buffererror) ... ok
test_setitem (test.test_bytes.ByteArrayTest.test_setitem) ... ok
test_setitem_error (test.test_bytes.ByteArrayTest.test_setitem_error) ... ok
test_setslice (test.test_bytes.ByteArrayTest.test_setslice) ... ok
test_setslice_extend (test.test_bytes.ByteArrayTest.test_setslice_extend) ... ok
test_setslice_trap (test.test_bytes.ByteArrayTest.test_setslice_trap) ... ok
test_split_int_error (test.test_bytes.ByteArrayTest.test_split_int_error) ... ok
test_split_string_error (test.test_bytes.ByteArrayTest.test_split_string_error) ... ok
test_split_unicodewhitespace (test.test_bytes.ByteArrayTest.test_split_unicodewhitespace) ... ok
test_sq_item (test.test_bytes.ByteArrayTest.test_sq_item) ... ok
test_startswith (test.test_bytes.ByteArrayTest.test_startswith) ... ok
test_strip_bytearray (test.test_bytes.ByteArrayTest.test_strip_bytearray) ... ok
test_strip_int_error (test.test_bytes.ByteArrayTest.test_strip_int_error) ... ok
test_strip_string_error (test.test_bytes.ByteArrayTest.test_strip_string_error) ... ok
test_translate (test.test_bytes.ByteArrayTest.test_translate) ... ok
test_xjust_int_error (test.test_bytes.ByteArrayTest.test_xjust_int_error) ... ok
test_returns_new_copy (test.test_bytes.BytearrayPEP3137Test.test_returns_new_copy) ... ok
test_adaptive_find (test.test_bytes.BytesAsStringTest.test_adaptive_find) ... ok
test_add (test.test_bytes.BytesAsStringTest.test_add) ... ok
test_additional_rsplit (test.test_bytes.BytesAsStringTest.test_additional_rsplit) ... ok
test_additional_split (test.test_bytes.BytesAsStringTest.test_additional_split) ... ok
test_capitalize (test.test_bytes.BytesAsStringTest.test_capitalize) ... ok
test_center (test.test_bytes.BytesAsStringTest.test_center) ... ok
test_cmp (test.test_bytes.BytesAsStringTest.test_cmp) ... ok
test_count (test.test_bytes.BytesAsStringTest.test_count) ... ok
test_count_keyword (test.test_bytes.BytesAsStringTest.test_count_keyword) ... ok
test_expandtabs (test.test_bytes.BytesAsStringTest.test_expandtabs) ... ok
test_find (test.test_bytes.BytesAsStringTest.test_find) ... ok
test_find_many_lengths (test.test_bytes.BytesAsStringTest.test_find_many_lengths) ... ok
test_find_periodic_pattern (test.test_bytes.BytesAsStringTest.test_find_periodic_pattern)
Cover the special path for periodic patterns. ... ok
test_find_shift_table_overflow (test.test_bytes.BytesAsStringTest.test_find_shift_table_overflow)
When the table of 8-bit shifts overflows. ... ok
test_find_with_memory (test.test_bytes.BytesAsStringTest.test_find_with_memory) ... ok
test_fixtype (test.test_bytes.BytesAsStringTest.test_fixtype) ... ok
test_index (test.test_bytes.BytesAsStringTest.test_index) ... ok
test_isalnum (test.test_bytes.BytesAsStringTest.test_isalnum) ... ok
test_isalpha (test.test_bytes.BytesAsStringTest.test_isalpha) ... ok
test_isascii (test.test_bytes.BytesAsStringTest.test_isascii) ... ok
test_isdigit (test.test_bytes.BytesAsStringTest.test_isdigit) ... ok
test_islower (test.test_bytes.BytesAsStringTest.test_islower) ... ok
test_isspace (test.test_bytes.BytesAsStringTest.test_isspace) ... ok
test_istitle (test.test_bytes.BytesAsStringTest.test_istitle) ... ok
test_isupper (test.test_bytes.BytesAsStringTest.test_isupper) ... ok
test_ljust (test.test_bytes.BytesAsStringTest.test_ljust) ... ok
test_lower (test.test_bytes.BytesAsStringTest.test_lower) ... ok
test_mixed_cmp (test.test_bytes.BytesAsStringTest.test_mixed_cmp) ... ok
test_mul (test.test_bytes.BytesAsStringTest.test_mul) ... ok
test_removeprefix (test.test_bytes.BytesAsStringTest.test_removeprefix) ... ok
test_removesuffix (test.test_bytes.BytesAsStringTest.test_removesuffix) ... ok
test_replace (test.test_bytes.BytesAsStringTest.test_replace) ... ok
test_replace_overflow (test.test_bytes.BytesAsStringTest.test_replace_overflow) ... skipped 'only applies to 32-bit platforms'
test_replace_uses_two_way_maxcount (test.test_bytes.BytesAsStringTest.test_replace_uses_two_way_maxcount) ... ok
test_replacement_on_buffer_boundary (test.test_bytes.BytesAsStringTest.test_replacement_on_buffer_boundary) ... ok
test_rfind (test.test_bytes.BytesAsStringTest.test_rfind) ... ok
test_rindex (test.test_bytes.BytesAsStringTest.test_rindex) ... ok
test_rjust (test.test_bytes.BytesAsStringTest.test_rjust) ... ok
test_rsplit (test.test_bytes.BytesAsStringTest.test_rsplit) ... ok
test_split (test.test_bytes.BytesAsStringTest.test_split) ... ok
test_splitlines (test.test_bytes.BytesAsStringTest.test_splitlines) ... ok
test_strip (test.test_bytes.BytesAsStringTest.test_strip) ... ok
test_strip_whitespace (test.test_bytes.BytesAsStringTest.test_strip_whitespace) ... ok
test_swapcase (test.test_bytes.BytesAsStringTest.test_swapcase) ... ok
test_title (test.test_bytes.BytesAsStringTest.test_title) ... ok
test_upper (test.test_bytes.BytesAsStringTest.test_upper) ... ok
test_zfill (test.test_bytes.BytesAsStringTest.test_zfill) ... ok
test_basic (test.test_bytes.BytesSubclassTest.test_basic) ... ok
test_copy (test.test_bytes.BytesSubclassTest.test_copy) ... ok
test_fromhex (test.test_bytes.BytesSubclassTest.test_fromhex) ... ok
test_join (test.test_bytes.BytesSubclassTest.test_join) ... ok
test_pickle (test.test_bytes.BytesSubclassTest.test_pickle) ... ok
test__bytes__ (test.test_bytes.BytesTest.test__bytes__) ... ok
test_basics (test.test_bytes.BytesTest.test_basics) ... ok
test_buffer_is_readonly (test.test_bytes.BytesTest.test_buffer_is_readonly) ... ok
test_bytes_blocking (test.test_bytes.BytesTest.test_bytes_blocking) ... ok
test_center (test.test_bytes.BytesTest.test_center) ... ok
test_check_encoding_errors (test.test_bytes.BytesTest.test_check_encoding_errors) ... ERROR
test_compare (test.test_bytes.BytesTest.test_compare) ... ok
test_compare_to_str (test.test_bytes.BytesTest.test_compare_to_str) ... ok
test_concat (test.test_bytes.BytesTest.test_concat) ... ok
test_constructor_exceptions (test.test_bytes.BytesTest.test_constructor_exceptions) ... ok
test_constructor_overflow (test.test_bytes.BytesTest.test_constructor_overflow) ... skipped 'not enough memory: 8589934592.0G minimum needed'
test_constructor_type_errors (test.test_bytes.BytesTest.test_constructor_type_errors) ... ok
test_constructor_value_errors (test.test_bytes.BytesTest.test_constructor_value_errors) ... ok
test_contains (test.test_bytes.BytesTest.test_contains) ... ok
test_copy (test.test_bytes.BytesTest.test_copy) ... ok
test_count (test.test_bytes.BytesTest.test_count) ... ok
test_custom (test.test_bytes.BytesTest.test_custom) ... ok
test_decode (test.test_bytes.BytesTest.test_decode) ... ok
test_empty_sequence (test.test_bytes.BytesTest.test_empty_sequence) ... ok
test_encoding (test.test_bytes.BytesTest.test_encoding) ... ok
test_endswith (test.test_bytes.BytesTest.test_endswith) ... ok
test_extended_getslice (test.test_bytes.BytesTest.test_extended_getslice) ... ok
test_find (test.test_bytes.BytesTest.test_find) ... ok
test_find_etc_raise_correct_error_messages (test.test_bytes.BytesTest.test_find_etc_raise_correct_error_messages) ... ok
test_free_after_iterating (test.test_bytes.BytesTest.test_free_after_iterating) ... ok
test_from_buffer (test.test_bytes.BytesTest.test_from_buffer) ... ok
test_from_format (test.test_bytes.BytesTest.test_from_format) ... skipped 'Error loading shared library libffi.so.8: No such file or directory (needed by /app/target/cpython-strict/build/python-target/build/lib.linux-loongarch64-3.14/_ctypes.cpython-314.so)'
test_from_index (test.test_bytes.BytesTest.test_from_index) ... ok
test_from_int (test.test_bytes.BytesTest.test_from_int) ... ok
test_from_iterable (test.test_bytes.BytesTest.test_from_iterable) ... ok
test_from_list (test.test_bytes.BytesTest.test_from_list) ... ok
test_from_mutating_list (test.test_bytes.BytesTest.test_from_mutating_list) ... ok
test_from_ssize (test.test_bytes.BytesTest.test_from_ssize) ... ok
test_from_tuple (test.test_bytes.BytesTest.test_from_tuple) ... ok
test_fromhex (test.test_bytes.BytesTest.test_fromhex) ... ok
test_getitem_error (test.test_bytes.BytesTest.test_getitem_error) ... ok
test_getslice (test.test_bytes.BytesTest.test_getslice) ... ok
test_hex (test.test_bytes.BytesTest.test_hex) ... ok
test_hex_separator_basics (test.test_bytes.BytesTest.test_hex_separator_basics) ... ok
test_hex_separator_five_bytes (test.test_bytes.BytesTest.test_hex_separator_five_bytes) ... ok
test_hex_separator_six_bytes (test.test_bytes.BytesTest.test_hex_separator_six_bytes) ... ok
test_imod (test.test_bytes.BytesTest.test_imod) ... ok
test_index (test.test_bytes.BytesTest.test_index) ... ok
test_integer_arguments_out_of_byte_range (test.test_bytes.BytesTest.test_integer_arguments_out_of_byte_range) ... ok
test_iterator_pickling (test.test_bytes.BytesTest.test_iterator_pickling) ... ok
test_join (test.test_bytes.BytesTest.test_join) ... ok
test_ljust (test.test_bytes.BytesTest.test_ljust) ... ok
test_maketrans (test.test_bytes.BytesTest.test_maketrans) ... ok
test_memory_leak_gh_140939 (test.test_bytes.BytesTest.test_memory_leak_gh_140939) ... ok
test_mod (test.test_bytes.BytesTest.test_mod) ... ok
test_none_arguments (test.test_bytes.BytesTest.test_none_arguments) ... ok
test_ord (test.test_bytes.BytesTest.test_ord) ... ok
test_partition (test.test_bytes.BytesTest.test_partition) ... ok
test_partition_int_error (test.test_bytes.BytesTest.test_partition_int_error) ... ok
test_partition_string_error (test.test_bytes.BytesTest.test_partition_string_error) ... ok
test_pickling (test.test_bytes.BytesTest.test_pickling) ... ok
test_repeat (test.test_bytes.BytesTest.test_repeat) ... ok
test_repeat_1char (test.test_bytes.BytesTest.test_repeat_1char) ... ok
test_repeat_id_preserving (test.test_bytes.BytesTest.test_repeat_id_preserving) ... ok
test_replace (test.test_bytes.BytesTest.test_replace) ... ok
test_replace_int_error (test.test_bytes.BytesTest.test_replace_int_error) ... ok
test_reversed (test.test_bytes.BytesTest.test_reversed) ... ok
test_rfind (test.test_bytes.BytesTest.test_rfind) ... ok
test_rindex (test.test_bytes.BytesTest.test_rindex) ... ok
test_rjust (test.test_bytes.BytesTest.test_rjust) ... ok
test_rmod (test.test_bytes.BytesTest.test_rmod) ... ok
test_rpartition (test.test_bytes.BytesTest.test_rpartition) ... ok
test_rsplit_unicodewhitespace (test.test_bytes.BytesTest.test_rsplit_unicodewhitespace) ... ok
test_split_int_error (test.test_bytes.BytesTest.test_split_int_error) ... ok
test_split_string_error (test.test_bytes.BytesTest.test_split_string_error) ... ok
test_split_unicodewhitespace (test.test_bytes.BytesTest.test_split_unicodewhitespace) ... ok
test_sq_item (test.test_bytes.BytesTest.test_sq_item) ... ok
test_startswith (test.test_bytes.BytesTest.test_startswith) ... ok
test_strip_bytearray (test.test_bytes.BytesTest.test_strip_bytearray) ... ok
test_strip_int_error (test.test_bytes.BytesTest.test_strip_int_error) ... ok
test_strip_string_error (test.test_bytes.BytesTest.test_strip_string_error) ... ok
test_translate (test.test_bytes.BytesTest.test_translate) ... ok
test_xjust_int_error (test.test_bytes.BytesTest.test_xjust_int_error) ... ok
test_free_threading_bytearray (test.test_bytes.FreeThreadingTest.test_free_threading_bytearray) ... skipped 'this test can only possibly fail with GIL disabled'
test_free_threading_bytearray_resize (test.test_bytes.FreeThreadingTest.test_free_threading_bytearray_resize) ... skipped 'this test can only possibly fail with GIL disabled'
test_free_threading_bytearrayiter (test.test_bytes.FreeThreadingTest.test_free_threading_bytearrayiter) ... skipped 'this test can only possibly fail with GIL disabled'

======================================================================
ERROR: test_check_encoding_errors (test.test_bytes.ByteArrayTest.test_check_encoding_errors)
----------------------------------------------------------------------
Traceback (most recent call last):
  File "/app/target/cpython-strict/build/python-target/Lib/test/test_bytes.py", line 383, in test_check_encoding_errors
    proc = assert_python_failure('-X', 'dev', '-c', code)
  File "/app/target/cpython-strict/build/python-target/Lib/test/support/script_helper.py", line 193, in assert_python_failure
    return _assert_python(False, *args, **env_vars)
  File "/app/target/cpython-strict/build/python-target/Lib/test/support/script_helper.py", line 165, in _assert_python
    res, cmd_line = run_python_until_end(*args, **env_vars)
                    ~~~~~~~~~~~~~~~~~~~~^^^^^^^^^^^^^^^^^^^
  File "/app/target/cpython-strict/build/python-target/Lib/test/support/script_helper.py", line 109, in run_python_until_end
    env_required = interpreter_requires_environment()
  File "/app/target/cpython-strict/build/python-target/Lib/test/support/script_helper.py", line 51, in interpreter_requires_environment
    subprocess.check_call([sys.executable, '-E',
    ~~~~~~~~~~~~~~~~~~~~~^^^^^^^^^^^^^^^^^^^^^^^
                           '-c', 'import sys; sys.exit(0)'])
                           ^^^^^^^^^^^^^^^^^^^^^^^^^^^^^^^^^
  File "/app/target/cpython-strict/build/python-target/Lib/subprocess.py", line 415, in check_call
    retcode = call(*popenargs, **kwargs)
  File "/app/target/cpython-strict/build/python-target/Lib/subprocess.py", line 396, in call
    with Popen(*popenargs, **kwargs) as p:
         ~~~~~^^^^^^^^^^^^^^^^^^^^^^
  File "/app/target/cpython-strict/build/python-target/Lib/subprocess.py", line 1039, in __init__
    self._execute_child(args, executable, preexec_fn, close_fds,
    ~~~~~~~~~~~~~~~~~~~^^^^^^^^^^^^^^^^^^^^^^^^^^^^^^^^^^^^^^^^^
                        pass_fds, cwd, env,
                        ^^^^^^^^^^^^^^^^^^^
    ...<5 lines>...
                        gid, gids, uid, umask,
                        ^^^^^^^^^^^^^^^^^^^^^^
                        start_new_session, process_group)
                        ^^^^^^^^^^^^^^^^^^^^^^^^^^^^^^^^^
  File "/app/target/cpython-strict/build/python-target/Lib/subprocess.py", line 1990, in _execute_child
    raise child_exception_type(errno_num, err_msg, err_filename)
OSError: [Errno 8] Exec format error: '/app/target/cpython-strict/build/python-target/python.exe'

======================================================================
ERROR: test_check_encoding_errors (test.test_bytes.BytesTest.test_check_encoding_errors)
----------------------------------------------------------------------
Traceback (most recent call last):
  File "/app/target/cpython-strict/build/python-target/Lib/test/test_bytes.py", line 383, in test_check_encoding_errors
    proc = assert_python_failure('-X', 'dev', '-c', code)
  File "/app/target/cpython-strict/build/python-target/Lib/test/support/script_helper.py", line 193, in assert_python_failure
    return _assert_python(False, *args, **env_vars)
  File "/app/target/cpython-strict/build/python-target/Lib/test/support/script_helper.py", line 165, in _assert_python
    res, cmd_line = run_python_until_end(*args, **env_vars)
                    ~~~~~~~~~~~~~~~~~~~~^^^^^^^^^^^^^^^^^^^
  File "/app/target/cpython-strict/build/python-target/Lib/test/support/script_helper.py", line 109, in run_python_until_end
    env_required = interpreter_requires_environment()
  File "/app/target/cpython-strict/build/python-target/Lib/test/support/script_helper.py", line 51, in interpreter_requires_environment
    subprocess.check_call([sys.executable, '-E',
    ~~~~~~~~~~~~~~~~~~~~~^^^^^^^^^^^^^^^^^^^^^^^
                           '-c', 'import sys; sys.exit(0)'])
                           ^^^^^^^^^^^^^^^^^^^^^^^^^^^^^^^^^
  File "/app/target/cpython-strict/build/python-target/Lib/subprocess.py", line 415, in check_call
    retcode = call(*popenargs, **kwargs)
  File "/app/target/cpython-strict/build/python-target/Lib/subprocess.py", line 396, in call
    with Popen(*popenargs, **kwargs) as p:
         ~~~~~^^^^^^^^^^^^^^^^^^^^^^
  File "/app/target/cpython-strict/build/python-target/Lib/subprocess.py", line 1039, in __init__
    self._execute_child(args, executable, preexec_fn, close_fds,
    ~~~~~~~~~~~~~~~~~~~^^^^^^^^^^^^^^^^^^^^^^^^^^^^^^^^^^^^^^^^^
                        pass_fds, cwd, env,
                        ^^^^^^^^^^^^^^^^^^^
    ...<5 lines>...
                        gid, gids, uid, umask,
                        ^^^^^^^^^^^^^^^^^^^^^^
                        start_new_session, process_group)
                        ^^^^^^^^^^^^^^^^^^^^^^^^^^^^^^^^^
  File "/app/target/cpython-strict/build/python-target/Lib/subprocess.py", line 1990, in _execute_child
    raise child_exception_type(errno_num, err_msg, err_filename)
OSError: [Errno 8] Exec format error: '/app/target/cpython-strict/build/python-target/python.exe'

----------------------------------------------------------------------
Ran 317 tests in 69.396s

FAILED (errors=2, skipped=9)
test test_bytes failed
0:01:28 load avg: 1.34 [ 6/43] test_bytes failed (2 errors) in 1 min 11 sec
0:01:28 load avg: 1.34 [ 7/43] test_bz2
0:01:36 load avg: 1.39 [ 7/43] test_bz2 passed
0:01:36 load avg: 1.39 [ 8/43] test_cmath
0:01:39 load avg: 1.52 [ 8/43] test_cmath passed
0:01:39 load avg: 1.52 [ 9/43] test_codecs
0:02:00 load avg: 1.52 [ 9/43] test_codecs passed
0:02:00 load avg: 1.52 [10/43] test_collections
0:02:12 load avg: 1.44 [10/43] test_collections passed
0:02:12 load avg: 1.44 [11/43] test_complex
0:02:14 load avg: 1.40 [11/43] test_complex passed
0:02:14 load avg: 1.40 [12/43] test_dataclasses
0:02:26 load avg: 1.50 [12/43] test_dataclasses passed
0:02:26 load avg: 1.50 [13/43] test_datetime
test_PyDateTime_DATE_GET (test.datetimetester.CapiTest_Pure.test_PyDateTime_DATE_GET) ... skipped 'Not relevant in pure Python'
test_PyDateTime_DELTA_GET (test.datetimetester.CapiTest_Pure.test_PyDateTime_DELTA_GET) ... skipped 'Not relevant in pure Python'
test_PyDateTime_GET (test.datetimetester.CapiTest_Pure.test_PyDateTime_GET) ... skipped 'Not relevant in pure Python'
test_PyDateTime_TIME_GET (test.datetimetester.CapiTest_Pure.test_PyDateTime_TIME_GET) ... skipped 'Not relevant in pure Python'
test_check_date (test.datetimetester.CapiTest_Pure.test_check_date) ... skipped 'Not relevant in pure Python'
test_check_datetime (test.datetimetester.CapiTest_Pure.test_check_datetime) ... skipped 'Not relevant in pure Python'
test_check_delta (test.datetimetester.CapiTest_Pure.test_check_delta) ... skipped 'Not relevant in pure Python'
test_check_time (test.datetimetester.CapiTest_Pure.test_check_time) ... skipped 'Not relevant in pure Python'
test_check_tzinfo (test.datetimetester.CapiTest_Pure.test_check_tzinfo) ... skipped 'Not relevant in pure Python'
test_date_from_date (test.datetimetester.CapiTest_Pure.test_date_from_date) ... skipped 'Not relevant in pure Python'
test_date_from_timestamp (test.datetimetester.CapiTest_Pure.test_date_from_timestamp) ... skipped 'Not relevant in pure Python'
test_datetime_from_dateandtime (test.datetimetester.CapiTest_Pure.test_datetime_from_dateandtime) ... skipped 'Not relevant in pure Python'
test_datetime_from_dateandtimeandfold (test.datetimetester.CapiTest_Pure.test_datetime_from_dateandtimeandfold) ... skipped 'Not relevant in pure Python'
test_datetime_from_timestamp (test.datetimetester.CapiTest_Pure.test_datetime_from_timestamp) ... skipped 'Not relevant in pure Python'
test_delta_from_dsu (test.datetimetester.CapiTest_Pure.test_delta_from_dsu) ... skipped 'Not relevant in pure Python'
test_time_from_time (test.datetimetester.CapiTest_Pure.test_time_from_time) ... skipped 'Not relevant in pure Python'
test_time_from_timeandfold (test.datetimetester.CapiTest_Pure.test_time_from_timeandfold) ... skipped 'Not relevant in pure Python'
test_timezones_capi (test.datetimetester.CapiTest_Pure.test_timezones_capi) ... skipped 'Not relevant in pure Python'
test_timezones_offset_zero (test.datetimetester.CapiTest_Pure.test_timezones_offset_zero) ... skipped 'Not relevant in pure Python'
test_type_check_in_subinterp (test.datetimetester.CapiTest_Pure.test_type_check_in_subinterp) ... skipped 'Not relevant in pure Python'
test_utc_capi (test.datetimetester.CapiTest_Pure.test_utc_capi) ... skipped 'Not relevant in pure Python'
test_concurrent_initialization_subinterpreter (test.datetimetester.ExtensionModuleTests_Pure.test_concurrent_initialization_subinterpreter) ... skipped 'Not relevant in pure Python'
test_gh_120161 (test.datetimetester.ExtensionModuleTests_Pure.test_gh_120161) ... skipped 'Not relevant in pure Python'
test_update_type_cache (test.datetimetester.ExtensionModuleTests_Pure.test_update_type_cache) ... skipped 'Not relevant in pure Python'
test_folds (test.datetimetester.IranTest_Pure.test_folds) ... ok
test_gaps (test.datetimetester.IranTest_Pure.test_gaps) ... ok
test_system_transitions (test.datetimetester.IranTest_Pure.test_system_transitions) ... skipped 'time module has no attribute tzset'
test_check_arg_types (test.datetimetester.Oddballs_Pure.test_check_arg_types) ... ok
test_date_datetime_comparison (test.datetimetester.Oddballs_Pure.test_date_datetime_comparison) ... ok
test_extra_attributes (test.datetimetester.Oddballs_Pure.test_extra_attributes) ... ok
test_backdoor_resistance (test.datetimetester.TestDate_Pure.test_backdoor_resistance) ... ok
test_bad_constructor_arguments (test.datetimetester.TestDate_Pure.test_bad_constructor_arguments) ... ok
test_basic_attributes (test.datetimetester.TestDate_Pure.test_basic_attributes) ... ok
test_bool (test.datetimetester.TestDate_Pure.test_bool) ... ok
test_compare (test.datetimetester.TestDate_Pure.test_compare) ... ok
test_compat_unpickle (test.datetimetester.TestDate_Pure.test_compat_unpickle) ... ok
test_computations (test.datetimetester.TestDate_Pure.test_computations) ... ok
test_ctime (test.datetimetester.TestDate_Pure.test_ctime) ... ok
test_extreme_ordinals (test.datetimetester.TestDate_Pure.test_extreme_ordinals) ... ok
test_extreme_timedelta (test.datetimetester.TestDate_Pure.test_extreme_timedelta) ... ok
test_format (test.datetimetester.TestDate_Pure.test_format) ... ok
test_fromisocalendar (test.datetimetester.TestDate_Pure.test_fromisocalendar) ... ok
test_fromisocalendar_type_errors (test.datetimetester.TestDate_Pure.test_fromisocalendar_type_errors) ... ok
test_fromisocalendar_value_errors (test.datetimetester.TestDate_Pure.test_fromisocalendar_value_errors) ... ok
test_fromisoformat (test.datetimetester.TestDate_Pure.test_fromisoformat) ... ok
test_fromisoformat_date_examples (test.datetimetester.TestDate_Pure.test_fromisoformat_date_examples) ... ok
test_fromisoformat_fails (test.datetimetester.TestDate_Pure.test_fromisoformat_fails) ... ok
test_fromisoformat_fails_typeerror (test.datetimetester.TestDate_Pure.test_fromisoformat_fails_typeerror) ... ok
test_fromisoformat_subclass (test.datetimetester.TestDate_Pure.test_fromisoformat_subclass) ... ok
test_fromtimestamp (test.datetimetester.TestDate_Pure.test_fromtimestamp) ... ok
test_fromtimestamp_with_none_arg (test.datetimetester.TestDate_Pure.test_fromtimestamp_with_none_arg) ... ok
test_harmful_mixed_comparison (test.datetimetester.TestDate_Pure.test_harmful_mixed_comparison) ... ok
test_harmless_mixed_comparison (test.datetimetester.TestDate_Pure.test_harmless_mixed_comparison) ... ok
test_hash_equality (test.datetimetester.TestDate_Pure.test_hash_equality) ... ok
test_insane_fromtimestamp (test.datetimetester.TestDate_Pure.test_insane_fromtimestamp) ... ok
test_iso_long_years (test.datetimetester.TestDate_Pure.test_iso_long_years) ... ok
test_isocalendar (test.datetimetester.TestDate_Pure.test_isocalendar) ... ok
test_isocalendar_pickling (test.datetimetester.TestDate_Pure.test_isocalendar_pickling)
Test that the result of datetime.isocalendar() can be pickled. ... ok
test_isoformat (test.datetimetester.TestDate_Pure.test_isoformat) ... ok
test_mixed_compare (test.datetimetester.TestDate_Pure.test_mixed_compare) ... ok
test_ordinal_conversions (test.datetimetester.TestDate_Pure.test_ordinal_conversions) ... ok
test_overflow (test.datetimetester.TestDate_Pure.test_overflow) ... ok
test_pickling (test.datetimetester.TestDate_Pure.test_pickling) ... ok
test_pickling_subclass_date (test.datetimetester.TestDate_Pure.test_pickling_subclass_date) ... ok
test_replace (test.datetimetester.TestDate_Pure.test_replace) ... ok
test_repr_subclass (test.datetimetester.TestDate_Pure.test_repr_subclass)
Subclasses should have bare names in the repr (gh-107773). ... ok
test_resolution_info (test.datetimetester.TestDate_Pure.test_resolution_info) ... ok
test_roundtrip (test.datetimetester.TestDate_Pure.test_roundtrip) ... ok
test_strftime (test.datetimetester.TestDate_Pure.test_strftime) ... ok
test_strftime_trailing_percent (test.datetimetester.TestDate_Pure.test_strftime_trailing_percent) ... ok
test_strftime_y2k (test.datetimetester.TestDate_Pure.test_strftime_y2k) ... ok
test_strftime_y2k_c99 (test.datetimetester.TestDate_Pure.test_strftime_y2k_c99) ... ok
test_subclass_alternate_constructors (test.datetimetester.TestDate_Pure.test_subclass_alternate_constructors) ... ok
test_subclass_date (test.datetimetester.TestDate_Pure.test_subclass_date) ... ok
test_subclass_replace (test.datetimetester.TestDate_Pure.test_subclass_replace) ... ok
test_timetuple (test.datetimetester.TestDate_Pure.test_timetuple) ... ok
test_today (test.datetimetester.TestDate_Pure.test_today) ... ok
test_valuerror_messages (test.datetimetester.TestDate_Pure.test_valuerror_messages) ... ok
test_weekday (test.datetimetester.TestDate_Pure.test_weekday) ... ok
test_delta_non_days_ignored (test.datetimetester.TestDateOnly_Pure.test_delta_non_days_ignored) ... ok
test_strptime (test.datetimetester.TestDateOnly_Pure.test_strptime) ... ok
test_strptime_leap_year (test.datetimetester.TestDateOnly_Pure.test_strptime_leap_year) ... ok
test_strptime_single_digit (test.datetimetester.TestDateOnly_Pure.test_strptime_single_digit) ... ok
test_astimezone (test.datetimetester.TestDateTime_Pure.test_astimezone) ... skipped 'tzset required'
test_backdoor_resistance (test.datetimetester.TestDateTime_Pure.test_backdoor_resistance) ... ok
test_bad_constructor_arguments (test.datetimetester.TestDateTime_Pure.test_bad_constructor_arguments) ... ok
test_basic_attributes (test.datetimetester.TestDateTime_Pure.test_basic_attributes) ... ok
test_basic_attributes_nonzero (test.datetimetester.TestDateTime_Pure.test_basic_attributes_nonzero) ... ok
test_bool (test.datetimetester.TestDateTime_Pure.test_bool) ... ok
test_combine (test.datetimetester.TestDateTime_Pure.test_combine) ... ok
test_compare (test.datetimetester.TestDateTime_Pure.test_compare) ... ok
test_compat_unpickle (test.datetimetester.TestDateTime_Pure.test_compat_unpickle) ... ok
test_computations (test.datetimetester.TestDateTime_Pure.test_computations) ... ok
test_ctime (test.datetimetester.TestDateTime_Pure.test_ctime) ... ok
test_extract (test.datetimetester.TestDateTime_Pure.test_extract) ... ok
test_extreme_ordinals (test.datetimetester.TestDateTime_Pure.test_extreme_ordinals) ... ok
test_extreme_timedelta (test.datetimetester.TestDateTime_Pure.test_extreme_timedelta) ... ok
test_format (test.datetimetester.TestDateTime_Pure.test_format) ... ok
test_fromisocalendar (test.datetimetester.TestDateTime_Pure.test_fromisocalendar) ... ok
test_fromisocalendar_type_errors (test.datetimetester.TestDateTime_Pure.test_fromisocalendar_type_errors) ... ok
test_fromisocalendar_value_errors (test.datetimetester.TestDateTime_Pure.test_fromisocalendar_value_errors) ... ok
test_fromisoformat (test.datetimetester.TestDateTime_Pure.test_fromisoformat) ... ok
test_fromisoformat_ambiguous (test.datetimetester.TestDateTime_Pure.test_fromisoformat_ambiguous) ... ok
test_fromisoformat_date_examples (test.datetimetester.TestDateTime_Pure.test_fromisoformat_date_examples) ... ok
test_fromisoformat_datetime (test.datetimetester.TestDateTime_Pure.test_fromisoformat_datetime) ... ok
test_fromisoformat_datetime_examples (test.datetimetester.TestDateTime_Pure.test_fromisoformat_datetime_examples) ... ok
test_fromisoformat_fails (test.datetimetester.TestDateTime_Pure.test_fromisoformat_fails) ... ok
test_fromisoformat_fails_datetime (test.datetimetester.TestDateTime_Pure.test_fromisoformat_fails_datetime) ... ok
test_fromisoformat_fails_datetime_valueerror (test.datetimetester.TestDateTime_Pure.test_fromisoformat_fails_datetime_valueerror) ... ok
test_fromisoformat_fails_surrogate (test.datetimetester.TestDateTime_Pure.test_fromisoformat_fails_surrogate) ... ok
test_fromisoformat_fails_typeerror (test.datetimetester.TestDateTime_Pure.test_fromisoformat_fails_typeerror) ... ok
test_fromisoformat_separators (test.datetimetester.TestDateTime_Pure.test_fromisoformat_separators) ... ok
test_fromisoformat_subclass (test.datetimetester.TestDateTime_Pure.test_fromisoformat_subclass) ... ok
test_fromisoformat_timespecs (test.datetimetester.TestDateTime_Pure.test_fromisoformat_timespecs) ... ok
test_fromisoformat_timezone (test.datetimetester.TestDateTime_Pure.test_fromisoformat_timezone) ... ok
test_fromisoformat_utc (test.datetimetester.TestDateTime_Pure.test_fromisoformat_utc) ... ok
test_fromtimestamp (test.datetimetester.TestDateTime_Pure.test_fromtimestamp) ... ok
test_fromtimestamp_keyword_arg (test.datetimetester.TestDateTime_Pure.test_fromtimestamp_keyword_arg) ... ok
test_fromtimestamp_limits (test.datetimetester.TestDateTime_Pure.test_fromtimestamp_limits) ... ok
test_fromtimestamp_with_none_arg (test.datetimetester.TestDateTime_Pure.test_fromtimestamp_with_none_arg) ... ok
test_harmful_mixed_comparison (test.datetimetester.TestDateTime_Pure.test_harmful_mixed_comparison) ... ok
test_harmless_mixed_comparison (test.datetimetester.TestDateTime_Pure.test_harmless_mixed_comparison) ... ok
test_hash_equality (test.datetimetester.TestDateTime_Pure.test_hash_equality) ... ok
test_insane_fromtimestamp (test.datetimetester.TestDateTime_Pure.test_insane_fromtimestamp) ... ok
test_insane_utcfromtimestamp (test.datetimetester.TestDateTime_Pure.test_insane_utcfromtimestamp) ... ok
test_iso_long_years (test.datetimetester.TestDateTime_Pure.test_iso_long_years) ... ok
test_isocalendar (test.datetimetester.TestDateTime_Pure.test_isocalendar) ... ok
test_isocalendar_pickling (test.datetimetester.TestDateTime_Pure.test_isocalendar_pickling)
Test that the result of datetime.isocalendar() can be pickled. ... ok
test_isoformat (test.datetimetester.TestDateTime_Pure.test_isoformat) ... ok
test_isoformat_timezone (test.datetimetester.TestDateTime_Pure.test_isoformat_timezone) ... ok
test_microsecond_rounding (test.datetimetester.TestDateTime_Pure.test_microsecond_rounding) ... skipped 'tzset required'
test_mixed_compare (test.datetimetester.TestDateTime_Pure.test_mixed_compare) ... ok
test_more_compare (test.datetimetester.TestDateTime_Pure.test_more_compare) ... ok
test_more_ctime (test.datetimetester.TestDateTime_Pure.test_more_ctime) ... ok
test_more_pickling (test.datetimetester.TestDateTime_Pure.test_more_pickling) ... ok
test_more_strftime (test.datetimetester.TestDateTime_Pure.test_more_strftime) ... ok
test_more_timetuple (test.datetimetester.TestDateTime_Pure.test_more_timetuple) ... ok
test_negative_float_fromtimestamp (test.datetimetester.TestDateTime_Pure.test_negative_float_fromtimestamp) ... ok
test_negative_float_utcfromtimestamp (test.datetimetester.TestDateTime_Pure.test_negative_float_utcfromtimestamp) ... ok
test_ordinal_conversions (test.datetimetester.TestDateTime_Pure.test_ordinal_conversions) ... ok
test_overflow (test.datetimetester.TestDateTime_Pure.test_overflow) ... ok
test_pickling (test.datetimetester.TestDateTime_Pure.test_pickling) ... ok
test_pickling_subclass_date (test.datetimetester.TestDateTime_Pure.test_pickling_subclass_date) ... ok
test_pickling_subclass_datetime (test.datetimetester.TestDateTime_Pure.test_pickling_subclass_datetime) ... ok
test_replace (test.datetimetester.TestDateTime_Pure.test_replace) ... ok
test_repr_subclass (test.datetimetester.TestDateTime_Pure.test_repr_subclass)
Subclasses should have bare names in the repr (gh-107773). ... ok
test_resolution_info (test.datetimetester.TestDateTime_Pure.test_resolution_info) ... ok
test_roundtrip (test.datetimetester.TestDateTime_Pure.test_roundtrip) ... ok
test_strftime (test.datetimetester.TestDateTime_Pure.test_strftime) ... ok
test_strftime_special (test.datetimetester.TestDateTime_Pure.test_strftime_special) ... ok
test_strftime_trailing_percent (test.datetimetester.TestDateTime_Pure.test_strftime_trailing_percent) ... ok
test_strftime_with_bad_tzname_replace (test.datetimetester.TestDateTime_Pure.test_strftime_with_bad_tzname_replace) ... ok
test_strftime_y2k (test.datetimetester.TestDateTime_Pure.test_strftime_y2k) ... ok
test_strftime_y2k_c99 (test.datetimetester.TestDateTime_Pure.test_strftime_y2k_c99) ... ok
test_strptime (test.datetimetester.TestDateTime_Pure.test_strptime) ... ok
test_strptime_leap_year (test.datetimetester.TestDateTime_Pure.test_strptime_leap_year) ... ok
test_strptime_single_digit (test.datetimetester.TestDateTime_Pure.test_strptime_single_digit) ... ok
test_subclass_alternate_constructors (test.datetimetester.TestDateTime_Pure.test_subclass_alternate_constructors) ... ok
test_subclass_alternate_constructors_datetime (test.datetimetester.TestDateTime_Pure.test_subclass_alternate_constructors_datetime) ... ok
test_subclass_date (test.datetimetester.TestDateTime_Pure.test_subclass_date) ... ok
test_subclass_datetime (test.datetimetester.TestDateTime_Pure.test_subclass_datetime) ... ok
test_subclass_now (test.datetimetester.TestDateTime_Pure.test_subclass_now) ... ok
test_subclass_replace (test.datetimetester.TestDateTime_Pure.test_subclass_replace) ... ok
test_subclass_replace_fold (test.datetimetester.TestDateTime_Pure.test_subclass_replace_fold) ... ok
test_timestamp_aware (test.datetimetester.TestDateTime_Pure.test_timestamp_aware) ... ok
test_timestamp_limits (test.datetimetester.TestDateTime_Pure.test_timestamp_limits) ... ok
test_timestamp_naive (test.datetimetester.TestDateTime_Pure.test_timestamp_naive) ... skipped 'tzset required'
test_timetuple (test.datetimetester.TestDateTime_Pure.test_timetuple) ... ok
test_today (test.datetimetester.TestDateTime_Pure.test_today) ... ok
test_tz_independent_comparing (test.datetimetester.TestDateTime_Pure.test_tz_independent_comparing) ... ok
test_utcfromtimestamp (test.datetimetester.TestDateTime_Pure.test_utcfromtimestamp) ... ok
test_utcfromtimestamp_limits (test.datetimetester.TestDateTime_Pure.test_utcfromtimestamp_limits) ... ok
test_utcnow (test.datetimetester.TestDateTime_Pure.test_utcnow) ... ok
test_valuerror_messages (test.datetimetester.TestDateTime_Pure.test_valuerror_messages) ... ok
test_weekday (test.datetimetester.TestDateTime_Pure.test_weekday) ... ok
test_argument_passing (test.datetimetester.TestDateTimeTZ_Pure.test_argument_passing) ... ok
test_astimezone (test.datetimetester.TestDateTimeTZ_Pure.test_astimezone) ... skipped 'tzset required'
test_astimezone_default_eastern (test.datetimetester.TestDateTimeTZ_Pure.test_astimezone_default_eastern) ... skipped 'tzset required'
test_astimezone_default_near_fold (test.datetimetester.TestDateTimeTZ_Pure.test_astimezone_default_near_fold) ... skipped 'tzset required'
test_astimezone_default_utc (test.datetimetester.TestDateTimeTZ_Pure.test_astimezone_default_utc) ... skipped 'tzset required'
test_aware_compare (test.datetimetester.TestDateTimeTZ_Pure.test_aware_compare) ... ok
test_aware_subtract (test.datetimetester.TestDateTimeTZ_Pure.test_aware_subtract) ... ok
test_backdoor_resistance (test.datetimetester.TestDateTimeTZ_Pure.test_backdoor_resistance) ... ok
test_bad_constructor_arguments (test.datetimetester.TestDateTimeTZ_Pure.test_bad_constructor_arguments) ... ok
test_bad_tzinfo_classes (test.datetimetester.TestDateTimeTZ_Pure.test_bad_tzinfo_classes) ... ok
test_basic_attributes (test.datetimetester.TestDateTimeTZ_Pure.test_basic_attributes) ... ok
test_basic_attributes_nonzero (test.datetimetester.TestDateTimeTZ_Pure.test_basic_attributes_nonzero) ... ok
test_bool (test.datetimetester.TestDateTimeTZ_Pure.test_bool) ... ok
test_combine (test.datetimetester.TestDateTimeTZ_Pure.test_combine) ... ok
test_compare (test.datetimetester.TestDateTimeTZ_Pure.test_compare) ... ok
test_compat_unpickle (test.datetimetester.TestDateTimeTZ_Pure.test_compat_unpickle) ... ok
test_computations (test.datetimetester.TestDateTimeTZ_Pure.test_computations) ... ok
test_ctime (test.datetimetester.TestDateTimeTZ_Pure.test_ctime) ... ok
test_even_more_compare (test.datetimetester.TestDateTimeTZ_Pure.test_even_more_compare) ... ok
test_extract (test.datetimetester.TestDateTimeTZ_Pure.test_extract) ... ok
test_extreme_hashes (test.datetimetester.TestDateTimeTZ_Pure.test_extreme_hashes) ... ok
test_extreme_ordinals (test.datetimetester.TestDateTimeTZ_Pure.test_extreme_ordinals) ... ok
test_extreme_timedelta (test.datetimetester.TestDateTimeTZ_Pure.test_extreme_timedelta) ... ok
test_format (test.datetimetester.TestDateTimeTZ_Pure.test_format) ... ok
test_fromisocalendar (test.datetimetester.TestDateTimeTZ_Pure.test_fromisocalendar) ... ok
test_fromisocalendar_type_errors (test.datetimetester.TestDateTimeTZ_Pure.test_fromisocalendar_type_errors) ... ok
test_fromisocalendar_value_errors (test.datetimetester.TestDateTimeTZ_Pure.test_fromisocalendar_value_errors) ... ok
test_fromisoformat (test.datetimetester.TestDateTimeTZ_Pure.test_fromisoformat) ... ok
test_fromisoformat_ambiguous (test.datetimetester.TestDateTimeTZ_Pure.test_fromisoformat_ambiguous) ... ok
test_fromisoformat_date_examples (test.datetimetester.TestDateTimeTZ_Pure.test_fromisoformat_date_examples) ... ok
test_fromisoformat_datetime (test.datetimetester.TestDateTimeTZ_Pure.test_fromisoformat_datetime) ... ok
test_fromisoformat_datetime_examples (test.datetimetester.TestDateTimeTZ_Pure.test_fromisoformat_datetime_examples) ... ok
test_fromisoformat_fails (test.datetimetester.TestDateTimeTZ_Pure.test_fromisoformat_fails) ... ok
test_fromisoformat_fails_datetime (test.datetimetester.TestDateTimeTZ_Pure.test_fromisoformat_fails_datetime) ... ok
test_fromisoformat_fails_datetime_valueerror (test.datetimetester.TestDateTimeTZ_Pure.test_fromisoformat_fails_datetime_valueerror) ... ok
test_fromisoformat_fails_surrogate (test.datetimetester.TestDateTimeTZ_Pure.test_fromisoformat_fails_surrogate) ... ok
test_fromisoformat_fails_typeerror (test.datetimetester.TestDateTimeTZ_Pure.test_fromisoformat_fails_typeerror) ... ok
test_fromisoformat_separators (test.datetimetester.TestDateTimeTZ_Pure.test_fromisoformat_separators) ... ok
test_fromisoformat_subclass (test.datetimetester.TestDateTimeTZ_Pure.test_fromisoformat_subclass) ... ok
test_fromisoformat_timespecs (test.datetimetester.TestDateTimeTZ_Pure.test_fromisoformat_timespecs) ... ok
test_fromisoformat_timezone (test.datetimetester.TestDateTimeTZ_Pure.test_fromisoformat_timezone) ... ok
test_fromisoformat_utc (test.datetimetester.TestDateTimeTZ_Pure.test_fromisoformat_utc) ... ok
test_fromtimestamp (test.datetimetester.TestDateTimeTZ_Pure.test_fromtimestamp) ... ok
test_fromtimestamp_keyword_arg (test.datetimetester.TestDateTimeTZ_Pure.test_fromtimestamp_keyword_arg) ... ok
test_fromtimestamp_limits (test.datetimetester.TestDateTimeTZ_Pure.test_fromtimestamp_limits) ... ok
test_fromtimestamp_with_none_arg (test.datetimetester.TestDateTimeTZ_Pure.test_fromtimestamp_with_none_arg) ... ok
test_harmful_mixed_comparison (test.datetimetester.TestDateTimeTZ_Pure.test_harmful_mixed_comparison) ... ok
test_harmless_mixed_comparison (test.datetimetester.TestDateTimeTZ_Pure.test_harmless_mixed_comparison) ... ok
test_hash_equality (test.datetimetester.TestDateTimeTZ_Pure.test_hash_equality) ... ok
test_insane_fromtimestamp (test.datetimetester.TestDateTimeTZ_Pure.test_insane_fromtimestamp) ... ok
test_insane_utcfromtimestamp (test.datetimetester.TestDateTimeTZ_Pure.test_insane_utcfromtimestamp) ... ok
test_iso_long_years (test.datetimetester.TestDateTimeTZ_Pure.test_iso_long_years) ... ok
test_isocalendar (test.datetimetester.TestDateTimeTZ_Pure.test_isocalendar) ... ok
test_isocalendar_pickling (test.datetimetester.TestDateTimeTZ_Pure.test_isocalendar_pickling)
Test that the result of datetime.isocalendar() can be pickled. ... ok
test_isoformat (test.datetimetester.TestDateTimeTZ_Pure.test_isoformat) ... ok
test_isoformat_timezone (test.datetimetester.TestDateTimeTZ_Pure.test_isoformat_timezone) ... ok
test_microsecond_rounding (test.datetimetester.TestDateTimeTZ_Pure.test_microsecond_rounding) ... skipped 'tzset required'
test_mixed_compare (test.datetimetester.TestDateTimeTZ_Pure.test_mixed_compare) ... ok
test_more_astimezone (test.datetimetester.TestDateTimeTZ_Pure.test_more_astimezone) ... ok
test_more_compare (test.datetimetester.TestDateTimeTZ_Pure.test_more_compare) ... ok
test_more_ctime (test.datetimetester.TestDateTimeTZ_Pure.test_more_ctime) ... ok
test_more_pickling (test.datetimetester.TestDateTimeTZ_Pure.test_more_pickling) ... ok
test_more_strftime (test.datetimetester.TestDateTimeTZ_Pure.test_more_strftime) ... ok
test_more_timetuple (test.datetimetester.TestDateTimeTZ_Pure.test_more_timetuple) ... ok
test_negative_float_fromtimestamp (test.datetimetester.TestDateTimeTZ_Pure.test_negative_float_fromtimestamp) ... ok
test_negative_float_utcfromtimestamp (test.datetimetester.TestDateTimeTZ_Pure.test_negative_float_utcfromtimestamp) ... ok
test_ordinal_conversions (test.datetimetester.TestDateTimeTZ_Pure.test_ordinal_conversions) ... ok
test_overflow (test.datetimetester.TestDateTimeTZ_Pure.test_overflow) ... ok
test_pickling (test.datetimetester.TestDateTimeTZ_Pure.test_pickling) ... ok
test_pickling_subclass_date (test.datetimetester.TestDateTimeTZ_Pure.test_pickling_subclass_date) ... ok
test_pickling_subclass_datetime (test.datetimetester.TestDateTimeTZ_Pure.test_pickling_subclass_datetime) ... ok
test_replace (test.datetimetester.TestDateTimeTZ_Pure.test_replace) ... ok
test_repr_subclass (test.datetimetester.TestDateTimeTZ_Pure.test_repr_subclass)
Subclasses should have bare names in the repr (gh-107773). ... ok
test_resolution_info (test.datetimetester.TestDateTimeTZ_Pure.test_resolution_info) ... ok
test_roundtrip (test.datetimetester.TestDateTimeTZ_Pure.test_roundtrip) ... ok
test_strftime (test.datetimetester.TestDateTimeTZ_Pure.test_strftime) ... ok
test_strftime_special (test.datetimetester.TestDateTimeTZ_Pure.test_strftime_special) ... ok
test_strftime_trailing_percent (test.datetimetester.TestDateTimeTZ_Pure.test_strftime_trailing_percent) ... ok
test_strftime_with_bad_tzname_replace (test.datetimetester.TestDateTimeTZ_Pure.test_strftime_with_bad_tzname_replace) ... ok
test_strftime_y2k (test.datetimetester.TestDateTimeTZ_Pure.test_strftime_y2k) ... ok
test_strftime_y2k_c99 (test.datetimetester.TestDateTimeTZ_Pure.test_strftime_y2k_c99) ... ok
test_strptime (test.datetimetester.TestDateTimeTZ_Pure.test_strptime) ... ok
test_strptime_leap_year (test.datetimetester.TestDateTimeTZ_Pure.test_strptime_leap_year) ... ok
test_strptime_single_digit (test.datetimetester.TestDateTimeTZ_Pure.test_strptime_single_digit) ... ok
test_subclass_alternate_constructors (test.datetimetester.TestDateTimeTZ_Pure.test_subclass_alternate_constructors) ... ok
test_subclass_alternate_constructors_datetime (test.datetimetester.TestDateTimeTZ_Pure.test_subclass_alternate_constructors_datetime) ... ok
test_subclass_date (test.datetimetester.TestDateTimeTZ_Pure.test_subclass_date) ... ok
test_subclass_datetime (test.datetimetester.TestDateTimeTZ_Pure.test_subclass_datetime) ... ok
test_subclass_datetimetz (test.datetimetester.TestDateTimeTZ_Pure.test_subclass_datetimetz) ... ok
test_subclass_now (test.datetimetester.TestDateTimeTZ_Pure.test_subclass_now) ... ok
test_subclass_replace (test.datetimetester.TestDateTimeTZ_Pure.test_subclass_replace) ... ok
test_subclass_replace_fold (test.datetimetester.TestDateTimeTZ_Pure.test_subclass_replace_fold) ... ok
test_timestamp_aware (test.datetimetester.TestDateTimeTZ_Pure.test_timestamp_aware) ... ok
test_timestamp_limits (test.datetimetester.TestDateTimeTZ_Pure.test_timestamp_limits) ... ok
test_timestamp_naive (test.datetimetester.TestDateTimeTZ_Pure.test_timestamp_naive) ... skipped 'tzset required'
test_timetuple (test.datetimetester.TestDateTimeTZ_Pure.test_timetuple) ... ok
test_today (test.datetimetester.TestDateTimeTZ_Pure.test_today) ... ok
test_trivial (test.datetimetester.TestDateTimeTZ_Pure.test_trivial) ... ok
test_tz_aware_arithmetic (test.datetimetester.TestDateTimeTZ_Pure.test_tz_aware_arithmetic) ... ok
test_tz_independent_comparing (test.datetimetester.TestDateTimeTZ_Pure.test_tz_independent_comparing) ... ok
test_tzinfo_classes (test.datetimetester.TestDateTimeTZ_Pure.test_tzinfo_classes) ... ok
test_tzinfo_fromtimestamp (test.datetimetester.TestDateTimeTZ_Pure.test_tzinfo_fromtimestamp) ... ok
test_tzinfo_isoformat (test.datetimetester.TestDateTimeTZ_Pure.test_tzinfo_isoformat) ... ok
test_tzinfo_now (test.datetimetester.TestDateTimeTZ_Pure.test_tzinfo_now) ... ok
test_tzinfo_timetuple (test.datetimetester.TestDateTimeTZ_Pure.test_tzinfo_timetuple) ... ok
test_tzinfo_utcfromtimestamp (test.datetimetester.TestDateTimeTZ_Pure.test_tzinfo_utcfromtimestamp) ... ok
test_tzinfo_utcnow (test.datetimetester.TestDateTimeTZ_Pure.test_tzinfo_utcnow) ... ok
test_utc_offset_out_of_bounds (test.datetimetester.TestDateTimeTZ_Pure.test_utc_offset_out_of_bounds) ... ok
test_utcfromtimestamp (test.datetimetester.TestDateTimeTZ_Pure.test_utcfromtimestamp) ... ok
test_utcfromtimestamp_limits (test.datetimetester.TestDateTimeTZ_Pure.test_utcfromtimestamp_limits) ... ok
test_utcnow (test.datetimetester.TestDateTimeTZ_Pure.test_utcnow) ... ok
test_utctimetuple (test.datetimetester.TestDateTimeTZ_Pure.test_utctimetuple) ... ok
test_valuerror_messages (test.datetimetester.TestDateTimeTZ_Pure.test_valuerror_messages) ... ok
test_weekday (test.datetimetester.TestDateTimeTZ_Pure.test_weekday) ... ok
test_zones (test.datetimetester.TestDateTimeTZ_Pure.test_zones) ... ok
test_astimezone (test.datetimetester.TestLocalTimeDisambiguation_Pure.test_astimezone) ... skipped 'tzset required'
test_comparison (test.datetimetester.TestLocalTimeDisambiguation_Pure.test_comparison) ... ok
test_constructors (test.datetimetester.TestLocalTimeDisambiguation_Pure.test_constructors) ... ok
test_dst (test.datetimetester.TestLocalTimeDisambiguation_Pure.test_dst) ... ok
test_fromtimestamp (test.datetimetester.TestLocalTimeDisambiguation_Pure.test_fromtimestamp) ... skipped 'tzset required'
test_fromtimestamp_lord_howe (test.datetimetester.TestLocalTimeDisambiguation_Pure.test_fromtimestamp_lord_howe) ... skipped 'tzset required'
test_fromtimestamp_low_fold_detection (test.datetimetester.TestLocalTimeDisambiguation_Pure.test_fromtimestamp_low_fold_detection) ... ok
test_fromutc (test.datetimetester.TestLocalTimeDisambiguation_Pure.test_fromutc) ... ok
test_hash (test.datetimetester.TestLocalTimeDisambiguation_Pure.test_hash) ... ok
test_hash_aware (test.datetimetester.TestLocalTimeDisambiguation_Pure.test_hash_aware) ... ok
test_member (test.datetimetester.TestLocalTimeDisambiguation_Pure.test_member) ... ok
test_mixed_compare_fold (test.datetimetester.TestLocalTimeDisambiguation_Pure.test_mixed_compare_fold) ... ok
test_mixed_compare_gap (test.datetimetester.TestLocalTimeDisambiguation_Pure.test_mixed_compare_gap) ... ok
test_mixed_compare_regular (test.datetimetester.TestLocalTimeDisambiguation_Pure.test_mixed_compare_regular) ... ok
test_pickle_fold (test.datetimetester.TestLocalTimeDisambiguation_Pure.test_pickle_fold) ... ok
test_replace (test.datetimetester.TestLocalTimeDisambiguation_Pure.test_replace) ... ok
test_repr (test.datetimetester.TestLocalTimeDisambiguation_Pure.test_repr) ... ok
test_timestamp (test.datetimetester.TestLocalTimeDisambiguation_Pure.test_timestamp) ... skipped 'tzset required'
test_timestamp_lord_howe (test.datetimetester.TestLocalTimeDisambiguation_Pure.test_timestamp_lord_howe) ... skipped 'tzset required'
test_utcoffset (test.datetimetester.TestLocalTimeDisambiguation_Pure.test_utcoffset) ... ok
test_vilnius_1941_fromutc (test.datetimetester.TestLocalTimeDisambiguation_Pure.test_vilnius_1941_fromutc) ... ok
test_vilnius_1941_toutc (test.datetimetester.TestLocalTimeDisambiguation_Pure.test_vilnius_1941_toutc) ... ok
test_all (test.datetimetester.TestModule_Pure.test_all)
Test that __all__ only points to valid attributes. ... ok
test_constants (test.datetimetester.TestModule_Pure.test_constants) ... ok
test_divide_and_round (test.datetimetester.TestModule_Pure.test_divide_and_round) ... ok
test_name_cleanup (test.datetimetester.TestModule_Pure.test_name_cleanup) ... skipped 'Only run for Fast C implementation'
test_utc_alias (test.datetimetester.TestModule_Pure.test_utc_alias) ... ok
test_astimezone (test.datetimetester.TestSubclassDateTime_Pure.test_astimezone) ... skipped 'tzset required'
test_backdoor_resistance (test.datetimetester.TestSubclassDateTime_Pure.test_backdoor_resistance) ... ok
test_bad_constructor_arguments (test.datetimetester.TestSubclassDateTime_Pure.test_bad_constructor_arguments) ... ok
test_basic_attributes (test.datetimetester.TestSubclassDateTime_Pure.test_basic_attributes) ... ok
test_basic_attributes_nonzero (test.datetimetester.TestSubclassDateTime_Pure.test_basic_attributes_nonzero) ... ok
test_bool (test.datetimetester.TestSubclassDateTime_Pure.test_bool) ... ok
test_combine (test.datetimetester.TestSubclassDateTime_Pure.test_combine) ... ok
test_compare (test.datetimetester.TestSubclassDateTime_Pure.test_compare) ... ok
test_compat_unpickle (test.datetimetester.TestSubclassDateTime_Pure.test_compat_unpickle) ... ok
test_computations (test.datetimetester.TestSubclassDateTime_Pure.test_computations) ... ok
test_ctime (test.datetimetester.TestSubclassDateTime_Pure.test_ctime) ... ok
test_extract (test.datetimetester.TestSubclassDateTime_Pure.test_extract) ... ok
test_extreme_ordinals (test.datetimetester.TestSubclassDateTime_Pure.test_extreme_ordinals) ... ok
test_extreme_timedelta (test.datetimetester.TestSubclassDateTime_Pure.test_extreme_timedelta) ... ok
test_format (test.datetimetester.TestSubclassDateTime_Pure.test_format) ... ok
test_fromisocalendar (test.datetimetester.TestSubclassDateTime_Pure.test_fromisocalendar) ... ok
test_fromisocalendar_type_errors (test.datetimetester.TestSubclassDateTime_Pure.test_fromisocalendar_type_errors) ... ok
test_fromisocalendar_value_errors (test.datetimetester.TestSubclassDateTime_Pure.test_fromisocalendar_value_errors) ... ok
test_fromisoformat (test.datetimetester.TestSubclassDateTime_Pure.test_fromisoformat) ... ok
test_fromisoformat_ambiguous (test.datetimetester.TestSubclassDateTime_Pure.test_fromisoformat_ambiguous) ... ok
test_fromisoformat_date_examples (test.datetimetester.TestSubclassDateTime_Pure.test_fromisoformat_date_examples) ... ok
test_fromisoformat_datetime (test.datetimetester.TestSubclassDateTime_Pure.test_fromisoformat_datetime) ... ok
test_fromisoformat_datetime_examples (test.datetimetester.TestSubclassDateTime_Pure.test_fromisoformat_datetime_examples) ... ok
test_fromisoformat_fails (test.datetimetester.TestSubclassDateTime_Pure.test_fromisoformat_fails) ... ok
test_fromisoformat_fails_datetime (test.datetimetester.TestSubclassDateTime_Pure.test_fromisoformat_fails_datetime) ... ok
test_fromisoformat_fails_datetime_valueerror (test.datetimetester.TestSubclassDateTime_Pure.test_fromisoformat_fails_datetime_valueerror) ... ok
test_fromisoformat_fails_surrogate (test.datetimetester.TestSubclassDateTime_Pure.test_fromisoformat_fails_surrogate) ... ok
test_fromisoformat_fails_typeerror (test.datetimetester.TestSubclassDateTime_Pure.test_fromisoformat_fails_typeerror) ... ok
test_fromisoformat_separators (test.datetimetester.TestSubclassDateTime_Pure.test_fromisoformat_separators) ... ok
test_fromisoformat_subclass (test.datetimetester.TestSubclassDateTime_Pure.test_fromisoformat_subclass) ... ok
test_fromisoformat_timespecs (test.datetimetester.TestSubclassDateTime_Pure.test_fromisoformat_timespecs) ... ok
test_fromisoformat_timezone (test.datetimetester.TestSubclassDateTime_Pure.test_fromisoformat_timezone) ... ok
test_fromisoformat_utc (test.datetimetester.TestSubclassDateTime_Pure.test_fromisoformat_utc) ... ok
test_fromtimestamp (test.datetimetester.TestSubclassDateTime_Pure.test_fromtimestamp) ... ok
test_fromtimestamp_keyword_arg (test.datetimetester.TestSubclassDateTime_Pure.test_fromtimestamp_keyword_arg) ... ok
test_fromtimestamp_limits (test.datetimetester.TestSubclassDateTime_Pure.test_fromtimestamp_limits) ... ok
test_fromtimestamp_with_none_arg (test.datetimetester.TestSubclassDateTime_Pure.test_fromtimestamp_with_none_arg) ... ok
test_harmful_mixed_comparison (test.datetimetester.TestSubclassDateTime_Pure.test_harmful_mixed_comparison) ... ok
test_harmless_mixed_comparison (test.datetimetester.TestSubclassDateTime_Pure.test_harmless_mixed_comparison) ... ok
test_hash_equality (test.datetimetester.TestSubclassDateTime_Pure.test_hash_equality) ... ok
test_insane_fromtimestamp (test.datetimetester.TestSubclassDateTime_Pure.test_insane_fromtimestamp) ... ok
test_insane_utcfromtimestamp (test.datetimetester.TestSubclassDateTime_Pure.test_insane_utcfromtimestamp) ... ok
test_iso_long_years (test.datetimetester.TestSubclassDateTime_Pure.test_iso_long_years) ... ok
test_isocalendar (test.datetimetester.TestSubclassDateTime_Pure.test_isocalendar) ... ok
test_isocalendar_pickling (test.datetimetester.TestSubclassDateTime_Pure.test_isocalendar_pickling)
Test that the result of datetime.isocalendar() can be pickled. ... ok
test_isoformat (test.datetimetester.TestSubclassDateTime_Pure.test_isoformat) ... ok
test_isoformat_timezone (test.datetimetester.TestSubclassDateTime_Pure.test_isoformat_timezone) ... ok
test_microsecond_rounding (test.datetimetester.TestSubclassDateTime_Pure.test_microsecond_rounding) ... skipped 'tzset required'
test_mixed_compare (test.datetimetester.TestSubclassDateTime_Pure.test_mixed_compare) ... ok
test_more_compare (test.datetimetester.TestSubclassDateTime_Pure.test_more_compare) ... ok
test_more_ctime (test.datetimetester.TestSubclassDateTime_Pure.test_more_ctime) ... ok
test_more_pickling (test.datetimetester.TestSubclassDateTime_Pure.test_more_pickling) ... ok
test_more_strftime (test.datetimetester.TestSubclassDateTime_Pure.test_more_strftime) ... ok
test_more_timetuple (test.datetimetester.TestSubclassDateTime_Pure.test_more_timetuple) ... ok
test_negative_float_fromtimestamp (test.datetimetester.TestSubclassDateTime_Pure.test_negative_float_fromtimestamp) ... ok
test_negative_float_utcfromtimestamp (test.datetimetester.TestSubclassDateTime_Pure.test_negative_float_utcfromtimestamp) ... ok
test_ordinal_conversions (test.datetimetester.TestSubclassDateTime_Pure.test_ordinal_conversions) ... ok
test_overflow (test.datetimetester.TestSubclassDateTime_Pure.test_overflow) ... ok
test_pickling (test.datetimetester.TestSubclassDateTime_Pure.test_pickling) ... ok
test_pickling_subclass_date (test.datetimetester.TestSubclassDateTime_Pure.test_pickling_subclass_date) ... ok
test_pickling_subclass_datetime (test.datetimetester.TestSubclassDateTime_Pure.test_pickling_subclass_datetime) ... ok
test_replace (test.datetimetester.TestSubclassDateTime_Pure.test_replace) ... ok
test_repr_subclass (test.datetimetester.TestSubclassDateTime_Pure.test_repr_subclass)
Subclasses should have bare names in the repr (gh-107773). ... ok
test_resolution_info (test.datetimetester.TestSubclassDateTime_Pure.test_resolution_info) ... ok
test_roundtrip (test.datetimetester.TestSubclassDateTime_Pure.test_roundtrip) ... skipped 'not appropriate for subclasses'
test_strftime (test.datetimetester.TestSubclassDateTime_Pure.test_strftime) ... ok
test_strftime_special (test.datetimetester.TestSubclassDateTime_Pure.test_strftime_special) ... ok
test_strftime_trailing_percent (test.datetimetester.TestSubclassDateTime_Pure.test_strftime_trailing_percent) ... ok
test_strftime_with_bad_tzname_replace (test.datetimetester.TestSubclassDateTime_Pure.test_strftime_with_bad_tzname_replace) ... ok
test_strftime_y2k (test.datetimetester.TestSubclassDateTime_Pure.test_strftime_y2k) ... ok
test_strftime_y2k_c99 (test.datetimetester.TestSubclassDateTime_Pure.test_strftime_y2k_c99) ... ok
test_strptime (test.datetimetester.TestSubclassDateTime_Pure.test_strptime) ... ok
test_strptime_leap_year (test.datetimetester.TestSubclassDateTime_Pure.test_strptime_leap_year) ... ok
test_strptime_single_digit (test.datetimetester.TestSubclassDateTime_Pure.test_strptime_single_digit) ... ok
test_subclass_alternate_constructors (test.datetimetester.TestSubclassDateTime_Pure.test_subclass_alternate_constructors) ... ok
test_subclass_alternate_constructors_datetime (test.datetimetester.TestSubclassDateTime_Pure.test_subclass_alternate_constructors_datetime) ... ok
test_subclass_date (test.datetimetester.TestSubclassDateTime_Pure.test_subclass_date) ... ok
test_subclass_datetime (test.datetimetester.TestSubclassDateTime_Pure.test_subclass_datetime) ... ok
test_subclass_now (test.datetimetester.TestSubclassDateTime_Pure.test_subclass_now) ... ok
test_subclass_replace (test.datetimetester.TestSubclassDateTime_Pure.test_subclass_replace) ... ok
test_subclass_replace_fold (test.datetimetester.TestSubclassDateTime_Pure.test_subclass_replace_fold) ... ok
test_timestamp_aware (test.datetimetester.TestSubclassDateTime_Pure.test_timestamp_aware) ... ok
test_timestamp_limits (test.datetimetester.TestSubclassDateTime_Pure.test_timestamp_limits) ... ok
test_timestamp_naive (test.datetimetester.TestSubclassDateTime_Pure.test_timestamp_naive) ... skipped 'tzset required'
test_timetuple (test.datetimetester.TestSubclassDateTime_Pure.test_timetuple) ... ok
test_today (test.datetimetester.TestSubclassDateTime_Pure.test_today) ... ok
test_tz_independent_comparing (test.datetimetester.TestSubclassDateTime_Pure.test_tz_independent_comparing) ... ok
test_utcfromtimestamp (test.datetimetester.TestSubclassDateTime_Pure.test_utcfromtimestamp) ... ok
test_utcfromtimestamp_limits (test.datetimetester.TestSubclassDateTime_Pure.test_utcfromtimestamp_limits) ... ok
test_utcnow (test.datetimetester.TestSubclassDateTime_Pure.test_utcnow) ... ok
test_valuerror_messages (test.datetimetester.TestSubclassDateTime_Pure.test_valuerror_messages) ... ok
test_weekday (test.datetimetester.TestSubclassDateTime_Pure.test_weekday) ... ok
test_issue23600 (test.datetimetester.TestTZInfo_Pure.test_issue23600) ... ok
test_non_abstractness (test.datetimetester.TestTZInfo_Pure.test_non_abstractness) ... ok
test_normal (test.datetimetester.TestTZInfo_Pure.test_normal) ... ok
test_pickling_base (test.datetimetester.TestTZInfo_Pure.test_pickling_base) ... ok
test_pickling_subclass (test.datetimetester.TestTZInfo_Pure.test_pickling_subclass) ... ok
test_refcnt_crash_bug_22044 (test.datetimetester.TestTZInfo_Pure.test_refcnt_crash_bug_22044) ... ok
test_subclass_must_override (test.datetimetester.TestTZInfo_Pure.test_subclass_must_override) ... ok
test_1653736 (test.datetimetester.TestTime_Pure.test_1653736) ... ok
test_backdoor_resistance (test.datetimetester.TestTime_Pure.test_backdoor_resistance) ... ok
test_bad_constructor_arguments (test.datetimetester.TestTime_Pure.test_bad_constructor_arguments) ... ok
test_basic_attributes (test.datetimetester.TestTime_Pure.test_basic_attributes) ... ok
test_basic_attributes_nonzero (test.datetimetester.TestTime_Pure.test_basic_attributes_nonzero) ... ok
test_bool (test.datetimetester.TestTime_Pure.test_bool) ... ok
test_comparing (test.datetimetester.TestTime_Pure.test_comparing) ... ok
test_compat_unpickle (test.datetimetester.TestTime_Pure.test_compat_unpickle) ... ok
test_format (test.datetimetester.TestTime_Pure.test_format) ... ok
test_harmful_mixed_comparison (test.datetimetester.TestTime_Pure.test_harmful_mixed_comparison) ... ok
test_harmless_mixed_comparison (test.datetimetester.TestTime_Pure.test_harmless_mixed_comparison) ... ok
test_hash_equality (test.datetimetester.TestTime_Pure.test_hash_equality) ... ok
test_isoformat (test.datetimetester.TestTime_Pure.test_isoformat) ... ok
test_isoformat_timezone (test.datetimetester.TestTime_Pure.test_isoformat_timezone) ... ok
test_pickling (test.datetimetester.TestTime_Pure.test_pickling) ... ok
test_pickling_subclass_time (test.datetimetester.TestTime_Pure.test_pickling_subclass_time) ... ok
test_replace (test.datetimetester.TestTime_Pure.test_replace) ... ok
test_repr (test.datetimetester.TestTime_Pure.test_repr) ... ok
test_repr_subclass (test.datetimetester.TestTime_Pure.test_repr_subclass)
Subclasses should have bare names in the repr (gh-107773). ... ok
test_resolution_info (test.datetimetester.TestTime_Pure.test_resolution_info) ... ok
test_roundtrip (test.datetimetester.TestTime_Pure.test_roundtrip) ... ok
test_str (test.datetimetester.TestTime_Pure.test_str) ... ok
test_strftime (test.datetimetester.TestTime_Pure.test_strftime) ... ok
test_strftime_special (test.datetimetester.TestTime_Pure.test_strftime_special) ... ok
test_strptime (test.datetimetester.TestTime_Pure.test_strptime) ... ok
test_strptime_errors (test.datetimetester.TestTime_Pure.test_strptime_errors) ... ok
test_strptime_single_digit (test.datetimetester.TestTime_Pure.test_strptime_single_digit) ... ok
test_strptime_tz (test.datetimetester.TestTime_Pure.test_strptime_tz) ... ok
test_subclass_replace (test.datetimetester.TestTime_Pure.test_subclass_replace) ... ok
test_subclass_time (test.datetimetester.TestTime_Pure.test_subclass_time) ... ok
test_basic_attributes (test.datetimetester.TestTimeDelta_Pure.test_basic_attributes) ... ok
test_bool (test.datetimetester.TestTimeDelta_Pure.test_bool) ... ok
test_carries (test.datetimetester.TestTimeDelta_Pure.test_carries) ... ok
test_compare (test.datetimetester.TestTimeDelta_Pure.test_compare) ... ok
test_computations (test.datetimetester.TestTimeDelta_Pure.test_computations) ... ok
test_constructor (test.datetimetester.TestTimeDelta_Pure.test_constructor) ... ok
test_disallowed_computations (test.datetimetester.TestTimeDelta_Pure.test_disallowed_computations) ... ok
test_disallowed_special (test.datetimetester.TestTimeDelta_Pure.test_disallowed_special) ... ok
test_division (test.datetimetester.TestTimeDelta_Pure.test_division) ... ok
test_divmod (test.datetimetester.TestTimeDelta_Pure.test_divmod) ... ok
test_harmful_mixed_comparison (test.datetimetester.TestTimeDelta_Pure.test_harmful_mixed_comparison) ... ok
test_harmless_mixed_comparison (test.datetimetester.TestTimeDelta_Pure.test_harmless_mixed_comparison) ... ok
test_hash_equality (test.datetimetester.TestTimeDelta_Pure.test_hash_equality) ... ok
test_issue31293 (test.datetimetester.TestTimeDelta_Pure.test_issue31293) ... ok
test_issue31752 (test.datetimetester.TestTimeDelta_Pure.test_issue31752) ... ok
test_massive_normalization (test.datetimetester.TestTimeDelta_Pure.test_massive_normalization) ... ok
test_microsecond_rounding (test.datetimetester.TestTimeDelta_Pure.test_microsecond_rounding) ... ok
test_overflow (test.datetimetester.TestTimeDelta_Pure.test_overflow) ... ok
test_pickling (test.datetimetester.TestTimeDelta_Pure.test_pickling) ... ok
test_remainder (test.datetimetester.TestTimeDelta_Pure.test_remainder) ... ok
test_repr (test.datetimetester.TestTimeDelta_Pure.test_repr) ... ok
test_repr_subclass (test.datetimetester.TestTimeDelta_Pure.test_repr_subclass)
Subclasses should have bare names in the repr (gh-107773). ... ok
test_resolution_info (test.datetimetester.TestTimeDelta_Pure.test_resolution_info) ... ok
test_roundtrip (test.datetimetester.TestTimeDelta_Pure.test_roundtrip) ... ok
test_str (test.datetimetester.TestTimeDelta_Pure.test_str) ... ok
test_subclass_date (test.datetimetester.TestTimeDelta_Pure.test_subclass_date) ... ok
test_subclass_datetime (test.datetimetester.TestTimeDelta_Pure.test_subclass_datetime) ... ok
test_subclass_timedelta (test.datetimetester.TestTimeDelta_Pure.test_subclass_timedelta) ... ok
test_total_seconds (test.datetimetester.TestTimeDelta_Pure.test_total_seconds) ... ok
test_1653736 (test.datetimetester.TestTimeTZ_Pure.test_1653736) ... ok
test_argument_passing (test.datetimetester.TestTimeTZ_Pure.test_argument_passing) ... ok
test_aware_compare (test.datetimetester.TestTimeTZ_Pure.test_aware_compare) ... ok
test_backdoor_resistance (test.datetimetester.TestTimeTZ_Pure.test_backdoor_resistance) ... ok
test_bad_constructor_arguments (test.datetimetester.TestTimeTZ_Pure.test_bad_constructor_arguments) ... ok
test_bad_tzinfo_classes (test.datetimetester.TestTimeTZ_Pure.test_bad_tzinfo_classes) ... ok
test_basic_attributes (test.datetimetester.TestTimeTZ_Pure.test_basic_attributes) ... ok
test_basic_attributes_nonzero (test.datetimetester.TestTimeTZ_Pure.test_basic_attributes_nonzero) ... ok
test_bool (test.datetimetester.TestTimeTZ_Pure.test_bool) ... ok
test_comparing (test.datetimetester.TestTimeTZ_Pure.test_comparing) ... ok
test_compat_unpickle (test.datetimetester.TestTimeTZ_Pure.test_compat_unpickle) ... ok
test_empty (test.datetimetester.TestTimeTZ_Pure.test_empty) ... ok
test_format (test.datetimetester.TestTimeTZ_Pure.test_format) ... ok
test_fromisoformat (test.datetimetester.TestTimeTZ_Pure.test_fromisoformat) ... ok
test_fromisoformat_fails (test.datetimetester.TestTimeTZ_Pure.test_fromisoformat_fails) ... ok
test_fromisoformat_fails_typeerror (test.datetimetester.TestTimeTZ_Pure.test_fromisoformat_fails_typeerror) ... ok
test_fromisoformat_fractions (test.datetimetester.TestTimeTZ_Pure.test_fromisoformat_fractions) ... ok
test_fromisoformat_subclass (test.datetimetester.TestTimeTZ_Pure.test_fromisoformat_subclass) ... ok
test_fromisoformat_time_examples (test.datetimetester.TestTimeTZ_Pure.test_fromisoformat_time_examples) ... ok
test_fromisoformat_timespecs (test.datetimetester.TestTimeTZ_Pure.test_fromisoformat_timespecs) ... ok
test_fromisoformat_timezone (test.datetimetester.TestTimeTZ_Pure.test_fromisoformat_timezone) ... ok
test_harmful_mixed_comparison (test.datetimetester.TestTimeTZ_Pure.test_harmful_mixed_comparison) ... ok
test_harmless_mixed_comparison (test.datetimetester.TestTimeTZ_Pure.test_harmless_mixed_comparison) ... ok
test_hash_edge_cases (test.datetimetester.TestTimeTZ_Pure.test_hash_edge_cases) ... ok
test_hash_equality (test.datetimetester.TestTimeTZ_Pure.test_hash_equality) ... ok
test_isoformat (test.datetimetester.TestTimeTZ_Pure.test_isoformat) ... ok
test_isoformat_timezone (test.datetimetester.TestTimeTZ_Pure.test_isoformat_timezone) ... ok
test_mixed_compare (test.datetimetester.TestTimeTZ_Pure.test_mixed_compare) ... ok
test_more_bool (test.datetimetester.TestTimeTZ_Pure.test_more_bool) ... ok
test_pickling (test.datetimetester.TestTimeTZ_Pure.test_pickling) ... ok
test_pickling_subclass_time (test.datetimetester.TestTimeTZ_Pure.test_pickling_subclass_time) ... ok
test_replace (test.datetimetester.TestTimeTZ_Pure.test_replace) ... ok
test_repr (test.datetimetester.TestTimeTZ_Pure.test_repr) ... ok
test_repr_subclass (test.datetimetester.TestTimeTZ_Pure.test_repr_subclass)
Subclasses should have bare names in the repr (gh-107773). ... ok
test_resolution_info (test.datetimetester.TestTimeTZ_Pure.test_resolution_info) ... ok
test_roundtrip (test.datetimetester.TestTimeTZ_Pure.test_roundtrip) ... ok
test_str (test.datetimetester.TestTimeTZ_Pure.test_str) ... ok
test_strftime (test.datetimetester.TestTimeTZ_Pure.test_strftime) ... ok
test_strftime_special (test.datetimetester.TestTimeTZ_Pure.test_strftime_special) ... ok
test_strptime (test.datetimetester.TestTimeTZ_Pure.test_strptime) ... ok
test_strptime_errors (test.datetimetester.TestTimeTZ_Pure.test_strptime_errors) ... ok
test_strptime_single_digit (test.datetimetester.TestTimeTZ_Pure.test_strptime_single_digit) ... ok
test_strptime_tz (test.datetimetester.TestTimeTZ_Pure.test_strptime_tz) ... ok
test_subclass_replace (test.datetimetester.TestTimeTZ_Pure.test_subclass_replace) ... ok
test_subclass_time (test.datetimetester.TestTimeTZ_Pure.test_subclass_time) ... ok
test_subclass_timetz (test.datetimetester.TestTimeTZ_Pure.test_subclass_timetz) ... ok
test_tzinfo_classes (test.datetimetester.TestTimeTZ_Pure.test_tzinfo_classes) ... ok
test_utc_offset_out_of_bounds (test.datetimetester.TestTimeTZ_Pure.test_utc_offset_out_of_bounds) ... ok
test_valuerror_messages (test.datetimetester.TestTimeTZ_Pure.test_valuerror_messages) ... ok
test_zones (test.datetimetester.TestTimeTZ_Pure.test_zones) ... ok
test_aware_datetime (test.datetimetester.TestTimeZone_Pure.test_aware_datetime) ... ok
test_cannot_subclass (test.datetimetester.TestTimeZone_Pure.test_cannot_subclass) ... ok
test_class_members (test.datetimetester.TestTimeZone_Pure.test_class_members) ... ok
test_comparison (test.datetimetester.TestTimeZone_Pure.test_comparison) ... ok
test_comparison_with_tzinfo (test.datetimetester.TestTimeZone_Pure.test_comparison_with_tzinfo) ... ok
test_constructor (test.datetimetester.TestTimeZone_Pure.test_constructor) ... ok
test_copy (test.datetimetester.TestTimeZone_Pure.test_copy) ... ok
test_deepcopy (test.datetimetester.TestTimeZone_Pure.test_deepcopy) ... ok
test_dst (test.datetimetester.TestTimeZone_Pure.test_dst) ... ok
test_fromutc (test.datetimetester.TestTimeZone_Pure.test_fromutc) ... ok
test_inheritance (test.datetimetester.TestTimeZone_Pure.test_inheritance) ... ok
test_offset_boundaries (test.datetimetester.TestTimeZone_Pure.test_offset_boundaries) ... ok
test_pickle (test.datetimetester.TestTimeZone_Pure.test_pickle) ... ok
test_repr (test.datetimetester.TestTimeZone_Pure.test_repr) ... ok
test_str (test.datetimetester.TestTimeZone_Pure.test_str) ... ok
test_tzname (test.datetimetester.TestTimeZone_Pure.test_tzname) ... ok
test_utcoffset (test.datetimetester.TestTimeZone_Pure.test_utcoffset) ... ok
test_bogus_dst (test.datetimetester.TestTimezoneConversions_Pure.test_bogus_dst) ... ok
test_easy (test.datetimetester.TestTimezoneConversions_Pure.test_easy) ... ok
test_fromutc (test.datetimetester.TestTimezoneConversions_Pure.test_fromutc) ... ok
test_tricky (test.datetimetester.TestTimezoneConversions_Pure.test_tricky) ... ok
test_folds (test.datetimetester.ZoneInfoTest_Pure.test_folds) ... ok
test_gaps (test.datetimetester.ZoneInfoTest_Pure.test_gaps) ... ok
test_system_transitions (test.datetimetester.ZoneInfoTest_Pure.test_system_transitions) ... skipped 'time module has no attribute tzset'
test_PyDateTime_DATE_GET (test.datetimetester.CapiTest_Fast.test_PyDateTime_DATE_GET) ... ok
test_PyDateTime_DELTA_GET (test.datetimetester.CapiTest_Fast.test_PyDateTime_DELTA_GET) ... ok
test_PyDateTime_GET (test.datetimetester.CapiTest_Fast.test_PyDateTime_GET) ... ok
test_PyDateTime_TIME_GET (test.datetimetester.CapiTest_Fast.test_PyDateTime_TIME_GET) ... ok
test_check_date (test.datetimetester.CapiTest_Fast.test_check_date) ... ok
test_check_datetime (test.datetimetester.CapiTest_Fast.test_check_datetime) ... ok
test_check_delta (test.datetimetester.CapiTest_Fast.test_check_delta) ... ok
test_check_time (test.datetimetester.CapiTest_Fast.test_check_time) ... ok
test_check_tzinfo (test.datetimetester.CapiTest_Fast.test_check_tzinfo) ... ok
test_date_from_date (test.datetimetester.CapiTest_Fast.test_date_from_date) ... ok
test_date_from_timestamp (test.datetimetester.CapiTest_Fast.test_date_from_timestamp) ... ok
test_datetime_from_dateandtime (test.datetimetester.CapiTest_Fast.test_datetime_from_dateandtime) ... ok
test_datetime_from_dateandtimeandfold (test.datetimetester.CapiTest_Fast.test_datetime_from_dateandtimeandfold) ... ok
test_datetime_from_timestamp (test.datetimetester.CapiTest_Fast.test_datetime_from_timestamp) ... ok
test_delta_from_dsu (test.datetimetester.CapiTest_Fast.test_delta_from_dsu) ... ok
test_time_from_time (test.datetimetester.CapiTest_Fast.test_time_from_time) ... ok
test_time_from_timeandfold (test.datetimetester.CapiTest_Fast.test_time_from_timeandfold) ... ok
test_timezones_capi (test.datetimetester.CapiTest_Fast.test_timezones_capi) ... ok
test_timezones_offset_zero (test.datetimetester.CapiTest_Fast.test_timezones_offset_zero) ... ok
test_type_check_in_subinterp (test.datetimetester.CapiTest_Fast.test_type_check_in_subinterp) ... ok
test_utc_capi (test.datetimetester.CapiTest_Fast.test_utc_capi) ... ok
test_concurrent_initialization_subinterpreter (test.datetimetester.ExtensionModuleTests_Fast.test_concurrent_initialization_subinterpreter) ... ERROR
test_gh_120161 (test.datetimetester.ExtensionModuleTests_Fast.test_gh_120161) ... 
  test_gh_120161 (test.datetimetester.ExtensionModuleTests_Fast.test_gh_120161) [simple] ... ERROR
  test_gh_120161 (test.datetimetester.ExtensionModuleTests_Fast.test_gh_120161) [complex] ... ERROR
test_update_type_cache (test.datetimetester.ExtensionModuleTests_Fast.test_update_type_cache) ... ERROR
test_folds (test.datetimetester.IranTest_Fast.test_folds) ... ok
test_gaps (test.datetimetester.IranTest_Fast.test_gaps) ... ok
test_system_transitions (test.datetimetester.IranTest_Fast.test_system_transitions) ... skipped 'time module has no attribute tzset'
test_check_arg_types (test.datetimetester.Oddballs_Fast.test_check_arg_types) ... ok
test_date_datetime_comparison (test.datetimetester.Oddballs_Fast.test_date_datetime_comparison) ... ok
test_extra_attributes (test.datetimetester.Oddballs_Fast.test_extra_attributes) ... ok
test_backdoor_resistance (test.datetimetester.TestDate_Fast.test_backdoor_resistance) ... ok
test_bad_constructor_arguments (test.datetimetester.TestDate_Fast.test_bad_constructor_arguments) ... ok
test_basic_attributes (test.datetimetester.TestDate_Fast.test_basic_attributes) ... ok
test_bool (test.datetimetester.TestDate_Fast.test_bool) ... ok
test_compare (test.datetimetester.TestDate_Fast.test_compare) ... ok
test_compat_unpickle (test.datetimetester.TestDate_Fast.test_compat_unpickle) ... ok
test_computations (test.datetimetester.TestDate_Fast.test_computations) ... ok
test_ctime (test.datetimetester.TestDate_Fast.test_ctime) ... ok
test_extreme_ordinals (test.datetimetester.TestDate_Fast.test_extreme_ordinals) ... ok
test_extreme_timedelta (test.datetimetester.TestDate_Fast.test_extreme_timedelta) ... ok
test_format (test.datetimetester.TestDate_Fast.test_format) ... ok
test_fromisocalendar (test.datetimetester.TestDate_Fast.test_fromisocalendar) ... ok
test_fromisocalendar_type_errors (test.datetimetester.TestDate_Fast.test_fromisocalendar_type_errors) ... ok
test_fromisocalendar_value_errors (test.datetimetester.TestDate_Fast.test_fromisocalendar_value_errors) ... ok
test_fromisoformat (test.datetimetester.TestDate_Fast.test_fromisoformat) ... ok
test_fromisoformat_date_examples (test.datetimetester.TestDate_Fast.test_fromisoformat_date_examples) ... ok
test_fromisoformat_fails (test.datetimetester.TestDate_Fast.test_fromisoformat_fails) ... ok
test_fromisoformat_fails_typeerror (test.datetimetester.TestDate_Fast.test_fromisoformat_fails_typeerror) ... ok
test_fromisoformat_subclass (test.datetimetester.TestDate_Fast.test_fromisoformat_subclass) ... ok
test_fromtimestamp (test.datetimetester.TestDate_Fast.test_fromtimestamp) ... ok
test_fromtimestamp_with_none_arg (test.datetimetester.TestDate_Fast.test_fromtimestamp_with_none_arg) ... ok
test_harmful_mixed_comparison (test.datetimetester.TestDate_Fast.test_harmful_mixed_comparison) ... ok
test_harmless_mixed_comparison (test.datetimetester.TestDate_Fast.test_harmless_mixed_comparison) ... ok
test_hash_equality (test.datetimetester.TestDate_Fast.test_hash_equality) ... ok
test_insane_fromtimestamp (test.datetimetester.TestDate_Fast.test_insane_fromtimestamp) ... ok
test_iso_long_years (test.datetimetester.TestDate_Fast.test_iso_long_years) ... ok
test_isocalendar (test.datetimetester.TestDate_Fast.test_isocalendar) ... ok
test_isocalendar_pickling (test.datetimetester.TestDate_Fast.test_isocalendar_pickling)
Test that the result of datetime.isocalendar() can be pickled. ... ok
test_isoformat (test.datetimetester.TestDate_Fast.test_isoformat) ... ok
test_mixed_compare (test.datetimetester.TestDate_Fast.test_mixed_compare) ... ok
test_ordinal_conversions (test.datetimetester.TestDate_Fast.test_ordinal_conversions) ... ok
test_overflow (test.datetimetester.TestDate_Fast.test_overflow) ... ok
test_pickling (test.datetimetester.TestDate_Fast.test_pickling) ... ok
test_pickling_subclass_date (test.datetimetester.TestDate_Fast.test_pickling_subclass_date) ... ok
test_replace (test.datetimetester.TestDate_Fast.test_replace) ... ok
test_repr_subclass (test.datetimetester.TestDate_Fast.test_repr_subclass)
Subclasses should have bare names in the repr (gh-107773). ... ok
test_resolution_info (test.datetimetester.TestDate_Fast.test_resolution_info) ... ok
test_roundtrip (test.datetimetester.TestDate_Fast.test_roundtrip) ... ok
test_strftime (test.datetimetester.TestDate_Fast.test_strftime) ... ok
test_strftime_trailing_percent (test.datetimetester.TestDate_Fast.test_strftime_trailing_percent) ... ok
test_strftime_y2k (test.datetimetester.TestDate_Fast.test_strftime_y2k) ... ok
test_strftime_y2k_c99 (test.datetimetester.TestDate_Fast.test_strftime_y2k_c99) ... ok
test_subclass_alternate_constructors (test.datetimetester.TestDate_Fast.test_subclass_alternate_constructors) ... ok
test_subclass_date (test.datetimetester.TestDate_Fast.test_subclass_date) ... ok
test_subclass_replace (test.datetimetester.TestDate_Fast.test_subclass_replace) ... ok
test_timetuple (test.datetimetester.TestDate_Fast.test_timetuple) ... ok
test_today (test.datetimetester.TestDate_Fast.test_today) ... ok
test_valuerror_messages (test.datetimetester.TestDate_Fast.test_valuerror_messages) ... ok
test_weekday (test.datetimetester.TestDate_Fast.test_weekday) ... ok
test_delta_non_days_ignored (test.datetimetester.TestDateOnly_Fast.test_delta_non_days_ignored) ... ok
test_strptime (test.datetimetester.TestDateOnly_Fast.test_strptime) ... ok
test_strptime_leap_year (test.datetimetester.TestDateOnly_Fast.test_strptime_leap_year) ... ok
test_strptime_single_digit (test.datetimetester.TestDateOnly_Fast.test_strptime_single_digit) ... ok
test_astimezone (test.datetimetester.TestDateTime_Fast.test_astimezone) ... skipped 'tzset required'
test_backdoor_resistance (test.datetimetester.TestDateTime_Fast.test_backdoor_resistance) ... ok
test_bad_constructor_arguments (test.datetimetester.TestDateTime_Fast.test_bad_constructor_arguments) ... ok
test_basic_attributes (test.datetimetester.TestDateTime_Fast.test_basic_attributes) ... ok
test_basic_attributes_nonzero (test.datetimetester.TestDateTime_Fast.test_basic_attributes_nonzero) ... ok
test_bool (test.datetimetester.TestDateTime_Fast.test_bool) ... ok
test_combine (test.datetimetester.TestDateTime_Fast.test_combine) ... ok
test_compare (test.datetimetester.TestDateTime_Fast.test_compare) ... ok
test_compat_unpickle (test.datetimetester.TestDateTime_Fast.test_compat_unpickle) ... ok
test_computations (test.datetimetester.TestDateTime_Fast.test_computations) ... ok
test_ctime (test.datetimetester.TestDateTime_Fast.test_ctime) ... ok
test_extract (test.datetimetester.TestDateTime_Fast.test_extract) ... ok
test_extreme_ordinals (test.datetimetester.TestDateTime_Fast.test_extreme_ordinals) ... ok
test_extreme_timedelta (test.datetimetester.TestDateTime_Fast.test_extreme_timedelta) ... ok
test_format (test.datetimetester.TestDateTime_Fast.test_format) ... ok
test_fromisocalendar (test.datetimetester.TestDateTime_Fast.test_fromisocalendar) ... ok
test_fromisocalendar_type_errors (test.datetimetester.TestDateTime_Fast.test_fromisocalendar_type_errors) ... ok
test_fromisocalendar_value_errors (test.datetimetester.TestDateTime_Fast.test_fromisocalendar_value_errors) ... ok
test_fromisoformat (test.datetimetester.TestDateTime_Fast.test_fromisoformat) ... ok
test_fromisoformat_ambiguous (test.datetimetester.TestDateTime_Fast.test_fromisoformat_ambiguous) ... ok
test_fromisoformat_date_examples (test.datetimetester.TestDateTime_Fast.test_fromisoformat_date_examples) ... ok
test_fromisoformat_datetime (test.datetimetester.TestDateTime_Fast.test_fromisoformat_datetime) ... ok
test_fromisoformat_datetime_examples (test.datetimetester.TestDateTime_Fast.test_fromisoformat_datetime_examples) ... ok
test_fromisoformat_fails (test.datetimetester.TestDateTime_Fast.test_fromisoformat_fails) ... ok
test_fromisoformat_fails_datetime (test.datetimetester.TestDateTime_Fast.test_fromisoformat_fails_datetime) ... ok
test_fromisoformat_fails_datetime_valueerror (test.datetimetester.TestDateTime_Fast.test_fromisoformat_fails_datetime_valueerror) ... ok
test_fromisoformat_fails_surrogate (test.datetimetester.TestDateTime_Fast.test_fromisoformat_fails_surrogate) ... ok
test_fromisoformat_fails_typeerror (test.datetimetester.TestDateTime_Fast.test_fromisoformat_fails_typeerror) ... ok
test_fromisoformat_separators (test.datetimetester.TestDateTime_Fast.test_fromisoformat_separators) ... ok
test_fromisoformat_subclass (test.datetimetester.TestDateTime_Fast.test_fromisoformat_subclass) ... ok
test_fromisoformat_timespecs (test.datetimetester.TestDateTime_Fast.test_fromisoformat_timespecs) ... ok
test_fromisoformat_timezone (test.datetimetester.TestDateTime_Fast.test_fromisoformat_timezone) ... ok
test_fromisoformat_utc (test.datetimetester.TestDateTime_Fast.test_fromisoformat_utc) ... ok
test_fromtimestamp (test.datetimetester.TestDateTime_Fast.test_fromtimestamp) ... ok
test_fromtimestamp_keyword_arg (test.datetimetester.TestDateTime_Fast.test_fromtimestamp_keyword_arg) ... ok
test_fromtimestamp_limits (test.datetimetester.TestDateTime_Fast.test_fromtimestamp_limits) ... ok
test_fromtimestamp_with_none_arg (test.datetimetester.TestDateTime_Fast.test_fromtimestamp_with_none_arg) ... ok
test_harmful_mixed_comparison (test.datetimetester.TestDateTime_Fast.test_harmful_mixed_comparison) ... ok
test_harmless_mixed_comparison (test.datetimetester.TestDateTime_Fast.test_harmless_mixed_comparison) ... ok
test_hash_equality (test.datetimetester.TestDateTime_Fast.test_hash_equality) ... ok
test_insane_fromtimestamp (test.datetimetester.TestDateTime_Fast.test_insane_fromtimestamp) ... ok
test_insane_utcfromtimestamp (test.datetimetester.TestDateTime_Fast.test_insane_utcfromtimestamp) ... ok
test_iso_long_years (test.datetimetester.TestDateTime_Fast.test_iso_long_years) ... ok
test_isocalendar (test.datetimetester.TestDateTime_Fast.test_isocalendar) ... ok
test_isocalendar_pickling (test.datetimetester.TestDateTime_Fast.test_isocalendar_pickling)
Test that the result of datetime.isocalendar() can be pickled. ... ok
test_isoformat (test.datetimetester.TestDateTime_Fast.test_isoformat) ... ok
test_isoformat_timezone (test.datetimetester.TestDateTime_Fast.test_isoformat_timezone) ... ok
test_microsecond_rounding (test.datetimetester.TestDateTime_Fast.test_microsecond_rounding) ... skipped 'tzset required'
test_mixed_compare (test.datetimetester.TestDateTime_Fast.test_mixed_compare) ... ok
test_more_compare (test.datetimetester.TestDateTime_Fast.test_more_compare) ... ok
test_more_ctime (test.datetimetester.TestDateTime_Fast.test_more_ctime) ... ok
test_more_pickling (test.datetimetester.TestDateTime_Fast.test_more_pickling) ... ok
test_more_strftime (test.datetimetester.TestDateTime_Fast.test_more_strftime) ... ok
test_more_timetuple (test.datetimetester.TestDateTime_Fast.test_more_timetuple) ... ok
test_negative_float_fromtimestamp (test.datetimetester.TestDateTime_Fast.test_negative_float_fromtimestamp) ... ok
test_negative_float_utcfromtimestamp (test.datetimetester.TestDateTime_Fast.test_negative_float_utcfromtimestamp) ... ok
test_ordinal_conversions (test.datetimetester.TestDateTime_Fast.test_ordinal_conversions) ... ok
test_overflow (test.datetimetester.TestDateTime_Fast.test_overflow) ... ok
test_pickling (test.datetimetester.TestDateTime_Fast.test_pickling) ... ok
test_pickling_subclass_date (test.datetimetester.TestDateTime_Fast.test_pickling_subclass_date) ... ok
test_pickling_subclass_datetime (test.datetimetester.TestDateTime_Fast.test_pickling_subclass_datetime) ... ok
test_replace (test.datetimetester.TestDateTime_Fast.test_replace) ... ok
test_repr_subclass (test.datetimetester.TestDateTime_Fast.test_repr_subclass)
Subclasses should have bare names in the repr (gh-107773). ... ok
test_resolution_info (test.datetimetester.TestDateTime_Fast.test_resolution_info) ... ok
test_roundtrip (test.datetimetester.TestDateTime_Fast.test_roundtrip) ... ok
test_strftime (test.datetimetester.TestDateTime_Fast.test_strftime) ... ok
test_strftime_special (test.datetimetester.TestDateTime_Fast.test_strftime_special) ... ok
test_strftime_trailing_percent (test.datetimetester.TestDateTime_Fast.test_strftime_trailing_percent) ... ok
test_strftime_with_bad_tzname_replace (test.datetimetester.TestDateTime_Fast.test_strftime_with_bad_tzname_replace) ... ok
test_strftime_y2k (test.datetimetester.TestDateTime_Fast.test_strftime_y2k) ... ok
test_strftime_y2k_c99 (test.datetimetester.TestDateTime_Fast.test_strftime_y2k_c99) ... ok
test_strptime (test.datetimetester.TestDateTime_Fast.test_strptime) ... ok
test_strptime_leap_year (test.datetimetester.TestDateTime_Fast.test_strptime_leap_year) ... ok
test_strptime_single_digit (test.datetimetester.TestDateTime_Fast.test_strptime_single_digit) ... ok
test_subclass_alternate_constructors (test.datetimetester.TestDateTime_Fast.test_subclass_alternate_constructors) ... ok
test_subclass_alternate_constructors_datetime (test.datetimetester.TestDateTime_Fast.test_subclass_alternate_constructors_datetime) ... ok
test_subclass_date (test.datetimetester.TestDateTime_Fast.test_subclass_date) ... ok
test_subclass_datetime (test.datetimetester.TestDateTime_Fast.test_subclass_datetime) ... ok
test_subclass_now (test.datetimetester.TestDateTime_Fast.test_subclass_now) ... ok
test_subclass_replace (test.datetimetester.TestDateTime_Fast.test_subclass_replace) ... ok
test_subclass_replace_fold (test.datetimetester.TestDateTime_Fast.test_subclass_replace_fold) ... ok
test_timestamp_aware (test.datetimetester.TestDateTime_Fast.test_timestamp_aware) ... ok
test_timestamp_limits (test.datetimetester.TestDateTime_Fast.test_timestamp_limits) ... ok
test_timestamp_naive (test.datetimetester.TestDateTime_Fast.test_timestamp_naive) ... skipped 'tzset required'
test_timetuple (test.datetimetester.TestDateTime_Fast.test_timetuple) ... ok
test_today (test.datetimetester.TestDateTime_Fast.test_today) ... ok
test_tz_independent_comparing (test.datetimetester.TestDateTime_Fast.test_tz_independent_comparing) ... ok
test_utcfromtimestamp (test.datetimetester.TestDateTime_Fast.test_utcfromtimestamp) ... ok
test_utcfromtimestamp_limits (test.datetimetester.TestDateTime_Fast.test_utcfromtimestamp_limits) ... ok
test_utcnow (test.datetimetester.TestDateTime_Fast.test_utcnow) ... ok
test_valuerror_messages (test.datetimetester.TestDateTime_Fast.test_valuerror_messages) ... ok
test_weekday (test.datetimetester.TestDateTime_Fast.test_weekday) ... ok
test_argument_passing (test.datetimetester.TestDateTimeTZ_Fast.test_argument_passing) ... ok
test_astimezone (test.datetimetester.TestDateTimeTZ_Fast.test_astimezone) ... skipped 'tzset required'
test_astimezone_default_eastern (test.datetimetester.TestDateTimeTZ_Fast.test_astimezone_default_eastern) ... skipped 'tzset required'
test_astimezone_default_near_fold (test.datetimetester.TestDateTimeTZ_Fast.test_astimezone_default_near_fold) ... skipped 'tzset required'
test_astimezone_default_utc (test.datetimetester.TestDateTimeTZ_Fast.test_astimezone_default_utc) ... skipped 'tzset required'
test_aware_compare (test.datetimetester.TestDateTimeTZ_Fast.test_aware_compare) ... ok
test_aware_subtract (test.datetimetester.TestDateTimeTZ_Fast.test_aware_subtract) ... ok
test_backdoor_resistance (test.datetimetester.TestDateTimeTZ_Fast.test_backdoor_resistance) ... ok
test_bad_constructor_arguments (test.datetimetester.TestDateTimeTZ_Fast.test_bad_constructor_arguments) ... ok
test_bad_tzinfo_classes (test.datetimetester.TestDateTimeTZ_Fast.test_bad_tzinfo_classes) ... ok
test_basic_attributes (test.datetimetester.TestDateTimeTZ_Fast.test_basic_attributes) ... ok
test_basic_attributes_nonzero (test.datetimetester.TestDateTimeTZ_Fast.test_basic_attributes_nonzero) ... ok
test_bool (test.datetimetester.TestDateTimeTZ_Fast.test_bool) ... ok
test_combine (test.datetimetester.TestDateTimeTZ_Fast.test_combine) ... ok
test_compare (test.datetimetester.TestDateTimeTZ_Fast.test_compare) ... ok
test_compat_unpickle (test.datetimetester.TestDateTimeTZ_Fast.test_compat_unpickle) ... ok
test_computations (test.datetimetester.TestDateTimeTZ_Fast.test_computations) ... ok
test_ctime (test.datetimetester.TestDateTimeTZ_Fast.test_ctime) ... ok
test_even_more_compare (test.datetimetester.TestDateTimeTZ_Fast.test_even_more_compare) ... ok
test_extract (test.datetimetester.TestDateTimeTZ_Fast.test_extract) ... ok
test_extreme_hashes (test.datetimetester.TestDateTimeTZ_Fast.test_extreme_hashes) ... ok
test_extreme_ordinals (test.datetimetester.TestDateTimeTZ_Fast.test_extreme_ordinals) ... ok
test_extreme_timedelta (test.datetimetester.TestDateTimeTZ_Fast.test_extreme_timedelta) ... ok
test_format (test.datetimetester.TestDateTimeTZ_Fast.test_format) ... ok
test_fromisocalendar (test.datetimetester.TestDateTimeTZ_Fast.test_fromisocalendar) ... ok
test_fromisocalendar_type_errors (test.datetimetester.TestDateTimeTZ_Fast.test_fromisocalendar_type_errors) ... ok
test_fromisocalendar_value_errors (test.datetimetester.TestDateTimeTZ_Fast.test_fromisocalendar_value_errors) ... ok
test_fromisoformat (test.datetimetester.TestDateTimeTZ_Fast.test_fromisoformat) ... ok
test_fromisoformat_ambiguous (test.datetimetester.TestDateTimeTZ_Fast.test_fromisoformat_ambiguous) ... ok
test_fromisoformat_date_examples (test.datetimetester.TestDateTimeTZ_Fast.test_fromisoformat_date_examples) ... ok
test_fromisoformat_datetime (test.datetimetester.TestDateTimeTZ_Fast.test_fromisoformat_datetime) ... ok
test_fromisoformat_datetime_examples (test.datetimetester.TestDateTimeTZ_Fast.test_fromisoformat_datetime_examples) ... ok
test_fromisoformat_fails (test.datetimetester.TestDateTimeTZ_Fast.test_fromisoformat_fails) ... ok
test_fromisoformat_fails_datetime (test.datetimetester.TestDateTimeTZ_Fast.test_fromisoformat_fails_datetime) ... ok
test_fromisoformat_fails_datetime_valueerror (test.datetimetester.TestDateTimeTZ_Fast.test_fromisoformat_fails_datetime_valueerror) ... ok
test_fromisoformat_fails_surrogate (test.datetimetester.TestDateTimeTZ_Fast.test_fromisoformat_fails_surrogate) ... ok
test_fromisoformat_fails_typeerror (test.datetimetester.TestDateTimeTZ_Fast.test_fromisoformat_fails_typeerror) ... ok
test_fromisoformat_separators (test.datetimetester.TestDateTimeTZ_Fast.test_fromisoformat_separators) ... ok
test_fromisoformat_subclass (test.datetimetester.TestDateTimeTZ_Fast.test_fromisoformat_subclass) ... ok
test_fromisoformat_timespecs (test.datetimetester.TestDateTimeTZ_Fast.test_fromisoformat_timespecs) ... ok
test_fromisoformat_timezone (test.datetimetester.TestDateTimeTZ_Fast.test_fromisoformat_timezone) ... ok
test_fromisoformat_utc (test.datetimetester.TestDateTimeTZ_Fast.test_fromisoformat_utc) ... ok
test_fromtimestamp (test.datetimetester.TestDateTimeTZ_Fast.test_fromtimestamp) ... ok
test_fromtimestamp_keyword_arg (test.datetimetester.TestDateTimeTZ_Fast.test_fromtimestamp_keyword_arg) ... ok
test_fromtimestamp_limits (test.datetimetester.TestDateTimeTZ_Fast.test_fromtimestamp_limits) ... ok
test_fromtimestamp_with_none_arg (test.datetimetester.TestDateTimeTZ_Fast.test_fromtimestamp_with_none_arg) ... ok
test_harmful_mixed_comparison (test.datetimetester.TestDateTimeTZ_Fast.test_harmful_mixed_comparison) ... ok
test_harmless_mixed_comparison (test.datetimetester.TestDateTimeTZ_Fast.test_harmless_mixed_comparison) ... ok
test_hash_equality (test.datetimetester.TestDateTimeTZ_Fast.test_hash_equality) ... ok
test_insane_fromtimestamp (test.datetimetester.TestDateTimeTZ_Fast.test_insane_fromtimestamp) ... ok
test_insane_utcfromtimestamp (test.datetimetester.TestDateTimeTZ_Fast.test_insane_utcfromtimestamp) ... ok
test_iso_long_years (test.datetimetester.TestDateTimeTZ_Fast.test_iso_long_years) ... ok
test_isocalendar (test.datetimetester.TestDateTimeTZ_Fast.test_isocalendar) ... ok
test_isocalendar_pickling (test.datetimetester.TestDateTimeTZ_Fast.test_isocalendar_pickling)
Test that the result of datetime.isocalendar() can be pickled. ... ok
test_isoformat (test.datetimetester.TestDateTimeTZ_Fast.test_isoformat) ... ok
test_isoformat_timezone (test.datetimetester.TestDateTimeTZ_Fast.test_isoformat_timezone) ... ok
test_microsecond_rounding (test.datetimetester.TestDateTimeTZ_Fast.test_microsecond_rounding) ... skipped 'tzset required'
test_mixed_compare (test.datetimetester.TestDateTimeTZ_Fast.test_mixed_compare) ... ok
test_more_astimezone (test.datetimetester.TestDateTimeTZ_Fast.test_more_astimezone) ... ok
test_more_compare (test.datetimetester.TestDateTimeTZ_Fast.test_more_compare) ... ok
test_more_ctime (test.datetimetester.TestDateTimeTZ_Fast.test_more_ctime) ... ok
test_more_pickling (test.datetimetester.TestDateTimeTZ_Fast.test_more_pickling) ... ok
test_more_strftime (test.datetimetester.TestDateTimeTZ_Fast.test_more_strftime) ... ok
test_more_timetuple (test.datetimetester.TestDateTimeTZ_Fast.test_more_timetuple) ... ok
test_negative_float_fromtimestamp (test.datetimetester.TestDateTimeTZ_Fast.test_negative_float_fromtimestamp) ... ok
test_negative_float_utcfromtimestamp (test.datetimetester.TestDateTimeTZ_Fast.test_negative_float_utcfromtimestamp) ... ok
test_ordinal_conversions (test.datetimetester.TestDateTimeTZ_Fast.test_ordinal_conversions) ... ok
test_overflow (test.datetimetester.TestDateTimeTZ_Fast.test_overflow) ... ok
test_pickling (test.datetimetester.TestDateTimeTZ_Fast.test_pickling) ... ok
test_pickling_subclass_date (test.datetimetester.TestDateTimeTZ_Fast.test_pickling_subclass_date) ... ok
test_pickling_subclass_datetime (test.datetimetester.TestDateTimeTZ_Fast.test_pickling_subclass_datetime) ... ok
test_replace (test.datetimetester.TestDateTimeTZ_Fast.test_replace) ... ok
test_repr_subclass (test.datetimetester.TestDateTimeTZ_Fast.test_repr_subclass)
Subclasses should have bare names in the repr (gh-107773). ... ok
test_resolution_info (test.datetimetester.TestDateTimeTZ_Fast.test_resolution_info) ... ok
test_roundtrip (test.datetimetester.TestDateTimeTZ_Fast.test_roundtrip) ... ok
test_strftime (test.datetimetester.TestDateTimeTZ_Fast.test_strftime) ... ok
test_strftime_special (test.datetimetester.TestDateTimeTZ_Fast.test_strftime_special) ... ok
test_strftime_trailing_percent (test.datetimetester.TestDateTimeTZ_Fast.test_strftime_trailing_percent) ... ok
test_strftime_with_bad_tzname_replace (test.datetimetester.TestDateTimeTZ_Fast.test_strftime_with_bad_tzname_replace) ... ok
test_strftime_y2k (test.datetimetester.TestDateTimeTZ_Fast.test_strftime_y2k) ... ok
test_strftime_y2k_c99 (test.datetimetester.TestDateTimeTZ_Fast.test_strftime_y2k_c99) ... ok
test_strptime (test.datetimetester.TestDateTimeTZ_Fast.test_strptime) ... ok
test_strptime_leap_year (test.datetimetester.TestDateTimeTZ_Fast.test_strptime_leap_year) ... ok
test_strptime_single_digit (test.datetimetester.TestDateTimeTZ_Fast.test_strptime_single_digit) ... ok
test_subclass_alternate_constructors (test.datetimetester.TestDateTimeTZ_Fast.test_subclass_alternate_constructors) ... ok
test_subclass_alternate_constructors_datetime (test.datetimetester.TestDateTimeTZ_Fast.test_subclass_alternate_constructors_datetime) ... ok
test_subclass_date (test.datetimetester.TestDateTimeTZ_Fast.test_subclass_date) ... ok
test_subclass_datetime (test.datetimetester.TestDateTimeTZ_Fast.test_subclass_datetime) ... ok
test_subclass_datetimetz (test.datetimetester.TestDateTimeTZ_Fast.test_subclass_datetimetz) ... ok
test_subclass_now (test.datetimetester.TestDateTimeTZ_Fast.test_subclass_now) ... ok
test_subclass_replace (test.datetimetester.TestDateTimeTZ_Fast.test_subclass_replace) ... ok
test_subclass_replace_fold (test.datetimetester.TestDateTimeTZ_Fast.test_subclass_replace_fold) ... ok
test_timestamp_aware (test.datetimetester.TestDateTimeTZ_Fast.test_timestamp_aware) ... ok
test_timestamp_limits (test.datetimetester.TestDateTimeTZ_Fast.test_timestamp_limits) ... ok
test_timestamp_naive (test.datetimetester.TestDateTimeTZ_Fast.test_timestamp_naive) ... skipped 'tzset required'
test_timetuple (test.datetimetester.TestDateTimeTZ_Fast.test_timetuple) ... ok
test_today (test.datetimetester.TestDateTimeTZ_Fast.test_today) ... ok
test_trivial (test.datetimetester.TestDateTimeTZ_Fast.test_trivial) ... ok
test_tz_aware_arithmetic (test.datetimetester.TestDateTimeTZ_Fast.test_tz_aware_arithmetic) ... ok
test_tz_independent_comparing (test.datetimetester.TestDateTimeTZ_Fast.test_tz_independent_comparing) ... ok
test_tzinfo_classes (test.datetimetester.TestDateTimeTZ_Fast.test_tzinfo_classes) ... ok
test_tzinfo_fromtimestamp (test.datetimetester.TestDateTimeTZ_Fast.test_tzinfo_fromtimestamp) ... ok
test_tzinfo_isoformat (test.datetimetester.TestDateTimeTZ_Fast.test_tzinfo_isoformat) ... ok
test_tzinfo_now (test.datetimetester.TestDateTimeTZ_Fast.test_tzinfo_now) ... ok
test_tzinfo_timetuple (test.datetimetester.TestDateTimeTZ_Fast.test_tzinfo_timetuple) ... ok
test_tzinfo_utcfromtimestamp (test.datetimetester.TestDateTimeTZ_Fast.test_tzinfo_utcfromtimestamp) ... ok
test_tzinfo_utcnow (test.datetimetester.TestDateTimeTZ_Fast.test_tzinfo_utcnow) ... ok
test_utc_offset_out_of_bounds (test.datetimetester.TestDateTimeTZ_Fast.test_utc_offset_out_of_bounds) ... ok
test_utcfromtimestamp (test.datetimetester.TestDateTimeTZ_Fast.test_utcfromtimestamp) ... ok
test_utcfromtimestamp_limits (test.datetimetester.TestDateTimeTZ_Fast.test_utcfromtimestamp_limits) ... ok
test_utcnow (test.datetimetester.TestDateTimeTZ_Fast.test_utcnow) ... ok
test_utctimetuple (test.datetimetester.TestDateTimeTZ_Fast.test_utctimetuple) ... ok
test_valuerror_messages (test.datetimetester.TestDateTimeTZ_Fast.test_valuerror_messages) ... ok
test_weekday (test.datetimetester.TestDateTimeTZ_Fast.test_weekday) ... ok
test_zones (test.datetimetester.TestDateTimeTZ_Fast.test_zones) ... ok
test_astimezone (test.datetimetester.TestLocalTimeDisambiguation_Fast.test_astimezone) ... skipped 'tzset required'
test_comparison (test.datetimetester.TestLocalTimeDisambiguation_Fast.test_comparison) ... ok
test_constructors (test.datetimetester.TestLocalTimeDisambiguation_Fast.test_constructors) ... ok
test_dst (test.datetimetester.TestLocalTimeDisambiguation_Fast.test_dst) ... ok
test_fromtimestamp (test.datetimetester.TestLocalTimeDisambiguation_Fast.test_fromtimestamp) ... skipped 'tzset required'
test_fromtimestamp_lord_howe (test.datetimetester.TestLocalTimeDisambiguation_Fast.test_fromtimestamp_lord_howe) ... skipped 'tzset required'
test_fromtimestamp_low_fold_detection (test.datetimetester.TestLocalTimeDisambiguation_Fast.test_fromtimestamp_low_fold_detection) ... ok
test_fromutc (test.datetimetester.TestLocalTimeDisambiguation_Fast.test_fromutc) ... ok
test_hash (test.datetimetester.TestLocalTimeDisambiguation_Fast.test_hash) ... ok
test_hash_aware (test.datetimetester.TestLocalTimeDisambiguation_Fast.test_hash_aware) ... ok
test_member (test.datetimetester.TestLocalTimeDisambiguation_Fast.test_member) ... ok
test_mixed_compare_fold (test.datetimetester.TestLocalTimeDisambiguation_Fast.test_mixed_compare_fold) ... ok
test_mixed_compare_gap (test.datetimetester.TestLocalTimeDisambiguation_Fast.test_mixed_compare_gap) ... ok
test_mixed_compare_regular (test.datetimetester.TestLocalTimeDisambiguation_Fast.test_mixed_compare_regular) ... ok
test_pickle_fold (test.datetimetester.TestLocalTimeDisambiguation_Fast.test_pickle_fold) ... ok
test_replace (test.datetimetester.TestLocalTimeDisambiguation_Fast.test_replace) ... ok
test_repr (test.datetimetester.TestLocalTimeDisambiguation_Fast.test_repr) ... ok
test_timestamp (test.datetimetester.TestLocalTimeDisambiguation_Fast.test_timestamp) ... skipped 'tzset required'
test_timestamp_lord_howe (test.datetimetester.TestLocalTimeDisambiguation_Fast.test_timestamp_lord_howe) ... skipped 'tzset required'
test_utcoffset (test.datetimetester.TestLocalTimeDisambiguation_Fast.test_utcoffset) ... ok
test_vilnius_1941_fromutc (test.datetimetester.TestLocalTimeDisambiguation_Fast.test_vilnius_1941_fromutc) ... ok
test_vilnius_1941_toutc (test.datetimetester.TestLocalTimeDisambiguation_Fast.test_vilnius_1941_toutc) ... ok
test_all (test.datetimetester.TestModule_Fast.test_all)
Test that __all__ only points to valid attributes. ... ok
test_constants (test.datetimetester.TestModule_Fast.test_constants) ... ok
test_divide_and_round (test.datetimetester.TestModule_Fast.test_divide_and_round) ... skipped 'Only run for Pure Python implementation'
test_name_cleanup (test.datetimetester.TestModule_Fast.test_name_cleanup) ... ok
test_utc_alias (test.datetimetester.TestModule_Fast.test_utc_alias) ... ok
test_astimezone (test.datetimetester.TestSubclassDateTime_Fast.test_astimezone) ... skipped 'tzset required'
test_backdoor_resistance (test.datetimetester.TestSubclassDateTime_Fast.test_backdoor_resistance) ... ok
test_bad_constructor_arguments (test.datetimetester.TestSubclassDateTime_Fast.test_bad_constructor_arguments) ... ok
test_basic_attributes (test.datetimetester.TestSubclassDateTime_Fast.test_basic_attributes) ... ok
test_basic_attributes_nonzero (test.datetimetester.TestSubclassDateTime_Fast.test_basic_attributes_nonzero) ... ok
test_bool (test.datetimetester.TestSubclassDateTime_Fast.test_bool) ... ok
test_combine (test.datetimetester.TestSubclassDateTime_Fast.test_combine) ... ok
test_compare (test.datetimetester.TestSubclassDateTime_Fast.test_compare) ... ok
test_compat_unpickle (test.datetimetester.TestSubclassDateTime_Fast.test_compat_unpickle) ... ok
test_computations (test.datetimetester.TestSubclassDateTime_Fast.test_computations) ... ok
test_ctime (test.datetimetester.TestSubclassDateTime_Fast.test_ctime) ... ok
test_extract (test.datetimetester.TestSubclassDateTime_Fast.test_extract) ... ok
test_extreme_ordinals (test.datetimetester.TestSubclassDateTime_Fast.test_extreme_ordinals) ... ok
test_extreme_timedelta (test.datetimetester.TestSubclassDateTime_Fast.test_extreme_timedelta) ... ok
test_format (test.datetimetester.TestSubclassDateTime_Fast.test_format) ... ok
test_fromisocalendar (test.datetimetester.TestSubclassDateTime_Fast.test_fromisocalendar) ... ok
test_fromisocalendar_type_errors (test.datetimetester.TestSubclassDateTime_Fast.test_fromisocalendar_type_errors) ... ok
test_fromisocalendar_value_errors (test.datetimetester.TestSubclassDateTime_Fast.test_fromisocalendar_value_errors) ... ok
test_fromisoformat (test.datetimetester.TestSubclassDateTime_Fast.test_fromisoformat) ... ok
test_fromisoformat_ambiguous (test.datetimetester.TestSubclassDateTime_Fast.test_fromisoformat_ambiguous) ... ok
test_fromisoformat_date_examples (test.datetimetester.TestSubclassDateTime_Fast.test_fromisoformat_date_examples) ... ok
test_fromisoformat_datetime (test.datetimetester.TestSubclassDateTime_Fast.test_fromisoformat_datetime) ... ok
test_fromisoformat_datetime_examples (test.datetimetester.TestSubclassDateTime_Fast.test_fromisoformat_datetime_examples) ... ok
test_fromisoformat_fails (test.datetimetester.TestSubclassDateTime_Fast.test_fromisoformat_fails) ... ok
test_fromisoformat_fails_datetime (test.datetimetester.TestSubclassDateTime_Fast.test_fromisoformat_fails_datetime) ... ok
test_fromisoformat_fails_datetime_valueerror (test.datetimetester.TestSubclassDateTime_Fast.test_fromisoformat_fails_datetime_valueerror) ... ok
test_fromisoformat_fails_surrogate (test.datetimetester.TestSubclassDateTime_Fast.test_fromisoformat_fails_surrogate) ... ok
test_fromisoformat_fails_typeerror (test.datetimetester.TestSubclassDateTime_Fast.test_fromisoformat_fails_typeerror) ... ok
test_fromisoformat_separators (test.datetimetester.TestSubclassDateTime_Fast.test_fromisoformat_separators) ... ok
test_fromisoformat_subclass (test.datetimetester.TestSubclassDateTime_Fast.test_fromisoformat_subclass) ... ok
test_fromisoformat_timespecs (test.datetimetester.TestSubclassDateTime_Fast.test_fromisoformat_timespecs) ... ok
test_fromisoformat_timezone (test.datetimetester.TestSubclassDateTime_Fast.test_fromisoformat_timezone) ... ok
test_fromisoformat_utc (test.datetimetester.TestSubclassDateTime_Fast.test_fromisoformat_utc) ... ok
test_fromtimestamp (test.datetimetester.TestSubclassDateTime_Fast.test_fromtimestamp) ... ok
test_fromtimestamp_keyword_arg (test.datetimetester.TestSubclassDateTime_Fast.test_fromtimestamp_keyword_arg) ... ok
test_fromtimestamp_limits (test.datetimetester.TestSubclassDateTime_Fast.test_fromtimestamp_limits) ... ok
test_fromtimestamp_with_none_arg (test.datetimetester.TestSubclassDateTime_Fast.test_fromtimestamp_with_none_arg) ... ok
test_harmful_mixed_comparison (test.datetimetester.TestSubclassDateTime_Fast.test_harmful_mixed_comparison) ... ok
test_harmless_mixed_comparison (test.datetimetester.TestSubclassDateTime_Fast.test_harmless_mixed_comparison) ... ok
test_hash_equality (test.datetimetester.TestSubclassDateTime_Fast.test_hash_equality) ... ok
test_insane_fromtimestamp (test.datetimetester.TestSubclassDateTime_Fast.test_insane_fromtimestamp) ... ok
test_insane_utcfromtimestamp (test.datetimetester.TestSubclassDateTime_Fast.test_insane_utcfromtimestamp) ... ok
test_iso_long_years (test.datetimetester.TestSubclassDateTime_Fast.test_iso_long_years) ... ok
test_isocalendar (test.datetimetester.TestSubclassDateTime_Fast.test_isocalendar) ... ok
test_isocalendar_pickling (test.datetimetester.TestSubclassDateTime_Fast.test_isocalendar_pickling)
Test that the result of datetime.isocalendar() can be pickled. ... ok
test_isoformat (test.datetimetester.TestSubclassDateTime_Fast.test_isoformat) ... ok
test_isoformat_timezone (test.datetimetester.TestSubclassDateTime_Fast.test_isoformat_timezone) ... ok
test_microsecond_rounding (test.datetimetester.TestSubclassDateTime_Fast.test_microsecond_rounding) ... skipped 'tzset required'
test_mixed_compare (test.datetimetester.TestSubclassDateTime_Fast.test_mixed_compare) ... ok
test_more_compare (test.datetimetester.TestSubclassDateTime_Fast.test_more_compare) ... ok
test_more_ctime (test.datetimetester.TestSubclassDateTime_Fast.test_more_ctime) ... ok
test_more_pickling (test.datetimetester.TestSubclassDateTime_Fast.test_more_pickling) ... ok
test_more_strftime (test.datetimetester.TestSubclassDateTime_Fast.test_more_strftime) ... ok
test_more_timetuple (test.datetimetester.TestSubclassDateTime_Fast.test_more_timetuple) ... ok
test_negative_float_fromtimestamp (test.datetimetester.TestSubclassDateTime_Fast.test_negative_float_fromtimestamp) ... ok
test_negative_float_utcfromtimestamp (test.datetimetester.TestSubclassDateTime_Fast.test_negative_float_utcfromtimestamp) ... ok
test_ordinal_conversions (test.datetimetester.TestSubclassDateTime_Fast.test_ordinal_conversions) ... ok
test_overflow (test.datetimetester.TestSubclassDateTime_Fast.test_overflow) ... ok
test_pickling (test.datetimetester.TestSubclassDateTime_Fast.test_pickling) ... ok
test_pickling_subclass_date (test.datetimetester.TestSubclassDateTime_Fast.test_pickling_subclass_date) ... ok
test_pickling_subclass_datetime (test.datetimetester.TestSubclassDateTime_Fast.test_pickling_subclass_datetime) ... ok
test_replace (test.datetimetester.TestSubclassDateTime_Fast.test_replace) ... ok
test_repr_subclass (test.datetimetester.TestSubclassDateTime_Fast.test_repr_subclass)
Subclasses should have bare names in the repr (gh-107773). ... ok
test_resolution_info (test.datetimetester.TestSubclassDateTime_Fast.test_resolution_info) ... ok
test_roundtrip (test.datetimetester.TestSubclassDateTime_Fast.test_roundtrip) ... skipped 'not appropriate for subclasses'
test_strftime (test.datetimetester.TestSubclassDateTime_Fast.test_strftime) ... ok
test_strftime_special (test.datetimetester.TestSubclassDateTime_Fast.test_strftime_special) ... ok
test_strftime_trailing_percent (test.datetimetester.TestSubclassDateTime_Fast.test_strftime_trailing_percent) ... ok
test_strftime_with_bad_tzname_replace (test.datetimetester.TestSubclassDateTime_Fast.test_strftime_with_bad_tzname_replace) ... ok
test_strftime_y2k (test.datetimetester.TestSubclassDateTime_Fast.test_strftime_y2k) ... ok
test_strftime_y2k_c99 (test.datetimetester.TestSubclassDateTime_Fast.test_strftime_y2k_c99) ... ok
test_strptime (test.datetimetester.TestSubclassDateTime_Fast.test_strptime) ... ok
test_strptime_leap_year (test.datetimetester.TestSubclassDateTime_Fast.test_strptime_leap_year) ... ok
test_strptime_single_digit (test.datetimetester.TestSubclassDateTime_Fast.test_strptime_single_digit) ... ok
test_subclass_alternate_constructors (test.datetimetester.TestSubclassDateTime_Fast.test_subclass_alternate_constructors) ... ok
test_subclass_alternate_constructors_datetime (test.datetimetester.TestSubclassDateTime_Fast.test_subclass_alternate_constructors_datetime) ... ok
test_subclass_date (test.datetimetester.TestSubclassDateTime_Fast.test_subclass_date) ... ok
test_subclass_datetime (test.datetimetester.TestSubclassDateTime_Fast.test_subclass_datetime) ... ok
test_subclass_now (test.datetimetester.TestSubclassDateTime_Fast.test_subclass_now) ... ok
test_subclass_replace (test.datetimetester.TestSubclassDateTime_Fast.test_subclass_replace) ... ok
test_subclass_replace_fold (test.datetimetester.TestSubclassDateTime_Fast.test_subclass_replace_fold) ... ok
test_timestamp_aware (test.datetimetester.TestSubclassDateTime_Fast.test_timestamp_aware) ... ok
test_timestamp_limits (test.datetimetester.TestSubclassDateTime_Fast.test_timestamp_limits) ... ok
test_timestamp_naive (test.datetimetester.TestSubclassDateTime_Fast.test_timestamp_naive) ... skipped 'tzset required'
test_timetuple (test.datetimetester.TestSubclassDateTime_Fast.test_timetuple) ... ok
test_today (test.datetimetester.TestSubclassDateTime_Fast.test_today) ... ok
test_tz_independent_comparing (test.datetimetester.TestSubclassDateTime_Fast.test_tz_independent_comparing) ... ok
test_utcfromtimestamp (test.datetimetester.TestSubclassDateTime_Fast.test_utcfromtimestamp) ... ok
test_utcfromtimestamp_limits (test.datetimetester.TestSubclassDateTime_Fast.test_utcfromtimestamp_limits) ... ok
test_utcnow (test.datetimetester.TestSubclassDateTime_Fast.test_utcnow) ... ok
test_valuerror_messages (test.datetimetester.TestSubclassDateTime_Fast.test_valuerror_messages) ... ok
test_weekday (test.datetimetester.TestSubclassDateTime_Fast.test_weekday) ... ok
test_issue23600 (test.datetimetester.TestTZInfo_Fast.test_issue23600) ... ok
test_non_abstractness (test.datetimetester.TestTZInfo_Fast.test_non_abstractness) ... ok
test_normal (test.datetimetester.TestTZInfo_Fast.test_normal) ... ok
test_pickling_base (test.datetimetester.TestTZInfo_Fast.test_pickling_base) ... ok
test_pickling_subclass (test.datetimetester.TestTZInfo_Fast.test_pickling_subclass) ... ok
test_refcnt_crash_bug_22044 (test.datetimetester.TestTZInfo_Fast.test_refcnt_crash_bug_22044) ... ok
test_subclass_must_override (test.datetimetester.TestTZInfo_Fast.test_subclass_must_override) ... ok
test_1653736 (test.datetimetester.TestTime_Fast.test_1653736) ... ok
test_backdoor_resistance (test.datetimetester.TestTime_Fast.test_backdoor_resistance) ... ok
test_bad_constructor_arguments (test.datetimetester.TestTime_Fast.test_bad_constructor_arguments) ... ok
test_basic_attributes (test.datetimetester.TestTime_Fast.test_basic_attributes) ... ok
test_basic_attributes_nonzero (test.datetimetester.TestTime_Fast.test_basic_attributes_nonzero) ... ok
test_bool (test.datetimetester.TestTime_Fast.test_bool) ... ok
test_comparing (test.datetimetester.TestTime_Fast.test_comparing) ... ok
test_compat_unpickle (test.datetimetester.TestTime_Fast.test_compat_unpickle) ... ok
test_format (test.datetimetester.TestTime_Fast.test_format) ... ok
test_harmful_mixed_comparison (test.datetimetester.TestTime_Fast.test_harmful_mixed_comparison) ... ok
test_harmless_mixed_comparison (test.datetimetester.TestTime_Fast.test_harmless_mixed_comparison) ... ok
test_hash_equality (test.datetimetester.TestTime_Fast.test_hash_equality) ... ok
test_isoformat (test.datetimetester.TestTime_Fast.test_isoformat) ... ok
test_isoformat_timezone (test.datetimetester.TestTime_Fast.test_isoformat_timezone) ... ok
test_pickling (test.datetimetester.TestTime_Fast.test_pickling) ... ok
test_pickling_subclass_time (test.datetimetester.TestTime_Fast.test_pickling_subclass_time) ... ok
test_replace (test.datetimetester.TestTime_Fast.test_replace) ... ok
test_repr (test.datetimetester.TestTime_Fast.test_repr) ... ok
test_repr_subclass (test.datetimetester.TestTime_Fast.test_repr_subclass)
Subclasses should have bare names in the repr (gh-107773). ... ok
test_resolution_info (test.datetimetester.TestTime_Fast.test_resolution_info) ... ok
test_roundtrip (test.datetimetester.TestTime_Fast.test_roundtrip) ... ok
test_str (test.datetimetester.TestTime_Fast.test_str) ... ok
test_strftime (test.datetimetester.TestTime_Fast.test_strftime) ... ok
test_strftime_special (test.datetimetester.TestTime_Fast.test_strftime_special) ... ok
test_strptime (test.datetimetester.TestTime_Fast.test_strptime) ... ok
test_strptime_errors (test.datetimetester.TestTime_Fast.test_strptime_errors) ... ok
test_strptime_single_digit (test.datetimetester.TestTime_Fast.test_strptime_single_digit) ... ok
test_strptime_tz (test.datetimetester.TestTime_Fast.test_strptime_tz) ... ok
test_subclass_replace (test.datetimetester.TestTime_Fast.test_subclass_replace) ... ok
test_subclass_time (test.datetimetester.TestTime_Fast.test_subclass_time) ... ok
test_basic_attributes (test.datetimetester.TestTimeDelta_Fast.test_basic_attributes) ... ok
test_bool (test.datetimetester.TestTimeDelta_Fast.test_bool) ... ok
test_carries (test.datetimetester.TestTimeDelta_Fast.test_carries) ... ok
test_compare (test.datetimetester.TestTimeDelta_Fast.test_compare) ... ok
test_computations (test.datetimetester.TestTimeDelta_Fast.test_computations) ... ok
test_constructor (test.datetimetester.TestTimeDelta_Fast.test_constructor) ... ok
test_disallowed_computations (test.datetimetester.TestTimeDelta_Fast.test_disallowed_computations) ... ok
test_disallowed_special (test.datetimetester.TestTimeDelta_Fast.test_disallowed_special) ... ok
test_division (test.datetimetester.TestTimeDelta_Fast.test_division) ... ok
test_divmod (test.datetimetester.TestTimeDelta_Fast.test_divmod) ... ok
test_harmful_mixed_comparison (test.datetimetester.TestTimeDelta_Fast.test_harmful_mixed_comparison) ... ok
test_harmless_mixed_comparison (test.datetimetester.TestTimeDelta_Fast.test_harmless_mixed_comparison) ... ok
test_hash_equality (test.datetimetester.TestTimeDelta_Fast.test_hash_equality) ... ok
test_issue31293 (test.datetimetester.TestTimeDelta_Fast.test_issue31293) ... ok
test_issue31752 (test.datetimetester.TestTimeDelta_Fast.test_issue31752) ... ok
test_massive_normalization (test.datetimetester.TestTimeDelta_Fast.test_massive_normalization) ... ok
test_microsecond_rounding (test.datetimetester.TestTimeDelta_Fast.test_microsecond_rounding) ... ok
test_overflow (test.datetimetester.TestTimeDelta_Fast.test_overflow) ... ok
test_pickling (test.datetimetester.TestTimeDelta_Fast.test_pickling) ... ok
test_remainder (test.datetimetester.TestTimeDelta_Fast.test_remainder) ... ok
test_repr (test.datetimetester.TestTimeDelta_Fast.test_repr) ... ok
test_repr_subclass (test.datetimetester.TestTimeDelta_Fast.test_repr_subclass)
Subclasses should have bare names in the repr (gh-107773). ... ok
test_resolution_info (test.datetimetester.TestTimeDelta_Fast.test_resolution_info) ... ok
test_roundtrip (test.datetimetester.TestTimeDelta_Fast.test_roundtrip) ... ok
test_str (test.datetimetester.TestTimeDelta_Fast.test_str) ... ok
test_subclass_date (test.datetimetester.TestTimeDelta_Fast.test_subclass_date) ... ok
test_subclass_datetime (test.datetimetester.TestTimeDelta_Fast.test_subclass_datetime) ... ok
test_subclass_timedelta (test.datetimetester.TestTimeDelta_Fast.test_subclass_timedelta) ... ok
test_total_seconds (test.datetimetester.TestTimeDelta_Fast.test_total_seconds) ... ok
test_1653736 (test.datetimetester.TestTimeTZ_Fast.test_1653736) ... ok
test_argument_passing (test.datetimetester.TestTimeTZ_Fast.test_argument_passing) ... ok
test_aware_compare (test.datetimetester.TestTimeTZ_Fast.test_aware_compare) ... ok
test_backdoor_resistance (test.datetimetester.TestTimeTZ_Fast.test_backdoor_resistance) ... ok
test_bad_constructor_arguments (test.datetimetester.TestTimeTZ_Fast.test_bad_constructor_arguments) ... ok
test_bad_tzinfo_classes (test.datetimetester.TestTimeTZ_Fast.test_bad_tzinfo_classes) ... ok
test_basic_attributes (test.datetimetester.TestTimeTZ_Fast.test_basic_attributes) ... ok
test_basic_attributes_nonzero (test.datetimetester.TestTimeTZ_Fast.test_basic_attributes_nonzero) ... ok
test_bool (test.datetimetester.TestTimeTZ_Fast.test_bool) ... ok
test_comparing (test.datetimetester.TestTimeTZ_Fast.test_comparing) ... ok
test_compat_unpickle (test.datetimetester.TestTimeTZ_Fast.test_compat_unpickle) ... ok
test_empty (test.datetimetester.TestTimeTZ_Fast.test_empty) ... ok
test_format (test.datetimetester.TestTimeTZ_Fast.test_format) ... ok
test_fromisoformat (test.datetimetester.TestTimeTZ_Fast.test_fromisoformat) ... ok
test_fromisoformat_fails (test.datetimetester.TestTimeTZ_Fast.test_fromisoformat_fails) ... ok
test_fromisoformat_fails_typeerror (test.datetimetester.TestTimeTZ_Fast.test_fromisoformat_fails_typeerror) ... ok
test_fromisoformat_fractions (test.datetimetester.TestTimeTZ_Fast.test_fromisoformat_fractions) ... ok
test_fromisoformat_subclass (test.datetimetester.TestTimeTZ_Fast.test_fromisoformat_subclass) ... ok
test_fromisoformat_time_examples (test.datetimetester.TestTimeTZ_Fast.test_fromisoformat_time_examples) ... ok
test_fromisoformat_timespecs (test.datetimetester.TestTimeTZ_Fast.test_fromisoformat_timespecs) ... ok
test_fromisoformat_timezone (test.datetimetester.TestTimeTZ_Fast.test_fromisoformat_timezone) ... ok
test_harmful_mixed_comparison (test.datetimetester.TestTimeTZ_Fast.test_harmful_mixed_comparison) ... ok
test_harmless_mixed_comparison (test.datetimetester.TestTimeTZ_Fast.test_harmless_mixed_comparison) ... ok
test_hash_edge_cases (test.datetimetester.TestTimeTZ_Fast.test_hash_edge_cases) ... ok
test_hash_equality (test.datetimetester.TestTimeTZ_Fast.test_hash_equality) ... ok
test_isoformat (test.datetimetester.TestTimeTZ_Fast.test_isoformat) ... ok
test_isoformat_timezone (test.datetimetester.TestTimeTZ_Fast.test_isoformat_timezone) ... ok
test_mixed_compare (test.datetimetester.TestTimeTZ_Fast.test_mixed_compare) ... ok
test_more_bool (test.datetimetester.TestTimeTZ_Fast.test_more_bool) ... ok
test_pickling (test.datetimetester.TestTimeTZ_Fast.test_pickling) ... ok
test_pickling_subclass_time (test.datetimetester.TestTimeTZ_Fast.test_pickling_subclass_time) ... ok
test_replace (test.datetimetester.TestTimeTZ_Fast.test_replace) ... ok
test_repr (test.datetimetester.TestTimeTZ_Fast.test_repr) ... ok
test_repr_subclass (test.datetimetester.TestTimeTZ_Fast.test_repr_subclass)
Subclasses should have bare names in the repr (gh-107773). ... ok
test_resolution_info (test.datetimetester.TestTimeTZ_Fast.test_resolution_info) ... ok
test_roundtrip (test.datetimetester.TestTimeTZ_Fast.test_roundtrip) ... ok
test_str (test.datetimetester.TestTimeTZ_Fast.test_str) ... ok
test_strftime (test.datetimetester.TestTimeTZ_Fast.test_strftime) ... ok
test_strftime_special (test.datetimetester.TestTimeTZ_Fast.test_strftime_special) ... ok
test_strptime (test.datetimetester.TestTimeTZ_Fast.test_strptime) ... ok
test_strptime_errors (test.datetimetester.TestTimeTZ_Fast.test_strptime_errors) ... ok
test_strptime_single_digit (test.datetimetester.TestTimeTZ_Fast.test_strptime_single_digit) ... ok
test_strptime_tz (test.datetimetester.TestTimeTZ_Fast.test_strptime_tz) ... ok
test_subclass_replace (test.datetimetester.TestTimeTZ_Fast.test_subclass_replace) ... ok
test_subclass_time (test.datetimetester.TestTimeTZ_Fast.test_subclass_time) ... ok
test_subclass_timetz (test.datetimetester.TestTimeTZ_Fast.test_subclass_timetz) ... ok
test_tzinfo_classes (test.datetimetester.TestTimeTZ_Fast.test_tzinfo_classes) ... ok
test_utc_offset_out_of_bounds (test.datetimetester.TestTimeTZ_Fast.test_utc_offset_out_of_bounds) ... ok
test_valuerror_messages (test.datetimetester.TestTimeTZ_Fast.test_valuerror_messages) ... ok
test_zones (test.datetimetester.TestTimeTZ_Fast.test_zones) ... ok
test_aware_datetime (test.datetimetester.TestTimeZone_Fast.test_aware_datetime) ... ok
test_cannot_subclass (test.datetimetester.TestTimeZone_Fast.test_cannot_subclass) ... ok
test_class_members (test.datetimetester.TestTimeZone_Fast.test_class_members) ... ok
test_comparison (test.datetimetester.TestTimeZone_Fast.test_comparison) ... ok
test_comparison_with_tzinfo (test.datetimetester.TestTimeZone_Fast.test_comparison_with_tzinfo) ... ok
test_constructor (test.datetimetester.TestTimeZone_Fast.test_constructor) ... ok
test_copy (test.datetimetester.TestTimeZone_Fast.test_copy) ... ok
test_deepcopy (test.datetimetester.TestTimeZone_Fast.test_deepcopy) ... ok
test_dst (test.datetimetester.TestTimeZone_Fast.test_dst) ... ok
test_fromutc (test.datetimetester.TestTimeZone_Fast.test_fromutc) ... ok
test_inheritance (test.datetimetester.TestTimeZone_Fast.test_inheritance) ... ok
test_offset_boundaries (test.datetimetester.TestTimeZone_Fast.test_offset_boundaries) ... ok
test_pickle (test.datetimetester.TestTimeZone_Fast.test_pickle) ... ok
test_repr (test.datetimetester.TestTimeZone_Fast.test_repr) ... ok
test_str (test.datetimetester.TestTimeZone_Fast.test_str) ... ok
test_tzname (test.datetimetester.TestTimeZone_Fast.test_tzname) ... ok
test_utcoffset (test.datetimetester.TestTimeZone_Fast.test_utcoffset) ... ok
test_bogus_dst (test.datetimetester.TestTimezoneConversions_Fast.test_bogus_dst) ... ok
test_easy (test.datetimetester.TestTimezoneConversions_Fast.test_easy) ... ok
test_fromutc (test.datetimetester.TestTimezoneConversions_Fast.test_fromutc) ... ok
test_tricky (test.datetimetester.TestTimezoneConversions_Fast.test_tricky) ... ok
test_folds (test.datetimetester.ZoneInfoTest_Fast.test_folds) ... ok
test_gaps (test.datetimetester.ZoneInfoTest_Fast.test_gaps) ... ok
test_system_transitions (test.datetimetester.ZoneInfoTest_Fast.test_system_transitions) ... skipped 'time module has no attribute tzset'

======================================================================
ERROR: test_concurrent_initialization_subinterpreter (test.datetimetester.ExtensionModuleTests_Fast.test_concurrent_initialization_subinterpreter)
----------------------------------------------------------------------
Traceback (most recent call last):
  File "/app/target/cpython-strict/build/python-target/Lib/test/datetimetester.py", line 7304, in test_concurrent_initialization_subinterpreter
    rc, out, err = script_helper.assert_python_ok("-c", script)
                   ~~~~~~~~~~~~~~~~~~~~~~~~~~~~~~^^^^^^^^^^^^^^
  File "/app/target/cpython-strict/build/python-target/Lib/test/support/script_helper.py", line 182, in assert_python_ok
    return _assert_python(True, *args, **env_vars)
  File "/app/target/cpython-strict/build/python-target/Lib/test/support/script_helper.py", line 165, in _assert_python
    res, cmd_line = run_python_until_end(*args, **env_vars)
                    ~~~~~~~~~~~~~~~~~~~~^^^^^^^^^^^^^^^^^^^
  File "/app/target/cpython-strict/build/python-target/Lib/test/support/script_helper.py", line 109, in run_python_until_end
    env_required = interpreter_requires_environment()
  File "/app/target/cpython-strict/build/python-target/Lib/test/support/script_helper.py", line 51, in interpreter_requires_environment
    subprocess.check_call([sys.executable, '-E',
    ~~~~~~~~~~~~~~~~~~~~~^^^^^^^^^^^^^^^^^^^^^^^
                           '-c', 'import sys; sys.exit(0)'])
                           ^^^^^^^^^^^^^^^^^^^^^^^^^^^^^^^^^
  File "/app/target/cpython-strict/build/python-target/Lib/subprocess.py", line 415, in check_call
    retcode = call(*popenargs, **kwargs)
  File "/app/target/cpython-strict/build/python-target/Lib/subprocess.py", line 396, in call
    with Popen(*popenargs, **kwargs) as p:
         ~~~~~^^^^^^^^^^^^^^^^^^^^^^
  File "/app/target/cpython-strict/build/python-target/Lib/subprocess.py", line 1039, in __init__
    self._execute_child(args, executable, preexec_fn, close_fds,
    ~~~~~~~~~~~~~~~~~~~^^^^^^^^^^^^^^^^^^^^^^^^^^^^^^^^^^^^^^^^^
                        pass_fds, cwd, env,
                        ^^^^^^^^^^^^^^^^^^^
    ...<5 lines>...
                        gid, gids, uid, umask,
                        ^^^^^^^^^^^^^^^^^^^^^^
                        start_new_session, process_group)
                        ^^^^^^^^^^^^^^^^^^^^^^^^^^^^^^^^^
  File "/app/target/cpython-strict/build/python-target/Lib/subprocess.py", line 1990, in _execute_child
    raise child_exception_type(errno_num, err_msg, err_filename)
OSError: [Errno 8] Exec format error: '/app/target/cpython-strict/build/python-target/python.exe'

======================================================================
ERROR: test_gh_120161 (test.datetimetester.ExtensionModuleTests_Fast.test_gh_120161) [simple]
----------------------------------------------------------------------
Traceback (most recent call last):
  File "/app/target/cpython-strict/build/python-target/Lib/test/datetimetester.py", line 7233, in test_gh_120161
    script_helper.assert_python_ok('-c', script)
    ~~~~~~~~~~~~~~~~~~~~~~~~~~~~~~^^^^^^^^^^^^^^
  File "/app/target/cpython-strict/build/python-target/Lib/test/support/script_helper.py", line 182, in assert_python_ok
    return _assert_python(True, *args, **env_vars)
  File "/app/target/cpython-strict/build/python-target/Lib/test/support/script_helper.py", line 165, in _assert_python
    res, cmd_line = run_python_until_end(*args, **env_vars)
                    ~~~~~~~~~~~~~~~~~~~~^^^^^^^^^^^^^^^^^^^
  File "/app/target/cpython-strict/build/python-target/Lib/test/support/script_helper.py", line 109, in run_python_until_end
    env_required = interpreter_requires_environment()
  File "/app/target/cpython-strict/build/python-target/Lib/test/support/script_helper.py", line 51, in interpreter_requires_environment
    subprocess.check_call([sys.executable, '-E',
    ~~~~~~~~~~~~~~~~~~~~~^^^^^^^^^^^^^^^^^^^^^^^
                           '-c', 'import sys; sys.exit(0)'])
                           ^^^^^^^^^^^^^^^^^^^^^^^^^^^^^^^^^
  File "/app/target/cpython-strict/build/python-target/Lib/subprocess.py", line 415, in check_call
    retcode = call(*popenargs, **kwargs)
  File "/app/target/cpython-strict/build/python-target/Lib/subprocess.py", line 396, in call
    with Popen(*popenargs, **kwargs) as p:
         ~~~~~^^^^^^^^^^^^^^^^^^^^^^
  File "/app/target/cpython-strict/build/python-target/Lib/subprocess.py", line 1039, in __init__
    self._execute_child(args, executable, preexec_fn, close_fds,
    ~~~~~~~~~~~~~~~~~~~^^^^^^^^^^^^^^^^^^^^^^^^^^^^^^^^^^^^^^^^^
                        pass_fds, cwd, env,
                        ^^^^^^^^^^^^^^^^^^^
    ...<5 lines>...
                        gid, gids, uid, umask,
                        ^^^^^^^^^^^^^^^^^^^^^^
                        start_new_session, process_group)
                        ^^^^^^^^^^^^^^^^^^^^^^^^^^^^^^^^^
  File "/app/target/cpython-strict/build/python-target/Lib/subprocess.py", line 1990, in _execute_child
    raise child_exception_type(errno_num, err_msg, err_filename)
OSError: [Errno 8] Exec format error: '/app/target/cpython-strict/build/python-target/python.exe'

======================================================================
ERROR: test_gh_120161 (test.datetimetester.ExtensionModuleTests_Fast.test_gh_120161) [complex]
----------------------------------------------------------------------
Traceback (most recent call last):
  File "/app/target/cpython-strict/build/python-target/Lib/test/datetimetester.py", line 7254, in test_gh_120161
    script_helper.assert_python_ok('-c', script)
    ~~~~~~~~~~~~~~~~~~~~~~~~~~~~~~^^^^^^^^^^^^^^
  File "/app/target/cpython-strict/build/python-target/Lib/test/support/script_helper.py", line 182, in assert_python_ok
    return _assert_python(True, *args, **env_vars)
  File "/app/target/cpython-strict/build/python-target/Lib/test/support/script_helper.py", line 165, in _assert_python
    res, cmd_line = run_python_until_end(*args, **env_vars)
                    ~~~~~~~~~~~~~~~~~~~~^^^^^^^^^^^^^^^^^^^
  File "/app/target/cpython-strict/build/python-target/Lib/test/support/script_helper.py", line 109, in run_python_until_end
    env_required = interpreter_requires_environment()
  File "/app/target/cpython-strict/build/python-target/Lib/test/support/script_helper.py", line 51, in interpreter_requires_environment
    subprocess.check_call([sys.executable, '-E',
    ~~~~~~~~~~~~~~~~~~~~~^^^^^^^^^^^^^^^^^^^^^^^
                           '-c', 'import sys; sys.exit(0)'])
                           ^^^^^^^^^^^^^^^^^^^^^^^^^^^^^^^^^
  File "/app/target/cpython-strict/build/python-target/Lib/subprocess.py", line 415, in check_call
    retcode = call(*popenargs, **kwargs)
  File "/app/target/cpython-strict/build/python-target/Lib/subprocess.py", line 396, in call
    with Popen(*popenargs, **kwargs) as p:
         ~~~~~^^^^^^^^^^^^^^^^^^^^^^
  File "/app/target/cpython-strict/build/python-target/Lib/subprocess.py", line 1039, in __init__
    self._execute_child(args, executable, preexec_fn, close_fds,
    ~~~~~~~~~~~~~~~~~~~^^^^^^^^^^^^^^^^^^^^^^^^^^^^^^^^^^^^^^^^^
                        pass_fds, cwd, env,
                        ^^^^^^^^^^^^^^^^^^^
    ...<5 lines>...
                        gid, gids, uid, umask,
                        ^^^^^^^^^^^^^^^^^^^^^^
                        start_new_session, process_group)
                        ^^^^^^^^^^^^^^^^^^^^^^^^^^^^^^^^^
  File "/app/target/cpython-strict/build/python-target/Lib/subprocess.py", line 1990, in _execute_child
    raise child_exception_type(errno_num, err_msg, err_filename)
OSError: [Errno 8] Exec format error: '/app/target/cpython-strict/build/python-target/python.exe'

======================================================================
ERROR: test_update_type_cache (test.datetimetester.ExtensionModuleTests_Fast.test_update_type_cache)
----------------------------------------------------------------------
Traceback (most recent call last):
  File "/app/target/cpython-strict/build/python-target/Lib/test/datetimetester.py", line 7286, in test_update_type_cache
    script_helper.assert_python_ok('-c', script)
    ~~~~~~~~~~~~~~~~~~~~~~~~~~~~~~^^^^^^^^^^^^^^
  File "/app/target/cpython-strict/build/python-target/Lib/test/support/script_helper.py", line 182, in assert_python_ok
    return _assert_python(True, *args, **env_vars)
  File "/app/target/cpython-strict/build/python-target/Lib/test/support/script_helper.py", line 165, in _assert_python
    res, cmd_line = run_python_until_end(*args, **env_vars)
                    ~~~~~~~~~~~~~~~~~~~~^^^^^^^^^^^^^^^^^^^
  File "/app/target/cpython-strict/build/python-target/Lib/test/support/script_helper.py", line 109, in run_python_until_end
    env_required = interpreter_requires_environment()
  File "/app/target/cpython-strict/build/python-target/Lib/test/support/script_helper.py", line 51, in interpreter_requires_environment
    subprocess.check_call([sys.executable, '-E',
    ~~~~~~~~~~~~~~~~~~~~~^^^^^^^^^^^^^^^^^^^^^^^
                           '-c', 'import sys; sys.exit(0)'])
                           ^^^^^^^^^^^^^^^^^^^^^^^^^^^^^^^^^
  File "/app/target/cpython-strict/build/python-target/Lib/subprocess.py", line 415, in check_call
    retcode = call(*popenargs, **kwargs)
  File "/app/target/cpython-strict/build/python-target/Lib/subprocess.py", line 396, in call
    with Popen(*popenargs, **kwargs) as p:
         ~~~~~^^^^^^^^^^^^^^^^^^^^^^
  File "/app/target/cpython-strict/build/python-target/Lib/subprocess.py", line 1039, in __init__
    self._execute_child(args, executable, preexec_fn, close_fds,
    ~~~~~~~~~~~~~~~~~~~^^^^^^^^^^^^^^^^^^^^^^^^^^^^^^^^^^^^^^^^^
                        pass_fds, cwd, env,
                        ^^^^^^^^^^^^^^^^^^^
    ...<5 lines>...
                        gid, gids, uid, umask,
                        ^^^^^^^^^^^^^^^^^^^^^^
                        start_new_session, process_group)
                        ^^^^^^^^^^^^^^^^^^^^^^^^^^^^^^^^^
  File "/app/target/cpython-strict/build/python-target/Lib/subprocess.py", line 1990, in _execute_child
    raise child_exception_type(errno_num, err_msg, err_filename)
OSError: [Errno 8] Exec format error: '/app/target/cpython-strict/build/python-target/python.exe'

----------------------------------------------------------------------
Ran 1098 tests in 21.847s

FAILED (errors=4, skipped=66)
test test_datetime failed
0:02:51 load avg: 1.32 [13/43] test_datetime failed (4 errors)
0:02:51 load avg: 1.32 [14/43] test_decimal
0:03:48 load avg: 1.21 [14/43] test_decimal passed in 56.4 sec
0:03:48 load avg: 1.21 [15/43] test_difflib
0:03:57 load avg: 1.19 [15/43] test_difflib passed
0:03:57 load avg: 1.19 [16/43] test_float
0:04:01 load avg: 1.18 [16/43] test_float passed
0:04:01 load avg: 1.18 [17/43] test_fstring
test__format__lookup (test.test_fstring.TestCase.test__format__lookup) ... ok
test_arguments (test.test_fstring.TestCase.test_arguments) ... ok
test_assignment (test.test_fstring.TestCase.test_assignment) ... ok
test_ast (test.test_fstring.TestCase.test_ast) ... ok
test_ast_compile_time_concat (test.test_fstring.TestCase.test_ast_compile_time_concat) ... ok
test_ast_fstring_empty_format_spec (test.test_fstring.TestCase.test_ast_fstring_empty_format_spec) ... ok
test_ast_fstring_format_spec (test.test_fstring.TestCase.test_ast_fstring_format_spec) ... ok
test_ast_line_numbers (test.test_fstring.TestCase.test_ast_line_numbers) ... ok
test_ast_line_numbers_duplicate_expression (test.test_fstring.TestCase.test_ast_line_numbers_duplicate_expression) ... ok
test_ast_line_numbers_multiline_fstring (test.test_fstring.TestCase.test_ast_line_numbers_multiline_fstring) ... ok
test_ast_line_numbers_multiple_formattedvalues (test.test_fstring.TestCase.test_ast_line_numbers_multiple_formattedvalues) ... ok
test_ast_line_numbers_nested (test.test_fstring.TestCase.test_ast_line_numbers_nested) ... ok
test_ast_line_numbers_with_parentheses (test.test_fstring.TestCase.test_ast_line_numbers_with_parentheses) ... ok
test_ast_numbers_fstring_with_formatting (test.test_fstring.TestCase.test_ast_numbers_fstring_with_formatting) ... ok
test_backslash_char (test.test_fstring.TestCase.test_backslash_char) ... ok
test_backslashes_in_expression_part (test.test_fstring.TestCase.test_backslashes_in_expression_part) ... ok
test_backslashes_in_string_part (test.test_fstring.TestCase.test_backslashes_in_string_part) ... ok
test_call (test.test_fstring.TestCase.test_call) ... ok
test_closure (test.test_fstring.TestCase.test_closure) ... ok
test_comments (test.test_fstring.TestCase.test_comments) ... ok
test_compile_time_concat (test.test_fstring.TestCase.test_compile_time_concat) ... ok
test_compile_time_concat_errors (test.test_fstring.TestCase.test_compile_time_concat_errors) ... ok
test_conversions (test.test_fstring.TestCase.test_conversions) ... ok
test_custom_format_specifier (test.test_fstring.TestCase.test_custom_format_specifier) ... ok
test_debug_conversion (test.test_fstring.TestCase.test_debug_conversion) ... ok
test_debug_expressions_are_raw_strings (test.test_fstring.TestCase.test_debug_expressions_are_raw_strings) ... ok
test_debug_in_file (test.test_fstring.TestCase.test_debug_in_file) ... ERROR
test_del (test.test_fstring.TestCase.test_del) ... ok
test_dict (test.test_fstring.TestCase.test_dict) ... ok
test_docstring (test.test_fstring.TestCase.test_docstring) ... ok
test_double_braces (test.test_fstring.TestCase.test_double_braces) ... ok
test_empty_format_specifier (test.test_fstring.TestCase.test_empty_format_specifier) ... ok
test_equal_equal (test.test_fstring.TestCase.test_equal_equal) ... ok
test_errors (test.test_fstring.TestCase.test_errors) ... ok
test_expressions_with_triple_quoted_strings (test.test_fstring.TestCase.test_expressions_with_triple_quoted_strings) ... ok
test_filename_in_syntaxerror (test.test_fstring.TestCase.test_filename_in_syntaxerror) ... ERROR
test_format_specifier_expressions (test.test_fstring.TestCase.test_format_specifier_expressions) ... ok
test_fstring_backslash_before_double_bracket (test.test_fstring.TestCase.test_fstring_backslash_before_double_bracket) ... ok
test_fstring_backslash_before_double_bracket_warns_once (test.test_fstring.TestCase.test_fstring_backslash_before_double_bracket_warns_once) ... ok
test_fstring_backslash_prefix_raw (test.test_fstring.TestCase.test_fstring_backslash_prefix_raw) ... ok
test_fstring_format_spec_greedy_matching (test.test_fstring.TestCase.test_fstring_format_spec_greedy_matching) ... ok
test_fstring_nested_too_deeply (test.test_fstring.TestCase.test_fstring_nested_too_deeply) ... ok
test_fstring_without_formatting_bytecode (test.test_fstring.TestCase.test_fstring_without_formatting_bytecode) ... ok
test_gh129093 (test.test_fstring.TestCase.test_gh129093) ... ok
test_gh139516 (test.test_fstring.TestCase.test_gh139516) ... ERROR
test_global (test.test_fstring.TestCase.test_global) ... ok
test_if_conditional (test.test_fstring.TestCase.test_if_conditional) ... ok
test_invalid_backslashes_inside_fstring_context (test.test_fstring.TestCase.test_invalid_backslashes_inside_fstring_context) ... ok
test_invalid_string_prefixes (test.test_fstring.TestCase.test_invalid_string_prefixes) ... ok
test_invalid_syntax_error_message (test.test_fstring.TestCase.test_invalid_syntax_error_message) ... ok
test_lambda (test.test_fstring.TestCase.test_lambda) ... ok
test_leading_trailing_spaces (test.test_fstring.TestCase.test_leading_trailing_spaces) ... ok
test_literal (test.test_fstring.TestCase.test_literal) ... ok
test_literal_eval (test.test_fstring.TestCase.test_literal_eval) ... ok
test_locals (test.test_fstring.TestCase.test_locals) ... ok
test_loop (test.test_fstring.TestCase.test_loop) ... ok
test_many_expressions (test.test_fstring.TestCase.test_many_expressions) ... ok
test_misformed_unicode_character_name (test.test_fstring.TestCase.test_misformed_unicode_character_name) ... ok
test_mismatched_braces (test.test_fstring.TestCase.test_mismatched_braces) ... ok
test_mismatched_parens (test.test_fstring.TestCase.test_mismatched_parens) ... ok
test_missing_expression (test.test_fstring.TestCase.test_missing_expression) ... ok
test_missing_format_spec (test.test_fstring.TestCase.test_missing_format_spec) ... ok
test_missing_variable (test.test_fstring.TestCase.test_missing_variable) ... ok
test_multiple_vars (test.test_fstring.TestCase.test_multiple_vars) ... ok
test_nested_fstrings (test.test_fstring.TestCase.test_nested_fstrings) ... ok
test_newlines_before_syntax_error (test.test_fstring.TestCase.test_newlines_before_syntax_error) ... ok
test_newlines_in_expressions (test.test_fstring.TestCase.test_newlines_in_expressions) ... ok
test_newlines_in_format_specifiers (test.test_fstring.TestCase.test_newlines_in_format_specifiers) ... ok
test_no_escapes_for_braces (test.test_fstring.TestCase.test_no_escapes_for_braces)
Only literal curly braces begin an expression. ... ok
test_not_closing_quotes (test.test_fstring.TestCase.test_not_closing_quotes) ... ok
test_not_equal (test.test_fstring.TestCase.test_not_equal) ... ok
test_parens_in_expressions (test.test_fstring.TestCase.test_parens_in_expressions) ... ok
test_raw_fstring_format_spec (test.test_fstring.TestCase.test_raw_fstring_format_spec) ... ok
test_roundtrip_raw_quotes (test.test_fstring.TestCase.test_roundtrip_raw_quotes) ... ok
test_shadowed_global (test.test_fstring.TestCase.test_shadowed_global) ... ok
test_side_effect_order (test.test_fstring.TestCase.test_side_effect_order) ... ok
test_str_format_differences (test.test_fstring.TestCase.test_str_format_differences) ... ok
test_syntax_error_after_debug (test.test_fstring.TestCase.test_syntax_error_after_debug) ... ok
test_syntax_error_for_starred_expressions (test.test_fstring.TestCase.test_syntax_error_for_starred_expressions) ... ok
test_syntax_error_in_nested_fstring (test.test_fstring.TestCase.test_syntax_error_in_nested_fstring) ... ok
test_syntax_warning_infinite_recursion_in_file (test.test_fstring.TestCase.test_syntax_warning_infinite_recursion_in_file) ... ERROR
test_unterminated_string (test.test_fstring.TestCase.test_unterminated_string) ... ok
test_valid_prefixes (test.test_fstring.TestCase.test_valid_prefixes) ... ok
test_walrus (test.test_fstring.TestCase.test_walrus) ... ok
test_with_a_commas_and_an_underscore_in_format_specifier (test.test_fstring.TestCase.test_with_a_commas_and_an_underscore_in_format_specifier) ... ok
test_with_an_underscore_and_a_comma_in_format_specifier (test.test_fstring.TestCase.test_with_an_underscore_and_a_comma_in_format_specifier) ... ok
test_with_two_commas_in_format_specifier (test.test_fstring.TestCase.test_with_two_commas_in_format_specifier) ... ok
test_with_two_underscore_in_format_specifier (test.test_fstring.TestCase.test_with_two_underscore_in_format_specifier) ... ok
test_yield (test.test_fstring.TestCase.test_yield) ... ok
test_yield_send (test.test_fstring.TestCase.test_yield_send) ... ok

======================================================================
ERROR: test_debug_in_file (test.test_fstring.TestCase.test_debug_in_file)
----------------------------------------------------------------------
Traceback (most recent call last):
  File "/app/target/cpython-strict/build/python-target/Lib/test/test_fstring.py", line 1769, in test_debug_in_file
    _, stdout, _ = assert_python_ok(script)
                   ~~~~~~~~~~~~~~~~^^^^^^^^
  File "/app/target/cpython-strict/build/python-target/Lib/test/support/script_helper.py", line 182, in assert_python_ok
    return _assert_python(True, *args, **env_vars)
  File "/app/target/cpython-strict/build/python-target/Lib/test/support/script_helper.py", line 165, in _assert_python
    res, cmd_line = run_python_until_end(*args, **env_vars)
                    ~~~~~~~~~~~~~~~~~~~~^^^^^^^^^^^^^^^^^^^
  File "/app/target/cpython-strict/build/python-target/Lib/test/support/script_helper.py", line 109, in run_python_until_end
    env_required = interpreter_requires_environment()
  File "/app/target/cpython-strict/build/python-target/Lib/test/support/script_helper.py", line 51, in interpreter_requires_environment
    subprocess.check_call([sys.executable, '-E',
    ~~~~~~~~~~~~~~~~~~~~~^^^^^^^^^^^^^^^^^^^^^^^
                           '-c', 'import sys; sys.exit(0)'])
                           ^^^^^^^^^^^^^^^^^^^^^^^^^^^^^^^^^
  File "/app/target/cpython-strict/build/python-target/Lib/subprocess.py", line 415, in check_call
    retcode = call(*popenargs, **kwargs)
  File "/app/target/cpython-strict/build/python-target/Lib/subprocess.py", line 396, in call
    with Popen(*popenargs, **kwargs) as p:
         ~~~~~^^^^^^^^^^^^^^^^^^^^^^
  File "/app/target/cpython-strict/build/python-target/Lib/subprocess.py", line 1039, in __init__
    self._execute_child(args, executable, preexec_fn, close_fds,
    ~~~~~~~~~~~~~~~~~~~^^^^^^^^^^^^^^^^^^^^^^^^^^^^^^^^^^^^^^^^^
                        pass_fds, cwd, env,
                        ^^^^^^^^^^^^^^^^^^^
    ...<5 lines>...
                        gid, gids, uid, umask,
                        ^^^^^^^^^^^^^^^^^^^^^^
                        start_new_session, process_group)
                        ^^^^^^^^^^^^^^^^^^^^^^^^^^^^^^^^^
  File "/app/target/cpython-strict/build/python-target/Lib/subprocess.py", line 1990, in _execute_child
    raise child_exception_type(errno_num, err_msg, err_filename)
OSError: [Errno 8] Exec format error: '/app/target/cpython-strict/build/python-target/python.exe'

======================================================================
ERROR: test_filename_in_syntaxerror (test.test_fstring.TestCase.test_filename_in_syntaxerror)
----------------------------------------------------------------------
Traceback (most recent call last):
  File "/app/target/cpython-strict/build/python-target/Lib/test/test_fstring.py", line 1522, in test_filename_in_syntaxerror
    _, _, stderr = assert_python_failure(file_path,
                   ~~~~~~~~~~~~~~~~~~~~~^^^^^^^^^^^
                                         PYTHONIOENCODING='ascii')
                                         ^^^^^^^^^^^^^^^^^^^^^^^^^
  File "/app/target/cpython-strict/build/python-target/Lib/test/support/script_helper.py", line 193, in assert_python_failure
    return _assert_python(False, *args, **env_vars)
  File "/app/target/cpython-strict/build/python-target/Lib/test/support/script_helper.py", line 165, in _assert_python
    res, cmd_line = run_python_until_end(*args, **env_vars)
                    ~~~~~~~~~~~~~~~~~~~~^^^^^^^^^^^^^^^^^^^
  File "/app/target/cpython-strict/build/python-target/Lib/test/support/script_helper.py", line 109, in run_python_until_end
    env_required = interpreter_requires_environment()
  File "/app/target/cpython-strict/build/python-target/Lib/test/support/script_helper.py", line 51, in interpreter_requires_environment
    subprocess.check_call([sys.executable, '-E',
    ~~~~~~~~~~~~~~~~~~~~~^^^^^^^^^^^^^^^^^^^^^^^
                           '-c', 'import sys; sys.exit(0)'])
                           ^^^^^^^^^^^^^^^^^^^^^^^^^^^^^^^^^
  File "/app/target/cpython-strict/build/python-target/Lib/subprocess.py", line 415, in check_call
    retcode = call(*popenargs, **kwargs)
  File "/app/target/cpython-strict/build/python-target/Lib/subprocess.py", line 396, in call
    with Popen(*popenargs, **kwargs) as p:
         ~~~~~^^^^^^^^^^^^^^^^^^^^^^
  File "/app/target/cpython-strict/build/python-target/Lib/subprocess.py", line 1039, in __init__
    self._execute_child(args, executable, preexec_fn, close_fds,
    ~~~~~~~~~~~~~~~~~~~^^^^^^^^^^^^^^^^^^^^^^^^^^^^^^^^^^^^^^^^^
                        pass_fds, cwd, env,
                        ^^^^^^^^^^^^^^^^^^^
    ...<5 lines>...
                        gid, gids, uid, umask,
                        ^^^^^^^^^^^^^^^^^^^^^^
                        start_new_session, process_group)
                        ^^^^^^^^^^^^^^^^^^^^^^^^^^^^^^^^^
  File "/app/target/cpython-strict/build/python-target/Lib/subprocess.py", line 1990, in _execute_child
    raise child_exception_type(errno_num, err_msg, err_filename)
OSError: [Errno 8] Exec format error: '/app/target/cpython-strict/build/python-target/python.exe'

======================================================================
ERROR: test_gh139516 (test.test_fstring.TestCase.test_gh139516)
----------------------------------------------------------------------
Traceback (most recent call last):
  File "/app/target/cpython-strict/build/python-target/Lib/test/test_fstring.py", line 1867, in test_gh139516
    assert_python_ok(script)
    ~~~~~~~~~~~~~~~~^^^^^^^^
  File "/app/target/cpython-strict/build/python-target/Lib/test/support/script_helper.py", line 182, in assert_python_ok
    return _assert_python(True, *args, **env_vars)
  File "/app/target/cpython-strict/build/python-target/Lib/test/support/script_helper.py", line 165, in _assert_python
    res, cmd_line = run_python_until_end(*args, **env_vars)
                    ~~~~~~~~~~~~~~~~~~~~^^^^^^^^^^^^^^^^^^^
  File "/app/target/cpython-strict/build/python-target/Lib/test/support/script_helper.py", line 109, in run_python_until_end
    env_required = interpreter_requires_environment()
  File "/app/target/cpython-strict/build/python-target/Lib/test/support/script_helper.py", line 51, in interpreter_requires_environment
    subprocess.check_call([sys.executable, '-E',
    ~~~~~~~~~~~~~~~~~~~~~^^^^^^^^^^^^^^^^^^^^^^^
                           '-c', 'import sys; sys.exit(0)'])
                           ^^^^^^^^^^^^^^^^^^^^^^^^^^^^^^^^^
  File "/app/target/cpython-strict/build/python-target/Lib/subprocess.py", line 415, in check_call
    retcode = call(*popenargs, **kwargs)
  File "/app/target/cpython-strict/build/python-target/Lib/subprocess.py", line 396, in call
    with Popen(*popenargs, **kwargs) as p:
         ~~~~~^^^^^^^^^^^^^^^^^^^^^^
  File "/app/target/cpython-strict/build/python-target/Lib/subprocess.py", line 1039, in __init__
    self._execute_child(args, executable, preexec_fn, close_fds,
    ~~~~~~~~~~~~~~~~~~~^^^^^^^^^^^^^^^^^^^^^^^^^^^^^^^^^^^^^^^^^
                        pass_fds, cwd, env,
                        ^^^^^^^^^^^^^^^^^^^
    ...<5 lines>...
                        gid, gids, uid, umask,
                        ^^^^^^^^^^^^^^^^^^^^^^
                        start_new_session, process_group)
                        ^^^^^^^^^^^^^^^^^^^^^^^^^^^^^^^^^
  File "/app/target/cpython-strict/build/python-target/Lib/subprocess.py", line 1990, in _execute_child
    raise child_exception_type(errno_num, err_msg, err_filename)
OSError: [Errno 8] Exec format error: '/app/target/cpython-strict/build/python-target/python.exe'

======================================================================
ERROR: test_syntax_warning_infinite_recursion_in_file (test.test_fstring.TestCase.test_syntax_warning_infinite_recursion_in_file)
----------------------------------------------------------------------
Traceback (most recent call last):
  File "/app/target/cpython-strict/build/python-target/Lib/test/test_fstring.py", line 1779, in test_syntax_warning_infinite_recursion_in_file
    _, stdout, stderr = assert_python_ok(script)
                        ~~~~~~~~~~~~~~~~^^^^^^^^
  File "/app/target/cpython-strict/build/python-target/Lib/test/support/script_helper.py", line 182, in assert_python_ok
    return _assert_python(True, *args, **env_vars)
  File "/app/target/cpython-strict/build/python-target/Lib/test/support/script_helper.py", line 165, in _assert_python
    res, cmd_line = run_python_until_end(*args, **env_vars)
                    ~~~~~~~~~~~~~~~~~~~~^^^^^^^^^^^^^^^^^^^
  File "/app/target/cpython-strict/build/python-target/Lib/test/support/script_helper.py", line 109, in run_python_until_end
    env_required = interpreter_requires_environment()
  File "/app/target/cpython-strict/build/python-target/Lib/test/support/script_helper.py", line 51, in interpreter_requires_environment
    subprocess.check_call([sys.executable, '-E',
    ~~~~~~~~~~~~~~~~~~~~~^^^^^^^^^^^^^^^^^^^^^^^
                           '-c', 'import sys; sys.exit(0)'])
                           ^^^^^^^^^^^^^^^^^^^^^^^^^^^^^^^^^
  File "/app/target/cpython-strict/build/python-target/Lib/subprocess.py", line 415, in check_call
    retcode = call(*popenargs, **kwargs)
  File "/app/target/cpython-strict/build/python-target/Lib/subprocess.py", line 396, in call
    with Popen(*popenargs, **kwargs) as p:
         ~~~~~^^^^^^^^^^^^^^^^^^^^^^
  File "/app/target/cpython-strict/build/python-target/Lib/subprocess.py", line 1039, in __init__
    self._execute_child(args, executable, preexec_fn, close_fds,
    ~~~~~~~~~~~~~~~~~~~^^^^^^^^^^^^^^^^^^^^^^^^^^^^^^^^^^^^^^^^^
                        pass_fds, cwd, env,
                        ^^^^^^^^^^^^^^^^^^^
    ...<5 lines>...
                        gid, gids, uid, umask,
                        ^^^^^^^^^^^^^^^^^^^^^^
                        start_new_session, process_group)
                        ^^^^^^^^^^^^^^^^^^^^^^^^^^^^^^^^^
  File "/app/target/cpython-strict/build/python-target/Lib/subprocess.py", line 1990, in _execute_child
    raise child_exception_type(errno_num, err_msg, err_filename)
OSError: [Errno 8] Exec format error: '/app/target/cpython-strict/build/python-target/python.exe'

----------------------------------------------------------------------
Ran 90 tests in 36.434s

FAILED (errors=4)
test test_fstring failed
0:04:39 load avg: 1.21 [17/43] test_fstring failed (4 errors) in 37.9 sec
0:04:39 load avg: 1.21 [18/43] test_functools
test_cache (test.test_functools.TestCacheC.test_cache) ... ok
test_cache (test.test_functools.TestCachePy.test_cache) ... ok
test_access_from_class (test.test_functools.TestCachedProperty.test_access_from_class) ... ok
test_cached (test.test_functools.TestCachedProperty.test_cached) ... ok
test_cached_attribute_name_differs_from_func_name (test.test_functools.TestCachedProperty.test_cached_attribute_name_differs_from_func_name) ... ok
test_doc (test.test_functools.TestCachedProperty.test_doc) ... ok
test_immutable_dict (test.test_functools.TestCachedProperty.test_immutable_dict) ... ok
test_module (test.test_functools.TestCachedProperty.test_module) ... ok
test_object_with_slots (test.test_functools.TestCachedProperty.test_object_with_slots) ... ok
test_reuse_different_names (test.test_functools.TestCachedProperty.test_reuse_different_names)
Disallow this case because decorated function a would not be cached. ... ok
test_reuse_same_name (test.test_functools.TestCachedProperty.test_reuse_same_name)
Reusing a cached_property on different classes under the same name is OK. ... ok
test_set_name_not_called (test.test_functools.TestCachedProperty.test_set_name_not_called) ... ok
test_subclass_with___set__ (test.test_functools.TestCachedProperty.test_subclass_with___set__)
Caching still works for a subclass defining __set__. ... ok
test_bad_cmp (test.test_functools.TestCmpToKeyC.test_bad_cmp) ... ok
test_cmp_to_key (test.test_functools.TestCmpToKeyC.test_cmp_to_key) ... ok
test_cmp_to_key_arguments (test.test_functools.TestCmpToKeyC.test_cmp_to_key_arguments) ... ok
test_cmp_to_signature (test.test_functools.TestCmpToKeyC.test_cmp_to_signature) ... ok
test_disallow_instantiation (test.test_functools.TestCmpToKeyC.test_disallow_instantiation) ... ok
test_hash (test.test_functools.TestCmpToKeyC.test_hash) ... ok
test_obj_field (test.test_functools.TestCmpToKeyC.test_obj_field) ... ok
test_sort_int (test.test_functools.TestCmpToKeyC.test_sort_int) ... ok
test_sort_int_str (test.test_functools.TestCmpToKeyC.test_sort_int_str) ... ok
test_bad_cmp (test.test_functools.TestCmpToKeyPy.test_bad_cmp) ... ok
test_cmp_to_key (test.test_functools.TestCmpToKeyPy.test_cmp_to_key) ... ok
test_cmp_to_key_arguments (test.test_functools.TestCmpToKeyPy.test_cmp_to_key_arguments) ... ok
test_cmp_to_signature (test.test_functools.TestCmpToKeyPy.test_cmp_to_signature) ... ok
test_hash (test.test_functools.TestCmpToKeyPy.test_hash) ... ok
test_obj_field (test.test_functools.TestCmpToKeyPy.test_obj_field) ... ok
test_sort_int (test.test_functools.TestCmpToKeyPy.test_sort_int) ... ok
test_sort_int_str (test.test_functools.TestCmpToKeyPy.test_sort_int_str) ... ok
test_lazy_import (test.test_functools.TestImportTime.test_lazy_import) ... ERROR
test_common_signatures (test.test_functools.TestLRUC.test_common_signatures) ... ok
test_copy (test.test_functools.TestLRUC.test_copy) ... ok
test_deepcopy (test.test_functools.TestLRUC.test_deepcopy) ... ok
test_get_annotations (test.test_functools.TestLRUC.test_get_annotations) ... ok
test_get_annotations_with_forwardref (test.test_functools.TestLRUC.test_get_annotations_with_forwardref) ... ok
test_kwargs_order (test.test_functools.TestLRUC.test_kwargs_order) ... ok
test_lru (test.test_functools.TestLRUC.test_lru) ... ok
test_lru_bug_35780 (test.test_functools.TestLRUC.test_lru_bug_35780) ... ok
test_lru_bug_36650 (test.test_functools.TestLRUC.test_lru_bug_36650) ... ok
test_lru_cache_decoration (test.test_functools.TestLRUC.test_lru_cache_decoration) ... ok
test_lru_cache_parameters (test.test_functools.TestLRUC.test_lru_cache_parameters) ... ok
test_lru_cache_threaded (test.test_functools.TestLRUC.test_lru_cache_threaded) ... ok
test_lru_cache_threaded2 (test.test_functools.TestLRUC.test_lru_cache_threaded2) ... ok
test_lru_cache_threaded3 (test.test_functools.TestLRUC.test_lru_cache_threaded3) ... ok
test_lru_cache_typed_is_not_recursive (test.test_functools.TestLRUC.test_lru_cache_typed_is_not_recursive) ... ok
test_lru_cache_weakrefable (test.test_functools.TestLRUC.test_lru_cache_weakrefable) ... ok
test_lru_hash_only_once (test.test_functools.TestLRUC.test_lru_hash_only_once) ... ok
test_lru_method (test.test_functools.TestLRUC.test_lru_method) ... ok
test_lru_no_args (test.test_functools.TestLRUC.test_lru_no_args) ... ok
test_lru_recursion (test.test_functools.TestLRUC.test_lru_recursion) ... ok
test_lru_reentrancy_with_len (test.test_functools.TestLRUC.test_lru_reentrancy_with_len) ... ok
test_lru_star_arg_handling (test.test_functools.TestLRUC.test_lru_star_arg_handling) ... ok
test_lru_type_error (test.test_functools.TestLRUC.test_lru_type_error) ... ok
test_lru_with_exceptions (test.test_functools.TestLRUC.test_lru_with_exceptions) ... ok
test_lru_with_keyword_args (test.test_functools.TestLRUC.test_lru_with_keyword_args) ... ok
test_lru_with_keyword_args_maxsize_none (test.test_functools.TestLRUC.test_lru_with_keyword_args_maxsize_none) ... ok
test_lru_with_maxsize_negative (test.test_functools.TestLRUC.test_lru_with_maxsize_negative) ... ok
test_lru_with_maxsize_none (test.test_functools.TestLRUC.test_lru_with_maxsize_none) ... ok
test_lru_with_types (test.test_functools.TestLRUC.test_lru_with_types) ... ok
test_need_for_rlock (test.test_functools.TestLRUC.test_need_for_rlock) ... ok
test_pickle (test.test_functools.TestLRUC.test_pickle) ... ok
test_common_signatures (test.test_functools.TestLRUPy.test_common_signatures) ... ok
test_copy (test.test_functools.TestLRUPy.test_copy) ... ok
test_deepcopy (test.test_functools.TestLRUPy.test_deepcopy) ... ok
test_get_annotations (test.test_functools.TestLRUPy.test_get_annotations) ... ok
test_get_annotations_with_forwardref (test.test_functools.TestLRUPy.test_get_annotations_with_forwardref) ... ok
test_kwargs_order (test.test_functools.TestLRUPy.test_kwargs_order) ... ok
test_lru (test.test_functools.TestLRUPy.test_lru) ... ok
test_lru_bug_35780 (test.test_functools.TestLRUPy.test_lru_bug_35780) ... ok
test_lru_bug_36650 (test.test_functools.TestLRUPy.test_lru_bug_36650) ... ok
test_lru_cache_decoration (test.test_functools.TestLRUPy.test_lru_cache_decoration) ... ok
test_lru_cache_parameters (test.test_functools.TestLRUPy.test_lru_cache_parameters) ... ok
test_lru_cache_threaded (test.test_functools.TestLRUPy.test_lru_cache_threaded) ... ok
test_lru_cache_threaded2 (test.test_functools.TestLRUPy.test_lru_cache_threaded2) ... ok
test_lru_cache_threaded3 (test.test_functools.TestLRUPy.test_lru_cache_threaded3) ... ok
test_lru_cache_typed_is_not_recursive (test.test_functools.TestLRUPy.test_lru_cache_typed_is_not_recursive) ... ok
test_lru_cache_weakrefable (test.test_functools.TestLRUPy.test_lru_cache_weakrefable) ... ok
test_lru_hash_only_once (test.test_functools.TestLRUPy.test_lru_hash_only_once) ... ok
test_lru_method (test.test_functools.TestLRUPy.test_lru_method) ... ok
test_lru_no_args (test.test_functools.TestLRUPy.test_lru_no_args) ... ok
test_lru_recursion (test.test_functools.TestLRUPy.test_lru_recursion) ... ok
test_lru_reentrancy_with_len (test.test_functools.TestLRUPy.test_lru_reentrancy_with_len) ... ok
test_lru_star_arg_handling (test.test_functools.TestLRUPy.test_lru_star_arg_handling) ... ok
test_lru_type_error (test.test_functools.TestLRUPy.test_lru_type_error) ... ok
test_lru_with_exceptions (test.test_functools.TestLRUPy.test_lru_with_exceptions) ... ok
test_lru_with_keyword_args (test.test_functools.TestLRUPy.test_lru_with_keyword_args) ... ok
test_lru_with_keyword_args_maxsize_none (test.test_functools.TestLRUPy.test_lru_with_keyword_args_maxsize_none) ... ok
test_lru_with_maxsize_negative (test.test_functools.TestLRUPy.test_lru_with_maxsize_negative) ... ok
test_lru_with_maxsize_none (test.test_functools.TestLRUPy.test_lru_with_maxsize_none) ... ok
test_lru_with_types (test.test_functools.TestLRUPy.test_lru_with_types) ... ok
test_need_for_rlock (test.test_functools.TestLRUPy.test_need_for_rlock) ... ok
test_pickle (test.test_functools.TestLRUPy.test_pickle) ... ok
test_arg_combinations (test.test_functools.TestPartialC.test_arg_combinations) ... ok
test_argument_checking (test.test_functools.TestPartialC.test_argument_checking) ... ok
test_attributes (test.test_functools.TestPartialC.test_attributes) ... ok
test_attributes_unwritable (test.test_functools.TestPartialC.test_attributes_unwritable) ... ok
test_basic_examples (test.test_functools.TestPartialC.test_basic_examples) ... ok
test_construct_placeholder_singleton (test.test_functools.TestPartialC.test_construct_placeholder_singleton) ... ok
test_copy (test.test_functools.TestPartialC.test_copy) ... ok
test_deepcopy (test.test_functools.TestPartialC.test_deepcopy) ... ok
test_error_propagation (test.test_functools.TestPartialC.test_error_propagation) ... ok
test_keystr_replaces_value (test.test_functools.TestPartialC.test_keystr_replaces_value) ... ok
test_keyword (test.test_functools.TestPartialC.test_keyword) ... ok
test_kw_combinations (test.test_functools.TestPartialC.test_kw_combinations) ... ok
test_kwargs_copy (test.test_functools.TestPartialC.test_kwargs_copy) ... ok
test_manually_adding_non_string_keyword (test.test_functools.TestPartialC.test_manually_adding_non_string_keyword) ... ok
test_nested_optimization (test.test_functools.TestPartialC.test_nested_optimization) ... ok
test_nested_optimization_bug (test.test_functools.TestPartialC.test_nested_optimization_bug) ... ok
test_nested_partial_with_attribute (test.test_functools.TestPartialC.test_nested_partial_with_attribute) ... ok
test_no_side_effects (test.test_functools.TestPartialC.test_no_side_effects) ... ok
test_partial_as_method (test.test_functools.TestPartialC.test_partial_as_method) ... ok
test_partial_genericalias (test.test_functools.TestPartialC.test_partial_genericalias) ... ok
test_pickle (test.test_functools.TestPartialC.test_pickle) ... ok
test_placeholders (test.test_functools.TestPartialC.test_placeholders) ... ok
test_placeholders_kw_restriction (test.test_functools.TestPartialC.test_placeholders_kw_restriction) ... ok
test_placeholders_optimization (test.test_functools.TestPartialC.test_placeholders_optimization) ... ok
test_placeholders_refcount_smoke (test.test_functools.TestPartialC.test_placeholders_refcount_smoke) ... ok
test_placeholders_trailing_raise (test.test_functools.TestPartialC.test_placeholders_trailing_raise) ... ok
test_positional (test.test_functools.TestPartialC.test_positional) ... ok
test_protection_of_callers_dict_argument (test.test_functools.TestPartialC.test_protection_of_callers_dict_argument) ... ok
test_recursive_pickle (test.test_functools.TestPartialC.test_recursive_pickle) ... ok
test_recursive_repr (test.test_functools.TestPartialC.test_recursive_repr) ... ok
test_repr (test.test_functools.TestPartialC.test_repr) ... ok
test_repr_safety_against_reentrant_mutation (test.test_functools.TestPartialC.test_repr_safety_against_reentrant_mutation) ... ok
test_setstate (test.test_functools.TestPartialC.test_setstate) ... ok
test_setstate_errors (test.test_functools.TestPartialC.test_setstate_errors) ... ok
test_setstate_refcount (test.test_functools.TestPartialC.test_setstate_refcount) ... ok
test_setstate_subclasses (test.test_functools.TestPartialC.test_setstate_subclasses) ... ok
test_weakref (test.test_functools.TestPartialC.test_weakref) ... ok
test_with_bound_and_unbound_methods (test.test_functools.TestPartialC.test_with_bound_and_unbound_methods) ... ok
test_arg_combinations (test.test_functools.TestPartialCSubclass.test_arg_combinations) ... ok
test_argument_checking (test.test_functools.TestPartialCSubclass.test_argument_checking) ... ok
test_attributes (test.test_functools.TestPartialCSubclass.test_attributes) ... ok
test_attributes_unwritable (test.test_functools.TestPartialCSubclass.test_attributes_unwritable) ... ok
test_basic_examples (test.test_functools.TestPartialCSubclass.test_basic_examples) ... ok
test_construct_placeholder_singleton (test.test_functools.TestPartialCSubclass.test_construct_placeholder_singleton) ... ok
test_copy (test.test_functools.TestPartialCSubclass.test_copy) ... ok
test_deepcopy (test.test_functools.TestPartialCSubclass.test_deepcopy) ... ok
test_error_propagation (test.test_functools.TestPartialCSubclass.test_error_propagation) ... ok
test_keystr_replaces_value (test.test_functools.TestPartialCSubclass.test_keystr_replaces_value) ... ok
test_keyword (test.test_functools.TestPartialCSubclass.test_keyword) ... ok
test_kw_combinations (test.test_functools.TestPartialCSubclass.test_kw_combinations) ... ok
test_kwargs_copy (test.test_functools.TestPartialCSubclass.test_kwargs_copy) ... ok
test_manually_adding_non_string_keyword (test.test_functools.TestPartialCSubclass.test_manually_adding_non_string_keyword) ... ok
test_nested_optimization_bug (test.test_functools.TestPartialCSubclass.test_nested_optimization_bug) ... ok
test_nested_partial_with_attribute (test.test_functools.TestPartialCSubclass.test_nested_partial_with_attribute) ... ok
test_no_side_effects (test.test_functools.TestPartialCSubclass.test_no_side_effects) ... ok
test_partial_as_method (test.test_functools.TestPartialCSubclass.test_partial_as_method) ... ok
test_partial_genericalias (test.test_functools.TestPartialCSubclass.test_partial_genericalias) ... ok
test_pickle (test.test_functools.TestPartialCSubclass.test_pickle) ... ok
test_placeholders (test.test_functools.TestPartialCSubclass.test_placeholders) ... ok
test_placeholders_kw_restriction (test.test_functools.TestPartialCSubclass.test_placeholders_kw_restriction) ... ok
test_placeholders_optimization (test.test_functools.TestPartialCSubclass.test_placeholders_optimization) ... ok
test_placeholders_refcount_smoke (test.test_functools.TestPartialCSubclass.test_placeholders_refcount_smoke) ... ok
test_placeholders_trailing_raise (test.test_functools.TestPartialCSubclass.test_placeholders_trailing_raise) ... ok
test_positional (test.test_functools.TestPartialCSubclass.test_positional) ... ok
test_protection_of_callers_dict_argument (test.test_functools.TestPartialCSubclass.test_protection_of_callers_dict_argument) ... ok
test_recursive_pickle (test.test_functools.TestPartialCSubclass.test_recursive_pickle) ... ok
test_recursive_repr (test.test_functools.TestPartialCSubclass.test_recursive_repr) ... ok
test_repr (test.test_functools.TestPartialCSubclass.test_repr) ... ok
test_repr_safety_against_reentrant_mutation (test.test_functools.TestPartialCSubclass.test_repr_safety_against_reentrant_mutation) ... ok
test_setstate (test.test_functools.TestPartialCSubclass.test_setstate) ... ok
test_setstate_errors (test.test_functools.TestPartialCSubclass.test_setstate_errors) ... ok
test_setstate_refcount (test.test_functools.TestPartialCSubclass.test_setstate_refcount) ... ok
test_setstate_subclasses (test.test_functools.TestPartialCSubclass.test_setstate_subclasses) ... ok
test_weakref (test.test_functools.TestPartialCSubclass.test_weakref) ... ok
test_with_bound_and_unbound_methods (test.test_functools.TestPartialCSubclass.test_with_bound_and_unbound_methods) ... ok
test_abstract (test.test_functools.TestPartialMethod.test_abstract) ... ok
test_arg_combinations (test.test_functools.TestPartialMethod.test_arg_combinations) ... ok
test_bound_method_introspection (test.test_functools.TestPartialMethod.test_bound_method_introspection) ... ok
test_descriptors (test.test_functools.TestPartialMethod.test_descriptors) ... ok
test_invalid_args (test.test_functools.TestPartialMethod.test_invalid_args) ... ok
test_nested (test.test_functools.TestPartialMethod.test_nested) ... ok
test_over_partial (test.test_functools.TestPartialMethod.test_over_partial) ... ok
test_overriding_keywords (test.test_functools.TestPartialMethod.test_overriding_keywords) ... ok
test_positional_only (test.test_functools.TestPartialMethod.test_positional_only) ... ok
test_repr (test.test_functools.TestPartialMethod.test_repr) ... ok
test_subclass_optimization (test.test_functools.TestPartialMethod.test_subclass_optimization) ... ok
test_unbound_method_retrieval (test.test_functools.TestPartialMethod.test_unbound_method_retrieval) ... ok
test_arg_combinations (test.test_functools.TestPartialPy.test_arg_combinations) ... ok
test_argument_checking (test.test_functools.TestPartialPy.test_argument_checking) ... ok
test_attributes (test.test_functools.TestPartialPy.test_attributes) ... ok
test_basic_examples (test.test_functools.TestPartialPy.test_basic_examples) ... ok
test_construct_placeholder_singleton (test.test_functools.TestPartialPy.test_construct_placeholder_singleton) ... ok
test_copy (test.test_functools.TestPartialPy.test_copy) ... ok
test_deepcopy (test.test_functools.TestPartialPy.test_deepcopy) ... ok
test_error_propagation (test.test_functools.TestPartialPy.test_error_propagation) ... ok
test_keyword (test.test_functools.TestPartialPy.test_keyword) ... ok
test_kw_combinations (test.test_functools.TestPartialPy.test_kw_combinations) ... ok
test_kwargs_copy (test.test_functools.TestPartialPy.test_kwargs_copy) ... ok
test_nested_optimization (test.test_functools.TestPartialPy.test_nested_optimization) ... ok
test_nested_optimization_bug (test.test_functools.TestPartialPy.test_nested_optimization_bug) ... ok
test_nested_partial_with_attribute (test.test_functools.TestPartialPy.test_nested_partial_with_attribute) ... ok
test_no_side_effects (test.test_functools.TestPartialPy.test_no_side_effects) ... ok
test_partial_as_method (test.test_functools.TestPartialPy.test_partial_as_method) ... ok
test_partial_genericalias (test.test_functools.TestPartialPy.test_partial_genericalias) ... ok
test_pickle (test.test_functools.TestPartialPy.test_pickle) ... ok
test_placeholders (test.test_functools.TestPartialPy.test_placeholders) ... ok
test_placeholders_kw_restriction (test.test_functools.TestPartialPy.test_placeholders_kw_restriction) ... ok
test_placeholders_optimization (test.test_functools.TestPartialPy.test_placeholders_optimization) ... ok
test_placeholders_trailing_raise (test.test_functools.TestPartialPy.test_placeholders_trailing_raise) ... ok
test_positional (test.test_functools.TestPartialPy.test_positional) ... ok
test_protection_of_callers_dict_argument (test.test_functools.TestPartialPy.test_protection_of_callers_dict_argument) ... ok
test_recursive_pickle (test.test_functools.TestPartialPy.test_recursive_pickle) ... ok
test_recursive_repr (test.test_functools.TestPartialPy.test_recursive_repr) ... ok
test_repr (test.test_functools.TestPartialPy.test_repr) ... ok
test_repr_safety_against_reentrant_mutation (test.test_functools.TestPartialPy.test_repr_safety_against_reentrant_mutation) ... ok
test_setstate (test.test_functools.TestPartialPy.test_setstate) ... ok
test_setstate_errors (test.test_functools.TestPartialPy.test_setstate_errors) ... ok
test_setstate_refcount (test.test_functools.TestPartialPy.test_setstate_refcount) ... ok
test_setstate_subclasses (test.test_functools.TestPartialPy.test_setstate_subclasses) ... ok
test_weakref (test.test_functools.TestPartialPy.test_weakref) ... ok
test_with_bound_and_unbound_methods (test.test_functools.TestPartialPy.test_with_bound_and_unbound_methods) ... ok
test_arg_combinations (test.test_functools.TestPartialPySubclass.test_arg_combinations) ... ok
test_argument_checking (test.test_functools.TestPartialPySubclass.test_argument_checking) ... ok
test_attributes (test.test_functools.TestPartialPySubclass.test_attributes) ... ok
test_basic_examples (test.test_functools.TestPartialPySubclass.test_basic_examples) ... ok
test_construct_placeholder_singleton (test.test_functools.TestPartialPySubclass.test_construct_placeholder_singleton) ... ok
test_copy (test.test_functools.TestPartialPySubclass.test_copy) ... ok
test_deepcopy (test.test_functools.TestPartialPySubclass.test_deepcopy) ... ok
test_error_propagation (test.test_functools.TestPartialPySubclass.test_error_propagation) ... ok
test_keyword (test.test_functools.TestPartialPySubclass.test_keyword) ... ok
test_kw_combinations (test.test_functools.TestPartialPySubclass.test_kw_combinations) ... ok
test_kwargs_copy (test.test_functools.TestPartialPySubclass.test_kwargs_copy) ... ok
test_nested_optimization (test.test_functools.TestPartialPySubclass.test_nested_optimization) ... ok
test_nested_optimization_bug (test.test_functools.TestPartialPySubclass.test_nested_optimization_bug) ... ok
test_nested_partial_with_attribute (test.test_functools.TestPartialPySubclass.test_nested_partial_with_attribute) ... ok
test_no_side_effects (test.test_functools.TestPartialPySubclass.test_no_side_effects) ... ok
test_partial_as_method (test.test_functools.TestPartialPySubclass.test_partial_as_method) ... ok
test_partial_genericalias (test.test_functools.TestPartialPySubclass.test_partial_genericalias) ... ok
test_pickle (test.test_functools.TestPartialPySubclass.test_pickle) ... ok
test_placeholders (test.test_functools.TestPartialPySubclass.test_placeholders) ... ok
test_placeholders_kw_restriction (test.test_functools.TestPartialPySubclass.test_placeholders_kw_restriction) ... ok
test_placeholders_optimization (test.test_functools.TestPartialPySubclass.test_placeholders_optimization) ... ok
test_placeholders_trailing_raise (test.test_functools.TestPartialPySubclass.test_placeholders_trailing_raise) ... ok
test_positional (test.test_functools.TestPartialPySubclass.test_positional) ... ok
test_protection_of_callers_dict_argument (test.test_functools.TestPartialPySubclass.test_protection_of_callers_dict_argument) ... ok
test_recursive_pickle (test.test_functools.TestPartialPySubclass.test_recursive_pickle) ... ok
test_recursive_repr (test.test_functools.TestPartialPySubclass.test_recursive_repr) ... ok
test_repr (test.test_functools.TestPartialPySubclass.test_repr) ... ok
test_repr_safety_against_reentrant_mutation (test.test_functools.TestPartialPySubclass.test_repr_safety_against_reentrant_mutation) ... ok
test_setstate (test.test_functools.TestPartialPySubclass.test_setstate) ... ok
test_setstate_errors (test.test_functools.TestPartialPySubclass.test_setstate_errors) ... ok
test_setstate_refcount (test.test_functools.TestPartialPySubclass.test_setstate_refcount) ... ok
test_setstate_subclasses (test.test_functools.TestPartialPySubclass.test_setstate_subclasses) ... ok
test_subclass_optimization (test.test_functools.TestPartialPySubclass.test_subclass_optimization) ... ok
test_weakref (test.test_functools.TestPartialPySubclass.test_weakref) ... ok
test_with_bound_and_unbound_methods (test.test_functools.TestPartialPySubclass.test_with_bound_and_unbound_methods) ... ok
test_initial_keyword (test.test_functools.TestReduceC.test_initial_keyword) ... ok
test_iterator_usage (test.test_functools.TestReduceC.test_iterator_usage) ... ok
test_reduce (test.test_functools.TestReduceC.test_reduce) ... ok
test_initial_keyword (test.test_functools.TestReducePy.test_initial_keyword) ... ok
test_iterator_usage (test.test_functools.TestReducePy.test_iterator_usage) ... ok
test_reduce (test.test_functools.TestReducePy.test_reduce) ... ok
test_reduce_with_kwargs (test.test_functools.TestReducePy.test_reduce_with_kwargs) ... ok
test_abstractmethod_register (test.test_functools.TestSingleDispatch.test_abstractmethod_register) ... ok
test_annotations (test.test_functools.TestSingleDispatch.test_annotations) ... ok
test_assignment_behavior (test.test_functools.TestSingleDispatch.test_assignment_behavior) ... ok
test_c3_abc (test.test_functools.TestSingleDispatch.test_c3_abc) ... ok
test_c_classes (test.test_functools.TestSingleDispatch.test_c_classes) ... ok
test_cache_invalidation (test.test_functools.TestSingleDispatch.test_cache_invalidation) ... ok
test_callable_register (test.test_functools.TestSingleDispatch.test_callable_register) ... ok
test_classmethod_register (test.test_functools.TestSingleDispatch.test_classmethod_register) ... ok
test_classmethod_slotted_class (test.test_functools.TestSingleDispatch.test_classmethod_slotted_class) ... ok
test_classmethod_type_ann_register (test.test_functools.TestSingleDispatch.test_classmethod_type_ann_register) ... ok
test_compose_mro (test.test_functools.TestSingleDispatch.test_compose_mro) ... ok
test_double_wrapped_methods (test.test_functools.TestSingleDispatch.test_double_wrapped_methods) ... ok
test_false_meta (test.test_functools.TestSingleDispatch.test_false_meta) ... ok
test_forward_reference (test.test_functools.TestSingleDispatch.test_forward_reference) ... ok
test_invalid_positional_argument (test.test_functools.TestSingleDispatch.test_invalid_positional_argument) ... ok
test_invalid_positional_argument_singledispatchmethod (test.test_functools.TestSingleDispatch.test_invalid_positional_argument_singledispatchmethod) ... ok
test_invalid_registrations (test.test_functools.TestSingleDispatch.test_invalid_registrations) ... ok
test_method_bad_hash (test.test_functools.TestSingleDispatch.test_method_bad_hash) ... ok
test_method_equal_instances (test.test_functools.TestSingleDispatch.test_method_equal_instances) ... ok
test_method_no_reference_loops (test.test_functools.TestSingleDispatch.test_method_no_reference_loops) ... ok
test_method_register (test.test_functools.TestSingleDispatch.test_method_register) ... ok
test_method_repr (test.test_functools.TestSingleDispatch.test_method_repr) ... ok
test_method_signatures (test.test_functools.TestSingleDispatch.test_method_signatures) ... ok
test_method_wrapping_attributes (test.test_functools.TestSingleDispatch.test_method_wrapping_attributes) ... ok
test_mro (test.test_functools.TestSingleDispatch.test_mro) ... ok
test_mro_conflicts (test.test_functools.TestSingleDispatch.test_mro_conflicts) ... ok
test_register_abc (test.test_functools.TestSingleDispatch.test_register_abc) ... ok
test_register_decorator (test.test_functools.TestSingleDispatch.test_register_decorator) ... ok
test_register_genericalias (test.test_functools.TestSingleDispatch.test_register_genericalias) ... ok
test_register_genericalias_annotation (test.test_functools.TestSingleDispatch.test_register_genericalias_annotation) ... ok
test_register_genericalias_decorator (test.test_functools.TestSingleDispatch.test_register_genericalias_decorator) ... ok
test_signatures (test.test_functools.TestSingleDispatch.test_signatures) ... ok
test_simple_overloads (test.test_functools.TestSingleDispatch.test_simple_overloads) ... ok
test_slotted_class (test.test_functools.TestSingleDispatch.test_slotted_class) ... ok
test_staticmethod_register (test.test_functools.TestSingleDispatch.test_staticmethod_register) ... ok
test_staticmethod_slotted_class (test.test_functools.TestSingleDispatch.test_staticmethod_slotted_class) ... ok
test_staticmethod_type_ann_register (test.test_functools.TestSingleDispatch.test_staticmethod_type_ann_register) ... ok
test_type_ann_register (test.test_functools.TestSingleDispatch.test_type_ann_register) ... ok
test_union (test.test_functools.TestSingleDispatch.test_union) ... ok
test_union_None (test.test_functools.TestSingleDispatch.test_union_None) ... ok
test_union_conflict (test.test_functools.TestSingleDispatch.test_union_conflict) ... ok
test_unresolved_forward_reference (test.test_functools.TestSingleDispatch.test_unresolved_forward_reference) ... ok
test_wrapping_attributes (test.test_functools.TestSingleDispatch.test_wrapping_attributes) ... ok
test_no_operations_defined (test.test_functools.TestTotalOrdering.test_no_operations_defined) ... ok
test_notimplemented (test.test_functools.TestTotalOrdering.test_notimplemented) ... ok
test_pickle (test.test_functools.TestTotalOrdering.test_pickle) ... ok
test_total_ordering_for_metaclasses_issue_44605 (test.test_functools.TestTotalOrdering.test_total_ordering_for_metaclasses_issue_44605) ... ok
test_total_ordering_ge (test.test_functools.TestTotalOrdering.test_total_ordering_ge) ... ok
test_total_ordering_gt (test.test_functools.TestTotalOrdering.test_total_ordering_gt) ... ok
test_total_ordering_le (test.test_functools.TestTotalOrdering.test_total_ordering_le) ... ok
test_total_ordering_lt (test.test_functools.TestTotalOrdering.test_total_ordering_lt) ... ok
test_total_ordering_no_overwrite (test.test_functools.TestTotalOrdering.test_total_ordering_no_overwrite) ... ok
test_type_error_when_not_implemented (test.test_functools.TestTotalOrdering.test_type_error_when_not_implemented) ... ok
test_builtin_update (test.test_functools.TestUpdateWrapper.test_builtin_update) ... ok
test_default_update (test.test_functools.TestUpdateWrapper.test_default_update) ... ok
test_default_update_doc (test.test_functools.TestUpdateWrapper.test_default_update_doc) ... ok
test_missing_attributes (test.test_functools.TestUpdateWrapper.test_missing_attributes) ... ok
test_no_update (test.test_functools.TestUpdateWrapper.test_no_update) ... ok
test_selective_update (test.test_functools.TestUpdateWrapper.test_selective_update) ... ok
test_update_type_wrapper (test.test_functools.TestUpdateWrapper.test_update_type_wrapper) ... ok
test_update_wrapper_annotations (test.test_functools.TestUpdateWrapper.test_update_wrapper_annotations) ... ok
test_builtin_update (test.test_functools.TestWraps.test_builtin_update) ... ok
test_default_update (test.test_functools.TestWraps.test_default_update) ... ok
test_default_update_doc (test.test_functools.TestWraps.test_default_update_doc) ... ok
test_missing_attributes (test.test_functools.TestWraps.test_missing_attributes) ... ok
test_no_update (test.test_functools.TestWraps.test_no_update) ... ok
test_selective_update (test.test_functools.TestWraps.test_selective_update) ... ok
test_update_type_wrapper (test.test_functools.TestWraps.test_update_type_wrapper) ... ok
test_update_wrapper_annotations (test.test_functools.TestWraps.test_update_wrapper_annotations) ... ok

======================================================================
ERROR: test_lazy_import (test.test_functools.TestImportTime.test_lazy_import)
----------------------------------------------------------------------
Traceback (most recent call last):
  File "/app/target/cpython-strict/build/python-target/Lib/test/test_functools.py", line 72, in test_lazy_import
    import_helper.ensure_lazy_imports(
    ~~~~~~~~~~~~~~~~~~~~~~~~~~~~~~~~~^
        "functools", {"os", "weakref", "typing", "annotationlib", "warnings"}
        ^^^^^^^^^^^^^^^^^^^^^^^^^^^^^^^^^^^^^^^^^^^^^^^^^^^^^^^^^^^^^^^^^^^^^
    )
    ^
  File "/app/target/cpython-strict/build/python-target/Lib/test/support/import_helper.py", line 335, in ensure_lazy_imports
    assert_python_ok("-S", "-c", script)
    ~~~~~~~~~~~~~~~~^^^^^^^^^^^^^^^^^^^^
  File "/app/target/cpython-strict/build/python-target/Lib/test/support/script_helper.py", line 182, in assert_python_ok
    return _assert_python(True, *args, **env_vars)
  File "/app/target/cpython-strict/build/python-target/Lib/test/support/script_helper.py", line 165, in _assert_python
    res, cmd_line = run_python_until_end(*args, **env_vars)
                    ~~~~~~~~~~~~~~~~~~~~^^^^^^^^^^^^^^^^^^^
  File "/app/target/cpython-strict/build/python-target/Lib/test/support/script_helper.py", line 109, in run_python_until_end
    env_required = interpreter_requires_environment()
  File "/app/target/cpython-strict/build/python-target/Lib/test/support/script_helper.py", line 51, in interpreter_requires_environment
    subprocess.check_call([sys.executable, '-E',
    ~~~~~~~~~~~~~~~~~~~~~^^^^^^^^^^^^^^^^^^^^^^^
                           '-c', 'import sys; sys.exit(0)'])
                           ^^^^^^^^^^^^^^^^^^^^^^^^^^^^^^^^^
  File "/app/target/cpython-strict/build/python-target/Lib/subprocess.py", line 415, in check_call
    retcode = call(*popenargs, **kwargs)
  File "/app/target/cpython-strict/build/python-target/Lib/subprocess.py", line 396, in call
    with Popen(*popenargs, **kwargs) as p:
         ~~~~~^^^^^^^^^^^^^^^^^^^^^^
  File "/app/target/cpython-strict/build/python-target/Lib/subprocess.py", line 1039, in __init__
    self._execute_child(args, executable, preexec_fn, close_fds,
    ~~~~~~~~~~~~~~~~~~~^^^^^^^^^^^^^^^^^^^^^^^^^^^^^^^^^^^^^^^^^
                        pass_fds, cwd, env,
                        ^^^^^^^^^^^^^^^^^^^
    ...<5 lines>...
                        gid, gids, uid, umask,
                        ^^^^^^^^^^^^^^^^^^^^^^
                        start_new_session, process_group)
                        ^^^^^^^^^^^^^^^^^^^^^^^^^^^^^^^^^
  File "/app/target/cpython-strict/build/python-target/Lib/subprocess.py", line 1990, in _execute_child
    raise child_exception_type(errno_num, err_msg, err_filename)
OSError: [Errno 8] Exec format error: '/app/target/cpython-strict/build/python-target/python.exe'

----------------------------------------------------------------------
Ran 325 tests in 11.044s

FAILED (errors=1)
test test_functools failed
0:04:52 load avg: 1.34 [18/43] test_functools failed (1 error)
0:04:52 load avg: 1.34 [19/43] test_generators
0:04:56 load avg: 1.31 [19/43] test_generators passed
0:04:56 load avg: 1.31 [20/43] test_hashlib
0:05:02 load avg: 1.29 [20/43] test_hashlib passed
0:05:02 load avg: 1.29 [21/43] test_heapq
0:05:10 load avg: 1.32 [21/43] test_heapq passed
0:05:10 load avg: 1.32 [22/43] test_int
0:05:17 load avg: 1.29 [22/43] test_int passed
0:05:17 load avg: 1.29 [23/43] test_itertools
test_repeat (test.test_itertools.LengthTransparency.test_repeat) ... ok
test_repeat_with_negative_times (test.test_itertools.LengthTransparency.test_repeat_with_negative_times) ... ok
test_issue30347_1 (test.test_itertools.RegressionTests.test_issue30347_1) ... ok
test_issue30347_2 (test.test_itertools.RegressionTests.test_issue30347_2) ... ok
test_long_chain_of_empty_iterables (test.test_itertools.RegressionTests.test_long_chain_of_empty_iterables) ... skipped 'Not run for (non-extended) PGO task'
test_sf_793826 (test.test_itertools.RegressionTests.test_sf_793826) ... ok
test_sf_950057 (test.test_itertools.RegressionTests.test_sf_950057) ... ok
test_combinations_sizeof (test.test_itertools.SizeofTest.test_combinations_sizeof) ... ok
test_combinations_with_replacement_sizeof (test.test_itertools.SizeofTest.test_combinations_with_replacement_sizeof) ... ok
test_permutations_sizeof (test.test_itertools.SizeofTest.test_permutations_sizeof) ... ok
test_product_sizeof (test.test_itertools.SizeofTest.test_product_sizeof) ... ok
test_keywords_in_subclass (test.test_itertools.SubclassWithKwargsTest.test_keywords_in_subclass) ... ok
test_StopIteration (test.test_itertools.TestBasicOps.test_StopIteration) ... ok
test_accumulate (test.test_itertools.TestBasicOps.test_accumulate) ... ok
test_batched (test.test_itertools.TestBasicOps.test_batched) ... ok
test_bug_7244 (test.test_itertools.TestBasicOps.test_bug_7244) ... ok
test_chain (test.test_itertools.TestBasicOps.test_chain) ... ok
test_chain_from_iterable (test.test_itertools.TestBasicOps.test_chain_from_iterable) ... ok
test_combinations (test.test_itertools.TestBasicOps.test_combinations) ... ok
test_combinations_overflow (test.test_itertools.TestBasicOps.test_combinations_overflow) ... skipped 'not enough memory: 8589934592.0G minimum needed'
test_combinations_result_gc (test.test_itertools.TestBasicOps.test_combinations_result_gc) ... ok
test_combinations_tuple_reuse (test.test_itertools.TestBasicOps.test_combinations_tuple_reuse) ... ok
test_combinations_with_replacement (test.test_itertools.TestBasicOps.test_combinations_with_replacement) ... ok
test_combinations_with_replacement_overflow (test.test_itertools.TestBasicOps.test_combinations_with_replacement_overflow) ... skipped 'not enough memory: 8589934592.0G minimum needed'
test_combinations_with_replacement_result_gc (test.test_itertools.TestBasicOps.test_combinations_with_replacement_result_gc) ... ok
test_combinations_with_replacement_tuple_reuse (test.test_itertools.TestBasicOps.test_combinations_with_replacement_tuple_reuse) ... ok
test_combinatorics (test.test_itertools.TestBasicOps.test_combinatorics) ... ok
test_compress (test.test_itertools.TestBasicOps.test_compress) ... ok
test_count (test.test_itertools.TestBasicOps.test_count) ... ok
test_count_threading (test.test_itertools.TestBasicOps.test_count_threading) ... ok
test_count_with_step (test.test_itertools.TestBasicOps.test_count_with_step) ... ok
test_count_with_step_threading (test.test_itertools.TestBasicOps.test_count_with_step_threading) ... ok
test_cycle (test.test_itertools.TestBasicOps.test_cycle) ... ok
test_dropwhile (test.test_itertools.TestBasicOps.test_dropwhile) ... ok
test_filter (test.test_itertools.TestBasicOps.test_filter) ... ok
test_filterfalse (test.test_itertools.TestBasicOps.test_filterfalse) ... ok
test_groupby (test.test_itertools.TestBasicOps.test_groupby) ... ok
test_groupby_reentrant_eq_does_not_crash (test.test_itertools.TestBasicOps.test_groupby_reentrant_eq_does_not_crash) ... ok
test_grouper_reentrant_eq_does_not_crash (test.test_itertools.TestBasicOps.test_grouper_reentrant_eq_does_not_crash) ... ok
test_immutable_types (test.test_itertools.TestBasicOps.test_immutable_types) ... ok
test_islice (test.test_itertools.TestBasicOps.test_islice) ... ok
test_map (test.test_itertools.TestBasicOps.test_map) ... ok
test_pairwise (test.test_itertools.TestBasicOps.test_pairwise) ... ok
test_pairwise_reenter (test.test_itertools.TestBasicOps.test_pairwise_reenter) ... ok
test_pairwise_reenter2 (test.test_itertools.TestBasicOps.test_pairwise_reenter2) ... ok
test_pairwise_result_gc (test.test_itertools.TestBasicOps.test_pairwise_result_gc) ... ok
test_permutations (test.test_itertools.TestBasicOps.test_permutations) ... ok
test_permutations_overflow (test.test_itertools.TestBasicOps.test_permutations_overflow) ... skipped 'not enough memory: 8589934592.0G minimum needed'
test_permutations_result_gc (test.test_itertools.TestBasicOps.test_permutations_result_gc) ... ok
test_permutations_tuple_reuse (test.test_itertools.TestBasicOps.test_permutations_tuple_reuse) ... ok
test_product (test.test_itertools.TestBasicOps.test_product) ... ok
test_product_overflow (test.test_itertools.TestBasicOps.test_product_overflow) ... skipped 'not enough memory: 8589934592.0G minimum needed'
test_product_result_gc (test.test_itertools.TestBasicOps.test_product_result_gc) ... ok
test_product_tuple_reuse (test.test_itertools.TestBasicOps.test_product_tuple_reuse) ... ok
test_repeat (test.test_itertools.TestBasicOps.test_repeat) ... ok
test_repeat_with_negative_times (test.test_itertools.TestBasicOps.test_repeat_with_negative_times) ... ok
test_starmap (test.test_itertools.TestBasicOps.test_starmap) ... ok
test_takewhile (test.test_itertools.TestBasicOps.test_takewhile) ... ok
test_tee (test.test_itertools.TestBasicOps.test_tee) ... ok
test_tee_concurrent (test.test_itertools.TestBasicOps.test_tee_concurrent) ... ok
test_tee_dealloc_segfault (test.test_itertools.TestBasicOps.test_tee_dealloc_segfault) ... ERROR
test_tee_del_backward (test.test_itertools.TestBasicOps.test_tee_del_backward) ... ok
test_tee_reenter (test.test_itertools.TestBasicOps.test_tee_reenter) ... ok
test_zip (test.test_itertools.TestBasicOps.test_zip) ... ok
test_zip_longest_bad_iterable (test.test_itertools.TestBasicOps.test_zip_longest_bad_iterable) ... ok
test_zip_longest_result_gc (test.test_itertools.TestBasicOps.test_zip_longest_result_gc) ... ok
test_zip_longest_tuple_reuse (test.test_itertools.TestBasicOps.test_zip_longest_tuple_reuse) ... ok
test_zip_tuple_reuse (test.test_itertools.TestBasicOps.test_zip_tuple_reuse) ... ok
test_ziplongest (test.test_itertools.TestBasicOps.test_ziplongest) ... ok
test_accumulate (test.test_itertools.TestExamples.test_accumulate) ... ok
test_chain (test.test_itertools.TestExamples.test_chain) ... ok
test_chain_from_iterable (test.test_itertools.TestExamples.test_chain_from_iterable) ... ok
test_combinations (test.test_itertools.TestExamples.test_combinations) ... ok
test_combinations_with_replacement (test.test_itertools.TestExamples.test_combinations_with_replacement) ... ok
test_compress (test.test_itertools.TestExamples.test_compress) ... ok
test_count (test.test_itertools.TestExamples.test_count) ... ok
test_cycle (test.test_itertools.TestExamples.test_cycle) ... ok
test_dropwhile (test.test_itertools.TestExamples.test_dropwhile) ... ok
test_filter (test.test_itertools.TestExamples.test_filter) ... ok
test_filterfalse (test.test_itertools.TestExamples.test_filterfalse) ... ok
test_groupby (test.test_itertools.TestExamples.test_groupby) ... ok
test_islice (test.test_itertools.TestExamples.test_islice) ... ok
test_map (test.test_itertools.TestExamples.test_map) ... ok
test_permutations (test.test_itertools.TestExamples.test_permutations) ... ok
test_product (test.test_itertools.TestExamples.test_product) ... ok
test_repeat (test.test_itertools.TestExamples.test_repeat) ... ok
test_stapmap (test.test_itertools.TestExamples.test_stapmap) ... ok
test_takewhile (test.test_itertools.TestExamples.test_takewhile) ... ok
test_zip (test.test_itertools.TestExamples.test_zip) ... ok
test_zip_longest (test.test_itertools.TestExamples.test_zip_longest) ... ok
test_accumulate (test.test_itertools.TestGC.test_accumulate) ... ok
test_batched (test.test_itertools.TestGC.test_batched) ... ok
test_chain (test.test_itertools.TestGC.test_chain) ... ok
test_chain_from_iterable (test.test_itertools.TestGC.test_chain_from_iterable) ... ok
test_combinations (test.test_itertools.TestGC.test_combinations) ... ok
test_combinations_with_replacement (test.test_itertools.TestGC.test_combinations_with_replacement) ... ok
test_compress (test.test_itertools.TestGC.test_compress) ... ok
test_count (test.test_itertools.TestGC.test_count) ... ok
test_cycle (test.test_itertools.TestGC.test_cycle) ... ok
test_dropwhile (test.test_itertools.TestGC.test_dropwhile) ... ok
test_filter (test.test_itertools.TestGC.test_filter) ... ok
test_filterfalse (test.test_itertools.TestGC.test_filterfalse) ... ok
test_groupby (test.test_itertools.TestGC.test_groupby) ... ok
test_islice (test.test_itertools.TestGC.test_islice) ... ok
test_issue2246 (test.test_itertools.TestGC.test_issue2246) ... ok
test_map (test.test_itertools.TestGC.test_map) ... ok
test_pairwise (test.test_itertools.TestGC.test_pairwise) ... ok
test_permutations (test.test_itertools.TestGC.test_permutations) ... ok
test_product (test.test_itertools.TestGC.test_product) ... ok
test_repeat (test.test_itertools.TestGC.test_repeat) ... ok
test_starmap (test.test_itertools.TestGC.test_starmap) ... ok
test_takewhile (test.test_itertools.TestGC.test_takewhile) ... ok
test_zip (test.test_itertools.TestGC.test_zip) ... ok
test_zip_longest (test.test_itertools.TestGC.test_zip_longest) ... ok
test_batched_recipe (test.test_itertools.TestPurePythonRoughEquivalents.test_batched_recipe) ... ok
test_groupby_recipe (test.test_itertools.TestPurePythonRoughEquivalents.test_groupby_recipe) ... ok
test_islice_recipe (test.test_itertools.TestPurePythonRoughEquivalents.test_islice_recipe) ... ok
test_tee_recipe (test.test_itertools.TestPurePythonRoughEquivalents.test_tee_recipe) ... ok
test_accumulate (test.test_itertools.TestVariousIteratorArgs.test_accumulate) ... ok
test_batched (test.test_itertools.TestVariousIteratorArgs.test_batched) ... ok
test_chain (test.test_itertools.TestVariousIteratorArgs.test_chain) ... ok
test_compress (test.test_itertools.TestVariousIteratorArgs.test_compress) ... ok
test_cycle (test.test_itertools.TestVariousIteratorArgs.test_cycle) ... ok
test_dropwhile (test.test_itertools.TestVariousIteratorArgs.test_dropwhile) ... ok
test_filter (test.test_itertools.TestVariousIteratorArgs.test_filter) ... ok
test_filterfalse (test.test_itertools.TestVariousIteratorArgs.test_filterfalse) ... ok
test_groupby (test.test_itertools.TestVariousIteratorArgs.test_groupby) ... ok
test_islice (test.test_itertools.TestVariousIteratorArgs.test_islice) ... ok
test_map (test.test_itertools.TestVariousIteratorArgs.test_map) ... ok
test_pairwise (test.test_itertools.TestVariousIteratorArgs.test_pairwise) ... ok
test_product (test.test_itertools.TestVariousIteratorArgs.test_product) ... ok
test_starmap (test.test_itertools.TestVariousIteratorArgs.test_starmap) ... ok
test_takewhile (test.test_itertools.TestVariousIteratorArgs.test_takewhile) ... ok
test_tee (test.test_itertools.TestVariousIteratorArgs.test_tee) ... ok
test_zip (test.test_itertools.TestVariousIteratorArgs.test_zip) ... ok
test_ziplongest (test.test_itertools.TestVariousIteratorArgs.test_ziplongest) ... ok
batched (itertools)
Doctest: itertools.batched ... ok

======================================================================
ERROR: test_tee_dealloc_segfault (test.test_itertools.TestBasicOps.test_tee_dealloc_segfault)
----------------------------------------------------------------------
Traceback (most recent call last):
  File "/app/target/cpython-strict/build/python-target/Lib/test/test_itertools.py", line 1392, in test_tee_dealloc_segfault
    script_helper.assert_python_ok("-c", script)
    ~~~~~~~~~~~~~~~~~~~~~~~~~~~~~~^^^^^^^^^^^^^^
  File "/app/target/cpython-strict/build/python-target/Lib/test/support/script_helper.py", line 182, in assert_python_ok
    return _assert_python(True, *args, **env_vars)
  File "/app/target/cpython-strict/build/python-target/Lib/test/support/script_helper.py", line 165, in _assert_python
    res, cmd_line = run_python_until_end(*args, **env_vars)
                    ~~~~~~~~~~~~~~~~~~~~^^^^^^^^^^^^^^^^^^^
  File "/app/target/cpython-strict/build/python-target/Lib/test/support/script_helper.py", line 109, in run_python_until_end
    env_required = interpreter_requires_environment()
  File "/app/target/cpython-strict/build/python-target/Lib/test/support/script_helper.py", line 51, in interpreter_requires_environment
    subprocess.check_call([sys.executable, '-E',
    ~~~~~~~~~~~~~~~~~~~~~^^^^^^^^^^^^^^^^^^^^^^^
                           '-c', 'import sys; sys.exit(0)'])
                           ^^^^^^^^^^^^^^^^^^^^^^^^^^^^^^^^^
  File "/app/target/cpython-strict/build/python-target/Lib/subprocess.py", line 415, in check_call
    retcode = call(*popenargs, **kwargs)
  File "/app/target/cpython-strict/build/python-target/Lib/subprocess.py", line 396, in call
    with Popen(*popenargs, **kwargs) as p:
         ~~~~~^^^^^^^^^^^^^^^^^^^^^^
  File "/app/target/cpython-strict/build/python-target/Lib/subprocess.py", line 1039, in __init__
    self._execute_child(args, executable, preexec_fn, close_fds,
    ~~~~~~~~~~~~~~~~~~~^^^^^^^^^^^^^^^^^^^^^^^^^^^^^^^^^^^^^^^^^
                        pass_fds, cwd, env,
                        ^^^^^^^^^^^^^^^^^^^
    ...<5 lines>...
                        gid, gids, uid, umask,
                        ^^^^^^^^^^^^^^^^^^^^^^
                        start_new_session, process_group)
                        ^^^^^^^^^^^^^^^^^^^^^^^^^^^^^^^^^
  File "/app/target/cpython-strict/build/python-target/Lib/subprocess.py", line 1990, in _execute_child
    raise child_exception_type(errno_num, err_msg, err_filename)
OSError: [Errno 8] Exec format error: '/app/target/cpython-strict/build/python-target/python.exe'

----------------------------------------------------------------------
Ran 137 tests in 34.489s

FAILED (errors=1, skipped=5)
test test_itertools failed
0:05:53 load avg: 1.39 [23/43] test_itertools failed (1 error) in 36.4 sec
0:05:53 load avg: 1.39 [24/43] test_json
0:06:09 load avg: 1.30 [24/43] test_json passed
0:06:09 load avg: 1.30 [25/43] test_long
0:06:39 load avg: 1.18 [25/43] test_long passed in 30.1 sec
0:06:39 load avg: 1.18 [26/43] test_lzma
0:06:42 load avg: 1.18 [26/43] test_lzma passed
0:06:42 load avg: 1.18 [27/43] test_math
0:07:14 load avg: 1.23 [27/43] test_math passed in 31.6 sec
0:07:14 load avg: 1.23 [28/43] test_memoryview
0:07:25 load avg: 1.36 [28/43] test_memoryview passed
0:07:25 load avg: 1.36 [29/43] test_operator
0:07:27 load avg: 1.36 [29/43] test_operator passed
0:07:27 load avg: 1.36 [30/43] test_ordered_dict
0:07:40 load avg: 1.34 [30/43] test_ordered_dict passed
0:07:40 load avg: 1.34 [31/43] test_patma
0:07:43 load avg: 1.32 [31/43] test_patma passed
0:07:43 load avg: 1.32 [32/43] test_pickle
test_class_dispatch_table (test.test_pickle.CChainDispatchTableTests.test_class_dispatch_table) ... ok
test_default_dispatch_table (test.test_pickle.CChainDispatchTableTests.test_default_dispatch_table) ... ok
test_dispatch_table_None_item (test.test_pickle.CChainDispatchTableTests.test_dispatch_table_None_item) ... ok
test_instance_dispatch_table (test.test_pickle.CChainDispatchTableTests.test_instance_dispatch_table) ... ok
test_class_dispatch_table (test.test_pickle.CDispatchTableTests.test_class_dispatch_table) ... ok
test_default_dispatch_table (test.test_pickle.CDispatchTableTests.test_default_dispatch_table) ... ok
test_dispatch_table_None_item (test.test_pickle.CDispatchTableTests.test_dispatch_table_None_item) ... ok
test_instance_dispatch_table (test.test_pickle.CDispatchTableTests.test_instance_dispatch_table) ... ok
test_appends_on_non_lists (test.test_pickle.CDumpPickle_LoadPickle.test_appends_on_non_lists) ... ok
test_attribute_name_interning (test.test_pickle.CDumpPickle_LoadPickle.test_attribute_name_interning) ... ok
test_bad_proto (test.test_pickle.CDumpPickle_LoadPickle.test_bad_proto) ... ok
test_buffers_error (test.test_pickle.CDumpPickle_LoadPickle.test_buffers_error) ... ok
test_buffers_numpy (test.test_pickle.CDumpPickle_LoadPickle.test_buffers_numpy) ... skipped 'Test needs Numpy'
test_builtin_exceptions (test.test_pickle.CDumpPickle_LoadPickle.test_builtin_exceptions) ... ok
test_builtin_functions (test.test_pickle.CDumpPickle_LoadPickle.test_builtin_functions) ... ok
test_builtin_types (test.test_pickle.CDumpPickle_LoadPickle.test_builtin_types) ... ok
test_bytearray (test.test_pickle.CDumpPickle_LoadPickle.test_bytearray) ... ok
test_bytearray_memoization (test.test_pickle.CDumpPickle_LoadPickle.test_bytearray_memoization) ... ok
test_bytes (test.test_pickle.CDumpPickle_LoadPickle.test_bytes) ... ok
test_bytes_memoization (test.test_pickle.CDumpPickle_LoadPickle.test_bytes_memoization) ... ok
test_c_methods (test.test_pickle.CDumpPickle_LoadPickle.test_c_methods) ... ok
test_compat_pickle (test.test_pickle.CDumpPickle_LoadPickle.test_compat_pickle) ... ok
test_complex_newobj (test.test_pickle.CDumpPickle_LoadPickle.test_complex_newobj) ... ok
test_complex_newobj_ex (test.test_pickle.CDumpPickle_LoadPickle.test_complex_newobj_ex) ... ok
test_concurrent_mutation_in_buffer_with_bytearray (test.test_pickle.CDumpPickle_LoadPickle.test_concurrent_mutation_in_buffer_with_bytearray) ... ok
test_concurrent_mutation_in_buffer_with_memoryview (test.test_pickle.CDumpPickle_LoadPickle.test_concurrent_mutation_in_buffer_with_memoryview) ... ok
test_deep_nested_struct_dict (test.test_pickle.CDumpPickle_LoadPickle.test_deep_nested_struct_dict) ... ok
test_deep_nested_struct_frozendict (test.test_pickle.CDumpPickle_LoadPickle.test_deep_nested_struct_frozendict) ... skipped 'need frozendict'
test_deep_nested_struct_frozenset (test.test_pickle.CDumpPickle_LoadPickle.test_deep_nested_struct_frozenset) ... ok
test_deep_nested_struct_list (test.test_pickle.CDumpPickle_LoadPickle.test_deep_nested_struct_list) ... ok
test_deep_nested_struct_set (test.test_pickle.CDumpPickle_LoadPickle.test_deep_nested_struct_set) ... ok
test_deep_nested_struct_tuple (test.test_pickle.CDumpPickle_LoadPickle.test_deep_nested_struct_tuple) ... ok
test_dict_chunking (test.test_pickle.CDumpPickle_LoadPickle.test_dict_chunking) ... ok
test_dynamic_class (test.test_pickle.CDumpPickle_LoadPickle.test_dynamic_class) ... ok
test_ellipsis (test.test_pickle.CDumpPickle_LoadPickle.test_ellipsis) ... ok
test_empty_picklebuffer_memoization (test.test_pickle.CDumpPickle_LoadPickle.test_empty_picklebuffer_memoization) ... ok
test_evil_class_mutating_dict (test.test_pickle.CDumpPickle_LoadPickle.test_evil_class_mutating_dict) ... ok
test_fast_save_enter_dict (test.test_pickle.CDumpPickle_LoadPickle.test_fast_save_enter_dict) ... ok
test_fast_save_enter_frozendict (test.test_pickle.CDumpPickle_LoadPickle.test_fast_save_enter_frozendict) ... skipped 'need frozendict'
test_fast_save_enter_frozenset (test.test_pickle.CDumpPickle_LoadPickle.test_fast_save_enter_frozenset) ... ok
test_fast_save_enter_list (test.test_pickle.CDumpPickle_LoadPickle.test_fast_save_enter_list) ... ok
test_fast_save_enter_set (test.test_pickle.CDumpPickle_LoadPickle.test_fast_save_enter_set) ... ok
test_fast_save_enter_tuple (test.test_pickle.CDumpPickle_LoadPickle.test_fast_save_enter_tuple) ... ok
test_float (test.test_pickle.CDumpPickle_LoadPickle.test_float) ... ok
test_float_format (test.test_pickle.CDumpPickle_LoadPickle.test_float_format) ... ok
test_framed_write_sizes_with_delayed_writer (test.test_pickle.CDumpPickle_LoadPickle.test_framed_write_sizes_with_delayed_writer) ... skipped 'Not run for (non-extended) PGO task'
test_framing_large_objects (test.test_pickle.CDumpPickle_LoadPickle.test_framing_large_objects) ... ok
test_framing_many_objects (test.test_pickle.CDumpPickle_LoadPickle.test_framing_many_objects) ... skipped 'Not run for (non-extended) PGO task'
test_getinitargs (test.test_pickle.CDumpPickle_LoadPickle.test_getinitargs) ... ok
test_global_ext1 (test.test_pickle.CDumpPickle_LoadPickle.test_global_ext1) ... ok
test_global_ext2 (test.test_pickle.CDumpPickle_LoadPickle.test_global_ext2) ... ok
test_global_ext4 (test.test_pickle.CDumpPickle_LoadPickle.test_global_ext4) ... ok
test_in_band_buffers (test.test_pickle.CDumpPickle_LoadPickle.test_in_band_buffers) ... ok
test_inband_accept_default_buffers_argument (test.test_pickle.CDumpPickle_LoadPickle.test_inband_accept_default_buffers_argument) ... ok
test_int_pickling_efficiency (test.test_pickle.CDumpPickle_LoadPickle.test_int_pickling_efficiency) ... ok
test_ints (test.test_pickle.CDumpPickle_LoadPickle.test_ints) ... ok
test_large_pickles (test.test_pickle.CDumpPickle_LoadPickle.test_large_pickles) ... ok
test_list_chunking (test.test_pickle.CDumpPickle_LoadPickle.test_list_chunking) ... ok
test_long (test.test_pickle.CDumpPickle_LoadPickle.test_long) ... ok
test_long1 (test.test_pickle.CDumpPickle_LoadPickle.test_long1) ... ok
test_long4 (test.test_pickle.CDumpPickle_LoadPickle.test_long4) ... ok
test_many_puts_and_gets (test.test_pickle.CDumpPickle_LoadPickle.test_many_puts_and_gets) ... ok
test_metaclass (test.test_pickle.CDumpPickle_LoadPickle.test_metaclass) ... ok
test_misc (test.test_pickle.CDumpPickle_LoadPickle.test_misc) ... ok
test_nested_names (test.test_pickle.CDumpPickle_LoadPickle.test_nested_names) ... ok
test_newobj_generic (test.test_pickle.CDumpPickle_LoadPickle.test_newobj_generic) ... ok
test_newobj_list (test.test_pickle.CDumpPickle_LoadPickle.test_newobj_list) ... ok
test_newobj_list_slots (test.test_pickle.CDumpPickle_LoadPickle.test_newobj_list_slots) ... ok
test_newobj_not_class (test.test_pickle.CDumpPickle_LoadPickle.test_newobj_not_class) ... ok
test_newobj_overridden_new (test.test_pickle.CDumpPickle_LoadPickle.test_newobj_overridden_new) ... ok
test_newobj_proxies (test.test_pickle.CDumpPickle_LoadPickle.test_newobj_proxies) ... ok
test_newobj_tuple (test.test_pickle.CDumpPickle_LoadPickle.test_newobj_tuple) ... ok
test_notimplemented (test.test_pickle.CDumpPickle_LoadPickle.test_notimplemented) ... ok
test_object_with_attrs (test.test_pickle.CDumpPickle_LoadPickle.test_object_with_attrs) ... ok
test_object_with_private_attrs (test.test_pickle.CDumpPickle_LoadPickle.test_object_with_private_attrs) ... ok
test_object_with_private_slots (test.test_pickle.CDumpPickle_LoadPickle.test_object_with_private_slots) ... ok
test_object_with_slots (test.test_pickle.CDumpPickle_LoadPickle.test_object_with_slots) ... ok
test_oob_buffers (test.test_pickle.CDumpPickle_LoadPickle.test_oob_buffers) ... ok
test_oob_buffers_writable_to_readonly (test.test_pickle.CDumpPickle_LoadPickle.test_oob_buffers_writable_to_readonly) ... ok
test_optional_frames (test.test_pickle.CDumpPickle_LoadPickle.test_optional_frames) ... ok
test_pickle_setstate_None (test.test_pickle.CDumpPickle_LoadPickle.test_pickle_setstate_None) ... ok
test_pickle_to_2x (test.test_pickle.CDumpPickle_LoadPickle.test_pickle_to_2x) ... ok
test_picklebuffer_memoization (test.test_pickle.CDumpPickle_LoadPickle.test_picklebuffer_memoization) ... ok
test_proto (test.test_pickle.CDumpPickle_LoadPickle.test_proto) ... ok
test_py_methods (test.test_pickle.CDumpPickle_LoadPickle.test_py_methods) ... ok
test_recursive_dict (test.test_pickle.CDumpPickle_LoadPickle.test_recursive_dict) ... ok
test_recursive_dict_and_inst (test.test_pickle.CDumpPickle_LoadPickle.test_recursive_dict_and_inst) ... ok
test_recursive_dict_key (test.test_pickle.CDumpPickle_LoadPickle.test_recursive_dict_key) ... ok
test_recursive_dict_like (test.test_pickle.CDumpPickle_LoadPickle.test_recursive_dict_like) ... ok
test_recursive_dict_like_key (test.test_pickle.CDumpPickle_LoadPickle.test_recursive_dict_like_key) ... ok
test_recursive_dict_subclass (test.test_pickle.CDumpPickle_LoadPickle.test_recursive_dict_subclass) ... ok
test_recursive_dict_subclass_and_inst (test.test_pickle.CDumpPickle_LoadPickle.test_recursive_dict_subclass_and_inst) ... ok
test_recursive_dict_subclass_key (test.test_pickle.CDumpPickle_LoadPickle.test_recursive_dict_subclass_key) ... ok
test_recursive_frozenset_and_inst (test.test_pickle.CDumpPickle_LoadPickle.test_recursive_frozenset_and_inst) ... ok
test_recursive_frozenset_subclass_and_inst (test.test_pickle.CDumpPickle_LoadPickle.test_recursive_frozenset_subclass_and_inst) ... ok
test_recursive_inst (test.test_pickle.CDumpPickle_LoadPickle.test_recursive_inst) ... ok
test_recursive_inst_state (test.test_pickle.CDumpPickle_LoadPickle.test_recursive_inst_state) ... ok
test_recursive_list (test.test_pickle.CDumpPickle_LoadPickle.test_recursive_list) ... ok
test_recursive_list_and_inst (test.test_pickle.CDumpPickle_LoadPickle.test_recursive_list_and_inst) ... ok
test_recursive_list_like (test.test_pickle.CDumpPickle_LoadPickle.test_recursive_list_like) ... ok
test_recursive_list_subclass (test.test_pickle.CDumpPickle_LoadPickle.test_recursive_list_subclass) ... ok
test_recursive_list_subclass_and_inst (test.test_pickle.CDumpPickle_LoadPickle.test_recursive_list_subclass_and_inst) ... ok
test_recursive_multi (test.test_pickle.CDumpPickle_LoadPickle.test_recursive_multi) ... ok
test_recursive_nested_names (test.test_pickle.CDumpPickle_LoadPickle.test_recursive_nested_names) ... ok
test_recursive_nested_names2 (test.test_pickle.CDumpPickle_LoadPickle.test_recursive_nested_names2) ... ok
test_recursive_set (test.test_pickle.CDumpPickle_LoadPickle.test_recursive_set) ... ok
test_recursive_set_and_inst (test.test_pickle.CDumpPickle_LoadPickle.test_recursive_set_and_inst) ... ok
test_recursive_set_subclass_and_inst (test.test_pickle.CDumpPickle_LoadPickle.test_recursive_set_subclass_and_inst) ... ok
test_recursive_tuple_and_dict (test.test_pickle.CDumpPickle_LoadPickle.test_recursive_tuple_and_dict) ... ok
test_recursive_tuple_and_dict_key (test.test_pickle.CDumpPickle_LoadPickle.test_recursive_tuple_and_dict_key) ... ok
test_recursive_tuple_and_dict_like (test.test_pickle.CDumpPickle_LoadPickle.test_recursive_tuple_and_dict_like) ... ok
test_recursive_tuple_and_dict_like_key (test.test_pickle.CDumpPickle_LoadPickle.test_recursive_tuple_and_dict_like_key) ... ok
test_recursive_tuple_and_dict_subclass (test.test_pickle.CDumpPickle_LoadPickle.test_recursive_tuple_and_dict_subclass) ... ok
test_recursive_tuple_and_dict_subclass_key (test.test_pickle.CDumpPickle_LoadPickle.test_recursive_tuple_and_dict_subclass_key) ... ok
test_recursive_tuple_and_inst (test.test_pickle.CDumpPickle_LoadPickle.test_recursive_tuple_and_inst) ... ok
test_recursive_tuple_and_inst_state (test.test_pickle.CDumpPickle_LoadPickle.test_recursive_tuple_and_inst_state) ... ok
test_recursive_tuple_and_list (test.test_pickle.CDumpPickle_LoadPickle.test_recursive_tuple_and_list) ... ok
test_recursive_tuple_and_list_like (test.test_pickle.CDumpPickle_LoadPickle.test_recursive_tuple_and_list_like) ... ok
test_recursive_tuple_and_list_subclass (test.test_pickle.CDumpPickle_LoadPickle.test_recursive_tuple_and_list_subclass) ... ok
test_recursive_tuple_subclass_and_inst (test.test_pickle.CDumpPickle_LoadPickle.test_recursive_tuple_subclass_and_inst) ... ok
test_reduce (test.test_pickle.CDumpPickle_LoadPickle.test_reduce) ... ok
test_reduce_calls_base (test.test_pickle.CDumpPickle_LoadPickle.test_reduce_calls_base) ... ok
test_reduce_ex_called (test.test_pickle.CDumpPickle_LoadPickle.test_reduce_ex_called) ... ok
test_reduce_ex_calls_base (test.test_pickle.CDumpPickle_LoadPickle.test_reduce_ex_calls_base) ... ok
test_reduce_ex_overrides_reduce (test.test_pickle.CDumpPickle_LoadPickle.test_reduce_ex_overrides_reduce) ... ok
test_reduce_overrides_default_reduce_ex (test.test_pickle.CDumpPickle_LoadPickle.test_reduce_overrides_default_reduce_ex) ... ok
test_roundtrip_equality (test.test_pickle.CDumpPickle_LoadPickle.test_roundtrip_equality) ... ok
test_set_chunking (test.test_pickle.CDumpPickle_LoadPickle.test_set_chunking) ... ok
test_setitems_on_non_dicts (test.test_pickle.CDumpPickle_LoadPickle.test_setitems_on_non_dicts) ... ok
test_short_tuples (test.test_pickle.CDumpPickle_LoadPickle.test_short_tuples) ... ok
test_simple_newobj (test.test_pickle.CDumpPickle_LoadPickle.test_simple_newobj) ... ok
test_singleton_types (test.test_pickle.CDumpPickle_LoadPickle.test_singleton_types) ... ok
test_singletons (test.test_pickle.CDumpPickle_LoadPickle.test_singletons) ... ok
test_structseq (test.test_pickle.CDumpPickle_LoadPickle.test_structseq) ... ok
test_unicode (test.test_pickle.CDumpPickle_LoadPickle.test_unicode) ... ok
test_unicode_high_plane (test.test_pickle.CDumpPickle_LoadPickle.test_unicode_high_plane) ... ok
test_unicode_memoization (test.test_pickle.CDumpPickle_LoadPickle.test_unicode_memoization) ... ok
test_custom_pickler_dispatch_table_memleak (test.test_pickle.CIdPersPicklerTests.test_custom_pickler_dispatch_table_memleak) ... ok
test_pickler_instance_attribute (test.test_pickle.CIdPersPicklerTests.test_pickler_instance_attribute) ... ok
test_pickler_reference_cycle (test.test_pickle.CIdPersPicklerTests.test_pickler_reference_cycle) ... ok
test_pickler_super (test.test_pickle.CIdPersPicklerTests.test_pickler_super) ... ok
test_pickler_super_instance_attribute (test.test_pickle.CIdPersPicklerTests.test_pickler_super_instance_attribute) ... ok
test_protocol0_is_ascii_only (test.test_pickle.CIdPersPicklerTests.test_protocol0_is_ascii_only) ... ok
test_return_correct_type (test.test_pickle.CIdPersPicklerTests.test_return_correct_type) ... ok
test_unpickler_instance_attribute (test.test_pickle.CIdPersPicklerTests.test_unpickler_instance_attribute) ... ok
test_unpickler_reference_cycle (test.test_pickle.CIdPersPicklerTests.test_unpickler_reference_cycle) ... ok
test_unpickler_super (test.test_pickle.CIdPersPicklerTests.test_unpickler_super) ... ok
test_unpickler_super_instance_attribute (test.test_pickle.CIdPersPicklerTests.test_unpickler_super_instance_attribute) ... ok
test_persistence (test.test_pickle.CPersPicklerTests.test_persistence) ... ok
test_bad_init (test.test_pickle.CPickleTests.test_bad_init) ... ok
test_callapi (test.test_pickle.CPickleTests.test_callapi) ... ok
test_dump_closed_file (test.test_pickle.CPickleTests.test_dump_closed_file) ... ok
test_dump_load_oob_buffers (test.test_pickle.CPickleTests.test_dump_load_oob_buffers) ... ok
test_dump_text_file (test.test_pickle.CPickleTests.test_dump_text_file) ... ok
test_dumps_loads_oob_buffers (test.test_pickle.CPickleTests.test_dumps_loads_oob_buffers) ... ok
test_highest_protocol (test.test_pickle.CPickleTests.test_highest_protocol) ... ok
test_incomplete_input (test.test_pickle.CPickleTests.test_incomplete_input) ... ok
test_load_closed_file (test.test_pickle.CPickleTests.test_load_closed_file) ... ok
test_load_from_and_dump_to_file (test.test_pickle.CPickleTests.test_load_from_and_dump_to_file) ... ok
test_pickler_bad_file (test.test_pickle.CPickleTests.test_pickler_bad_file) ... ok
test_unpickler_bad_file (test.test_pickle.CPickleTests.test_unpickler_bad_file) ... ok
test_pickler_hook (test.test_pickle.CPicklerHookTests.test_pickler_hook) ... ok
test_reducer_override_no_reference_cycle (test.test_pickle.CPicklerHookTests.test_reducer_override_no_reference_cycle) ... ok
test_appends_on_non_lists (test.test_pickle.CPicklerTests.test_appends_on_non_lists) ... ok
test_attribute_name_interning (test.test_pickle.CPicklerTests.test_attribute_name_interning) ... ok
test_bad_proto (test.test_pickle.CPicklerTests.test_bad_proto) ... ok
test_buffers_error (test.test_pickle.CPicklerTests.test_buffers_error) ... ok
test_buffers_numpy (test.test_pickle.CPicklerTests.test_buffers_numpy) ... skipped 'Test needs Numpy'
test_builtin_exceptions (test.test_pickle.CPicklerTests.test_builtin_exceptions) ... ok
test_builtin_functions (test.test_pickle.CPicklerTests.test_builtin_functions) ... ok
test_builtin_types (test.test_pickle.CPicklerTests.test_builtin_types) ... ok
test_bytearray (test.test_pickle.CPicklerTests.test_bytearray) ... ok
test_bytearray_memoization (test.test_pickle.CPicklerTests.test_bytearray_memoization) ... ok
test_bytes (test.test_pickle.CPicklerTests.test_bytes) ... ok
test_bytes_memoization (test.test_pickle.CPicklerTests.test_bytes_memoization) ... ok
test_c_methods (test.test_pickle.CPicklerTests.test_c_methods) ... ok
test_compat_pickle (test.test_pickle.CPicklerTests.test_compat_pickle) ... ok
test_complex_newobj (test.test_pickle.CPicklerTests.test_complex_newobj) ... ok
test_complex_newobj_ex (test.test_pickle.CPicklerTests.test_complex_newobj_ex) ... ok
test_concurrent_mutation_in_buffer_with_bytearray (test.test_pickle.CPicklerTests.test_concurrent_mutation_in_buffer_with_bytearray) ... ok
test_concurrent_mutation_in_buffer_with_memoryview (test.test_pickle.CPicklerTests.test_concurrent_mutation_in_buffer_with_memoryview) ... ok
test_deep_nested_struct_dict (test.test_pickle.CPicklerTests.test_deep_nested_struct_dict) ... ok
test_deep_nested_struct_frozendict (test.test_pickle.CPicklerTests.test_deep_nested_struct_frozendict) ... skipped 'need frozendict'
test_deep_nested_struct_frozenset (test.test_pickle.CPicklerTests.test_deep_nested_struct_frozenset) ... ok
test_deep_nested_struct_list (test.test_pickle.CPicklerTests.test_deep_nested_struct_list) ... ok
test_deep_nested_struct_set (test.test_pickle.CPicklerTests.test_deep_nested_struct_set) ... ok
test_deep_nested_struct_tuple (test.test_pickle.CPicklerTests.test_deep_nested_struct_tuple) ... ok
test_dict_chunking (test.test_pickle.CPicklerTests.test_dict_chunking) ... ok
test_dynamic_class (test.test_pickle.CPicklerTests.test_dynamic_class) ... ok
test_ellipsis (test.test_pickle.CPicklerTests.test_ellipsis) ... ok
test_empty_picklebuffer_memoization (test.test_pickle.CPicklerTests.test_empty_picklebuffer_memoization) ... ok
test_evil_class_mutating_dict (test.test_pickle.CPicklerTests.test_evil_class_mutating_dict) ... ok
test_fast_save_enter_dict (test.test_pickle.CPicklerTests.test_fast_save_enter_dict) ... ok
test_fast_save_enter_frozendict (test.test_pickle.CPicklerTests.test_fast_save_enter_frozendict) ... skipped 'need frozendict'
test_fast_save_enter_frozenset (test.test_pickle.CPicklerTests.test_fast_save_enter_frozenset) ... ok
test_fast_save_enter_list (test.test_pickle.CPicklerTests.test_fast_save_enter_list) ... ok
test_fast_save_enter_set (test.test_pickle.CPicklerTests.test_fast_save_enter_set) ... ok
test_fast_save_enter_tuple (test.test_pickle.CPicklerTests.test_fast_save_enter_tuple) ... ok
test_float (test.test_pickle.CPicklerTests.test_float) ... ok
test_float_format (test.test_pickle.CPicklerTests.test_float_format) ... ok
test_framed_write_sizes_with_delayed_writer (test.test_pickle.CPicklerTests.test_framed_write_sizes_with_delayed_writer) ... skipped 'Not run for (non-extended) PGO task'
test_framing_large_objects (test.test_pickle.CPicklerTests.test_framing_large_objects) ... ok
test_framing_many_objects (test.test_pickle.CPicklerTests.test_framing_many_objects) ... skipped 'Not run for (non-extended) PGO task'
test_getinitargs (test.test_pickle.CPicklerTests.test_getinitargs) ... ok
test_global_ext1 (test.test_pickle.CPicklerTests.test_global_ext1) ... ok
test_global_ext2 (test.test_pickle.CPicklerTests.test_global_ext2) ... ok
test_global_ext4 (test.test_pickle.CPicklerTests.test_global_ext4) ... ok
test_in_band_buffers (test.test_pickle.CPicklerTests.test_in_band_buffers) ... ok
test_inband_accept_default_buffers_argument (test.test_pickle.CPicklerTests.test_inband_accept_default_buffers_argument) ... ok
test_int_pickling_efficiency (test.test_pickle.CPicklerTests.test_int_pickling_efficiency) ... ok
test_ints (test.test_pickle.CPicklerTests.test_ints) ... ok
test_large_pickles (test.test_pickle.CPicklerTests.test_large_pickles) ... ok
test_list_chunking (test.test_pickle.CPicklerTests.test_list_chunking) ... ok
test_long (test.test_pickle.CPicklerTests.test_long) ... ok
test_long1 (test.test_pickle.CPicklerTests.test_long1) ... ok
test_long4 (test.test_pickle.CPicklerTests.test_long4) ... ok
test_many_puts_and_gets (test.test_pickle.CPicklerTests.test_many_puts_and_gets) ... ok
test_metaclass (test.test_pickle.CPicklerTests.test_metaclass) ... ok
test_misc (test.test_pickle.CPicklerTests.test_misc) ... ok
test_nested_names (test.test_pickle.CPicklerTests.test_nested_names) ... ok
test_newobj_generic (test.test_pickle.CPicklerTests.test_newobj_generic) ... ok
test_newobj_list (test.test_pickle.CPicklerTests.test_newobj_list) ... ok
test_newobj_list_slots (test.test_pickle.CPicklerTests.test_newobj_list_slots) ... ok
test_newobj_not_class (test.test_pickle.CPicklerTests.test_newobj_not_class) ... ok
test_newobj_overridden_new (test.test_pickle.CPicklerTests.test_newobj_overridden_new) ... ok
test_newobj_proxies (test.test_pickle.CPicklerTests.test_newobj_proxies) ... ok
test_newobj_tuple (test.test_pickle.CPicklerTests.test_newobj_tuple) ... ok
test_notimplemented (test.test_pickle.CPicklerTests.test_notimplemented) ... ok
test_object_with_attrs (test.test_pickle.CPicklerTests.test_object_with_attrs) ... ok
test_object_with_private_attrs (test.test_pickle.CPicklerTests.test_object_with_private_attrs) ... ok
test_object_with_private_slots (test.test_pickle.CPicklerTests.test_object_with_private_slots) ... ok
test_object_with_slots (test.test_pickle.CPicklerTests.test_object_with_slots) ... ok
test_oob_buffers (test.test_pickle.CPicklerTests.test_oob_buffers) ... ok
test_oob_buffers_writable_to_readonly (test.test_pickle.CPicklerTests.test_oob_buffers_writable_to_readonly) ... ok
test_optional_frames (test.test_pickle.CPicklerTests.test_optional_frames) ... ok
test_pickle_setstate_None (test.test_pickle.CPicklerTests.test_pickle_setstate_None) ... ok
test_pickle_to_2x (test.test_pickle.CPicklerTests.test_pickle_to_2x) ... ok
test_picklebuffer_memoization (test.test_pickle.CPicklerTests.test_picklebuffer_memoization) ... ok
test_proto (test.test_pickle.CPicklerTests.test_proto) ... ok
test_py_methods (test.test_pickle.CPicklerTests.test_py_methods) ... ok
test_recursive_dict (test.test_pickle.CPicklerTests.test_recursive_dict) ... ok
test_recursive_dict_and_inst (test.test_pickle.CPicklerTests.test_recursive_dict_and_inst) ... ok
test_recursive_dict_key (test.test_pickle.CPicklerTests.test_recursive_dict_key) ... ok
test_recursive_dict_like (test.test_pickle.CPicklerTests.test_recursive_dict_like) ... ok
test_recursive_dict_like_key (test.test_pickle.CPicklerTests.test_recursive_dict_like_key) ... ok
test_recursive_dict_subclass (test.test_pickle.CPicklerTests.test_recursive_dict_subclass) ... ok
test_recursive_dict_subclass_and_inst (test.test_pickle.CPicklerTests.test_recursive_dict_subclass_and_inst) ... ok
test_recursive_dict_subclass_key (test.test_pickle.CPicklerTests.test_recursive_dict_subclass_key) ... ok
test_recursive_frozenset_and_inst (test.test_pickle.CPicklerTests.test_recursive_frozenset_and_inst) ... ok
test_recursive_frozenset_subclass_and_inst (test.test_pickle.CPicklerTests.test_recursive_frozenset_subclass_and_inst) ... ok
test_recursive_inst (test.test_pickle.CPicklerTests.test_recursive_inst) ... ok
test_recursive_inst_state (test.test_pickle.CPicklerTests.test_recursive_inst_state) ... ok
test_recursive_list (test.test_pickle.CPicklerTests.test_recursive_list) ... ok
test_recursive_list_and_inst (test.test_pickle.CPicklerTests.test_recursive_list_and_inst) ... ok
test_recursive_list_like (test.test_pickle.CPicklerTests.test_recursive_list_like) ... ok
test_recursive_list_subclass (test.test_pickle.CPicklerTests.test_recursive_list_subclass) ... ok
test_recursive_list_subclass_and_inst (test.test_pickle.CPicklerTests.test_recursive_list_subclass_and_inst) ... ok
test_recursive_multi (test.test_pickle.CPicklerTests.test_recursive_multi) ... ok
test_recursive_nested_names (test.test_pickle.CPicklerTests.test_recursive_nested_names) ... ok
test_recursive_nested_names2 (test.test_pickle.CPicklerTests.test_recursive_nested_names2) ... ok
test_recursive_set (test.test_pickle.CPicklerTests.test_recursive_set) ... ok
test_recursive_set_and_inst (test.test_pickle.CPicklerTests.test_recursive_set_and_inst) ... ok
test_recursive_set_subclass_and_inst (test.test_pickle.CPicklerTests.test_recursive_set_subclass_and_inst) ... ok
test_recursive_tuple_and_dict (test.test_pickle.CPicklerTests.test_recursive_tuple_and_dict) ... ok
test_recursive_tuple_and_dict_key (test.test_pickle.CPicklerTests.test_recursive_tuple_and_dict_key) ... ok
test_recursive_tuple_and_dict_like (test.test_pickle.CPicklerTests.test_recursive_tuple_and_dict_like) ... ok
test_recursive_tuple_and_dict_like_key (test.test_pickle.CPicklerTests.test_recursive_tuple_and_dict_like_key) ... ok
test_recursive_tuple_and_dict_subclass (test.test_pickle.CPicklerTests.test_recursive_tuple_and_dict_subclass) ... ok
test_recursive_tuple_and_dict_subclass_key (test.test_pickle.CPicklerTests.test_recursive_tuple_and_dict_subclass_key) ... ok
test_recursive_tuple_and_inst (test.test_pickle.CPicklerTests.test_recursive_tuple_and_inst) ... ok
test_recursive_tuple_and_inst_state (test.test_pickle.CPicklerTests.test_recursive_tuple_and_inst_state) ... ok
test_recursive_tuple_and_list (test.test_pickle.CPicklerTests.test_recursive_tuple_and_list) ... ok
test_recursive_tuple_and_list_like (test.test_pickle.CPicklerTests.test_recursive_tuple_and_list_like) ... ok
test_recursive_tuple_and_list_subclass (test.test_pickle.CPicklerTests.test_recursive_tuple_and_list_subclass) ... ok
test_recursive_tuple_subclass_and_inst (test.test_pickle.CPicklerTests.test_recursive_tuple_subclass_and_inst) ... ok
test_reduce (test.test_pickle.CPicklerTests.test_reduce) ... ok
test_reduce_calls_base (test.test_pickle.CPicklerTests.test_reduce_calls_base) ... ok
test_reduce_ex_called (test.test_pickle.CPicklerTests.test_reduce_ex_called) ... ok
test_reduce_ex_calls_base (test.test_pickle.CPicklerTests.test_reduce_ex_calls_base) ... ok
test_reduce_ex_overrides_reduce (test.test_pickle.CPicklerTests.test_reduce_ex_overrides_reduce) ... ok
test_reduce_overrides_default_reduce_ex (test.test_pickle.CPicklerTests.test_reduce_overrides_default_reduce_ex) ... ok
test_roundtrip_equality (test.test_pickle.CPicklerTests.test_roundtrip_equality) ... ok
test_set_chunking (test.test_pickle.CPicklerTests.test_set_chunking) ... ok
test_setitems_on_non_dicts (test.test_pickle.CPicklerTests.test_setitems_on_non_dicts) ... ok
test_short_tuples (test.test_pickle.CPicklerTests.test_short_tuples) ... ok
test_simple_newobj (test.test_pickle.CPicklerTests.test_simple_newobj) ... ok
test_singleton_types (test.test_pickle.CPicklerTests.test_singleton_types) ... ok
test_singletons (test.test_pickle.CPicklerTests.test_singletons) ... ok
test_structseq (test.test_pickle.CPicklerTests.test_structseq) ... ok
test_unicode (test.test_pickle.CPicklerTests.test_unicode) ... ok
test_unicode_high_plane (test.test_pickle.CPicklerTests.test_unicode_high_plane) ... ok
test_unicode_memoization (test.test_pickle.CPicklerTests.test_unicode_memoization) ... ok
test_clear_pickler_memo (test.test_pickle.CPicklerUnpicklerObjectTests.test_clear_pickler_memo) ... ok
test_concurrent_pickler_dump (test.test_pickle.CPicklerUnpicklerObjectTests.test_concurrent_pickler_dump) ... ok
test_concurrent_pickler_dump_and_init (test.test_pickle.CPicklerUnpicklerObjectTests.test_concurrent_pickler_dump_and_init) ... ok
test_concurrent_unpickler_load (test.test_pickle.CPicklerUnpicklerObjectTests.test_concurrent_unpickler_load) ... ok
test_concurrent_unpickler_load_and_init (test.test_pickle.CPicklerUnpicklerObjectTests.test_concurrent_unpickler_load_and_init) ... ok
test_issue18339 (test.test_pickle.CPicklerUnpicklerObjectTests.test_issue18339) ... ok
test_multiple_unpicklings_minimal (test.test_pickle.CPicklerUnpicklerObjectTests.test_multiple_unpicklings_minimal) ... ok
test_multiple_unpicklings_seekable (test.test_pickle.CPicklerUnpicklerObjectTests.test_multiple_unpicklings_seekable) ... ok
test_multiple_unpicklings_unseekable (test.test_pickle.CPicklerUnpicklerObjectTests.test_multiple_unpicklings_unseekable) ... ok
test_pickle_invalid_reducer_override (test.test_pickle.CPicklerUnpicklerObjectTests.test_pickle_invalid_reducer_override) ... ok
test_priming_pickler_memo (test.test_pickle.CPicklerUnpicklerObjectTests.test_priming_pickler_memo) ... ok
test_priming_unpickler_memo (test.test_pickle.CPicklerUnpicklerObjectTests.test_priming_unpickler_memo) ... ok
test_reusing_unpickler_objects (test.test_pickle.CPicklerUnpicklerObjectTests.test_reusing_unpickler_objects) ... ok
test_unpickling_buffering_readline (test.test_pickle.CPicklerUnpicklerObjectTests.test_unpickling_buffering_readline) ... ok
test_bad_ext_code (test.test_pickle.CPicklingErrorTests.test_bad_ext_code) ... ok
test_bad_getattr (test.test_pickle.CPicklingErrorTests.test_bad_getattr) ... ok
test_bad_newobj_args (test.test_pickle.CPicklingErrorTests.test_bad_newobj_args) ... ok
test_bad_newobj_class (test.test_pickle.CPicklingErrorTests.test_bad_newobj_class) ... ok
test_bad_newobj_ex__class (test.test_pickle.CPicklingErrorTests.test_bad_newobj_ex__class) ... ok
test_bad_newobj_ex_args (test.test_pickle.CPicklingErrorTests.test_bad_newobj_ex_args) ... ok
test_bad_object_dict_items (test.test_pickle.CPicklingErrorTests.test_bad_object_dict_items) ... ok
test_bad_object_list_items (test.test_pickle.CPicklingErrorTests.test_bad_object_list_items) ... ok
test_bad_reconstructor (test.test_pickle.CPicklingErrorTests.test_bad_reconstructor) ... ok
test_bad_reconstructor_args (test.test_pickle.CPicklingErrorTests.test_bad_reconstructor_args) ... ok
test_bad_reduce_result (test.test_pickle.CPicklingErrorTests.test_bad_reduce_result) ... ok
test_bad_state_setter (test.test_pickle.CPicklingErrorTests.test_bad_state_setter) ... ok
test_buffer_callback_error (test.test_pickle.CPicklingErrorTests.test_buffer_callback_error) ... ok
test_evil_pickler_mutating_collection (test.test_pickle.CPicklingErrorTests.test_evil_pickler_mutating_collection) ... ok
test_global_lookup_error (test.test_pickle.CPicklingErrorTests.test_global_lookup_error) ... ok
test_local_lookup_error (test.test_pickle.CPicklingErrorTests.test_local_lookup_error) ... ok
test_nested_lookup_error (test.test_pickle.CPicklingErrorTests.test_nested_lookup_error) ... ok
test_non_continuous_buffer (test.test_pickle.CPicklingErrorTests.test_non_continuous_buffer) ... ok
test_nonencodable_global_name_error (test.test_pickle.CPicklingErrorTests.test_nonencodable_global_name_error) ... ok
test_nonencodable_module_name_error (test.test_pickle.CPicklingErrorTests.test_nonencodable_module_name_error) ... ok
test_picklebuffer_error (test.test_pickle.CPicklingErrorTests.test_picklebuffer_error) ... ok
test_reduce_None (test.test_pickle.CPicklingErrorTests.test_reduce_None) ... ok
test_reduce_ex_None (test.test_pickle.CPicklingErrorTests.test_reduce_ex_None) ... ok
test_unpickleable_dict_items (test.test_pickle.CPicklingErrorTests.test_unpickleable_dict_items) ... ok
test_unpickleable_frozenset_items (test.test_pickle.CPicklingErrorTests.test_unpickleable_frozenset_items) ... ok
test_unpickleable_list_items (test.test_pickle.CPicklingErrorTests.test_unpickleable_list_items) ... ok
test_unpickleable_newobj_args (test.test_pickle.CPicklingErrorTests.test_unpickleable_newobj_args) ... ok
test_unpickleable_newobj_class (test.test_pickle.CPicklingErrorTests.test_unpickleable_newobj_class) ... ok
test_unpickleable_newobj_ex_args (test.test_pickle.CPicklingErrorTests.test_unpickleable_newobj_ex_args) ... ok
test_unpickleable_newobj_ex_class (test.test_pickle.CPicklingErrorTests.test_unpickleable_newobj_ex_class) ... ok
test_unpickleable_newobj_ex_kwargs (test.test_pickle.CPicklingErrorTests.test_unpickleable_newobj_ex_kwargs) ... ok
test_unpickleable_object_dict_items (test.test_pickle.CPicklingErrorTests.test_unpickleable_object_dict_items) ... ok
test_unpickleable_object_list_items (test.test_pickle.CPicklingErrorTests.test_unpickleable_object_list_items) ... ok
test_unpickleable_reconstructor (test.test_pickle.CPicklingErrorTests.test_unpickleable_reconstructor) ... ok
test_unpickleable_reconstructor_args (test.test_pickle.CPicklingErrorTests.test_unpickleable_reconstructor_args) ... ok
test_unpickleable_set_items (test.test_pickle.CPicklingErrorTests.test_unpickleable_set_items) ... ok
test_unpickleable_state (test.test_pickle.CPicklingErrorTests.test_unpickleable_state) ... ok
test_unpickleable_state_setter (test.test_pickle.CPicklingErrorTests.test_unpickleable_state_setter) ... ok
test_unpickleable_state_with_state_setter (test.test_pickle.CPicklingErrorTests.test_unpickleable_state_with_state_setter) ... ok
test_unpickleable_tuple_items (test.test_pickle.CPicklingErrorTests.test_unpickleable_tuple_items) ... ok
test_wrong_newobj_class (test.test_pickle.CPicklingErrorTests.test_wrong_newobj_class) ... ok
test_wrong_newobj_ex_class (test.test_pickle.CPicklingErrorTests.test_wrong_newobj_ex_class) ... skipped 'only verified in the Python implementation'
test_wrong_object_lookup_error (test.test_pickle.CPicklingErrorTests.test_wrong_object_lookup_error) ... ok
test_bad_ext_code (test.test_pickle.CUnpicklerTests.test_bad_ext_code) ... ok
test_bad_ext_inverted_registry (test.test_pickle.CUnpicklerTests.test_bad_ext_inverted_registry) ... ok
test_bad_mark (test.test_pickle.CUnpicklerTests.test_bad_mark) ... ok
test_bad_newobj (test.test_pickle.CUnpicklerTests.test_bad_newobj) ... ok
test_bad_newobj_ex (test.test_pickle.CUnpicklerTests.test_bad_newobj_ex) ... ok
test_bad_reduce (test.test_pickle.CUnpicklerTests.test_bad_reduce) ... ok
test_bad_stack (test.test_pickle.CUnpicklerTests.test_bad_stack) ... ok
test_bad_state (test.test_pickle.CUnpicklerTests.test_bad_state) ... ok
test_badly_escaped_string (test.test_pickle.CUnpicklerTests.test_badly_escaped_string) ... ok
test_badly_quoted_string (test.test_pickle.CUnpicklerTests.test_badly_quoted_string) ... ok
test_binbytes (test.test_pickle.CUnpicklerTests.test_binbytes) ... ok
test_binbytes8 (test.test_pickle.CUnpicklerTests.test_binbytes8) ... ok
test_binget (test.test_pickle.CUnpicklerTests.test_binget) ... ok
test_binunicode8 (test.test_pickle.CUnpicklerTests.test_binunicode8) ... ok
test_bytearray8 (test.test_pickle.CUnpicklerTests.test_bytearray8) ... ok
test_compat_unpickle (test.test_pickle.CUnpicklerTests.test_compat_unpickle) ... ok
test_constants (test.test_pickle.CUnpicklerTests.test_constants) ... ok
test_correctly_quoted_string (test.test_pickle.CUnpicklerTests.test_correctly_quoted_string) ... ok
test_custom_find_class (test.test_pickle.CUnpicklerTests.test_custom_find_class) ... ok
test_dup (test.test_pickle.CUnpicklerTests.test_dup) ... ok
test_empty_bytestring (test.test_pickle.CUnpicklerTests.test_empty_bytestring) ... ok
test_find_class (test.test_pickle.CUnpicklerTests.test_find_class) ... ok
test_frame_readline (test.test_pickle.CUnpicklerTests.test_frame_readline) ... ok
test_get (test.test_pickle.CUnpicklerTests.test_get) ... ok
test_large_32b_binbytes8 (test.test_pickle.CUnpicklerTests.test_large_32b_binbytes8) ... skipped 'test is only meaningful on 32-bit builds'
test_large_32b_binunicode8 (test.test_pickle.CUnpicklerTests.test_large_32b_binunicode8) ... skipped 'test is only meaningful on 32-bit builds'
test_large_32b_bytearray8 (test.test_pickle.CUnpicklerTests.test_large_32b_bytearray8) ... skipped 'test is only meaningful on 32-bit builds'
test_large_binstring (test.test_pickle.CUnpicklerTests.test_large_binstring) ... ok
test_load_classic_instance (test.test_pickle.CUnpicklerTests.test_load_classic_instance) ... ok
test_load_from_data0 (test.test_pickle.CUnpicklerTests.test_load_from_data0) ... ok
test_load_from_data1 (test.test_pickle.CUnpicklerTests.test_load_from_data1) ... ok
test_load_from_data2 (test.test_pickle.CUnpicklerTests.test_load_from_data2) ... ok
test_load_from_data3 (test.test_pickle.CUnpicklerTests.test_load_from_data3) ... ok
test_load_from_data4 (test.test_pickle.CUnpicklerTests.test_load_from_data4) ... ok
test_load_global (test.test_pickle.CUnpicklerTests.test_load_global) ... ok
test_load_long_python2_str_as_bytes (test.test_pickle.CUnpicklerTests.test_load_long_python2_str_as_bytes) ... ok
test_load_python2_str_as_bytes (test.test_pickle.CUnpicklerTests.test_load_python2_str_as_bytes) ... ok
test_load_python2_unicode_as_str (test.test_pickle.CUnpicklerTests.test_load_python2_unicode_as_str) ... ok
test_load_stack_global (test.test_pickle.CUnpicklerTests.test_load_stack_global) ... ok
test_long_binget (test.test_pickle.CUnpicklerTests.test_long_binget) ... ok
test_maxint64 (test.test_pickle.CUnpicklerTests.test_maxint64) ... ok
test_misc_get (test.test_pickle.CUnpicklerTests.test_misc_get) ... ok
test_negative_32b_binbytes (test.test_pickle.CUnpicklerTests.test_negative_32b_binbytes) ... skipped 'test is only meaningful on 32-bit builds'
test_negative_32b_binput (test.test_pickle.CUnpicklerTests.test_negative_32b_binput) ... skipped 'test is only meaningful on 32-bit builds'
test_negative_32b_binunicode (test.test_pickle.CUnpicklerTests.test_negative_32b_binunicode) ... skipped 'test is only meaningful on 32-bit builds'
test_negative_put (test.test_pickle.CUnpicklerTests.test_negative_put) ... ok
test_nondecimal_integers (test.test_pickle.CUnpicklerTests.test_nondecimal_integers) ... ok
test_short_binbytes (test.test_pickle.CUnpicklerTests.test_short_binbytes) ... ok
test_short_binunicode (test.test_pickle.CUnpicklerTests.test_short_binunicode) ... ok
test_truncated_data (test.test_pickle.CUnpicklerTests.test_truncated_data) ... ok
test_unpickle_from_2x (test.test_pickle.CUnpicklerTests.test_unpickle_from_2x) ... ok
test_unpickle_module_race (test.test_pickle.CUnpicklerTests.test_unpickle_module_race) ... ok
test_zero_padded_integers (test.test_pickle.CUnpicklerTests.test_zero_padded_integers) ... ok
test_invocation (test.test_pickle.CommandLineTest.test_invocation) ... ok
test_unknown_flag (test.test_pickle.CommandLineTest.test_unknown_flag) ... ok
test_exceptions (test.test_pickle.CompatPickleTests.test_exceptions) ... ok
test_import (test.test_pickle.CompatPickleTests.test_import) ... No module named 'winreg'
No module named '_dbm'
No module named '_tkinter'
No module named '_gdbm'
No module named '_tkinter'
No module named '_tkinter'
No module named '_tkinter'
No module named 'dbm.bsd'
No module named '_tkinter'
No module named '_dummy_thread'
No module named '_gdbm'
No module named '_tkinter'
No module named '_tkinter'
No module named '_tkinter'
No module named '_tkinter'
No module named '_dbm'
No module named '_tkinter'
No module named '_tkinter'
No module named '_tkinter'
ok
test_import_mapping (test.test_pickle.CompatPickleTests.test_import_mapping) ... No module named '_tkinter'
No module named '_tkinter'
No module named '_tkinter'
No module named '_tkinter'
No module named '_tkinter'
No module named '_tkinter'
No module named '_tkinter'
No module named '_tkinter'
No module named '_tkinter'
No module named '_tkinter'
No module named '_tkinter'
No module named '_tkinter'
No module named 'winreg'
No module named '_dummy_thread'
No module named 'dbm.bsd'
No module named '_dbm'
No module named '_gdbm'
No module named '_dbm'
No module named '_gdbm'
ok
test_multiprocessing_exceptions (test.test_pickle.CompatPickleTests.test_multiprocessing_exceptions) ... ok
test_name_mapping (test.test_pickle.CompatPickleTests.test_name_mapping) ... No module named '_tkinter'
No module named '_tkinter'
No module named '_tkinter'
No module named '_tkinter'
ok
test_reverse_import_mapping (test.test_pickle.CompatPickleTests.test_reverse_import_mapping) ... No module named '_tkinter'
No module named '_tkinter'
No module named '_tkinter'
No module named '_tkinter'
No module named '_tkinter'
No module named '_tkinter'
No module named '_tkinter'
No module named '_tkinter'
No module named '_tkinter'
No module named '_tkinter'
No module named '_tkinter'
No module named '_tkinter'
No module named '_tkinter'
No module named '_tkinter'
No module named '_tkinter'
No module named '_tkinter'
No module named '_tkinter'
No module named '_tkinter'
No module named '_tkinter'
No module named '_tkinter'
No module named '_tkinter'
No module named '_tkinter'
No module named '_tkinter'
No module named '_tkinter'
No module named 'winreg'
No module named 'winreg'
No module named '_dummy_thread'
No module named '_dummy_thread'
No module named 'dbm.bsd'
No module named 'dbm.bsd'
No module named '_dbm'
No module named '_dbm'
No module named '_gdbm'
No module named '_gdbm'
No module named '_tkinter'
No module named '_tkinter'
No module named '_tkinter'
No module named '_tkinter'
ok
test_reverse_name_mapping (test.test_pickle.CompatPickleTests.test_reverse_name_mapping) ... ok
test_appends_on_non_lists (test.test_pickle.DumpPickle_CLoadPickle.test_appends_on_non_lists) ... ok
test_attribute_name_interning (test.test_pickle.DumpPickle_CLoadPickle.test_attribute_name_interning) ... ok
test_bad_proto (test.test_pickle.DumpPickle_CLoadPickle.test_bad_proto) ... ok
test_buffers_error (test.test_pickle.DumpPickle_CLoadPickle.test_buffers_error) ... ok
test_buffers_numpy (test.test_pickle.DumpPickle_CLoadPickle.test_buffers_numpy) ... skipped 'Test needs Numpy'
test_builtin_exceptions (test.test_pickle.DumpPickle_CLoadPickle.test_builtin_exceptions) ... ok
test_builtin_functions (test.test_pickle.DumpPickle_CLoadPickle.test_builtin_functions) ... ok
test_builtin_types (test.test_pickle.DumpPickle_CLoadPickle.test_builtin_types) ... ok
test_bytearray (test.test_pickle.DumpPickle_CLoadPickle.test_bytearray) ... ok
test_bytearray_memoization (test.test_pickle.DumpPickle_CLoadPickle.test_bytearray_memoization) ... ok
test_bytes (test.test_pickle.DumpPickle_CLoadPickle.test_bytes) ... ok
test_bytes_memoization (test.test_pickle.DumpPickle_CLoadPickle.test_bytes_memoization) ... ok
test_c_methods (test.test_pickle.DumpPickle_CLoadPickle.test_c_methods) ... ok
test_compat_pickle (test.test_pickle.DumpPickle_CLoadPickle.test_compat_pickle) ... ok
test_complex_newobj (test.test_pickle.DumpPickle_CLoadPickle.test_complex_newobj) ... ok
test_complex_newobj_ex (test.test_pickle.DumpPickle_CLoadPickle.test_complex_newobj_ex) ... ok
test_concurrent_mutation_in_buffer_with_bytearray (test.test_pickle.DumpPickle_CLoadPickle.test_concurrent_mutation_in_buffer_with_bytearray) ... ok
test_concurrent_mutation_in_buffer_with_memoryview (test.test_pickle.DumpPickle_CLoadPickle.test_concurrent_mutation_in_buffer_with_memoryview) ... ok
test_deep_nested_struct_dict (test.test_pickle.DumpPickle_CLoadPickle.test_deep_nested_struct_dict) ... ok
test_deep_nested_struct_frozendict (test.test_pickle.DumpPickle_CLoadPickle.test_deep_nested_struct_frozendict) ... skipped 'need frozendict'
test_deep_nested_struct_frozenset (test.test_pickle.DumpPickle_CLoadPickle.test_deep_nested_struct_frozenset) ... ok
test_deep_nested_struct_list (test.test_pickle.DumpPickle_CLoadPickle.test_deep_nested_struct_list) ... ok
test_deep_nested_struct_set (test.test_pickle.DumpPickle_CLoadPickle.test_deep_nested_struct_set) ... ok
test_deep_nested_struct_tuple (test.test_pickle.DumpPickle_CLoadPickle.test_deep_nested_struct_tuple) ... ok
test_dict_chunking (test.test_pickle.DumpPickle_CLoadPickle.test_dict_chunking) ... ok
test_dynamic_class (test.test_pickle.DumpPickle_CLoadPickle.test_dynamic_class) ... ok
test_ellipsis (test.test_pickle.DumpPickle_CLoadPickle.test_ellipsis) ... ok
test_empty_picklebuffer_memoization (test.test_pickle.DumpPickle_CLoadPickle.test_empty_picklebuffer_memoization) ... ok
test_evil_class_mutating_dict (test.test_pickle.DumpPickle_CLoadPickle.test_evil_class_mutating_dict) ... ok
test_fast_save_enter_dict (test.test_pickle.DumpPickle_CLoadPickle.test_fast_save_enter_dict) ... ok
test_fast_save_enter_frozendict (test.test_pickle.DumpPickle_CLoadPickle.test_fast_save_enter_frozendict) ... skipped 'need frozendict'
test_fast_save_enter_frozenset (test.test_pickle.DumpPickle_CLoadPickle.test_fast_save_enter_frozenset) ... ok
test_fast_save_enter_list (test.test_pickle.DumpPickle_CLoadPickle.test_fast_save_enter_list) ... ok
test_fast_save_enter_set (test.test_pickle.DumpPickle_CLoadPickle.test_fast_save_enter_set) ... ok
test_fast_save_enter_tuple (test.test_pickle.DumpPickle_CLoadPickle.test_fast_save_enter_tuple) ... ok
test_float (test.test_pickle.DumpPickle_CLoadPickle.test_float) ... ok
test_float_format (test.test_pickle.DumpPickle_CLoadPickle.test_float_format) ... ok
test_framed_write_sizes_with_delayed_writer (test.test_pickle.DumpPickle_CLoadPickle.test_framed_write_sizes_with_delayed_writer) ... skipped 'Not run for (non-extended) PGO task'
test_framing_large_objects (test.test_pickle.DumpPickle_CLoadPickle.test_framing_large_objects) ... ok
test_framing_many_objects (test.test_pickle.DumpPickle_CLoadPickle.test_framing_many_objects) ... skipped 'Not run for (non-extended) PGO task'
test_getinitargs (test.test_pickle.DumpPickle_CLoadPickle.test_getinitargs) ... ok
test_global_ext1 (test.test_pickle.DumpPickle_CLoadPickle.test_global_ext1) ... ok
test_global_ext2 (test.test_pickle.DumpPickle_CLoadPickle.test_global_ext2) ... ok
test_global_ext4 (test.test_pickle.DumpPickle_CLoadPickle.test_global_ext4) ... ok
test_in_band_buffers (test.test_pickle.DumpPickle_CLoadPickle.test_in_band_buffers) ... ok
test_inband_accept_default_buffers_argument (test.test_pickle.DumpPickle_CLoadPickle.test_inband_accept_default_buffers_argument) ... ok
test_int_pickling_efficiency (test.test_pickle.DumpPickle_CLoadPickle.test_int_pickling_efficiency) ... ok
test_ints (test.test_pickle.DumpPickle_CLoadPickle.test_ints) ... ok
test_large_pickles (test.test_pickle.DumpPickle_CLoadPickle.test_large_pickles) ... ok
test_list_chunking (test.test_pickle.DumpPickle_CLoadPickle.test_list_chunking) ... ok
test_long (test.test_pickle.DumpPickle_CLoadPickle.test_long) ... ok
test_long1 (test.test_pickle.DumpPickle_CLoadPickle.test_long1) ... ok
test_long4 (test.test_pickle.DumpPickle_CLoadPickle.test_long4) ... ok
test_many_puts_and_gets (test.test_pickle.DumpPickle_CLoadPickle.test_many_puts_and_gets) ... ok
test_metaclass (test.test_pickle.DumpPickle_CLoadPickle.test_metaclass) ... ok
test_misc (test.test_pickle.DumpPickle_CLoadPickle.test_misc) ... ok
test_nested_names (test.test_pickle.DumpPickle_CLoadPickle.test_nested_names) ... ok
test_newobj_generic (test.test_pickle.DumpPickle_CLoadPickle.test_newobj_generic) ... ok
test_newobj_list (test.test_pickle.DumpPickle_CLoadPickle.test_newobj_list) ... ok
test_newobj_list_slots (test.test_pickle.DumpPickle_CLoadPickle.test_newobj_list_slots) ... ok
test_newobj_not_class (test.test_pickle.DumpPickle_CLoadPickle.test_newobj_not_class) ... ok
test_newobj_overridden_new (test.test_pickle.DumpPickle_CLoadPickle.test_newobj_overridden_new) ... ok
test_newobj_proxies (test.test_pickle.DumpPickle_CLoadPickle.test_newobj_proxies) ... ok
test_newobj_tuple (test.test_pickle.DumpPickle_CLoadPickle.test_newobj_tuple) ... ok
test_notimplemented (test.test_pickle.DumpPickle_CLoadPickle.test_notimplemented) ... ok
test_object_with_attrs (test.test_pickle.DumpPickle_CLoadPickle.test_object_with_attrs) ... ok
test_object_with_private_attrs (test.test_pickle.DumpPickle_CLoadPickle.test_object_with_private_attrs) ... ok
test_object_with_private_slots (test.test_pickle.DumpPickle_CLoadPickle.test_object_with_private_slots) ... ok
test_object_with_slots (test.test_pickle.DumpPickle_CLoadPickle.test_object_with_slots) ... ok
test_oob_buffers (test.test_pickle.DumpPickle_CLoadPickle.test_oob_buffers) ... ok
test_oob_buffers_writable_to_readonly (test.test_pickle.DumpPickle_CLoadPickle.test_oob_buffers_writable_to_readonly) ... ok
test_optional_frames (test.test_pickle.DumpPickle_CLoadPickle.test_optional_frames) ... ok
test_pickle_setstate_None (test.test_pickle.DumpPickle_CLoadPickle.test_pickle_setstate_None) ... ok
test_pickle_to_2x (test.test_pickle.DumpPickle_CLoadPickle.test_pickle_to_2x) ... ok
test_picklebuffer_memoization (test.test_pickle.DumpPickle_CLoadPickle.test_picklebuffer_memoization) ... ok
test_proto (test.test_pickle.DumpPickle_CLoadPickle.test_proto) ... ok
test_py_methods (test.test_pickle.DumpPickle_CLoadPickle.test_py_methods) ... ok
test_recursive_dict (test.test_pickle.DumpPickle_CLoadPickle.test_recursive_dict) ... ok
test_recursive_dict_and_inst (test.test_pickle.DumpPickle_CLoadPickle.test_recursive_dict_and_inst) ... ok
test_recursive_dict_key (test.test_pickle.DumpPickle_CLoadPickle.test_recursive_dict_key) ... ok
test_recursive_dict_like (test.test_pickle.DumpPickle_CLoadPickle.test_recursive_dict_like) ... ok
test_recursive_dict_like_key (test.test_pickle.DumpPickle_CLoadPickle.test_recursive_dict_like_key) ... ok
test_recursive_dict_subclass (test.test_pickle.DumpPickle_CLoadPickle.test_recursive_dict_subclass) ... ok
test_recursive_dict_subclass_and_inst (test.test_pickle.DumpPickle_CLoadPickle.test_recursive_dict_subclass_and_inst) ... ok
test_recursive_dict_subclass_key (test.test_pickle.DumpPickle_CLoadPickle.test_recursive_dict_subclass_key) ... ok
test_recursive_frozenset_and_inst (test.test_pickle.DumpPickle_CLoadPickle.test_recursive_frozenset_and_inst) ... ok
test_recursive_frozenset_subclass_and_inst (test.test_pickle.DumpPickle_CLoadPickle.test_recursive_frozenset_subclass_and_inst) ... ok
test_recursive_inst (test.test_pickle.DumpPickle_CLoadPickle.test_recursive_inst) ... ok
test_recursive_inst_state (test.test_pickle.DumpPickle_CLoadPickle.test_recursive_inst_state) ... ok
test_recursive_list (test.test_pickle.DumpPickle_CLoadPickle.test_recursive_list) ... ok
test_recursive_list_and_inst (test.test_pickle.DumpPickle_CLoadPickle.test_recursive_list_and_inst) ... ok
test_recursive_list_like (test.test_pickle.DumpPickle_CLoadPickle.test_recursive_list_like) ... ok
test_recursive_list_subclass (test.test_pickle.DumpPickle_CLoadPickle.test_recursive_list_subclass) ... ok
test_recursive_list_subclass_and_inst (test.test_pickle.DumpPickle_CLoadPickle.test_recursive_list_subclass_and_inst) ... ok
test_recursive_multi (test.test_pickle.DumpPickle_CLoadPickle.test_recursive_multi) ... ok
test_recursive_nested_names (test.test_pickle.DumpPickle_CLoadPickle.test_recursive_nested_names) ... ok
test_recursive_nested_names2 (test.test_pickle.DumpPickle_CLoadPickle.test_recursive_nested_names2) ... ok
test_recursive_set (test.test_pickle.DumpPickle_CLoadPickle.test_recursive_set) ... ok
test_recursive_set_and_inst (test.test_pickle.DumpPickle_CLoadPickle.test_recursive_set_and_inst) ... ok
test_recursive_set_subclass_and_inst (test.test_pickle.DumpPickle_CLoadPickle.test_recursive_set_subclass_and_inst) ... ok
test_recursive_tuple_and_dict (test.test_pickle.DumpPickle_CLoadPickle.test_recursive_tuple_and_dict) ... ok
test_recursive_tuple_and_dict_key (test.test_pickle.DumpPickle_CLoadPickle.test_recursive_tuple_and_dict_key) ... ok
test_recursive_tuple_and_dict_like (test.test_pickle.DumpPickle_CLoadPickle.test_recursive_tuple_and_dict_like) ... ok
test_recursive_tuple_and_dict_like_key (test.test_pickle.DumpPickle_CLoadPickle.test_recursive_tuple_and_dict_like_key) ... ok
test_recursive_tuple_and_dict_subclass (test.test_pickle.DumpPickle_CLoadPickle.test_recursive_tuple_and_dict_subclass) ... ok
test_recursive_tuple_and_dict_subclass_key (test.test_pickle.DumpPickle_CLoadPickle.test_recursive_tuple_and_dict_subclass_key) ... ok
test_recursive_tuple_and_inst (test.test_pickle.DumpPickle_CLoadPickle.test_recursive_tuple_and_inst) ... ok
test_recursive_tuple_and_inst_state (test.test_pickle.DumpPickle_CLoadPickle.test_recursive_tuple_and_inst_state) ... ok
test_recursive_tuple_and_list (test.test_pickle.DumpPickle_CLoadPickle.test_recursive_tuple_and_list) ... ok
test_recursive_tuple_and_list_like (test.test_pickle.DumpPickle_CLoadPickle.test_recursive_tuple_and_list_like) ... ok
test_recursive_tuple_and_list_subclass (test.test_pickle.DumpPickle_CLoadPickle.test_recursive_tuple_and_list_subclass) ... ok
test_recursive_tuple_subclass_and_inst (test.test_pickle.DumpPickle_CLoadPickle.test_recursive_tuple_subclass_and_inst) ... ok
test_reduce (test.test_pickle.DumpPickle_CLoadPickle.test_reduce) ... ok
test_reduce_calls_base (test.test_pickle.DumpPickle_CLoadPickle.test_reduce_calls_base) ... ok
test_reduce_ex_called (test.test_pickle.DumpPickle_CLoadPickle.test_reduce_ex_called) ... ok
test_reduce_ex_calls_base (test.test_pickle.DumpPickle_CLoadPickle.test_reduce_ex_calls_base) ... ok
test_reduce_ex_overrides_reduce (test.test_pickle.DumpPickle_CLoadPickle.test_reduce_ex_overrides_reduce) ... ok
test_reduce_overrides_default_reduce_ex (test.test_pickle.DumpPickle_CLoadPickle.test_reduce_overrides_default_reduce_ex) ... ok
test_roundtrip_equality (test.test_pickle.DumpPickle_CLoadPickle.test_roundtrip_equality) ... ok
test_set_chunking (test.test_pickle.DumpPickle_CLoadPickle.test_set_chunking) ... ok
test_setitems_on_non_dicts (test.test_pickle.DumpPickle_CLoadPickle.test_setitems_on_non_dicts) ... ok
test_short_tuples (test.test_pickle.DumpPickle_CLoadPickle.test_short_tuples) ... ok
test_simple_newobj (test.test_pickle.DumpPickle_CLoadPickle.test_simple_newobj) ... ok
test_singleton_types (test.test_pickle.DumpPickle_CLoadPickle.test_singleton_types) ... ok
test_singletons (test.test_pickle.DumpPickle_CLoadPickle.test_singletons) ... ok
test_structseq (test.test_pickle.DumpPickle_CLoadPickle.test_structseq) ... ok
test_unicode (test.test_pickle.DumpPickle_CLoadPickle.test_unicode) ... ok
test_unicode_high_plane (test.test_pickle.DumpPickle_CLoadPickle.test_unicode_high_plane) ... ok
test_unicode_memoization (test.test_pickle.DumpPickle_CLoadPickle.test_unicode_memoization) ... ok
test_have_gc (test.test_pickle.HeapTypesTests.test_have_gc) ... ok
test_immutable (test.test_pickle.HeapTypesTests.test_immutable) ... ok
test_appends_on_non_lists (test.test_pickle.InMemoryPickleTests.test_appends_on_non_lists) ... ok
test_attribute_name_interning (test.test_pickle.InMemoryPickleTests.test_attribute_name_interning) ... ok
test_bad_ext_code (test.test_pickle.InMemoryPickleTests.test_bad_ext_code) ... ok
test_bad_ext_inverted_registry (test.test_pickle.InMemoryPickleTests.test_bad_ext_inverted_registry) ... ok
test_bad_mark (test.test_pickle.InMemoryPickleTests.test_bad_mark) ... ok
test_bad_newobj (test.test_pickle.InMemoryPickleTests.test_bad_newobj) ... ok
test_bad_newobj_ex (test.test_pickle.InMemoryPickleTests.test_bad_newobj_ex) ... ok
test_bad_proto (test.test_pickle.InMemoryPickleTests.test_bad_proto) ... ok
test_bad_reduce (test.test_pickle.InMemoryPickleTests.test_bad_reduce) ... ok
test_bad_stack (test.test_pickle.InMemoryPickleTests.test_bad_stack) ... ok
test_bad_state (test.test_pickle.InMemoryPickleTests.test_bad_state) ... ok
test_badly_escaped_string (test.test_pickle.InMemoryPickleTests.test_badly_escaped_string) ... ok
test_badly_quoted_string (test.test_pickle.InMemoryPickleTests.test_badly_quoted_string) ... ok
test_binbytes (test.test_pickle.InMemoryPickleTests.test_binbytes) ... ok
test_binbytes8 (test.test_pickle.InMemoryPickleTests.test_binbytes8) ... ok
test_binget (test.test_pickle.InMemoryPickleTests.test_binget) ... ok
test_binunicode8 (test.test_pickle.InMemoryPickleTests.test_binunicode8) ... ok
test_buffers_error (test.test_pickle.InMemoryPickleTests.test_buffers_error) ... ok
test_buffers_numpy (test.test_pickle.InMemoryPickleTests.test_buffers_numpy) ... skipped 'Test needs Numpy'
test_builtin_exceptions (test.test_pickle.InMemoryPickleTests.test_builtin_exceptions) ... ok
test_builtin_functions (test.test_pickle.InMemoryPickleTests.test_builtin_functions) ... ok
test_builtin_types (test.test_pickle.InMemoryPickleTests.test_builtin_types) ... ok
test_bytearray (test.test_pickle.InMemoryPickleTests.test_bytearray) ... ok
test_bytearray8 (test.test_pickle.InMemoryPickleTests.test_bytearray8) ... ok
test_bytearray_memoization (test.test_pickle.InMemoryPickleTests.test_bytearray_memoization) ... ok
test_bytes (test.test_pickle.InMemoryPickleTests.test_bytes) ... ok
test_bytes_memoization (test.test_pickle.InMemoryPickleTests.test_bytes_memoization) ... ok
test_c_methods (test.test_pickle.InMemoryPickleTests.test_c_methods) ... ok
test_compat_pickle (test.test_pickle.InMemoryPickleTests.test_compat_pickle) ... ok
test_compat_unpickle (test.test_pickle.InMemoryPickleTests.test_compat_unpickle) ... ok
test_complex_newobj (test.test_pickle.InMemoryPickleTests.test_complex_newobj) ... ok
test_complex_newobj_ex (test.test_pickle.InMemoryPickleTests.test_complex_newobj_ex) ... ok
test_concurrent_mutation_in_buffer_with_bytearray (test.test_pickle.InMemoryPickleTests.test_concurrent_mutation_in_buffer_with_bytearray) ... ok
test_concurrent_mutation_in_buffer_with_memoryview (test.test_pickle.InMemoryPickleTests.test_concurrent_mutation_in_buffer_with_memoryview) ... ok
test_constants (test.test_pickle.InMemoryPickleTests.test_constants) ... ok
test_correctly_quoted_string (test.test_pickle.InMemoryPickleTests.test_correctly_quoted_string) ... ok
test_deep_nested_struct_dict (test.test_pickle.InMemoryPickleTests.test_deep_nested_struct_dict) ... skipped 'need Pickler class'
test_deep_nested_struct_frozendict (test.test_pickle.InMemoryPickleTests.test_deep_nested_struct_frozendict) ... skipped 'need frozendict'
test_deep_nested_struct_frozenset (test.test_pickle.InMemoryPickleTests.test_deep_nested_struct_frozenset) ... skipped 'need Pickler class'
test_deep_nested_struct_list (test.test_pickle.InMemoryPickleTests.test_deep_nested_struct_list) ... skipped 'need Pickler class'
test_deep_nested_struct_set (test.test_pickle.InMemoryPickleTests.test_deep_nested_struct_set) ... skipped 'need Pickler class'
test_deep_nested_struct_tuple (test.test_pickle.InMemoryPickleTests.test_deep_nested_struct_tuple) ... skipped 'need Pickler class'
test_dict_chunking (test.test_pickle.InMemoryPickleTests.test_dict_chunking) ... ok
test_dup (test.test_pickle.InMemoryPickleTests.test_dup) ... ok
test_dynamic_class (test.test_pickle.InMemoryPickleTests.test_dynamic_class) ... ok
test_ellipsis (test.test_pickle.InMemoryPickleTests.test_ellipsis) ... ok
test_empty_bytestring (test.test_pickle.InMemoryPickleTests.test_empty_bytestring) ... ok
test_empty_picklebuffer_memoization (test.test_pickle.InMemoryPickleTests.test_empty_picklebuffer_memoization) ... ok
test_evil_class_mutating_dict (test.test_pickle.InMemoryPickleTests.test_evil_class_mutating_dict) ... ok
test_fast_save_enter_dict (test.test_pickle.InMemoryPickleTests.test_fast_save_enter_dict) ... skipped 'need Pickler class'
test_fast_save_enter_frozendict (test.test_pickle.InMemoryPickleTests.test_fast_save_enter_frozendict) ... skipped 'need frozendict'
test_fast_save_enter_frozenset (test.test_pickle.InMemoryPickleTests.test_fast_save_enter_frozenset) ... skipped 'need Pickler class'
test_fast_save_enter_list (test.test_pickle.InMemoryPickleTests.test_fast_save_enter_list) ... skipped 'need Pickler class'
test_fast_save_enter_set (test.test_pickle.InMemoryPickleTests.test_fast_save_enter_set) ... skipped 'need Pickler class'
test_fast_save_enter_tuple (test.test_pickle.InMemoryPickleTests.test_fast_save_enter_tuple) ... skipped 'need Pickler class'
test_float (test.test_pickle.InMemoryPickleTests.test_float) ... ok
test_float_format (test.test_pickle.InMemoryPickleTests.test_float_format) ... ok
test_frame_readline (test.test_pickle.InMemoryPickleTests.test_frame_readline) ... ok
test_framing_large_objects (test.test_pickle.InMemoryPickleTests.test_framing_large_objects) ... ok
test_framing_many_objects (test.test_pickle.InMemoryPickleTests.test_framing_many_objects) ... skipped 'Not run for (non-extended) PGO task'
test_get (test.test_pickle.InMemoryPickleTests.test_get) ... ok
test_getinitargs (test.test_pickle.InMemoryPickleTests.test_getinitargs) ... ok
test_global_ext1 (test.test_pickle.InMemoryPickleTests.test_global_ext1) ... ok
test_global_ext2 (test.test_pickle.InMemoryPickleTests.test_global_ext2) ... ok
test_global_ext4 (test.test_pickle.InMemoryPickleTests.test_global_ext4) ... ok
test_huge_bytes_32b (test.test_pickle.InMemoryPickleTests.test_huge_bytes_32b) ... skipped 'not enough memory: 5.0G minimum needed'
test_huge_bytes_64b (test.test_pickle.InMemoryPickleTests.test_huge_bytes_64b) ... skipped 'not enough memory: 10.0G minimum needed'
test_huge_long_32b (test.test_pickle.InMemoryPickleTests.test_huge_long_32b) ... skipped 'not enough memory: 7.2G minimum needed'
test_huge_str_32b (test.test_pickle.InMemoryPickleTests.test_huge_str_32b) ... skipped 'not enough memory: 16.0G minimum needed'
test_huge_str_64b (test.test_pickle.InMemoryPickleTests.test_huge_str_64b) ... skipped 'not enough memory: 32.0G minimum needed'
test_in_band_buffers (test.test_pickle.InMemoryPickleTests.test_in_band_buffers) ... ok
test_inband_accept_default_buffers_argument (test.test_pickle.InMemoryPickleTests.test_inband_accept_default_buffers_argument) ... ok
test_int_pickling_efficiency (test.test_pickle.InMemoryPickleTests.test_int_pickling_efficiency) ... ok
test_ints (test.test_pickle.InMemoryPickleTests.test_ints) ... ok
test_large_32b_binbytes8 (test.test_pickle.InMemoryPickleTests.test_large_32b_binbytes8) ... skipped 'test is only meaningful on 32-bit builds'
test_large_32b_binunicode8 (test.test_pickle.InMemoryPickleTests.test_large_32b_binunicode8) ... skipped 'test is only meaningful on 32-bit builds'
test_large_32b_bytearray8 (test.test_pickle.InMemoryPickleTests.test_large_32b_bytearray8) ... skipped 'test is only meaningful on 32-bit builds'
test_large_binstring (test.test_pickle.InMemoryPickleTests.test_large_binstring) ... ok
test_large_pickles (test.test_pickle.InMemoryPickleTests.test_large_pickles) ... ok
test_list_chunking (test.test_pickle.InMemoryPickleTests.test_list_chunking) ... ok
test_load_classic_instance (test.test_pickle.InMemoryPickleTests.test_load_classic_instance) ... ok
test_load_from_data0 (test.test_pickle.InMemoryPickleTests.test_load_from_data0) ... ok
test_load_from_data1 (test.test_pickle.InMemoryPickleTests.test_load_from_data1) ... ok
test_load_from_data2 (test.test_pickle.InMemoryPickleTests.test_load_from_data2) ... ok
test_load_from_data3 (test.test_pickle.InMemoryPickleTests.test_load_from_data3) ... ok
test_load_from_data4 (test.test_pickle.InMemoryPickleTests.test_load_from_data4) ... ok
test_load_global (test.test_pickle.InMemoryPickleTests.test_load_global) ... ok
test_load_long_python2_str_as_bytes (test.test_pickle.InMemoryPickleTests.test_load_long_python2_str_as_bytes) ... ok
test_load_python2_str_as_bytes (test.test_pickle.InMemoryPickleTests.test_load_python2_str_as_bytes) ... ok
test_load_python2_unicode_as_str (test.test_pickle.InMemoryPickleTests.test_load_python2_unicode_as_str) ... ok
test_load_stack_global (test.test_pickle.InMemoryPickleTests.test_load_stack_global) ... ok
test_long (test.test_pickle.InMemoryPickleTests.test_long) ... ok
test_long1 (test.test_pickle.InMemoryPickleTests.test_long1) ... ok
test_long4 (test.test_pickle.InMemoryPickleTests.test_long4) ... ok
test_long_binget (test.test_pickle.InMemoryPickleTests.test_long_binget) ... ok
test_many_puts_and_gets (test.test_pickle.InMemoryPickleTests.test_many_puts_and_gets) ... ok
test_maxint64 (test.test_pickle.InMemoryPickleTests.test_maxint64) ... ok
test_metaclass (test.test_pickle.InMemoryPickleTests.test_metaclass) ... ok
test_misc (test.test_pickle.InMemoryPickleTests.test_misc) ... ok
test_misc_get (test.test_pickle.InMemoryPickleTests.test_misc_get) ... ok
test_negative_32b_binbytes (test.test_pickle.InMemoryPickleTests.test_negative_32b_binbytes) ... skipped 'test is only meaningful on 32-bit builds'
test_negative_32b_binput (test.test_pickle.InMemoryPickleTests.test_negative_32b_binput) ... skipped 'test is only meaningful on 32-bit builds'
test_negative_32b_binunicode (test.test_pickle.InMemoryPickleTests.test_negative_32b_binunicode) ... skipped 'test is only meaningful on 32-bit builds'
test_negative_put (test.test_pickle.InMemoryPickleTests.test_negative_put) ... ok
test_nested_names (test.test_pickle.InMemoryPickleTests.test_nested_names) ... ok
test_newobj_generic (test.test_pickle.InMemoryPickleTests.test_newobj_generic) ... ok
test_newobj_list (test.test_pickle.InMemoryPickleTests.test_newobj_list) ... ok
test_newobj_list_slots (test.test_pickle.InMemoryPickleTests.test_newobj_list_slots) ... ok
test_newobj_not_class (test.test_pickle.InMemoryPickleTests.test_newobj_not_class) ... ok
test_newobj_overridden_new (test.test_pickle.InMemoryPickleTests.test_newobj_overridden_new) ... ok
test_newobj_proxies (test.test_pickle.InMemoryPickleTests.test_newobj_proxies) ... ok
test_newobj_tuple (test.test_pickle.InMemoryPickleTests.test_newobj_tuple) ... ok
test_nondecimal_integers (test.test_pickle.InMemoryPickleTests.test_nondecimal_integers) ... ok
test_notimplemented (test.test_pickle.InMemoryPickleTests.test_notimplemented) ... ok
test_object_with_attrs (test.test_pickle.InMemoryPickleTests.test_object_with_attrs) ... ok
test_object_with_private_attrs (test.test_pickle.InMemoryPickleTests.test_object_with_private_attrs) ... ok
test_object_with_private_slots (test.test_pickle.InMemoryPickleTests.test_object_with_private_slots) ... ok
test_object_with_slots (test.test_pickle.InMemoryPickleTests.test_object_with_slots) ... ok
test_oob_buffers (test.test_pickle.InMemoryPickleTests.test_oob_buffers) ... ok
test_oob_buffers_writable_to_readonly (test.test_pickle.InMemoryPickleTests.test_oob_buffers_writable_to_readonly) ... ok
test_optional_frames (test.test_pickle.InMemoryPickleTests.test_optional_frames) ... ok
test_pickle_setstate_None (test.test_pickle.InMemoryPickleTests.test_pickle_setstate_None) ... ok
test_pickle_to_2x (test.test_pickle.InMemoryPickleTests.test_pickle_to_2x) ... ok
test_picklebuffer_memoization (test.test_pickle.InMemoryPickleTests.test_picklebuffer_memoization) ... ok
test_proto (test.test_pickle.InMemoryPickleTests.test_proto) ... ok
test_py_methods (test.test_pickle.InMemoryPickleTests.test_py_methods) ... ok
test_recursive_dict (test.test_pickle.InMemoryPickleTests.test_recursive_dict) ... ok
test_recursive_dict_and_inst (test.test_pickle.InMemoryPickleTests.test_recursive_dict_and_inst) ... ok
test_recursive_dict_key (test.test_pickle.InMemoryPickleTests.test_recursive_dict_key) ... ok
test_recursive_dict_like (test.test_pickle.InMemoryPickleTests.test_recursive_dict_like) ... ok
test_recursive_dict_like_key (test.test_pickle.InMemoryPickleTests.test_recursive_dict_like_key) ... ok
test_recursive_dict_subclass (test.test_pickle.InMemoryPickleTests.test_recursive_dict_subclass) ... ok
test_recursive_dict_subclass_and_inst (test.test_pickle.InMemoryPickleTests.test_recursive_dict_subclass_and_inst) ... ok
test_recursive_dict_subclass_key (test.test_pickle.InMemoryPickleTests.test_recursive_dict_subclass_key) ... ok
test_recursive_frozenset_and_inst (test.test_pickle.InMemoryPickleTests.test_recursive_frozenset_and_inst) ... ok
test_recursive_frozenset_subclass_and_inst (test.test_pickle.InMemoryPickleTests.test_recursive_frozenset_subclass_and_inst) ... ok
test_recursive_inst (test.test_pickle.InMemoryPickleTests.test_recursive_inst) ... ok
test_recursive_inst_state (test.test_pickle.InMemoryPickleTests.test_recursive_inst_state) ... ok
test_recursive_list (test.test_pickle.InMemoryPickleTests.test_recursive_list) ... ok
test_recursive_list_and_inst (test.test_pickle.InMemoryPickleTests.test_recursive_list_and_inst) ... ok
test_recursive_list_like (test.test_pickle.InMemoryPickleTests.test_recursive_list_like) ... ok
test_recursive_list_subclass (test.test_pickle.InMemoryPickleTests.test_recursive_list_subclass) ... ok
test_recursive_list_subclass_and_inst (test.test_pickle.InMemoryPickleTests.test_recursive_list_subclass_and_inst) ... ok
test_recursive_multi (test.test_pickle.InMemoryPickleTests.test_recursive_multi) ... ok
test_recursive_nested_names (test.test_pickle.InMemoryPickleTests.test_recursive_nested_names) ... ok
test_recursive_nested_names2 (test.test_pickle.InMemoryPickleTests.test_recursive_nested_names2) ... ok
test_recursive_set (test.test_pickle.InMemoryPickleTests.test_recursive_set) ... ok
test_recursive_set_and_inst (test.test_pickle.InMemoryPickleTests.test_recursive_set_and_inst) ... ok
test_recursive_set_subclass_and_inst (test.test_pickle.InMemoryPickleTests.test_recursive_set_subclass_and_inst) ... ok
test_recursive_tuple_and_dict (test.test_pickle.InMemoryPickleTests.test_recursive_tuple_and_dict) ... ok
test_recursive_tuple_and_dict_key (test.test_pickle.InMemoryPickleTests.test_recursive_tuple_and_dict_key) ... ok
test_recursive_tuple_and_dict_like (test.test_pickle.InMemoryPickleTests.test_recursive_tuple_and_dict_like) ... ok
test_recursive_tuple_and_dict_like_key (test.test_pickle.InMemoryPickleTests.test_recursive_tuple_and_dict_like_key) ... ok
test_recursive_tuple_and_dict_subclass (test.test_pickle.InMemoryPickleTests.test_recursive_tuple_and_dict_subclass) ... ok
test_recursive_tuple_and_dict_subclass_key (test.test_pickle.InMemoryPickleTests.test_recursive_tuple_and_dict_subclass_key) ... ok
test_recursive_tuple_and_inst (test.test_pickle.InMemoryPickleTests.test_recursive_tuple_and_inst) ... ok
test_recursive_tuple_and_inst_state (test.test_pickle.InMemoryPickleTests.test_recursive_tuple_and_inst_state) ... ok
test_recursive_tuple_and_list (test.test_pickle.InMemoryPickleTests.test_recursive_tuple_and_list) ... ok
test_recursive_tuple_and_list_like (test.test_pickle.InMemoryPickleTests.test_recursive_tuple_and_list_like) ... ok
test_recursive_tuple_and_list_subclass (test.test_pickle.InMemoryPickleTests.test_recursive_tuple_and_list_subclass) ... ok
test_recursive_tuple_subclass_and_inst (test.test_pickle.InMemoryPickleTests.test_recursive_tuple_subclass_and_inst) ... ok
test_reduce (test.test_pickle.InMemoryPickleTests.test_reduce) ... ok
test_reduce_calls_base (test.test_pickle.InMemoryPickleTests.test_reduce_calls_base) ... ok
test_reduce_ex_called (test.test_pickle.InMemoryPickleTests.test_reduce_ex_called) ... ok
test_reduce_ex_calls_base (test.test_pickle.InMemoryPickleTests.test_reduce_ex_calls_base) ... ok
test_reduce_ex_overrides_reduce (test.test_pickle.InMemoryPickleTests.test_reduce_ex_overrides_reduce) ... ok
test_reduce_overrides_default_reduce_ex (test.test_pickle.InMemoryPickleTests.test_reduce_overrides_default_reduce_ex) ... ok
test_roundtrip_equality (test.test_pickle.InMemoryPickleTests.test_roundtrip_equality) ... ok
test_set_chunking (test.test_pickle.InMemoryPickleTests.test_set_chunking) ... ok
test_setitems_on_non_dicts (test.test_pickle.InMemoryPickleTests.test_setitems_on_non_dicts) ... ok
test_short_binbytes (test.test_pickle.InMemoryPickleTests.test_short_binbytes) ... ok
test_short_binunicode (test.test_pickle.InMemoryPickleTests.test_short_binunicode) ... ok
test_short_tuples (test.test_pickle.InMemoryPickleTests.test_short_tuples) ... ok
test_simple_newobj (test.test_pickle.InMemoryPickleTests.test_simple_newobj) ... ok
test_singleton_types (test.test_pickle.InMemoryPickleTests.test_singleton_types) ... ok
test_singletons (test.test_pickle.InMemoryPickleTests.test_singletons) ... ok
test_structseq (test.test_pickle.InMemoryPickleTests.test_structseq) ... ok
test_truncated_data (test.test_pickle.InMemoryPickleTests.test_truncated_data) ... ok
test_unicode (test.test_pickle.InMemoryPickleTests.test_unicode) ... ok
test_unicode_high_plane (test.test_pickle.InMemoryPickleTests.test_unicode_high_plane) ... ok
test_unicode_memoization (test.test_pickle.InMemoryPickleTests.test_unicode_memoization) ... ok
test_unpickle_from_2x (test.test_pickle.InMemoryPickleTests.test_unpickle_from_2x) ... ok
test_unpickle_module_race (test.test_pickle.InMemoryPickleTests.test_unpickle_module_race) ... ok
test_zero_padded_integers (test.test_pickle.InMemoryPickleTests.test_zero_padded_integers) ... ok
test_lazy_import (test.test_pickle.LazyImportTest.test_lazy_import) ... ERROR
test_class_dispatch_table (test.test_pickle.PyChainDispatchTableTests.test_class_dispatch_table) ... ok
test_default_dispatch_table (test.test_pickle.PyChainDispatchTableTests.test_default_dispatch_table) ... ok
test_dispatch_table_None_item (test.test_pickle.PyChainDispatchTableTests.test_dispatch_table_None_item) ... ok
test_instance_dispatch_table (test.test_pickle.PyChainDispatchTableTests.test_instance_dispatch_table) ... ok
test_class_dispatch_table (test.test_pickle.PyDispatchTableTests.test_class_dispatch_table) ... ok
test_default_dispatch_table (test.test_pickle.PyDispatchTableTests.test_default_dispatch_table) ... ok
test_dispatch_table_None_item (test.test_pickle.PyDispatchTableTests.test_dispatch_table_None_item) ... ok
test_instance_dispatch_table (test.test_pickle.PyDispatchTableTests.test_instance_dispatch_table) ... ok
test_custom_pickler_dispatch_table_memleak (test.test_pickle.PyIdPersPicklerTests.test_custom_pickler_dispatch_table_memleak) ... ok
test_pickler_instance_attribute (test.test_pickle.PyIdPersPicklerTests.test_pickler_instance_attribute) ... ok
test_pickler_reference_cycle (test.test_pickle.PyIdPersPicklerTests.test_pickler_reference_cycle) ... ok
test_pickler_super (test.test_pickle.PyIdPersPicklerTests.test_pickler_super) ... ok
test_pickler_super_instance_attribute (test.test_pickle.PyIdPersPicklerTests.test_pickler_super_instance_attribute) ... ok
test_protocol0_is_ascii_only (test.test_pickle.PyIdPersPicklerTests.test_protocol0_is_ascii_only) ... ok
test_return_correct_type (test.test_pickle.PyIdPersPicklerTests.test_return_correct_type) ... ok
test_unpickler_instance_attribute (test.test_pickle.PyIdPersPicklerTests.test_unpickler_instance_attribute) ... ok
test_unpickler_reference_cycle (test.test_pickle.PyIdPersPicklerTests.test_unpickler_reference_cycle) ... ok
test_unpickler_super (test.test_pickle.PyIdPersPicklerTests.test_unpickler_super) ... ok
test_unpickler_super_instance_attribute (test.test_pickle.PyIdPersPicklerTests.test_unpickler_super_instance_attribute) ... ok
test_persistence (test.test_pickle.PyPersPicklerTests.test_persistence) ... ok
test_bad_init (test.test_pickle.PyPickleTests.test_bad_init) ... ok
test_callapi (test.test_pickle.PyPickleTests.test_callapi) ... ok
test_dump_closed_file (test.test_pickle.PyPickleTests.test_dump_closed_file) ... ok
test_dump_load_oob_buffers (test.test_pickle.PyPickleTests.test_dump_load_oob_buffers) ... ok
test_dump_text_file (test.test_pickle.PyPickleTests.test_dump_text_file) ... ok
test_dumps_loads_oob_buffers (test.test_pickle.PyPickleTests.test_dumps_loads_oob_buffers) ... ok
test_highest_protocol (test.test_pickle.PyPickleTests.test_highest_protocol) ... ok
test_incomplete_input (test.test_pickle.PyPickleTests.test_incomplete_input) ... ok
test_load_closed_file (test.test_pickle.PyPickleTests.test_load_closed_file) ... ok
test_load_from_and_dump_to_file (test.test_pickle.PyPickleTests.test_load_from_and_dump_to_file) ... ok
test_pickler_bad_file (test.test_pickle.PyPickleTests.test_pickler_bad_file) ... ok
test_unpickler_bad_file (test.test_pickle.PyPickleTests.test_unpickler_bad_file) ... ok
test_pickler_hook (test.test_pickle.PyPicklerHookTests.test_pickler_hook) ... ok
test_reducer_override_no_reference_cycle (test.test_pickle.PyPicklerHookTests.test_reducer_override_no_reference_cycle) ... ok
test_appends_on_non_lists (test.test_pickle.PyPicklerTests.test_appends_on_non_lists) ... ok
test_attribute_name_interning (test.test_pickle.PyPicklerTests.test_attribute_name_interning) ... ok
test_bad_proto (test.test_pickle.PyPicklerTests.test_bad_proto) ... ok
test_buffers_error (test.test_pickle.PyPicklerTests.test_buffers_error) ... ok
test_buffers_numpy (test.test_pickle.PyPicklerTests.test_buffers_numpy) ... skipped 'Test needs Numpy'
test_builtin_exceptions (test.test_pickle.PyPicklerTests.test_builtin_exceptions) ... ok
test_builtin_functions (test.test_pickle.PyPicklerTests.test_builtin_functions) ... ok
test_builtin_types (test.test_pickle.PyPicklerTests.test_builtin_types) ... ok
test_bytearray (test.test_pickle.PyPicklerTests.test_bytearray) ... ok
test_bytearray_memoization (test.test_pickle.PyPicklerTests.test_bytearray_memoization) ... ok
test_bytes (test.test_pickle.PyPicklerTests.test_bytes) ... ok
test_bytes_memoization (test.test_pickle.PyPicklerTests.test_bytes_memoization) ... ok
test_c_methods (test.test_pickle.PyPicklerTests.test_c_methods) ... ok
test_compat_pickle (test.test_pickle.PyPicklerTests.test_compat_pickle) ... ok
test_complex_newobj (test.test_pickle.PyPicklerTests.test_complex_newobj) ... ok
test_complex_newobj_ex (test.test_pickle.PyPicklerTests.test_complex_newobj_ex) ... ok
test_concurrent_mutation_in_buffer_with_bytearray (test.test_pickle.PyPicklerTests.test_concurrent_mutation_in_buffer_with_bytearray) ... ok
test_concurrent_mutation_in_buffer_with_memoryview (test.test_pickle.PyPicklerTests.test_concurrent_mutation_in_buffer_with_memoryview) ... ok
test_deep_nested_struct_dict (test.test_pickle.PyPicklerTests.test_deep_nested_struct_dict) ... ok
test_deep_nested_struct_frozendict (test.test_pickle.PyPicklerTests.test_deep_nested_struct_frozendict) ... skipped 'need frozendict'
test_deep_nested_struct_frozenset (test.test_pickle.PyPicklerTests.test_deep_nested_struct_frozenset) ... ok
test_deep_nested_struct_list (test.test_pickle.PyPicklerTests.test_deep_nested_struct_list) ... ok
test_deep_nested_struct_set (test.test_pickle.PyPicklerTests.test_deep_nested_struct_set) ... ok
test_deep_nested_struct_tuple (test.test_pickle.PyPicklerTests.test_deep_nested_struct_tuple) ... ok
test_dict_chunking (test.test_pickle.PyPicklerTests.test_dict_chunking) ... ok
test_dynamic_class (test.test_pickle.PyPicklerTests.test_dynamic_class) ... ok
test_ellipsis (test.test_pickle.PyPicklerTests.test_ellipsis) ... ok
test_empty_picklebuffer_memoization (test.test_pickle.PyPicklerTests.test_empty_picklebuffer_memoization) ... ok
test_evil_class_mutating_dict (test.test_pickle.PyPicklerTests.test_evil_class_mutating_dict) ... ok
test_fast_save_enter_dict (test.test_pickle.PyPicklerTests.test_fast_save_enter_dict) ... ok
test_fast_save_enter_frozendict (test.test_pickle.PyPicklerTests.test_fast_save_enter_frozendict) ... skipped 'need frozendict'
test_fast_save_enter_frozenset (test.test_pickle.PyPicklerTests.test_fast_save_enter_frozenset) ... ok
test_fast_save_enter_list (test.test_pickle.PyPicklerTests.test_fast_save_enter_list) ... ok
test_fast_save_enter_set (test.test_pickle.PyPicklerTests.test_fast_save_enter_set) ... ok
test_fast_save_enter_tuple (test.test_pickle.PyPicklerTests.test_fast_save_enter_tuple) ... ok
test_float (test.test_pickle.PyPicklerTests.test_float) ... ok
test_float_format (test.test_pickle.PyPicklerTests.test_float_format) ... ok
test_framed_write_sizes_with_delayed_writer (test.test_pickle.PyPicklerTests.test_framed_write_sizes_with_delayed_writer) ... skipped 'Not run for (non-extended) PGO task'
test_framing_large_objects (test.test_pickle.PyPicklerTests.test_framing_large_objects) ... ok
test_framing_many_objects (test.test_pickle.PyPicklerTests.test_framing_many_objects) ... skipped 'Not run for (non-extended) PGO task'
test_getinitargs (test.test_pickle.PyPicklerTests.test_getinitargs) ... ok
test_global_ext1 (test.test_pickle.PyPicklerTests.test_global_ext1) ... ok
test_global_ext2 (test.test_pickle.PyPicklerTests.test_global_ext2) ... ok
test_global_ext4 (test.test_pickle.PyPicklerTests.test_global_ext4) ... ok
test_in_band_buffers (test.test_pickle.PyPicklerTests.test_in_band_buffers) ... ok
test_inband_accept_default_buffers_argument (test.test_pickle.PyPicklerTests.test_inband_accept_default_buffers_argument) ... ok
test_int_pickling_efficiency (test.test_pickle.PyPicklerTests.test_int_pickling_efficiency) ... ok
test_ints (test.test_pickle.PyPicklerTests.test_ints) ... ok
test_large_pickles (test.test_pickle.PyPicklerTests.test_large_pickles) ... ok
test_list_chunking (test.test_pickle.PyPicklerTests.test_list_chunking) ... ok
test_long (test.test_pickle.PyPicklerTests.test_long) ... ok
test_long1 (test.test_pickle.PyPicklerTests.test_long1) ... ok
test_long4 (test.test_pickle.PyPicklerTests.test_long4) ... ok
test_many_puts_and_gets (test.test_pickle.PyPicklerTests.test_many_puts_and_gets) ... ok
test_metaclass (test.test_pickle.PyPicklerTests.test_metaclass) ... ok
test_misc (test.test_pickle.PyPicklerTests.test_misc) ... ok
test_nested_names (test.test_pickle.PyPicklerTests.test_nested_names) ... ok
test_newobj_generic (test.test_pickle.PyPicklerTests.test_newobj_generic) ... ok
test_newobj_list (test.test_pickle.PyPicklerTests.test_newobj_list) ... ok
test_newobj_list_slots (test.test_pickle.PyPicklerTests.test_newobj_list_slots) ... ok
test_newobj_not_class (test.test_pickle.PyPicklerTests.test_newobj_not_class) ... ok
test_newobj_overridden_new (test.test_pickle.PyPicklerTests.test_newobj_overridden_new) ... ok
test_newobj_proxies (test.test_pickle.PyPicklerTests.test_newobj_proxies) ... ok
test_newobj_tuple (test.test_pickle.PyPicklerTests.test_newobj_tuple) ... ok
test_notimplemented (test.test_pickle.PyPicklerTests.test_notimplemented) ... ok
test_object_with_attrs (test.test_pickle.PyPicklerTests.test_object_with_attrs) ... ok
test_object_with_private_attrs (test.test_pickle.PyPicklerTests.test_object_with_private_attrs) ... ok
test_object_with_private_slots (test.test_pickle.PyPicklerTests.test_object_with_private_slots) ... ok
test_object_with_slots (test.test_pickle.PyPicklerTests.test_object_with_slots) ... ok
test_oob_buffers (test.test_pickle.PyPicklerTests.test_oob_buffers) ... ok
test_oob_buffers_writable_to_readonly (test.test_pickle.PyPicklerTests.test_oob_buffers_writable_to_readonly) ... ok
test_optional_frames (test.test_pickle.PyPicklerTests.test_optional_frames) ... ok
test_pickle_setstate_None (test.test_pickle.PyPicklerTests.test_pickle_setstate_None) ... ok
test_pickle_to_2x (test.test_pickle.PyPicklerTests.test_pickle_to_2x) ... ok
test_picklebuffer_memoization (test.test_pickle.PyPicklerTests.test_picklebuffer_memoization) ... ok
test_proto (test.test_pickle.PyPicklerTests.test_proto) ... ok
test_py_methods (test.test_pickle.PyPicklerTests.test_py_methods) ... ok
test_recursive_dict (test.test_pickle.PyPicklerTests.test_recursive_dict) ... ok
test_recursive_dict_and_inst (test.test_pickle.PyPicklerTests.test_recursive_dict_and_inst) ... ok
test_recursive_dict_key (test.test_pickle.PyPicklerTests.test_recursive_dict_key) ... ok
test_recursive_dict_like (test.test_pickle.PyPicklerTests.test_recursive_dict_like) ... ok
test_recursive_dict_like_key (test.test_pickle.PyPicklerTests.test_recursive_dict_like_key) ... ok
test_recursive_dict_subclass (test.test_pickle.PyPicklerTests.test_recursive_dict_subclass) ... ok
test_recursive_dict_subclass_and_inst (test.test_pickle.PyPicklerTests.test_recursive_dict_subclass_and_inst) ... ok
test_recursive_dict_subclass_key (test.test_pickle.PyPicklerTests.test_recursive_dict_subclass_key) ... ok
test_recursive_frozenset_and_inst (test.test_pickle.PyPicklerTests.test_recursive_frozenset_and_inst) ... ok
test_recursive_frozenset_subclass_and_inst (test.test_pickle.PyPicklerTests.test_recursive_frozenset_subclass_and_inst) ... ok
test_recursive_inst (test.test_pickle.PyPicklerTests.test_recursive_inst) ... ok
test_recursive_inst_state (test.test_pickle.PyPicklerTests.test_recursive_inst_state) ... ok
test_recursive_list (test.test_pickle.PyPicklerTests.test_recursive_list) ... ok
test_recursive_list_and_inst (test.test_pickle.PyPicklerTests.test_recursive_list_and_inst) ... ok
test_recursive_list_like (test.test_pickle.PyPicklerTests.test_recursive_list_like) ... ok
test_recursive_list_subclass (test.test_pickle.PyPicklerTests.test_recursive_list_subclass) ... ok
test_recursive_list_subclass_and_inst (test.test_pickle.PyPicklerTests.test_recursive_list_subclass_and_inst) ... ok
test_recursive_multi (test.test_pickle.PyPicklerTests.test_recursive_multi) ... ok
test_recursive_nested_names (test.test_pickle.PyPicklerTests.test_recursive_nested_names) ... ok
test_recursive_nested_names2 (test.test_pickle.PyPicklerTests.test_recursive_nested_names2) ... ok
test_recursive_set (test.test_pickle.PyPicklerTests.test_recursive_set) ... ok
test_recursive_set_and_inst (test.test_pickle.PyPicklerTests.test_recursive_set_and_inst) ... ok
test_recursive_set_subclass_and_inst (test.test_pickle.PyPicklerTests.test_recursive_set_subclass_and_inst) ... ok
test_recursive_tuple_and_dict (test.test_pickle.PyPicklerTests.test_recursive_tuple_and_dict) ... ok
test_recursive_tuple_and_dict_key (test.test_pickle.PyPicklerTests.test_recursive_tuple_and_dict_key) ... ok
test_recursive_tuple_and_dict_like (test.test_pickle.PyPicklerTests.test_recursive_tuple_and_dict_like) ... ok
test_recursive_tuple_and_dict_like_key (test.test_pickle.PyPicklerTests.test_recursive_tuple_and_dict_like_key) ... ok
test_recursive_tuple_and_dict_subclass (test.test_pickle.PyPicklerTests.test_recursive_tuple_and_dict_subclass) ... ok
test_recursive_tuple_and_dict_subclass_key (test.test_pickle.PyPicklerTests.test_recursive_tuple_and_dict_subclass_key) ... ok
test_recursive_tuple_and_inst (test.test_pickle.PyPicklerTests.test_recursive_tuple_and_inst) ... ok
test_recursive_tuple_and_inst_state (test.test_pickle.PyPicklerTests.test_recursive_tuple_and_inst_state) ... ok
test_recursive_tuple_and_list (test.test_pickle.PyPicklerTests.test_recursive_tuple_and_list) ... ok
test_recursive_tuple_and_list_like (test.test_pickle.PyPicklerTests.test_recursive_tuple_and_list_like) ... ok
test_recursive_tuple_and_list_subclass (test.test_pickle.PyPicklerTests.test_recursive_tuple_and_list_subclass) ... ok
test_recursive_tuple_subclass_and_inst (test.test_pickle.PyPicklerTests.test_recursive_tuple_subclass_and_inst) ... ok
test_reduce (test.test_pickle.PyPicklerTests.test_reduce) ... ok
test_reduce_calls_base (test.test_pickle.PyPicklerTests.test_reduce_calls_base) ... ok
test_reduce_ex_called (test.test_pickle.PyPicklerTests.test_reduce_ex_called) ... ok
test_reduce_ex_calls_base (test.test_pickle.PyPicklerTests.test_reduce_ex_calls_base) ... ok
test_reduce_ex_overrides_reduce (test.test_pickle.PyPicklerTests.test_reduce_ex_overrides_reduce) ... ok
test_reduce_overrides_default_reduce_ex (test.test_pickle.PyPicklerTests.test_reduce_overrides_default_reduce_ex) ... ok
test_roundtrip_equality (test.test_pickle.PyPicklerTests.test_roundtrip_equality) ... ok
test_set_chunking (test.test_pickle.PyPicklerTests.test_set_chunking) ... ok
test_setitems_on_non_dicts (test.test_pickle.PyPicklerTests.test_setitems_on_non_dicts) ... ok
test_short_tuples (test.test_pickle.PyPicklerTests.test_short_tuples) ... ok
test_simple_newobj (test.test_pickle.PyPicklerTests.test_simple_newobj) ... ok
test_singleton_types (test.test_pickle.PyPicklerTests.test_singleton_types) ... ok
test_singletons (test.test_pickle.PyPicklerTests.test_singletons) ... ok
test_structseq (test.test_pickle.PyPicklerTests.test_structseq) ... ok
test_unicode (test.test_pickle.PyPicklerTests.test_unicode) ... ok
test_unicode_high_plane (test.test_pickle.PyPicklerTests.test_unicode_high_plane) ... ok
test_unicode_memoization (test.test_pickle.PyPicklerTests.test_unicode_memoization) ... ok
test_clear_pickler_memo (test.test_pickle.PyPicklerUnpicklerObjectTests.test_clear_pickler_memo) ... ok
test_multiple_unpicklings_minimal (test.test_pickle.PyPicklerUnpicklerObjectTests.test_multiple_unpicklings_minimal) ... ok
test_multiple_unpicklings_seekable (test.test_pickle.PyPicklerUnpicklerObjectTests.test_multiple_unpicklings_seekable) ... ok
test_multiple_unpicklings_unseekable (test.test_pickle.PyPicklerUnpicklerObjectTests.test_multiple_unpicklings_unseekable) ... ok
test_pickle_invalid_reducer_override (test.test_pickle.PyPicklerUnpicklerObjectTests.test_pickle_invalid_reducer_override) ... ok
test_priming_pickler_memo (test.test_pickle.PyPicklerUnpicklerObjectTests.test_priming_pickler_memo) ... ok
test_priming_unpickler_memo (test.test_pickle.PyPicklerUnpicklerObjectTests.test_priming_unpickler_memo) ... ok
test_reusing_unpickler_objects (test.test_pickle.PyPicklerUnpicklerObjectTests.test_reusing_unpickler_objects) ... ok
test_unpickling_buffering_readline (test.test_pickle.PyPicklerUnpicklerObjectTests.test_unpickling_buffering_readline) ... ok
test_bad_ext_code (test.test_pickle.PyPicklingErrorTests.test_bad_ext_code) ... ok
test_bad_getattr (test.test_pickle.PyPicklingErrorTests.test_bad_getattr) ... ok
test_bad_newobj_args (test.test_pickle.PyPicklingErrorTests.test_bad_newobj_args) ... ok
test_bad_newobj_class (test.test_pickle.PyPicklingErrorTests.test_bad_newobj_class) ... ok
test_bad_newobj_ex__class (test.test_pickle.PyPicklingErrorTests.test_bad_newobj_ex__class) ... ok
test_bad_newobj_ex_args (test.test_pickle.PyPicklingErrorTests.test_bad_newobj_ex_args) ... ok
test_bad_object_dict_items (test.test_pickle.PyPicklingErrorTests.test_bad_object_dict_items) ... ok
test_bad_object_list_items (test.test_pickle.PyPicklingErrorTests.test_bad_object_list_items) ... ok
test_bad_reconstructor (test.test_pickle.PyPicklingErrorTests.test_bad_reconstructor) ... ok
test_bad_reconstructor_args (test.test_pickle.PyPicklingErrorTests.test_bad_reconstructor_args) ... ok
test_bad_reduce_result (test.test_pickle.PyPicklingErrorTests.test_bad_reduce_result) ... ok
test_bad_state_setter (test.test_pickle.PyPicklingErrorTests.test_bad_state_setter) ... skipped 'only verified in the C implementation'
test_buffer_callback_error (test.test_pickle.PyPicklingErrorTests.test_buffer_callback_error) ... ok
test_evil_pickler_mutating_collection (test.test_pickle.PyPicklingErrorTests.test_evil_pickler_mutating_collection) ... ok
test_global_lookup_error (test.test_pickle.PyPicklingErrorTests.test_global_lookup_error) ... ok
test_local_lookup_error (test.test_pickle.PyPicklingErrorTests.test_local_lookup_error) ... ok
test_nested_lookup_error (test.test_pickle.PyPicklingErrorTests.test_nested_lookup_error) ... ok
test_non_continuous_buffer (test.test_pickle.PyPicklingErrorTests.test_non_continuous_buffer) ... ok
test_nonencodable_global_name_error (test.test_pickle.PyPicklingErrorTests.test_nonencodable_global_name_error) ... ok
test_nonencodable_module_name_error (test.test_pickle.PyPicklingErrorTests.test_nonencodable_module_name_error) ... ok
test_picklebuffer_error (test.test_pickle.PyPicklingErrorTests.test_picklebuffer_error) ... ok
test_reduce_None (test.test_pickle.PyPicklingErrorTests.test_reduce_None) ... ok
test_reduce_ex_None (test.test_pickle.PyPicklingErrorTests.test_reduce_ex_None) ... ok
test_unpickleable_dict_items (test.test_pickle.PyPicklingErrorTests.test_unpickleable_dict_items) ... ok
test_unpickleable_frozenset_items (test.test_pickle.PyPicklingErrorTests.test_unpickleable_frozenset_items) ... ok
test_unpickleable_list_items (test.test_pickle.PyPicklingErrorTests.test_unpickleable_list_items) ... ok
test_unpickleable_newobj_args (test.test_pickle.PyPicklingErrorTests.test_unpickleable_newobj_args) ... ok
test_unpickleable_newobj_class (test.test_pickle.PyPicklingErrorTests.test_unpickleable_newobj_class) ... ok
test_unpickleable_newobj_ex_args (test.test_pickle.PyPicklingErrorTests.test_unpickleable_newobj_ex_args) ... ok
test_unpickleable_newobj_ex_class (test.test_pickle.PyPicklingErrorTests.test_unpickleable_newobj_ex_class) ... ok
test_unpickleable_newobj_ex_kwargs (test.test_pickle.PyPicklingErrorTests.test_unpickleable_newobj_ex_kwargs) ... ok
test_unpickleable_object_dict_items (test.test_pickle.PyPicklingErrorTests.test_unpickleable_object_dict_items) ... ok
test_unpickleable_object_list_items (test.test_pickle.PyPicklingErrorTests.test_unpickleable_object_list_items) ... ok
test_unpickleable_reconstructor (test.test_pickle.PyPicklingErrorTests.test_unpickleable_reconstructor) ... ok
test_unpickleable_reconstructor_args (test.test_pickle.PyPicklingErrorTests.test_unpickleable_reconstructor_args) ... ok
test_unpickleable_set_items (test.test_pickle.PyPicklingErrorTests.test_unpickleable_set_items) ... ok
test_unpickleable_state (test.test_pickle.PyPicklingErrorTests.test_unpickleable_state) ... ok
test_unpickleable_state_setter (test.test_pickle.PyPicklingErrorTests.test_unpickleable_state_setter) ... ok
test_unpickleable_state_with_state_setter (test.test_pickle.PyPicklingErrorTests.test_unpickleable_state_with_state_setter) ... ok
test_unpickleable_tuple_items (test.test_pickle.PyPicklingErrorTests.test_unpickleable_tuple_items) ... ok
test_wrong_newobj_class (test.test_pickle.PyPicklingErrorTests.test_wrong_newobj_class) ... ok
test_wrong_newobj_ex_class (test.test_pickle.PyPicklingErrorTests.test_wrong_newobj_ex_class) ... ok
test_wrong_object_lookup_error (test.test_pickle.PyPicklingErrorTests.test_wrong_object_lookup_error) ... ok
test_bad_ext_code (test.test_pickle.PyUnpicklerTests.test_bad_ext_code) ... ok
test_bad_ext_inverted_registry (test.test_pickle.PyUnpicklerTests.test_bad_ext_inverted_registry) ... ok
test_bad_mark (test.test_pickle.PyUnpicklerTests.test_bad_mark) ... ok
test_bad_newobj (test.test_pickle.PyUnpicklerTests.test_bad_newobj) ... ok
test_bad_newobj_ex (test.test_pickle.PyUnpicklerTests.test_bad_newobj_ex) ... ok
test_bad_reduce (test.test_pickle.PyUnpicklerTests.test_bad_reduce) ... ok
test_bad_stack (test.test_pickle.PyUnpicklerTests.test_bad_stack) ... ok
test_bad_state (test.test_pickle.PyUnpicklerTests.test_bad_state) ... ok
test_badly_escaped_string (test.test_pickle.PyUnpicklerTests.test_badly_escaped_string) ... ok
test_badly_quoted_string (test.test_pickle.PyUnpicklerTests.test_badly_quoted_string) ... ok
test_binbytes (test.test_pickle.PyUnpicklerTests.test_binbytes) ... ok
test_binbytes8 (test.test_pickle.PyUnpicklerTests.test_binbytes8) ... ok
test_binget (test.test_pickle.PyUnpicklerTests.test_binget) ... ok
test_binunicode8 (test.test_pickle.PyUnpicklerTests.test_binunicode8) ... ok
test_bytearray8 (test.test_pickle.PyUnpicklerTests.test_bytearray8) ... ok
test_compat_unpickle (test.test_pickle.PyUnpicklerTests.test_compat_unpickle) ... ok
test_constants (test.test_pickle.PyUnpicklerTests.test_constants) ... ok
test_correctly_quoted_string (test.test_pickle.PyUnpicklerTests.test_correctly_quoted_string) ... ok
test_custom_find_class (test.test_pickle.PyUnpicklerTests.test_custom_find_class) ... ok
test_dup (test.test_pickle.PyUnpicklerTests.test_dup) ... ok
test_empty_bytestring (test.test_pickle.PyUnpicklerTests.test_empty_bytestring) ... ok
test_find_class (test.test_pickle.PyUnpicklerTests.test_find_class) ... ok
test_frame_readline (test.test_pickle.PyUnpicklerTests.test_frame_readline) ... ok
test_get (test.test_pickle.PyUnpicklerTests.test_get) ... ok
test_large_32b_binbytes8 (test.test_pickle.PyUnpicklerTests.test_large_32b_binbytes8) ... skipped 'test is only meaningful on 32-bit builds'
test_large_32b_binunicode8 (test.test_pickle.PyUnpicklerTests.test_large_32b_binunicode8) ... skipped 'test is only meaningful on 32-bit builds'
test_large_32b_bytearray8 (test.test_pickle.PyUnpicklerTests.test_large_32b_bytearray8) ... skipped 'test is only meaningful on 32-bit builds'
test_large_binstring (test.test_pickle.PyUnpicklerTests.test_large_binstring) ... ok
test_load_classic_instance (test.test_pickle.PyUnpicklerTests.test_load_classic_instance) ... ok
test_load_from_data0 (test.test_pickle.PyUnpicklerTests.test_load_from_data0) ... ok
test_load_from_data1 (test.test_pickle.PyUnpicklerTests.test_load_from_data1) ... ok
test_load_from_data2 (test.test_pickle.PyUnpicklerTests.test_load_from_data2) ... ok
test_load_from_data3 (test.test_pickle.PyUnpicklerTests.test_load_from_data3) ... ok
test_load_from_data4 (test.test_pickle.PyUnpicklerTests.test_load_from_data4) ... ok
test_load_global (test.test_pickle.PyUnpicklerTests.test_load_global) ... ok
test_load_long_python2_str_as_bytes (test.test_pickle.PyUnpicklerTests.test_load_long_python2_str_as_bytes) ... ok
test_load_python2_str_as_bytes (test.test_pickle.PyUnpicklerTests.test_load_python2_str_as_bytes) ... ok
test_load_python2_unicode_as_str (test.test_pickle.PyUnpicklerTests.test_load_python2_unicode_as_str) ... ok
test_load_stack_global (test.test_pickle.PyUnpicklerTests.test_load_stack_global) ... ok
test_long_binget (test.test_pickle.PyUnpicklerTests.test_long_binget) ... ok
test_maxint64 (test.test_pickle.PyUnpicklerTests.test_maxint64) ... ok
test_misc_get (test.test_pickle.PyUnpicklerTests.test_misc_get) ... ok
test_negative_32b_binbytes (test.test_pickle.PyUnpicklerTests.test_negative_32b_binbytes) ... skipped 'test is only meaningful on 32-bit builds'
test_negative_32b_binput (test.test_pickle.PyUnpicklerTests.test_negative_32b_binput) ... skipped 'test is only meaningful on 32-bit builds'
test_negative_32b_binunicode (test.test_pickle.PyUnpicklerTests.test_negative_32b_binunicode) ... skipped 'test is only meaningful on 32-bit builds'
test_negative_put (test.test_pickle.PyUnpicklerTests.test_negative_put) ... ok
test_nondecimal_integers (test.test_pickle.PyUnpicklerTests.test_nondecimal_integers) ... ok
test_short_binbytes (test.test_pickle.PyUnpicklerTests.test_short_binbytes) ... ok
test_short_binunicode (test.test_pickle.PyUnpicklerTests.test_short_binunicode) ... ok
test_truncated_data (test.test_pickle.PyUnpicklerTests.test_truncated_data) ... ok
test_unpickle_from_2x (test.test_pickle.PyUnpicklerTests.test_unpickle_from_2x) ... ok
test_unpickle_module_race (test.test_pickle.PyUnpicklerTests.test_unpickle_module_race) ... ok
test_zero_padded_integers (test.test_pickle.PyUnpicklerTests.test_zero_padded_integers) ... ok
test_pickler (test.test_pickle.SizeofTests.test_pickler) ... ok
test_unpickler (test.test_pickle.SizeofTests.test_unpickler) ... ok
decode_long (pickle)
Doctest: pickle.decode_long ... ok
encode_long (pickle)
Doctest: pickle.encode_long ... ok

======================================================================
ERROR: test_lazy_import (test.test_pickle.LazyImportTest.test_lazy_import)
----------------------------------------------------------------------
Traceback (most recent call last):
  File "/app/target/cpython-strict/build/python-target/Lib/test/test_pickle.py", line 43, in test_lazy_import
    ensure_lazy_imports("pickle", {"re"})
    ~~~~~~~~~~~~~~~~~~~^^^^^^^^^^^^^^^^^^
  File "/app/target/cpython-strict/build/python-target/Lib/test/support/import_helper.py", line 335, in ensure_lazy_imports
    assert_python_ok("-S", "-c", script)
    ~~~~~~~~~~~~~~~~^^^^^^^^^^^^^^^^^^^^
  File "/app/target/cpython-strict/build/python-target/Lib/test/support/script_helper.py", line 182, in assert_python_ok
    return _assert_python(True, *args, **env_vars)
  File "/app/target/cpython-strict/build/python-target/Lib/test/support/script_helper.py", line 165, in _assert_python
    res, cmd_line = run_python_until_end(*args, **env_vars)
                    ~~~~~~~~~~~~~~~~~~~~^^^^^^^^^^^^^^^^^^^
  File "/app/target/cpython-strict/build/python-target/Lib/test/support/script_helper.py", line 109, in run_python_until_end
    env_required = interpreter_requires_environment()
  File "/app/target/cpython-strict/build/python-target/Lib/test/support/script_helper.py", line 51, in interpreter_requires_environment
    subprocess.check_call([sys.executable, '-E',
    ~~~~~~~~~~~~~~~~~~~~~^^^^^^^^^^^^^^^^^^^^^^^
                           '-c', 'import sys; sys.exit(0)'])
                           ^^^^^^^^^^^^^^^^^^^^^^^^^^^^^^^^^
  File "/app/target/cpython-strict/build/python-target/Lib/subprocess.py", line 415, in check_call
    retcode = call(*popenargs, **kwargs)
  File "/app/target/cpython-strict/build/python-target/Lib/subprocess.py", line 396, in call
    with Popen(*popenargs, **kwargs) as p:
         ~~~~~^^^^^^^^^^^^^^^^^^^^^^
  File "/app/target/cpython-strict/build/python-target/Lib/subprocess.py", line 1039, in __init__
    self._execute_child(args, executable, preexec_fn, close_fds,
    ~~~~~~~~~~~~~~~~~~~^^^^^^^^^^^^^^^^^^^^^^^^^^^^^^^^^^^^^^^^^
                        pass_fds, cwd, env,
                        ^^^^^^^^^^^^^^^^^^^
    ...<5 lines>...
                        gid, gids, uid, umask,
                        ^^^^^^^^^^^^^^^^^^^^^^
                        start_new_session, process_group)
                        ^^^^^^^^^^^^^^^^^^^^^^^^^^^^^^^^^
  File "/app/target/cpython-strict/build/python-target/Lib/subprocess.py", line 1990, in _execute_child
    raise child_exception_type(errno_num, err_msg, err_filename)
OSError: [Errno 8] Exec format error: '/app/target/cpython-strict/build/python-target/python.exe'

----------------------------------------------------------------------
Ran 999 tests in 82.424s

FAILED (errors=1, skipped=59)
test test_pickle failed
0:09:09 load avg: 1.17 [32/43] test_pickle failed (1 error) in 1 min 25 sec
0:09:09 load avg: 1.17 [33/43] test_pprint
test_basic (test.test_pprint.QueryTestCase.test_basic) ... ok
test_basic_line_wrap (test.test_pprint.QueryTestCase.test_basic_line_wrap) ... ok
test_bytearray_wrap (test.test_pprint.QueryTestCase.test_bytearray_wrap) ... ok
test_bytes_wrap (test.test_pprint.QueryTestCase.test_bytes_wrap) ... ok
test_chainmap (test.test_pprint.QueryTestCase.test_chainmap) ... ok
test_compact (test.test_pprint.QueryTestCase.test_compact) ... ok
test_compact_width (test.test_pprint.QueryTestCase.test_compact_width) ... ok
test_container_repr_override_called (test.test_pprint.QueryTestCase.test_container_repr_override_called) ... ok
test_counter (test.test_pprint.QueryTestCase.test_counter) ... ok
test_cyclic_dataclass (test.test_pprint.QueryTestCase.test_cyclic_dataclass) ... ok
test_dataclass_no_repr (test.test_pprint.QueryTestCase.test_dataclass_no_repr) ... ok
test_dataclass_with_repr (test.test_pprint.QueryTestCase.test_dataclass_with_repr) ... ok
test_default_dict (test.test_pprint.QueryTestCase.test_default_dict) ... ok
test_depth (test.test_pprint.QueryTestCase.test_depth) ... ok
test_deque (test.test_pprint.QueryTestCase.test_deque) ... ok
test_empty_dataclass (test.test_pprint.QueryTestCase.test_empty_dataclass) ... ok
test_empty_simple_namespace (test.test_pprint.QueryTestCase.test_empty_simple_namespace) ... ok
test_init (test.test_pprint.QueryTestCase.test_init) ... ok
test_integer (test.test_pprint.QueryTestCase.test_integer) ... ok
test_knotted (test.test_pprint.QueryTestCase.test_knotted) ... ok
test_larger_dataclass (test.test_pprint.QueryTestCase.test_larger_dataclass) ... ok
test_lazy_import (test.test_pprint.QueryTestCase.test_lazy_import) ... ERROR
test_mapping_proxy (test.test_pprint.QueryTestCase.test_mapping_proxy) ... ok
test_nested_indentations (test.test_pprint.QueryTestCase.test_nested_indentations) ... ok
test_ordered_dict (test.test_pprint.QueryTestCase.test_ordered_dict) ... ok
test_recursive_dataclass (test.test_pprint.QueryTestCase.test_recursive_dataclass) ... ok
test_same_as_repr (test.test_pprint.QueryTestCase.test_same_as_repr) ... ok
test_set_of_sets_reprs (test.test_pprint.QueryTestCase.test_set_of_sets_reprs) ... ok
test_set_reprs (test.test_pprint.QueryTestCase.test_set_reprs) ... ok
test_simple_namespace (test.test_pprint.QueryTestCase.test_simple_namespace) ... ok
test_simple_namespace_subclass (test.test_pprint.QueryTestCase.test_simple_namespace_subclass) ... ok
test_small_dataclass (test.test_pprint.QueryTestCase.test_small_dataclass) ... ok
test_small_simple_namespace (test.test_pprint.QueryTestCase.test_small_simple_namespace) ... ok
test_sort_dict (test.test_pprint.QueryTestCase.test_sort_dict) ... ok
test_sort_orderable_and_unorderable_values (test.test_pprint.QueryTestCase.test_sort_orderable_and_unorderable_values) ... ok
test_sort_unorderable_values (test.test_pprint.QueryTestCase.test_sort_unorderable_values) ... ok
test_sorted_dict (test.test_pprint.QueryTestCase.test_sorted_dict) ... ok
test_stdout_is_None (test.test_pprint.QueryTestCase.test_stdout_is_None) ... ok
test_str_wrap (test.test_pprint.QueryTestCase.test_str_wrap) ... ok
test_subclassing (test.test_pprint.QueryTestCase.test_subclassing) ... ok
test_unreadable (test.test_pprint.QueryTestCase.test_unreadable) ... ok
test_user_dict (test.test_pprint.QueryTestCase.test_user_dict) ... ok
test_user_list (test.test_pprint.QueryTestCase.test_user_list) ... ok
test_user_string (test.test_pprint.QueryTestCase.test_user_string) ... ok
test_width (test.test_pprint.QueryTestCase.test_width) ... ok

======================================================================
ERROR: test_lazy_import (test.test_pprint.QueryTestCase.test_lazy_import)
----------------------------------------------------------------------
Traceback (most recent call last):
  File "/app/target/cpython-strict/build/python-target/Lib/test/test_pprint.py", line 137, in test_lazy_import
    ensure_lazy_imports("pprint", {"dataclasses", "re"})
    ~~~~~~~~~~~~~~~~~~~^^^^^^^^^^^^^^^^^^^^^^^^^^^^^^^^^
  File "/app/target/cpython-strict/build/python-target/Lib/test/support/import_helper.py", line 335, in ensure_lazy_imports
    assert_python_ok("-S", "-c", script)
    ~~~~~~~~~~~~~~~~^^^^^^^^^^^^^^^^^^^^
  File "/app/target/cpython-strict/build/python-target/Lib/test/support/script_helper.py", line 182, in assert_python_ok
    return _assert_python(True, *args, **env_vars)
  File "/app/target/cpython-strict/build/python-target/Lib/test/support/script_helper.py", line 165, in _assert_python
    res, cmd_line = run_python_until_end(*args, **env_vars)
                    ~~~~~~~~~~~~~~~~~~~~^^^^^^^^^^^^^^^^^^^
  File "/app/target/cpython-strict/build/python-target/Lib/test/support/script_helper.py", line 109, in run_python_until_end
    env_required = interpreter_requires_environment()
  File "/app/target/cpython-strict/build/python-target/Lib/test/support/script_helper.py", line 51, in interpreter_requires_environment
    subprocess.check_call([sys.executable, '-E',
    ~~~~~~~~~~~~~~~~~~~~~^^^^^^^^^^^^^^^^^^^^^^^
                           '-c', 'import sys; sys.exit(0)'])
                           ^^^^^^^^^^^^^^^^^^^^^^^^^^^^^^^^^
  File "/app/target/cpython-strict/build/python-target/Lib/subprocess.py", line 415, in check_call
    retcode = call(*popenargs, **kwargs)
  File "/app/target/cpython-strict/build/python-target/Lib/subprocess.py", line 396, in call
    with Popen(*popenargs, **kwargs) as p:
         ~~~~~^^^^^^^^^^^^^^^^^^^^^^
  File "/app/target/cpython-strict/build/python-target/Lib/subprocess.py", line 1039, in __init__
    self._execute_child(args, executable, preexec_fn, close_fds,
    ~~~~~~~~~~~~~~~~~~~^^^^^^^^^^^^^^^^^^^^^^^^^^^^^^^^^^^^^^^^^
                        pass_fds, cwd, env,
                        ^^^^^^^^^^^^^^^^^^^
    ...<5 lines>...
                        gid, gids, uid, umask,
                        ^^^^^^^^^^^^^^^^^^^^^^
                        start_new_session, process_group)
                        ^^^^^^^^^^^^^^^^^^^^^^^^^^^^^^^^^
  File "/app/target/cpython-strict/build/python-target/Lib/subprocess.py", line 1990, in _execute_child
    raise child_exception_type(errno_num, err_msg, err_filename)
OSError: [Errno 8] Exec format error: '/app/target/cpython-strict/build/python-target/python.exe'

----------------------------------------------------------------------
Ran 45 tests in 1.691s

FAILED (errors=1)
test test_pprint failed
0:09:13 load avg: 1.17 [33/43] test_pprint failed (1 error)
0:09:13 load avg: 1.17 [34/43] test_re
test_atomic_group (test.test_re.DebugTests.test_atomic_group) ... ok
test_debug_flag (test.test_re.DebugTests.test_debug_flag) ... ok
test_possesive_repeat (test.test_re.DebugTests.test_possesive_repeat) ... ok
test_possesive_repeat_one (test.test_re.DebugTests.test_possesive_repeat_one) ... ok
test_re_benchmarks (test.test_re.ExternalTests.test_re_benchmarks)
re_tests benchmarks ... ok
test_re_tests (test.test_re.ExternalTests.test_re_tests)
re_tests test suite ... ok
test_case_helpers (test.test_re.ImplementationTest.test_case_helpers) ... ok
test_dealloc (test.test_re.ImplementationTest.test_dealloc) ... ok
test_deprecated_modules (test.test_re.ImplementationTest.test_deprecated_modules) ... ok
test_disallow_instantiation (test.test_re.ImplementationTest.test_disallow_instantiation) ... ok
test_immutable (test.test_re.ImplementationTest.test_immutable) ... ok
test_overlap_table (test.test_re.ImplementationTest.test_overlap_table) ... ok
test_repeat_minmax_overflow_maxrepeat (test.test_re.ImplementationTest.test_repeat_minmax_overflow_maxrepeat) ... ok
test_signedness (test.test_re.ImplementationTest.test_signedness) ... ok
test_sre_template_invalid_group_index (test.test_re.ImplementationTest.test_sre_template_invalid_group_index) ... ok
test_bytes (test.test_re.PatternReprTests.test_bytes) ... ok
test_flags_repr (test.test_re.PatternReprTests.test_flags_repr) ... ok
test_inline_flags (test.test_re.PatternReprTests.test_inline_flags) ... ok
test_locale (test.test_re.PatternReprTests.test_locale) ... ok
test_long_pattern (test.test_re.PatternReprTests.test_long_pattern) ... ok
test_multiple_flags (test.test_re.PatternReprTests.test_multiple_flags) ... ok
test_quotes (test.test_re.PatternReprTests.test_quotes) ... ok
test_single_flag (test.test_re.PatternReprTests.test_single_flag) ... ok
test_unicode_flag (test.test_re.PatternReprTests.test_unicode_flag) ... ok
test_unknown_flags (test.test_re.PatternReprTests.test_unknown_flags) ... ok
test_without_flags (test.test_re.PatternReprTests.test_without_flags) ... ok
test_ASSERT_NOT_mark_bug (test.test_re.ReTests.test_ASSERT_NOT_mark_bug) ... ok
test_MARK_PUSH_macro_bug (test.test_re.ReTests.test_MARK_PUSH_macro_bug) ... ok
test_MIN_REPEAT_ONE_mark_bug (test.test_re.ReTests.test_MIN_REPEAT_ONE_mark_bug) ... ok
test_MIN_UNTIL_mark_bug (test.test_re.ReTests.test_MIN_UNTIL_mark_bug) ... ok
test_REPEAT_ONE_mark_bug (test.test_re.ReTests.test_REPEAT_ONE_mark_bug) ... ok
test_anyall (test.test_re.ReTests.test_anyall) ... ok
test_ascii_and_unicode_flag (test.test_re.ReTests.test_ascii_and_unicode_flag) ... ok
test_atomic_grouping (test.test_re.ReTests.test_atomic_grouping)
Test Atomic Grouping ... ok
test_backref_group_name_in_exception (test.test_re.ReTests.test_backref_group_name_in_exception) ... ok
test_basic_re_sub (test.test_re.ReTests.test_basic_re_sub) ... ok
test_big_codesize (test.test_re.ReTests.test_big_codesize) ... ok
test_bigcharset (test.test_re.ReTests.test_bigcharset) ... ok
test_branching (test.test_re.ReTests.test_branching)
Test Branching ... ok
test_bug_113254 (test.test_re.ReTests.test_bug_113254) ... ok
test_bug_114660 (test.test_re.ReTests.test_bug_114660) ... ok
test_bug_117612 (test.test_re.ReTests.test_bug_117612) ... ok
test_bug_1661 (test.test_re.ReTests.test_bug_1661) ... ok
test_bug_16688 (test.test_re.ReTests.test_bug_16688) ... ok
test_bug_20998 (test.test_re.ReTests.test_bug_20998) ... ok
test_bug_2537 (test.test_re.ReTests.test_bug_2537) ... ok
test_bug_29444 (test.test_re.ReTests.test_bug_29444) ... ok
test_bug_34294 (test.test_re.ReTests.test_bug_34294) ... ok
test_bug_3629 (test.test_re.ReTests.test_bug_3629) ... ok
test_bug_40736 (test.test_re.ReTests.test_bug_40736) ... ok
test_bug_418626 (test.test_re.ReTests.test_bug_418626) ... ok
test_bug_448951 (test.test_re.ReTests.test_bug_448951) ... ok
test_bug_449000 (test.test_re.ReTests.test_bug_449000) ... ok
test_bug_449964 (test.test_re.ReTests.test_bug_449964) ... ok
test_bug_527371 (test.test_re.ReTests.test_bug_527371) ... ok
test_bug_581080 (test.test_re.ReTests.test_bug_581080) ... ok
test_bug_612074 (test.test_re.ReTests.test_bug_612074) ... ok
test_bug_6509 (test.test_re.ReTests.test_bug_6509) ... ok
test_bug_6561 (test.test_re.ReTests.test_bug_6561) ... ok
test_bug_725106 (test.test_re.ReTests.test_bug_725106) ... ok
test_bug_725149 (test.test_re.ReTests.test_bug_725149) ... ok
test_bug_764548 (test.test_re.ReTests.test_bug_764548) ... ok
test_bug_817234 (test.test_re.ReTests.test_bug_817234) ... ok
test_bug_926075 (test.test_re.ReTests.test_bug_926075) ... ok
test_bug_931848 (test.test_re.ReTests.test_bug_931848) ... ok
test_bug_gh100061 (test.test_re.ReTests.test_bug_gh100061) ... ok
test_bug_gh101955 (test.test_re.ReTests.test_bug_gh101955) ... ok
test_bug_gh91616 (test.test_re.ReTests.test_bug_gh91616) ... ok
test_bytes_str_mixing (test.test_re.ReTests.test_bytes_str_mixing) ... ok
test_category (test.test_re.ReTests.test_category) ... ok
test_character_set_any (test.test_re.ReTests.test_character_set_any) ... ok
test_character_set_errors (test.test_re.ReTests.test_character_set_errors) ... ok
test_character_set_none (test.test_re.ReTests.test_character_set_none) ... ok
test_comments (test.test_re.ReTests.test_comments) ... ok
test_compile (test.test_re.ReTests.test_compile) ... ok
test_constants (test.test_re.ReTests.test_constants) ... ok
test_copying (test.test_re.ReTests.test_copying) ... ok
test_dollar_matches_twice (test.test_re.ReTests.test_dollar_matches_twice)
Test that $ does not include \n ... ok
test_empty_array (test.test_re.ReTests.test_empty_array) ... ok
test_enum (test.test_re.ReTests.test_enum) ... ok
test_error (test.test_re.ReTests.test_error) ... ok
test_error_is_PatternError_alias (test.test_re.ReTests.test_error_is_PatternError_alias) ... ok
test_expand (test.test_re.ReTests.test_expand) ... ok
test_fail (test.test_re.ReTests.test_fail) ... ok
test_findall_atomic_grouping (test.test_re.ReTests.test_findall_atomic_grouping) ... ok
test_findall_possessive_quantifiers (test.test_re.ReTests.test_findall_possessive_quantifiers) ... ok
test_finditer (test.test_re.ReTests.test_finditer) ... ok
test_flags (test.test_re.ReTests.test_flags) ... ok
test_fullmatch_atomic_grouping (test.test_re.ReTests.test_fullmatch_atomic_grouping) ... ok
test_fullmatch_possessive_quantifiers (test.test_re.ReTests.test_fullmatch_possessive_quantifiers) ... ok
test_getattr (test.test_re.ReTests.test_getattr) ... ok
test_group (test.test_re.ReTests.test_group) ... ok
test_group_name_in_exception (test.test_re.ReTests.test_group_name_in_exception) ... ok
test_groupdict (test.test_re.ReTests.test_groupdict) ... ok
test_ignore_case (test.test_re.ReTests.test_ignore_case) ... ok
test_ignore_case_range (test.test_re.ReTests.test_ignore_case_range) ... ok
test_ignore_case_set (test.test_re.ReTests.test_ignore_case_set) ... ok
test_ignore_spaces (test.test_re.ReTests.test_ignore_spaces) ... ok
test_inline_flags (test.test_re.ReTests.test_inline_flags) ... ok
test_issue17998 (test.test_re.ReTests.test_issue17998) ... ok
test_keep_buffer (test.test_re.ReTests.test_keep_buffer) ... ok
test_keyword_parameters (test.test_re.ReTests.test_keyword_parameters) ... ok
test_large_search (test.test_re.ReTests.test_large_search) ... ok
test_large_subn (test.test_re.ReTests.test_large_subn) ... ok
test_locale_caching (test.test_re.ReTests.test_locale_caching) ... skipped 'musl libc issue, bpo-46390'
test_locale_compiled (test.test_re.ReTests.test_locale_compiled) ... skipped 'musl libc issue, bpo-46390'
test_locale_flag (test.test_re.ReTests.test_locale_flag) ... ok
test_look_behind_overflow (test.test_re.ReTests.test_look_behind_overflow) ... ok
test_lookahead (test.test_re.ReTests.test_lookahead) ... ok
test_lookbehind (test.test_re.ReTests.test_lookbehind) ... ok
test_match_getitem (test.test_re.ReTests.test_match_getitem) ... ok
test_match_repr (test.test_re.ReTests.test_match_repr) ... ok
test_memory_leaks (test.test_re.ReTests.test_memory_leaks) ... skipped 'requires debug build'
test_misc_errors (test.test_re.ReTests.test_misc_errors) ... ok
test_misuse_flags (test.test_re.ReTests.test_misuse_flags) ... ok
test_multiple_repeat (test.test_re.ReTests.test_multiple_repeat) ... ok
test_named_unicode_escapes (test.test_re.ReTests.test_named_unicode_escapes) ... ok
test_not_literal (test.test_re.ReTests.test_not_literal) ... ok
test_nothing_to_repeat (test.test_re.ReTests.test_nothing_to_repeat) ... ok
test_other_escapes (test.test_re.ReTests.test_other_escapes) ... ok
test_pattern_compare (test.test_re.ReTests.test_pattern_compare) ... ok
test_pattern_compare_bytes (test.test_re.ReTests.test_pattern_compare_bytes) ... ok
test_pickling (test.test_re.ReTests.test_pickling) ... ok
test_possessive_quantifiers (test.test_re.ReTests.test_possessive_quantifiers)
Test Possessive Quantifiers ... ok
test_possible_set_operations (test.test_re.ReTests.test_possible_set_operations) ... ok
test_qualified_re_split (test.test_re.ReTests.test_qualified_re_split) ... ok
test_qualified_re_sub (test.test_re.ReTests.test_qualified_re_sub) ... ok
test_re_escape (test.test_re.ReTests.test_re_escape) ... ok
test_re_escape_bytes (test.test_re.ReTests.test_re_escape_bytes) ... ok
test_re_escape_non_ascii (test.test_re.ReTests.test_re_escape_non_ascii) ... ok
test_re_escape_non_ascii_bytes (test.test_re.ReTests.test_re_escape_non_ascii_bytes) ... ok
test_re_findall (test.test_re.ReTests.test_re_findall) ... ok
test_re_fullmatch (test.test_re.ReTests.test_re_fullmatch) ... ok
test_re_groupref (test.test_re.ReTests.test_re_groupref) ... ok
test_re_groupref_exists (test.test_re.ReTests.test_re_groupref_exists) ... ok
test_re_groupref_exists_errors (test.test_re.ReTests.test_re_groupref_exists_errors) ... ok
test_re_groupref_exists_validation_bug (test.test_re.ReTests.test_re_groupref_exists_validation_bug) ... ok
test_re_groupref_overflow (test.test_re.ReTests.test_re_groupref_overflow) ... ok
test_re_match (test.test_re.ReTests.test_re_match) ... ok
test_re_split (test.test_re.ReTests.test_re_split) ... ok
test_re_subn (test.test_re.ReTests.test_re_subn) ... ok
test_regression_gh94675 (test.test_re.ReTests.test_regression_gh94675) ... /app/target/cpython-strict/build/python-target/Lib/multiprocessing/resource_tracker.py:233: UserWarning: resource_tracker: process died unexpectedly, relaunching.  Some resources might leak.
  warnings.warn('resource_tracker: process died unexpectedly, '
ERROR
test_repeat_minmax (test.test_re.ReTests.test_repeat_minmax) ... ok
test_repeat_minmax_overflow (test.test_re.ReTests.test_repeat_minmax_overflow) ... ok
test_scanner (test.test_re.ReTests.test_scanner) ... ok
test_scoped_flags (test.test_re.ReTests.test_scoped_flags) ... ok
test_search_anchor_at_beginning (test.test_re.ReTests.test_search_anchor_at_beginning) ... skipped "resource 'cpu' is not enabled"
test_search_coverage (test.test_re.ReTests.test_search_coverage) ... ok
test_search_dot_unicode (test.test_re.ReTests.test_search_dot_unicode) ... ok
test_search_star_plus (test.test_re.ReTests.test_search_star_plus) ... ok
test_special_escapes (test.test_re.ReTests.test_special_escapes) ... ok
test_sre_byte_class_literals (test.test_re.ReTests.test_sre_byte_class_literals) ... ok
test_sre_byte_literals (test.test_re.ReTests.test_sre_byte_literals) ... ok
test_sre_character_class_literals (test.test_re.ReTests.test_sre_character_class_literals) ... ok
test_sre_character_literals (test.test_re.ReTests.test_sre_character_literals) ... ok
test_stack_overflow (test.test_re.ReTests.test_stack_overflow) ... ok
test_sub_template_numeric_escape (test.test_re.ReTests.test_sub_template_numeric_escape) ... ok
test_symbolic_groups (test.test_re.ReTests.test_symbolic_groups) ... ok
test_symbolic_groups_errors (test.test_re.ReTests.test_symbolic_groups_errors) ... ok
test_symbolic_refs (test.test_re.ReTests.test_symbolic_refs) ... ok
test_symbolic_refs_errors (test.test_re.ReTests.test_symbolic_refs_errors) ... ok
test_unlimited_zero_width_repeat (test.test_re.ReTests.test_unlimited_zero_width_repeat) ... ok
test_weakref (test.test_re.ReTests.test_weakref) ... ok
test_word_boundaries (test.test_re.ReTests.test_word_boundaries) ... ok
test_zerowidth (test.test_re.ReTests.test_zerowidth) ... ok

======================================================================
ERROR: test_regression_gh94675 (test.test_re.ReTests.test_regression_gh94675)
----------------------------------------------------------------------
Traceback (most recent call last):
  File "/app/target/cpython-strict/build/python-target/Lib/test/test_re.py", line 2660, in test_regression_gh94675
    p.start()
    ~~~~~~~^^
  File "/app/target/cpython-strict/build/python-target/Lib/multiprocessing/process.py", line 121, in start
    self._popen = self._Popen(self)
                  ~~~~~~~~~~~^^^^^^
  File "/app/target/cpython-strict/build/python-target/Lib/multiprocessing/context.py", line 230, in _Popen
    return _default_context.get_context().Process._Popen(process_obj)
           ~~~~~~~~~~~~~~~~~~~~~~~~~~~~~~~~~~~~~~~~~~~~~^^^^^^^^^^^^^
  File "/app/target/cpython-strict/build/python-target/Lib/multiprocessing/context.py", line 306, in _Popen
    return Popen(process_obj)
  File "/app/target/cpython-strict/build/python-target/Lib/multiprocessing/popen_forkserver.py", line 35, in __init__
    super().__init__(process_obj)
    ~~~~~~~~~~~~~~~~^^^^^^^^^^^^^
  File "/app/target/cpython-strict/build/python-target/Lib/multiprocessing/popen_fork.py", line 20, in __init__
    self._launch(process_obj)
    ~~~~~~~~~~~~^^^^^^^^^^^^^
  File "/app/target/cpython-strict/build/python-target/Lib/multiprocessing/popen_forkserver.py", line 51, in _launch
    self.sentinel, w = forkserver.connect_to_new_process(self._fds)
                       ~~~~~~~~~~~~~~~~~~~~~~~~~~~~~~~~~^^^^^^^^^^^
  File "/app/target/cpython-strict/build/python-target/Lib/multiprocessing/forkserver.py", line 106, in connect_to_new_process
    connection.answer_challenge(
    ~~~~~~~~~~~~~~~~~~~~~~~~~~~^
            wrapped_client, self._forkserver_authkey)
            ^^^^^^^^^^^^^^^^^^^^^^^^^^^^^^^^^^^^^^^^^
  File "/app/target/cpython-strict/build/python-target/Lib/multiprocessing/connection.py", line 995, in answer_challenge
    message = connection.recv_bytes(256)         # reject large message
  File "/app/target/cpython-strict/build/python-target/Lib/multiprocessing/connection.py", line 226, in recv_bytes
    buf = self._recv_bytes(maxlength)
  File "/app/target/cpython-strict/build/python-target/Lib/multiprocessing/connection.py", line 451, in _recv_bytes
    buf = self._recv(4)
  File "/app/target/cpython-strict/build/python-target/Lib/multiprocessing/connection.py", line 416, in _recv
    chunk = read(handle, to_read)
ConnectionResetError: [Errno 104] Connection reset by peer

----------------------------------------------------------------------
Ran 165 tests in 9.613s

FAILED (errors=1, skipped=4)
test test_re failed
0:09:25 load avg: 1.29 [34/43] test_re failed (1 error)
0:09:25 load avg: 1.29 [35/43] test_set
test_copy (test.test_set.TestBasicOpsBytes.test_copy) ... ok
test_empty_difference (test.test_set.TestBasicOpsBytes.test_empty_difference) ... ok
test_empty_difference_rev (test.test_set.TestBasicOpsBytes.test_empty_difference_rev) ... ok
test_empty_intersection (test.test_set.TestBasicOpsBytes.test_empty_intersection) ... ok
test_empty_isdisjoint (test.test_set.TestBasicOpsBytes.test_empty_isdisjoint) ... ok
test_empty_symmetric_difference (test.test_set.TestBasicOpsBytes.test_empty_symmetric_difference) ... ok
test_empty_union (test.test_set.TestBasicOpsBytes.test_empty_union) ... ok
test_equivalent_equality (test.test_set.TestBasicOpsBytes.test_equivalent_equality) ... ok
test_intersection_empty (test.test_set.TestBasicOpsBytes.test_intersection_empty) ... ok
test_isdisjoint_empty (test.test_set.TestBasicOpsBytes.test_isdisjoint_empty) ... ok
test_issue_37219 (test.test_set.TestBasicOpsBytes.test_issue_37219) ... ok
test_iteration (test.test_set.TestBasicOpsBytes.test_iteration) ... ok
test_length (test.test_set.TestBasicOpsBytes.test_length) ... ok
test_pickling (test.test_set.TestBasicOpsBytes.test_pickling) ... ok
test_repr (test.test_set.TestBasicOpsBytes.test_repr) ... ok
test_self_difference (test.test_set.TestBasicOpsBytes.test_self_difference) ... ok
test_self_equality (test.test_set.TestBasicOpsBytes.test_self_equality) ... ok
test_self_intersection (test.test_set.TestBasicOpsBytes.test_self_intersection) ... ok
test_self_isdisjoint (test.test_set.TestBasicOpsBytes.test_self_isdisjoint) ... ok
test_self_symmetric_difference (test.test_set.TestBasicOpsBytes.test_self_symmetric_difference) ... ok
test_self_union (test.test_set.TestBasicOpsBytes.test_self_union) ... ok
test_union_empty (test.test_set.TestBasicOpsBytes.test_union_empty) ... ok
test_copy (test.test_set.TestBasicOpsEmpty.test_copy) ... ok
test_empty_difference (test.test_set.TestBasicOpsEmpty.test_empty_difference) ... ok
test_empty_difference_rev (test.test_set.TestBasicOpsEmpty.test_empty_difference_rev) ... ok
test_empty_intersection (test.test_set.TestBasicOpsEmpty.test_empty_intersection) ... ok
test_empty_isdisjoint (test.test_set.TestBasicOpsEmpty.test_empty_isdisjoint) ... ok
test_empty_symmetric_difference (test.test_set.TestBasicOpsEmpty.test_empty_symmetric_difference) ... ok
test_empty_union (test.test_set.TestBasicOpsEmpty.test_empty_union) ... ok
test_equivalent_equality (test.test_set.TestBasicOpsEmpty.test_equivalent_equality) ... ok
test_intersection_empty (test.test_set.TestBasicOpsEmpty.test_intersection_empty) ... ok
test_isdisjoint_empty (test.test_set.TestBasicOpsEmpty.test_isdisjoint_empty) ... ok
test_issue_37219 (test.test_set.TestBasicOpsEmpty.test_issue_37219) ... ok
test_iteration (test.test_set.TestBasicOpsEmpty.test_iteration) ... ok
test_length (test.test_set.TestBasicOpsEmpty.test_length) ... ok
test_pickling (test.test_set.TestBasicOpsEmpty.test_pickling) ... ok
test_repr (test.test_set.TestBasicOpsEmpty.test_repr) ... ok
test_self_difference (test.test_set.TestBasicOpsEmpty.test_self_difference) ... ok
test_self_equality (test.test_set.TestBasicOpsEmpty.test_self_equality) ... ok
test_self_intersection (test.test_set.TestBasicOpsEmpty.test_self_intersection) ... ok
test_self_isdisjoint (test.test_set.TestBasicOpsEmpty.test_self_isdisjoint) ... ok
test_self_symmetric_difference (test.test_set.TestBasicOpsEmpty.test_self_symmetric_difference) ... ok
test_self_union (test.test_set.TestBasicOpsEmpty.test_self_union) ... ok
test_union_empty (test.test_set.TestBasicOpsEmpty.test_union_empty) ... ok
test_copy (test.test_set.TestBasicOpsMixedStringBytes.test_copy) ... ok
test_empty_difference (test.test_set.TestBasicOpsMixedStringBytes.test_empty_difference) ... ok
test_empty_difference_rev (test.test_set.TestBasicOpsMixedStringBytes.test_empty_difference_rev) ... ok
test_empty_intersection (test.test_set.TestBasicOpsMixedStringBytes.test_empty_intersection) ... ok
test_empty_isdisjoint (test.test_set.TestBasicOpsMixedStringBytes.test_empty_isdisjoint) ... ok
test_empty_symmetric_difference (test.test_set.TestBasicOpsMixedStringBytes.test_empty_symmetric_difference) ... ok
test_empty_union (test.test_set.TestBasicOpsMixedStringBytes.test_empty_union) ... ok
test_equivalent_equality (test.test_set.TestBasicOpsMixedStringBytes.test_equivalent_equality) ... ok
test_intersection_empty (test.test_set.TestBasicOpsMixedStringBytes.test_intersection_empty) ... ok
test_isdisjoint_empty (test.test_set.TestBasicOpsMixedStringBytes.test_isdisjoint_empty) ... ok
test_issue_37219 (test.test_set.TestBasicOpsMixedStringBytes.test_issue_37219) ... ok
test_iteration (test.test_set.TestBasicOpsMixedStringBytes.test_iteration) ... ok
test_length (test.test_set.TestBasicOpsMixedStringBytes.test_length) ... ok
test_pickling (test.test_set.TestBasicOpsMixedStringBytes.test_pickling) ... ok
test_repr (test.test_set.TestBasicOpsMixedStringBytes.test_repr) ... ok
test_self_difference (test.test_set.TestBasicOpsMixedStringBytes.test_self_difference) ... ok
test_self_equality (test.test_set.TestBasicOpsMixedStringBytes.test_self_equality) ... ok
test_self_intersection (test.test_set.TestBasicOpsMixedStringBytes.test_self_intersection) ... ok
test_self_isdisjoint (test.test_set.TestBasicOpsMixedStringBytes.test_self_isdisjoint) ... ok
test_self_symmetric_difference (test.test_set.TestBasicOpsMixedStringBytes.test_self_symmetric_difference) ... ok
test_self_union (test.test_set.TestBasicOpsMixedStringBytes.test_self_union) ... ok
test_union_empty (test.test_set.TestBasicOpsMixedStringBytes.test_union_empty) ... ok
test_copy (test.test_set.TestBasicOpsSingleton.test_copy) ... ok
test_empty_difference (test.test_set.TestBasicOpsSingleton.test_empty_difference) ... ok
test_empty_difference_rev (test.test_set.TestBasicOpsSingleton.test_empty_difference_rev) ... ok
test_empty_intersection (test.test_set.TestBasicOpsSingleton.test_empty_intersection) ... ok
test_empty_isdisjoint (test.test_set.TestBasicOpsSingleton.test_empty_isdisjoint) ... ok
test_empty_symmetric_difference (test.test_set.TestBasicOpsSingleton.test_empty_symmetric_difference) ... ok
test_empty_union (test.test_set.TestBasicOpsSingleton.test_empty_union) ... ok
test_equivalent_equality (test.test_set.TestBasicOpsSingleton.test_equivalent_equality) ... ok
test_in (test.test_set.TestBasicOpsSingleton.test_in) ... ok
test_intersection_empty (test.test_set.TestBasicOpsSingleton.test_intersection_empty) ... ok
test_isdisjoint_empty (test.test_set.TestBasicOpsSingleton.test_isdisjoint_empty) ... ok
test_issue_37219 (test.test_set.TestBasicOpsSingleton.test_issue_37219) ... ok
test_iteration (test.test_set.TestBasicOpsSingleton.test_iteration) ... ok
test_length (test.test_set.TestBasicOpsSingleton.test_length) ... ok
test_not_in (test.test_set.TestBasicOpsSingleton.test_not_in) ... ok
test_pickling (test.test_set.TestBasicOpsSingleton.test_pickling) ... ok
test_repr (test.test_set.TestBasicOpsSingleton.test_repr) ... ok
test_self_difference (test.test_set.TestBasicOpsSingleton.test_self_difference) ... ok
test_self_equality (test.test_set.TestBasicOpsSingleton.test_self_equality) ... ok
test_self_intersection (test.test_set.TestBasicOpsSingleton.test_self_intersection) ... ok
test_self_isdisjoint (test.test_set.TestBasicOpsSingleton.test_self_isdisjoint) ... ok
test_self_symmetric_difference (test.test_set.TestBasicOpsSingleton.test_self_symmetric_difference) ... ok
test_self_union (test.test_set.TestBasicOpsSingleton.test_self_union) ... ok
test_union_empty (test.test_set.TestBasicOpsSingleton.test_union_empty) ... ok
test_copy (test.test_set.TestBasicOpsString.test_copy) ... ok
test_empty_difference (test.test_set.TestBasicOpsString.test_empty_difference) ... ok
test_empty_difference_rev (test.test_set.TestBasicOpsString.test_empty_difference_rev) ... ok
test_empty_intersection (test.test_set.TestBasicOpsString.test_empty_intersection) ... ok
test_empty_isdisjoint (test.test_set.TestBasicOpsString.test_empty_isdisjoint) ... ok
test_empty_symmetric_difference (test.test_set.TestBasicOpsString.test_empty_symmetric_difference) ... ok
test_empty_union (test.test_set.TestBasicOpsString.test_empty_union) ... ok
test_equivalent_equality (test.test_set.TestBasicOpsString.test_equivalent_equality) ... ok
test_intersection_empty (test.test_set.TestBasicOpsString.test_intersection_empty) ... ok
test_isdisjoint_empty (test.test_set.TestBasicOpsString.test_isdisjoint_empty) ... ok
test_issue_37219 (test.test_set.TestBasicOpsString.test_issue_37219) ... ok
test_iteration (test.test_set.TestBasicOpsString.test_iteration) ... ok
test_length (test.test_set.TestBasicOpsString.test_length) ... ok
test_pickling (test.test_set.TestBasicOpsString.test_pickling) ... ok
test_repr (test.test_set.TestBasicOpsString.test_repr) ... ok
test_self_difference (test.test_set.TestBasicOpsString.test_self_difference) ... ok
test_self_equality (test.test_set.TestBasicOpsString.test_self_equality) ... ok
test_self_intersection (test.test_set.TestBasicOpsString.test_self_intersection) ... ok
test_self_isdisjoint (test.test_set.TestBasicOpsString.test_self_isdisjoint) ... ok
test_self_symmetric_difference (test.test_set.TestBasicOpsString.test_self_symmetric_difference) ... ok
test_self_union (test.test_set.TestBasicOpsString.test_self_union) ... ok
test_union_empty (test.test_set.TestBasicOpsString.test_union_empty) ... ok
test_copy (test.test_set.TestBasicOpsTriple.test_copy) ... ok
test_empty_difference (test.test_set.TestBasicOpsTriple.test_empty_difference) ... ok
test_empty_difference_rev (test.test_set.TestBasicOpsTriple.test_empty_difference_rev) ... ok
test_empty_intersection (test.test_set.TestBasicOpsTriple.test_empty_intersection) ... ok
test_empty_isdisjoint (test.test_set.TestBasicOpsTriple.test_empty_isdisjoint) ... ok
test_empty_symmetric_difference (test.test_set.TestBasicOpsTriple.test_empty_symmetric_difference) ... ok
test_empty_union (test.test_set.TestBasicOpsTriple.test_empty_union) ... ok
test_equivalent_equality (test.test_set.TestBasicOpsTriple.test_equivalent_equality) ... ok
test_intersection_empty (test.test_set.TestBasicOpsTriple.test_intersection_empty) ... ok
test_isdisjoint_empty (test.test_set.TestBasicOpsTriple.test_isdisjoint_empty) ... ok
test_issue_37219 (test.test_set.TestBasicOpsTriple.test_issue_37219) ... ok
test_iteration (test.test_set.TestBasicOpsTriple.test_iteration) ... ok
test_length (test.test_set.TestBasicOpsTriple.test_length) ... ok
test_pickling (test.test_set.TestBasicOpsTriple.test_pickling) ... ok
test_repr (test.test_set.TestBasicOpsTriple.test_repr) ... ok
test_self_difference (test.test_set.TestBasicOpsTriple.test_self_difference) ... ok
test_self_equality (test.test_set.TestBasicOpsTriple.test_self_equality) ... ok
test_self_intersection (test.test_set.TestBasicOpsTriple.test_self_intersection) ... ok
test_self_isdisjoint (test.test_set.TestBasicOpsTriple.test_self_isdisjoint) ... ok
test_self_symmetric_difference (test.test_set.TestBasicOpsTriple.test_self_symmetric_difference) ... ok
test_self_union (test.test_set.TestBasicOpsTriple.test_self_union) ... ok
test_union_empty (test.test_set.TestBasicOpsTriple.test_union_empty) ... ok
test_copy (test.test_set.TestBasicOpsTuple.test_copy) ... ok
test_empty_difference (test.test_set.TestBasicOpsTuple.test_empty_difference) ... ok
test_empty_difference_rev (test.test_set.TestBasicOpsTuple.test_empty_difference_rev) ... ok
test_empty_intersection (test.test_set.TestBasicOpsTuple.test_empty_intersection) ... ok
test_empty_isdisjoint (test.test_set.TestBasicOpsTuple.test_empty_isdisjoint) ... ok
test_empty_symmetric_difference (test.test_set.TestBasicOpsTuple.test_empty_symmetric_difference) ... ok
test_empty_union (test.test_set.TestBasicOpsTuple.test_empty_union) ... ok
test_equivalent_equality (test.test_set.TestBasicOpsTuple.test_equivalent_equality) ... ok
test_in (test.test_set.TestBasicOpsTuple.test_in) ... ok
test_intersection_empty (test.test_set.TestBasicOpsTuple.test_intersection_empty) ... ok
test_isdisjoint_empty (test.test_set.TestBasicOpsTuple.test_isdisjoint_empty) ... ok
test_issue_37219 (test.test_set.TestBasicOpsTuple.test_issue_37219) ... ok
test_iteration (test.test_set.TestBasicOpsTuple.test_iteration) ... ok
test_length (test.test_set.TestBasicOpsTuple.test_length) ... ok
test_not_in (test.test_set.TestBasicOpsTuple.test_not_in) ... ok
test_pickling (test.test_set.TestBasicOpsTuple.test_pickling) ... ok
test_repr (test.test_set.TestBasicOpsTuple.test_repr) ... ok
test_self_difference (test.test_set.TestBasicOpsTuple.test_self_difference) ... ok
test_self_equality (test.test_set.TestBasicOpsTuple.test_self_equality) ... ok
test_self_intersection (test.test_set.TestBasicOpsTuple.test_self_intersection) ... ok
test_self_isdisjoint (test.test_set.TestBasicOpsTuple.test_self_isdisjoint) ... ok
test_self_symmetric_difference (test.test_set.TestBasicOpsTuple.test_self_symmetric_difference) ... ok
test_self_union (test.test_set.TestBasicOpsTuple.test_self_union) ... ok
test_union_empty (test.test_set.TestBasicOpsTuple.test_union_empty) ... ok
test_eq (test.test_set.TestBinaryOps.test_eq) ... ok
test_intersection_non_overlap (test.test_set.TestBinaryOps.test_intersection_non_overlap) ... ok
test_intersection_overlap (test.test_set.TestBinaryOps.test_intersection_overlap) ... ok
test_intersection_subset (test.test_set.TestBinaryOps.test_intersection_subset) ... ok
test_intersection_superset (test.test_set.TestBinaryOps.test_intersection_superset) ... ok
test_isdisjoint_non_overlap (test.test_set.TestBinaryOps.test_isdisjoint_non_overlap) ... ok
test_isdisjoint_overlap (test.test_set.TestBinaryOps.test_isdisjoint_overlap) ... ok
test_isdisjoint_subset (test.test_set.TestBinaryOps.test_isdisjoint_subset) ... ok
test_isdisjoint_superset (test.test_set.TestBinaryOps.test_isdisjoint_superset) ... ok
test_sym_difference_non_overlap (test.test_set.TestBinaryOps.test_sym_difference_non_overlap) ... ok
test_sym_difference_overlap (test.test_set.TestBinaryOps.test_sym_difference_overlap) ... ok
test_sym_difference_subset (test.test_set.TestBinaryOps.test_sym_difference_subset) ... ok
test_sym_difference_superset (test.test_set.TestBinaryOps.test_sym_difference_superset) ... ok
test_union_non_overlap (test.test_set.TestBinaryOps.test_union_non_overlap) ... ok
test_union_overlap (test.test_set.TestBinaryOps.test_union_overlap) ... ok
test_union_subset (test.test_set.TestBinaryOps.test_union_subset) ... ok
test_union_superset (test.test_set.TestBinaryOps.test_union_superset) ... ok
test_and_with_mutation (test.test_set.TestBinaryOpsMutating_Set_Set.test_and_with_mutation) ... ok
test_eq_with_mutation (test.test_set.TestBinaryOpsMutating_Set_Set.test_eq_with_mutation) ... ok
test_ge_with_mutation (test.test_set.TestBinaryOpsMutating_Set_Set.test_ge_with_mutation) ... ok
test_gt_with_mutation (test.test_set.TestBinaryOpsMutating_Set_Set.test_gt_with_mutation) ... ok
test_iadd_with_mutation (test.test_set.TestBinaryOpsMutating_Set_Set.test_iadd_with_mutation) ... ok
test_ior_with_mutation (test.test_set.TestBinaryOpsMutating_Set_Set.test_ior_with_mutation) ... ok
test_isub_with_mutation (test.test_set.TestBinaryOpsMutating_Set_Set.test_isub_with_mutation) ... ok
test_iteration_with_mutation (test.test_set.TestBinaryOpsMutating_Set_Set.test_iteration_with_mutation) ... ok
test_ixor_with_mutation (test.test_set.TestBinaryOpsMutating_Set_Set.test_ixor_with_mutation) ... ok
test_le_with_mutation (test.test_set.TestBinaryOpsMutating_Set_Set.test_le_with_mutation) ... ok
test_lt_with_mutation (test.test_set.TestBinaryOpsMutating_Set_Set.test_lt_with_mutation) ... ok
test_ne_with_mutation (test.test_set.TestBinaryOpsMutating_Set_Set.test_ne_with_mutation) ... ok
test_or_with_mutation (test.test_set.TestBinaryOpsMutating_Set_Set.test_or_with_mutation) ... ok
test_sub_with_mutation (test.test_set.TestBinaryOpsMutating_Set_Set.test_sub_with_mutation) ... ok
test_xor_with_mutation (test.test_set.TestBinaryOpsMutating_Set_Set.test_xor_with_mutation) ... ok
test_and_with_mutation (test.test_set.TestBinaryOpsMutating_Set_Subclass.test_and_with_mutation) ... ok
test_eq_with_mutation (test.test_set.TestBinaryOpsMutating_Set_Subclass.test_eq_with_mutation) ... ok
test_ge_with_mutation (test.test_set.TestBinaryOpsMutating_Set_Subclass.test_ge_with_mutation) ... ok
test_gt_with_mutation (test.test_set.TestBinaryOpsMutating_Set_Subclass.test_gt_with_mutation) ... ok
test_iadd_with_mutation (test.test_set.TestBinaryOpsMutating_Set_Subclass.test_iadd_with_mutation) ... ok
test_ior_with_mutation (test.test_set.TestBinaryOpsMutating_Set_Subclass.test_ior_with_mutation) ... ok
test_isub_with_mutation (test.test_set.TestBinaryOpsMutating_Set_Subclass.test_isub_with_mutation) ... ok
test_iteration_with_mutation (test.test_set.TestBinaryOpsMutating_Set_Subclass.test_iteration_with_mutation) ... ok
test_ixor_with_mutation (test.test_set.TestBinaryOpsMutating_Set_Subclass.test_ixor_with_mutation) ... ok
test_le_with_mutation (test.test_set.TestBinaryOpsMutating_Set_Subclass.test_le_with_mutation) ... ok
test_lt_with_mutation (test.test_set.TestBinaryOpsMutating_Set_Subclass.test_lt_with_mutation) ... ok
test_ne_with_mutation (test.test_set.TestBinaryOpsMutating_Set_Subclass.test_ne_with_mutation) ... ok
test_or_with_mutation (test.test_set.TestBinaryOpsMutating_Set_Subclass.test_or_with_mutation) ... ok
test_sub_with_mutation (test.test_set.TestBinaryOpsMutating_Set_Subclass.test_sub_with_mutation) ... ok
test_xor_with_mutation (test.test_set.TestBinaryOpsMutating_Set_Subclass.test_xor_with_mutation) ... ok
test_and_with_mutation (test.test_set.TestBinaryOpsMutating_Subclass_Set.test_and_with_mutation) ... ok
test_eq_with_mutation (test.test_set.TestBinaryOpsMutating_Subclass_Set.test_eq_with_mutation) ... ok
test_ge_with_mutation (test.test_set.TestBinaryOpsMutating_Subclass_Set.test_ge_with_mutation) ... ok
test_gt_with_mutation (test.test_set.TestBinaryOpsMutating_Subclass_Set.test_gt_with_mutation) ... ok
test_iadd_with_mutation (test.test_set.TestBinaryOpsMutating_Subclass_Set.test_iadd_with_mutation) ... ok
test_ior_with_mutation (test.test_set.TestBinaryOpsMutating_Subclass_Set.test_ior_with_mutation) ... ok
test_isub_with_mutation (test.test_set.TestBinaryOpsMutating_Subclass_Set.test_isub_with_mutation) ... ok
test_iteration_with_mutation (test.test_set.TestBinaryOpsMutating_Subclass_Set.test_iteration_with_mutation) ... ok
test_ixor_with_mutation (test.test_set.TestBinaryOpsMutating_Subclass_Set.test_ixor_with_mutation) ... ok
test_le_with_mutation (test.test_set.TestBinaryOpsMutating_Subclass_Set.test_le_with_mutation) ... ok
test_lt_with_mutation (test.test_set.TestBinaryOpsMutating_Subclass_Set.test_lt_with_mutation) ... ok
test_ne_with_mutation (test.test_set.TestBinaryOpsMutating_Subclass_Set.test_ne_with_mutation) ... ok
test_or_with_mutation (test.test_set.TestBinaryOpsMutating_Subclass_Set.test_or_with_mutation) ... ok
test_sub_with_mutation (test.test_set.TestBinaryOpsMutating_Subclass_Set.test_sub_with_mutation) ... ok
test_xor_with_mutation (test.test_set.TestBinaryOpsMutating_Subclass_Set.test_xor_with_mutation) ... ok
test_and_with_mutation (test.test_set.TestBinaryOpsMutating_Subclass_Subclass.test_and_with_mutation) ... ok
test_eq_with_mutation (test.test_set.TestBinaryOpsMutating_Subclass_Subclass.test_eq_with_mutation) ... ok
test_ge_with_mutation (test.test_set.TestBinaryOpsMutating_Subclass_Subclass.test_ge_with_mutation) ... ok
test_gt_with_mutation (test.test_set.TestBinaryOpsMutating_Subclass_Subclass.test_gt_with_mutation) ... ok
test_iadd_with_mutation (test.test_set.TestBinaryOpsMutating_Subclass_Subclass.test_iadd_with_mutation) ... ok
test_ior_with_mutation (test.test_set.TestBinaryOpsMutating_Subclass_Subclass.test_ior_with_mutation) ... ok
test_isub_with_mutation (test.test_set.TestBinaryOpsMutating_Subclass_Subclass.test_isub_with_mutation) ... ok
test_iteration_with_mutation (test.test_set.TestBinaryOpsMutating_Subclass_Subclass.test_iteration_with_mutation) ... ok
test_ixor_with_mutation (test.test_set.TestBinaryOpsMutating_Subclass_Subclass.test_ixor_with_mutation) ... ok
test_le_with_mutation (test.test_set.TestBinaryOpsMutating_Subclass_Subclass.test_le_with_mutation) ... ok
test_lt_with_mutation (test.test_set.TestBinaryOpsMutating_Subclass_Subclass.test_lt_with_mutation) ... ok
test_ne_with_mutation (test.test_set.TestBinaryOpsMutating_Subclass_Subclass.test_ne_with_mutation) ... ok
test_or_with_mutation (test.test_set.TestBinaryOpsMutating_Subclass_Subclass.test_or_with_mutation) ... ok
test_sub_with_mutation (test.test_set.TestBinaryOpsMutating_Subclass_Subclass.test_sub_with_mutation) ... ok
test_xor_with_mutation (test.test_set.TestBinaryOpsMutating_Subclass_Subclass.test_xor_with_mutation) ... ok
test_copy (test.test_set.TestCopyingEmpty.test_copy) ... ok
test_deep_copy (test.test_set.TestCopyingEmpty.test_deep_copy) ... ok
test_copy (test.test_set.TestCopyingNested.test_copy) ... ok
test_deep_copy (test.test_set.TestCopyingNested.test_deep_copy) ... ok
test_copy (test.test_set.TestCopyingSingleton.test_copy) ... ok
test_deep_copy (test.test_set.TestCopyingSingleton.test_deep_copy) ... ok
test_copy (test.test_set.TestCopyingTriple.test_copy) ... ok
test_deep_copy (test.test_set.TestCopyingTriple.test_deep_copy) ... ok
test_copy (test.test_set.TestCopyingTuple.test_copy) ... ok
test_deep_copy (test.test_set.TestCopyingTuple.test_deep_copy) ... ok
test_changingSizeWhileIterating (test.test_set.TestExceptionPropagation.test_changingSizeWhileIterating) ... ok
test_instanceWithException (test.test_set.TestExceptionPropagation.test_instanceWithException) ... ok
test_instancesWithoutException (test.test_set.TestExceptionPropagation.test_instancesWithoutException) ... ok
test_and (test.test_set.TestFrozenSet.test_and) ... ok
test_badcmp (test.test_set.TestFrozenSet.test_badcmp) ... ok
test_constructor_identity (test.test_set.TestFrozenSet.test_constructor_identity) ... ok
test_container_iterator (test.test_set.TestFrozenSet.test_container_iterator) ... ok
test_contains (test.test_set.TestFrozenSet.test_contains) ... ok
test_copy (test.test_set.TestFrozenSet.test_copy) ... ok
test_cyclical_repr (test.test_set.TestFrozenSet.test_cyclical_repr) ... ok
test_deepcopy (test.test_set.TestFrozenSet.test_deepcopy) ... ok
test_difference (test.test_set.TestFrozenSet.test_difference) ... ok
test_do_not_rehash_dict_keys (test.test_set.TestFrozenSet.test_do_not_rehash_dict_keys) ... ok
test_equality (test.test_set.TestFrozenSet.test_equality) ... ok
test_free_after_iterating (test.test_set.TestFrozenSet.test_free_after_iterating) ... ok
test_frozen_as_dictkey (test.test_set.TestFrozenSet.test_frozen_as_dictkey) ... ok
test_gc (test.test_set.TestFrozenSet.test_gc) ... ok
test_hash (test.test_set.TestFrozenSet.test_hash) ... ok
test_hash_caching (test.test_set.TestFrozenSet.test_hash_caching) ... ok
test_hash_effectiveness (test.test_set.TestFrozenSet.test_hash_effectiveness) ... ok
test_init (test.test_set.TestFrozenSet.test_init) ... ok
test_intersection (test.test_set.TestFrozenSet.test_intersection) ... ok
test_isdisjoint (test.test_set.TestFrozenSet.test_isdisjoint) ... ok
test_iterator_pickling (test.test_set.TestFrozenSet.test_iterator_pickling) ... ok
test_len (test.test_set.TestFrozenSet.test_len) ... ok
test_new_or_init (test.test_set.TestFrozenSet.test_new_or_init) ... ok
test_or (test.test_set.TestFrozenSet.test_or) ... ok
test_pickling (test.test_set.TestFrozenSet.test_pickling) ... ok
test_setOfFrozensets (test.test_set.TestFrozenSet.test_setOfFrozensets) ... ok
test_sub (test.test_set.TestFrozenSet.test_sub) ... ok
test_sub_and_super (test.test_set.TestFrozenSet.test_sub_and_super) ... ok
test_subclass_with_custom_hash (test.test_set.TestFrozenSet.test_subclass_with_custom_hash) ... ok
test_symmetric_difference (test.test_set.TestFrozenSet.test_symmetric_difference) ... ok
test_union (test.test_set.TestFrozenSet.test_union) ... ok
test_uniquification (test.test_set.TestFrozenSet.test_uniquification) ... ok
test_xor (test.test_set.TestFrozenSet.test_xor) ... ok
test_and (test.test_set.TestFrozenSetSubclass.test_and) ... ok
test_badcmp (test.test_set.TestFrozenSetSubclass.test_badcmp) ... ok
test_constructor_identity (test.test_set.TestFrozenSetSubclass.test_constructor_identity) ... ok
test_container_iterator (test.test_set.TestFrozenSetSubclass.test_container_iterator) ... ok
test_contains (test.test_set.TestFrozenSetSubclass.test_contains) ... ok
test_copy (test.test_set.TestFrozenSetSubclass.test_copy) ... ok
test_cyclical_repr (test.test_set.TestFrozenSetSubclass.test_cyclical_repr) ... ok
test_deepcopy (test.test_set.TestFrozenSetSubclass.test_deepcopy) ... ok
test_difference (test.test_set.TestFrozenSetSubclass.test_difference) ... ok
test_do_not_rehash_dict_keys (test.test_set.TestFrozenSetSubclass.test_do_not_rehash_dict_keys) ... ok
test_equality (test.test_set.TestFrozenSetSubclass.test_equality) ... ok
test_free_after_iterating (test.test_set.TestFrozenSetSubclass.test_free_after_iterating) ... ok
test_frozen_as_dictkey (test.test_set.TestFrozenSetSubclass.test_frozen_as_dictkey) ... ok
test_gc (test.test_set.TestFrozenSetSubclass.test_gc) ... ok
test_hash (test.test_set.TestFrozenSetSubclass.test_hash) ... ok
test_hash_caching (test.test_set.TestFrozenSetSubclass.test_hash_caching) ... ok
test_hash_effectiveness (test.test_set.TestFrozenSetSubclass.test_hash_effectiveness) ... ok
test_init (test.test_set.TestFrozenSetSubclass.test_init) ... ok
test_intersection (test.test_set.TestFrozenSetSubclass.test_intersection) ... ok
test_isdisjoint (test.test_set.TestFrozenSetSubclass.test_isdisjoint) ... ok
test_iterator_pickling (test.test_set.TestFrozenSetSubclass.test_iterator_pickling) ... ok
test_keywords_in_subclass (test.test_set.TestFrozenSetSubclass.test_keywords_in_subclass) ... ok
test_len (test.test_set.TestFrozenSetSubclass.test_len) ... ok
test_nested_empty_constructor (test.test_set.TestFrozenSetSubclass.test_nested_empty_constructor) ... ok
test_new_or_init (test.test_set.TestFrozenSetSubclass.test_new_or_init) ... ok
test_or (test.test_set.TestFrozenSetSubclass.test_or) ... ok
test_pickling (test.test_set.TestFrozenSetSubclass.test_pickling) ... ok
test_setOfFrozensets (test.test_set.TestFrozenSetSubclass.test_setOfFrozensets) ... ok
test_singleton_empty_frozenset (test.test_set.TestFrozenSetSubclass.test_singleton_empty_frozenset) ... ok
test_sub (test.test_set.TestFrozenSetSubclass.test_sub) ... ok
test_sub_and_super (test.test_set.TestFrozenSetSubclass.test_sub_and_super) ... ok
test_subclass_with_custom_hash (test.test_set.TestFrozenSetSubclass.test_subclass_with_custom_hash) ... ok
test_symmetric_difference (test.test_set.TestFrozenSetSubclass.test_symmetric_difference) ... ok
test_union (test.test_set.TestFrozenSetSubclass.test_union) ... ok
test_uniquification (test.test_set.TestFrozenSetSubclass.test_uniquification) ... ok
test_xor (test.test_set.TestFrozenSetSubclass.test_xor) ... ok
test_pickling (test.test_set.TestFrozenSetSubclassWithSlots.test_pickling) ... ok
test_cube (test.test_set.TestGraphs.test_cube) ... ok
test_cuboctahedron (test.test_set.TestGraphs.test_cuboctahedron) ... ok
test_binopsVsSubsets (test.test_set.TestIdentities.test_binopsVsSubsets) ... ok
test_commutativity (test.test_set.TestIdentities.test_commutativity) ... ok
test_exclusion (test.test_set.TestIdentities.test_exclusion) ... ok
test_summations (test.test_set.TestIdentities.test_summations) ... ok
test_difference_update_with_mutation (test.test_set.TestMethodsMutating_Set_Dict.test_difference_update_with_mutation) ... ok
test_difference_with_mutation (test.test_set.TestMethodsMutating_Set_Dict.test_difference_with_mutation) ... ok
test_intersection_update_with_mutation (test.test_set.TestMethodsMutating_Set_Dict.test_intersection_update_with_mutation) ... ok
test_intersection_with_mutation (test.test_set.TestMethodsMutating_Set_Dict.test_intersection_with_mutation) ... ok
test_isdisjoint_with_mutation (test.test_set.TestMethodsMutating_Set_Dict.test_isdisjoint_with_mutation) ... ok
test_issubset_with_mutation (test.test_set.TestMethodsMutating_Set_Dict.test_issubset_with_mutation) ... ok
test_issuperset_with_mutation (test.test_set.TestMethodsMutating_Set_Dict.test_issuperset_with_mutation) ... ok
test_symmetric_difference_update_with_mutation (test.test_set.TestMethodsMutating_Set_Dict.test_symmetric_difference_update_with_mutation) ... ok
test_symmetric_difference_with_mutation (test.test_set.TestMethodsMutating_Set_Dict.test_symmetric_difference_with_mutation) ... ok
test_union_with_mutation (test.test_set.TestMethodsMutating_Set_Dict.test_union_with_mutation) ... ok
test_update_with_mutation (test.test_set.TestMethodsMutating_Set_Dict.test_update_with_mutation) ... ok
test_difference_update_with_mutation (test.test_set.TestMethodsMutating_Set_List.test_difference_update_with_mutation) ... ok
test_difference_with_mutation (test.test_set.TestMethodsMutating_Set_List.test_difference_with_mutation) ... ok
test_intersection_update_with_mutation (test.test_set.TestMethodsMutating_Set_List.test_intersection_update_with_mutation) ... ok
test_intersection_with_mutation (test.test_set.TestMethodsMutating_Set_List.test_intersection_with_mutation) ... ok
test_isdisjoint_with_mutation (test.test_set.TestMethodsMutating_Set_List.test_isdisjoint_with_mutation) ... ok
test_issubset_with_mutation (test.test_set.TestMethodsMutating_Set_List.test_issubset_with_mutation) ... ok
test_issuperset_with_mutation (test.test_set.TestMethodsMutating_Set_List.test_issuperset_with_mutation) ... ok
test_symmetric_difference_update_with_mutation (test.test_set.TestMethodsMutating_Set_List.test_symmetric_difference_update_with_mutation) ... ok
test_symmetric_difference_with_mutation (test.test_set.TestMethodsMutating_Set_List.test_symmetric_difference_with_mutation) ... ok
test_union_with_mutation (test.test_set.TestMethodsMutating_Set_List.test_union_with_mutation) ... ok
test_update_with_mutation (test.test_set.TestMethodsMutating_Set_List.test_update_with_mutation) ... ok
test_difference_update_with_mutation (test.test_set.TestMethodsMutating_Set_Set.test_difference_update_with_mutation) ... ok
test_difference_with_mutation (test.test_set.TestMethodsMutating_Set_Set.test_difference_with_mutation) ... ok
test_intersection_update_with_mutation (test.test_set.TestMethodsMutating_Set_Set.test_intersection_update_with_mutation) ... ok
test_intersection_with_mutation (test.test_set.TestMethodsMutating_Set_Set.test_intersection_with_mutation) ... ok
test_isdisjoint_with_mutation (test.test_set.TestMethodsMutating_Set_Set.test_isdisjoint_with_mutation) ... ok
test_issubset_with_mutation (test.test_set.TestMethodsMutating_Set_Set.test_issubset_with_mutation) ... ok
test_issuperset_with_mutation (test.test_set.TestMethodsMutating_Set_Set.test_issuperset_with_mutation) ... ok
test_symmetric_difference_update_with_mutation (test.test_set.TestMethodsMutating_Set_Set.test_symmetric_difference_update_with_mutation) ... ok
test_symmetric_difference_with_mutation (test.test_set.TestMethodsMutating_Set_Set.test_symmetric_difference_with_mutation) ... ok
test_union_with_mutation (test.test_set.TestMethodsMutating_Set_Set.test_union_with_mutation) ... ok
test_update_with_mutation (test.test_set.TestMethodsMutating_Set_Set.test_update_with_mutation) ... ok
test_difference_update_with_mutation (test.test_set.TestMethodsMutating_Set_Subclass.test_difference_update_with_mutation) ... ok
test_difference_with_mutation (test.test_set.TestMethodsMutating_Set_Subclass.test_difference_with_mutation) ... ok
test_intersection_update_with_mutation (test.test_set.TestMethodsMutating_Set_Subclass.test_intersection_update_with_mutation) ... ok
test_intersection_with_mutation (test.test_set.TestMethodsMutating_Set_Subclass.test_intersection_with_mutation) ... ok
test_isdisjoint_with_mutation (test.test_set.TestMethodsMutating_Set_Subclass.test_isdisjoint_with_mutation) ... ok
test_issubset_with_mutation (test.test_set.TestMethodsMutating_Set_Subclass.test_issubset_with_mutation) ... ok
test_issuperset_with_mutation (test.test_set.TestMethodsMutating_Set_Subclass.test_issuperset_with_mutation) ... ok
test_symmetric_difference_update_with_mutation (test.test_set.TestMethodsMutating_Set_Subclass.test_symmetric_difference_update_with_mutation) ... ok
test_symmetric_difference_with_mutation (test.test_set.TestMethodsMutating_Set_Subclass.test_symmetric_difference_with_mutation) ... ok
test_union_with_mutation (test.test_set.TestMethodsMutating_Set_Subclass.test_union_with_mutation) ... ok
test_update_with_mutation (test.test_set.TestMethodsMutating_Set_Subclass.test_update_with_mutation) ... ok
test_difference_update_with_mutation (test.test_set.TestMethodsMutating_Subclass_Set.test_difference_update_with_mutation) ... ok
test_difference_with_mutation (test.test_set.TestMethodsMutating_Subclass_Set.test_difference_with_mutation) ... ok
test_intersection_update_with_mutation (test.test_set.TestMethodsMutating_Subclass_Set.test_intersection_update_with_mutation) ... ok
test_intersection_with_mutation (test.test_set.TestMethodsMutating_Subclass_Set.test_intersection_with_mutation) ... ok
test_isdisjoint_with_mutation (test.test_set.TestMethodsMutating_Subclass_Set.test_isdisjoint_with_mutation) ... ok
test_issubset_with_mutation (test.test_set.TestMethodsMutating_Subclass_Set.test_issubset_with_mutation) ... ok
test_issuperset_with_mutation (test.test_set.TestMethodsMutating_Subclass_Set.test_issuperset_with_mutation) ... ok
test_symmetric_difference_update_with_mutation (test.test_set.TestMethodsMutating_Subclass_Set.test_symmetric_difference_update_with_mutation) ... ok
test_symmetric_difference_with_mutation (test.test_set.TestMethodsMutating_Subclass_Set.test_symmetric_difference_with_mutation) ... ok
test_union_with_mutation (test.test_set.TestMethodsMutating_Subclass_Set.test_union_with_mutation) ... ok
test_update_with_mutation (test.test_set.TestMethodsMutating_Subclass_Set.test_update_with_mutation) ... ok
test_difference_update_with_mutation (test.test_set.TestMethodsMutating_Subclass_Subclass.test_difference_update_with_mutation) ... ok
test_difference_with_mutation (test.test_set.TestMethodsMutating_Subclass_Subclass.test_difference_with_mutation) ... ok
test_intersection_update_with_mutation (test.test_set.TestMethodsMutating_Subclass_Subclass.test_intersection_update_with_mutation) ... ok
test_intersection_with_mutation (test.test_set.TestMethodsMutating_Subclass_Subclass.test_intersection_with_mutation) ... ok
test_isdisjoint_with_mutation (test.test_set.TestMethodsMutating_Subclass_Subclass.test_isdisjoint_with_mutation) ... ok
test_issubset_with_mutation (test.test_set.TestMethodsMutating_Subclass_Subclass.test_issubset_with_mutation) ... ok
test_issuperset_with_mutation (test.test_set.TestMethodsMutating_Subclass_Subclass.test_issuperset_with_mutation) ... ok
test_symmetric_difference_update_with_mutation (test.test_set.TestMethodsMutating_Subclass_Subclass.test_symmetric_difference_update_with_mutation) ... ok
test_symmetric_difference_with_mutation (test.test_set.TestMethodsMutating_Subclass_Subclass.test_symmetric_difference_with_mutation) ... ok
test_union_with_mutation (test.test_set.TestMethodsMutating_Subclass_Subclass.test_union_with_mutation) ... ok
test_update_with_mutation (test.test_set.TestMethodsMutating_Subclass_Subclass.test_update_with_mutation) ... ok
test_add_absent (test.test_set.TestMutate.test_add_absent) ... ok
test_add_present (test.test_set.TestMutate.test_add_present) ... ok
test_add_until_full (test.test_set.TestMutate.test_add_until_full) ... ok
test_clear (test.test_set.TestMutate.test_clear) ... ok
test_discard_absent (test.test_set.TestMutate.test_discard_absent) ... ok
test_discard_present (test.test_set.TestMutate.test_discard_present) ... ok
test_pop (test.test_set.TestMutate.test_pop) ... ok
test_remove_absent (test.test_set.TestMutate.test_remove_absent) ... ok
test_remove_present (test.test_set.TestMutate.test_remove_present) ... ok
test_remove_until_empty (test.test_set.TestMutate.test_remove_until_empty) ... ok
test_update_empty_tuple (test.test_set.TestMutate.test_update_empty_tuple) ... ok
test_update_unit_tuple_non_overlap (test.test_set.TestMutate.test_update_unit_tuple_non_overlap) ... ok
test_update_unit_tuple_overlap (test.test_set.TestMutate.test_update_unit_tuple_overlap) ... ok
test_difference (test.test_set.TestOnlySetsDict.test_difference) ... ok
test_difference_update (test.test_set.TestOnlySetsDict.test_difference_update) ... ok
test_difference_update_operator (test.test_set.TestOnlySetsDict.test_difference_update_operator) ... ok
test_eq_ne (test.test_set.TestOnlySetsDict.test_eq_ne) ... ok
test_ge_gt_le_lt (test.test_set.TestOnlySetsDict.test_ge_gt_le_lt) ... ok
test_intersection (test.test_set.TestOnlySetsDict.test_intersection) ... ok
test_intersection_update (test.test_set.TestOnlySetsDict.test_intersection_update) ... ok
test_intersection_update_operator (test.test_set.TestOnlySetsDict.test_intersection_update_operator) ... ok
test_sym_difference (test.test_set.TestOnlySetsDict.test_sym_difference) ... ok
test_sym_difference_update (test.test_set.TestOnlySetsDict.test_sym_difference_update) ... ok
test_sym_difference_update_operator (test.test_set.TestOnlySetsDict.test_sym_difference_update_operator) ... ok
test_union (test.test_set.TestOnlySetsDict.test_union) ... ok
test_update (test.test_set.TestOnlySetsDict.test_update) ... ok
test_update_operator (test.test_set.TestOnlySetsDict.test_update_operator) ... ok
test_difference (test.test_set.TestOnlySetsGenerator.test_difference) ... ok
test_difference_update (test.test_set.TestOnlySetsGenerator.test_difference_update) ... ok
test_difference_update_operator (test.test_set.TestOnlySetsGenerator.test_difference_update_operator) ... ok
test_eq_ne (test.test_set.TestOnlySetsGenerator.test_eq_ne) ... ok
test_ge_gt_le_lt (test.test_set.TestOnlySetsGenerator.test_ge_gt_le_lt) ... ok
test_intersection (test.test_set.TestOnlySetsGenerator.test_intersection) ... ok
test_intersection_update (test.test_set.TestOnlySetsGenerator.test_intersection_update) ... ok
test_intersection_update_operator (test.test_set.TestOnlySetsGenerator.test_intersection_update_operator) ... ok
test_sym_difference (test.test_set.TestOnlySetsGenerator.test_sym_difference) ... ok
test_sym_difference_update (test.test_set.TestOnlySetsGenerator.test_sym_difference_update) ... ok
test_sym_difference_update_operator (test.test_set.TestOnlySetsGenerator.test_sym_difference_update_operator) ... ok
test_union (test.test_set.TestOnlySetsGenerator.test_union) ... ok
test_update (test.test_set.TestOnlySetsGenerator.test_update) ... ok
test_update_operator (test.test_set.TestOnlySetsGenerator.test_update_operator) ... ok
test_difference (test.test_set.TestOnlySetsNumeric.test_difference) ... ok
test_difference_update (test.test_set.TestOnlySetsNumeric.test_difference_update) ... ok
test_difference_update_operator (test.test_set.TestOnlySetsNumeric.test_difference_update_operator) ... ok
test_eq_ne (test.test_set.TestOnlySetsNumeric.test_eq_ne) ... ok
test_ge_gt_le_lt (test.test_set.TestOnlySetsNumeric.test_ge_gt_le_lt) ... ok
test_intersection (test.test_set.TestOnlySetsNumeric.test_intersection) ... ok
test_intersection_update (test.test_set.TestOnlySetsNumeric.test_intersection_update) ... ok
test_intersection_update_operator (test.test_set.TestOnlySetsNumeric.test_intersection_update_operator) ... ok
test_sym_difference (test.test_set.TestOnlySetsNumeric.test_sym_difference) ... ok
test_sym_difference_update (test.test_set.TestOnlySetsNumeric.test_sym_difference_update) ... ok
test_sym_difference_update_operator (test.test_set.TestOnlySetsNumeric.test_sym_difference_update_operator) ... ok
test_union (test.test_set.TestOnlySetsNumeric.test_union) ... ok
test_update (test.test_set.TestOnlySetsNumeric.test_update) ... ok
test_update_operator (test.test_set.TestOnlySetsNumeric.test_update_operator) ... ok
test_difference (test.test_set.TestOnlySetsOperator.test_difference) ... ok
test_difference_update (test.test_set.TestOnlySetsOperator.test_difference_update) ... ok
test_difference_update_operator (test.test_set.TestOnlySetsOperator.test_difference_update_operator) ... ok
test_eq_ne (test.test_set.TestOnlySetsOperator.test_eq_ne) ... ok
test_ge_gt_le_lt (test.test_set.TestOnlySetsOperator.test_ge_gt_le_lt) ... ok
test_intersection (test.test_set.TestOnlySetsOperator.test_intersection) ... ok
test_intersection_update (test.test_set.TestOnlySetsOperator.test_intersection_update) ... ok
test_intersection_update_operator (test.test_set.TestOnlySetsOperator.test_intersection_update_operator) ... ok
test_sym_difference (test.test_set.TestOnlySetsOperator.test_sym_difference) ... ok
test_sym_difference_update (test.test_set.TestOnlySetsOperator.test_sym_difference_update) ... ok
test_sym_difference_update_operator (test.test_set.TestOnlySetsOperator.test_sym_difference_update_operator) ... ok
test_union (test.test_set.TestOnlySetsOperator.test_union) ... ok
test_update (test.test_set.TestOnlySetsOperator.test_update) ... ok
test_update_operator (test.test_set.TestOnlySetsOperator.test_update_operator) ... ok
test_difference (test.test_set.TestOnlySetsString.test_difference) ... ok
test_difference_update (test.test_set.TestOnlySetsString.test_difference_update) ... ok
test_difference_update_operator (test.test_set.TestOnlySetsString.test_difference_update_operator) ... ok
test_eq_ne (test.test_set.TestOnlySetsString.test_eq_ne) ... ok
test_ge_gt_le_lt (test.test_set.TestOnlySetsString.test_ge_gt_le_lt) ... ok
test_intersection (test.test_set.TestOnlySetsString.test_intersection) ... ok
test_intersection_update (test.test_set.TestOnlySetsString.test_intersection_update) ... ok
test_intersection_update_operator (test.test_set.TestOnlySetsString.test_intersection_update_operator) ... ok
test_sym_difference (test.test_set.TestOnlySetsString.test_sym_difference) ... ok
test_sym_difference_update (test.test_set.TestOnlySetsString.test_sym_difference_update) ... ok
test_sym_difference_update_operator (test.test_set.TestOnlySetsString.test_sym_difference_update_operator) ... ok
test_union (test.test_set.TestOnlySetsString.test_union) ... ok
test_update (test.test_set.TestOnlySetsString.test_update) ... ok
test_update_operator (test.test_set.TestOnlySetsString.test_update_operator) ... ok
test_difference (test.test_set.TestOnlySetsTuple.test_difference) ... ok
test_difference_update (test.test_set.TestOnlySetsTuple.test_difference_update) ... ok
test_difference_update_operator (test.test_set.TestOnlySetsTuple.test_difference_update_operator) ... ok
test_eq_ne (test.test_set.TestOnlySetsTuple.test_eq_ne) ... ok
test_ge_gt_le_lt (test.test_set.TestOnlySetsTuple.test_ge_gt_le_lt) ... ok
test_intersection (test.test_set.TestOnlySetsTuple.test_intersection) ... ok
test_intersection_update (test.test_set.TestOnlySetsTuple.test_intersection_update) ... ok
test_intersection_update_operator (test.test_set.TestOnlySetsTuple.test_intersection_update_operator) ... ok
test_sym_difference (test.test_set.TestOnlySetsTuple.test_sym_difference) ... ok
test_sym_difference_update (test.test_set.TestOnlySetsTuple.test_sym_difference_update) ... ok
test_sym_difference_update_operator (test.test_set.TestOnlySetsTuple.test_sym_difference_update_operator) ... ok
test_union (test.test_set.TestOnlySetsTuple.test_union) ... ok
test_update (test.test_set.TestOnlySetsTuple.test_update) ... ok
test_update_operator (test.test_set.TestOnlySetsTuple.test_update_operator) ... ok
test_add (test.test_set.TestSet.test_add) ... ok
test_and (test.test_set.TestSet.test_and) ... ok
test_badcmp (test.test_set.TestSet.test_badcmp) ... ok
test_clear (test.test_set.TestSet.test_clear) ... ok
test_constructor_identity (test.test_set.TestSet.test_constructor_identity) ... ok
test_container_iterator (test.test_set.TestSet.test_container_iterator) ... ok
test_contains (test.test_set.TestSet.test_contains) ... ok
test_copy (test.test_set.TestSet.test_copy) ... ok
test_cyclical_repr (test.test_set.TestSet.test_cyclical_repr) ... ok
test_deepcopy (test.test_set.TestSet.test_deepcopy) ... ok
test_difference (test.test_set.TestSet.test_difference) ... ok
test_difference_update (test.test_set.TestSet.test_difference_update) ... ok
test_discard (test.test_set.TestSet.test_discard) ... ok
test_do_not_rehash_dict_keys (test.test_set.TestSet.test_do_not_rehash_dict_keys) ... ok
test_equality (test.test_set.TestSet.test_equality) ... ok
test_free_after_iterating (test.test_set.TestSet.test_free_after_iterating) ... ok
test_gc (test.test_set.TestSet.test_gc) ... ok
test_hash (test.test_set.TestSet.test_hash) ... ok
test_hash_collision_remove_add (test.test_set.TestSet.test_hash_collision_remove_add) ... ok
test_iand (test.test_set.TestSet.test_iand) ... ok
test_init (test.test_set.TestSet.test_init) ... ok
test_inplace_on_self (test.test_set.TestSet.test_inplace_on_self) ... ok
test_intersection (test.test_set.TestSet.test_intersection) ... ok
test_intersection_update (test.test_set.TestSet.test_intersection_update) ... ok
test_ior (test.test_set.TestSet.test_ior) ... ok
test_isdisjoint (test.test_set.TestSet.test_isdisjoint) ... ok
test_isub (test.test_set.TestSet.test_isub) ... ok
test_iterator_pickling (test.test_set.TestSet.test_iterator_pickling) ... ok
test_ixor (test.test_set.TestSet.test_ixor) ... ok
test_len (test.test_set.TestSet.test_len) ... ok
test_new_or_init (test.test_set.TestSet.test_new_or_init) ... ok
test_or (test.test_set.TestSet.test_or) ... ok
test_pickling (test.test_set.TestSet.test_pickling) ... ok
test_pop (test.test_set.TestSet.test_pop) ... ok
test_remove (test.test_set.TestSet.test_remove) ... ok
test_remove_keyerror_set (test.test_set.TestSet.test_remove_keyerror_set) ... ok
test_remove_keyerror_unpacking (test.test_set.TestSet.test_remove_keyerror_unpacking) ... ok
test_rich_compare (test.test_set.TestSet.test_rich_compare) ... ok
test_setOfFrozensets (test.test_set.TestSet.test_setOfFrozensets) ... ok
test_set_literal (test.test_set.TestSet.test_set_literal) ... ok
test_set_literal_evaluation_order (test.test_set.TestSet.test_set_literal_evaluation_order) ... ok
test_set_literal_insertion_order (test.test_set.TestSet.test_set_literal_insertion_order) ... ok
test_set_membership (test.test_set.TestSet.test_set_membership) ... ok
test_sub (test.test_set.TestSet.test_sub) ... ok
test_sub_and_super (test.test_set.TestSet.test_sub_and_super) ... ok
test_subclass_with_custom_hash (test.test_set.TestSet.test_subclass_with_custom_hash) ... ok
test_symmetric_difference (test.test_set.TestSet.test_symmetric_difference) ... ok
test_symmetric_difference_update (test.test_set.TestSet.test_symmetric_difference_update) ... ok
test_unhashable_element (test.test_set.TestSet.test_unhashable_element) ... ok
test_union (test.test_set.TestSet.test_union) ... ok
test_uniquification (test.test_set.TestSet.test_uniquification) ... ok
test_update (test.test_set.TestSet.test_update) ... ok
test_weakref (test.test_set.TestSet.test_weakref) ... ok
test_xor (test.test_set.TestSet.test_xor) ... ok
test_constructor (test.test_set.TestSetOfSets.test_constructor) ... ok
test_add (test.test_set.TestSetSubclass.test_add) ... ok
test_and (test.test_set.TestSetSubclass.test_and) ... ok
test_badcmp (test.test_set.TestSetSubclass.test_badcmp) ... ok
test_clear (test.test_set.TestSetSubclass.test_clear) ... ok
test_constructor_identity (test.test_set.TestSetSubclass.test_constructor_identity) ... ok
test_container_iterator (test.test_set.TestSetSubclass.test_container_iterator) ... ok
test_contains (test.test_set.TestSetSubclass.test_contains) ... ok
test_copy (test.test_set.TestSetSubclass.test_copy) ... ok
test_cyclical_repr (test.test_set.TestSetSubclass.test_cyclical_repr) ... ok
test_deepcopy (test.test_set.TestSetSubclass.test_deepcopy) ... ok
test_difference (test.test_set.TestSetSubclass.test_difference) ... ok
test_difference_update (test.test_set.TestSetSubclass.test_difference_update) ... ok
test_discard (test.test_set.TestSetSubclass.test_discard) ... ok
test_do_not_rehash_dict_keys (test.test_set.TestSetSubclass.test_do_not_rehash_dict_keys) ... ok
test_equality (test.test_set.TestSetSubclass.test_equality) ... ok
test_free_after_iterating (test.test_set.TestSetSubclass.test_free_after_iterating) ... ok
test_gc (test.test_set.TestSetSubclass.test_gc) ... ok
test_hash (test.test_set.TestSetSubclass.test_hash) ... ok
test_hash_collision_remove_add (test.test_set.TestSetSubclass.test_hash_collision_remove_add) ... ok
test_iand (test.test_set.TestSetSubclass.test_iand) ... ok
test_init (test.test_set.TestSetSubclass.test_init) ... ok
test_inplace_on_self (test.test_set.TestSetSubclass.test_inplace_on_self) ... ok
test_intersection (test.test_set.TestSetSubclass.test_intersection) ... ok
test_intersection_update (test.test_set.TestSetSubclass.test_intersection_update) ... ok
test_ior (test.test_set.TestSetSubclass.test_ior) ... ok
test_isdisjoint (test.test_set.TestSetSubclass.test_isdisjoint) ... ok
test_isub (test.test_set.TestSetSubclass.test_isub) ... ok
test_iterator_pickling (test.test_set.TestSetSubclass.test_iterator_pickling) ... ok
test_ixor (test.test_set.TestSetSubclass.test_ixor) ... ok
test_keywords_in_subclass (test.test_set.TestSetSubclass.test_keywords_in_subclass) ... ok
test_len (test.test_set.TestSetSubclass.test_len) ... ok
test_new_or_init (test.test_set.TestSetSubclass.test_new_or_init) ... ok
test_or (test.test_set.TestSetSubclass.test_or) ... ok
test_pickling (test.test_set.TestSetSubclass.test_pickling) ... ok
test_pop (test.test_set.TestSetSubclass.test_pop) ... ok
test_remove (test.test_set.TestSetSubclass.test_remove) ... ok
test_remove_keyerror_set (test.test_set.TestSetSubclass.test_remove_keyerror_set) ... ok
test_remove_keyerror_unpacking (test.test_set.TestSetSubclass.test_remove_keyerror_unpacking) ... ok
test_rich_compare (test.test_set.TestSetSubclass.test_rich_compare) ... ok
test_setOfFrozensets (test.test_set.TestSetSubclass.test_setOfFrozensets) ... ok
test_set_literal (test.test_set.TestSetSubclass.test_set_literal) ... ok
test_set_literal_evaluation_order (test.test_set.TestSetSubclass.test_set_literal_evaluation_order) ... ok
test_set_literal_insertion_order (test.test_set.TestSetSubclass.test_set_literal_insertion_order) ... ok
test_set_membership (test.test_set.TestSetSubclass.test_set_membership) ... ok
test_sub (test.test_set.TestSetSubclass.test_sub) ... ok
test_sub_and_super (test.test_set.TestSetSubclass.test_sub_and_super) ... ok
test_subclass_with_custom_hash (test.test_set.TestSetSubclass.test_subclass_with_custom_hash) ... ok
test_symmetric_difference (test.test_set.TestSetSubclass.test_symmetric_difference) ... ok
test_symmetric_difference_update (test.test_set.TestSetSubclass.test_symmetric_difference_update) ... ok
test_unhashable_element (test.test_set.TestSetSubclass.test_unhashable_element) ... ok
test_union (test.test_set.TestSetSubclass.test_union) ... ok
test_uniquification (test.test_set.TestSetSubclass.test_uniquification) ... ok
test_update (test.test_set.TestSetSubclass.test_update) ... ok
test_weakref (test.test_set.TestSetSubclass.test_weakref) ... ok
test_xor (test.test_set.TestSetSubclass.test_xor) ... ok
test_pickling (test.test_set.TestSetSubclassWithSlots.test_pickling) ... ok
test_issubset (test.test_set.TestSubsetEmptyNonEmpty.test_issubset) ... ok
test_issubset (test.test_set.TestSubsetEqualEmpty.test_issubset) ... ok
test_issubset (test.test_set.TestSubsetEqualNonEmpty.test_issubset) ... ok
test_issubset (test.test_set.TestSubsetNonOverlap.test_issubset) ... ok
test_issubset (test.test_set.TestSubsetPartial.test_issubset) ... ok
test_difference_method_call (test.test_set.TestUpdateOps.test_difference_method_call) ... ok
test_difference_non_overlap (test.test_set.TestUpdateOps.test_difference_non_overlap) ... ok
test_difference_overlap (test.test_set.TestUpdateOps.test_difference_overlap) ... ok
test_difference_subset (test.test_set.TestUpdateOps.test_difference_subset) ... ok
test_difference_superset (test.test_set.TestUpdateOps.test_difference_superset) ... ok
test_intersection_method_call (test.test_set.TestUpdateOps.test_intersection_method_call) ... ok
test_intersection_non_overlap (test.test_set.TestUpdateOps.test_intersection_non_overlap) ... ok
test_intersection_overlap (test.test_set.TestUpdateOps.test_intersection_overlap) ... ok
test_intersection_subset (test.test_set.TestUpdateOps.test_intersection_subset) ... ok
test_intersection_superset (test.test_set.TestUpdateOps.test_intersection_superset) ... ok
test_sym_difference_method_call (test.test_set.TestUpdateOps.test_sym_difference_method_call) ... ok
test_sym_difference_non_overlap (test.test_set.TestUpdateOps.test_sym_difference_non_overlap) ... ok
test_sym_difference_overlap (test.test_set.TestUpdateOps.test_sym_difference_overlap) ... ok
test_sym_difference_subset (test.test_set.TestUpdateOps.test_sym_difference_subset) ... ok
test_sym_difference_superset (test.test_set.TestUpdateOps.test_sym_difference_superset) ... ok
test_union_method_call (test.test_set.TestUpdateOps.test_union_method_call) ... ok
test_union_non_overlap (test.test_set.TestUpdateOps.test_union_non_overlap) ... ok
test_union_overlap (test.test_set.TestUpdateOps.test_union_overlap) ... ok
test_union_subset (test.test_set.TestUpdateOps.test_union_subset) ... ok
test_union_superset (test.test_set.TestUpdateOps.test_union_superset) ... ok
test_constructor (test.test_set.TestVariousIteratorArgs.test_constructor) ... ok
test_inline_methods (test.test_set.TestVariousIteratorArgs.test_inline_methods) ... ok
test_inplace_methods (test.test_set.TestVariousIteratorArgs.test_inplace_methods) ... ok
test_8420_set_merge (test.test_set.TestWeirdBugs.test_8420_set_merge) ... ok
test_hash_collision_concurrent_add (test.test_set.TestWeirdBugs.test_hash_collision_concurrent_add) ... ok
test_iter_and_mutate (test.test_set.TestWeirdBugs.test_iter_and_mutate) ... ok
test_merge_and_mutate (test.test_set.TestWeirdBugs.test_merge_and_mutate) ... ok

----------------------------------------------------------------------
Ran 630 tests in 48.056s

OK
Warning -- reap_children() reaped child process 60789
Warning -- reap_children() reaped child process 60791
0:10:15 load avg: 1.17 [35/43] test_set failed (env changed) in 50.2 sec
0:10:15 load avg: 1.17 [36/43] test_sqlite3
test_sqlite3: testing with SQLite version 3.53.3
test_bad_source_closed_connection (test.test_sqlite3.test_backup.BackupTests.test_bad_source_closed_connection) ... ok
test_bad_target (test.test_sqlite3.test_backup.BackupTests.test_bad_target) ... ok
test_bad_target_closed_connection (test.test_sqlite3.test_backup.BackupTests.test_bad_target_closed_connection) ... ok
test_bad_target_filename (test.test_sqlite3.test_backup.BackupTests.test_bad_target_filename) ... ok
test_bad_target_in_transaction (test.test_sqlite3.test_backup.BackupTests.test_bad_target_in_transaction) ... ok
test_bad_target_same_connection (test.test_sqlite3.test_backup.BackupTests.test_bad_target_same_connection) ... ok
test_database_source_name (test.test_sqlite3.test_backup.BackupTests.test_database_source_name) ... ok
test_failing_progress (test.test_sqlite3.test_backup.BackupTests.test_failing_progress) ... ok
test_keyword_only_args (test.test_sqlite3.test_backup.BackupTests.test_keyword_only_args) ... ok
test_modifying_progress (test.test_sqlite3.test_backup.BackupTests.test_modifying_progress) ... ok
test_non_callable_progress (test.test_sqlite3.test_backup.BackupTests.test_non_callable_progress) ... ok
test_progress (test.test_sqlite3.test_backup.BackupTests.test_progress) ... ok
test_progress_all_pages_at_once_1 (test.test_sqlite3.test_backup.BackupTests.test_progress_all_pages_at_once_1) ... ok
test_progress_all_pages_at_once_2 (test.test_sqlite3.test_backup.BackupTests.test_progress_all_pages_at_once_2) ... ok
test_simple (test.test_sqlite3.test_backup.BackupTests.test_simple) ... ok
test_cli_execute_incomplete_sql (test.test_sqlite3.test_cli.CommandLineInterface.test_cli_execute_incomplete_sql) ... ok
test_cli_execute_sql (test.test_sqlite3.test_cli.CommandLineInterface.test_cli_execute_sql) ... ok
test_cli_execute_too_much_sql (test.test_sqlite3.test_cli.CommandLineInterface.test_cli_execute_too_much_sql) ... ok
test_cli_help (test.test_sqlite3.test_cli.CommandLineInterface.test_cli_help) ... ok
test_cli_on_disk_db (test.test_sqlite3.test_cli.CommandLineInterface.test_cli_on_disk_db) ... ok
test_cli_version (test.test_sqlite3.test_cli.CommandLineInterface.test_cli_version) ... ok
test_interact (test.test_sqlite3.test_cli.InteractiveSession.test_interact) ... ok
test_interact_dot_commands_empty (test.test_sqlite3.test_cli.InteractiveSession.test_interact_dot_commands_empty) ... ok
test_interact_dot_commands_unknown (test.test_sqlite3.test_cli.InteractiveSession.test_interact_dot_commands_unknown) ... ok
test_interact_dot_commands_with_whitespaces (test.test_sqlite3.test_cli.InteractiveSession.test_interact_dot_commands_with_whitespaces) ... ok
test_interact_empty_source (test.test_sqlite3.test_cli.InteractiveSession.test_interact_empty_source) ... ok
test_interact_incomplete_multiline_sql (test.test_sqlite3.test_cli.InteractiveSession.test_interact_incomplete_multiline_sql) ... ok
test_interact_invalid_sql (test.test_sqlite3.test_cli.InteractiveSession.test_interact_invalid_sql) ... ok
test_interact_on_disk_file (test.test_sqlite3.test_cli.InteractiveSession.test_interact_on_disk_file) ... ok
test_interact_quit (test.test_sqlite3.test_cli.InteractiveSession.test_interact_quit) ... ok
test_interact_valid_multiline_sql (test.test_sqlite3.test_cli.InteractiveSession.test_interact_valid_multiline_sql) ... ok
test_interact_valid_sql (test.test_sqlite3.test_cli.InteractiveSession.test_interact_valid_sql) ... ok
test_interact_version (test.test_sqlite3.test_cli.InteractiveSession.test_interact_version) ... ok
test_blob_32bit_rowid (test.test_sqlite3.test_dbapi.BlobTests.test_blob_32bit_rowid) ... ok
test_blob_closed (test.test_sqlite3.test_dbapi.BlobTests.test_blob_closed) ... ok
test_blob_closed_db_read (test.test_sqlite3.test_dbapi.BlobTests.test_blob_closed_db_read) ... ok
test_blob_context_manager (test.test_sqlite3.test_dbapi.BlobTests.test_blob_context_manager) ... ok
test_blob_context_manager_reraise_exceptions (test.test_sqlite3.test_dbapi.BlobTests.test_blob_context_manager_reraise_exceptions) ... ok
test_blob_get_empty_slice (test.test_sqlite3.test_dbapi.BlobTests.test_blob_get_empty_slice) ... ok
test_blob_get_empty_slice_oob_indices (test.test_sqlite3.test_dbapi.BlobTests.test_blob_get_empty_slice_oob_indices) ... ok
test_blob_get_item (test.test_sqlite3.test_dbapi.BlobTests.test_blob_get_item) ... ok
test_blob_get_item_error (test.test_sqlite3.test_dbapi.BlobTests.test_blob_get_item_error) ... ok
test_blob_get_item_error_bigint (test.test_sqlite3.test_dbapi.BlobTests.test_blob_get_item_error_bigint) ... ok
test_blob_get_slice (test.test_sqlite3.test_dbapi.BlobTests.test_blob_get_slice) ... ok
test_blob_get_slice_negative_index (test.test_sqlite3.test_dbapi.BlobTests.test_blob_get_slice_negative_index) ... ok
test_blob_get_slice_with_skip (test.test_sqlite3.test_dbapi.BlobTests.test_blob_get_slice_with_skip) ... ok
test_blob_is_a_blob (test.test_sqlite3.test_dbapi.BlobTests.test_blob_is_a_blob) ... ok
test_blob_length (test.test_sqlite3.test_dbapi.BlobTests.test_blob_length) ... ok
test_blob_mapping_invalid_index_type (test.test_sqlite3.test_dbapi.BlobTests.test_blob_mapping_invalid_index_type) ... ok
test_blob_open_error (test.test_sqlite3.test_dbapi.BlobTests.test_blob_open_error) ... ok
test_blob_read (test.test_sqlite3.test_dbapi.BlobTests.test_blob_read) ... ok
test_blob_read_advance_offset (test.test_sqlite3.test_dbapi.BlobTests.test_blob_read_advance_offset) ... ok
test_blob_read_at_offset (test.test_sqlite3.test_dbapi.BlobTests.test_blob_read_at_offset) ... ok
test_blob_read_error_row_changed (test.test_sqlite3.test_dbapi.BlobTests.test_blob_read_error_row_changed) ... ok
test_blob_read_oversized (test.test_sqlite3.test_dbapi.BlobTests.test_blob_read_oversized) ... ok
test_blob_seek_and_tell (test.test_sqlite3.test_dbapi.BlobTests.test_blob_seek_and_tell) ... ok
test_blob_seek_error (test.test_sqlite3.test_dbapi.BlobTests.test_blob_seek_error) ... ok
test_blob_seek_overflow_error (test.test_sqlite3.test_dbapi.BlobTests.test_blob_seek_overflow_error) ... ok
test_blob_sequence_not_supported (test.test_sqlite3.test_dbapi.BlobTests.test_blob_sequence_not_supported) ... ok
test_blob_set_empty_slice (test.test_sqlite3.test_dbapi.BlobTests.test_blob_set_empty_slice) ... ok
test_blob_set_item (test.test_sqlite3.test_dbapi.BlobTests.test_blob_set_item) ... ok
test_blob_set_item_error (test.test_sqlite3.test_dbapi.BlobTests.test_blob_set_item_error) ... ok
test_blob_set_item_negative_index (test.test_sqlite3.test_dbapi.BlobTests.test_blob_set_item_negative_index) ... ok
test_blob_set_item_with_offset (test.test_sqlite3.test_dbapi.BlobTests.test_blob_set_item_with_offset) ... ok
test_blob_set_slice (test.test_sqlite3.test_dbapi.BlobTests.test_blob_set_slice) ... ok
test_blob_set_slice_buffer_object (test.test_sqlite3.test_dbapi.BlobTests.test_blob_set_slice_buffer_object) ... ok
test_blob_set_slice_error (test.test_sqlite3.test_dbapi.BlobTests.test_blob_set_slice_error) ... ok
test_blob_set_slice_with_skip (test.test_sqlite3.test_dbapi.BlobTests.test_blob_set_slice_with_skip) ... ok
test_blob_write (test.test_sqlite3.test_dbapi.BlobTests.test_blob_write) ... ok
test_blob_write_advance_offset (test.test_sqlite3.test_dbapi.BlobTests.test_blob_write_advance_offset) ... ok
test_blob_write_at_offset (test.test_sqlite3.test_dbapi.BlobTests.test_blob_write_at_offset) ... ok
test_blob_write_error_length (test.test_sqlite3.test_dbapi.BlobTests.test_blob_write_error_length) ... ok
test_blob_write_error_readonly (test.test_sqlite3.test_dbapi.BlobTests.test_blob_write_error_readonly) ... ok
test_blob_write_error_row_changed (test.test_sqlite3.test_dbapi.BlobTests.test_blob_write_error_row_changed) ... ok
test_closed_call (test.test_sqlite3.test_dbapi.ClosedConTests.test_closed_call) ... ok
test_closed_con_commit (test.test_sqlite3.test_dbapi.ClosedConTests.test_closed_con_commit) ... ok
test_closed_con_cursor (test.test_sqlite3.test_dbapi.ClosedConTests.test_closed_con_cursor) ... ok
test_closed_con_rollback (test.test_sqlite3.test_dbapi.ClosedConTests.test_closed_con_rollback) ... ok
test_closed_create_aggregate (test.test_sqlite3.test_dbapi.ClosedConTests.test_closed_create_aggregate) ... ok
test_closed_create_function (test.test_sqlite3.test_dbapi.ClosedConTests.test_closed_create_function) ... ok
test_closed_cur_execute (test.test_sqlite3.test_dbapi.ClosedConTests.test_closed_cur_execute) ... ok
test_closed_set_authorizer (test.test_sqlite3.test_dbapi.ClosedConTests.test_closed_set_authorizer) ... ok
test_closed_set_progress_callback (test.test_sqlite3.test_dbapi.ClosedConTests.test_closed_set_progress_callback) ... ok
test_closed (test.test_sqlite3.test_dbapi.ClosedCurTests.test_closed) ... ok
test_close (test.test_sqlite3.test_dbapi.ConnectionTests.test_close) ... ok
test_commit (test.test_sqlite3.test_dbapi.ConnectionTests.test_commit) ... ok
test_commit_after_no_changes (test.test_sqlite3.test_dbapi.ConnectionTests.test_commit_after_no_changes)
A commit should also work when no changes were made to the database. ... ok
test_connect_positional_arguments (test.test_sqlite3.test_dbapi.ConnectionTests.test_connect_positional_arguments) ... ok
test_connection_bad_limit_category (test.test_sqlite3.test_dbapi.ConnectionTests.test_connection_bad_limit_category) ... ok
test_connection_bad_reinit (test.test_sqlite3.test_dbapi.ConnectionTests.test_connection_bad_reinit) ... ok
test_connection_config (test.test_sqlite3.test_dbapi.ConnectionTests.test_connection_config) ... ok
test_connection_exceptions (test.test_sqlite3.test_dbapi.ConnectionTests.test_connection_exceptions) ... ok
test_connection_init_bad_isolation_level (test.test_sqlite3.test_dbapi.ConnectionTests.test_connection_init_bad_isolation_level) ... ok
test_connection_init_good_isolation_levels (test.test_sqlite3.test_dbapi.ConnectionTests.test_connection_init_good_isolation_levels) ... ok
test_connection_limits (test.test_sqlite3.test_dbapi.ConnectionTests.test_connection_limits) ... ok
test_connection_reinit (test.test_sqlite3.test_dbapi.ConnectionTests.test_connection_reinit) ... ok
test_connection_resource_warning (test.test_sqlite3.test_dbapi.ConnectionTests.test_connection_resource_warning) ... ok
test_connection_signature (test.test_sqlite3.test_dbapi.ConnectionTests.test_connection_signature) ... ok
test_cursor (test.test_sqlite3.test_dbapi.ConnectionTests.test_cursor) ... ok
test_drop_unused_refs (test.test_sqlite3.test_dbapi.ConnectionTests.test_drop_unused_refs) ... ok
test_exceptions (test.test_sqlite3.test_dbapi.ConnectionTests.test_exceptions) ... ok
test_failed_open (test.test_sqlite3.test_dbapi.ConnectionTests.test_failed_open) ... ok
test_in_transaction (test.test_sqlite3.test_dbapi.ConnectionTests.test_in_transaction) ... ok
test_in_transaction_ro (test.test_sqlite3.test_dbapi.ConnectionTests.test_in_transaction_ro) ... ok
test_interrupt (test.test_sqlite3.test_dbapi.ConnectionTests.test_interrupt) ... ok
test_interrupt_on_closed_db (test.test_sqlite3.test_dbapi.ConnectionTests.test_interrupt_on_closed_db) ... ok
test_rollback (test.test_sqlite3.test_dbapi.ConnectionTests.test_rollback) ... ok
test_rollback_after_no_changes (test.test_sqlite3.test_dbapi.ConnectionTests.test_rollback_after_no_changes)
A rollback should also work when no changes were made to the database. ... ok
test_use_after_close (test.test_sqlite3.test_dbapi.ConnectionTests.test_use_after_close) ... ok
test_binary (test.test_sqlite3.test_dbapi.ConstructorTests.test_binary) ... ok
test_date (test.test_sqlite3.test_dbapi.ConstructorTests.test_date) ... ok
test_date_from_ticks (test.test_sqlite3.test_dbapi.ConstructorTests.test_date_from_ticks) ... ok
test_time (test.test_sqlite3.test_dbapi.ConstructorTests.test_time) ... ok
test_time_from_ticks (test.test_sqlite3.test_dbapi.ConstructorTests.test_time_from_ticks) ... ok
test_timestamp (test.test_sqlite3.test_dbapi.ConstructorTests.test_timestamp) ... ok
test_timestamp_from_ticks (test.test_sqlite3.test_dbapi.ConstructorTests.test_timestamp_from_ticks) ... ok
test_array_size (test.test_sqlite3.test_dbapi.CursorTests.test_array_size) ... ok
test_close (test.test_sqlite3.test_dbapi.CursorTests.test_close) ... ok
test_column_count (test.test_sqlite3.test_dbapi.CursorTests.test_column_count) ... ok
test_cursor_connection (test.test_sqlite3.test_dbapi.CursorTests.test_cursor_connection) ... ok
test_cursor_wrong_class (test.test_sqlite3.test_dbapi.CursorTests.test_cursor_wrong_class) ... ok
test_execute_arg_float (test.test_sqlite3.test_dbapi.CursorTests.test_execute_arg_float) ... ok
test_execute_arg_int (test.test_sqlite3.test_dbapi.CursorTests.test_execute_arg_int) ... ok
test_execute_arg_string (test.test_sqlite3.test_dbapi.CursorTests.test_execute_arg_string) ... ok
test_execute_arg_string_with_zero_byte (test.test_sqlite3.test_dbapi.CursorTests.test_execute_arg_string_with_zero_byte) ... ok
test_execute_dict_mapping (test.test_sqlite3.test_dbapi.CursorTests.test_execute_dict_mapping) ... ok
test_execute_dict_mapping_mapping (test.test_sqlite3.test_dbapi.CursorTests.test_execute_dict_mapping_mapping) ... ok
test_execute_dict_mapping_no_args (test.test_sqlite3.test_dbapi.CursorTests.test_execute_dict_mapping_no_args) ... ok
test_execute_dict_mapping_too_little_args (test.test_sqlite3.test_dbapi.CursorTests.test_execute_dict_mapping_too_little_args) ... ok
test_execute_dict_mapping_unnamed (test.test_sqlite3.test_dbapi.CursorTests.test_execute_dict_mapping_unnamed) ... ok
test_execute_illegal_sql (test.test_sqlite3.test_dbapi.CursorTests.test_execute_illegal_sql) ... ok
test_execute_indexed_nameless_params (test.test_sqlite3.test_dbapi.CursorTests.test_execute_indexed_nameless_params) ... ok
test_execute_many_generator (test.test_sqlite3.test_dbapi.CursorTests.test_execute_many_generator) ... ok
test_execute_many_iterator (test.test_sqlite3.test_dbapi.CursorTests.test_execute_many_iterator) ... ok
test_execute_many_not_iterable (test.test_sqlite3.test_dbapi.CursorTests.test_execute_many_not_iterable) ... ok
test_execute_many_select (test.test_sqlite3.test_dbapi.CursorTests.test_execute_many_select) ... ok
test_execute_many_sequence (test.test_sqlite3.test_dbapi.CursorTests.test_execute_many_sequence) ... ok
test_execute_many_wrong_sql_arg (test.test_sqlite3.test_dbapi.CursorTests.test_execute_many_wrong_sql_arg) ... ok
test_execute_multiple_statements (test.test_sqlite3.test_dbapi.CursorTests.test_execute_multiple_statements) ... ok
test_execute_named_param_and_sequence (test.test_sqlite3.test_dbapi.CursorTests.test_execute_named_param_and_sequence) ... ok
test_execute_no_args (test.test_sqlite3.test_dbapi.CursorTests.test_execute_no_args) ... ok
test_execute_non_iterable (test.test_sqlite3.test_dbapi.CursorTests.test_execute_non_iterable) ... ok
test_execute_param_list (test.test_sqlite3.test_dbapi.CursorTests.test_execute_param_list) ... ok
test_execute_param_sequence (test.test_sqlite3.test_dbapi.CursorTests.test_execute_param_sequence) ... ok
test_execute_param_sequence_bad_len (test.test_sqlite3.test_dbapi.CursorTests.test_execute_param_sequence_bad_len) ... ok
test_execute_too_many_params (test.test_sqlite3.test_dbapi.CursorTests.test_execute_too_many_params) ... ok
test_execute_with_appended_comments (test.test_sqlite3.test_dbapi.CursorTests.test_execute_with_appended_comments) ... ok
test_execute_wrong_no_of_args1 (test.test_sqlite3.test_dbapi.CursorTests.test_execute_wrong_no_of_args1) ... ok
test_execute_wrong_no_of_args2 (test.test_sqlite3.test_dbapi.CursorTests.test_execute_wrong_no_of_args2) ... ok
test_execute_wrong_no_of_args3 (test.test_sqlite3.test_dbapi.CursorTests.test_execute_wrong_no_of_args3) ... ok
test_execute_wrong_sql_arg (test.test_sqlite3.test_dbapi.CursorTests.test_execute_wrong_sql_arg) ... ok
test_fetch_iter (test.test_sqlite3.test_dbapi.CursorTests.test_fetch_iter) ... ok
test_fetchall (test.test_sqlite3.test_dbapi.CursorTests.test_fetchall) ... ok
test_fetchmany (test.test_sqlite3.test_dbapi.CursorTests.test_fetchmany) ... ok
test_fetchmany_kw_arg (test.test_sqlite3.test_dbapi.CursorTests.test_fetchmany_kw_arg)
Checks if fetchmany works with keyword arguments ... ok
test_fetchone (test.test_sqlite3.test_dbapi.CursorTests.test_fetchone) ... ok
test_fetchone_no_statement (test.test_sqlite3.test_dbapi.CursorTests.test_fetchone_no_statement) ... ok
test_invalid_array_size (test.test_sqlite3.test_dbapi.CursorTests.test_invalid_array_size) ... ok
test_invalid_fetchmany (test.test_sqlite3.test_dbapi.CursorTests.test_invalid_fetchmany) ... ok
test_last_row_id_insert_o_r (test.test_sqlite3.test_dbapi.CursorTests.test_last_row_id_insert_o_r) ... ok
test_last_row_id_on_ignore (test.test_sqlite3.test_dbapi.CursorTests.test_last_row_id_on_ignore) ... ok
test_last_row_id_on_replace (test.test_sqlite3.test_dbapi.CursorTests.test_last_row_id_on_replace)
INSERT OR REPLACE and REPLACE INTO should produce the same behavior. ... ok
test_rowcount_execute (test.test_sqlite3.test_dbapi.CursorTests.test_rowcount_execute) ... ok
test_rowcount_executemany (test.test_sqlite3.test_dbapi.CursorTests.test_rowcount_executemany) ... ok
test_rowcount_prefixed_with_comment (test.test_sqlite3.test_dbapi.CursorTests.test_rowcount_prefixed_with_comment) ... ok
test_rowcount_select (test.test_sqlite3.test_dbapi.CursorTests.test_rowcount_select)
pysqlite does not know the rowcount of SELECT statements, because we ... ok
test_rowcount_update_returning (test.test_sqlite3.test_dbapi.CursorTests.test_rowcount_update_returning) ... ok
test_rowcount_vaccuum (test.test_sqlite3.test_dbapi.CursorTests.test_rowcount_vaccuum) ... ok
test_same_query_in_multiple_cursors (test.test_sqlite3.test_dbapi.CursorTests.test_same_query_in_multiple_cursors) ... ok
test_setinputsizes (test.test_sqlite3.test_dbapi.CursorTests.test_setinputsizes) ... ok
test_setoutputsize (test.test_sqlite3.test_dbapi.CursorTests.test_setoutputsize) ... ok
test_setoutputsize_no_column (test.test_sqlite3.test_dbapi.CursorTests.test_setoutputsize_no_column) ... ok
test_total_changes (test.test_sqlite3.test_dbapi.CursorTests.test_total_changes) ... ok
test_wrong_cursor_callable (test.test_sqlite3.test_dbapi.CursorTests.test_wrong_cursor_callable) ... ok
test_connection_execute (test.test_sqlite3.test_dbapi.ExtensionTests.test_connection_execute) ... ok
test_connection_executemany (test.test_sqlite3.test_dbapi.ExtensionTests.test_connection_executemany) ... ok
test_connection_executescript (test.test_sqlite3.test_dbapi.ExtensionTests.test_connection_executescript) ... ok
test_cursor_executescript_as_bytes (test.test_sqlite3.test_dbapi.ExtensionTests.test_cursor_executescript_as_bytes) ... ok
test_cursor_executescript_too_large_script (test.test_sqlite3.test_dbapi.ExtensionTests.test_cursor_executescript_too_large_script) ... ok
test_cursor_executescript_tx_control (test.test_sqlite3.test_dbapi.ExtensionTests.test_cursor_executescript_tx_control) ... ok
test_cursor_executescript_with_null_characters (test.test_sqlite3.test_dbapi.ExtensionTests.test_cursor_executescript_with_null_characters) ... ok
test_cursor_executescript_with_surrogates (test.test_sqlite3.test_dbapi.ExtensionTests.test_cursor_executescript_with_surrogates) ... ok
test_script_error_normal (test.test_sqlite3.test_dbapi.ExtensionTests.test_script_error_normal) ... ok
test_script_string_sql (test.test_sqlite3.test_dbapi.ExtensionTests.test_script_string_sql) ... ok
test_script_syntax_error (test.test_sqlite3.test_dbapi.ExtensionTests.test_script_syntax_error) ... ok
test_api_level (test.test_sqlite3.test_dbapi.ModuleTests.test_api_level) ... ok
test_complete_statement (test.test_sqlite3.test_dbapi.ModuleTests.test_complete_statement) ... ok
test_data_error (test.test_sqlite3.test_dbapi.ModuleTests.test_data_error) ... ok
test_database_error (test.test_sqlite3.test_dbapi.ModuleTests.test_database_error) ... ok
test_disallow_instantiation (test.test_sqlite3.test_dbapi.ModuleTests.test_disallow_instantiation) ... ok
test_error (test.test_sqlite3.test_dbapi.ModuleTests.test_error) ... ok
test_error_code_on_exception (test.test_sqlite3.test_dbapi.ModuleTests.test_error_code_on_exception) ... ok
test_extended_error_code_on_exception (test.test_sqlite3.test_dbapi.ModuleTests.test_extended_error_code_on_exception) ... ok
test_integrity_error (test.test_sqlite3.test_dbapi.ModuleTests.test_integrity_error) ... ok
test_interface_error (test.test_sqlite3.test_dbapi.ModuleTests.test_interface_error) ... ok
test_internal_error (test.test_sqlite3.test_dbapi.ModuleTests.test_internal_error) ... ok
test_module_constants (test.test_sqlite3.test_dbapi.ModuleTests.test_module_constants) ... ok
test_not_supported_error (test.test_sqlite3.test_dbapi.ModuleTests.test_not_supported_error) ... ok
test_operational_error (test.test_sqlite3.test_dbapi.ModuleTests.test_operational_error) ... ok
test_param_style (test.test_sqlite3.test_dbapi.ModuleTests.test_param_style) ... ok
test_programming_error (test.test_sqlite3.test_dbapi.ModuleTests.test_programming_error) ... ok
test_thread_safety (test.test_sqlite3.test_dbapi.ModuleTests.test_thread_safety) ... ok
test_warning (test.test_sqlite3.test_dbapi.ModuleTests.test_warning) ... ok
test_ctx_mgr_rollback_if_commit_failed (test.test_sqlite3.test_dbapi.MultiprocessTests.test_ctx_mgr_rollback_if_commit_failed) ... ERROR
test_database_keyword (test.test_sqlite3.test_dbapi.OpenTests.test_database_keyword) ... ok
test_factory_database_arg (test.test_sqlite3.test_dbapi.OpenTests.test_factory_database_arg) ... ok
test_open_undecodable_uri (test.test_sqlite3.test_dbapi.OpenTests.test_open_undecodable_uri) ... skipped "can't create file with undecodable path b'@test_60443_tmp\\xe7w\\xf0'"
test_open_unquoted_uri (test.test_sqlite3.test_dbapi.OpenTests.test_open_unquoted_uri) ... ok
test_open_uri (test.test_sqlite3.test_dbapi.OpenTests.test_open_uri) ... ok
test_open_uri_readonly (test.test_sqlite3.test_dbapi.OpenTests.test_open_uri_readonly) ... ok
test_open_with_bytes_path (test.test_sqlite3.test_dbapi.OpenTests.test_open_with_bytes_path) ... ok
test_open_with_path_like_object (test.test_sqlite3.test_dbapi.OpenTests.test_open_with_path_like_object)
Checks that we can successfully connect to a database using an object that ... ok
test_open_with_undecodable_path (test.test_sqlite3.test_dbapi.OpenTests.test_open_with_undecodable_path) ... skipped "can't create file with undecodable path b'@test_60443_tmp\\xe7w\\xf0'"
test_row_equality (test.test_sqlite3.test_dbapi.RowTests.test_row_equality) ... ok
test_row_getitem (test.test_sqlite3.test_dbapi.RowTests.test_row_getitem) ... ok
test_row_is_a_sequence (test.test_sqlite3.test_dbapi.RowTests.test_row_is_a_sequence) ... ok
test_row_keys (test.test_sqlite3.test_dbapi.RowTests.test_row_keys) ... ok
test_row_length (test.test_sqlite3.test_dbapi.RowTests.test_row_length) ... ok
test_row_no_description (test.test_sqlite3.test_dbapi.RowTests.test_row_no_description) ... ok
test_deserialize_corrupt_database (test.test_sqlite3.test_dbapi.SerializeTests.test_deserialize_corrupt_database) ... ok
test_deserialize_wrong_args (test.test_sqlite3.test_dbapi.SerializeTests.test_deserialize_wrong_args) ... ok
test_serialize_deserialize (test.test_sqlite3.test_dbapi.SerializeTests.test_serialize_deserialize) ... ok
test_on_conflict_abort_raises_with_explicit_transactions (test.test_sqlite3.test_dbapi.SqliteOnConflictTests.test_on_conflict_abort_raises_with_explicit_transactions) ... ok
test_on_conflict_abort_raises_without_transactions (test.test_sqlite3.test_dbapi.SqliteOnConflictTests.test_on_conflict_abort_raises_without_transactions) ... ok
test_on_conflict_fail (test.test_sqlite3.test_dbapi.SqliteOnConflictTests.test_on_conflict_fail) ... ok
test_on_conflict_ignore (test.test_sqlite3.test_dbapi.SqliteOnConflictTests.test_on_conflict_ignore) ... ok
test_on_conflict_replace (test.test_sqlite3.test_dbapi.SqliteOnConflictTests.test_on_conflict_replace) ... ok
test_on_conflict_rollback_with_explicit_transaction (test.test_sqlite3.test_dbapi.SqliteOnConflictTests.test_on_conflict_rollback_with_explicit_transaction) ... ok
test_on_conflict_rollback_without_transaction (test.test_sqlite3.test_dbapi.SqliteOnConflictTests.test_on_conflict_rollback_without_transaction) ... ok
test_check_connection_thread (test.test_sqlite3.test_dbapi.ThreadTests.test_check_connection_thread) ... ok
test_check_cursor_thread (test.test_sqlite3.test_dbapi.ThreadTests.test_check_cursor_thread) ... ok
test_dont_check_same_thread (test.test_sqlite3.test_dbapi.ThreadTests.test_dont_check_same_thread) ... ok
test_uninit_operations (test.test_sqlite3.test_dbapi.UninitialisedConnectionTests.test_uninit_operations) ... ok
test_dump_autoincrement (test.test_sqlite3.test_dump.DumpTests.test_dump_autoincrement) ... ok
test_dump_autoincrement_create_new_db (test.test_sqlite3.test_dump.DumpTests.test_dump_autoincrement_create_new_db) ... ok
test_dump_custom_row_factory (test.test_sqlite3.test_dump.DumpTests.test_dump_custom_row_factory) ... ok
test_dump_virtual_tables (test.test_sqlite3.test_dump.DumpTests.test_dump_virtual_tables) ... ok
test_table_dump (test.test_sqlite3.test_dump.DumpTests.test_table_dump) ... ok
test_table_dump_filter (test.test_sqlite3.test_dump.DumpTests.test_table_dump_filter) ... ok
test_unorderable_row (test.test_sqlite3.test_dump.DumpTests.test_unorderable_row) ... ok
test_connection_factories (test.test_sqlite3.test_factory.ConnectionFactoryTests.test_connection_factories) ... ok
test_connection_factory_as_positional_arg (test.test_sqlite3.test_factory.ConnectionFactoryTests.test_connection_factory_as_positional_arg) ... ok
test_connection_factory_relayed_call (test.test_sqlite3.test_factory.ConnectionFactoryTests.test_connection_factory_relayed_call) ... ok
test_invalid_factory (test.test_sqlite3.test_factory.CursorFactoryTests.test_invalid_factory) ... ok
test_is_instance (test.test_sqlite3.test_factory.CursorFactoryTests.test_is_instance) ... ok
test_custom_factory (test.test_sqlite3.test_factory.RowFactoryTests.test_custom_factory) ... ok
test_fake_cursor_class (test.test_sqlite3.test_factory.RowFactoryTests.test_fake_cursor_class) ... ok
test_sqlite_row_as_dict (test.test_sqlite3.test_factory.RowFactoryTests.test_sqlite_row_as_dict) ... ok
test_sqlite_row_as_sequence (test.test_sqlite3.test_factory.RowFactoryTests.test_sqlite_row_as_sequence) ... ok
test_sqlite_row_as_tuple (test.test_sqlite3.test_factory.RowFactoryTests.test_sqlite_row_as_tuple) ... ok
test_sqlite_row_hash_cmp (test.test_sqlite3.test_factory.RowFactoryTests.test_sqlite_row_hash_cmp) ... ok
test_sqlite_row_index (test.test_sqlite3.test_factory.RowFactoryTests.test_sqlite_row_index) ... ok
test_sqlite_row_index_unicode (test.test_sqlite3.test_factory.RowFactoryTests.test_sqlite_row_index_unicode) ... ok
test_sqlite_row_iter (test.test_sqlite3.test_factory.RowFactoryTests.test_sqlite_row_iter) ... ok
test_sqlite_row_keys (test.test_sqlite3.test_factory.RowFactoryTests.test_sqlite_row_keys) ... ok
test_sqlite_row_slice (test.test_sqlite3.test_factory.RowFactoryTests.test_sqlite_row_slice) ... ok
test_is_produced_by_factory (test.test_sqlite3.test_factory.RowFactoryTestsBackwardsCompat.test_is_produced_by_factory) ... ok
test_custom (test.test_sqlite3.test_factory.TextFactoryTests.test_custom) ... ok
test_string (test.test_sqlite3.test_factory.TextFactoryTests.test_string) ... ok
test_unicode (test.test_sqlite3.test_factory.TextFactoryTests.test_unicode) ... ok
test_bytearray (test.test_sqlite3.test_factory.TextFactoryTestsWithEmbeddedZeroBytes.test_bytearray) ... ok
test_bytes (test.test_sqlite3.test_factory.TextFactoryTestsWithEmbeddedZeroBytes.test_bytes) ... ok
test_custom (test.test_sqlite3.test_factory.TextFactoryTestsWithEmbeddedZeroBytes.test_custom) ... ok
test_string (test.test_sqlite3.test_factory.TextFactoryTestsWithEmbeddedZeroBytes.test_string) ... ok
test_authorizer_concurrent_mutation_in_call (test.test_sqlite3.test_hooks.AuthorizerTests.test_authorizer_concurrent_mutation_in_call) ... ok
test_authorizer_concurrent_mutation_with_overflown_value (test.test_sqlite3.test_hooks.AuthorizerTests.test_authorizer_concurrent_mutation_with_overflown_value) ... ok
test_authorizer_invalid_signature (test.test_sqlite3.test_hooks.AuthorizerTests.test_authorizer_invalid_signature) ... ok
test_collation_is_used (test.test_sqlite3.test_hooks.CollationTests.test_collation_is_used) ... ok
test_collation_register_twice (test.test_sqlite3.test_hooks.CollationTests.test_collation_register_twice)
Register two different collation functions under the same name. ... ok
test_collation_register_when_busy (test.test_sqlite3.test_hooks.CollationTests.test_collation_register_when_busy) ... ok
test_collation_returns_large_integer (test.test_sqlite3.test_hooks.CollationTests.test_collation_returns_large_integer) ... ok
test_create_collation_bad_upper (test.test_sqlite3.test_hooks.CollationTests.test_create_collation_bad_upper) ... ok
test_create_collation_not_ascii (test.test_sqlite3.test_hooks.CollationTests.test_create_collation_not_ascii) ... ok
test_create_collation_not_callable (test.test_sqlite3.test_hooks.CollationTests.test_create_collation_not_callable) ... ok
test_create_collation_not_string (test.test_sqlite3.test_hooks.CollationTests.test_create_collation_not_string) ... ok
test_deregister_collation (test.test_sqlite3.test_hooks.CollationTests.test_deregister_collation)
Register a collation, then deregister it. Make sure an error is raised if we try ... ok
test_cancel_operation (test.test_sqlite3.test_hooks.ProgressTests.test_cancel_operation)
Test that returning a non-zero value stops the operation in progress. ... ok
test_clear_handler (test.test_sqlite3.test_hooks.ProgressTests.test_clear_handler)
Test that setting the progress handler to None clears the previously set handler. ... ok
test_error_in_progress_handler (test.test_sqlite3.test_hooks.ProgressTests.test_error_in_progress_handler) ... ok
test_error_in_progress_handler_result (test.test_sqlite3.test_hooks.ProgressTests.test_error_in_progress_handler_result) ... ok
test_opcode_count (test.test_sqlite3.test_hooks.ProgressTests.test_opcode_count)
Test that the opcode argument is respected. ... ok
test_progress_handler_concurrent_mutation_in_call (test.test_sqlite3.test_hooks.ProgressTests.test_progress_handler_concurrent_mutation_in_call) ... ok
test_progress_handler_concurrent_mutation_in_conversion (test.test_sqlite3.test_hooks.ProgressTests.test_progress_handler_concurrent_mutation_in_conversion) ... ok
test_progress_handler_invalid_signature (test.test_sqlite3.test_hooks.ProgressTests.test_progress_handler_invalid_signature) ... ok
test_progress_handler_used (test.test_sqlite3.test_hooks.ProgressTests.test_progress_handler_used)
Test that the progress handler is invoked once it is set. ... ok
test_set_progress_handler_keyword_args (test.test_sqlite3.test_hooks.ProgressTests.test_set_progress_handler_keyword_args) ... ok
test_clear_trace_callback (test.test_sqlite3.test_hooks.TraceCallbackTests.test_clear_trace_callback)
Test that setting the trace callback to None clears the previously set callback. ... ok
test_set_trace_callback_keyword_args (test.test_sqlite3.test_hooks.TraceCallbackTests.test_set_trace_callback_keyword_args) ... ok
test_trace_bad_handler (test.test_sqlite3.test_hooks.TraceCallbackTests.test_trace_bad_handler) ... ok
test_trace_callback_concurrent_mutation_in_call (test.test_sqlite3.test_hooks.TraceCallbackTests.test_trace_callback_concurrent_mutation_in_call) ... ok
test_trace_callback_content (test.test_sqlite3.test_hooks.TraceCallbackTests.test_trace_callback_content) ... ok
test_trace_callback_used (test.test_sqlite3.test_hooks.TraceCallbackTests.test_trace_callback_used)
Test that the trace callback is invoked once it is set. ... ok
test_trace_expanded_sql (test.test_sqlite3.test_hooks.TraceCallbackTests.test_trace_expanded_sql) ... ok
test_trace_handler_invalid_signature (test.test_sqlite3.test_hooks.TraceCallbackTests.test_trace_handler_invalid_signature) ... ok
test_trace_too_much_expanded_sql (test.test_sqlite3.test_hooks.TraceCallbackTests.test_trace_too_much_expanded_sql) ... ok
test_unicode_content (test.test_sqlite3.test_hooks.TraceCallbackTests.test_unicode_content)
Test that the statement can contain unicode literals. ... ok
test_recursive_cursor_close (test.test_sqlite3.test_regression.RecursiveUseOfCursors.test_recursive_cursor_close) ... ok
test_recursive_cursor_init (test.test_sqlite3.test_regression.RecursiveUseOfCursors.test_recursive_cursor_init) ... ok
test_recursive_cursor_iter (test.test_sqlite3.test_regression.RecursiveUseOfCursors.test_recursive_cursor_iter) ... ok
test_auto_commit (test.test_sqlite3.test_regression.RegressionTests.test_auto_commit)
Verifies that creating a connection in autocommit mode works. ... ok
test_bind_mutating_list (test.test_sqlite3.test_regression.RegressionTests.test_bind_mutating_list) ... ok
test_bpo31770 (test.test_sqlite3.test_regression.RegressionTests.test_bpo31770)
The interpreter shouldn't crash in case Cursor.__init__() is called ... ok
test_bpo37347 (test.test_sqlite3.test_regression.RegressionTests.test_bpo37347) ... ok
test_collation (test.test_sqlite3.test_regression.RegressionTests.test_collation) ... ok
test_column_name_with_spaces (test.test_sqlite3.test_regression.RegressionTests.test_column_name_with_spaces) ... ok
test_commit_cursor_reset (test.test_sqlite3.test_regression.RegressionTests.test_commit_cursor_reset)
Connection.commit() did reset cursors, which made sqlite3 ... ok
test_connection_call (test.test_sqlite3.test_regression.RegressionTests.test_connection_call)
Call a connection with a non-string SQL request: check error handling ... ok
test_connection_constructor_call_check (test.test_sqlite3.test_regression.RegressionTests.test_connection_constructor_call_check)
Verifies that connection methods check whether base class __init__ was ... ok
test_convert_timestamp_microsecond_padding (test.test_sqlite3.test_regression.RegressionTests.test_convert_timestamp_microsecond_padding)
http://bugs.python.org/issue14720 ... ok
test_cursor_constructor_call_check (test.test_sqlite3.test_regression.RegressionTests.test_cursor_constructor_call_check)
Verifies that cursor methods check whether base class __init__ was ... ok
test_del_isolation_level_segfault (test.test_sqlite3.test_regression.RegressionTests.test_del_isolation_level_segfault) ... ok
test_empty_statement (test.test_sqlite3.test_regression.RegressionTests.test_empty_statement)
pysqlite used to segfault with SQLite versions 3.5.x. These return NULL ... ok
test_error_msg_decode_error (test.test_sqlite3.test_regression.RegressionTests.test_error_msg_decode_error) ... ok
test_executescript_step_through_select (test.test_sqlite3.test_regression.RegressionTests.test_executescript_step_through_select) ... ok
test_invalid_isolation_level_type (test.test_sqlite3.test_regression.RegressionTests.test_invalid_isolation_level_type) ... ok
test_large_sql (test.test_sqlite3.test_regression.RegressionTests.test_large_sql) ... ok
test_null_character (test.test_sqlite3.test_regression.RegressionTests.test_null_character) ... ok
test_on_conflict_rollback (test.test_sqlite3.test_regression.RegressionTests.test_on_conflict_rollback) ... ok
test_pragma_autocommit (test.test_sqlite3.test_regression.RegressionTests.test_pragma_autocommit)
Verifies that running a PRAGMA statement that does an autocommit does ... ok
test_pragma_schema_version (test.test_sqlite3.test_regression.RegressionTests.test_pragma_schema_version) ... ok
test_pragma_user_version (test.test_sqlite3.test_regression.RegressionTests.test_pragma_user_version) ... ok
test_recursive_cursor_use (test.test_sqlite3.test_regression.RegressionTests.test_recursive_cursor_use)
http://bugs.python.org/issue10811 ... ok
test_register_adapter (test.test_sqlite3.test_regression.RegressionTests.test_register_adapter)
See issue 3312. ... ok
test_return_empty_bytestring (test.test_sqlite3.test_regression.RegressionTests.test_return_empty_bytestring) ... ok
test_set_isolation_level (test.test_sqlite3.test_regression.RegressionTests.test_set_isolation_level) ... ok
test_statement_finalization_on_close_db (test.test_sqlite3.test_regression.RegressionTests.test_statement_finalization_on_close_db) ... ok
test_statement_reset (test.test_sqlite3.test_regression.RegressionTests.test_statement_reset) ... ok
test_str_subclass (test.test_sqlite3.test_regression.RegressionTests.test_str_subclass)
The Python 3.0 port of the module didn't cope with values of subclasses of str. ... ok
test_surrogates (test.test_sqlite3.test_regression.RegressionTests.test_surrogates) ... ok
test_table_lock_cursor_dealloc (test.test_sqlite3.test_regression.RegressionTests.test_table_lock_cursor_dealloc) ... ok
test_table_lock_cursor_non_readonly_select (test.test_sqlite3.test_regression.RegressionTests.test_table_lock_cursor_non_readonly_select) ... ok
test_table_lock_cursor_replace_stmt (test.test_sqlite3.test_regression.RegressionTests.test_table_lock_cursor_replace_stmt) ... ok
test_type_map_usage (test.test_sqlite3.test_regression.RegressionTests.test_type_map_usage)
pysqlite until 2.4.1 did not rebuild the row_cast_map when recompiling ... ok
test_workaround_for_buggy_sqlite_transfer_bindings (test.test_sqlite3.test_regression.RegressionTests.test_workaround_for_buggy_sqlite_transfer_bindings)
pysqlite would crash with older SQLite versions unless ... ok
test_autocommit_compat_ctx_mgr (test.test_sqlite3.test_transactions.AutocommitAttribute.test_autocommit_compat_ctx_mgr) ... ok
test_autocommit_compat_executescript (test.test_sqlite3.test_transactions.AutocommitAttribute.test_autocommit_compat_executescript) ... ok
test_autocommit_default (test.test_sqlite3.test_transactions.AutocommitAttribute.test_autocommit_default) ... ok
test_autocommit_disabled (test.test_sqlite3.test_transactions.AutocommitAttribute.test_autocommit_disabled) ... ok
test_autocommit_disabled_ctx_mgr (test.test_sqlite3.test_transactions.AutocommitAttribute.test_autocommit_disabled_ctx_mgr) ... ok
test_autocommit_disabled_executescript (test.test_sqlite3.test_transactions.AutocommitAttribute.test_autocommit_disabled_executescript) ... ok
test_autocommit_disabled_implicit_rollback (test.test_sqlite3.test_transactions.AutocommitAttribute.test_autocommit_disabled_implicit_rollback) ... ok
test_autocommit_disabled_implicit_shutdown (test.test_sqlite3.test_transactions.AutocommitAttribute.test_autocommit_disabled_implicit_shutdown) ... ERROR
test_autocommit_disabled_then_enabled (test.test_sqlite3.test_transactions.AutocommitAttribute.test_autocommit_disabled_then_enabled) ... ok
test_autocommit_enabled (test.test_sqlite3.test_transactions.AutocommitAttribute.test_autocommit_enabled) ... ok
test_autocommit_enabled_ctx_mgr (test.test_sqlite3.test_transactions.AutocommitAttribute.test_autocommit_enabled_ctx_mgr) ... ok
test_autocommit_enabled_executescript (test.test_sqlite3.test_transactions.AutocommitAttribute.test_autocommit_enabled_executescript) ... ok
test_autocommit_enabled_then_disabled (test.test_sqlite3.test_transactions.AutocommitAttribute.test_autocommit_enabled_then_disabled) ... ok
test_autocommit_enabled_txn_ctl (test.test_sqlite3.test_transactions.AutocommitAttribute.test_autocommit_enabled_txn_ctl) ... ok
test_autocommit_explicit_then_disabled (test.test_sqlite3.test_transactions.AutocommitAttribute.test_autocommit_explicit_then_disabled) ... ok
test_autocommit_setget (test.test_sqlite3.test_transactions.AutocommitAttribute.test_autocommit_setget) ... ok
test_autocommit_setget_invalid (test.test_sqlite3.test_transactions.AutocommitAttribute.test_autocommit_setget_invalid) ... ok
test_isolation_level_begin (test.test_sqlite3.test_transactions.IsolationLevelFromInit.test_isolation_level_begin) ... ok
test_isolation_level_default (test.test_sqlite3.test_transactions.IsolationLevelFromInit.test_isolation_level_default) ... ok
test_isolation_level_deferred (test.test_sqlite3.test_transactions.IsolationLevelFromInit.test_isolation_level_deferred) ... ok
test_isolation_level_exclusive (test.test_sqlite3.test_transactions.IsolationLevelFromInit.test_isolation_level_exclusive) ... ok
test_isolation_level_immediate (test.test_sqlite3.test_transactions.IsolationLevelFromInit.test_isolation_level_immediate) ... ok
test_isolation_level_none (test.test_sqlite3.test_transactions.IsolationLevelFromInit.test_isolation_level_none) ... ok
test_isolation_level_begin (test.test_sqlite3.test_transactions.IsolationLevelPostInit.test_isolation_level_begin) ... ok
test_isolation_level_default (test.test_sqlite3.test_transactions.IsolationLevelPostInit.test_isolation_level_default) ... ok
test_isolation_level_deferrred (test.test_sqlite3.test_transactions.IsolationLevelPostInit.test_isolation_level_deferrred) ... ok
test_isolation_level_exclusive (test.test_sqlite3.test_transactions.IsolationLevelPostInit.test_isolation_level_exclusive) ... ok
test_isolation_level_immediate (test.test_sqlite3.test_transactions.IsolationLevelPostInit.test_isolation_level_immediate) ... ok
test_isolation_level_none (test.test_sqlite3.test_transactions.IsolationLevelPostInit.test_isolation_level_none) ... ok
test_no_duplicate_rows_after_rollback_close_cursor (test.test_sqlite3.test_transactions.RollbackTests.test_no_duplicate_rows_after_rollback_close_cursor) ... ok
test_no_duplicate_rows_after_rollback_del_cursor (test.test_sqlite3.test_transactions.RollbackTests.test_no_duplicate_rows_after_rollback_del_cursor) ... ok
test_no_duplicate_rows_after_rollback_new_query (test.test_sqlite3.test_transactions.RollbackTests.test_no_duplicate_rows_after_rollback_new_query) ... ok
test_drop_table (test.test_sqlite3.test_transactions.SpecialCommandTests.test_drop_table) ... ok
test_pragma (test.test_sqlite3.test_transactions.SpecialCommandTests.test_pragma) ... ok
test_delete_starts_transaction (test.test_sqlite3.test_transactions.TransactionTests.test_delete_starts_transaction) ... ok
test_dml_does_not_auto_commit_before (test.test_sqlite3.test_transactions.TransactionTests.test_dml_does_not_auto_commit_before) ... ok
test_insert_starts_transaction (test.test_sqlite3.test_transactions.TransactionTests.test_insert_starts_transaction) ... ok
test_locking (test.test_sqlite3.test_transactions.TransactionTests.test_locking) ... ok
test_multiple_cursors_and_iternext (test.test_sqlite3.test_transactions.TransactionTests.test_multiple_cursors_and_iternext) ... ok
test_raise_timeout (test.test_sqlite3.test_transactions.TransactionTests.test_raise_timeout) ... ok
test_replace_starts_transaction (test.test_sqlite3.test_transactions.TransactionTests.test_replace_starts_transaction) ... ok
test_rollback_cursor_consistency (test.test_sqlite3.test_transactions.TransactionTests.test_rollback_cursor_consistency)
Check that cursors behave correctly after rollback. ... ok
test_toggle_auto_commit (test.test_sqlite3.test_transactions.TransactionTests.test_toggle_auto_commit) ... ok
test_update_starts_transaction (test.test_sqlite3.test_transactions.TransactionTests.test_update_starts_transaction) ... ok
test_ddl_does_not_autostart_transaction (test.test_sqlite3.test_transactions.TransactionalDDL.test_ddl_does_not_autostart_transaction) ... ok
test_immediate_transactional_ddl (test.test_sqlite3.test_transactions.TransactionalDDL.test_immediate_transactional_ddl) ... ok
test_transactional_ddl (test.test_sqlite3.test_transactions.TransactionalDDL.test_transactional_ddl) ... ok
test_binary_input_for_converter (test.test_sqlite3.test_types.BinaryConverterTests.test_binary_input_for_converter) ... ok
test_case_in_converter_name (test.test_sqlite3.test_types.ColNamesTests.test_case_in_converter_name) ... ok
test_col_name (test.test_sqlite3.test_types.ColNamesTests.test_col_name) ... ok
test_cursor_description_insert (test.test_sqlite3.test_types.ColNamesTests.test_cursor_description_insert) ... ok
test_cursor_description_no_row (test.test_sqlite3.test_types.ColNamesTests.test_cursor_description_no_row)
cursor.description should at least provide the column name(s), even if ... ok
test_decl_type_not_used (test.test_sqlite3.test_types.ColNamesTests.test_decl_type_not_used)
Assures that the declared type is not used when PARSE_DECLTYPES ... ok
test_none (test.test_sqlite3.test_types.ColNamesTests.test_none) ... ok
test_cursor_description_cte (test.test_sqlite3.test_types.CommonTableExpressionTests.test_cursor_description_cte) ... ok
test_cursor_description_cte_multiple_columns (test.test_sqlite3.test_types.CommonTableExpressionTests.test_cursor_description_cte_multiple_columns) ... ok
test_cursor_description_cte_simple (test.test_sqlite3.test_types.CommonTableExpressionTests.test_cursor_description_cte_simple) ... ok
test_date_time_sub_seconds (test.test_sqlite3.test_types.DateTimeTests.test_date_time_sub_seconds) ... ok
test_date_time_sub_seconds_floating_point (test.test_sqlite3.test_types.DateTimeTests.test_date_time_sub_seconds_floating_point) ... ok
test_sql_timestamp (test.test_sqlite3.test_types.DateTimeTests.test_sql_timestamp) ... ok
test_sqlite_date (test.test_sqlite3.test_types.DateTimeTests.test_sqlite_date) ... ok
test_sqlite_timestamp (test.test_sqlite3.test_types.DateTimeTests.test_sqlite_timestamp) ... ok
test_blob (test.test_sqlite3.test_types.DeclTypesTests.test_blob) ... ok
test_bool (test.test_sqlite3.test_types.DeclTypesTests.test_bool) ... ok
test_convert_zero_sized_blob (test.test_sqlite3.test_types.DeclTypesTests.test_convert_zero_sized_blob) ... ok
test_error_in_conform (test.test_sqlite3.test_types.DeclTypesTests.test_error_in_conform) ... ok
test_float (test.test_sqlite3.test_types.DeclTypesTests.test_float) ... ok
test_foo (test.test_sqlite3.test_types.DeclTypesTests.test_foo) ... ok
test_large_int (test.test_sqlite3.test_types.DeclTypesTests.test_large_int) ... ok
test_number1 (test.test_sqlite3.test_types.DeclTypesTests.test_number1) ... ok
test_number2 (test.test_sqlite3.test_types.DeclTypesTests.test_number2)
Checks whether converter names are cut off at '(' characters ... ok
test_small_int (test.test_sqlite3.test_types.DeclTypesTests.test_small_int) ... ok
test_string (test.test_sqlite3.test_types.DeclTypesTests.test_string) ... ok
test_unicode (test.test_sqlite3.test_types.DeclTypesTests.test_unicode) ... ok
test_unsupported_dict (test.test_sqlite3.test_types.DeclTypesTests.test_unsupported_dict) ... ok
test_unsupported_seq (test.test_sqlite3.test_types.DeclTypesTests.test_unsupported_seq) ... ok
test_adapt (test.test_sqlite3.test_types.ObjectAdaptationTests.test_adapt) ... ok
test_adapt_alt (test.test_sqlite3.test_types.ObjectAdaptationTests.test_adapt_alt) ... ok
test_caster_is_used (test.test_sqlite3.test_types.ObjectAdaptationTests.test_caster_is_used) ... ok
test_custom_proto (test.test_sqlite3.test_types.ObjectAdaptationTests.test_custom_proto) ... ok
test_defect_proto (test.test_sqlite3.test_types.ObjectAdaptationTests.test_defect_proto) ... ok
test_defect_self_adapt (test.test_sqlite3.test_types.ObjectAdaptationTests.test_defect_self_adapt) ... ok
test_missing_adapter (test.test_sqlite3.test_types.ObjectAdaptationTests.test_missing_adapter) ... ok
test_missing_protocol (test.test_sqlite3.test_types.ObjectAdaptationTests.test_missing_protocol) ... ok
test_blob (test.test_sqlite3.test_types.SqliteTypeTests.test_blob) ... ok
test_float (test.test_sqlite3.test_types.SqliteTypeTests.test_float) ... ok
test_large_int (test.test_sqlite3.test_types.SqliteTypeTests.test_large_int) ... ok
test_small_int (test.test_sqlite3.test_types.SqliteTypeTests.test_small_int) ... ok
test_string (test.test_sqlite3.test_types.SqliteTypeTests.test_string) ... ok
test_string_with_null_character (test.test_sqlite3.test_types.SqliteTypeTests.test_string_with_null_character) ... ok
test_string_with_surrogates (test.test_sqlite3.test_types.SqliteTypeTests.test_string_with_surrogates) ... ok
test_too_large_blob (test.test_sqlite3.test_types.SqliteTypeTests.test_too_large_blob) ... skipped 'not enough memory: 6.0G minimum needed'
test_too_large_int (test.test_sqlite3.test_types.SqliteTypeTests.test_too_large_int) ... ok
test_too_large_string (test.test_sqlite3.test_types.SqliteTypeTests.test_too_large_string) ... skipped 'not enough memory: 8.0G minimum needed'
test_unicode_execute (test.test_sqlite3.test_types.SqliteTypeTests.test_unicode_execute) ... ok
test_agg_keyword_args (test.test_sqlite3.test_userfunctions.AggregateTests.test_agg_keyword_args) ... ok
test_aggr_check_aggr_sum (test.test_sqlite3.test_userfunctions.AggregateTests.test_aggr_check_aggr_sum) ... ok
test_aggr_check_param_blob (test.test_sqlite3.test_userfunctions.AggregateTests.test_aggr_check_param_blob) ... ok
test_aggr_check_param_float (test.test_sqlite3.test_userfunctions.AggregateTests.test_aggr_check_param_float) ... ok
test_aggr_check_param_int (test.test_sqlite3.test_userfunctions.AggregateTests.test_aggr_check_param_int) ... ok
test_aggr_check_param_none (test.test_sqlite3.test_userfunctions.AggregateTests.test_aggr_check_param_none) ... ok
test_aggr_check_param_str (test.test_sqlite3.test_userfunctions.AggregateTests.test_aggr_check_param_str) ... ok
test_aggr_check_params_int (test.test_sqlite3.test_userfunctions.AggregateTests.test_aggr_check_params_int) ... ok
test_aggr_error_on_create (test.test_sqlite3.test_userfunctions.AggregateTests.test_aggr_error_on_create) ... ok
test_aggr_exception_in_finalize (test.test_sqlite3.test_userfunctions.AggregateTests.test_aggr_exception_in_finalize) ... ok
test_aggr_exception_in_init (test.test_sqlite3.test_userfunctions.AggregateTests.test_aggr_exception_in_init) ... ok
test_aggr_exception_in_step (test.test_sqlite3.test_userfunctions.AggregateTests.test_aggr_exception_in_step) ... ok
test_aggr_no_finalize (test.test_sqlite3.test_userfunctions.AggregateTests.test_aggr_no_finalize) ... ok
test_aggr_no_match (test.test_sqlite3.test_userfunctions.AggregateTests.test_aggr_no_match) ... ok
test_aggr_no_step (test.test_sqlite3.test_userfunctions.AggregateTests.test_aggr_no_step) ... ok
test_aggr_text (test.test_sqlite3.test_userfunctions.AggregateTests.test_aggr_text) ... ok
test_authorizer_keyword_args (test.test_sqlite3.test_userfunctions.AuthorizerIllegalTypeTests.test_authorizer_keyword_args) ... ok
test_clear_authorizer (test.test_sqlite3.test_userfunctions.AuthorizerIllegalTypeTests.test_clear_authorizer) ... ok
test_column_access (test.test_sqlite3.test_userfunctions.AuthorizerIllegalTypeTests.test_column_access) ... ok
test_table_access (test.test_sqlite3.test_userfunctions.AuthorizerIllegalTypeTests.test_table_access) ... ok
test_authorizer_keyword_args (test.test_sqlite3.test_userfunctions.AuthorizerLargeIntegerTests.test_authorizer_keyword_args) ... ok
test_clear_authorizer (test.test_sqlite3.test_userfunctions.AuthorizerLargeIntegerTests.test_clear_authorizer) ... ok
test_column_access (test.test_sqlite3.test_userfunctions.AuthorizerLargeIntegerTests.test_column_access) ... ok
test_table_access (test.test_sqlite3.test_userfunctions.AuthorizerLargeIntegerTests.test_table_access) ... ok
test_authorizer_keyword_args (test.test_sqlite3.test_userfunctions.AuthorizerRaiseExceptionTests.test_authorizer_keyword_args) ... ok
test_clear_authorizer (test.test_sqlite3.test_userfunctions.AuthorizerRaiseExceptionTests.test_clear_authorizer) ... ok
test_column_access (test.test_sqlite3.test_userfunctions.AuthorizerRaiseExceptionTests.test_column_access) ... ok
test_table_access (test.test_sqlite3.test_userfunctions.AuthorizerRaiseExceptionTests.test_table_access) ... ok
test_authorizer_keyword_args (test.test_sqlite3.test_userfunctions.AuthorizerTests.test_authorizer_keyword_args) ... ok
test_clear_authorizer (test.test_sqlite3.test_userfunctions.AuthorizerTests.test_clear_authorizer) ... ok
test_column_access (test.test_sqlite3.test_userfunctions.AuthorizerTests.test_column_access) ... ok
test_table_access (test.test_sqlite3.test_userfunctions.AuthorizerTests.test_table_access) ... ok
test_any_arguments (test.test_sqlite3.test_userfunctions.FunctionTests.test_any_arguments) ... ok
test_empty_blob (test.test_sqlite3.test_userfunctions.FunctionTests.test_empty_blob) ... ok
test_func_deterministic (test.test_sqlite3.test_userfunctions.FunctionTests.test_func_deterministic) ... ok
test_func_deterministic_keyword_only (test.test_sqlite3.test_userfunctions.FunctionTests.test_func_deterministic_keyword_only) ... ok
test_func_error_on_create (test.test_sqlite3.test_userfunctions.FunctionTests.test_func_error_on_create) ... ok
test_func_exception (test.test_sqlite3.test_userfunctions.FunctionTests.test_func_exception) ... ok
test_func_keyword_args (test.test_sqlite3.test_userfunctions.FunctionTests.test_func_keyword_args) ... ok
test_func_memory_error (test.test_sqlite3.test_userfunctions.FunctionTests.test_func_memory_error) ... ok
test_func_non_deterministic (test.test_sqlite3.test_userfunctions.FunctionTests.test_func_non_deterministic) ... ok
test_func_overflow_error (test.test_sqlite3.test_userfunctions.FunctionTests.test_func_overflow_error) ... ok
test_func_params (test.test_sqlite3.test_userfunctions.FunctionTests.test_func_params) ... ok
test_func_ref_count (test.test_sqlite3.test_userfunctions.FunctionTests.test_func_ref_count) ... ok
test_func_return_blob (test.test_sqlite3.test_userfunctions.FunctionTests.test_func_return_blob) ... ok
test_func_return_float (test.test_sqlite3.test_userfunctions.FunctionTests.test_func_return_float) ... ok
test_func_return_illegal_value (test.test_sqlite3.test_userfunctions.FunctionTests.test_func_return_illegal_value) ... ok
test_func_return_int (test.test_sqlite3.test_userfunctions.FunctionTests.test_func_return_int) ... ok
test_func_return_long_long (test.test_sqlite3.test_userfunctions.FunctionTests.test_func_return_long_long) ... ok
test_func_return_nan (test.test_sqlite3.test_userfunctions.FunctionTests.test_func_return_nan) ... ok
test_func_return_null (test.test_sqlite3.test_userfunctions.FunctionTests.test_func_return_null) ... ok
test_func_return_text (test.test_sqlite3.test_userfunctions.FunctionTests.test_func_return_text) ... ok
test_func_return_text_with_null_char (test.test_sqlite3.test_userfunctions.FunctionTests.test_func_return_text_with_null_char) ... ok
test_func_return_text_with_surrogates (test.test_sqlite3.test_userfunctions.FunctionTests.test_func_return_text_with_surrogates) ... ok
test_func_return_too_large_blob (test.test_sqlite3.test_userfunctions.FunctionTests.test_func_return_too_large_blob) ... skipped 'not enough memory: 4.0G minimum needed'
test_func_return_too_large_int (test.test_sqlite3.test_userfunctions.FunctionTests.test_func_return_too_large_int) ... ok
test_func_return_too_large_text (test.test_sqlite3.test_userfunctions.FunctionTests.test_func_return_too_large_text) ... skipped 'not enough memory: 6.0G minimum needed'
test_func_return_unicode (test.test_sqlite3.test_userfunctions.FunctionTests.test_func_return_unicode) ... ok
test_func_too_many_args (test.test_sqlite3.test_userfunctions.FunctionTests.test_func_too_many_args) ... ok
test_function_destructor_via_gc (test.test_sqlite3.test_userfunctions.FunctionTests.test_function_destructor_via_gc) ... ok
test_nan_float (test.test_sqlite3.test_userfunctions.FunctionTests.test_nan_float) ... ok
test_non_contiguous_blob (test.test_sqlite3.test_userfunctions.FunctionTests.test_non_contiguous_blob) ... ok
test_param_surrogates (test.test_sqlite3.test_userfunctions.FunctionTests.test_param_surrogates) ... ok
test_return_non_contiguous_blob (test.test_sqlite3.test_userfunctions.FunctionTests.test_return_non_contiguous_blob) ... ok
test_too_large_int (test.test_sqlite3.test_userfunctions.FunctionTests.test_too_large_int) ... ok
test_win_clear_function (test.test_sqlite3.test_userfunctions.WindowFunctionTests.test_win_clear_function) ... ok
test_win_error_on_create (test.test_sqlite3.test_userfunctions.WindowFunctionTests.test_win_error_on_create) ... ok
test_win_error_value_return (test.test_sqlite3.test_userfunctions.WindowFunctionTests.test_win_error_value_return) ... ok
test_win_exception_in_finalize (test.test_sqlite3.test_userfunctions.WindowFunctionTests.test_win_exception_in_finalize) ... ok
test_win_exception_in_method (test.test_sqlite3.test_userfunctions.WindowFunctionTests.test_win_exception_in_method) ... ok
test_win_missing_finalize (test.test_sqlite3.test_userfunctions.WindowFunctionTests.test_win_missing_finalize) ... ok
test_win_missing_method (test.test_sqlite3.test_userfunctions.WindowFunctionTests.test_win_missing_method) ... ok
test_win_redefine_function (test.test_sqlite3.test_userfunctions.WindowFunctionTests.test_win_redefine_function) ... ok
test_win_sum_int (test.test_sqlite3.test_userfunctions.WindowFunctionTests.test_win_sum_int) ... ok

======================================================================
ERROR: test_ctx_mgr_rollback_if_commit_failed (test.test_sqlite3.test_dbapi.MultiprocessTests.test_ctx_mgr_rollback_if_commit_failed)
----------------------------------------------------------------------
Traceback (most recent call last):
  File "/app/target/cpython-strict/build/python-target/Lib/test/test_sqlite3/test_dbapi.py", line 1946, in test_ctx_mgr_rollback_if_commit_failed
    proc = subprocess.Popen(
        [sys.executable, "-c", SCRIPT],
    ...<3 lines>...
        stdout=subprocess.PIPE,
    )
  File "/app/target/cpython-strict/build/python-target/Lib/subprocess.py", line 1039, in __init__
    self._execute_child(args, executable, preexec_fn, close_fds,
    ~~~~~~~~~~~~~~~~~~~^^^^^^^^^^^^^^^^^^^^^^^^^^^^^^^^^^^^^^^^^
                        pass_fds, cwd, env,
                        ^^^^^^^^^^^^^^^^^^^
    ...<5 lines>...
                        gid, gids, uid, umask,
                        ^^^^^^^^^^^^^^^^^^^^^^
                        start_new_session, process_group)
                        ^^^^^^^^^^^^^^^^^^^^^^^^^^^^^^^^^
  File "/app/target/cpython-strict/build/python-target/Lib/subprocess.py", line 1990, in _execute_child
    raise child_exception_type(errno_num, err_msg, err_filename)
OSError: [Errno 8] Exec format error: '/app/target/cpython-strict/build/python-target/python.exe'

======================================================================
ERROR: test_autocommit_disabled_implicit_shutdown (test.test_sqlite3.test_transactions.AutocommitAttribute.test_autocommit_disabled_implicit_shutdown)
----------------------------------------------------------------------
Traceback (most recent call last):
  File "/app/target/cpython-strict/build/python-target/Lib/test/test_sqlite3/test_transactions.py", line 524, in test_autocommit_disabled_implicit_shutdown
    assert_python_ok("-c", code, PYTHONIOENCODING="utf-8")
    ~~~~~~~~~~~~~~~~^^^^^^^^^^^^^^^^^^^^^^^^^^^^^^^^^^^^^^
  File "/app/target/cpython-strict/build/python-target/Lib/test/support/script_helper.py", line 182, in assert_python_ok
    return _assert_python(True, *args, **env_vars)
  File "/app/target/cpython-strict/build/python-target/Lib/test/support/script_helper.py", line 165, in _assert_python
    res, cmd_line = run_python_until_end(*args, **env_vars)
                    ~~~~~~~~~~~~~~~~~~~~^^^^^^^^^^^^^^^^^^^
  File "/app/target/cpython-strict/build/python-target/Lib/test/support/script_helper.py", line 109, in run_python_until_end
    env_required = interpreter_requires_environment()
  File "/app/target/cpython-strict/build/python-target/Lib/test/support/script_helper.py", line 51, in interpreter_requires_environment
    subprocess.check_call([sys.executable, '-E',
    ~~~~~~~~~~~~~~~~~~~~~^^^^^^^^^^^^^^^^^^^^^^^
                           '-c', 'import sys; sys.exit(0)'])
                           ^^^^^^^^^^^^^^^^^^^^^^^^^^^^^^^^^
  File "/app/target/cpython-strict/build/python-target/Lib/subprocess.py", line 415, in check_call
    retcode = call(*popenargs, **kwargs)
  File "/app/target/cpython-strict/build/python-target/Lib/subprocess.py", line 396, in call
    with Popen(*popenargs, **kwargs) as p:
         ~~~~~^^^^^^^^^^^^^^^^^^^^^^
  File "/app/target/cpython-strict/build/python-target/Lib/subprocess.py", line 1039, in __init__
    self._execute_child(args, executable, preexec_fn, close_fds,
    ~~~~~~~~~~~~~~~~~~~^^^^^^^^^^^^^^^^^^^^^^^^^^^^^^^^^^^^^^^^^
                        pass_fds, cwd, env,
                        ^^^^^^^^^^^^^^^^^^^
    ...<5 lines>...
                        gid, gids, uid, umask,
                        ^^^^^^^^^^^^^^^^^^^^^^
                        start_new_session, process_group)
                        ^^^^^^^^^^^^^^^^^^^^^^^^^^^^^^^^^
  File "/app/target/cpython-strict/build/python-target/Lib/subprocess.py", line 1990, in _execute_child
    raise child_exception_type(errno_num, err_msg, err_filename)
OSError: [Errno 8] Exec format error: '/app/target/cpython-strict/build/python-target/python.exe'

----------------------------------------------------------------------
Ran 503 tests in 5.436s

FAILED (errors=2, skipped=6)
test test_sqlite3 failed
0:10:23 load avg: 1.14 [36/43] test_sqlite3 failed (2 errors)
0:10:23 load avg: 1.14 [37/43] test_statistics
0:10:50 load avg: 1.28 [37/43] test_statistics passed
0:10:50 load avg: 1.28 [38/43] test_str
test___contains__ (test.test_str.StrTest.test___contains__) ... ok
test_adaptive_find (test.test_str.StrTest.test_adaptive_find) ... ok
test_add (test.test_str.StrTest.test_add) ... ok
test_additional_rsplit (test.test_str.StrTest.test_additional_rsplit) ... ok
test_additional_split (test.test_str.StrTest.test_additional_split) ... ok
test_ascii (test.test_str.StrTest.test_ascii) ... ok
test_bug1001011 (test.test_str.StrTest.test_bug1001011) ... ok
test_bytes_comparison (test.test_str.StrTest.test_bytes_comparison) ... ok
test_capitalize (test.test_str.StrTest.test_capitalize) ... ok
test_capitalize_nonascii (test.test_str.StrTest.test_capitalize_nonascii) ... ok
test_case_operation_overflow (test.test_str.StrTest.test_case_operation_overflow) ... skipped 'requires 32-bit system'
test_casefold (test.test_str.StrTest.test_casefold) ... ok
test_center (test.test_str.StrTest.test_center) ... ok
test_check_encoding_errors (test.test_str.StrTest.test_check_encoding_errors) ... ERROR
test_cmp (test.test_str.StrTest.test_cmp) ... ok
test_codecs (test.test_str.StrTest.test_codecs) ... ok
test_codecs_charmap (test.test_str.StrTest.test_codecs_charmap) ... ok
test_codecs_errors (test.test_str.StrTest.test_codecs_errors) ... ok
test_codecs_idna (test.test_str.StrTest.test_codecs_idna) ... ok
test_codecs_utf7 (test.test_str.StrTest.test_codecs_utf7) ... ok
test_codecs_utf8 (test.test_str.StrTest.test_codecs_utf8) ... ok
test_compare (test.test_str.StrTest.test_compare) ... ok
test_comparison (test.test_str.StrTest.test_comparison) ... ok
test_concatenation (test.test_str.StrTest.test_concatenation) ... ok
test_constructor (test.test_str.StrTest.test_constructor) ... ok
test_constructor_defaults (test.test_str.StrTest.test_constructor_defaults)
Check the constructor argument defaults. ... ok
test_constructor_keyword_args (test.test_str.StrTest.test_constructor_keyword_args)
Pass various keyword argument combinations to the constructor. ... ok
test_contains (test.test_str.StrTest.test_contains) ... ok
test_conversion (test.test_str.StrTest.test_conversion) ... ok
test_count (test.test_str.StrTest.test_count) ... ok
test_count_keyword (test.test_str.StrTest.test_count_keyword) ... ok
test_endswith (test.test_str.StrTest.test_endswith) ... ok
test_exhausted_iterator (test.test_str.StrTest.test_exhausted_iterator) ... ok
test_expandtabs (test.test_str.StrTest.test_expandtabs) ... ok
test_expandtabs_optimization (test.test_str.StrTest.test_expandtabs_optimization) ... ok
test_expandtabs_overflows_gracefully (test.test_str.StrTest.test_expandtabs_overflows_gracefully) ... skipped 'only applies to 32-bit platforms'
test_extended_getslice (test.test_str.StrTest.test_extended_getslice) ... ok
test_find (test.test_str.StrTest.test_find) ... ok
test_find_etc_raise_correct_error_messages (test.test_str.StrTest.test_find_etc_raise_correct_error_messages) ... ok
test_find_many_lengths (test.test_str.StrTest.test_find_many_lengths) ... ok
test_find_periodic_pattern (test.test_str.StrTest.test_find_periodic_pattern)
Cover the special path for periodic patterns. ... ok
test_find_shift_table_overflow (test.test_str.StrTest.test_find_shift_table_overflow)
When the table of 8-bit shifts overflows. ... ok
test_find_with_memory (test.test_str.StrTest.test_find_with_memory) ... ok
test_fixtype (test.test_str.StrTest.test_fixtype) ... ok
test_floatformatting (test.test_str.StrTest.test_floatformatting) ... ok
test_format (test.test_str.StrTest.test_format) ... ok
test_format_auto_numbering (test.test_str.StrTest.test_format_auto_numbering) ... ok
test_format_float (test.test_str.StrTest.test_format_float) ... ok
test_format_huge_item_number (test.test_str.StrTest.test_format_huge_item_number) ... ok
test_format_huge_precision (test.test_str.StrTest.test_format_huge_precision) ... ok
test_format_huge_width (test.test_str.StrTest.test_format_huge_width) ... ok
test_format_map (test.test_str.StrTest.test_format_map) ... ok
test_format_subclass (test.test_str.StrTest.test_format_subclass) ... ok
test_formatting (test.test_str.StrTest.test_formatting) ... ok
test_formatting_c_limits (test.test_str.StrTest.test_formatting_c_limits) ... ok
test_formatting_huge_precision (test.test_str.StrTest.test_formatting_huge_precision) ... ok
test_formatting_huge_precision_c_limits (test.test_str.StrTest.test_formatting_huge_precision_c_limits) ... ok
test_formatting_huge_width (test.test_str.StrTest.test_formatting_huge_width) ... ok
test_formatting_with_enum (test.test_str.StrTest.test_formatting_with_enum) ... ok
test_free_after_iterating (test.test_str.StrTest.test_free_after_iterating) ... ok
test_getnewargs (test.test_str.StrTest.test_getnewargs) ... ok
test_hash (test.test_str.StrTest.test_hash) ... ok
test_index (test.test_str.StrTest.test_index) ... ok
test_inplace_rewrites (test.test_str.StrTest.test_inplace_rewrites) ... ok
test_invalid_cb_for_2bytes_seq (test.test_str.StrTest.test_invalid_cb_for_2bytes_seq)
Test that an 'invalid continuation byte' error is raised when the ... ok
test_invalid_cb_for_3bytes_seq (test.test_str.StrTest.test_invalid_cb_for_3bytes_seq)
Test that an 'invalid continuation byte' error is raised when the ... ok
test_invalid_cb_for_4bytes_seq (test.test_str.StrTest.test_invalid_cb_for_4bytes_seq)
Test that an 'invalid continuation byte' error is raised when the ... ok
test_invalid_start_byte (test.test_str.StrTest.test_invalid_start_byte)
Test that an 'invalid start byte' error is raised when the first byte ... ok
test_isalnum (test.test_str.StrTest.test_isalnum) ... ok
test_isalpha (test.test_str.StrTest.test_isalpha) ... ok
test_isascii (test.test_str.StrTest.test_isascii) ... ok
test_isdecimal (test.test_str.StrTest.test_isdecimal) ... ok
test_isdigit (test.test_str.StrTest.test_isdigit) ... ok
test_isidentifier (test.test_str.StrTest.test_isidentifier) ... ok
test_islower (test.test_str.StrTest.test_islower) ... ok
test_isnumeric (test.test_str.StrTest.test_isnumeric) ... ok
test_isprintable (test.test_str.StrTest.test_isprintable) ... ok
test_isprintable_invariant (test.test_str.StrTest.test_isprintable_invariant) ... skipped "resource 'cpu' is not enabled"
test_isspace (test.test_str.StrTest.test_isspace) ... ok
test_isspace_invariant (test.test_str.StrTest.test_isspace_invariant) ... skipped "resource 'cpu' is not enabled"
test_issue127903 (test.test_str.StrTest.test_issue127903) ... ok
test_issue18183 (test.test_str.StrTest.test_issue18183) ... ok
test_issue28598_strsubclass_rhs (test.test_str.StrTest.test_issue28598_strsubclass_rhs) ... ok
test_issue8271 (test.test_str.StrTest.test_issue8271) ... ok
test_istitle (test.test_str.StrTest.test_istitle) ... ok
test_isupper (test.test_str.StrTest.test_isupper) ... ok
test_iteration (test.test_str.StrTest.test_iteration) ... ok
test_iterators (test.test_str.StrTest.test_iterators) ... ok
test_iterators_invocation (test.test_str.StrTest.test_iterators_invocation) ... ok
test_join (test.test_str.StrTest.test_join) ... ok
test_join_overflow (test.test_str.StrTest.test_join_overflow) ... skipped 'needs too much memory on a 64-bit platform'
test_literals (test.test_str.StrTest.test_literals) ... ok
test_ljust (test.test_str.StrTest.test_ljust) ... ok
test_lower (test.test_str.StrTest.test_lower) ... ok
test_maketrans_translate (test.test_str.StrTest.test_maketrans_translate) ... ok
test_mul (test.test_str.StrTest.test_mul) ... ok
test_none_arguments (test.test_str.StrTest.test_none_arguments) ... ok
test_partition (test.test_str.StrTest.test_partition) ... ok
test_pickle_iterator (test.test_str.StrTest.test_pickle_iterator) ... ok
test_printable_repr (test.test_str.StrTest.test_printable_repr) ... ok
test_raiseMemError (test.test_str.StrTest.test_raiseMemError) ... ok
test_removeprefix (test.test_str.StrTest.test_removeprefix) ... ok
test_removesuffix (test.test_str.StrTest.test_removesuffix) ... ok
test_repeat_id_preserving (test.test_str.StrTest.test_repeat_id_preserving) ... ok
test_replace (test.test_str.StrTest.test_replace) ... ok
test_replace_id (test.test_str.StrTest.test_replace_id) ... ok
test_replace_overflow (test.test_str.StrTest.test_replace_overflow) ... skipped 'only applies to 32-bit platforms'
test_replace_uses_two_way_maxcount (test.test_str.StrTest.test_replace_uses_two_way_maxcount) ... ok
test_replacement_on_buffer_boundary (test.test_str.StrTest.test_replacement_on_buffer_boundary) ... ok
test_repr (test.test_str.StrTest.test_repr) ... ok
test_rfind (test.test_str.StrTest.test_rfind) ... ok
test_rindex (test.test_str.StrTest.test_rindex) ... ok
test_rjust (test.test_str.StrTest.test_rjust) ... ok
test_rpartition (test.test_str.StrTest.test_rpartition) ... ok
test_rsplit (test.test_str.StrTest.test_rsplit) ... ok
test_slice (test.test_str.StrTest.test_slice) ... ok
test_split (test.test_str.StrTest.test_split) ... ok
test_splitlines (test.test_str.StrTest.test_splitlines) ... ok
test_startswith (test.test_str.StrTest.test_startswith) ... ok
test_startswith_endswith_errors (test.test_str.StrTest.test_startswith_endswith_errors) ... ok
test_str_invalid_call (test.test_str.StrTest.test_str_invalid_call) ... ok
test_strip (test.test_str.StrTest.test_strip) ... ok
test_strip_whitespace (test.test_str.StrTest.test_strip_whitespace) ... ok
test_subclass_add (test.test_str.StrTest.test_subclass_add) ... ok
test_subscript (test.test_str.StrTest.test_subscript) ... ok
test_surrogates (test.test_str.StrTest.test_surrogates) ... ok
test_swapcase (test.test_str.StrTest.test_swapcase) ... ok
test_title (test.test_str.StrTest.test_title) ... ok
test_ucs4 (test.test_str.StrTest.test_ucs4) ... ok
test_unexpected_end_of_data (test.test_str.StrTest.test_unexpected_end_of_data)
Test that an 'unexpected end of data' error is raised when the string ... ok
test_unicode_repr (test.test_str.StrTest.test_unicode_repr) ... ok
test_upper (test.test_str.StrTest.test_upper) ... ok
test_utf8_decode_invalid_sequences (test.test_str.StrTest.test_utf8_decode_invalid_sequences) ... ok
test_utf8_decode_valid_sequences (test.test_str.StrTest.test_utf8_decode_valid_sequences) ... ok
test_zfill (test.test_str.StrTest.test_zfill) ... ok
test_formatter_field_name_split (test.test_str.StringModuleTest.test_formatter_field_name_split) ... ok
test_formatter_parser (test.test_str.StringModuleTest.test_formatter_parser) ... ok
test_str_subclass_attr (test.test_str.StringModuleTest.test_str_subclass_attr) ... ok

======================================================================
ERROR: test_check_encoding_errors (test.test_str.StrTest.test_check_encoding_errors)
----------------------------------------------------------------------
Traceback (most recent call last):
  File "/app/target/cpython-strict/build/python-target/Lib/test/test_str.py", line 2668, in test_check_encoding_errors
    proc = assert_python_failure('-X', 'dev', '-c', code)
  File "/app/target/cpython-strict/build/python-target/Lib/test/support/script_helper.py", line 193, in assert_python_failure
    return _assert_python(False, *args, **env_vars)
  File "/app/target/cpython-strict/build/python-target/Lib/test/support/script_helper.py", line 165, in _assert_python
    res, cmd_line = run_python_until_end(*args, **env_vars)
                    ~~~~~~~~~~~~~~~~~~~~^^^^^^^^^^^^^^^^^^^
  File "/app/target/cpython-strict/build/python-target/Lib/test/support/script_helper.py", line 109, in run_python_until_end
    env_required = interpreter_requires_environment()
  File "/app/target/cpython-strict/build/python-target/Lib/test/support/script_helper.py", line 51, in interpreter_requires_environment
    subprocess.check_call([sys.executable, '-E',
    ~~~~~~~~~~~~~~~~~~~~~^^^^^^^^^^^^^^^^^^^^^^^
                           '-c', 'import sys; sys.exit(0)'])
                           ^^^^^^^^^^^^^^^^^^^^^^^^^^^^^^^^^
  File "/app/target/cpython-strict/build/python-target/Lib/subprocess.py", line 415, in check_call
    retcode = call(*popenargs, **kwargs)
  File "/app/target/cpython-strict/build/python-target/Lib/subprocess.py", line 396, in call
    with Popen(*popenargs, **kwargs) as p:
         ~~~~~^^^^^^^^^^^^^^^^^^^^^^
  File "/app/target/cpython-strict/build/python-target/Lib/subprocess.py", line 1039, in __init__
    self._execute_child(args, executable, preexec_fn, close_fds,
    ~~~~~~~~~~~~~~~~~~~^^^^^^^^^^^^^^^^^^^^^^^^^^^^^^^^^^^^^^^^^
                        pass_fds, cwd, env,
                        ^^^^^^^^^^^^^^^^^^^
    ...<5 lines>...
                        gid, gids, uid, umask,
                        ^^^^^^^^^^^^^^^^^^^^^^
                        start_new_session, process_group)
                        ^^^^^^^^^^^^^^^^^^^^^^^^^^^^^^^^^
  File "/app/target/cpython-strict/build/python-target/Lib/subprocess.py", line 1990, in _execute_child
    raise child_exception_type(errno_num, err_msg, err_filename)
OSError: [Errno 8] Exec format error: '/app/target/cpython-strict/build/python-target/python.exe'

----------------------------------------------------------------------
Ran 138 tests in 35.773s

FAILED (errors=1, skipped=6)
test test_str failed
0:11:27 load avg: 1.43 [38/43] test_str failed (1 error) in 37.6 sec
0:11:27 load avg: 1.43 [39/43] test_struct
test_1530559 (test.test_struct.StructTest.test_1530559) ... ok
test_705836 (test.test_struct.StructTest.test_705836) ... ok
test_Struct_reinitialization (test.test_struct.StructTest.test_Struct_reinitialization) ... ok
test__sizeof__ (test.test_struct.StructTest.test__sizeof__) ... ok
test__struct_reference_cycle_cleaned_up (test.test_struct.StructTest.test__struct_reference_cycle_cleaned_up) ... ok
test__struct_types_immutable (test.test_struct.StructTest.test__struct_types_immutable) ... ok
test_bool (test.test_struct.StructTest.test_bool) ... ok
test_boundary_error_message (test.test_struct.StructTest.test_boundary_error_message) ... ok
test_boundary_error_message_with_large_offset (test.test_struct.StructTest.test_boundary_error_message_with_large_offset) ... ok
test_boundary_error_message_with_negative_offset (test.test_struct.StructTest.test_boundary_error_message_with_negative_offset) ... ok
test_c_complex_round_trip (test.test_struct.StructTest.test_c_complex_round_trip) ... ok
test_calcsize (test.test_struct.StructTest.test_calcsize) ... ok
test_consistence (test.test_struct.StructTest.test_consistence) ... ok
test_count_overflow (test.test_struct.StructTest.test_count_overflow) ... ok
test_endian_table_init_subinterpreters (test.test_struct.StructTest.test_endian_table_init_subinterpreters) ... ok
test_float_round_trip (test.test_struct.StructTest.test_float_round_trip) ... ok
test_format_attr (test.test_struct.StructTest.test_format_attr) ... ok
test_integers (test.test_struct.StructTest.test_integers) ... ok
test_isbigendian (test.test_struct.StructTest.test_isbigendian) ... ok
test_issue29802 (test.test_struct.StructTest.test_issue29802) ... ok
test_issue35714 (test.test_struct.StructTest.test_issue35714) ... ok
test_issue98248 (test.test_struct.StructTest.test_issue98248) ... ok
test_issue98248_error_propagation (test.test_struct.StructTest.test_issue98248_error_propagation) ... ok
test_nN_code (test.test_struct.StructTest.test_nN_code) ... ok
test_new_features (test.test_struct.StructTest.test_new_features) ... ok
test_operations_on_half_initialized_Struct (test.test_struct.StructTest.test_operations_on_half_initialized_Struct) ... ok
test_p_code (test.test_struct.StructTest.test_p_code) ... ok
test_pack_into (test.test_struct.StructTest.test_pack_into) ... ok
test_pack_into_fn (test.test_struct.StructTest.test_pack_into_fn) ... ok
test_repr (test.test_struct.StructTest.test_repr) ... ok
test_struct_cleans_up_at_runtime_shutdown (test.test_struct.StructTest.test_struct_cleans_up_at_runtime_shutdown) ... ERROR
test_struct_subclass_instantiation (test.test_struct.StructTest.test_struct_subclass_instantiation) ... ok
test_trailing_counter (test.test_struct.StructTest.test_trailing_counter) ... ok
test_transitiveness (test.test_struct.StructTest.test_transitiveness) ... ok
test_unpack_from (test.test_struct.StructTest.test_unpack_from) ... ok
test_unpack_with_buffer (test.test_struct.StructTest.test_unpack_with_buffer) ... ok
test_arbitrary_buffer (test.test_struct.UnpackIteratorTest.test_arbitrary_buffer) ... ok
test_construct (test.test_struct.UnpackIteratorTest.test_construct) ... ok
test_half_float (test.test_struct.UnpackIteratorTest.test_half_float) ... ok
test_iterate (test.test_struct.UnpackIteratorTest.test_iterate) ... ok
test_length_hint (test.test_struct.UnpackIteratorTest.test_length_hint) ... ok
test_module_func (test.test_struct.UnpackIteratorTest.test_module_func) ... ok
test_uninstantiable (test.test_struct.UnpackIteratorTest.test_uninstantiable) ... ok

======================================================================
ERROR: test_struct_cleans_up_at_runtime_shutdown (test.test_struct.StructTest.test_struct_cleans_up_at_runtime_shutdown)
----------------------------------------------------------------------
Traceback (most recent call last):
  File "/app/target/cpython-strict/build/python-target/Lib/test/test_struct.py", line 735, in test_struct_cleans_up_at_runtime_shutdown
    rc, stdout, stderr = assert_python_ok("-c", code)
                         ~~~~~~~~~~~~~~~~^^^^^^^^^^^^
  File "/app/target/cpython-strict/build/python-target/Lib/test/support/script_helper.py", line 182, in assert_python_ok
    return _assert_python(True, *args, **env_vars)
  File "/app/target/cpython-strict/build/python-target/Lib/test/support/script_helper.py", line 165, in _assert_python
    res, cmd_line = run_python_until_end(*args, **env_vars)
                    ~~~~~~~~~~~~~~~~~~~~^^^^^^^^^^^^^^^^^^^
  File "/app/target/cpython-strict/build/python-target/Lib/test/support/script_helper.py", line 109, in run_python_until_end
    env_required = interpreter_requires_environment()
  File "/app/target/cpython-strict/build/python-target/Lib/test/support/script_helper.py", line 51, in interpreter_requires_environment
    subprocess.check_call([sys.executable, '-E',
    ~~~~~~~~~~~~~~~~~~~~~^^^^^^^^^^^^^^^^^^^^^^^
                           '-c', 'import sys; sys.exit(0)'])
                           ^^^^^^^^^^^^^^^^^^^^^^^^^^^^^^^^^
  File "/app/target/cpython-strict/build/python-target/Lib/subprocess.py", line 415, in check_call
    retcode = call(*popenargs, **kwargs)
  File "/app/target/cpython-strict/build/python-target/Lib/subprocess.py", line 396, in call
    with Popen(*popenargs, **kwargs) as p:
         ~~~~~^^^^^^^^^^^^^^^^^^^^^^
  File "/app/target/cpython-strict/build/python-target/Lib/subprocess.py", line 1039, in __init__
    self._execute_child(args, executable, preexec_fn, close_fds,
    ~~~~~~~~~~~~~~~~~~~^^^^^^^^^^^^^^^^^^^^^^^^^^^^^^^^^^^^^^^^^
                        pass_fds, cwd, env,
                        ^^^^^^^^^^^^^^^^^^^
    ...<5 lines>...
                        gid, gids, uid, umask,
                        ^^^^^^^^^^^^^^^^^^^^^^
                        start_new_session, process_group)
                        ^^^^^^^^^^^^^^^^^^^^^^^^^^^^^^^^^
  File "/app/target/cpython-strict/build/python-target/Lib/subprocess.py", line 1990, in _execute_child
    raise child_exception_type(errno_num, err_msg, err_filename)
OSError: [Errno 8] Exec format error: '/app/target/cpython-strict/build/python-target/python.exe'

----------------------------------------------------------------------
Ran 43 tests in 9.227s

FAILED (errors=1)
test test_struct failed
0:11:38 load avg: 1.33 [39/43] test_struct failed (1 error)
0:11:38 load avg: 1.33 [40/43] test_tabnanny
test_correct_directory (test.test_tabnanny.TestCheck.test_correct_directory)
Directory which contains few error free python source code files. ... ok
test_correct_directory_verbose (test.test_tabnanny.TestCheck.test_correct_directory_verbose)
Directory containing few error free python source code files. ... ok
test_correct_file (test.test_tabnanny.TestCheck.test_correct_file)
A python source code file without any errors. ... ok
test_errored_directory (test.test_tabnanny.TestCheck.test_errored_directory)
Directory containing wrongly indented python source code files. ... ok
test_when_nannynag_error (test.test_tabnanny.TestCheck.test_when_nannynag_error)
A python source code file eligible for raising `tabnanny.NannyNag`. ... ok
test_when_nannynag_error_verbose (test.test_tabnanny.TestCheck.test_when_nannynag_error_verbose)
A python source code file eligible for raising `tabnanny.NannyNag`. ... ok
test_when_no_file (test.test_tabnanny.TestCheck.test_when_no_file)
A python file which does not exist actually in system. ... ok
test_when_tokenize_tokenerror (test.test_tabnanny.TestCheck.test_when_tokenize_tokenerror)
A python source code file eligible for raising 'tokenize.TokenError'. ... ok
test_when_wrong_indented (test.test_tabnanny.TestCheck.test_when_wrong_indented)
A python source code file eligible for raising `IndentationError`. ... ok
test_command_usage (test.test_tabnanny.TestCommandLine.test_command_usage)
Should display usage on no arguments. ... ERROR
test_double_verbose_mode (test.test_tabnanny.TestCommandLine.test_double_verbose_mode)
Should display detailed error information if double verbose is on. ... ERROR
test_quiet_flag (test.test_tabnanny.TestCommandLine.test_quiet_flag)
Should display less when quite mode is on. ... ERROR
test_verbose_mode (test.test_tabnanny.TestCommandLine.test_verbose_mode)
Should display more error information if verbose mode is on. ... ERROR
test_with_error_free_file (test.test_tabnanny.TestCommandLine.test_with_error_free_file)
Should not display anything if python file is correctly indented. ... ERROR
test_with_errored_file (test.test_tabnanny.TestCommandLine.test_with_errored_file)
Should displays error when errored python file is given. ... ERROR
test_errprint (test.test_tabnanny.TestErrPrint.test_errprint)
Asserting result of `tabnanny.errprint()` by giving sample inputs. ... ok
test_format_witnesses (test.test_tabnanny.TestFormatWitnesses.test_format_witnesses)
Asserting formatter result by giving various input samples. ... ok
test_all_methods (test.test_tabnanny.TestNannyNag.test_all_methods)
Asserting behaviour of `tabnanny.NannyNag` exception. ... ok
test_with_correct_code (test.test_tabnanny.TestProcessTokens.test_with_correct_code)
A python source code without any whitespace related problems. ... ok
test_with_errored_codes_samples (test.test_tabnanny.TestProcessTokens.test_with_errored_codes_samples)
A python source code with whitespace related sampled problems. ... ok

======================================================================
ERROR: test_command_usage (test.test_tabnanny.TestCommandLine.test_command_usage)
Should display usage on no arguments.
----------------------------------------------------------------------
Traceback (most recent call last):
  File "/app/target/cpython-strict/build/python-target/Lib/test/test_tabnanny.py", line 332, in test_command_usage
    self.validate_cmd(stderr=stderr, expect_failure=True)
    ~~~~~~~~~~~~~~~~~^^^^^^^^^^^^^^^^^^^^^^^^^^^^^^^^^^^^
  File "/app/target/cpython-strict/build/python-target/Lib/test/test_tabnanny.py", line 298, in validate_cmd
    _, out, err = script_helper.assert_python_failure('-m', 'tabnanny', *args)
                  ~~~~~~~~~~~~~~~~~~~~~~~~~~~~~~~~~~~^^^^^^^^^^^^^^^^^^^^^^^^^
  File "/app/target/cpython-strict/build/python-target/Lib/test/support/script_helper.py", line 193, in assert_python_failure
    return _assert_python(False, *args, **env_vars)
  File "/app/target/cpython-strict/build/python-target/Lib/test/support/script_helper.py", line 165, in _assert_python
    res, cmd_line = run_python_until_end(*args, **env_vars)
                    ~~~~~~~~~~~~~~~~~~~~^^^^^^^^^^^^^^^^^^^
  File "/app/target/cpython-strict/build/python-target/Lib/test/support/script_helper.py", line 109, in run_python_until_end
    env_required = interpreter_requires_environment()
  File "/app/target/cpython-strict/build/python-target/Lib/test/support/script_helper.py", line 51, in interpreter_requires_environment
    subprocess.check_call([sys.executable, '-E',
    ~~~~~~~~~~~~~~~~~~~~~^^^^^^^^^^^^^^^^^^^^^^^
                           '-c', 'import sys; sys.exit(0)'])
                           ^^^^^^^^^^^^^^^^^^^^^^^^^^^^^^^^^
  File "/app/target/cpython-strict/build/python-target/Lib/subprocess.py", line 415, in check_call
    retcode = call(*popenargs, **kwargs)
  File "/app/target/cpython-strict/build/python-target/Lib/subprocess.py", line 396, in call
    with Popen(*popenargs, **kwargs) as p:
         ~~~~~^^^^^^^^^^^^^^^^^^^^^^
  File "/app/target/cpython-strict/build/python-target/Lib/subprocess.py", line 1039, in __init__
    self._execute_child(args, executable, preexec_fn, close_fds,
    ~~~~~~~~~~~~~~~~~~~^^^^^^^^^^^^^^^^^^^^^^^^^^^^^^^^^^^^^^^^^
                        pass_fds, cwd, env,
                        ^^^^^^^^^^^^^^^^^^^
    ...<5 lines>...
                        gid, gids, uid, umask,
                        ^^^^^^^^^^^^^^^^^^^^^^
                        start_new_session, process_group)
                        ^^^^^^^^^^^^^^^^^^^^^^^^^^^^^^^^^
  File "/app/target/cpython-strict/build/python-target/Lib/subprocess.py", line 1990, in _execute_child
    raise child_exception_type(errno_num, err_msg, err_filename)
OSError: [Errno 8] Exec format error: '/app/target/cpython-strict/build/python-target/python.exe'

======================================================================
ERROR: test_double_verbose_mode (test.test_tabnanny.TestCommandLine.test_double_verbose_mode)
Should display detailed error information if double verbose is on.
----------------------------------------------------------------------
Traceback (most recent call last):
  File "/app/target/cpython-strict/build/python-target/Lib/test/test_tabnanny.py", line 354, in test_double_verbose_mode
    self.validate_cmd("-vv", path, stdout=stdout, partial=True)
    ~~~~~~~~~~~~~~~~~^^^^^^^^^^^^^^^^^^^^^^^^^^^^^^^^^^^^^^^^^^
  File "/app/target/cpython-strict/build/python-target/Lib/test/test_tabnanny.py", line 300, in validate_cmd
    _, out, err = script_helper.assert_python_ok('-m', 'tabnanny', *args)
                  ~~~~~~~~~~~~~~~~~~~~~~~~~~~~~~^^^^^^^^^^^^^^^^^^^^^^^^^
  File "/app/target/cpython-strict/build/python-target/Lib/test/support/script_helper.py", line 182, in assert_python_ok
    return _assert_python(True, *args, **env_vars)
  File "/app/target/cpython-strict/build/python-target/Lib/test/support/script_helper.py", line 165, in _assert_python
    res, cmd_line = run_python_until_end(*args, **env_vars)
                    ~~~~~~~~~~~~~~~~~~~~^^^^^^^^^^^^^^^^^^^
  File "/app/target/cpython-strict/build/python-target/Lib/test/support/script_helper.py", line 109, in run_python_until_end
    env_required = interpreter_requires_environment()
  File "/app/target/cpython-strict/build/python-target/Lib/test/support/script_helper.py", line 51, in interpreter_requires_environment
    subprocess.check_call([sys.executable, '-E',
    ~~~~~~~~~~~~~~~~~~~~~^^^^^^^^^^^^^^^^^^^^^^^
                           '-c', 'import sys; sys.exit(0)'])
                           ^^^^^^^^^^^^^^^^^^^^^^^^^^^^^^^^^
  File "/app/target/cpython-strict/build/python-target/Lib/subprocess.py", line 415, in check_call
    retcode = call(*popenargs, **kwargs)
  File "/app/target/cpython-strict/build/python-target/Lib/subprocess.py", line 396, in call
    with Popen(*popenargs, **kwargs) as p:
         ~~~~~^^^^^^^^^^^^^^^^^^^^^^
  File "/app/target/cpython-strict/build/python-target/Lib/subprocess.py", line 1039, in __init__
    self._execute_child(args, executable, preexec_fn, close_fds,
    ~~~~~~~~~~~~~~~~~~~^^^^^^^^^^^^^^^^^^^^^^^^^^^^^^^^^^^^^^^^^
                        pass_fds, cwd, env,
                        ^^^^^^^^^^^^^^^^^^^
    ...<5 lines>...
                        gid, gids, uid, umask,
                        ^^^^^^^^^^^^^^^^^^^^^^
                        start_new_session, process_group)
                        ^^^^^^^^^^^^^^^^^^^^^^^^^^^^^^^^^
  File "/app/target/cpython-strict/build/python-target/Lib/subprocess.py", line 1990, in _execute_child
    raise child_exception_type(errno_num, err_msg, err_filename)
OSError: [Errno 8] Exec format error: '/app/target/cpython-strict/build/python-target/python.exe'

======================================================================
ERROR: test_quiet_flag (test.test_tabnanny.TestCommandLine.test_quiet_flag)
Should display less when quite mode is on.
----------------------------------------------------------------------
Traceback (most recent call last):
  File "/app/target/cpython-strict/build/python-target/Lib/test/test_tabnanny.py", line 338, in test_quiet_flag
    self.validate_cmd("-q", file_path, stdout=stdout)
    ~~~~~~~~~~~~~~~~~^^^^^^^^^^^^^^^^^^^^^^^^^^^^^^^^
  File "/app/target/cpython-strict/build/python-target/Lib/test/test_tabnanny.py", line 300, in validate_cmd
    _, out, err = script_helper.assert_python_ok('-m', 'tabnanny', *args)
                  ~~~~~~~~~~~~~~~~~~~~~~~~~~~~~~^^^^^^^^^^^^^^^^^^^^^^^^^
  File "/app/target/cpython-strict/build/python-target/Lib/test/support/script_helper.py", line 182, in assert_python_ok
    return _assert_python(True, *args, **env_vars)
  File "/app/target/cpython-strict/build/python-target/Lib/test/support/script_helper.py", line 165, in _assert_python
    res, cmd_line = run_python_until_end(*args, **env_vars)
                    ~~~~~~~~~~~~~~~~~~~~^^^^^^^^^^^^^^^^^^^
  File "/app/target/cpython-strict/build/python-target/Lib/test/support/script_helper.py", line 109, in run_python_until_end
    env_required = interpreter_requires_environment()
  File "/app/target/cpython-strict/build/python-target/Lib/test/support/script_helper.py", line 51, in interpreter_requires_environment
    subprocess.check_call([sys.executable, '-E',
    ~~~~~~~~~~~~~~~~~~~~~^^^^^^^^^^^^^^^^^^^^^^^
                           '-c', 'import sys; sys.exit(0)'])
                           ^^^^^^^^^^^^^^^^^^^^^^^^^^^^^^^^^
  File "/app/target/cpython-strict/build/python-target/Lib/subprocess.py", line 415, in check_call
    retcode = call(*popenargs, **kwargs)
  File "/app/target/cpython-strict/build/python-target/Lib/subprocess.py", line 396, in call
    with Popen(*popenargs, **kwargs) as p:
         ~~~~~^^^^^^^^^^^^^^^^^^^^^^
  File "/app/target/cpython-strict/build/python-target/Lib/subprocess.py", line 1039, in __init__
    self._execute_child(args, executable, preexec_fn, close_fds,
    ~~~~~~~~~~~~~~~~~~~^^^^^^^^^^^^^^^^^^^^^^^^^^^^^^^^^^^^^^^^^
                        pass_fds, cwd, env,
                        ^^^^^^^^^^^^^^^^^^^
    ...<5 lines>...
                        gid, gids, uid, umask,
                        ^^^^^^^^^^^^^^^^^^^^^^
                        start_new_session, process_group)
                        ^^^^^^^^^^^^^^^^^^^^^^^^^^^^^^^^^
  File "/app/target/cpython-strict/build/python-target/Lib/subprocess.py", line 1990, in _execute_child
    raise child_exception_type(errno_num, err_msg, err_filename)
OSError: [Errno 8] Exec format error: '/app/target/cpython-strict/build/python-target/python.exe'

======================================================================
ERROR: test_verbose_mode (test.test_tabnanny.TestCommandLine.test_verbose_mode)
Should display more error information if verbose mode is on.
----------------------------------------------------------------------
Traceback (most recent call last):
  File "/app/target/cpython-strict/build/python-target/Lib/test/test_tabnanny.py", line 346, in test_verbose_mode
    self.validate_cmd("-v", path, stdout=stdout, partial=True)
    ~~~~~~~~~~~~~~~~~^^^^^^^^^^^^^^^^^^^^^^^^^^^^^^^^^^^^^^^^^
  File "/app/target/cpython-strict/build/python-target/Lib/test/test_tabnanny.py", line 300, in validate_cmd
    _, out, err = script_helper.assert_python_ok('-m', 'tabnanny', *args)
                  ~~~~~~~~~~~~~~~~~~~~~~~~~~~~~~^^^^^^^^^^^^^^^^^^^^^^^^^
  File "/app/target/cpython-strict/build/python-target/Lib/test/support/script_helper.py", line 182, in assert_python_ok
    return _assert_python(True, *args, **env_vars)
  File "/app/target/cpython-strict/build/python-target/Lib/test/support/script_helper.py", line 165, in _assert_python
    res, cmd_line = run_python_until_end(*args, **env_vars)
                    ~~~~~~~~~~~~~~~~~~~~^^^^^^^^^^^^^^^^^^^
  File "/app/target/cpython-strict/build/python-target/Lib/test/support/script_helper.py", line 109, in run_python_until_end
    env_required = interpreter_requires_environment()
  File "/app/target/cpython-strict/build/python-target/Lib/test/support/script_helper.py", line 51, in interpreter_requires_environment
    subprocess.check_call([sys.executable, '-E',
    ~~~~~~~~~~~~~~~~~~~~~^^^^^^^^^^^^^^^^^^^^^^^
                           '-c', 'import sys; sys.exit(0)'])
                           ^^^^^^^^^^^^^^^^^^^^^^^^^^^^^^^^^
  File "/app/target/cpython-strict/build/python-target/Lib/subprocess.py", line 415, in check_call
    retcode = call(*popenargs, **kwargs)
  File "/app/target/cpython-strict/build/python-target/Lib/subprocess.py", line 396, in call
    with Popen(*popenargs, **kwargs) as p:
         ~~~~~^^^^^^^^^^^^^^^^^^^^^^
  File "/app/target/cpython-strict/build/python-target/Lib/subprocess.py", line 1039, in __init__
    self._execute_child(args, executable, preexec_fn, close_fds,
    ~~~~~~~~~~~~~~~~~~~^^^^^^^^^^^^^^^^^^^^^^^^^^^^^^^^^^^^^^^^^
                        pass_fds, cwd, env,
                        ^^^^^^^^^^^^^^^^^^^
    ...<5 lines>...
                        gid, gids, uid, umask,
                        ^^^^^^^^^^^^^^^^^^^^^^
                        start_new_session, process_group)
                        ^^^^^^^^^^^^^^^^^^^^^^^^^^^^^^^^^
  File "/app/target/cpython-strict/build/python-target/Lib/subprocess.py", line 1990, in _execute_child
    raise child_exception_type(errno_num, err_msg, err_filename)
OSError: [Errno 8] Exec format error: '/app/target/cpython-strict/build/python-target/python.exe'

======================================================================
ERROR: test_with_error_free_file (test.test_tabnanny.TestCommandLine.test_with_error_free_file)
Should not display anything if python file is correctly indented.
----------------------------------------------------------------------
Traceback (most recent call last):
  File "/app/target/cpython-strict/build/python-target/Lib/test/test_tabnanny.py", line 326, in test_with_error_free_file
    self.validate_cmd(file_path)
    ~~~~~~~~~~~~~~~~~^^^^^^^^^^^
  File "/app/target/cpython-strict/build/python-target/Lib/test/test_tabnanny.py", line 300, in validate_cmd
    _, out, err = script_helper.assert_python_ok('-m', 'tabnanny', *args)
                  ~~~~~~~~~~~~~~~~~~~~~~~~~~~~~~^^^^^^^^^^^^^^^^^^^^^^^^^
  File "/app/target/cpython-strict/build/python-target/Lib/test/support/script_helper.py", line 182, in assert_python_ok
    return _assert_python(True, *args, **env_vars)
  File "/app/target/cpython-strict/build/python-target/Lib/test/support/script_helper.py", line 165, in _assert_python
    res, cmd_line = run_python_until_end(*args, **env_vars)
                    ~~~~~~~~~~~~~~~~~~~~^^^^^^^^^^^^^^^^^^^
  File "/app/target/cpython-strict/build/python-target/Lib/test/support/script_helper.py", line 109, in run_python_until_end
    env_required = interpreter_requires_environment()
  File "/app/target/cpython-strict/build/python-target/Lib/test/support/script_helper.py", line 51, in interpreter_requires_environment
    subprocess.check_call([sys.executable, '-E',
    ~~~~~~~~~~~~~~~~~~~~~^^^^^^^^^^^^^^^^^^^^^^^
                           '-c', 'import sys; sys.exit(0)'])
                           ^^^^^^^^^^^^^^^^^^^^^^^^^^^^^^^^^
  File "/app/target/cpython-strict/build/python-target/Lib/subprocess.py", line 415, in check_call
    retcode = call(*popenargs, **kwargs)
  File "/app/target/cpython-strict/build/python-target/Lib/subprocess.py", line 396, in call
    with Popen(*popenargs, **kwargs) as p:
         ~~~~~^^^^^^^^^^^^^^^^^^^^^^
  File "/app/target/cpython-strict/build/python-target/Lib/subprocess.py", line 1039, in __init__
    self._execute_child(args, executable, preexec_fn, close_fds,
    ~~~~~~~~~~~~~~~~~~~^^^^^^^^^^^^^^^^^^^^^^^^^^^^^^^^^^^^^^^^^
                        pass_fds, cwd, env,
                        ^^^^^^^^^^^^^^^^^^^
    ...<5 lines>...
                        gid, gids, uid, umask,
                        ^^^^^^^^^^^^^^^^^^^^^^
                        start_new_session, process_group)
                        ^^^^^^^^^^^^^^^^^^^^^^^^^^^^^^^^^
  File "/app/target/cpython-strict/build/python-target/Lib/subprocess.py", line 1990, in _execute_child
    raise child_exception_type(errno_num, err_msg, err_filename)
OSError: [Errno 8] Exec format error: '/app/target/cpython-strict/build/python-target/python.exe'

======================================================================
ERROR: test_with_errored_file (test.test_tabnanny.TestCommandLine.test_with_errored_file)
Should displays error when errored python file is given.
----------------------------------------------------------------------
Traceback (most recent call last):
  File "/app/target/cpython-strict/build/python-target/Lib/test/test_tabnanny.py", line 321, in test_with_errored_file
    self.validate_cmd(file_path, stderr=stderr, expect_failure=True)
    ~~~~~~~~~~~~~~~~~^^^^^^^^^^^^^^^^^^^^^^^^^^^^^^^^^^^^^^^^^^^^^^^
  File "/app/target/cpython-strict/build/python-target/Lib/test/test_tabnanny.py", line 298, in validate_cmd
    _, out, err = script_helper.assert_python_failure('-m', 'tabnanny', *args)
                  ~~~~~~~~~~~~~~~~~~~~~~~~~~~~~~~~~~~^^^^^^^^^^^^^^^^^^^^^^^^^
  File "/app/target/cpython-strict/build/python-target/Lib/test/support/script_helper.py", line 193, in assert_python_failure
    return _assert_python(False, *args, **env_vars)
  File "/app/target/cpython-strict/build/python-target/Lib/test/support/script_helper.py", line 165, in _assert_python
    res, cmd_line = run_python_until_end(*args, **env_vars)
                    ~~~~~~~~~~~~~~~~~~~~^^^^^^^^^^^^^^^^^^^
  File "/app/target/cpython-strict/build/python-target/Lib/test/support/script_helper.py", line 109, in run_python_until_end
    env_required = interpreter_requires_environment()
  File "/app/target/cpython-strict/build/python-target/Lib/test/support/script_helper.py", line 51, in interpreter_requires_environment
    subprocess.check_call([sys.executable, '-E',
    ~~~~~~~~~~~~~~~~~~~~~^^^^^^^^^^^^^^^^^^^^^^^
                           '-c', 'import sys; sys.exit(0)'])
                           ^^^^^^^^^^^^^^^^^^^^^^^^^^^^^^^^^
  File "/app/target/cpython-strict/build/python-target/Lib/subprocess.py", line 415, in check_call
    retcode = call(*popenargs, **kwargs)
  File "/app/target/cpython-strict/build/python-target/Lib/subprocess.py", line 396, in call
    with Popen(*popenargs, **kwargs) as p:
         ~~~~~^^^^^^^^^^^^^^^^^^^^^^
  File "/app/target/cpython-strict/build/python-target/Lib/subprocess.py", line 1039, in __init__
    self._execute_child(args, executable, preexec_fn, close_fds,
    ~~~~~~~~~~~~~~~~~~~^^^^^^^^^^^^^^^^^^^^^^^^^^^^^^^^^^^^^^^^^
                        pass_fds, cwd, env,
                        ^^^^^^^^^^^^^^^^^^^
    ...<5 lines>...
                        gid, gids, uid, umask,
                        ^^^^^^^^^^^^^^^^^^^^^^
                        start_new_session, process_group)
                        ^^^^^^^^^^^^^^^^^^^^^^^^^^^^^^^^^
  File "/app/target/cpython-strict/build/python-target/Lib/subprocess.py", line 1990, in _execute_child
    raise child_exception_type(errno_num, err_msg, err_filename)
OSError: [Errno 8] Exec format error: '/app/target/cpython-strict/build/python-target/python.exe'

----------------------------------------------------------------------
Ran 20 tests in 0.783s

FAILED (errors=6)
test test_tabnanny failed
0:11:40 load avg: 1.33 [40/43] test_tabnanny failed (6 errors)
0:11:40 load avg: 1.33 [41/43] test_time
0:11:45 load avg: 1.22 [41/43] test_time passed
0:11:45 load avg: 1.22 [42/43] test_xml_etree
0:12:13 load avg: 1.36 [42/43] test_xml_etree passed
0:12:13 load avg: 1.36 [43/43] test_xml_etree_c
0:12:30 load avg: 1.45 [43/43] test_xml_etree_c passed

Total duration: 12 min 30 sec
Total tests: run=9,846 skipped=298
Total test files: run=43/43 failed=13 env_changed=1
Result: FAILURE
make: *** [Makefile:1014: profile-run-stamp] Error 2
