docker run --rm --user "$(id -u):$(id -g)" \
		-v "/Users/luzimo/dev/MangoCore:/app" -w /app zhouzhouyi/os-contest:20260104 \
		./scripts/build_cpython_runtime_la64_strict.sh
WARNING: The requested image's platform (linux/amd64) does not match the detected host platform (linux/arm64/v8) and no specific platform was requested
[strict-cpython] fetching and verifying pinned sources
info: component 'rust-std' for target 'loongarch64-unknown-linux-musl' is up to date
info: using existing install for 'nightly-2025-01-18-x86_64-unknown-linux-gnu'
info: default toolchain set to 'nightly-2025-01-18-x86_64-unknown-linux-gnu'

  nightly-2025-01-18-x86_64-unknown-linux-gnu unchanged - rustc 1.86.0-nightly (6067b3631 2025-01-17)

patching file CMakeLists.txt
patching file src/include/openssl/base.h
Hunk #1 succeeded at 104 with fuzz 2.
[2m2026-07-18T04:24:00.032279Z[0m [32m INFO[0m [1minto_build_context[0m: [2mmaturin::build_options[0m[2m:[0m close [3mtime.busy[0m[2m=[0m497µs [3mtime.idle[0m[2m=[0m506µs
[2m2026-07-18T04:24:00.034882Z[0m [34mDEBUG[0m [2mmaturin::project_layout[0m[2m:[0m Found pyproject.toml in working directory at "/app/target/cpython-strict/build/primp-0.15.0/pyproject.toml"
[2m2026-07-18T04:24:00.049506Z[0m [34mDEBUG[0m [2mmaturin::project_layout[0m[2m:[0m Using cargo manifest path from working directory: "/app/target/cpython-strict/build/primp-0.15.0/Cargo.toml"
[2m2026-07-18T04:24:00.052108Z[0m [34mDEBUG[0m [1mresolve_cargo_metadata[0m: [2mmaturin::project_layout[0m[2m:[0m Resolving cargo metadata from "/app/target/cpython-strict/build/primp-0.15.0/Cargo.toml"
[2m2026-07-18T04:24:00.827937Z[0m [32m INFO[0m [1mresolve_cargo_metadata[0m: [2mmaturin::project_layout[0m[2m:[0m close [3mtime.busy[0m[2m=[0m776ms [3mtime.idle[0m[2m=[0m1.96µs
📦 Including license file "/app/target/cpython-strict/build/primp-0.15.0/LICENSE"
[2m2026-07-18T04:24:00.835326Z[0m [34mDEBUG[0m [2mmaturin::project_layout[0m[2m:[0m Project layout resolved [3mproject_root[0m[2m=[0m/app/target/cpython-strict/build/primp-0.15.0 [3mpython_dir[0m[2m=[0m/app/target/cpython-strict/build/primp-0.15.0 [3mrust_module[0m[2m=[0m/app/target/cpython-strict/build/primp-0.15.0/primp [3mpython_module[0m[2m=[0m/app/target/cpython-strict/build/primp-0.15.0/primp [3mextension_name[0m[2m=[0mprimp [3mmodule_name[0m[2m=[0mprimp
🍹 Building a mixed python/rust project
🔗 Found pyo3 bindings with abi3 support for Python ≥ 3.8
[2m2026-07-18T04:24:01.041002Z[0m [32m INFO[0m [1mcheck_executable[0m: [2mmaturin::python_interpreter[0m[2m:[0m close [3mtime.busy[0m[2m=[0m1.94ms [3mtime.idle[0m[2m=[0m3.42µs [2m[3mexecutable[0m[2m=[0mpython3.8[0m
🐍 Not using a specific python interpreter
📡 Using build options features from pyproject.toml
[2m2026-07-18T04:24:01.048693Z[0m [34mDEBUG[0m [1mbuild_wheels[0m: [2mmaturin::compile[0m[2m:[0m Setting `-C target-features=-crt-static` for musl dylib
[2m2026-07-18T04:24:01.051255Z[0m [34mDEBUG[0m [1mbuild_wheels[0m: [2mmaturin::compile[0m[2m:[0m Running env -u CARGO CARGO_ENCODED_RUSTFLAGS="-C\u{1f}target-feature=-ual\u{1f}-C\u{1f}target-feature=-crt-static" PYO3_CONFIG_FILE="/app/target/cpython-strict/build/primp-0.15.0/target/maturin/pyo3-config-loongarch64-unknown-linux-musl-3.8.txt" "cargo" "rustc" "--features" "pyo3/extension-module" "--target" "loongarch64-unknown-linux-musl" "--message-format" "json-render-diagnostics" "-vv" "--locked" "--manifest-path" "/app/target/cpython-strict/build/primp-0.15.0/Cargo.toml" "--release" "--lib"
   Compiling proc-macro2 v1.0.95
   Compiling unicode-ident v1.0.18
   Compiling libc v0.2.172
   Compiling autocfg v1.4.0
   Compiling cfg-if v1.0.0
   Compiling smallvec v1.15.0
   Compiling target-lexicon v0.13.2
   Compiling parking_lot_core v0.9.10
   Compiling serde v1.0.219
   Compiling shlex v1.3.0
     Running `CARGO=/app/target/cpython-strict/host-tools/rustup/toolchains/nightly-2025-01-18-x86_64-unknown-linux-gnu/bin/cargo CARGO_CRATE_NAME=build_script_build CARGO_MANIFEST_DIR=/app/target/cpython-strict/host-tools/cargo/registry/src/index.crates.io-1949cf8c6b5b557f/proc-macro2-1.0.95 CARGO_MANIFEST_PATH=/app/target/cpython-strict/host-tools/cargo/registry/src/index.crates.io-1949cf8c6b5b557f/proc-macro2-1.0.95/Cargo.toml CARGO_PKG_AUTHORS='David Tolnay <dtolnay@gmail.com>:Alex Crichton <alex@alexcrichton.com>' CARGO_PKG_DESCRIPTION='A substitute implementation of the compiler'\''s `proc_macro` API to decouple token-based libraries from the procedural macro use case.' CARGO_PKG_HOMEPAGE='' CARGO_PKG_LICENSE='MIT OR Apache-2.0' CARGO_PKG_LICENSE_FILE='' CARGO_PKG_NAME=proc-macro2 CARGO_PKG_README=README.md CARGO_PKG_REPOSITORY='https://github.com/dtolnay/proc-macro2' CARGO_PKG_RUST_VERSION=1.56 CARGO_PKG_VERSION=1.0.95 CARGO_PKG_VERSION_MAJOR=1 CARGO_PKG_VERSION_MINOR=0 CARGO_PKG_VERSION_PATCH=95 CARGO_PKG_VERSION_PRE='' LD_LIBRARY_PATH='/app/target/cpython-strict/build/primp-0.15.0/target/release/deps:/app/target/cpython-strict/host-tools/rustup/toolchains/nightly-2025-01-18-x86_64-unknown-linux-gnu/lib:/opt/kendryte-toolchain/bin/:' /app/target/cpython-strict/host-tools/rustup/toolchains/nightly-2025-01-18-x86_64-unknown-linux-gnu/bin/rustc --crate-name build_script_build --edition=2021 /app/target/cpython-strict/host-tools/cargo/registry/src/index.crates.io-1949cf8c6b5b557f/proc-macro2-1.0.95/build.rs --error-format=json --json=diagnostic-rendered-ansi,artifacts,future-incompat --crate-type bin --emit=dep-info,link -C embed-bitcode=no -C debug-assertions=off --cfg 'feature="default"' --cfg 'feature="proc-macro"' --check-cfg 'cfg(docsrs,test)' --check-cfg 'cfg(feature, values("default", "nightly", "proc-macro", "span-locations"))' -C metadata=448091774afba546 -C extra-filename=-e0e34f3cca86c54a --out-dir /app/target/cpython-strict/build/primp-0.15.0/target/release/build/proc-macro2-e0e34f3cca86c54a -C strip=symbols -L dependency=/app/target/cpython-strict/build/primp-0.15.0/target/release/deps --cap-lints warn`
     Running `CARGO=/app/target/cpython-strict/host-tools/rustup/toolchains/nightly-2025-01-18-x86_64-unknown-linux-gnu/bin/cargo CARGO_CRATE_NAME=shlex CARGO_MANIFEST_DIR=/app/target/cpython-strict/host-tools/cargo/registry/src/index.crates.io-1949cf8c6b5b557f/shlex-1.3.0 CARGO_MANIFEST_PATH=/app/target/cpython-strict/host-tools/cargo/registry/src/index.crates.io-1949cf8c6b5b557f/shlex-1.3.0/Cargo.toml CARGO_PKG_AUTHORS='comex <comexk@gmail.com>:Fenhl <fenhl@fenhl.net>:Adrian Taylor <adetaylor@chromium.org>:Alex Touchet <alextouchet@outlook.com>:Daniel Parks <dp+git@oxidized.org>:Garrett Berg <googberg@gmail.com>' CARGO_PKG_DESCRIPTION='Split a string into shell words, like Python'\''s shlex.' CARGO_PKG_HOMEPAGE='' CARGO_PKG_LICENSE='MIT OR Apache-2.0' CARGO_PKG_LICENSE_FILE='' CARGO_PKG_NAME=shlex CARGO_PKG_README=README.md CARGO_PKG_REPOSITORY='https://github.com/comex/rust-shlex' CARGO_PKG_RUST_VERSION=1.46.0 CARGO_PKG_VERSION=1.3.0 CARGO_PKG_VERSION_MAJOR=1 CARGO_PKG_VERSION_MINOR=3 CARGO_PKG_VERSION_PATCH=0 CARGO_PKG_VERSION_PRE='' LD_LIBRARY_PATH='/app/target/cpython-strict/build/primp-0.15.0/target/release/deps:/app/target/cpython-strict/host-tools/rustup/toolchains/nightly-2025-01-18-x86_64-unknown-linux-gnu/lib:/opt/kendryte-toolchain/bin/:' /app/target/cpython-strict/host-tools/rustup/toolchains/nightly-2025-01-18-x86_64-unknown-linux-gnu/bin/rustc --crate-name shlex --edition=2015 /app/target/cpython-strict/host-tools/cargo/registry/src/index.crates.io-1949cf8c6b5b557f/shlex-1.3.0/src/lib.rs --error-format=json --json=diagnostic-rendered-ansi,artifacts,future-incompat --crate-type lib --emit=dep-info,metadata,link -C embed-bitcode=no -C debug-assertions=off --cfg 'feature="default"' --cfg 'feature="std"' --check-cfg 'cfg(docsrs,test)' --check-cfg 'cfg(feature, values("default", "std"))' -C metadata=9e887085fbb5851b -C extra-filename=-0a52e9259d25247b --out-dir /app/target/cpython-strict/build/primp-0.15.0/target/release/deps -C strip=symbols -L dependency=/app/target/cpython-strict/build/primp-0.15.0/target/release/deps --cap-lints warn`
     Running `CARGO=/app/target/cpython-strict/host-tools/rustup/toolchains/nightly-2025-01-18-x86_64-unknown-linux-gnu/bin/cargo CARGO_CRATE_NAME=build_script_build CARGO_MANIFEST_DIR=/app/target/cpython-strict/host-tools/cargo/registry/src/index.crates.io-1949cf8c6b5b557f/libc-0.2.172 CARGO_MANIFEST_PATH=/app/target/cpython-strict/host-tools/cargo/registry/src/index.crates.io-1949cf8c6b5b557f/libc-0.2.172/Cargo.toml CARGO_PKG_AUTHORS='The Rust Project Developers' CARGO_PKG_DESCRIPTION='Raw FFI bindings to platform libraries like libc.
' CARGO_PKG_HOMEPAGE='https://github.com/rust-lang/libc' CARGO_PKG_LICENSE='MIT OR Apache-2.0' CARGO_PKG_LICENSE_FILE='' CARGO_PKG_NAME=libc CARGO_PKG_README=README.md CARGO_PKG_REPOSITORY='https://github.com/rust-lang/libc' CARGO_PKG_RUST_VERSION=1.63 CARGO_PKG_VERSION=0.2.172 CARGO_PKG_VERSION_MAJOR=0 CARGO_PKG_VERSION_MINOR=2 CARGO_PKG_VERSION_PATCH=172 CARGO_PKG_VERSION_PRE='' LD_LIBRARY_PATH='/app/target/cpython-strict/build/primp-0.15.0/target/release/deps:/app/target/cpython-strict/host-tools/rustup/toolchains/nightly-2025-01-18-x86_64-unknown-linux-gnu/lib:/opt/kendryte-toolchain/bin/:' /app/target/cpython-strict/host-tools/rustup/toolchains/nightly-2025-01-18-x86_64-unknown-linux-gnu/bin/rustc --crate-name build_script_build --edition=2021 /app/target/cpython-strict/host-tools/cargo/registry/src/index.crates.io-1949cf8c6b5b557f/libc-0.2.172/build.rs --error-format=json --json=diagnostic-rendered-ansi,artifacts,future-incompat --crate-type bin --emit=dep-info,link -C embed-bitcode=no -C debug-assertions=off --cfg 'feature="default"' --cfg 'feature="std"' --check-cfg 'cfg(docsrs,test)' --check-cfg 'cfg(feature, values("align", "const-extern-fn", "default", "extra_traits", "rustc-dep-of-std", "rustc-std-workspace-core", "std", "use_std"))' -C metadata=9c6264f54383a5a5 -C extra-filename=-e0b9a58b7cec2441 --out-dir /app/target/cpython-strict/build/primp-0.15.0/target/release/build/libc-e0b9a58b7cec2441 -C strip=symbols -L dependency=/app/target/cpython-strict/build/primp-0.15.0/target/release/deps --cap-lints warn`
     Running `CARGO=/app/target/cpython-strict/host-tools/rustup/toolchains/nightly-2025-01-18-x86_64-unknown-linux-gnu/bin/cargo CARGO_CRATE_NAME=unicode_ident CARGO_MANIFEST_DIR=/app/target/cpython-strict/host-tools/cargo/registry/src/index.crates.io-1949cf8c6b5b557f/unicode-ident-1.0.18 CARGO_MANIFEST_PATH=/app/target/cpython-strict/host-tools/cargo/registry/src/index.crates.io-1949cf8c6b5b557f/unicode-ident-1.0.18/Cargo.toml CARGO_PKG_AUTHORS='David Tolnay <dtolnay@gmail.com>' CARGO_PKG_DESCRIPTION='Determine whether characters have the XID_Start or XID_Continue properties according to Unicode Standard Annex #31' CARGO_PKG_HOMEPAGE='' CARGO_PKG_LICENSE='(MIT OR Apache-2.0) AND Unicode-3.0' CARGO_PKG_LICENSE_FILE='' CARGO_PKG_NAME=unicode-ident CARGO_PKG_README=README.md CARGO_PKG_REPOSITORY='https://github.com/dtolnay/unicode-ident' CARGO_PKG_RUST_VERSION=1.31 CARGO_PKG_VERSION=1.0.18 CARGO_PKG_VERSION_MAJOR=1 CARGO_PKG_VERSION_MINOR=0 CARGO_PKG_VERSION_PATCH=18 CARGO_PKG_VERSION_PRE='' LD_LIBRARY_PATH='/app/target/cpython-strict/build/primp-0.15.0/target/release/deps:/app/target/cpython-strict/host-tools/rustup/toolchains/nightly-2025-01-18-x86_64-unknown-linux-gnu/lib:/opt/kendryte-toolchain/bin/:' /app/target/cpython-strict/host-tools/rustup/toolchains/nightly-2025-01-18-x86_64-unknown-linux-gnu/bin/rustc --crate-name unicode_ident --edition=2018 /app/target/cpython-strict/host-tools/cargo/registry/src/index.crates.io-1949cf8c6b5b557f/unicode-ident-1.0.18/src/lib.rs --error-format=json --json=diagnostic-rendered-ansi,artifacts,future-incompat --crate-type lib --emit=dep-info,metadata,link -C embed-bitcode=no -C debug-assertions=off --check-cfg 'cfg(docsrs,test)' --check-cfg 'cfg(feature, values())' -C metadata=fa112b42021e402b -C extra-filename=-687bb67aea9472ba --out-dir /app/target/cpython-strict/build/primp-0.15.0/target/release/deps -C strip=symbols -L dependency=/app/target/cpython-strict/build/primp-0.15.0/target/release/deps --cap-lints warn`
     Running `CARGO=/app/target/cpython-strict/host-tools/rustup/toolchains/nightly-2025-01-18-x86_64-unknown-linux-gnu/bin/cargo CARGO_CRATE_NAME=build_script_build CARGO_MANIFEST_DIR=/app/target/cpython-strict/host-tools/cargo/registry/src/index.crates.io-1949cf8c6b5b557f/parking_lot_core-0.9.10 CARGO_MANIFEST_PATH=/app/target/cpython-strict/host-tools/cargo/registry/src/index.crates.io-1949cf8c6b5b557f/parking_lot_core-0.9.10/Cargo.toml CARGO_PKG_AUTHORS='Amanieu d'\''Antras <amanieu@gmail.com>' CARGO_PKG_DESCRIPTION='An advanced API for creating custom synchronization primitives.' CARGO_PKG_HOMEPAGE='' CARGO_PKG_LICENSE='MIT OR Apache-2.0' CARGO_PKG_LICENSE_FILE='' CARGO_PKG_NAME=parking_lot_core CARGO_PKG_README='' CARGO_PKG_REPOSITORY='https://github.com/Amanieu/parking_lot' CARGO_PKG_RUST_VERSION=1.56.0 CARGO_PKG_VERSION=0.9.10 CARGO_PKG_VERSION_MAJOR=0 CARGO_PKG_VERSION_MINOR=9 CARGO_PKG_VERSION_PATCH=10 CARGO_PKG_VERSION_PRE='' LD_LIBRARY_PATH='/app/target/cpython-strict/build/primp-0.15.0/target/release/deps:/app/target/cpython-strict/host-tools/rustup/toolchains/nightly-2025-01-18-x86_64-unknown-linux-gnu/lib:/opt/kendryte-toolchain/bin/:' /app/target/cpython-strict/host-tools/rustup/toolchains/nightly-2025-01-18-x86_64-unknown-linux-gnu/bin/rustc --crate-name build_script_build --edition=2021 /app/target/cpython-strict/host-tools/cargo/registry/src/index.crates.io-1949cf8c6b5b557f/parking_lot_core-0.9.10/build.rs --error-format=json --json=diagnostic-rendered-ansi,artifacts,future-incompat --crate-type bin --emit=dep-info,link -C embed-bitcode=no -C debug-assertions=off --check-cfg 'cfg(docsrs,test)' --check-cfg 'cfg(feature, values("backtrace", "deadlock_detection", "nightly", "petgraph", "thread-id"))' -C metadata=3259e0ec69d7f89c -C extra-filename=-3380b1757d1b584a --out-dir /app/target/cpython-strict/build/primp-0.15.0/target/release/build/parking_lot_core-3380b1757d1b584a -C strip=symbols -L dependency=/app/target/cpython-strict/build/primp-0.15.0/target/release/deps --cap-lints warn`
     Running `CARGO=/app/target/cpython-strict/host-tools/rustup/toolchains/nightly-2025-01-18-x86_64-unknown-linux-gnu/bin/cargo CARGO_CRATE_NAME=smallvec CARGO_MANIFEST_DIR=/app/target/cpython-strict/host-tools/cargo/registry/src/index.crates.io-1949cf8c6b5b557f/smallvec-1.15.0 CARGO_MANIFEST_PATH=/app/target/cpython-strict/host-tools/cargo/registry/src/index.crates.io-1949cf8c6b5b557f/smallvec-1.15.0/Cargo.toml CARGO_PKG_AUTHORS='The Servo Project Developers' CARGO_PKG_DESCRIPTION=''\''Small vector'\'' optimization: store up to a small number of items on the stack' CARGO_PKG_HOMEPAGE='' CARGO_PKG_LICENSE='MIT OR Apache-2.0' CARGO_PKG_LICENSE_FILE='' CARGO_PKG_NAME=smallvec CARGO_PKG_README=README.md CARGO_PKG_REPOSITORY='https://github.com/servo/rust-smallvec' CARGO_PKG_RUST_VERSION='' CARGO_PKG_VERSION=1.15.0 CARGO_PKG_VERSION_MAJOR=1 CARGO_PKG_VERSION_MINOR=15 CARGO_PKG_VERSION_PATCH=0 CARGO_PKG_VERSION_PRE='' LD_LIBRARY_PATH='/app/target/cpython-strict/build/primp-0.15.0/target/release/deps:/app/target/cpython-strict/host-tools/rustup/toolchains/nightly-2025-01-18-x86_64-unknown-linux-gnu/lib:/opt/kendryte-toolchain/bin/:' /app/target/cpython-strict/host-tools/rustup/toolchains/nightly-2025-01-18-x86_64-unknown-linux-gnu/bin/rustc --crate-name smallvec --edition=2018 /app/target/cpython-strict/host-tools/cargo/registry/src/index.crates.io-1949cf8c6b5b557f/smallvec-1.15.0/src/lib.rs --error-format=json --json=diagnostic-rendered-ansi,artifacts,future-incompat --crate-type lib --emit=dep-info,metadata,link -C opt-level=3 -C panic=abort -C linker-plugin-lto -C codegen-units=1 --cfg 'feature="const_generics"' --cfg 'feature="const_new"' --check-cfg 'cfg(docsrs,test)' --check-cfg 'cfg(feature, values("arbitrary", "bincode", "const_generics", "const_new", "debugger_visualizer", "drain_filter", "drain_keep_rest", "impl_bincode", "malloc_size_of", "may_dangle", "serde", "specialization", "union", "unty", "write"))' -C metadata=c3a43a683b9d78ff -C extra-filename=-11d62a66e49144d9 --out-dir /app/target/cpython-strict/build/primp-0.15.0/target/loongarch64-unknown-linux-musl/release/deps --target loongarch64-unknown-linux-musl -C linker=/app/target/cpython-strict/cross/loongarch64-linux-musl-gcc -C strip=symbols -L dependency=/app/target/cpython-strict/build/primp-0.15.0/target/loongarch64-unknown-linux-musl/release/deps -L dependency=/app/target/cpython-strict/build/primp-0.15.0/target/release/deps --cap-lints warn -C target-feature=-ual -C target-feature=-crt-static`
     Running `CARGO=/app/target/cpython-strict/host-tools/rustup/toolchains/nightly-2025-01-18-x86_64-unknown-linux-gnu/bin/cargo CARGO_CRATE_NAME=build_script_build CARGO_MANIFEST_DIR=/app/target/cpython-strict/host-tools/cargo/registry/src/index.crates.io-1949cf8c6b5b557f/target-lexicon-0.13.2 CARGO_MANIFEST_PATH=/app/target/cpython-strict/host-tools/cargo/registry/src/index.crates.io-1949cf8c6b5b557f/target-lexicon-0.13.2/Cargo.toml CARGO_PKG_AUTHORS='Dan Gohman <sunfish@mozilla.com>' CARGO_PKG_DESCRIPTION='LLVM target triple types' CARGO_PKG_HOMEPAGE='' CARGO_PKG_LICENSE='Apache-2.0 WITH LLVM-exception' CARGO_PKG_LICENSE_FILE='' CARGO_PKG_NAME=target-lexicon CARGO_PKG_README=README.md CARGO_PKG_REPOSITORY='https://github.com/bytecodealliance/target-lexicon' CARGO_PKG_RUST_VERSION='' CARGO_PKG_VERSION=0.13.2 CARGO_PKG_VERSION_MAJOR=0 CARGO_PKG_VERSION_MINOR=13 CARGO_PKG_VERSION_PATCH=2 CARGO_PKG_VERSION_PRE='' LD_LIBRARY_PATH='/app/target/cpython-strict/build/primp-0.15.0/target/release/deps:/app/target/cpython-strict/host-tools/rustup/toolchains/nightly-2025-01-18-x86_64-unknown-linux-gnu/lib:/opt/kendryte-toolchain/bin/:' /app/target/cpython-strict/host-tools/rustup/toolchains/nightly-2025-01-18-x86_64-unknown-linux-gnu/bin/rustc --crate-name build_script_build --edition=2018 /app/target/cpython-strict/host-tools/cargo/registry/src/index.crates.io-1949cf8c6b5b557f/target-lexicon-0.13.2/build.rs --error-format=json --json=diagnostic-rendered-ansi,artifacts,future-incompat --crate-type bin --emit=dep-info,link -C embed-bitcode=no -C debug-assertions=off --cfg 'feature="default"' --check-cfg 'cfg(docsrs,test)' --check-cfg 'cfg(feature, values("arch_zkasm", "default", "serde", "serde_support", "std"))' -C metadata=303e2c8933e94b69 -C extra-filename=-1afc1e74430d0f5c --out-dir /app/target/cpython-strict/build/primp-0.15.0/target/release/build/target-lexicon-1afc1e74430d0f5c -C strip=symbols -L dependency=/app/target/cpython-strict/build/primp-0.15.0/target/release/deps --cap-lints warn`
     Running `CARGO=/app/target/cpython-strict/host-tools/rustup/toolchains/nightly-2025-01-18-x86_64-unknown-linux-gnu/bin/cargo CARGO_CRATE_NAME=cfg_if CARGO_MANIFEST_DIR=/app/target/cpython-strict/host-tools/cargo/registry/src/index.crates.io-1949cf8c6b5b557f/cfg-if-1.0.0 CARGO_MANIFEST_PATH=/app/target/cpython-strict/host-tools/cargo/registry/src/index.crates.io-1949cf8c6b5b557f/cfg-if-1.0.0/Cargo.toml CARGO_PKG_AUTHORS='Alex Crichton <alex@alexcrichton.com>' CARGO_PKG_DESCRIPTION='A macro to ergonomically define an item depending on a large number of #[cfg]
parameters. Structured like an if-else chain, the first matching branch is the
item that gets emitted.
' CARGO_PKG_HOMEPAGE='https://github.com/alexcrichton/cfg-if' CARGO_PKG_LICENSE=MIT/Apache-2.0 CARGO_PKG_LICENSE_FILE='' CARGO_PKG_NAME=cfg-if CARGO_PKG_README=README.md CARGO_PKG_REPOSITORY='https://github.com/alexcrichton/cfg-if' CARGO_PKG_RUST_VERSION='' CARGO_PKG_VERSION=1.0.0 CARGO_PKG_VERSION_MAJOR=1 CARGO_PKG_VERSION_MINOR=0 CARGO_PKG_VERSION_PATCH=0 CARGO_PKG_VERSION_PRE='' LD_LIBRARY_PATH='/app/target/cpython-strict/build/primp-0.15.0/target/release/deps:/app/target/cpython-strict/host-tools/rustup/toolchains/nightly-2025-01-18-x86_64-unknown-linux-gnu/lib:/opt/kendryte-toolchain/bin/:' /app/target/cpython-strict/host-tools/rustup/toolchains/nightly-2025-01-18-x86_64-unknown-linux-gnu/bin/rustc --crate-name cfg_if --edition=2018 /app/target/cpython-strict/host-tools/cargo/registry/src/index.crates.io-1949cf8c6b5b557f/cfg-if-1.0.0/src/lib.rs --error-format=json --json=diagnostic-rendered-ansi,artifacts,future-incompat --crate-type lib --emit=dep-info,metadata,link -C opt-level=3 -C panic=abort -C linker-plugin-lto -C codegen-units=1 --check-cfg 'cfg(docsrs,test)' --check-cfg 'cfg(feature, values("compiler_builtins", "core", "rustc-dep-of-std"))' -C metadata=3808c2021576dde8 -C extra-filename=-9a56164e255f8351 --out-dir /app/target/cpython-strict/build/primp-0.15.0/target/loongarch64-unknown-linux-musl/release/deps --target loongarch64-unknown-linux-musl -C linker=/app/target/cpython-strict/cross/loongarch64-linux-musl-gcc -C strip=symbols -L dependency=/app/target/cpython-strict/build/primp-0.15.0/target/loongarch64-unknown-linux-musl/release/deps -L dependency=/app/target/cpython-strict/build/primp-0.15.0/target/release/deps --cap-lints warn -C target-feature=-ual -C target-feature=-crt-static`
     Running `CARGO=/app/target/cpython-strict/host-tools/rustup/toolchains/nightly-2025-01-18-x86_64-unknown-linux-gnu/bin/cargo CARGO_CRATE_NAME=autocfg CARGO_MANIFEST_DIR=/app/target/cpython-strict/host-tools/cargo/registry/src/index.crates.io-1949cf8c6b5b557f/autocfg-1.4.0 CARGO_MANIFEST_PATH=/app/target/cpython-strict/host-tools/cargo/registry/src/index.crates.io-1949cf8c6b5b557f/autocfg-1.4.0/Cargo.toml CARGO_PKG_AUTHORS='Josh Stone <cuviper@gmail.com>' CARGO_PKG_DESCRIPTION='Automatic cfg for Rust compiler features' CARGO_PKG_HOMEPAGE='' CARGO_PKG_LICENSE='Apache-2.0 OR MIT' CARGO_PKG_LICENSE_FILE='' CARGO_PKG_NAME=autocfg CARGO_PKG_README=README.md CARGO_PKG_REPOSITORY='https://github.com/cuviper/autocfg' CARGO_PKG_RUST_VERSION=1.0 CARGO_PKG_VERSION=1.4.0 CARGO_PKG_VERSION_MAJOR=1 CARGO_PKG_VERSION_MINOR=4 CARGO_PKG_VERSION_PATCH=0 CARGO_PKG_VERSION_PRE='' LD_LIBRARY_PATH='/app/target/cpython-strict/build/primp-0.15.0/target/release/deps:/app/target/cpython-strict/host-tools/rustup/toolchains/nightly-2025-01-18-x86_64-unknown-linux-gnu/lib:/opt/kendryte-toolchain/bin/:' /app/target/cpython-strict/host-tools/rustup/toolchains/nightly-2025-01-18-x86_64-unknown-linux-gnu/bin/rustc --crate-name autocfg --edition=2015 /app/target/cpython-strict/host-tools/cargo/registry/src/index.crates.io-1949cf8c6b5b557f/autocfg-1.4.0/src/lib.rs --error-format=json --json=diagnostic-rendered-ansi,artifacts,future-incompat --crate-type lib --emit=dep-info,metadata,link -C embed-bitcode=no -C debug-assertions=off --check-cfg 'cfg(docsrs,test)' --check-cfg 'cfg(feature, values())' -C metadata=0468f3c56aaca53d -C extra-filename=-918a7c8fc0d04dc5 --out-dir /app/target/cpython-strict/build/primp-0.15.0/target/release/deps -C strip=symbols -L dependency=/app/target/cpython-strict/build/primp-0.15.0/target/release/deps --cap-lints warn`
     Running `CARGO=/app/target/cpython-strict/host-tools/rustup/toolchains/nightly-2025-01-18-x86_64-unknown-linux-gnu/bin/cargo CARGO_CRATE_NAME=build_script_build CARGO_MANIFEST_DIR=/app/target/cpython-strict/host-tools/cargo/registry/src/index.crates.io-1949cf8c6b5b557f/serde-1.0.219 CARGO_MANIFEST_PATH=/app/target/cpython-strict/host-tools/cargo/registry/src/index.crates.io-1949cf8c6b5b557f/serde-1.0.219/Cargo.toml CARGO_PKG_AUTHORS='Erick Tryzelaar <erick.tryzelaar@gmail.com>:David Tolnay <dtolnay@gmail.com>' CARGO_PKG_DESCRIPTION='A generic serialization/deserialization framework' CARGO_PKG_HOMEPAGE='https://serde.rs' CARGO_PKG_LICENSE='MIT OR Apache-2.0' CARGO_PKG_LICENSE_FILE='' CARGO_PKG_NAME=serde CARGO_PKG_README=crates-io.md CARGO_PKG_REPOSITORY='https://github.com/serde-rs/serde' CARGO_PKG_RUST_VERSION=1.31 CARGO_PKG_VERSION=1.0.219 CARGO_PKG_VERSION_MAJOR=1 CARGO_PKG_VERSION_MINOR=0 CARGO_PKG_VERSION_PATCH=219 CARGO_PKG_VERSION_PRE='' LD_LIBRARY_PATH='/app/target/cpython-strict/build/primp-0.15.0/target/release/deps:/app/target/cpython-strict/host-tools/rustup/toolchains/nightly-2025-01-18-x86_64-unknown-linux-gnu/lib:/opt/kendryte-toolchain/bin/:' /app/target/cpython-strict/host-tools/rustup/toolchains/nightly-2025-01-18-x86_64-unknown-linux-gnu/bin/rustc --crate-name build_script_build --edition=2018 /app/target/cpython-strict/host-tools/cargo/registry/src/index.crates.io-1949cf8c6b5b557f/serde-1.0.219/build.rs --error-format=json --json=diagnostic-rendered-ansi,artifacts,future-incompat --crate-type bin --emit=dep-info,link -C embed-bitcode=no -C debug-assertions=off --cfg 'feature="default"' --cfg 'feature="derive"' --cfg 'feature="serde_derive"' --cfg 'feature="std"' --check-cfg 'cfg(docsrs,test)' --check-cfg 'cfg(feature, values("alloc", "default", "derive", "rc", "serde_derive", "std", "unstable"))' -C metadata=54209fcd31bd5ab4 -C extra-filename=-332c339208ba974f --out-dir /app/target/cpython-strict/build/primp-0.15.0/target/release/build/serde-332c339208ba974f -C strip=symbols -L dependency=/app/target/cpython-strict/build/primp-0.15.0/target/release/deps --cap-lints warn`
warning: unstable feature specified for `-Ctarget-feature`: `ual`
  |
  = note: this feature is not stably supported; its behavior can change in the future

warning: unexpected `cfg` condition name: `manual_codegen_check`
   --> /app/target/cpython-strict/host-tools/cargo/registry/src/index.crates.io-1949cf8c6b5b557f/shlex-1.3.0/src/bytes.rs:353:12
    |
353 | #[cfg_attr(manual_codegen_check, inline(never))]
    |            ^^^^^^^^^^^^^^^^^^^^
    |
    = help: expected names are: `clippy`, `debug_assertions`, `doc`, `docsrs`, `doctest`, `feature`, `fmt_debug`, `miri`, `overflow_checks`, `panic`, `proc_macro`, `relocation_model`, `rustfmt`, `sanitize`, `sanitizer_cfi_generalize_pointers`, `sanitizer_cfi_normalize_integers`, `target_abi`, `target_arch`, `target_endian`, `target_env`, `target_family`, `target_feature`, `target_has_atomic`, `target_has_atomic_equal_alignment`, `target_has_atomic_load_store`, `target_os`, `target_pointer_width`, `target_thread_local`, `target_vendor`, `test`, `ub_checks`, `unix`, and `windows`
    = help: consider using a Cargo feature instead
    = help: or consider adding in `Cargo.toml` the `check-cfg` lint config for the lint:
             [lints.rust]
             unexpected_cfgs = { level = "warn", check-cfg = ['cfg(manual_codegen_check)'] }
    = help: or consider adding `println!("cargo::rustc-check-cfg=cfg(manual_codegen_check)");` to the top of the `build.rs`
    = note: see <https://doc.rust-lang.org/nightly/rustc/check-cfg/cargo-specifics.html> for more information about checking conditional configuration
    = note: `#[warn(unexpected_cfgs)]` on by default

warning: unexpected `cfg` condition value: `rust_1_40`
  --> /app/target/cpython-strict/host-tools/cargo/registry/src/index.crates.io-1949cf8c6b5b557f/target-lexicon-0.13.2/src/data_model.rs:43:12
   |
43 | #[cfg_attr(feature = "rust_1_40", non_exhaustive)]
   |            ^^^^^^^^^^^^^^^^^^^^^
   |
   = note: expected values for `feature` are: `arch_zkasm`, `default`, `serde`, `serde_support`, and `std`
   = help: consider adding `rust_1_40` as a feature in `Cargo.toml`
   = note: see <https://doc.rust-lang.org/nightly/rustc/check-cfg/cargo-specifics.html> for more information about checking conditional configuration
   = note: `#[warn(unexpected_cfgs)]` on by default

warning: unexpected `cfg` condition value: `rust_1_40`
  --> /app/target/cpython-strict/host-tools/cargo/registry/src/index.crates.io-1949cf8c6b5b557f/target-lexicon-0.13.2/src/triple.rs:55:12
   |
55 | #[cfg_attr(feature = "rust_1_40", non_exhaustive)]
   |            ^^^^^^^^^^^^^^^^^^^^^
   |
   = note: expected values for `feature` are: `arch_zkasm`, `default`, `serde`, `serde_support`, and `std`
   = help: consider adding `rust_1_40` as a feature in `Cargo.toml`
   = note: see <https://doc.rust-lang.org/nightly/rustc/check-cfg/cargo-specifics.html> for more information about checking conditional configuration

warning: unexpected `cfg` condition value: `rust_1_40`
  --> /app/target/cpython-strict/host-tools/cargo/registry/src/index.crates.io-1949cf8c6b5b557f/target-lexicon-0.13.2/src/targets.rs:14:12
   |
14 | #[cfg_attr(feature = "rust_1_40", non_exhaustive)]
   |            ^^^^^^^^^^^^^^^^^^^^^
   |
   = note: expected values for `feature` are: `arch_zkasm`, `default`, `serde`, `serde_support`, and `std`
   = help: consider adding `rust_1_40` as a feature in `Cargo.toml`
   = note: see <https://doc.rust-lang.org/nightly/rustc/check-cfg/cargo-specifics.html> for more information about checking conditional configuration

warning: unexpected `cfg` condition value: `rust_1_40`
  --> /app/target/cpython-strict/host-tools/cargo/registry/src/index.crates.io-1949cf8c6b5b557f/target-lexicon-0.13.2/src/targets.rs:61:12
   |
61 | #[cfg_attr(feature = "rust_1_40", non_exhaustive)]
   |            ^^^^^^^^^^^^^^^^^^^^^
   |
   = note: expected values for `feature` are: `arch_zkasm`, `default`, `serde`, `serde_support`, and `std`
   = help: consider adding `rust_1_40` as a feature in `Cargo.toml`
   = note: see <https://doc.rust-lang.org/nightly/rustc/check-cfg/cargo-specifics.html> for more information about checking conditional configuration

warning: unexpected `cfg` condition value: `rust_1_40`
   --> /app/target/cpython-strict/host-tools/cargo/registry/src/index.crates.io-1949cf8c6b5b557f/target-lexicon-0.13.2/src/targets.rs:111:12
    |
111 | #[cfg_attr(feature = "rust_1_40", non_exhaustive)]
    |            ^^^^^^^^^^^^^^^^^^^^^
    |
    = note: expected values for `feature` are: `arch_zkasm`, `default`, `serde`, `serde_support`, and `std`
    = help: consider adding `rust_1_40` as a feature in `Cargo.toml`
    = note: see <https://doc.rust-lang.org/nightly/rustc/check-cfg/cargo-specifics.html> for more information about checking conditional configuration

warning: unexpected `cfg` condition value: `rust_1_40`
   --> /app/target/cpython-strict/host-tools/cargo/registry/src/index.crates.io-1949cf8c6b5b557f/target-lexicon-0.13.2/src/targets.rs:390:12
    |
390 | #[cfg_attr(feature = "rust_1_40", non_exhaustive)]
    |            ^^^^^^^^^^^^^^^^^^^^^
    |
    = note: expected values for `feature` are: `arch_zkasm`, `default`, `serde`, `serde_support`, and `std`
    = help: consider adding `rust_1_40` as a feature in `Cargo.toml`
    = note: see <https://doc.rust-lang.org/nightly/rustc/check-cfg/cargo-specifics.html> for more information about checking conditional configuration

warning: unexpected `cfg` condition value: `rust_1_40`
   --> /app/target/cpython-strict/host-tools/cargo/registry/src/index.crates.io-1949cf8c6b5b557f/target-lexicon-0.13.2/src/targets.rs:411:12
    |
411 | #[cfg_attr(feature = "rust_1_40", non_exhaustive)]
    |            ^^^^^^^^^^^^^^^^^^^^^
    |
    = note: expected values for `feature` are: `arch_zkasm`, `default`, `serde`, `serde_support`, and `std`
    = help: consider adding `rust_1_40` as a feature in `Cargo.toml`
    = note: see <https://doc.rust-lang.org/nightly/rustc/check-cfg/cargo-specifics.html> for more information about checking conditional configuration

warning: unexpected `cfg` condition value: `rust_1_40`
   --> /app/target/cpython-strict/host-tools/cargo/registry/src/index.crates.io-1949cf8c6b5b557f/target-lexicon-0.13.2/src/targets.rs:444:12
    |
444 | #[cfg_attr(feature = "rust_1_40", non_exhaustive)]
    |            ^^^^^^^^^^^^^^^^^^^^^
    |
    = note: expected values for `feature` are: `arch_zkasm`, `default`, `serde`, `serde_support`, and `std`
    = help: consider adding `rust_1_40` as a feature in `Cargo.toml`
    = note: see <https://doc.rust-lang.org/nightly/rustc/check-cfg/cargo-specifics.html> for more information about checking conditional configuration

warning: unexpected `cfg` condition value: `rust_1_40`
   --> /app/target/cpython-strict/host-tools/cargo/registry/src/index.crates.io-1949cf8c6b5b557f/target-lexicon-0.13.2/src/targets.rs:467:12
    |
467 | #[cfg_attr(feature = "rust_1_40", non_exhaustive)]
    |            ^^^^^^^^^^^^^^^^^^^^^
    |
    = note: expected values for `feature` are: `arch_zkasm`, `default`, `serde`, `serde_support`, and `std`
    = help: consider adding `rust_1_40` as a feature in `Cargo.toml`
    = note: see <https://doc.rust-lang.org/nightly/rustc/check-cfg/cargo-specifics.html> for more information about checking conditional configuration

warning: unexpected `cfg` condition value: `rust_1_40`
   --> /app/target/cpython-strict/host-tools/cargo/registry/src/index.crates.io-1949cf8c6b5b557f/target-lexicon-0.13.2/src/targets.rs:490:12
    |
490 | #[cfg_attr(feature = "rust_1_40", non_exhaustive)]
    |            ^^^^^^^^^^^^^^^^^^^^^
    |
    = note: expected values for `feature` are: `arch_zkasm`, `default`, `serde`, `serde_support`, and `std`
    = help: consider adding `rust_1_40` as a feature in `Cargo.toml`
    = note: see <https://doc.rust-lang.org/nightly/rustc/check-cfg/cargo-specifics.html> for more information about checking conditional configuration

warning: unexpected `cfg` condition value: `rust_1_40`
   --> /app/target/cpython-strict/host-tools/cargo/registry/src/index.crates.io-1949cf8c6b5b557f/target-lexicon-0.13.2/src/targets.rs:515:12
    |
515 | #[cfg_attr(feature = "rust_1_40", non_exhaustive)]
    |            ^^^^^^^^^^^^^^^^^^^^^
    |
    = note: expected values for `feature` are: `arch_zkasm`, `default`, `serde`, `serde_support`, and `std`
    = help: consider adding `rust_1_40` as a feature in `Cargo.toml`
    = note: see <https://doc.rust-lang.org/nightly/rustc/check-cfg/cargo-specifics.html> for more information about checking conditional configuration

warning: unexpected `cfg` condition value: `rust_1_40`
   --> /app/target/cpython-strict/host-tools/cargo/registry/src/index.crates.io-1949cf8c6b5b557f/target-lexicon-0.13.2/src/targets.rs:574:12
    |
574 | #[cfg_attr(feature = "rust_1_40", non_exhaustive)]
    |            ^^^^^^^^^^^^^^^^^^^^^
    |
    = note: expected values for `feature` are: `arch_zkasm`, `default`, `serde`, `serde_support`, and `std`
    = help: consider adding `rust_1_40` as a feature in `Cargo.toml`
    = note: see <https://doc.rust-lang.org/nightly/rustc/check-cfg/cargo-specifics.html> for more information about checking conditional configuration

warning: unexpected `cfg` condition value: `rust_1_40`
   --> /app/target/cpython-strict/host-tools/cargo/registry/src/index.crates.io-1949cf8c6b5b557f/target-lexicon-0.13.2/src/targets.rs:649:12
    |
649 | #[cfg_attr(feature = "rust_1_40", non_exhaustive)]
    |            ^^^^^^^^^^^^^^^^^^^^^
    |
    = note: expected values for `feature` are: `arch_zkasm`, `default`, `serde`, `serde_support`, and `std`
    = help: consider adding `rust_1_40` as a feature in `Cargo.toml`
    = note: see <https://doc.rust-lang.org/nightly/rustc/check-cfg/cargo-specifics.html> for more information about checking conditional configuration

warning: unexpected `cfg` condition value: `rust_1_40`
   --> /app/target/cpython-strict/host-tools/cargo/registry/src/index.crates.io-1949cf8c6b5b557f/target-lexicon-0.13.2/src/targets.rs:793:12
    |
793 | #[cfg_attr(feature = "rust_1_40", non_exhaustive)]
    |            ^^^^^^^^^^^^^^^^^^^^^
    |
    = note: expected values for `feature` are: `arch_zkasm`, `default`, `serde`, `serde_support`, and `std`
    = help: consider adding `rust_1_40` as a feature in `Cargo.toml`
    = note: see <https://doc.rust-lang.org/nightly/rustc/check-cfg/cargo-specifics.html> for more information about checking conditional configuration

warning: unexpected `cfg` condition value: `rust_1_40`
   --> /app/target/cpython-strict/host-tools/cargo/registry/src/index.crates.io-1949cf8c6b5b557f/target-lexicon-0.13.2/src/targets.rs:881:12
    |
881 | #[cfg_attr(feature = "rust_1_40", non_exhaustive)]
    |            ^^^^^^^^^^^^^^^^^^^^^
    |
    = note: expected values for `feature` are: `arch_zkasm`, `default`, `serde`, `serde_support`, and `std`
    = help: consider adding `rust_1_40` as a feature in `Cargo.toml`
    = note: see <https://doc.rust-lang.org/nightly/rustc/check-cfg/cargo-specifics.html> for more information about checking conditional configuration

warning: `cfg-if` (lib) generated 1 warning
   Compiling stable_deref_trait v1.2.0
     Running `CARGO=/app/target/cpython-strict/host-tools/rustup/toolchains/nightly-2025-01-18-x86_64-unknown-linux-gnu/bin/cargo CARGO_CRATE_NAME=stable_deref_trait CARGO_MANIFEST_DIR=/app/target/cpython-strict/host-tools/cargo/registry/src/index.crates.io-1949cf8c6b5b557f/stable_deref_trait-1.2.0 CARGO_MANIFEST_PATH=/app/target/cpython-strict/host-tools/cargo/registry/src/index.crates.io-1949cf8c6b5b557f/stable_deref_trait-1.2.0/Cargo.toml CARGO_PKG_AUTHORS='Robert Grosse <n210241048576@gmail.com>' CARGO_PKG_DESCRIPTION='An unsafe marker trait for types like Box and Rc that dereference to a stable address even when moved, and hence can be used with libraries such as owning_ref and rental.
' CARGO_PKG_HOMEPAGE='' CARGO_PKG_LICENSE=MIT/Apache-2.0 CARGO_PKG_LICENSE_FILE='' CARGO_PKG_NAME=stable_deref_trait CARGO_PKG_README=README.md CARGO_PKG_REPOSITORY='https://github.com/storyyeller/stable_deref_trait' CARGO_PKG_RUST_VERSION='' CARGO_PKG_VERSION=1.2.0 CARGO_PKG_VERSION_MAJOR=1 CARGO_PKG_VERSION_MINOR=2 CARGO_PKG_VERSION_PATCH=0 CARGO_PKG_VERSION_PRE='' LD_LIBRARY_PATH='/app/target/cpython-strict/build/primp-0.15.0/target/release/deps:/app/target/cpython-strict/host-tools/rustup/toolchains/nightly-2025-01-18-x86_64-unknown-linux-gnu/lib:/opt/kendryte-toolchain/bin/:' /app/target/cpython-strict/host-tools/rustup/toolchains/nightly-2025-01-18-x86_64-unknown-linux-gnu/bin/rustc --crate-name stable_deref_trait --edition=2015 /app/target/cpython-strict/host-tools/cargo/registry/src/index.crates.io-1949cf8c6b5b557f/stable_deref_trait-1.2.0/src/lib.rs --error-format=json --json=diagnostic-rendered-ansi,artifacts,future-incompat --crate-type lib --emit=dep-info,metadata,link -C opt-level=3 -C panic=abort -C linker-plugin-lto -C codegen-units=1 --cfg 'feature="alloc"' --check-cfg 'cfg(docsrs,test)' --check-cfg 'cfg(feature, values("alloc", "default", "std"))' -C metadata=9307999042bb29c6 -C extra-filename=-76f1baf4e034bd08 --out-dir /app/target/cpython-strict/build/primp-0.15.0/target/loongarch64-unknown-linux-musl/release/deps --target loongarch64-unknown-linux-musl -C linker=/app/target/cpython-strict/cross/loongarch64-linux-musl-gcc -C strip=symbols -L dependency=/app/target/cpython-strict/build/primp-0.15.0/target/loongarch64-unknown-linux-musl/release/deps -L dependency=/app/target/cpython-strict/build/primp-0.15.0/target/release/deps --cap-lints warn -C target-feature=-ual -C target-feature=-crt-static`
   Compiling scopeguard v1.2.0
     Running `CARGO=/app/target/cpython-strict/host-tools/rustup/toolchains/nightly-2025-01-18-x86_64-unknown-linux-gnu/bin/cargo CARGO_CRATE_NAME=scopeguard CARGO_MANIFEST_DIR=/app/target/cpython-strict/host-tools/cargo/registry/src/index.crates.io-1949cf8c6b5b557f/scopeguard-1.2.0 CARGO_MANIFEST_PATH=/app/target/cpython-strict/host-tools/cargo/registry/src/index.crates.io-1949cf8c6b5b557f/scopeguard-1.2.0/Cargo.toml CARGO_PKG_AUTHORS=bluss CARGO_PKG_DESCRIPTION='A RAII scope guard that will run a given closure when it goes out of scope,
even if the code between panics (assuming unwinding panic).

Defines the macros `defer'\!'`, `defer_on_unwind'\!'`, `defer_on_success'\!'` as
shorthands for guards with one of the implemented strategies.
' CARGO_PKG_HOMEPAGE='' CARGO_PKG_LICENSE='MIT OR Apache-2.0' CARGO_PKG_LICENSE_FILE='' CARGO_PKG_NAME=scopeguard CARGO_PKG_README=README.md CARGO_PKG_REPOSITORY='https://github.com/bluss/scopeguard' CARGO_PKG_RUST_VERSION='' CARGO_PKG_VERSION=1.2.0 CARGO_PKG_VERSION_MAJOR=1 CARGO_PKG_VERSION_MINOR=2 CARGO_PKG_VERSION_PATCH=0 CARGO_PKG_VERSION_PRE='' LD_LIBRARY_PATH='/app/target/cpython-strict/build/primp-0.15.0/target/release/deps:/app/target/cpython-strict/host-tools/rustup/toolchains/nightly-2025-01-18-x86_64-unknown-linux-gnu/lib:/opt/kendryte-toolchain/bin/:' /app/target/cpython-strict/host-tools/rustup/toolchains/nightly-2025-01-18-x86_64-unknown-linux-gnu/bin/rustc --crate-name scopeguard --edition=2015 /app/target/cpython-strict/host-tools/cargo/registry/src/index.crates.io-1949cf8c6b5b557f/scopeguard-1.2.0/src/lib.rs --error-format=json --json=diagnostic-rendered-ansi,artifacts,future-incompat --crate-type lib --emit=dep-info,metadata,link -C opt-level=3 -C panic=abort -C linker-plugin-lto -C codegen-units=1 --check-cfg 'cfg(docsrs,test)' --check-cfg 'cfg(feature, values("default", "use_std"))' -C metadata=cccee42a67e30c0b -C extra-filename=-ba138fbdc06eeda9 --out-dir /app/target/cpython-strict/build/primp-0.15.0/target/loongarch64-unknown-linux-musl/release/deps --target loongarch64-unknown-linux-musl -C linker=/app/target/cpython-strict/cross/loongarch64-linux-musl-gcc -C strip=symbols -L dependency=/app/target/cpython-strict/build/primp-0.15.0/target/loongarch64-unknown-linux-musl/release/deps -L dependency=/app/target/cpython-strict/build/primp-0.15.0/target/release/deps --cap-lints warn -C target-feature=-ual -C target-feature=-crt-static`
warning: `stable_deref_trait` (lib) generated 1 warning (1 duplicate)
   Compiling once_cell v1.21.3
     Running `CARGO=/app/target/cpython-strict/host-tools/rustup/toolchains/nightly-2025-01-18-x86_64-unknown-linux-gnu/bin/cargo CARGO_CRATE_NAME=once_cell CARGO_MANIFEST_DIR=/app/target/cpython-strict/host-tools/cargo/registry/src/index.crates.io-1949cf8c6b5b557f/once_cell-1.21.3 CARGO_MANIFEST_PATH=/app/target/cpython-strict/host-tools/cargo/registry/src/index.crates.io-1949cf8c6b5b557f/once_cell-1.21.3/Cargo.toml CARGO_PKG_AUTHORS='Aleksey Kladov <aleksey.kladov@gmail.com>' CARGO_PKG_DESCRIPTION='Single assignment cells and lazy values.' CARGO_PKG_HOMEPAGE='' CARGO_PKG_LICENSE='MIT OR Apache-2.0' CARGO_PKG_LICENSE_FILE='' CARGO_PKG_NAME=once_cell CARGO_PKG_README=README.md CARGO_PKG_REPOSITORY='https://github.com/matklad/once_cell' CARGO_PKG_RUST_VERSION=1.65 CARGO_PKG_VERSION=1.21.3 CARGO_PKG_VERSION_MAJOR=1 CARGO_PKG_VERSION_MINOR=21 CARGO_PKG_VERSION_PATCH=3 CARGO_PKG_VERSION_PRE='' LD_LIBRARY_PATH='/app/target/cpython-strict/build/primp-0.15.0/target/release/deps:/app/target/cpython-strict/host-tools/rustup/toolchains/nightly-2025-01-18-x86_64-unknown-linux-gnu/lib:/opt/kendryte-toolchain/bin/:' /app/target/cpython-strict/host-tools/rustup/toolchains/nightly-2025-01-18-x86_64-unknown-linux-gnu/bin/rustc --crate-name once_cell --edition=2021 /app/target/cpython-strict/host-tools/cargo/registry/src/index.crates.io-1949cf8c6b5b557f/once_cell-1.21.3/src/lib.rs --error-format=json --json=diagnostic-rendered-ansi,artifacts,future-incompat --crate-type lib --emit=dep-info,metadata,link -C embed-bitcode=no -C debug-assertions=off --cfg 'feature="alloc"' --cfg 'feature="default"' --cfg 'feature="race"' --cfg 'feature="std"' --check-cfg 'cfg(docsrs,test)' --check-cfg 'cfg(feature, values("alloc", "atomic-polyfill", "critical-section", "default", "parking_lot", "portable-atomic", "race", "std", "unstable"))' -C metadata=fcab1e7bea395a51 -C extra-filename=-8dddeb56b62ebbd8 --out-dir /app/target/cpython-strict/build/primp-0.15.0/target/release/deps -C strip=symbols -L dependency=/app/target/cpython-strict/build/primp-0.15.0/target/release/deps --cap-lints warn`
warning: `shlex` (lib) generated 1 warning
   Compiling pin-project-lite v0.2.16
     Running `CARGO=/app/target/cpython-strict/host-tools/rustup/toolchains/nightly-2025-01-18-x86_64-unknown-linux-gnu/bin/cargo CARGO_CRATE_NAME=pin_project_lite CARGO_MANIFEST_DIR=/app/target/cpython-strict/host-tools/cargo/registry/src/index.crates.io-1949cf8c6b5b557f/pin-project-lite-0.2.16 CARGO_MANIFEST_PATH=/app/target/cpython-strict/host-tools/cargo/registry/src/index.crates.io-1949cf8c6b5b557f/pin-project-lite-0.2.16/Cargo.toml CARGO_PKG_AUTHORS='' CARGO_PKG_DESCRIPTION='A lightweight version of pin-project written with declarative macros.
' CARGO_PKG_HOMEPAGE='' CARGO_PKG_LICENSE='Apache-2.0 OR MIT' CARGO_PKG_LICENSE_FILE='' CARGO_PKG_NAME=pin-project-lite CARGO_PKG_README=README.md CARGO_PKG_REPOSITORY='https://github.com/taiki-e/pin-project-lite' CARGO_PKG_RUST_VERSION=1.37 CARGO_PKG_VERSION=0.2.16 CARGO_PKG_VERSION_MAJOR=0 CARGO_PKG_VERSION_MINOR=2 CARGO_PKG_VERSION_PATCH=16 CARGO_PKG_VERSION_PRE='' LD_LIBRARY_PATH='/app/target/cpython-strict/build/primp-0.15.0/target/release/deps:/app/target/cpython-strict/host-tools/rustup/toolchains/nightly-2025-01-18-x86_64-unknown-linux-gnu/lib:/opt/kendryte-toolchain/bin/:' /app/target/cpython-strict/host-tools/rustup/toolchains/nightly-2025-01-18-x86_64-unknown-linux-gnu/bin/rustc --crate-name pin_project_lite --edition=2018 /app/target/cpython-strict/host-tools/cargo/registry/src/index.crates.io-1949cf8c6b5b557f/pin-project-lite-0.2.16/src/lib.rs --error-format=json --json=diagnostic-rendered-ansi,artifacts,future-incompat --crate-type lib --emit=dep-info,metadata,link -C opt-level=3 -C panic=abort -C linker-plugin-lto -C codegen-units=1 --warn=unreachable_pub --warn=unexpected_cfgs '--warn=clippy::undocumented_unsafe_blocks' '--warn=clippy::transmute_undefined_repr' '--warn=clippy::trailing_empty_array' --warn=single_use_lifetimes --warn=rust_2018_idioms '--warn=clippy::pedantic' --warn=non_ascii_idents '--warn=clippy::inline_asm_x86_att_syntax' --warn=improper_ctypes_definitions --warn=improper_ctypes --warn=deprecated_safe '--warn=clippy::default_union_representation' '--warn=clippy::as_underscore' '--warn=clippy::as_ptr_cast_mut' '--warn=clippy::all' '--allow=clippy::unreadable_literal' '--allow=clippy::type_complexity' '--allow=clippy::too_many_lines' '--allow=clippy::too_many_arguments' '--allow=clippy::struct_field_names' '--allow=clippy::struct_excessive_bools' '--allow=clippy::single_match_else' '--allow=clippy::single_match' '--allow=clippy::similar_names' '--allow=clippy::range_plus_one' '--allow=clippy::nonminimal_bool' '--allow=clippy::naive_bytecount' '--allow=clippy::module_name_repetitions' '--allow=clippy::missing_errors_doc' '--allow=clippy::manual_range_contains' '--allow=clippy::manual_assert' '--allow=clippy::lint_groups_priority' '--allow=clippy::incompatible_msrv' '--allow=clippy::float_cmp' '--allow=clippy::doc_markdown' '--allow=clippy::declare_interior_mutable_const' '--allow=clippy::cast_lossless' '--allow=clippy::borrow_as_ptr' '--allow=clippy::bool_assert_comparison' --check-cfg 'cfg(docsrs,test)' --check-cfg 'cfg(feature, values())' -C metadata=de9aa65c1a09257c -C extra-filename=-50dcae2c8ff1a98e --out-dir /app/target/cpython-strict/build/primp-0.15.0/target/loongarch64-unknown-linux-musl/release/deps --target loongarch64-unknown-linux-musl -C linker=/app/target/cpython-strict/cross/loongarch64-linux-musl-gcc -C strip=symbols -L dependency=/app/target/cpython-strict/build/primp-0.15.0/target/loongarch64-unknown-linux-musl/release/deps -L dependency=/app/target/cpython-strict/build/primp-0.15.0/target/release/deps --cap-lints warn -C target-feature=-ual -C target-feature=-crt-static`
     Running `CARGO=/app/target/cpython-strict/host-tools/rustup/toolchains/nightly-2025-01-18-x86_64-unknown-linux-gnu/bin/cargo CARGO_CFG_FEATURE='' CARGO_CFG_FMT_DEBUG=full CARGO_CFG_OVERFLOW_CHECKS='' CARGO_CFG_PANIC=unwind CARGO_CFG_RELOCATION_MODEL=pic CARGO_CFG_TARGET_ABI='' CARGO_CFG_TARGET_ARCH=loongarch64 CARGO_CFG_TARGET_ENDIAN=little CARGO_CFG_TARGET_ENV=musl CARGO_CFG_TARGET_FAMILY=unix CARGO_CFG_TARGET_FEATURE=d,f,lsx CARGO_CFG_TARGET_HAS_ATOMIC=16,32,64,8,ptr CARGO_CFG_TARGET_HAS_ATOMIC_EQUAL_ALIGNMENT=16,32,64,8,ptr CARGO_CFG_TARGET_HAS_ATOMIC_LOAD_STORE=16,32,64,8,ptr CARGO_CFG_TARGET_OS=linux CARGO_CFG_TARGET_POINTER_WIDTH=64 CARGO_CFG_TARGET_THREAD_LOCAL='' CARGO_CFG_TARGET_VENDOR=unknown CARGO_CFG_UB_CHECKS='' CARGO_CFG_UNIX='' CARGO_ENCODED_RUSTFLAGS='-Ctarget-feature=-ual-Ctarget-feature=-crt-static' CARGO_MANIFEST_DIR=/app/target/cpython-strict/host-tools/cargo/registry/src/index.crates.io-1949cf8c6b5b557f/parking_lot_core-0.9.10 CARGO_MANIFEST_PATH=/app/target/cpython-strict/host-tools/cargo/registry/src/index.crates.io-1949cf8c6b5b557f/parking_lot_core-0.9.10/Cargo.toml CARGO_PKG_AUTHORS='Amanieu d'\''Antras <amanieu@gmail.com>' CARGO_PKG_DESCRIPTION='An advanced API for creating custom synchronization primitives.' CARGO_PKG_HOMEPAGE='' CARGO_PKG_LICENSE='MIT OR Apache-2.0' CARGO_PKG_LICENSE_FILE='' CARGO_PKG_NAME=parking_lot_core CARGO_PKG_README='' CARGO_PKG_REPOSITORY='https://github.com/Amanieu/parking_lot' CARGO_PKG_RUST_VERSION=1.56.0 CARGO_PKG_VERSION=0.9.10 CARGO_PKG_VERSION_MAJOR=0 CARGO_PKG_VERSION_MINOR=9 CARGO_PKG_VERSION_PATCH=10 CARGO_PKG_VERSION_PRE='' DEBUG=false HOST=x86_64-unknown-linux-gnu LD_LIBRARY_PATH='/app/target/cpython-strict/build/primp-0.15.0/target/release/deps:/app/target/cpython-strict/build/primp-0.15.0/target/release:/app/target/cpython-strict/host-tools/rustup/toolchains/nightly-2025-01-18-x86_64-unknown-linux-gnu/lib/rustlib/x86_64-unknown-linux-gnu/lib:/app/target/cpython-strict/host-tools/rustup/toolchains/nightly-2025-01-18-x86_64-unknown-linux-gnu/lib:/opt/kendryte-toolchain/bin/:' NUM_JOBS=10 OPT_LEVEL=3 OUT_DIR=/app/target/cpython-strict/build/primp-0.15.0/target/loongarch64-unknown-linux-musl/release/build/parking_lot_core-a8ba19e910f53cef/out PROFILE=release RUSTC=/app/target/cpython-strict/host-tools/rustup/toolchains/nightly-2025-01-18-x86_64-unknown-linux-gnu/bin/rustc RUSTC_LINKER=/app/target/cpython-strict/cross/loongarch64-linux-musl-gcc RUSTDOC=/app/target/cpython-strict/host-tools/rustup/toolchains/nightly-2025-01-18-x86_64-unknown-linux-gnu/bin/rustdoc TARGET=loongarch64-unknown-linux-musl /app/target/cpython-strict/build/primp-0.15.0/target/release/build/parking_lot_core-3380b1757d1b584a/build-script-build`
     Running `CARGO=/app/target/cpython-strict/host-tools/rustup/toolchains/nightly-2025-01-18-x86_64-unknown-linux-gnu/bin/cargo CARGO_CFG_FEATURE=default,proc-macro CARGO_CFG_FMT_DEBUG=full CARGO_CFG_OVERFLOW_CHECKS='' CARGO_CFG_PANIC=unwind CARGO_CFG_RELOCATION_MODEL=pic CARGO_CFG_TARGET_ABI='' CARGO_CFG_TARGET_ARCH=x86_64 CARGO_CFG_TARGET_ENDIAN=little CARGO_CFG_TARGET_ENV=gnu CARGO_CFG_TARGET_FAMILY=unix CARGO_CFG_TARGET_FEATURE=fxsr,sse,sse2,x87 CARGO_CFG_TARGET_HAS_ATOMIC=16,32,64,8,ptr CARGO_CFG_TARGET_HAS_ATOMIC_EQUAL_ALIGNMENT=16,32,64,8,ptr CARGO_CFG_TARGET_HAS_ATOMIC_LOAD_STORE=16,32,64,8,ptr CARGO_CFG_TARGET_OS=linux CARGO_CFG_TARGET_POINTER_WIDTH=64 CARGO_CFG_TARGET_THREAD_LOCAL='' CARGO_CFG_TARGET_VENDOR=unknown CARGO_CFG_UB_CHECKS='' CARGO_CFG_UNIX='' CARGO_ENCODED_RUSTFLAGS='' CARGO_FEATURE_DEFAULT=1 CARGO_FEATURE_PROC_MACRO=1 CARGO_MANIFEST_DIR=/app/target/cpython-strict/host-tools/cargo/registry/src/index.crates.io-1949cf8c6b5b557f/proc-macro2-1.0.95 CARGO_MANIFEST_PATH=/app/target/cpython-strict/host-tools/cargo/registry/src/index.crates.io-1949cf8c6b5b557f/proc-macro2-1.0.95/Cargo.toml CARGO_PKG_AUTHORS='David Tolnay <dtolnay@gmail.com>:Alex Crichton <alex@alexcrichton.com>' CARGO_PKG_DESCRIPTION='A substitute implementation of the compiler'\''s `proc_macro` API to decouple token-based libraries from the procedural macro use case.' CARGO_PKG_HOMEPAGE='' CARGO_PKG_LICENSE='MIT OR Apache-2.0' CARGO_PKG_LICENSE_FILE='' CARGO_PKG_NAME=proc-macro2 CARGO_PKG_README=README.md CARGO_PKG_REPOSITORY='https://github.com/dtolnay/proc-macro2' CARGO_PKG_RUST_VERSION=1.56 CARGO_PKG_VERSION=1.0.95 CARGO_PKG_VERSION_MAJOR=1 CARGO_PKG_VERSION_MINOR=0 CARGO_PKG_VERSION_PATCH=95 CARGO_PKG_VERSION_PRE='' DEBUG=false HOST=x86_64-unknown-linux-gnu LD_LIBRARY_PATH='/app/target/cpython-strict/build/primp-0.15.0/target/release/deps:/app/target/cpython-strict/build/primp-0.15.0/target/release:/app/target/cpython-strict/host-tools/rustup/toolchains/nightly-2025-01-18-x86_64-unknown-linux-gnu/lib/rustlib/x86_64-unknown-linux-gnu/lib:/app/target/cpython-strict/host-tools/rustup/toolchains/nightly-2025-01-18-x86_64-unknown-linux-gnu/lib:/opt/kendryte-toolchain/bin/:' NUM_JOBS=10 OPT_LEVEL=0 OUT_DIR=/app/target/cpython-strict/build/primp-0.15.0/target/release/build/proc-macro2-9dae14ab9fec49e8/out PROFILE=release RUSTC=/app/target/cpython-strict/host-tools/rustup/toolchains/nightly-2025-01-18-x86_64-unknown-linux-gnu/bin/rustc RUSTDOC=/app/target/cpython-strict/host-tools/rustup/toolchains/nightly-2025-01-18-x86_64-unknown-linux-gnu/bin/rustdoc TARGET=x86_64-unknown-linux-gnu /app/target/cpython-strict/build/primp-0.15.0/target/release/build/proc-macro2-e0e34f3cca86c54a/build-script-build`
     Running `CARGO=/app/target/cpython-strict/host-tools/rustup/toolchains/nightly-2025-01-18-x86_64-unknown-linux-gnu/bin/cargo CARGO_CFG_FEATURE=default,derive,serde_derive,std CARGO_CFG_FMT_DEBUG=full CARGO_CFG_OVERFLOW_CHECKS='' CARGO_CFG_PANIC=unwind CARGO_CFG_RELOCATION_MODEL=pic CARGO_CFG_TARGET_ABI='' CARGO_CFG_TARGET_ARCH=loongarch64 CARGO_CFG_TARGET_ENDIAN=little CARGO_CFG_TARGET_ENV=musl CARGO_CFG_TARGET_FAMILY=unix CARGO_CFG_TARGET_FEATURE=d,f,lsx CARGO_CFG_TARGET_HAS_ATOMIC=16,32,64,8,ptr CARGO_CFG_TARGET_HAS_ATOMIC_EQUAL_ALIGNMENT=16,32,64,8,ptr CARGO_CFG_TARGET_HAS_ATOMIC_LOAD_STORE=16,32,64,8,ptr CARGO_CFG_TARGET_OS=linux CARGO_CFG_TARGET_POINTER_WIDTH=64 CARGO_CFG_TARGET_THREAD_LOCAL='' CARGO_CFG_TARGET_VENDOR=unknown CARGO_CFG_UB_CHECKS='' CARGO_CFG_UNIX='' CARGO_ENCODED_RUSTFLAGS='-Ctarget-feature=-ual-Ctarget-feature=-crt-static' CARGO_FEATURE_DEFAULT=1 CARGO_FEATURE_DERIVE=1 CARGO_FEATURE_SERDE_DERIVE=1 CARGO_FEATURE_STD=1 CARGO_MANIFEST_DIR=/app/target/cpython-strict/host-tools/cargo/registry/src/index.crates.io-1949cf8c6b5b557f/serde-1.0.219 CARGO_MANIFEST_PATH=/app/target/cpython-strict/host-tools/cargo/registry/src/index.crates.io-1949cf8c6b5b557f/serde-1.0.219/Cargo.toml CARGO_PKG_AUTHORS='Erick Tryzelaar <erick.tryzelaar@gmail.com>:David Tolnay <dtolnay@gmail.com>' CARGO_PKG_DESCRIPTION='A generic serialization/deserialization framework' CARGO_PKG_HOMEPAGE='https://serde.rs' CARGO_PKG_LICENSE='MIT OR Apache-2.0' CARGO_PKG_LICENSE_FILE='' CARGO_PKG_NAME=serde CARGO_PKG_README=crates-io.md CARGO_PKG_REPOSITORY='https://github.com/serde-rs/serde' CARGO_PKG_RUST_VERSION=1.31 CARGO_PKG_VERSION=1.0.219 CARGO_PKG_VERSION_MAJOR=1 CARGO_PKG_VERSION_MINOR=0 CARGO_PKG_VERSION_PATCH=219 CARGO_PKG_VERSION_PRE='' DEBUG=false HOST=x86_64-unknown-linux-gnu LD_LIBRARY_PATH='/app/target/cpython-strict/build/primp-0.15.0/target/release/deps:/app/target/cpython-strict/build/primp-0.15.0/target/release:/app/target/cpython-strict/host-tools/rustup/toolchains/nightly-2025-01-18-x86_64-unknown-linux-gnu/lib/rustlib/x86_64-unknown-linux-gnu/lib:/app/target/cpython-strict/host-tools/rustup/toolchains/nightly-2025-01-18-x86_64-unknown-linux-gnu/lib:/opt/kendryte-toolchain/bin/:' NUM_JOBS=10 OPT_LEVEL=3 OUT_DIR=/app/target/cpython-strict/build/primp-0.15.0/target/loongarch64-unknown-linux-musl/release/build/serde-0bea009fb155c3ef/out PROFILE=release RUSTC=/app/target/cpython-strict/host-tools/rustup/toolchains/nightly-2025-01-18-x86_64-unknown-linux-gnu/bin/rustc RUSTC_LINKER=/app/target/cpython-strict/cross/loongarch64-linux-musl-gcc RUSTDOC=/app/target/cpython-strict/host-tools/rustup/toolchains/nightly-2025-01-18-x86_64-unknown-linux-gnu/bin/rustdoc TARGET=loongarch64-unknown-linux-musl /app/target/cpython-strict/build/primp-0.15.0/target/release/build/serde-332c339208ba974f/build-script-build`
   Compiling bytes v1.10.1
     Running `CARGO=/app/target/cpython-strict/host-tools/rustup/toolchains/nightly-2025-01-18-x86_64-unknown-linux-gnu/bin/cargo CARGO_CRATE_NAME=bytes CARGO_MANIFEST_DIR=/app/target/cpython-strict/host-tools/cargo/registry/src/index.crates.io-1949cf8c6b5b557f/bytes-1.10.1 CARGO_MANIFEST_PATH=/app/target/cpython-strict/host-tools/cargo/registry/src/index.crates.io-1949cf8c6b5b557f/bytes-1.10.1/Cargo.toml CARGO_PKG_AUTHORS='Carl Lerche <me@carllerche.com>:Sean McArthur <sean@seanmonstar.com>' CARGO_PKG_DESCRIPTION='Types and traits for working with bytes' CARGO_PKG_HOMEPAGE='' CARGO_PKG_LICENSE=MIT CARGO_PKG_LICENSE_FILE='' CARGO_PKG_NAME=bytes CARGO_PKG_README=README.md CARGO_PKG_REPOSITORY='https://github.com/tokio-rs/bytes' CARGO_PKG_RUST_VERSION=1.39 CARGO_PKG_VERSION=1.10.1 CARGO_PKG_VERSION_MAJOR=1 CARGO_PKG_VERSION_MINOR=10 CARGO_PKG_VERSION_PATCH=1 CARGO_PKG_VERSION_PRE='' LD_LIBRARY_PATH='/app/target/cpython-strict/build/primp-0.15.0/target/release/deps:/app/target/cpython-strict/host-tools/rustup/toolchains/nightly-2025-01-18-x86_64-unknown-linux-gnu/lib:/opt/kendryte-toolchain/bin/:' /app/target/cpython-strict/host-tools/rustup/toolchains/nightly-2025-01-18-x86_64-unknown-linux-gnu/bin/rustc --crate-name bytes --edition=2018 /app/target/cpython-strict/host-tools/cargo/registry/src/index.crates.io-1949cf8c6b5b557f/bytes-1.10.1/src/lib.rs --error-format=json --json=diagnostic-rendered-ansi,artifacts,future-incompat --crate-type lib --emit=dep-info,metadata,link -C opt-level=3 -C panic=abort -C linker-plugin-lto -C codegen-units=1 --warn=unexpected_cfgs --check-cfg 'cfg(loom)' --cfg 'feature="default"' --cfg 'feature="std"' --check-cfg 'cfg(docsrs,test)' --check-cfg 'cfg(feature, values("default", "extra-platforms", "serde", "std"))' -C metadata=6a1a3ba51ac3ff55 -C extra-filename=-1ddf7578ed688089 --out-dir /app/target/cpython-strict/build/primp-0.15.0/target/loongarch64-unknown-linux-musl/release/deps --target loongarch64-unknown-linux-musl -C linker=/app/target/cpython-strict/cross/loongarch64-linux-musl-gcc -C strip=symbols -L dependency=/app/target/cpython-strict/build/primp-0.15.0/target/loongarch64-unknown-linux-musl/release/deps -L dependency=/app/target/cpython-strict/build/primp-0.15.0/target/release/deps --cap-lints warn -C target-feature=-ual -C target-feature=-crt-static`
     Running `CARGO=/app/target/cpython-strict/host-tools/rustup/toolchains/nightly-2025-01-18-x86_64-unknown-linux-gnu/bin/cargo CARGO_CFG_FEATURE=default,std CARGO_CFG_FMT_DEBUG=full CARGO_CFG_OVERFLOW_CHECKS='' CARGO_CFG_PANIC=unwind CARGO_CFG_RELOCATION_MODEL=pic CARGO_CFG_TARGET_ABI='' CARGO_CFG_TARGET_ARCH=loongarch64 CARGO_CFG_TARGET_ENDIAN=little CARGO_CFG_TARGET_ENV=musl CARGO_CFG_TARGET_FAMILY=unix CARGO_CFG_TARGET_FEATURE=d,f,lsx CARGO_CFG_TARGET_HAS_ATOMIC=16,32,64,8,ptr CARGO_CFG_TARGET_HAS_ATOMIC_EQUAL_ALIGNMENT=16,32,64,8,ptr CARGO_CFG_TARGET_HAS_ATOMIC_LOAD_STORE=16,32,64,8,ptr CARGO_CFG_TARGET_OS=linux CARGO_CFG_TARGET_POINTER_WIDTH=64 CARGO_CFG_TARGET_THREAD_LOCAL='' CARGO_CFG_TARGET_VENDOR=unknown CARGO_CFG_UB_CHECKS='' CARGO_CFG_UNIX='' CARGO_ENCODED_RUSTFLAGS='-Ctarget-feature=-ual-Ctarget-feature=-crt-static' CARGO_FEATURE_DEFAULT=1 CARGO_FEATURE_STD=1 CARGO_MANIFEST_DIR=/app/target/cpython-strict/host-tools/cargo/registry/src/index.crates.io-1949cf8c6b5b557f/libc-0.2.172 CARGO_MANIFEST_PATH=/app/target/cpython-strict/host-tools/cargo/registry/src/index.crates.io-1949cf8c6b5b557f/libc-0.2.172/Cargo.toml CARGO_PKG_AUTHORS='The Rust Project Developers' CARGO_PKG_DESCRIPTION='Raw FFI bindings to platform libraries like libc.
' CARGO_PKG_HOMEPAGE='https://github.com/rust-lang/libc' CARGO_PKG_LICENSE='MIT OR Apache-2.0' CARGO_PKG_LICENSE_FILE='' CARGO_PKG_NAME=libc CARGO_PKG_README=README.md CARGO_PKG_REPOSITORY='https://github.com/rust-lang/libc' CARGO_PKG_RUST_VERSION=1.63 CARGO_PKG_VERSION=0.2.172 CARGO_PKG_VERSION_MAJOR=0 CARGO_PKG_VERSION_MINOR=2 CARGO_PKG_VERSION_PATCH=172 CARGO_PKG_VERSION_PRE='' DEBUG=false HOST=x86_64-unknown-linux-gnu LD_LIBRARY_PATH='/app/target/cpython-strict/build/primp-0.15.0/target/release/deps:/app/target/cpython-strict/build/primp-0.15.0/target/release:/app/target/cpython-strict/host-tools/rustup/toolchains/nightly-2025-01-18-x86_64-unknown-linux-gnu/lib/rustlib/x86_64-unknown-linux-gnu/lib:/app/target/cpython-strict/host-tools/rustup/toolchains/nightly-2025-01-18-x86_64-unknown-linux-gnu/lib:/opt/kendryte-toolchain/bin/:' NUM_JOBS=10 OPT_LEVEL=3 OUT_DIR=/app/target/cpython-strict/build/primp-0.15.0/target/loongarch64-unknown-linux-musl/release/build/libc-1bef8d93fc732e16/out PROFILE=release RUSTC=/app/target/cpython-strict/host-tools/rustup/toolchains/nightly-2025-01-18-x86_64-unknown-linux-gnu/bin/rustc RUSTC_LINKER=/app/target/cpython-strict/cross/loongarch64-linux-musl-gcc RUSTDOC=/app/target/cpython-strict/host-tools/rustup/toolchains/nightly-2025-01-18-x86_64-unknown-linux-gnu/bin/rustdoc TARGET=loongarch64-unknown-linux-musl /app/target/cpython-strict/build/primp-0.15.0/target/release/build/libc-e0b9a58b7cec2441/build-script-build`
     Running `CARGO=/app/target/cpython-strict/host-tools/rustup/toolchains/nightly-2025-01-18-x86_64-unknown-linux-gnu/bin/cargo CARGO_CFG_FEATURE=default,std CARGO_CFG_FMT_DEBUG=full CARGO_CFG_OVERFLOW_CHECKS='' CARGO_CFG_PANIC=unwind CARGO_CFG_RELOCATION_MODEL=pic CARGO_CFG_TARGET_ABI='' CARGO_CFG_TARGET_ARCH=x86_64 CARGO_CFG_TARGET_ENDIAN=little CARGO_CFG_TARGET_ENV=gnu CARGO_CFG_TARGET_FAMILY=unix CARGO_CFG_TARGET_FEATURE=fxsr,sse,sse2,x87 CARGO_CFG_TARGET_HAS_ATOMIC=16,32,64,8,ptr CARGO_CFG_TARGET_HAS_ATOMIC_EQUAL_ALIGNMENT=16,32,64,8,ptr CARGO_CFG_TARGET_HAS_ATOMIC_LOAD_STORE=16,32,64,8,ptr CARGO_CFG_TARGET_OS=linux CARGO_CFG_TARGET_POINTER_WIDTH=64 CARGO_CFG_TARGET_THREAD_LOCAL='' CARGO_CFG_TARGET_VENDOR=unknown CARGO_CFG_UB_CHECKS='' CARGO_CFG_UNIX='' CARGO_ENCODED_RUSTFLAGS='' CARGO_FEATURE_DEFAULT=1 CARGO_FEATURE_STD=1 CARGO_MANIFEST_DIR=/app/target/cpython-strict/host-tools/cargo/registry/src/index.crates.io-1949cf8c6b5b557f/libc-0.2.172 CARGO_MANIFEST_PATH=/app/target/cpython-strict/host-tools/cargo/registry/src/index.crates.io-1949cf8c6b5b557f/libc-0.2.172/Cargo.toml CARGO_PKG_AUTHORS='The Rust Project Developers' CARGO_PKG_DESCRIPTION='Raw FFI bindings to platform libraries like libc.
' CARGO_PKG_HOMEPAGE='https://github.com/rust-lang/libc' CARGO_PKG_LICENSE='MIT OR Apache-2.0' CARGO_PKG_LICENSE_FILE='' CARGO_PKG_NAME=libc CARGO_PKG_README=README.md CARGO_PKG_REPOSITORY='https://github.com/rust-lang/libc' CARGO_PKG_RUST_VERSION=1.63 CARGO_PKG_VERSION=0.2.172 CARGO_PKG_VERSION_MAJOR=0 CARGO_PKG_VERSION_MINOR=2 CARGO_PKG_VERSION_PATCH=172 CARGO_PKG_VERSION_PRE='' DEBUG=false HOST=x86_64-unknown-linux-gnu LD_LIBRARY_PATH='/app/target/cpython-strict/build/primp-0.15.0/target/release/deps:/app/target/cpython-strict/build/primp-0.15.0/target/release:/app/target/cpython-strict/host-tools/rustup/toolchains/nightly-2025-01-18-x86_64-unknown-linux-gnu/lib/rustlib/x86_64-unknown-linux-gnu/lib:/app/target/cpython-strict/host-tools/rustup/toolchains/nightly-2025-01-18-x86_64-unknown-linux-gnu/lib:/opt/kendryte-toolchain/bin/:' NUM_JOBS=10 OPT_LEVEL=0 OUT_DIR=/app/target/cpython-strict/build/primp-0.15.0/target/release/build/libc-e40a186dde01d76d/out PROFILE=release RUSTC=/app/target/cpython-strict/host-tools/rustup/toolchains/nightly-2025-01-18-x86_64-unknown-linux-gnu/bin/rustc RUSTDOC=/app/target/cpython-strict/host-tools/rustup/toolchains/nightly-2025-01-18-x86_64-unknown-linux-gnu/bin/rustdoc TARGET=x86_64-unknown-linux-gnu /app/target/cpython-strict/build/primp-0.15.0/target/release/build/libc-e0b9a58b7cec2441/build-script-build`
   Compiling lock_api v0.4.12
     Running `CARGO=/app/target/cpython-strict/host-tools/rustup/toolchains/nightly-2025-01-18-x86_64-unknown-linux-gnu/bin/cargo CARGO_CRATE_NAME=build_script_build CARGO_MANIFEST_DIR=/app/target/cpython-strict/host-tools/cargo/registry/src/index.crates.io-1949cf8c6b5b557f/lock_api-0.4.12 CARGO_MANIFEST_PATH=/app/target/cpython-strict/host-tools/cargo/registry/src/index.crates.io-1949cf8c6b5b557f/lock_api-0.4.12/Cargo.toml CARGO_PKG_AUTHORS='Amanieu d'\''Antras <amanieu@gmail.com>' CARGO_PKG_DESCRIPTION='Wrappers to create fully-featured Mutex and RwLock types. Compatible with no_std.' CARGO_PKG_HOMEPAGE='' CARGO_PKG_LICENSE='MIT OR Apache-2.0' CARGO_PKG_LICENSE_FILE='' CARGO_PKG_NAME=lock_api CARGO_PKG_README='' CARGO_PKG_REPOSITORY='https://github.com/Amanieu/parking_lot' CARGO_PKG_RUST_VERSION=1.56.0 CARGO_PKG_VERSION=0.4.12 CARGO_PKG_VERSION_MAJOR=0 CARGO_PKG_VERSION_MINOR=4 CARGO_PKG_VERSION_PATCH=12 CARGO_PKG_VERSION_PRE='' LD_LIBRARY_PATH='/app/target/cpython-strict/build/primp-0.15.0/target/release/deps:/app/target/cpython-strict/host-tools/rustup/toolchains/nightly-2025-01-18-x86_64-unknown-linux-gnu/lib:/opt/kendryte-toolchain/bin/:' /app/target/cpython-strict/host-tools/rustup/toolchains/nightly-2025-01-18-x86_64-unknown-linux-gnu/bin/rustc --crate-name build_script_build --edition=2021 /app/target/cpython-strict/host-tools/cargo/registry/src/index.crates.io-1949cf8c6b5b557f/lock_api-0.4.12/build.rs --error-format=json --json=diagnostic-rendered-ansi,artifacts,future-incompat --crate-type bin --emit=dep-info,link -C embed-bitcode=no -C debug-assertions=off --cfg 'feature="atomic_usize"' --cfg 'feature="default"' --check-cfg 'cfg(docsrs,test)' --check-cfg 'cfg(feature, values("arc_lock", "atomic_usize", "default", "nightly", "owning_ref", "serde"))' -C metadata=a5275b14721d0308 -C extra-filename=-0152df609ee76a87 --out-dir /app/target/cpython-strict/build/primp-0.15.0/target/release/build/lock_api-0152df609ee76a87 -C strip=symbols -L dependency=/app/target/cpython-strict/build/primp-0.15.0/target/release/deps --extern autocfg=/app/target/cpython-strict/build/primp-0.15.0/target/release/deps/libautocfg-918a7c8fc0d04dc5.rlib --cap-lints warn`
     Running `CARGO=/app/target/cpython-strict/host-tools/rustup/toolchains/nightly-2025-01-18-x86_64-unknown-linux-gnu/bin/cargo CARGO_CRATE_NAME=libc CARGO_MANIFEST_DIR=/app/target/cpython-strict/host-tools/cargo/registry/src/index.crates.io-1949cf8c6b5b557f/libc-0.2.172 CARGO_MANIFEST_PATH=/app/target/cpython-strict/host-tools/cargo/registry/src/index.crates.io-1949cf8c6b5b557f/libc-0.2.172/Cargo.toml CARGO_PKG_AUTHORS='The Rust Project Developers' CARGO_PKG_DESCRIPTION='Raw FFI bindings to platform libraries like libc.
' CARGO_PKG_HOMEPAGE='https://github.com/rust-lang/libc' CARGO_PKG_LICENSE='MIT OR Apache-2.0' CARGO_PKG_LICENSE_FILE='' CARGO_PKG_NAME=libc CARGO_PKG_README=README.md CARGO_PKG_REPOSITORY='https://github.com/rust-lang/libc' CARGO_PKG_RUST_VERSION=1.63 CARGO_PKG_VERSION=0.2.172 CARGO_PKG_VERSION_MAJOR=0 CARGO_PKG_VERSION_MINOR=2 CARGO_PKG_VERSION_PATCH=172 CARGO_PKG_VERSION_PRE='' LD_LIBRARY_PATH='/app/target/cpython-strict/build/primp-0.15.0/target/release/deps:/app/target/cpython-strict/host-tools/rustup/toolchains/nightly-2025-01-18-x86_64-unknown-linux-gnu/lib:/opt/kendryte-toolchain/bin/:' OUT_DIR=/app/target/cpython-strict/build/primp-0.15.0/target/loongarch64-unknown-linux-musl/release/build/libc-1bef8d93fc732e16/out /app/target/cpython-strict/host-tools/rustup/toolchains/nightly-2025-01-18-x86_64-unknown-linux-gnu/bin/rustc --crate-name libc --edition=2021 /app/target/cpython-strict/host-tools/cargo/registry/src/index.crates.io-1949cf8c6b5b557f/libc-0.2.172/src/lib.rs --error-format=json --json=diagnostic-rendered-ansi,artifacts,future-incompat --crate-type lib --emit=dep-info,metadata,link -C opt-level=3 -C panic=abort -C linker-plugin-lto -C codegen-units=1 --cfg 'feature="default"' --cfg 'feature="std"' --check-cfg 'cfg(docsrs,test)' --check-cfg 'cfg(feature, values("align", "const-extern-fn", "default", "extra_traits", "rustc-dep-of-std", "rustc-std-workspace-core", "std", "use_std"))' -C metadata=fc8ab618d7720c29 -C extra-filename=-528e33ec45ba290f --out-dir /app/target/cpython-strict/build/primp-0.15.0/target/loongarch64-unknown-linux-musl/release/deps --target loongarch64-unknown-linux-musl -C linker=/app/target/cpython-strict/cross/loongarch64-linux-musl-gcc -C strip=symbols -L dependency=/app/target/cpython-strict/build/primp-0.15.0/target/loongarch64-unknown-linux-musl/release/deps -L dependency=/app/target/cpython-strict/build/primp-0.15.0/target/release/deps --cap-lints warn -C target-feature=-ual -C target-feature=-crt-static --cfg freebsd11 --cfg libc_const_extern_fn --check-cfg 'cfg(emscripten_old_stat_abi)' --check-cfg 'cfg(espidf_time32)' --check-cfg 'cfg(freebsd10)' --check-cfg 'cfg(freebsd11)' --check-cfg 'cfg(freebsd12)' --check-cfg 'cfg(freebsd13)' --check-cfg 'cfg(freebsd14)' --check-cfg 'cfg(freebsd15)' --check-cfg 'cfg(gnu_file_offset_bits64)' --check-cfg 'cfg(libc_const_extern_fn)' --check-cfg 'cfg(libc_deny_warnings)' --check-cfg 'cfg(libc_thread_local)' --check-cfg 'cfg(libc_ctest)' --check-cfg 'cfg(linux_time_bits64)' --check-cfg 'cfg(target_os,values("switch","aix","ohos","hurd","rtems","visionos","nuttx","cygwin"))' --check-cfg 'cfg(target_env,values("illumos","wasi","aix","ohos","nto71_iosock","nto80"))' --check-cfg 'cfg(target_arch,values("loongarch64","mips32r6","mips64r6","csky"))'`
warning: `smallvec` (lib) generated 1 warning (1 duplicate)
   Compiling writeable v0.5.5
     Running `CARGO=/app/target/cpython-strict/host-tools/rustup/toolchains/nightly-2025-01-18-x86_64-unknown-linux-gnu/bin/cargo CARGO_CRATE_NAME=writeable CARGO_MANIFEST_DIR=/app/target/cpython-strict/host-tools/cargo/registry/src/index.crates.io-1949cf8c6b5b557f/writeable-0.5.5 CARGO_MANIFEST_PATH=/app/target/cpython-strict/host-tools/cargo/registry/src/index.crates.io-1949cf8c6b5b557f/writeable-0.5.5/Cargo.toml CARGO_PKG_AUTHORS='The ICU4X Project Developers' CARGO_PKG_DESCRIPTION='A more efficient alternative to fmt::Display' CARGO_PKG_HOMEPAGE='' CARGO_PKG_LICENSE=Unicode-3.0 CARGO_PKG_LICENSE_FILE='' CARGO_PKG_NAME=writeable CARGO_PKG_README=README.md CARGO_PKG_REPOSITORY='https://github.com/unicode-org/icu4x' CARGO_PKG_RUST_VERSION=1.67 CARGO_PKG_VERSION=0.5.5 CARGO_PKG_VERSION_MAJOR=0 CARGO_PKG_VERSION_MINOR=5 CARGO_PKG_VERSION_PATCH=5 CARGO_PKG_VERSION_PRE='' LD_LIBRARY_PATH='/app/target/cpython-strict/build/primp-0.15.0/target/release/deps:/app/target/cpython-strict/host-tools/rustup/toolchains/nightly-2025-01-18-x86_64-unknown-linux-gnu/lib:/opt/kendryte-toolchain/bin/:' /app/target/cpython-strict/host-tools/rustup/toolchains/nightly-2025-01-18-x86_64-unknown-linux-gnu/bin/rustc --crate-name writeable --edition=2021 /app/target/cpython-strict/host-tools/cargo/registry/src/index.crates.io-1949cf8c6b5b557f/writeable-0.5.5/src/lib.rs --error-format=json --json=diagnostic-rendered-ansi,artifacts,future-incompat --crate-type lib --emit=dep-info,metadata,link -C opt-level=3 -C panic=abort -C linker-plugin-lto -C codegen-units=1 --check-cfg 'cfg(docsrs,test)' --check-cfg 'cfg(feature, values("bench", "either"))' -C metadata=ec3d98172cc96056 -C extra-filename=-faafe5d3af746b37 --out-dir /app/target/cpython-strict/build/primp-0.15.0/target/loongarch64-unknown-linux-musl/release/deps --target loongarch64-unknown-linux-musl -C linker=/app/target/cpython-strict/cross/loongarch64-linux-musl-gcc -C strip=symbols -L dependency=/app/target/cpython-strict/build/primp-0.15.0/target/loongarch64-unknown-linux-musl/release/deps -L dependency=/app/target/cpython-strict/build/primp-0.15.0/target/release/deps --cap-lints warn -C target-feature=-ual -C target-feature=-crt-static`
     Running `CARGO=/app/target/cpython-strict/host-tools/rustup/toolchains/nightly-2025-01-18-x86_64-unknown-linux-gnu/bin/cargo CARGO_CRATE_NAME=libc CARGO_MANIFEST_DIR=/app/target/cpython-strict/host-tools/cargo/registry/src/index.crates.io-1949cf8c6b5b557f/libc-0.2.172 CARGO_MANIFEST_PATH=/app/target/cpython-strict/host-tools/cargo/registry/src/index.crates.io-1949cf8c6b5b557f/libc-0.2.172/Cargo.toml CARGO_PKG_AUTHORS='The Rust Project Developers' CARGO_PKG_DESCRIPTION='Raw FFI bindings to platform libraries like libc.
' CARGO_PKG_HOMEPAGE='https://github.com/rust-lang/libc' CARGO_PKG_LICENSE='MIT OR Apache-2.0' CARGO_PKG_LICENSE_FILE='' CARGO_PKG_NAME=libc CARGO_PKG_README=README.md CARGO_PKG_REPOSITORY='https://github.com/rust-lang/libc' CARGO_PKG_RUST_VERSION=1.63 CARGO_PKG_VERSION=0.2.172 CARGO_PKG_VERSION_MAJOR=0 CARGO_PKG_VERSION_MINOR=2 CARGO_PKG_VERSION_PATCH=172 CARGO_PKG_VERSION_PRE='' LD_LIBRARY_PATH='/app/target/cpython-strict/build/primp-0.15.0/target/release/deps:/app/target/cpython-strict/host-tools/rustup/toolchains/nightly-2025-01-18-x86_64-unknown-linux-gnu/lib:/opt/kendryte-toolchain/bin/:' OUT_DIR=/app/target/cpython-strict/build/primp-0.15.0/target/release/build/libc-e40a186dde01d76d/out /app/target/cpython-strict/host-tools/rustup/toolchains/nightly-2025-01-18-x86_64-unknown-linux-gnu/bin/rustc --crate-name libc --edition=2021 /app/target/cpython-strict/host-tools/cargo/registry/src/index.crates.io-1949cf8c6b5b557f/libc-0.2.172/src/lib.rs --error-format=json --json=diagnostic-rendered-ansi,artifacts,future-incompat --crate-type lib --emit=dep-info,metadata,link -C embed-bitcode=no -C debug-assertions=off --cfg 'feature="default"' --cfg 'feature="std"' --check-cfg 'cfg(docsrs,test)' --check-cfg 'cfg(feature, values("align", "const-extern-fn", "default", "extra_traits", "rustc-dep-of-std", "rustc-std-workspace-core", "std", "use_std"))' -C metadata=3d1159b10c48e2b4 -C extra-filename=-d907941c51b714b7 --out-dir /app/target/cpython-strict/build/primp-0.15.0/target/release/deps -C strip=symbols -L dependency=/app/target/cpython-strict/build/primp-0.15.0/target/release/deps --cap-lints warn --cfg freebsd11 --cfg libc_const_extern_fn --check-cfg 'cfg(emscripten_old_stat_abi)' --check-cfg 'cfg(espidf_time32)' --check-cfg 'cfg(freebsd10)' --check-cfg 'cfg(freebsd11)' --check-cfg 'cfg(freebsd12)' --check-cfg 'cfg(freebsd13)' --check-cfg 'cfg(freebsd14)' --check-cfg 'cfg(freebsd15)' --check-cfg 'cfg(gnu_file_offset_bits64)' --check-cfg 'cfg(libc_const_extern_fn)' --check-cfg 'cfg(libc_deny_warnings)' --check-cfg 'cfg(libc_thread_local)' --check-cfg 'cfg(libc_ctest)' --check-cfg 'cfg(linux_time_bits64)' --check-cfg 'cfg(target_os,values("switch","aix","ohos","hurd","rtems","visionos","nuttx","cygwin"))' --check-cfg 'cfg(target_env,values("illumos","wasi","aix","ohos","nto71_iosock","nto80"))' --check-cfg 'cfg(target_arch,values("loongarch64","mips32r6","mips64r6","csky"))'`
warning: `scopeguard` (lib) generated 1 warning (1 duplicate)
   Compiling glob v0.3.2
     Running `CARGO=/app/target/cpython-strict/host-tools/rustup/toolchains/nightly-2025-01-18-x86_64-unknown-linux-gnu/bin/cargo CARGO_CRATE_NAME=glob CARGO_MANIFEST_DIR=/app/target/cpython-strict/host-tools/cargo/registry/src/index.crates.io-1949cf8c6b5b557f/glob-0.3.2 CARGO_MANIFEST_PATH=/app/target/cpython-strict/host-tools/cargo/registry/src/index.crates.io-1949cf8c6b5b557f/glob-0.3.2/Cargo.toml CARGO_PKG_AUTHORS='The Rust Project Developers' CARGO_PKG_DESCRIPTION='Support for matching file paths against Unix shell style patterns.
' CARGO_PKG_HOMEPAGE='https://github.com/rust-lang/glob' CARGO_PKG_LICENSE='MIT OR Apache-2.0' CARGO_PKG_LICENSE_FILE='' CARGO_PKG_NAME=glob CARGO_PKG_README=README.md CARGO_PKG_REPOSITORY='https://github.com/rust-lang/glob' CARGO_PKG_RUST_VERSION=1.23.0 CARGO_PKG_VERSION=0.3.2 CARGO_PKG_VERSION_MAJOR=0 CARGO_PKG_VERSION_MINOR=3 CARGO_PKG_VERSION_PATCH=2 CARGO_PKG_VERSION_PRE='' LD_LIBRARY_PATH='/app/target/cpython-strict/build/primp-0.15.0/target/release/deps:/app/target/cpython-strict/host-tools/rustup/toolchains/nightly-2025-01-18-x86_64-unknown-linux-gnu/lib:/opt/kendryte-toolchain/bin/:' /app/target/cpython-strict/host-tools/rustup/toolchains/nightly-2025-01-18-x86_64-unknown-linux-gnu/bin/rustc --crate-name glob --edition=2015 /app/target/cpython-strict/host-tools/cargo/registry/src/index.crates.io-1949cf8c6b5b557f/glob-0.3.2/src/lib.rs --error-format=json --json=diagnostic-rendered-ansi,artifacts,future-incompat --crate-type lib --emit=dep-info,metadata,link -C embed-bitcode=no -C debug-assertions=off --check-cfg 'cfg(docsrs,test)' --check-cfg 'cfg(feature, values())' -C metadata=b2e71cbdbaa18439 -C extra-filename=-c9794cebc823a11e --out-dir /app/target/cpython-strict/build/primp-0.15.0/target/release/deps -C strip=symbols -L dependency=/app/target/cpython-strict/build/primp-0.15.0/target/release/deps --cap-lints warn`
warning: `pin-project-lite` (lib) generated 1 warning (1 duplicate)
   Compiling futures-core v0.3.31
     Running `CARGO=/app/target/cpython-strict/host-tools/rustup/toolchains/nightly-2025-01-18-x86_64-unknown-linux-gnu/bin/cargo CARGO_CRATE_NAME=futures_core CARGO_MANIFEST_DIR=/app/target/cpython-strict/host-tools/cargo/registry/src/index.crates.io-1949cf8c6b5b557f/futures-core-0.3.31 CARGO_MANIFEST_PATH=/app/target/cpython-strict/host-tools/cargo/registry/src/index.crates.io-1949cf8c6b5b557f/futures-core-0.3.31/Cargo.toml CARGO_PKG_AUTHORS='' CARGO_PKG_DESCRIPTION='The core traits and types in for the `futures` library.
' CARGO_PKG_HOMEPAGE='https://rust-lang.github.io/futures-rs' CARGO_PKG_LICENSE='MIT OR Apache-2.0' CARGO_PKG_LICENSE_FILE='' CARGO_PKG_NAME=futures-core CARGO_PKG_README=README.md CARGO_PKG_REPOSITORY='https://github.com/rust-lang/futures-rs' CARGO_PKG_RUST_VERSION=1.36 CARGO_PKG_VERSION=0.3.31 CARGO_PKG_VERSION_MAJOR=0 CARGO_PKG_VERSION_MINOR=3 CARGO_PKG_VERSION_PATCH=31 CARGO_PKG_VERSION_PRE='' LD_LIBRARY_PATH='/app/target/cpython-strict/build/primp-0.15.0/target/release/deps:/app/target/cpython-strict/host-tools/rustup/toolchains/nightly-2025-01-18-x86_64-unknown-linux-gnu/lib:/opt/kendryte-toolchain/bin/:' /app/target/cpython-strict/host-tools/rustup/toolchains/nightly-2025-01-18-x86_64-unknown-linux-gnu/bin/rustc --crate-name futures_core --edition=2018 /app/target/cpython-strict/host-tools/cargo/registry/src/index.crates.io-1949cf8c6b5b557f/futures-core-0.3.31/src/lib.rs --error-format=json --json=diagnostic-rendered-ansi,artifacts,future-incompat --crate-type lib --emit=dep-info,metadata,link -C opt-level=3 -C panic=abort -C linker-plugin-lto -C codegen-units=1 --warn=unreachable_pub --warn=unexpected_cfgs --warn=single_use_lifetimes --warn=rust_2018_idioms --warn=missing_debug_implementations --check-cfg 'cfg(futures_sanitizer)' --cfg 'feature="alloc"' --cfg 'feature="default"' --cfg 'feature="std"' --check-cfg 'cfg(docsrs,test)' --check-cfg 'cfg(feature, values("alloc", "cfg-target-has-atomic", "default", "portable-atomic", "std", "unstable"))' -C metadata=9a85408f1d8d69b1 -C extra-filename=-daefa865b4c0a4f1 --out-dir /app/target/cpython-strict/build/primp-0.15.0/target/loongarch64-unknown-linux-musl/release/deps --target loongarch64-unknown-linux-musl -C linker=/app/target/cpython-strict/cross/loongarch64-linux-musl-gcc -C strip=symbols -L dependency=/app/target/cpython-strict/build/primp-0.15.0/target/loongarch64-unknown-linux-musl/release/deps -L dependency=/app/target/cpython-strict/build/primp-0.15.0/target/release/deps --cap-lints warn -C target-feature=-ual -C target-feature=-crt-static`
warning: `target-lexicon` (build script) generated 15 warnings
     Running `CARGO=/app/target/cpython-strict/host-tools/rustup/toolchains/nightly-2025-01-18-x86_64-unknown-linux-gnu/bin/cargo CARGO_CFG_FEATURE=default CARGO_CFG_FMT_DEBUG=full CARGO_CFG_OVERFLOW_CHECKS='' CARGO_CFG_PANIC=unwind CARGO_CFG_RELOCATION_MODEL=pic CARGO_CFG_TARGET_ABI='' CARGO_CFG_TARGET_ARCH=x86_64 CARGO_CFG_TARGET_ENDIAN=little CARGO_CFG_TARGET_ENV=gnu CARGO_CFG_TARGET_FAMILY=unix CARGO_CFG_TARGET_FEATURE=fxsr,sse,sse2,x87 CARGO_CFG_TARGET_HAS_ATOMIC=16,32,64,8,ptr CARGO_CFG_TARGET_HAS_ATOMIC_EQUAL_ALIGNMENT=16,32,64,8,ptr CARGO_CFG_TARGET_HAS_ATOMIC_LOAD_STORE=16,32,64,8,ptr CARGO_CFG_TARGET_OS=linux CARGO_CFG_TARGET_POINTER_WIDTH=64 CARGO_CFG_TARGET_THREAD_LOCAL='' CARGO_CFG_TARGET_VENDOR=unknown CARGO_CFG_UB_CHECKS='' CARGO_CFG_UNIX='' CARGO_ENCODED_RUSTFLAGS='' CARGO_FEATURE_DEFAULT=1 CARGO_MANIFEST_DIR=/app/target/cpython-strict/host-tools/cargo/registry/src/index.crates.io-1949cf8c6b5b557f/target-lexicon-0.13.2 CARGO_MANIFEST_PATH=/app/target/cpython-strict/host-tools/cargo/registry/src/index.crates.io-1949cf8c6b5b557f/target-lexicon-0.13.2/Cargo.toml CARGO_PKG_AUTHORS='Dan Gohman <sunfish@mozilla.com>' CARGO_PKG_DESCRIPTION='LLVM target triple types' CARGO_PKG_HOMEPAGE='' CARGO_PKG_LICENSE='Apache-2.0 WITH LLVM-exception' CARGO_PKG_LICENSE_FILE='' CARGO_PKG_NAME=target-lexicon CARGO_PKG_README=README.md CARGO_PKG_REPOSITORY='https://github.com/bytecodealliance/target-lexicon' CARGO_PKG_RUST_VERSION='' CARGO_PKG_VERSION=0.13.2 CARGO_PKG_VERSION_MAJOR=0 CARGO_PKG_VERSION_MINOR=13 CARGO_PKG_VERSION_PATCH=2 CARGO_PKG_VERSION_PRE='' DEBUG=false HOST=x86_64-unknown-linux-gnu LD_LIBRARY_PATH='/app/target/cpython-strict/build/primp-0.15.0/target/release/deps:/app/target/cpython-strict/build/primp-0.15.0/target/release:/app/target/cpython-strict/host-tools/rustup/toolchains/nightly-2025-01-18-x86_64-unknown-linux-gnu/lib/rustlib/x86_64-unknown-linux-gnu/lib:/app/target/cpython-strict/host-tools/rustup/toolchains/nightly-2025-01-18-x86_64-unknown-linux-gnu/lib:/opt/kendryte-toolchain/bin/:' NUM_JOBS=10 OPT_LEVEL=0 OUT_DIR=/app/target/cpython-strict/build/primp-0.15.0/target/release/build/target-lexicon-676a3a884bd3d9b7/out PROFILE=release RUSTC=/app/target/cpython-strict/host-tools/rustup/toolchains/nightly-2025-01-18-x86_64-unknown-linux-gnu/bin/rustc RUSTDOC=/app/target/cpython-strict/host-tools/rustup/toolchains/nightly-2025-01-18-x86_64-unknown-linux-gnu/bin/rustdoc TARGET=x86_64-unknown-linux-gnu /app/target/cpython-strict/build/primp-0.15.0/target/release/build/target-lexicon-1afc1e74430d0f5c/build-script-build`
     Running `CARGO=/app/target/cpython-strict/host-tools/rustup/toolchains/nightly-2025-01-18-x86_64-unknown-linux-gnu/bin/cargo CARGO_CRATE_NAME=target_lexicon CARGO_MANIFEST_DIR=/app/target/cpython-strict/host-tools/cargo/registry/src/index.crates.io-1949cf8c6b5b557f/target-lexicon-0.13.2 CARGO_MANIFEST_PATH=/app/target/cpython-strict/host-tools/cargo/registry/src/index.crates.io-1949cf8c6b5b557f/target-lexicon-0.13.2/Cargo.toml CARGO_PKG_AUTHORS='Dan Gohman <sunfish@mozilla.com>' CARGO_PKG_DESCRIPTION='LLVM target triple types' CARGO_PKG_HOMEPAGE='' CARGO_PKG_LICENSE='Apache-2.0 WITH LLVM-exception' CARGO_PKG_LICENSE_FILE='' CARGO_PKG_NAME=target-lexicon CARGO_PKG_README=README.md CARGO_PKG_REPOSITORY='https://github.com/bytecodealliance/target-lexicon' CARGO_PKG_RUST_VERSION='' CARGO_PKG_VERSION=0.13.2 CARGO_PKG_VERSION_MAJOR=0 CARGO_PKG_VERSION_MINOR=13 CARGO_PKG_VERSION_PATCH=2 CARGO_PKG_VERSION_PRE='' LD_LIBRARY_PATH='/app/target/cpython-strict/build/primp-0.15.0/target/release/deps:/app/target/cpython-strict/host-tools/rustup/toolchains/nightly-2025-01-18-x86_64-unknown-linux-gnu/lib:/opt/kendryte-toolchain/bin/:' OUT_DIR=/app/target/cpython-strict/build/primp-0.15.0/target/release/build/target-lexicon-676a3a884bd3d9b7/out /app/target/cpython-strict/host-tools/rustup/toolchains/nightly-2025-01-18-x86_64-unknown-linux-gnu/bin/rustc --crate-name target_lexicon --edition=2018 /app/target/cpython-strict/host-tools/cargo/registry/src/index.crates.io-1949cf8c6b5b557f/target-lexicon-0.13.2/src/lib.rs --error-format=json --json=diagnostic-rendered-ansi,artifacts,future-incompat --crate-type lib --emit=dep-info,metadata,link -C embed-bitcode=no -C debug-assertions=off --cfg 'feature="default"' --check-cfg 'cfg(docsrs,test)' --check-cfg 'cfg(feature, values("arch_zkasm", "default", "serde", "serde_support", "std"))' -C metadata=581e76ab2d3848e7 -C extra-filename=-e8432c2636bd0cc7 --out-dir /app/target/cpython-strict/build/primp-0.15.0/target/release/deps -C strip=symbols -L dependency=/app/target/cpython-strict/build/primp-0.15.0/target/release/deps --cap-lints warn --cfg 'feature="rust_1_40"'`
     Running `CARGO=/app/target/cpython-strict/host-tools/rustup/toolchains/nightly-2025-01-18-x86_64-unknown-linux-gnu/bin/cargo CARGO_CRATE_NAME=proc_macro2 CARGO_MANIFEST_DIR=/app/target/cpython-strict/host-tools/cargo/registry/src/index.crates.io-1949cf8c6b5b557f/proc-macro2-1.0.95 CARGO_MANIFEST_PATH=/app/target/cpython-strict/host-tools/cargo/registry/src/index.crates.io-1949cf8c6b5b557f/proc-macro2-1.0.95/Cargo.toml CARGO_PKG_AUTHORS='David Tolnay <dtolnay@gmail.com>:Alex Crichton <alex@alexcrichton.com>' CARGO_PKG_DESCRIPTION='A substitute implementation of the compiler'\''s `proc_macro` API to decouple token-based libraries from the procedural macro use case.' CARGO_PKG_HOMEPAGE='' CARGO_PKG_LICENSE='MIT OR Apache-2.0' CARGO_PKG_LICENSE_FILE='' CARGO_PKG_NAME=proc-macro2 CARGO_PKG_README=README.md CARGO_PKG_REPOSITORY='https://github.com/dtolnay/proc-macro2' CARGO_PKG_RUST_VERSION=1.56 CARGO_PKG_VERSION=1.0.95 CARGO_PKG_VERSION_MAJOR=1 CARGO_PKG_VERSION_MINOR=0 CARGO_PKG_VERSION_PATCH=95 CARGO_PKG_VERSION_PRE='' LD_LIBRARY_PATH='/app/target/cpython-strict/build/primp-0.15.0/target/release/deps:/app/target/cpython-strict/host-tools/rustup/toolchains/nightly-2025-01-18-x86_64-unknown-linux-gnu/lib:/opt/kendryte-toolchain/bin/:' OUT_DIR=/app/target/cpython-strict/build/primp-0.15.0/target/release/build/proc-macro2-9dae14ab9fec49e8/out /app/target/cpython-strict/host-tools/rustup/toolchains/nightly-2025-01-18-x86_64-unknown-linux-gnu/bin/rustc --crate-name proc_macro2 --edition=2021 /app/target/cpython-strict/host-tools/cargo/registry/src/index.crates.io-1949cf8c6b5b557f/proc-macro2-1.0.95/src/lib.rs --error-format=json --json=diagnostic-rendered-ansi,artifacts,future-incompat --crate-type lib --emit=dep-info,metadata,link -C embed-bitcode=no -C debug-assertions=off --cfg 'feature="default"' --cfg 'feature="proc-macro"' --check-cfg 'cfg(docsrs,test)' --check-cfg 'cfg(feature, values("default", "nightly", "proc-macro", "span-locations"))' -C metadata=8928832470daaf82 -C extra-filename=-9db364b059323b41 --out-dir /app/target/cpython-strict/build/primp-0.15.0/target/release/deps -C strip=symbols -L dependency=/app/target/cpython-strict/build/primp-0.15.0/target/release/deps --extern unicode_ident=/app/target/cpython-strict/build/primp-0.15.0/target/release/deps/libunicode_ident-687bb67aea9472ba.rmeta --cap-lints warn --cfg wrap_proc_macro --cfg proc_macro_span --check-cfg 'cfg(fuzzing)' --check-cfg 'cfg(no_is_available)' --check-cfg 'cfg(no_literal_byte_character)' --check-cfg 'cfg(no_literal_c_string)' --check-cfg 'cfg(no_source_text)' --check-cfg 'cfg(proc_macro_span)' --check-cfg 'cfg(procmacro2_backtrace)' --check-cfg 'cfg(procmacro2_nightly_testing)' --check-cfg 'cfg(procmacro2_semver_exempt)' --check-cfg 'cfg(randomize_layout)' --check-cfg 'cfg(span_locations)' --check-cfg 'cfg(super_unstable)' --check-cfg 'cfg(wrap_proc_macro)'`
warning: unexpected `cfg` condition value: `cargo-clippy`
 --> /app/target/cpython-strict/host-tools/cargo/registry/src/index.crates.io-1949cf8c6b5b557f/target-lexicon-0.13.2/src/lib.rs:6:5
  |
6 |     feature = "cargo-clippy",
  |     ^^^^^^^^^^^^^^^^^^^^^^^^
  |
  = note: expected values for `feature` are: `arch_zkasm`, `default`, `serde`, `serde_support`, and `std`
  = help: consider adding `cargo-clippy` as a feature in `Cargo.toml`
  = note: see <https://doc.rust-lang.org/nightly/rustc/check-cfg/cargo-specifics.html> for more information about checking conditional configuration
  = note: `#[warn(unexpected_cfgs)]` on by default

warning: unexpected `cfg` condition value: `rust_1_40`
  --> /app/target/cpython-strict/host-tools/cargo/registry/src/index.crates.io-1949cf8c6b5b557f/target-lexicon-0.13.2/src/data_model.rs:43:12
   |
43 | #[cfg_attr(feature = "rust_1_40", non_exhaustive)]
   |            ^^^^^^^^^^^^^^^^^^^^^
   |
   = note: expected values for `feature` are: `arch_zkasm`, `default`, `serde`, `serde_support`, and `std`
   = help: consider adding `rust_1_40` as a feature in `Cargo.toml`
   = note: see <https://doc.rust-lang.org/nightly/rustc/check-cfg/cargo-specifics.html> for more information about checking conditional configuration

   Compiling icu_locid_transform_data v1.5.1
     Running `CARGO=/app/target/cpython-strict/host-tools/rustup/toolchains/nightly-2025-01-18-x86_64-unknown-linux-gnu/bin/cargo CARGO_CRATE_NAME=build_script_build CARGO_MANIFEST_DIR=/app/target/cpython-strict/host-tools/cargo/registry/src/index.crates.io-1949cf8c6b5b557f/icu_locid_transform_data-1.5.1 CARGO_MANIFEST_PATH=/app/target/cpython-strict/host-tools/cargo/registry/src/index.crates.io-1949cf8c6b5b557f/icu_locid_transform_data-1.5.1/Cargo.toml CARGO_PKG_AUTHORS='The ICU4X Project Developers' CARGO_PKG_DESCRIPTION='Data for the icu_locid_transform crate' CARGO_PKG_HOMEPAGE='https://icu4x.unicode.org' CARGO_PKG_LICENSE=Unicode-3.0 CARGO_PKG_LICENSE_FILE='' CARGO_PKG_NAME=icu_locid_transform_data CARGO_PKG_README=README.md CARGO_PKG_REPOSITORY='https://github.com/unicode-org/icu4x' CARGO_PKG_RUST_VERSION=1.67 CARGO_PKG_VERSION=1.5.1 CARGO_PKG_VERSION_MAJOR=1 CARGO_PKG_VERSION_MINOR=5 CARGO_PKG_VERSION_PATCH=1 CARGO_PKG_VERSION_PRE='' LD_LIBRARY_PATH='/app/target/cpython-strict/build/primp-0.15.0/target/release/deps:/app/target/cpython-strict/host-tools/rustup/toolchains/nightly-2025-01-18-x86_64-unknown-linux-gnu/lib:/opt/kendryte-toolchain/bin/:' /app/target/cpython-strict/host-tools/rustup/toolchains/nightly-2025-01-18-x86_64-unknown-linux-gnu/bin/rustc --crate-name build_script_build --edition=2021 /app/target/cpython-strict/host-tools/cargo/registry/src/index.crates.io-1949cf8c6b5b557f/icu_locid_transform_data-1.5.1/build.rs --error-format=json --json=diagnostic-rendered-ansi,artifacts,future-incompat --crate-type bin --emit=dep-info,link -C embed-bitcode=no -C debug-assertions=off --check-cfg 'cfg(docsrs,test)' --check-cfg 'cfg(feature, values())' -C metadata=699405a65fad0e0e -C extra-filename=-95fd350810fc966d --out-dir /app/target/cpython-strict/build/primp-0.15.0/target/release/build/icu_locid_transform_data-95fd350810fc966d -C strip=symbols -L dependency=/app/target/cpython-strict/build/primp-0.15.0/target/release/deps --cap-lints warn`
     Running `CARGO=/app/target/cpython-strict/host-tools/rustup/toolchains/nightly-2025-01-18-x86_64-unknown-linux-gnu/bin/cargo CARGO_CFG_FEATURE=atomic_usize,default CARGO_CFG_FMT_DEBUG=full CARGO_CFG_OVERFLOW_CHECKS='' CARGO_CFG_PANIC=unwind CARGO_CFG_RELOCATION_MODEL=pic CARGO_CFG_TARGET_ABI='' CARGO_CFG_TARGET_ARCH=loongarch64 CARGO_CFG_TARGET_ENDIAN=little CARGO_CFG_TARGET_ENV=musl CARGO_CFG_TARGET_FAMILY=unix CARGO_CFG_TARGET_FEATURE=d,f,lsx CARGO_CFG_TARGET_HAS_ATOMIC=16,32,64,8,ptr CARGO_CFG_TARGET_HAS_ATOMIC_EQUAL_ALIGNMENT=16,32,64,8,ptr CARGO_CFG_TARGET_HAS_ATOMIC_LOAD_STORE=16,32,64,8,ptr CARGO_CFG_TARGET_OS=linux CARGO_CFG_TARGET_POINTER_WIDTH=64 CARGO_CFG_TARGET_THREAD_LOCAL='' CARGO_CFG_TARGET_VENDOR=unknown CARGO_CFG_UB_CHECKS='' CARGO_CFG_UNIX='' CARGO_ENCODED_RUSTFLAGS='-Ctarget-feature=-ual-Ctarget-feature=-crt-static' CARGO_FEATURE_ATOMIC_USIZE=1 CARGO_FEATURE_DEFAULT=1 CARGO_MANIFEST_DIR=/app/target/cpython-strict/host-tools/cargo/registry/src/index.crates.io-1949cf8c6b5b557f/lock_api-0.4.12 CARGO_MANIFEST_PATH=/app/target/cpython-strict/host-tools/cargo/registry/src/index.crates.io-1949cf8c6b5b557f/lock_api-0.4.12/Cargo.toml CARGO_PKG_AUTHORS='Amanieu d'\''Antras <amanieu@gmail.com>' CARGO_PKG_DESCRIPTION='Wrappers to create fully-featured Mutex and RwLock types. Compatible with no_std.' CARGO_PKG_HOMEPAGE='' CARGO_PKG_LICENSE='MIT OR Apache-2.0' CARGO_PKG_LICENSE_FILE='' CARGO_PKG_NAME=lock_api CARGO_PKG_README='' CARGO_PKG_REPOSITORY='https://github.com/Amanieu/parking_lot' CARGO_PKG_RUST_VERSION=1.56.0 CARGO_PKG_VERSION=0.4.12 CARGO_PKG_VERSION_MAJOR=0 CARGO_PKG_VERSION_MINOR=4 CARGO_PKG_VERSION_PATCH=12 CARGO_PKG_VERSION_PRE='' DEBUG=false HOST=x86_64-unknown-linux-gnu LD_LIBRARY_PATH='/app/target/cpython-strict/build/primp-0.15.0/target/release/deps:/app/target/cpython-strict/build/primp-0.15.0/target/release:/app/target/cpython-strict/host-tools/rustup/toolchains/nightly-2025-01-18-x86_64-unknown-linux-gnu/lib/rustlib/x86_64-unknown-linux-gnu/lib:/app/target/cpython-strict/host-tools/rustup/toolchains/nightly-2025-01-18-x86_64-unknown-linux-gnu/lib:/opt/kendryte-toolchain/bin/:' NUM_JOBS=10 OPT_LEVEL=3 OUT_DIR=/app/target/cpython-strict/build/primp-0.15.0/target/loongarch64-unknown-linux-musl/release/build/lock_api-402e18d1f537a4b5/out PROFILE=release RUSTC=/app/target/cpython-strict/host-tools/rustup/toolchains/nightly-2025-01-18-x86_64-unknown-linux-gnu/bin/rustc RUSTC_LINKER=/app/target/cpython-strict/cross/loongarch64-linux-musl-gcc RUSTDOC=/app/target/cpython-strict/host-tools/rustup/toolchains/nightly-2025-01-18-x86_64-unknown-linux-gnu/bin/rustdoc TARGET=loongarch64-unknown-linux-musl /app/target/cpython-strict/build/primp-0.15.0/target/release/build/lock_api-0152df609ee76a87/build-script-build`
warning: `libc` (lib) generated 1 warning (1 duplicate)
   Compiling jobserver v0.1.33
     Running `CARGO=/app/target/cpython-strict/host-tools/rustup/toolchains/nightly-2025-01-18-x86_64-unknown-linux-gnu/bin/cargo CARGO_CRATE_NAME=jobserver CARGO_MANIFEST_DIR=/app/target/cpython-strict/host-tools/cargo/registry/src/index.crates.io-1949cf8c6b5b557f/jobserver-0.1.33 CARGO_MANIFEST_PATH=/app/target/cpython-strict/host-tools/cargo/registry/src/index.crates.io-1949cf8c6b5b557f/jobserver-0.1.33/Cargo.toml CARGO_PKG_AUTHORS='Alex Crichton <alex@alexcrichton.com>' CARGO_PKG_DESCRIPTION='An implementation of the GNU Make jobserver for Rust.
' CARGO_PKG_HOMEPAGE='https://github.com/rust-lang/jobserver-rs' CARGO_PKG_LICENSE='MIT OR Apache-2.0' CARGO_PKG_LICENSE_FILE='' CARGO_PKG_NAME=jobserver CARGO_PKG_README=README.md CARGO_PKG_REPOSITORY='https://github.com/rust-lang/jobserver-rs' CARGO_PKG_RUST_VERSION=1.63 CARGO_PKG_VERSION=0.1.33 CARGO_PKG_VERSION_MAJOR=0 CARGO_PKG_VERSION_MINOR=1 CARGO_PKG_VERSION_PATCH=33 CARGO_PKG_VERSION_PRE='' LD_LIBRARY_PATH='/app/target/cpython-strict/build/primp-0.15.0/target/release/deps:/app/target/cpython-strict/host-tools/rustup/toolchains/nightly-2025-01-18-x86_64-unknown-linux-gnu/lib:/opt/kendryte-toolchain/bin/:' /app/target/cpython-strict/host-tools/rustup/toolchains/nightly-2025-01-18-x86_64-unknown-linux-gnu/bin/rustc --crate-name jobserver --edition=2021 /app/target/cpython-strict/host-tools/cargo/registry/src/index.crates.io-1949cf8c6b5b557f/jobserver-0.1.33/src/lib.rs --error-format=json --json=diagnostic-rendered-ansi,artifacts,future-incompat --crate-type lib --emit=dep-info,metadata,link -C embed-bitcode=no -C debug-assertions=off --check-cfg 'cfg(docsrs,test)' --check-cfg 'cfg(feature, values())' -C metadata=6ef7da9dcc209770 -C extra-filename=-4bb66142469680c6 --out-dir /app/target/cpython-strict/build/primp-0.15.0/target/release/deps -C strip=symbols -L dependency=/app/target/cpython-strict/build/primp-0.15.0/target/release/deps --extern libc=/app/target/cpython-strict/build/primp-0.15.0/target/release/deps/liblibc-d907941c51b714b7.rmeta --cap-lints warn`
warning: `futures-core` (lib) generated 1 warning (1 duplicate)
     Running `CARGO=/app/target/cpython-strict/host-tools/rustup/toolchains/nightly-2025-01-18-x86_64-unknown-linux-gnu/bin/cargo CARGO_CRATE_NAME=parking_lot_core CARGO_MANIFEST_DIR=/app/target/cpython-strict/host-tools/cargo/registry/src/index.crates.io-1949cf8c6b5b557f/parking_lot_core-0.9.10 CARGO_MANIFEST_PATH=/app/target/cpython-strict/host-tools/cargo/registry/src/index.crates.io-1949cf8c6b5b557f/parking_lot_core-0.9.10/Cargo.toml CARGO_PKG_AUTHORS='Amanieu d'\''Antras <amanieu@gmail.com>' CARGO_PKG_DESCRIPTION='An advanced API for creating custom synchronization primitives.' CARGO_PKG_HOMEPAGE='' CARGO_PKG_LICENSE='MIT OR Apache-2.0' CARGO_PKG_LICENSE_FILE='' CARGO_PKG_NAME=parking_lot_core CARGO_PKG_README='' CARGO_PKG_REPOSITORY='https://github.com/Amanieu/parking_lot' CARGO_PKG_RUST_VERSION=1.56.0 CARGO_PKG_VERSION=0.9.10 CARGO_PKG_VERSION_MAJOR=0 CARGO_PKG_VERSION_MINOR=9 CARGO_PKG_VERSION_PATCH=10 CARGO_PKG_VERSION_PRE='' LD_LIBRARY_PATH='/app/target/cpython-strict/build/primp-0.15.0/target/release/deps:/app/target/cpython-strict/host-tools/rustup/toolchains/nightly-2025-01-18-x86_64-unknown-linux-gnu/lib:/opt/kendryte-toolchain/bin/:' OUT_DIR=/app/target/cpython-strict/build/primp-0.15.0/target/loongarch64-unknown-linux-musl/release/build/parking_lot_core-a8ba19e910f53cef/out /app/target/cpython-strict/host-tools/rustup/toolchains/nightly-2025-01-18-x86_64-unknown-linux-gnu/bin/rustc --crate-name parking_lot_core --edition=2021 /app/target/cpython-strict/host-tools/cargo/registry/src/index.crates.io-1949cf8c6b5b557f/parking_lot_core-0.9.10/src/lib.rs --error-format=json --json=diagnostic-rendered-ansi,artifacts,future-incompat --crate-type lib --emit=dep-info,metadata,link -C opt-level=3 -C panic=abort -C linker-plugin-lto -C codegen-units=1 --check-cfg 'cfg(docsrs,test)' --check-cfg 'cfg(feature, values("backtrace", "deadlock_detection", "nightly", "petgraph", "thread-id"))' -C metadata=68533c7d3cfe8576 -C extra-filename=-98e7b6a78a85803c --out-dir /app/target/cpython-strict/build/primp-0.15.0/target/loongarch64-unknown-linux-musl/release/deps --target loongarch64-unknown-linux-musl -C linker=/app/target/cpython-strict/cross/loongarch64-linux-musl-gcc -C strip=symbols -L dependency=/app/target/cpython-strict/build/primp-0.15.0/target/loongarch64-unknown-linux-musl/release/deps -L dependency=/app/target/cpython-strict/build/primp-0.15.0/target/release/deps --extern cfg_if=/app/target/cpython-strict/build/primp-0.15.0/target/loongarch64-unknown-linux-musl/release/deps/libcfg_if-9a56164e255f8351.rmeta --extern libc=/app/target/cpython-strict/build/primp-0.15.0/target/loongarch64-unknown-linux-musl/release/deps/liblibc-528e33ec45ba290f.rmeta --extern smallvec=/app/target/cpython-strict/build/primp-0.15.0/target/loongarch64-unknown-linux-musl/release/deps/libsmallvec-11d62a66e49144d9.rmeta --cap-lints warn -C target-feature=-ual -C target-feature=-crt-static`
   Compiling litemap v0.7.5
     Running `CARGO=/app/target/cpython-strict/host-tools/rustup/toolchains/nightly-2025-01-18-x86_64-unknown-linux-gnu/bin/cargo CARGO_CRATE_NAME=litemap CARGO_MANIFEST_DIR=/app/target/cpython-strict/host-tools/cargo/registry/src/index.crates.io-1949cf8c6b5b557f/litemap-0.7.5 CARGO_MANIFEST_PATH=/app/target/cpython-strict/host-tools/cargo/registry/src/index.crates.io-1949cf8c6b5b557f/litemap-0.7.5/Cargo.toml CARGO_PKG_AUTHORS='The ICU4X Project Developers' CARGO_PKG_DESCRIPTION='A key-value Map implementation based on a flat, sorted Vec.' CARGO_PKG_HOMEPAGE='' CARGO_PKG_LICENSE=Unicode-3.0 CARGO_PKG_LICENSE_FILE='' CARGO_PKG_NAME=litemap CARGO_PKG_README=README.md CARGO_PKG_REPOSITORY='https://github.com/unicode-org/icu4x' CARGO_PKG_RUST_VERSION=1.81 CARGO_PKG_VERSION=0.7.5 CARGO_PKG_VERSION_MAJOR=0 CARGO_PKG_VERSION_MINOR=7 CARGO_PKG_VERSION_PATCH=5 CARGO_PKG_VERSION_PRE='' LD_LIBRARY_PATH='/app/target/cpython-strict/build/primp-0.15.0/target/release/deps:/app/target/cpython-strict/host-tools/rustup/toolchains/nightly-2025-01-18-x86_64-unknown-linux-gnu/lib:/opt/kendryte-toolchain/bin/:' /app/target/cpython-strict/host-tools/rustup/toolchains/nightly-2025-01-18-x86_64-unknown-linux-gnu/bin/rustc --crate-name litemap --edition=2021 /app/target/cpython-strict/host-tools/cargo/registry/src/index.crates.io-1949cf8c6b5b557f/litemap-0.7.5/src/lib.rs --error-format=json --json=diagnostic-rendered-ansi,artifacts,future-incompat --crate-type lib --emit=dep-info,metadata,link -C opt-level=3 -C panic=abort -C linker-plugin-lto -C codegen-units=1 --cfg 'feature="alloc"' --check-cfg 'cfg(docsrs,test)' --check-cfg 'cfg(feature, values("alloc", "databake", "default", "serde", "testing", "yoke"))' -C metadata=5190be30c992d613 -C extra-filename=-f65074df4a8136dd --out-dir /app/target/cpython-strict/build/primp-0.15.0/target/loongarch64-unknown-linux-musl/release/deps --target loongarch64-unknown-linux-musl -C linker=/app/target/cpython-strict/cross/loongarch64-linux-musl-gcc -C strip=symbols -L dependency=/app/target/cpython-strict/build/primp-0.15.0/target/loongarch64-unknown-linux-musl/release/deps -L dependency=/app/target/cpython-strict/build/primp-0.15.0/target/release/deps --cap-lints warn -C target-feature=-ual -C target-feature=-crt-static`
[lock_api 0.4.12] warning: unstable feature specified for `-Ctarget-feature`: `ual`
[lock_api 0.4.12]   |
[lock_api 0.4.12]   = note: this feature is not stably supported; its behavior can change in the future
[lock_api 0.4.12] 
[lock_api 0.4.12] warning: 1 warning emitted
[lock_api 0.4.12] 
     Running `CARGO=/app/target/cpython-strict/host-tools/rustup/toolchains/nightly-2025-01-18-x86_64-unknown-linux-gnu/bin/cargo CARGO_CRATE_NAME=lock_api CARGO_MANIFEST_DIR=/app/target/cpython-strict/host-tools/cargo/registry/src/index.crates.io-1949cf8c6b5b557f/lock_api-0.4.12 CARGO_MANIFEST_PATH=/app/target/cpython-strict/host-tools/cargo/registry/src/index.crates.io-1949cf8c6b5b557f/lock_api-0.4.12/Cargo.toml CARGO_PKG_AUTHORS='Amanieu d'\''Antras <amanieu@gmail.com>' CARGO_PKG_DESCRIPTION='Wrappers to create fully-featured Mutex and RwLock types. Compatible with no_std.' CARGO_PKG_HOMEPAGE='' CARGO_PKG_LICENSE='MIT OR Apache-2.0' CARGO_PKG_LICENSE_FILE='' CARGO_PKG_NAME=lock_api CARGO_PKG_README='' CARGO_PKG_REPOSITORY='https://github.com/Amanieu/parking_lot' CARGO_PKG_RUST_VERSION=1.56.0 CARGO_PKG_VERSION=0.4.12 CARGO_PKG_VERSION_MAJOR=0 CARGO_PKG_VERSION_MINOR=4 CARGO_PKG_VERSION_PATCH=12 CARGO_PKG_VERSION_PRE='' LD_LIBRARY_PATH='/app/target/cpython-strict/build/primp-0.15.0/target/release/deps:/app/target/cpython-strict/host-tools/rustup/toolchains/nightly-2025-01-18-x86_64-unknown-linux-gnu/lib:/opt/kendryte-toolchain/bin/:' OUT_DIR=/app/target/cpython-strict/build/primp-0.15.0/target/loongarch64-unknown-linux-musl/release/build/lock_api-402e18d1f537a4b5/out /app/target/cpython-strict/host-tools/rustup/toolchains/nightly-2025-01-18-x86_64-unknown-linux-gnu/bin/rustc --crate-name lock_api --edition=2021 /app/target/cpython-strict/host-tools/cargo/registry/src/index.crates.io-1949cf8c6b5b557f/lock_api-0.4.12/src/lib.rs --error-format=json --json=diagnostic-rendered-ansi,artifacts,future-incompat --crate-type lib --emit=dep-info,metadata,link -C opt-level=3 -C panic=abort -C linker-plugin-lto -C codegen-units=1 --cfg 'feature="atomic_usize"' --cfg 'feature="default"' --check-cfg 'cfg(docsrs,test)' --check-cfg 'cfg(feature, values("arc_lock", "atomic_usize", "default", "nightly", "owning_ref", "serde"))' -C metadata=50af43d5c911ff6e -C extra-filename=-ef38b7069f4c2cd3 --out-dir /app/target/cpython-strict/build/primp-0.15.0/target/loongarch64-unknown-linux-musl/release/deps --target loongarch64-unknown-linux-musl -C linker=/app/target/cpython-strict/cross/loongarch64-linux-musl-gcc -C strip=symbols -L dependency=/app/target/cpython-strict/build/primp-0.15.0/target/loongarch64-unknown-linux-musl/release/deps -L dependency=/app/target/cpython-strict/build/primp-0.15.0/target/release/deps --extern scopeguard=/app/target/cpython-strict/build/primp-0.15.0/target/loongarch64-unknown-linux-musl/release/deps/libscopeguard-ba138fbdc06eeda9.rmeta --cap-lints warn -C target-feature=-ual -C target-feature=-crt-static --cfg has_const_fn_trait_bound`
warning: unused import: `UnparkHandle`
  --> /app/target/cpython-strict/host-tools/cargo/registry/src/index.crates.io-1949cf8c6b5b557f/parking_lot_core-0.9.10/src/thread_parker/mod.rs:85:49
   |
85 | pub use self::imp::{thread_yield, ThreadParker, UnparkHandle};
   |                                                 ^^^^^^^^^^^^
   |
   = note: `#[warn(unused_imports)]` on by default

warning: unexpected `cfg` condition name: `tsan_enabled`
   --> /app/target/cpython-strict/host-tools/cargo/registry/src/index.crates.io-1949cf8c6b5b557f/parking_lot_core-0.9.10/src/word_lock.rs:293:13
    |
293 |     if cfg!(tsan_enabled) {
    |             ^^^^^^^^^^^^
    |
    = help: expected names are: `clippy`, `debug_assertions`, `doc`, `docsrs`, `doctest`, `feature`, `fmt_debug`, `miri`, `overflow_checks`, `panic`, `proc_macro`, `relocation_model`, `rustfmt`, `sanitize`, `sanitizer_cfi_generalize_pointers`, `sanitizer_cfi_normalize_integers`, `target_abi`, `target_arch`, `target_endian`, `target_env`, `target_family`, `target_feature`, `target_has_atomic`, `target_has_atomic_equal_alignment`, `target_has_atomic_load_store`, `target_os`, `target_pointer_width`, `target_thread_local`, `target_vendor`, `test`, `ub_checks`, `unix`, and `windows`
    = help: consider using a Cargo feature instead
    = help: or consider adding in `Cargo.toml` the `check-cfg` lint config for the lint:
             [lints.rust]
             unexpected_cfgs = { level = "warn", check-cfg = ['cfg(tsan_enabled)'] }
    = help: or consider adding `println!("cargo::rustc-check-cfg=cfg(tsan_enabled)");` to the top of the `build.rs`
    = note: see <https://doc.rust-lang.org/nightly/rustc/check-cfg/cargo-specifics.html> for more information about checking conditional configuration
    = note: `#[warn(unexpected_cfgs)]` on by default

warning: `writeable` (lib) generated 1 warning (1 duplicate)
   Compiling itoa v1.0.15
     Running `CARGO=/app/target/cpython-strict/host-tools/rustup/toolchains/nightly-2025-01-18-x86_64-unknown-linux-gnu/bin/cargo CARGO_CRATE_NAME=itoa CARGO_MANIFEST_DIR=/app/target/cpython-strict/host-tools/cargo/registry/src/index.crates.io-1949cf8c6b5b557f/itoa-1.0.15 CARGO_MANIFEST_PATH=/app/target/cpython-strict/host-tools/cargo/registry/src/index.crates.io-1949cf8c6b5b557f/itoa-1.0.15/Cargo.toml CARGO_PKG_AUTHORS='David Tolnay <dtolnay@gmail.com>' CARGO_PKG_DESCRIPTION='Fast integer primitive to string conversion' CARGO_PKG_HOMEPAGE='' CARGO_PKG_LICENSE='MIT OR Apache-2.0' CARGO_PKG_LICENSE_FILE='' CARGO_PKG_NAME=itoa CARGO_PKG_README=README.md CARGO_PKG_REPOSITORY='https://github.com/dtolnay/itoa' CARGO_PKG_RUST_VERSION=1.36 CARGO_PKG_VERSION=1.0.15 CARGO_PKG_VERSION_MAJOR=1 CARGO_PKG_VERSION_MINOR=0 CARGO_PKG_VERSION_PATCH=15 CARGO_PKG_VERSION_PRE='' LD_LIBRARY_PATH='/app/target/cpython-strict/build/primp-0.15.0/target/release/deps:/app/target/cpython-strict/host-tools/rustup/toolchains/nightly-2025-01-18-x86_64-unknown-linux-gnu/lib:/opt/kendryte-toolchain/bin/:' /app/target/cpython-strict/host-tools/rustup/toolchains/nightly-2025-01-18-x86_64-unknown-linux-gnu/bin/rustc --crate-name itoa --edition=2018 /app/target/cpython-strict/host-tools/cargo/registry/src/index.crates.io-1949cf8c6b5b557f/itoa-1.0.15/src/lib.rs --error-format=json --json=diagnostic-rendered-ansi,artifacts,future-incompat --crate-type lib --emit=dep-info,metadata,link -C opt-level=3 -C panic=abort -C linker-plugin-lto -C codegen-units=1 --check-cfg 'cfg(docsrs,test)' --check-cfg 'cfg(feature, values("no-panic"))' -C metadata=25c842ae3d0c4d71 -C extra-filename=-5dae556133d5e013 --out-dir /app/target/cpython-strict/build/primp-0.15.0/target/loongarch64-unknown-linux-musl/release/deps --target loongarch64-unknown-linux-musl -C linker=/app/target/cpython-strict/cross/loongarch64-linux-musl-gcc -C strip=symbols -L dependency=/app/target/cpython-strict/build/primp-0.15.0/target/loongarch64-unknown-linux-musl/release/deps -L dependency=/app/target/cpython-strict/build/primp-0.15.0/target/release/deps --cap-lints warn -C target-feature=-ual -C target-feature=-crt-static`
   Compiling clang-sys v1.8.1
     Running `CARGO=/app/target/cpython-strict/host-tools/rustup/toolchains/nightly-2025-01-18-x86_64-unknown-linux-gnu/bin/cargo CARGO_CRATE_NAME=build_script_build CARGO_MANIFEST_DIR=/app/target/cpython-strict/host-tools/cargo/registry/src/index.crates.io-1949cf8c6b5b557f/clang-sys-1.8.1 CARGO_MANIFEST_PATH=/app/target/cpython-strict/host-tools/cargo/registry/src/index.crates.io-1949cf8c6b5b557f/clang-sys-1.8.1/Cargo.toml CARGO_PKG_AUTHORS='Kyle Mayes <kyle@mayeses.com>' CARGO_PKG_DESCRIPTION='Rust bindings for libclang.' CARGO_PKG_HOMEPAGE='' CARGO_PKG_LICENSE=Apache-2.0 CARGO_PKG_LICENSE_FILE='' CARGO_PKG_NAME=clang-sys CARGO_PKG_README=README.md CARGO_PKG_REPOSITORY='https://github.com/KyleMayes/clang-sys' CARGO_PKG_RUST_VERSION='' CARGO_PKG_VERSION=1.8.1 CARGO_PKG_VERSION_MAJOR=1 CARGO_PKG_VERSION_MINOR=8 CARGO_PKG_VERSION_PATCH=1 CARGO_PKG_VERSION_PRE='' LD_LIBRARY_PATH='/app/target/cpython-strict/build/primp-0.15.0/target/release/deps:/app/target/cpython-strict/host-tools/rustup/toolchains/nightly-2025-01-18-x86_64-unknown-linux-gnu/lib:/opt/kendryte-toolchain/bin/:' /app/target/cpython-strict/host-tools/rustup/toolchains/nightly-2025-01-18-x86_64-unknown-linux-gnu/bin/rustc --crate-name build_script_build --edition=2021 /app/target/cpython-strict/host-tools/cargo/registry/src/index.crates.io-1949cf8c6b5b557f/clang-sys-1.8.1/build.rs --error-format=json --json=diagnostic-rendered-ansi,artifacts,future-incompat --crate-type bin --emit=dep-info,link -C embed-bitcode=no -C debug-assertions=off --cfg 'feature="clang_3_5"' --cfg 'feature="clang_3_6"' --cfg 'feature="clang_3_7"' --cfg 'feature="clang_3_8"' --cfg 'feature="clang_3_9"' --cfg 'feature="clang_4_0"' --cfg 'feature="clang_5_0"' --cfg 'feature="clang_6_0"' --cfg 'feature="libloading"' --cfg 'feature="runtime"' --check-cfg 'cfg(docsrs,test)' --check-cfg 'cfg(feature, values("clang_10_0", "clang_11_0", "clang_12_0", "clang_13_0", "clang_14_0", "clang_15_0", "clang_16_0", "clang_17_0", "clang_18_0", "clang_3_5", "clang_3_6", "clang_3_7", "clang_3_8", "clang_3_9", "clang_4_0", "clang_5_0", "clang_6_0", "clang_7_0", "clang_8_0", "clang_9_0", "libcpp", "libloading", "runtime", "static"))' -C metadata=87b8f489ed6f61d0 -C extra-filename=-293fa02be9e418ec --out-dir /app/target/cpython-strict/build/primp-0.15.0/target/release/build/clang-sys-293fa02be9e418ec -C strip=symbols -L dependency=/app/target/cpython-strict/build/primp-0.15.0/target/release/deps --extern glob=/app/target/cpython-strict/build/primp-0.15.0/target/release/deps/libglob-c9794cebc823a11e.rlib --cap-lints warn`
warning: use of deprecated type alias `libc::time_t`: This type is changed to 64-bit in musl 1.2.0, we'll follow that change in the future release. See #1848 for more info.
  --> /app/target/cpython-strict/host-tools/cargo/registry/src/index.crates.io-1949cf8c6b5b557f/parking_lot_core-0.9.10/src/thread_parker/linux.rs:78:40
   |
78 |             if diff.as_secs() as libc::time_t as u64 != diff.as_secs() {
   |                                        ^^^^^^
   |
   = note: `#[warn(deprecated)]` on by default

warning: use of deprecated type alias `libc::time_t`: This type is changed to 64-bit in musl 1.2.0, we'll follow that change in the future release. See #1848 for more info.
  --> /app/target/cpython-strict/host-tools/cargo/registry/src/index.crates.io-1949cf8c6b5b557f/parking_lot_core-0.9.10/src/thread_parker/linux.rs:85:49
   |
85 |             ts.tv_sec = diff.as_secs() as libc::time_t;
   |                                                 ^^^^^^

warning: `target-lexicon` (lib) generated 16 warnings (14 duplicates)
   Compiling pyo3-build-config v0.24.1
     Running `CARGO=/app/target/cpython-strict/host-tools/rustup/toolchains/nightly-2025-01-18-x86_64-unknown-linux-gnu/bin/cargo CARGO_CRATE_NAME=build_script_build CARGO_MANIFEST_DIR=/app/target/cpython-strict/host-tools/cargo/registry/src/index.crates.io-1949cf8c6b5b557f/pyo3-build-config-0.24.1 CARGO_MANIFEST_PATH=/app/target/cpython-strict/host-tools/cargo/registry/src/index.crates.io-1949cf8c6b5b557f/pyo3-build-config-0.24.1/Cargo.toml CARGO_PKG_AUTHORS='PyO3 Project and Contributors <https://github.com/PyO3>' CARGO_PKG_DESCRIPTION='Build configuration for the PyO3 ecosystem' CARGO_PKG_HOMEPAGE='https://github.com/pyo3/pyo3' CARGO_PKG_LICENSE='MIT OR Apache-2.0' CARGO_PKG_LICENSE_FILE='' CARGO_PKG_NAME=pyo3-build-config CARGO_PKG_README='' CARGO_PKG_REPOSITORY='https://github.com/pyo3/pyo3' CARGO_PKG_RUST_VERSION=1.63 CARGO_PKG_VERSION=0.24.1 CARGO_PKG_VERSION_MAJOR=0 CARGO_PKG_VERSION_MINOR=24 CARGO_PKG_VERSION_PATCH=1 CARGO_PKG_VERSION_PRE='' LD_LIBRARY_PATH='/app/target/cpython-strict/build/primp-0.15.0/target/release/deps:/app/target/cpython-strict/host-tools/rustup/toolchains/nightly-2025-01-18-x86_64-unknown-linux-gnu/lib:/opt/kendryte-toolchain/bin/:' /app/target/cpython-strict/host-tools/rustup/toolchains/nightly-2025-01-18-x86_64-unknown-linux-gnu/bin/rustc --crate-name build_script_build --edition=2021 /app/target/cpython-strict/host-tools/cargo/registry/src/index.crates.io-1949cf8c6b5b557f/pyo3-build-config-0.24.1/build.rs --error-format=json --json=diagnostic-rendered-ansi,artifacts,future-incompat --crate-type bin --emit=dep-info,link -C embed-bitcode=no -C debug-assertions=off --cfg 'feature="abi3"' --cfg 'feature="abi3-py310"' --cfg 'feature="abi3-py311"' --cfg 'feature="abi3-py312"' --cfg 'feature="abi3-py313"' --cfg 'feature="abi3-py38"' --cfg 'feature="abi3-py39"' --cfg 'feature="default"' --cfg 'feature="extension-module"' --cfg 'feature="resolve-config"' --check-cfg 'cfg(docsrs,test)' --check-cfg 'cfg(feature, values("abi3", "abi3-py310", "abi3-py311", "abi3-py312", "abi3-py313", "abi3-py37", "abi3-py38", "abi3-py39", "default", "extension-module", "python3-dll-a", "resolve-config"))' -C metadata=1f7ad5e6a338a304 -C extra-filename=-f746212ae25355bd --out-dir /app/target/cpython-strict/build/primp-0.15.0/target/release/build/pyo3-build-config-f746212ae25355bd -C strip=symbols -L dependency=/app/target/cpython-strict/build/primp-0.15.0/target/release/deps --extern target_lexicon=/app/target/cpython-strict/build/primp-0.15.0/target/release/deps/libtarget_lexicon-e8432c2636bd0cc7.rlib --cap-lints warn`
warning: unexpected `cfg` condition name: `has_const_fn_trait_bound`
   --> /app/target/cpython-strict/host-tools/cargo/registry/src/index.crates.io-1949cf8c6b5b557f/lock_api-0.4.12/src/mutex.rs:148:11
    |
148 |     #[cfg(has_const_fn_trait_bound)]
    |           ^^^^^^^^^^^^^^^^^^^^^^^^
    |
    = help: expected names are: `clippy`, `debug_assertions`, `doc`, `docsrs`, `doctest`, `feature`, `fmt_debug`, `miri`, `overflow_checks`, `panic`, `proc_macro`, `relocation_model`, `rustfmt`, `sanitize`, `sanitizer_cfi_generalize_pointers`, `sanitizer_cfi_normalize_integers`, `target_abi`, `target_arch`, `target_endian`, `target_env`, `target_family`, `target_feature`, `target_has_atomic`, `target_has_atomic_equal_alignment`, `target_has_atomic_load_store`, `target_os`, `target_pointer_width`, `target_thread_local`, `target_vendor`, `test`, `ub_checks`, `unix`, and `windows`
    = help: consider using a Cargo feature instead
    = help: or consider adding in `Cargo.toml` the `check-cfg` lint config for the lint:
             [lints.rust]
             unexpected_cfgs = { level = "warn", check-cfg = ['cfg(has_const_fn_trait_bound)'] }
    = help: or consider adding `println!("cargo::rustc-check-cfg=cfg(has_const_fn_trait_bound)");` to the top of the `build.rs`
    = note: see <https://doc.rust-lang.org/nightly/rustc/check-cfg/cargo-specifics.html> for more information about checking conditional configuration
    = note: `#[warn(unexpected_cfgs)]` on by default

warning: unexpected `cfg` condition name: `has_const_fn_trait_bound`
   --> /app/target/cpython-strict/host-tools/cargo/registry/src/index.crates.io-1949cf8c6b5b557f/lock_api-0.4.12/src/mutex.rs:158:15
    |
158 |     #[cfg(not(has_const_fn_trait_bound))]
    |               ^^^^^^^^^^^^^^^^^^^^^^^^
    |
    = help: consider using a Cargo feature instead
    = help: or consider adding in `Cargo.toml` the `check-cfg` lint config for the lint:
             [lints.rust]
             unexpected_cfgs = { level = "warn", check-cfg = ['cfg(has_const_fn_trait_bound)'] }
    = help: or consider adding `println!("cargo::rustc-check-cfg=cfg(has_const_fn_trait_bound)");` to the top of the `build.rs`
    = note: see <https://doc.rust-lang.org/nightly/rustc/check-cfg/cargo-specifics.html> for more information about checking conditional configuration

warning: unexpected `cfg` condition name: `has_const_fn_trait_bound`
   --> /app/target/cpython-strict/host-tools/cargo/registry/src/index.crates.io-1949cf8c6b5b557f/lock_api-0.4.12/src/remutex.rs:232:11
    |
232 |     #[cfg(has_const_fn_trait_bound)]
    |           ^^^^^^^^^^^^^^^^^^^^^^^^
    |
    = help: consider using a Cargo feature instead
    = help: or consider adding in `Cargo.toml` the `check-cfg` lint config for the lint:
             [lints.rust]
             unexpected_cfgs = { level = "warn", check-cfg = ['cfg(has_const_fn_trait_bound)'] }
    = help: or consider adding `println!("cargo::rustc-check-cfg=cfg(has_const_fn_trait_bound)");` to the top of the `build.rs`
    = note: see <https://doc.rust-lang.org/nightly/rustc/check-cfg/cargo-specifics.html> for more information about checking conditional configuration

warning: unexpected `cfg` condition name: `has_const_fn_trait_bound`
   --> /app/target/cpython-strict/host-tools/cargo/registry/src/index.crates.io-1949cf8c6b5b557f/lock_api-0.4.12/src/remutex.rs:247:15
    |
247 |     #[cfg(not(has_const_fn_trait_bound))]
    |               ^^^^^^^^^^^^^^^^^^^^^^^^
    |
    = help: consider using a Cargo feature instead
    = help: or consider adding in `Cargo.toml` the `check-cfg` lint config for the lint:
             [lints.rust]
             unexpected_cfgs = { level = "warn", check-cfg = ['cfg(has_const_fn_trait_bound)'] }
    = help: or consider adding `println!("cargo::rustc-check-cfg=cfg(has_const_fn_trait_bound)");` to the top of the `build.rs`
    = note: see <https://doc.rust-lang.org/nightly/rustc/check-cfg/cargo-specifics.html> for more information about checking conditional configuration

warning: unexpected `cfg` condition name: `has_const_fn_trait_bound`
   --> /app/target/cpython-strict/host-tools/cargo/registry/src/index.crates.io-1949cf8c6b5b557f/lock_api-0.4.12/src/rwlock.rs:369:11
    |
369 |     #[cfg(has_const_fn_trait_bound)]
    |           ^^^^^^^^^^^^^^^^^^^^^^^^
    |
    = help: consider using a Cargo feature instead
    = help: or consider adding in `Cargo.toml` the `check-cfg` lint config for the lint:
             [lints.rust]
             unexpected_cfgs = { level = "warn", check-cfg = ['cfg(has_const_fn_trait_bound)'] }
    = help: or consider adding `println!("cargo::rustc-check-cfg=cfg(has_const_fn_trait_bound)");` to the top of the `build.rs`
    = note: see <https://doc.rust-lang.org/nightly/rustc/check-cfg/cargo-specifics.html> for more information about checking conditional configuration

warning: unexpected `cfg` condition name: `has_const_fn_trait_bound`
   --> /app/target/cpython-strict/host-tools/cargo/registry/src/index.crates.io-1949cf8c6b5b557f/lock_api-0.4.12/src/rwlock.rs:379:15
    |
379 |     #[cfg(not(has_const_fn_trait_bound))]
    |               ^^^^^^^^^^^^^^^^^^^^^^^^
    |
    = help: consider using a Cargo feature instead
    = help: or consider adding in `Cargo.toml` the `check-cfg` lint config for the lint:
             [lints.rust]
             unexpected_cfgs = { level = "warn", check-cfg = ['cfg(has_const_fn_trait_bound)'] }
    = help: or consider adding `println!("cargo::rustc-check-cfg=cfg(has_const_fn_trait_bound)");` to the top of the `build.rs`
    = note: see <https://doc.rust-lang.org/nightly/rustc/check-cfg/cargo-specifics.html> for more information about checking conditional configuration

warning: `bytes` (lib) generated 1 warning (1 duplicate)
   Compiling quote v1.0.40
     Running `CARGO=/app/target/cpython-strict/host-tools/rustup/toolchains/nightly-2025-01-18-x86_64-unknown-linux-gnu/bin/cargo CARGO_CRATE_NAME=quote CARGO_MANIFEST_DIR=/app/target/cpython-strict/host-tools/cargo/registry/src/index.crates.io-1949cf8c6b5b557f/quote-1.0.40 CARGO_MANIFEST_PATH=/app/target/cpython-strict/host-tools/cargo/registry/src/index.crates.io-1949cf8c6b5b557f/quote-1.0.40/Cargo.toml CARGO_PKG_AUTHORS='David Tolnay <dtolnay@gmail.com>' CARGO_PKG_DESCRIPTION='Quasi-quoting macro quote'\!'(...)' CARGO_PKG_HOMEPAGE='' CARGO_PKG_LICENSE='MIT OR Apache-2.0' CARGO_PKG_LICENSE_FILE='' CARGO_PKG_NAME=quote CARGO_PKG_README=README.md CARGO_PKG_REPOSITORY='https://github.com/dtolnay/quote' CARGO_PKG_RUST_VERSION=1.56 CARGO_PKG_VERSION=1.0.40 CARGO_PKG_VERSION_MAJOR=1 CARGO_PKG_VERSION_MINOR=0 CARGO_PKG_VERSION_PATCH=40 CARGO_PKG_VERSION_PRE='' LD_LIBRARY_PATH='/app/target/cpython-strict/build/primp-0.15.0/target/release/deps:/app/target/cpython-strict/host-tools/rustup/toolchains/nightly-2025-01-18-x86_64-unknown-linux-gnu/lib:/opt/kendryte-toolchain/bin/:' /app/target/cpython-strict/host-tools/rustup/toolchains/nightly-2025-01-18-x86_64-unknown-linux-gnu/bin/rustc --crate-name quote --edition=2018 /app/target/cpython-strict/host-tools/cargo/registry/src/index.crates.io-1949cf8c6b5b557f/quote-1.0.40/src/lib.rs --error-format=json --json=diagnostic-rendered-ansi,artifacts,future-incompat --crate-type lib --emit=dep-info,metadata,link -C embed-bitcode=no -C debug-assertions=off --cfg 'feature="default"' --cfg 'feature="proc-macro"' --check-cfg 'cfg(docsrs,test)' --check-cfg 'cfg(feature, values("default", "proc-macro"))' -C metadata=b43611e765bc5ba1 -C extra-filename=-430fd29c5f10253f --out-dir /app/target/cpython-strict/build/primp-0.15.0/target/release/deps -C strip=symbols -L dependency=/app/target/cpython-strict/build/primp-0.15.0/target/release/deps --extern proc_macro2=/app/target/cpython-strict/build/primp-0.15.0/target/release/deps/libproc_macro2-9db364b059323b41.rmeta --cap-lints warn`
     Running `CARGO=/app/target/cpython-strict/host-tools/rustup/toolchains/nightly-2025-01-18-x86_64-unknown-linux-gnu/bin/cargo CARGO_CFG_FEATURE='' CARGO_CFG_FMT_DEBUG=full CARGO_CFG_OVERFLOW_CHECKS='' CARGO_CFG_PANIC=unwind CARGO_CFG_RELOCATION_MODEL=pic CARGO_CFG_TARGET_ABI='' CARGO_CFG_TARGET_ARCH=loongarch64 CARGO_CFG_TARGET_ENDIAN=little CARGO_CFG_TARGET_ENV=musl CARGO_CFG_TARGET_FAMILY=unix CARGO_CFG_TARGET_FEATURE=d,f,lsx CARGO_CFG_TARGET_HAS_ATOMIC=16,32,64,8,ptr CARGO_CFG_TARGET_HAS_ATOMIC_EQUAL_ALIGNMENT=16,32,64,8,ptr CARGO_CFG_TARGET_HAS_ATOMIC_LOAD_STORE=16,32,64,8,ptr CARGO_CFG_TARGET_OS=linux CARGO_CFG_TARGET_POINTER_WIDTH=64 CARGO_CFG_TARGET_THREAD_LOCAL='' CARGO_CFG_TARGET_VENDOR=unknown CARGO_CFG_UB_CHECKS='' CARGO_CFG_UNIX='' CARGO_ENCODED_RUSTFLAGS='-Ctarget-feature=-ual-Ctarget-feature=-crt-static' CARGO_MANIFEST_DIR=/app/target/cpython-strict/host-tools/cargo/registry/src/index.crates.io-1949cf8c6b5b557f/icu_locid_transform_data-1.5.1 CARGO_MANIFEST_PATH=/app/target/cpython-strict/host-tools/cargo/registry/src/index.crates.io-1949cf8c6b5b557f/icu_locid_transform_data-1.5.1/Cargo.toml CARGO_PKG_AUTHORS='The ICU4X Project Developers' CARGO_PKG_DESCRIPTION='Data for the icu_locid_transform crate' CARGO_PKG_HOMEPAGE='https://icu4x.unicode.org' CARGO_PKG_LICENSE=Unicode-3.0 CARGO_PKG_LICENSE_FILE='' CARGO_PKG_NAME=icu_locid_transform_data CARGO_PKG_README=README.md CARGO_PKG_REPOSITORY='https://github.com/unicode-org/icu4x' CARGO_PKG_RUST_VERSION=1.67 CARGO_PKG_VERSION=1.5.1 CARGO_PKG_VERSION_MAJOR=1 CARGO_PKG_VERSION_MINOR=5 CARGO_PKG_VERSION_PATCH=1 CARGO_PKG_VERSION_PRE='' DEBUG=false HOST=x86_64-unknown-linux-gnu LD_LIBRARY_PATH='/app/target/cpython-strict/build/primp-0.15.0/target/release/deps:/app/target/cpython-strict/build/primp-0.15.0/target/release:/app/target/cpython-strict/host-tools/rustup/toolchains/nightly-2025-01-18-x86_64-unknown-linux-gnu/lib/rustlib/x86_64-unknown-linux-gnu/lib:/app/target/cpython-strict/host-tools/rustup/toolchains/nightly-2025-01-18-x86_64-unknown-linux-gnu/lib:/opt/kendryte-toolchain/bin/:' NUM_JOBS=10 OPT_LEVEL=3 OUT_DIR=/app/target/cpython-strict/build/primp-0.15.0/target/loongarch64-unknown-linux-musl/release/build/icu_locid_transform_data-fa9ec29e25f831b9/out PROFILE=release RUSTC=/app/target/cpython-strict/host-tools/rustup/toolchains/nightly-2025-01-18-x86_64-unknown-linux-gnu/bin/rustc RUSTC_LINKER=/app/target/cpython-strict/cross/loongarch64-linux-musl-gcc RUSTDOC=/app/target/cpython-strict/host-tools/rustup/toolchains/nightly-2025-01-18-x86_64-unknown-linux-gnu/bin/rustdoc TARGET=loongarch64-unknown-linux-musl /app/target/cpython-strict/build/primp-0.15.0/target/release/build/icu_locid_transform_data-95fd350810fc966d/build-script-build`
   Compiling icu_properties_data v1.5.1
     Running `CARGO=/app/target/cpython-strict/host-tools/rustup/toolchains/nightly-2025-01-18-x86_64-unknown-linux-gnu/bin/cargo CARGO_CRATE_NAME=build_script_build CARGO_MANIFEST_DIR=/app/target/cpython-strict/host-tools/cargo/registry/src/index.crates.io-1949cf8c6b5b557f/icu_properties_data-1.5.1 CARGO_MANIFEST_PATH=/app/target/cpython-strict/host-tools/cargo/registry/src/index.crates.io-1949cf8c6b5b557f/icu_properties_data-1.5.1/Cargo.toml CARGO_PKG_AUTHORS='The ICU4X Project Developers' CARGO_PKG_DESCRIPTION='Data for the icu_properties crate' CARGO_PKG_HOMEPAGE='https://icu4x.unicode.org' CARGO_PKG_LICENSE=Unicode-3.0 CARGO_PKG_LICENSE_FILE='' CARGO_PKG_NAME=icu_properties_data CARGO_PKG_README=README.md CARGO_PKG_REPOSITORY='https://github.com/unicode-org/icu4x' CARGO_PKG_RUST_VERSION=1.67 CARGO_PKG_VERSION=1.5.1 CARGO_PKG_VERSION_MAJOR=1 CARGO_PKG_VERSION_MINOR=5 CARGO_PKG_VERSION_PATCH=1 CARGO_PKG_VERSION_PRE='' LD_LIBRARY_PATH='/app/target/cpython-strict/build/primp-0.15.0/target/release/deps:/app/target/cpython-strict/host-tools/rustup/toolchains/nightly-2025-01-18-x86_64-unknown-linux-gnu/lib:/opt/kendryte-toolchain/bin/:' /app/target/cpython-strict/host-tools/rustup/toolchains/nightly-2025-01-18-x86_64-unknown-linux-gnu/bin/rustc --crate-name build_script_build --edition=2021 /app/target/cpython-strict/host-tools/cargo/registry/src/index.crates.io-1949cf8c6b5b557f/icu_properties_data-1.5.1/build.rs --error-format=json --json=diagnostic-rendered-ansi,artifacts,future-incompat --crate-type bin --emit=dep-info,link -C embed-bitcode=no -C debug-assertions=off --check-cfg 'cfg(docsrs,test)' --check-cfg 'cfg(feature, values())' -C metadata=a72d181ff23240d4 -C extra-filename=-4bc84c9a596419d1 --out-dir /app/target/cpython-strict/build/primp-0.15.0/target/release/build/icu_properties_data-4bc84c9a596419d1 -C strip=symbols -L dependency=/app/target/cpython-strict/build/primp-0.15.0/target/release/deps --cap-lints warn`
warning: field `0` is never read
   --> /app/target/cpython-strict/host-tools/cargo/registry/src/index.crates.io-1949cf8c6b5b557f/lock_api-0.4.12/src/lib.rs:103:24
    |
103 | pub struct GuardNoSend(*mut ());
    |            ----------- ^^^^^^^
    |            |
    |            field in this struct
    |
    = help: consider removing this field
    = note: `#[warn(dead_code)]` on by default

warning: `itoa` (lib) generated 1 warning (1 duplicate)
     Running `CARGO=/app/target/cpython-strict/host-tools/rustup/toolchains/nightly-2025-01-18-x86_64-unknown-linux-gnu/bin/cargo CARGO_CRATE_NAME=icu_locid_transform_data CARGO_MANIFEST_DIR=/app/target/cpython-strict/host-tools/cargo/registry/src/index.crates.io-1949cf8c6b5b557f/icu_locid_transform_data-1.5.1 CARGO_MANIFEST_PATH=/app/target/cpython-strict/host-tools/cargo/registry/src/index.crates.io-1949cf8c6b5b557f/icu_locid_transform_data-1.5.1/Cargo.toml CARGO_PKG_AUTHORS='The ICU4X Project Developers' CARGO_PKG_DESCRIPTION='Data for the icu_locid_transform crate' CARGO_PKG_HOMEPAGE='https://icu4x.unicode.org' CARGO_PKG_LICENSE=Unicode-3.0 CARGO_PKG_LICENSE_FILE='' CARGO_PKG_NAME=icu_locid_transform_data CARGO_PKG_README=README.md CARGO_PKG_REPOSITORY='https://github.com/unicode-org/icu4x' CARGO_PKG_RUST_VERSION=1.67 CARGO_PKG_VERSION=1.5.1 CARGO_PKG_VERSION_MAJOR=1 CARGO_PKG_VERSION_MINOR=5 CARGO_PKG_VERSION_PATCH=1 CARGO_PKG_VERSION_PRE='' LD_LIBRARY_PATH='/app/target/cpython-strict/build/primp-0.15.0/target/release/deps:/app/target/cpython-strict/host-tools/rustup/toolchains/nightly-2025-01-18-x86_64-unknown-linux-gnu/lib:/opt/kendryte-toolchain/bin/:' OUT_DIR=/app/target/cpython-strict/build/primp-0.15.0/target/loongarch64-unknown-linux-musl/release/build/icu_locid_transform_data-fa9ec29e25f831b9/out /app/target/cpython-strict/host-tools/rustup/toolchains/nightly-2025-01-18-x86_64-unknown-linux-gnu/bin/rustc --crate-name icu_locid_transform_data --edition=2021 /app/target/cpython-strict/host-tools/cargo/registry/src/index.crates.io-1949cf8c6b5b557f/icu_locid_transform_data-1.5.1/src/lib.rs --error-format=json --json=diagnostic-rendered-ansi,artifacts,future-incompat --crate-type lib --emit=dep-info,metadata,link -C opt-level=3 -C panic=abort -C linker-plugin-lto -C codegen-units=1 --check-cfg 'cfg(docsrs,test)' --check-cfg 'cfg(feature, values())' -C metadata=fc685b405463ae2c -C extra-filename=-e75db0dec2803d5b --out-dir /app/target/cpython-strict/build/primp-0.15.0/target/loongarch64-unknown-linux-musl/release/deps --target loongarch64-unknown-linux-musl -C linker=/app/target/cpython-strict/cross/loongarch64-linux-musl-gcc -C strip=symbols -L dependency=/app/target/cpython-strict/build/primp-0.15.0/target/loongarch64-unknown-linux-musl/release/deps -L dependency=/app/target/cpython-strict/build/primp-0.15.0/target/release/deps --cap-lints warn -C target-feature=-ual -C target-feature=-crt-static`
   Compiling cc v1.2.19
     Running `CARGO=/app/target/cpython-strict/host-tools/rustup/toolchains/nightly-2025-01-18-x86_64-unknown-linux-gnu/bin/cargo CARGO_CRATE_NAME=cc CARGO_MANIFEST_DIR=/app/target/cpython-strict/host-tools/cargo/registry/src/index.crates.io-1949cf8c6b5b557f/cc-1.2.19 CARGO_MANIFEST_PATH=/app/target/cpython-strict/host-tools/cargo/registry/src/index.crates.io-1949cf8c6b5b557f/cc-1.2.19/Cargo.toml CARGO_PKG_AUTHORS='Alex Crichton <alex@alexcrichton.com>' CARGO_PKG_DESCRIPTION='A build-time dependency for Cargo build scripts to assist in invoking the native
C compiler to compile native C code into a static archive to be linked into Rust
code.
' CARGO_PKG_HOMEPAGE='https://github.com/rust-lang/cc-rs' CARGO_PKG_LICENSE='MIT OR Apache-2.0' CARGO_PKG_LICENSE_FILE='' CARGO_PKG_NAME=cc CARGO_PKG_README=README.md CARGO_PKG_REPOSITORY='https://github.com/rust-lang/cc-rs' CARGO_PKG_RUST_VERSION=1.63 CARGO_PKG_VERSION=1.2.19 CARGO_PKG_VERSION_MAJOR=1 CARGO_PKG_VERSION_MINOR=2 CARGO_PKG_VERSION_PATCH=19 CARGO_PKG_VERSION_PRE='' LD_LIBRARY_PATH='/app/target/cpython-strict/build/primp-0.15.0/target/release/deps:/app/target/cpython-strict/host-tools/rustup/toolchains/nightly-2025-01-18-x86_64-unknown-linux-gnu/lib:/opt/kendryte-toolchain/bin/:' /app/target/cpython-strict/host-tools/rustup/toolchains/nightly-2025-01-18-x86_64-unknown-linux-gnu/bin/rustc --crate-name cc --edition=2018 /app/target/cpython-strict/host-tools/cargo/registry/src/index.crates.io-1949cf8c6b5b557f/cc-1.2.19/src/lib.rs --error-format=json --json=diagnostic-rendered-ansi,artifacts,future-incompat --crate-type lib --emit=dep-info,metadata,link -C embed-bitcode=no -C debug-assertions=off --cfg 'feature="parallel"' --check-cfg 'cfg(docsrs,test)' --check-cfg 'cfg(feature, values("jobserver", "parallel"))' -C metadata=ffb90aa58e7b7e00 -C extra-filename=-987fbd91ed379719 --out-dir /app/target/cpython-strict/build/primp-0.15.0/target/release/deps -C strip=symbols -L dependency=/app/target/cpython-strict/build/primp-0.15.0/target/release/deps --extern jobserver=/app/target/cpython-strict/build/primp-0.15.0/target/release/deps/libjobserver-4bb66142469680c6.rmeta --extern libc=/app/target/cpython-strict/build/primp-0.15.0/target/release/deps/liblibc-d907941c51b714b7.rmeta --extern shlex=/app/target/cpython-strict/build/primp-0.15.0/target/release/deps/libshlex-0a52e9259d25247b.rmeta --cap-lints warn`
warning: `lock_api` (lib) generated 8 warnings (1 duplicate)
   Compiling parking_lot v0.12.3
     Running `CARGO=/app/target/cpython-strict/host-tools/rustup/toolchains/nightly-2025-01-18-x86_64-unknown-linux-gnu/bin/cargo CARGO_CRATE_NAME=parking_lot CARGO_MANIFEST_DIR=/app/target/cpython-strict/host-tools/cargo/registry/src/index.crates.io-1949cf8c6b5b557f/parking_lot-0.12.3 CARGO_MANIFEST_PATH=/app/target/cpython-strict/host-tools/cargo/registry/src/index.crates.io-1949cf8c6b5b557f/parking_lot-0.12.3/Cargo.toml CARGO_PKG_AUTHORS='Amanieu d'\''Antras <amanieu@gmail.com>' CARGO_PKG_DESCRIPTION='More compact and efficient implementations of the standard synchronization primitives.' CARGO_PKG_HOMEPAGE='' CARGO_PKG_LICENSE='MIT OR Apache-2.0' CARGO_PKG_LICENSE_FILE='' CARGO_PKG_NAME=parking_lot CARGO_PKG_README=README.md CARGO_PKG_REPOSITORY='https://github.com/Amanieu/parking_lot' CARGO_PKG_RUST_VERSION=1.56 CARGO_PKG_VERSION=0.12.3 CARGO_PKG_VERSION_MAJOR=0 CARGO_PKG_VERSION_MINOR=12 CARGO_PKG_VERSION_PATCH=3 CARGO_PKG_VERSION_PRE='' LD_LIBRARY_PATH='/app/target/cpython-strict/build/primp-0.15.0/target/release/deps:/app/target/cpython-strict/host-tools/rustup/toolchains/nightly-2025-01-18-x86_64-unknown-linux-gnu/lib:/opt/kendryte-toolchain/bin/:' /app/target/cpython-strict/host-tools/rustup/toolchains/nightly-2025-01-18-x86_64-unknown-linux-gnu/bin/rustc --crate-name parking_lot --edition=2021 /app/target/cpython-strict/host-tools/cargo/registry/src/index.crates.io-1949cf8c6b5b557f/parking_lot-0.12.3/src/lib.rs --error-format=json --json=diagnostic-rendered-ansi,artifacts,future-incompat --crate-type lib --emit=dep-info,metadata,link -C opt-level=3 -C panic=abort -C linker-plugin-lto -C codegen-units=1 --cfg 'feature="default"' --check-cfg 'cfg(docsrs,test)' --check-cfg 'cfg(feature, values("arc_lock", "deadlock_detection", "default", "hardware-lock-elision", "nightly", "owning_ref", "send_guard", "serde"))' -C metadata=85001f9ae16e9668 -C extra-filename=-367baf77b5c66b29 --out-dir /app/target/cpython-strict/build/primp-0.15.0/target/loongarch64-unknown-linux-musl/release/deps --target loongarch64-unknown-linux-musl -C linker=/app/target/cpython-strict/cross/loongarch64-linux-musl-gcc -C strip=symbols -L dependency=/app/target/cpython-strict/build/primp-0.15.0/target/loongarch64-unknown-linux-musl/release/deps -L dependency=/app/target/cpython-strict/build/primp-0.15.0/target/release/deps --extern lock_api=/app/target/cpython-strict/build/primp-0.15.0/target/loongarch64-unknown-linux-musl/release/deps/liblock_api-ef38b7069f4c2cd3.rmeta --extern parking_lot_core=/app/target/cpython-strict/build/primp-0.15.0/target/loongarch64-unknown-linux-musl/release/deps/libparking_lot_core-98e7b6a78a85803c.rmeta --cap-lints warn -C target-feature=-ual -C target-feature=-crt-static`
warning: `litemap` (lib) generated 1 warning (1 duplicate)
   Compiling mio v1.0.3
     Running `CARGO=/app/target/cpython-strict/host-tools/rustup/toolchains/nightly-2025-01-18-x86_64-unknown-linux-gnu/bin/cargo CARGO_CRATE_NAME=mio CARGO_MANIFEST_DIR=/app/target/cpython-strict/host-tools/cargo/registry/src/index.crates.io-1949cf8c6b5b557f/mio-1.0.3 CARGO_MANIFEST_PATH=/app/target/cpython-strict/host-tools/cargo/registry/src/index.crates.io-1949cf8c6b5b557f/mio-1.0.3/Cargo.toml CARGO_PKG_AUTHORS='Carl Lerche <me@carllerche.com>:Thomas de Zeeuw <thomasdezeeuw@gmail.com>:Tokio Contributors <team@tokio.rs>' CARGO_PKG_DESCRIPTION='Lightweight non-blocking I/O.' CARGO_PKG_HOMEPAGE='https://github.com/tokio-rs/mio' CARGO_PKG_LICENSE=MIT CARGO_PKG_LICENSE_FILE='' CARGO_PKG_NAME=mio CARGO_PKG_README=README.md CARGO_PKG_REPOSITORY='https://github.com/tokio-rs/mio' CARGO_PKG_RUST_VERSION=1.70 CARGO_PKG_VERSION=1.0.3 CARGO_PKG_VERSION_MAJOR=1 CARGO_PKG_VERSION_MINOR=0 CARGO_PKG_VERSION_PATCH=3 CARGO_PKG_VERSION_PRE='' LD_LIBRARY_PATH='/app/target/cpython-strict/build/primp-0.15.0/target/release/deps:/app/target/cpython-strict/host-tools/rustup/toolchains/nightly-2025-01-18-x86_64-unknown-linux-gnu/lib:/opt/kendryte-toolchain/bin/:' /app/target/cpython-strict/host-tools/rustup/toolchains/nightly-2025-01-18-x86_64-unknown-linux-gnu/bin/rustc --crate-name mio --edition=2021 /app/target/cpython-strict/host-tools/cargo/registry/src/index.crates.io-1949cf8c6b5b557f/mio-1.0.3/src/lib.rs --error-format=json --json=diagnostic-rendered-ansi,artifacts,future-incompat --crate-type lib --emit=dep-info,metadata,link -C opt-level=3 -C panic=abort -C linker-plugin-lto -C codegen-units=1 --warn=unexpected_cfgs --check-cfg 'cfg(mio_unsupported_force_poll_poll)' --check-cfg 'cfg(mio_unsupported_force_waker_pipe)' --cfg 'feature="net"' --cfg 'feature="os-ext"' --cfg 'feature="os-poll"' --check-cfg 'cfg(docsrs,test)' --check-cfg 'cfg(feature, values("default", "log", "net", "os-ext", "os-poll"))' -C metadata=03b4a1c4dfe6a373 -C extra-filename=-b2b5a08e82d9ad4a --out-dir /app/target/cpython-strict/build/primp-0.15.0/target/loongarch64-unknown-linux-musl/release/deps --target loongarch64-unknown-linux-musl -C linker=/app/target/cpython-strict/cross/loongarch64-linux-musl-gcc -C strip=symbols -L dependency=/app/target/cpython-strict/build/primp-0.15.0/target/loongarch64-unknown-linux-musl/release/deps -L dependency=/app/target/cpython-strict/build/primp-0.15.0/target/release/deps --extern libc=/app/target/cpython-strict/build/primp-0.15.0/target/loongarch64-unknown-linux-musl/release/deps/liblibc-528e33ec45ba290f.rmeta --cap-lints warn -C target-feature=-ual -C target-feature=-crt-static`
warning: unexpected `cfg` condition name: `icu4x_custom_data`
  --> /app/target/cpython-strict/host-tools/cargo/registry/src/index.crates.io-1949cf8c6b5b557f/icu_locid_transform_data-1.5.1/src/lib.rs:14:7
   |
14 | #[cfg(icu4x_custom_data)]
   |       ^^^^^^^^^^^^^^^^^
   |
   = help: expected names are: `clippy`, `debug_assertions`, `doc`, `docsrs`, `doctest`, `feature`, `fmt_debug`, `miri`, `overflow_checks`, `panic`, `proc_macro`, `relocation_model`, `rustfmt`, `sanitize`, `sanitizer_cfi_generalize_pointers`, `sanitizer_cfi_normalize_integers`, `target_abi`, `target_arch`, `target_endian`, `target_env`, `target_family`, `target_feature`, `target_has_atomic`, `target_has_atomic_equal_alignment`, `target_has_atomic_load_store`, `target_os`, `target_pointer_width`, `target_thread_local`, `target_vendor`, `test`, `ub_checks`, `unix`, and `windows`
   = help: consider using a Cargo feature instead
   = help: or consider adding in `Cargo.toml` the `check-cfg` lint config for the lint:
            [lints.rust]
            unexpected_cfgs = { level = "warn", check-cfg = ['cfg(icu4x_custom_data)'] }
   = help: or consider adding `println!("cargo::rustc-check-cfg=cfg(icu4x_custom_data)");` to the top of the `build.rs`
   = note: see <https://doc.rust-lang.org/nightly/rustc/check-cfg/cargo-specifics.html> for more information about checking conditional configuration
   = note: `#[warn(unexpected_cfgs)]` on by default

warning: unexpected `cfg` condition name: `icu4x_custom_data`
  --> /app/target/cpython-strict/host-tools/cargo/registry/src/index.crates.io-1949cf8c6b5b557f/icu_locid_transform_data-1.5.1/src/lib.rs:16:11
   |
16 | #[cfg(not(icu4x_custom_data))]
   |           ^^^^^^^^^^^^^^^^^
   |
   = help: consider using a Cargo feature instead
   = help: or consider adding in `Cargo.toml` the `check-cfg` lint config for the lint:
            [lints.rust]
            unexpected_cfgs = { level = "warn", check-cfg = ['cfg(icu4x_custom_data)'] }
   = help: or consider adding `println!("cargo::rustc-check-cfg=cfg(icu4x_custom_data)");` to the top of the `build.rs`
   = note: see <https://doc.rust-lang.org/nightly/rustc/check-cfg/cargo-specifics.html> for more information about checking conditional configuration

   Compiling signal-hook-registry v1.4.2
     Running `CARGO=/app/target/cpython-strict/host-tools/rustup/toolchains/nightly-2025-01-18-x86_64-unknown-linux-gnu/bin/cargo CARGO_CRATE_NAME=signal_hook_registry CARGO_MANIFEST_DIR=/app/target/cpython-strict/host-tools/cargo/registry/src/index.crates.io-1949cf8c6b5b557f/signal-hook-registry-1.4.2 CARGO_MANIFEST_PATH=/app/target/cpython-strict/host-tools/cargo/registry/src/index.crates.io-1949cf8c6b5b557f/signal-hook-registry-1.4.2/Cargo.toml CARGO_PKG_AUTHORS='Michal '\''vorner'\'' Vaner <vorner@vorner.cz>:Masaki Hara <ackie.h.gmai@gmail.com>' CARGO_PKG_DESCRIPTION='Backend crate for signal-hook' CARGO_PKG_HOMEPAGE='' CARGO_PKG_LICENSE=Apache-2.0/MIT CARGO_PKG_LICENSE_FILE='' CARGO_PKG_NAME=signal-hook-registry CARGO_PKG_README=README.md CARGO_PKG_REPOSITORY='https://github.com/vorner/signal-hook' CARGO_PKG_RUST_VERSION='' CARGO_PKG_VERSION=1.4.2 CARGO_PKG_VERSION_MAJOR=1 CARGO_PKG_VERSION_MINOR=4 CARGO_PKG_VERSION_PATCH=2 CARGO_PKG_VERSION_PRE='' LD_LIBRARY_PATH='/app/target/cpython-strict/build/primp-0.15.0/target/release/deps:/app/target/cpython-strict/host-tools/rustup/toolchains/nightly-2025-01-18-x86_64-unknown-linux-gnu/lib:/opt/kendryte-toolchain/bin/:' /app/target/cpython-strict/host-tools/rustup/toolchains/nightly-2025-01-18-x86_64-unknown-linux-gnu/bin/rustc --crate-name signal_hook_registry --edition=2015 /app/target/cpython-strict/host-tools/cargo/registry/src/index.crates.io-1949cf8c6b5b557f/signal-hook-registry-1.4.2/src/lib.rs --error-format=json --json=diagnostic-rendered-ansi,artifacts,future-incompat --crate-type lib --emit=dep-info,metadata,link -C opt-level=3 -C panic=abort -C linker-plugin-lto -C codegen-units=1 --check-cfg 'cfg(docsrs,test)' --check-cfg 'cfg(feature, values())' -C metadata=4129805791450e5f -C extra-filename=-fbcc1b6b1ae9f935 --out-dir /app/target/cpython-strict/build/primp-0.15.0/target/loongarch64-unknown-linux-musl/release/deps --target loongarch64-unknown-linux-musl -C linker=/app/target/cpython-strict/cross/loongarch64-linux-musl-gcc -C strip=symbols -L dependency=/app/target/cpython-strict/build/primp-0.15.0/target/loongarch64-unknown-linux-musl/release/deps -L dependency=/app/target/cpython-strict/build/primp-0.15.0/target/release/deps --extern libc=/app/target/cpython-strict/build/primp-0.15.0/target/loongarch64-unknown-linux-musl/release/deps/liblibc-528e33ec45ba290f.rmeta --cap-lints warn -C target-feature=-ual -C target-feature=-crt-static`
warning: `icu_locid_transform_data` (lib) generated 3 warnings (1 duplicate)
   Compiling socket2 v0.5.9
warning: `parking_lot_core` (lib) generated 5 warnings (1 duplicate)
   Compiling icu_normalizer_data v1.5.1
     Running `CARGO=/app/target/cpython-strict/host-tools/rustup/toolchains/nightly-2025-01-18-x86_64-unknown-linux-gnu/bin/cargo CARGO_CRATE_NAME=socket2 CARGO_MANIFEST_DIR=/app/target/cpython-strict/host-tools/cargo/registry/src/index.crates.io-1949cf8c6b5b557f/socket2-0.5.9 CARGO_MANIFEST_PATH=/app/target/cpython-strict/host-tools/cargo/registry/src/index.crates.io-1949cf8c6b5b557f/socket2-0.5.9/Cargo.toml CARGO_PKG_AUTHORS='Alex Crichton <alex@alexcrichton.com>:Thomas de Zeeuw <thomasdezeeuw@gmail.com>' CARGO_PKG_DESCRIPTION='Utilities for handling networking sockets with a maximal amount of configuration
possible intended.
' CARGO_PKG_HOMEPAGE='https://github.com/rust-lang/socket2' CARGO_PKG_LICENSE='MIT OR Apache-2.0' CARGO_PKG_LICENSE_FILE='' CARGO_PKG_NAME=socket2 CARGO_PKG_README=README.md CARGO_PKG_REPOSITORY='https://github.com/rust-lang/socket2' CARGO_PKG_RUST_VERSION=1.63 CARGO_PKG_VERSION=0.5.9 CARGO_PKG_VERSION_MAJOR=0 CARGO_PKG_VERSION_MINOR=5 CARGO_PKG_VERSION_PATCH=9 CARGO_PKG_VERSION_PRE='' LD_LIBRARY_PATH='/app/target/cpython-strict/build/primp-0.15.0/target/release/deps:/app/target/cpython-strict/host-tools/rustup/toolchains/nightly-2025-01-18-x86_64-unknown-linux-gnu/lib:/opt/kendryte-toolchain/bin/:' /app/target/cpython-strict/host-tools/rustup/toolchains/nightly-2025-01-18-x86_64-unknown-linux-gnu/bin/rustc --crate-name socket2 --edition=2021 /app/target/cpython-strict/host-tools/cargo/registry/src/index.crates.io-1949cf8c6b5b557f/socket2-0.5.9/src/lib.rs --error-format=json --json=diagnostic-rendered-ansi,artifacts,future-incompat --crate-type lib --emit=dep-info,metadata,link -C opt-level=3 -C panic=abort -C linker-plugin-lto -C codegen-units=1 --cfg 'feature="all"' --check-cfg 'cfg(docsrs,test)' --check-cfg 'cfg(feature, values("all"))' -C metadata=c6344e9d729d36e0 -C extra-filename=-f9fffe543c2c54e9 --out-dir /app/target/cpython-strict/build/primp-0.15.0/target/loongarch64-unknown-linux-musl/release/deps --target loongarch64-unknown-linux-musl -C linker=/app/target/cpython-strict/cross/loongarch64-linux-musl-gcc -C strip=symbols -L dependency=/app/target/cpython-strict/build/primp-0.15.0/target/loongarch64-unknown-linux-musl/release/deps -L dependency=/app/target/cpython-strict/build/primp-0.15.0/target/release/deps --extern libc=/app/target/cpython-strict/build/primp-0.15.0/target/loongarch64-unknown-linux-musl/release/deps/liblibc-528e33ec45ba290f.rmeta --cap-lints warn -C target-feature=-ual -C target-feature=-crt-static`
     Running `CARGO=/app/target/cpython-strict/host-tools/rustup/toolchains/nightly-2025-01-18-x86_64-unknown-linux-gnu/bin/cargo CARGO_CRATE_NAME=build_script_build CARGO_MANIFEST_DIR=/app/target/cpython-strict/host-tools/cargo/registry/src/index.crates.io-1949cf8c6b5b557f/icu_normalizer_data-1.5.1 CARGO_MANIFEST_PATH=/app/target/cpython-strict/host-tools/cargo/registry/src/index.crates.io-1949cf8c6b5b557f/icu_normalizer_data-1.5.1/Cargo.toml CARGO_PKG_AUTHORS='The ICU4X Project Developers' CARGO_PKG_DESCRIPTION='Data for the icu_normalizer crate' CARGO_PKG_HOMEPAGE='https://icu4x.unicode.org' CARGO_PKG_LICENSE=Unicode-3.0 CARGO_PKG_LICENSE_FILE='' CARGO_PKG_NAME=icu_normalizer_data CARGO_PKG_README=README.md CARGO_PKG_REPOSITORY='https://github.com/unicode-org/icu4x' CARGO_PKG_RUST_VERSION=1.67 CARGO_PKG_VERSION=1.5.1 CARGO_PKG_VERSION_MAJOR=1 CARGO_PKG_VERSION_MINOR=5 CARGO_PKG_VERSION_PATCH=1 CARGO_PKG_VERSION_PRE='' LD_LIBRARY_PATH='/app/target/cpython-strict/build/primp-0.15.0/target/release/deps:/app/target/cpython-strict/host-tools/rustup/toolchains/nightly-2025-01-18-x86_64-unknown-linux-gnu/lib:/opt/kendryte-toolchain/bin/:' /app/target/cpython-strict/host-tools/rustup/toolchains/nightly-2025-01-18-x86_64-unknown-linux-gnu/bin/rustc --crate-name build_script_build --edition=2021 /app/target/cpython-strict/host-tools/cargo/registry/src/index.crates.io-1949cf8c6b5b557f/icu_normalizer_data-1.5.1/build.rs --error-format=json --json=diagnostic-rendered-ansi,artifacts,future-incompat --crate-type bin --emit=dep-info,link -C embed-bitcode=no -C debug-assertions=off --check-cfg 'cfg(docsrs,test)' --check-cfg 'cfg(feature, values())' -C metadata=ff14806aaeb24625 -C extra-filename=-bd03d235105417da --out-dir /app/target/cpython-strict/build/primp-0.15.0/target/release/build/icu_normalizer_data-bd03d235105417da -C strip=symbols -L dependency=/app/target/cpython-strict/build/primp-0.15.0/target/release/deps --cap-lints warn`
   Compiling syn v2.0.100
     Running `CARGO=/app/target/cpython-strict/host-tools/rustup/toolchains/nightly-2025-01-18-x86_64-unknown-linux-gnu/bin/cargo CARGO_CRATE_NAME=syn CARGO_MANIFEST_DIR=/app/target/cpython-strict/host-tools/cargo/registry/src/index.crates.io-1949cf8c6b5b557f/syn-2.0.100 CARGO_MANIFEST_PATH=/app/target/cpython-strict/host-tools/cargo/registry/src/index.crates.io-1949cf8c6b5b557f/syn-2.0.100/Cargo.toml CARGO_PKG_AUTHORS='David Tolnay <dtolnay@gmail.com>' CARGO_PKG_DESCRIPTION='Parser for Rust source code' CARGO_PKG_HOMEPAGE='' CARGO_PKG_LICENSE='MIT OR Apache-2.0' CARGO_PKG_LICENSE_FILE='' CARGO_PKG_NAME=syn CARGO_PKG_README=README.md CARGO_PKG_REPOSITORY='https://github.com/dtolnay/syn' CARGO_PKG_RUST_VERSION=1.61 CARGO_PKG_VERSION=2.0.100 CARGO_PKG_VERSION_MAJOR=2 CARGO_PKG_VERSION_MINOR=0 CARGO_PKG_VERSION_PATCH=100 CARGO_PKG_VERSION_PRE='' LD_LIBRARY_PATH='/app/target/cpython-strict/build/primp-0.15.0/target/release/deps:/app/target/cpython-strict/host-tools/rustup/toolchains/nightly-2025-01-18-x86_64-unknown-linux-gnu/lib:/opt/kendryte-toolchain/bin/:' /app/target/cpython-strict/host-tools/rustup/toolchains/nightly-2025-01-18-x86_64-unknown-linux-gnu/bin/rustc --crate-name syn --edition=2021 /app/target/cpython-strict/host-tools/cargo/registry/src/index.crates.io-1949cf8c6b5b557f/syn-2.0.100/src/lib.rs --error-format=json --json=diagnostic-rendered-ansi,artifacts,future-incompat --crate-type lib --emit=dep-info,metadata,link -C embed-bitcode=no -C debug-assertions=off --cfg 'feature="clone-impls"' --cfg 'feature="default"' --cfg 'feature="derive"' --cfg 'feature="extra-traits"' --cfg 'feature="fold"' --cfg 'feature="full"' --cfg 'feature="parsing"' --cfg 'feature="printing"' --cfg 'feature="proc-macro"' --cfg 'feature="visit"' --cfg 'feature="visit-mut"' --check-cfg 'cfg(docsrs,test)' --check-cfg 'cfg(feature, values("clone-impls", "default", "derive", "extra-traits", "fold", "full", "parsing", "printing", "proc-macro", "test", "visit", "visit-mut"))' -C metadata=02b98bb945c2c9b9 -C extra-filename=-4f64c6980b94321d --out-dir /app/target/cpython-strict/build/primp-0.15.0/target/release/deps -C strip=symbols -L dependency=/app/target/cpython-strict/build/primp-0.15.0/target/release/deps --extern proc_macro2=/app/target/cpython-strict/build/primp-0.15.0/target/release/deps/libproc_macro2-9db364b059323b41.rmeta --extern quote=/app/target/cpython-strict/build/primp-0.15.0/target/release/deps/libquote-430fd29c5f10253f.rmeta --extern unicode_ident=/app/target/cpython-strict/build/primp-0.15.0/target/release/deps/libunicode_ident-687bb67aea9472ba.rmeta --cap-lints warn`
     Running `CARGO=/app/target/cpython-strict/host-tools/rustup/toolchains/nightly-2025-01-18-x86_64-unknown-linux-gnu/bin/cargo CARGO_CFG_FEATURE='' CARGO_CFG_FMT_DEBUG=full CARGO_CFG_OVERFLOW_CHECKS='' CARGO_CFG_PANIC=unwind CARGO_CFG_RELOCATION_MODEL=pic CARGO_CFG_TARGET_ABI='' CARGO_CFG_TARGET_ARCH=loongarch64 CARGO_CFG_TARGET_ENDIAN=little CARGO_CFG_TARGET_ENV=musl CARGO_CFG_TARGET_FAMILY=unix CARGO_CFG_TARGET_FEATURE=d,f,lsx CARGO_CFG_TARGET_HAS_ATOMIC=16,32,64,8,ptr CARGO_CFG_TARGET_HAS_ATOMIC_EQUAL_ALIGNMENT=16,32,64,8,ptr CARGO_CFG_TARGET_HAS_ATOMIC_LOAD_STORE=16,32,64,8,ptr CARGO_CFG_TARGET_OS=linux CARGO_CFG_TARGET_POINTER_WIDTH=64 CARGO_CFG_TARGET_THREAD_LOCAL='' CARGO_CFG_TARGET_VENDOR=unknown CARGO_CFG_UB_CHECKS='' CARGO_CFG_UNIX='' CARGO_ENCODED_RUSTFLAGS='-Ctarget-feature=-ual-Ctarget-feature=-crt-static' CARGO_MANIFEST_DIR=/app/target/cpython-strict/host-tools/cargo/registry/src/index.crates.io-1949cf8c6b5b557f/icu_properties_data-1.5.1 CARGO_MANIFEST_PATH=/app/target/cpython-strict/host-tools/cargo/registry/src/index.crates.io-1949cf8c6b5b557f/icu_properties_data-1.5.1/Cargo.toml CARGO_PKG_AUTHORS='The ICU4X Project Developers' CARGO_PKG_DESCRIPTION='Data for the icu_properties crate' CARGO_PKG_HOMEPAGE='https://icu4x.unicode.org' CARGO_PKG_LICENSE=Unicode-3.0 CARGO_PKG_LICENSE_FILE='' CARGO_PKG_NAME=icu_properties_data CARGO_PKG_README=README.md CARGO_PKG_REPOSITORY='https://github.com/unicode-org/icu4x' CARGO_PKG_RUST_VERSION=1.67 CARGO_PKG_VERSION=1.5.1 CARGO_PKG_VERSION_MAJOR=1 CARGO_PKG_VERSION_MINOR=5 CARGO_PKG_VERSION_PATCH=1 CARGO_PKG_VERSION_PRE='' DEBUG=false HOST=x86_64-unknown-linux-gnu LD_LIBRARY_PATH='/app/target/cpython-strict/build/primp-0.15.0/target/release/deps:/app/target/cpython-strict/build/primp-0.15.0/target/release:/app/target/cpython-strict/host-tools/rustup/toolchains/nightly-2025-01-18-x86_64-unknown-linux-gnu/lib/rustlib/x86_64-unknown-linux-gnu/lib:/app/target/cpython-strict/host-tools/rustup/toolchains/nightly-2025-01-18-x86_64-unknown-linux-gnu/lib:/opt/kendryte-toolchain/bin/:' NUM_JOBS=10 OPT_LEVEL=3 OUT_DIR=/app/target/cpython-strict/build/primp-0.15.0/target/loongarch64-unknown-linux-musl/release/build/icu_properties_data-53095d136ee028fa/out PROFILE=release RUSTC=/app/target/cpython-strict/host-tools/rustup/toolchains/nightly-2025-01-18-x86_64-unknown-linux-gnu/bin/rustc RUSTC_LINKER=/app/target/cpython-strict/cross/loongarch64-linux-musl-gcc RUSTDOC=/app/target/cpython-strict/host-tools/rustup/toolchains/nightly-2025-01-18-x86_64-unknown-linux-gnu/bin/rustdoc TARGET=loongarch64-unknown-linux-musl /app/target/cpython-strict/build/primp-0.15.0/target/release/build/icu_properties_data-4bc84c9a596419d1/build-script-build`
   Compiling regex-syntax v0.8.5
     Running `CARGO=/app/target/cpython-strict/host-tools/rustup/toolchains/nightly-2025-01-18-x86_64-unknown-linux-gnu/bin/cargo CARGO_CRATE_NAME=regex_syntax CARGO_MANIFEST_DIR=/app/target/cpython-strict/host-tools/cargo/registry/src/index.crates.io-1949cf8c6b5b557f/regex-syntax-0.8.5 CARGO_MANIFEST_PATH=/app/target/cpython-strict/host-tools/cargo/registry/src/index.crates.io-1949cf8c6b5b557f/regex-syntax-0.8.5/Cargo.toml CARGO_PKG_AUTHORS='The Rust Project Developers:Andrew Gallant <jamslam@gmail.com>' CARGO_PKG_DESCRIPTION='A regular expression parser.' CARGO_PKG_HOMEPAGE='' CARGO_PKG_LICENSE='MIT OR Apache-2.0' CARGO_PKG_LICENSE_FILE='' CARGO_PKG_NAME=regex-syntax CARGO_PKG_README=README.md CARGO_PKG_REPOSITORY='https://github.com/rust-lang/regex/tree/master/regex-syntax' CARGO_PKG_RUST_VERSION=1.65 CARGO_PKG_VERSION=0.8.5 CARGO_PKG_VERSION_MAJOR=0 CARGO_PKG_VERSION_MINOR=8 CARGO_PKG_VERSION_PATCH=5 CARGO_PKG_VERSION_PRE='' LD_LIBRARY_PATH='/app/target/cpython-strict/build/primp-0.15.0/target/release/deps:/app/target/cpython-strict/host-tools/rustup/toolchains/nightly-2025-01-18-x86_64-unknown-linux-gnu/lib:/opt/kendryte-toolchain/bin/:' /app/target/cpython-strict/host-tools/rustup/toolchains/nightly-2025-01-18-x86_64-unknown-linux-gnu/bin/rustc --crate-name regex_syntax --edition=2021 /app/target/cpython-strict/host-tools/cargo/registry/src/index.crates.io-1949cf8c6b5b557f/regex-syntax-0.8.5/src/lib.rs --error-format=json --json=diagnostic-rendered-ansi,artifacts,future-incompat --crate-type lib --emit=dep-info,metadata,link -C embed-bitcode=no -C debug-assertions=off --cfg 'feature="std"' --cfg 'feature="unicode-perl"' --check-cfg 'cfg(docsrs,test)' --check-cfg 'cfg(feature, values("arbitrary", "default", "std", "unicode", "unicode-age", "unicode-bool", "unicode-case", "unicode-gencat", "unicode-perl", "unicode-script", "unicode-segment"))' -C metadata=8c280d568cdcf319 -C extra-filename=-ee06830fc055df81 --out-dir /app/target/cpython-strict/build/primp-0.15.0/target/release/deps -C strip=symbols -L dependency=/app/target/cpython-strict/build/primp-0.15.0/target/release/deps --cap-lints warn`
     Running `CARGO=/app/target/cpython-strict/host-tools/rustup/toolchains/nightly-2025-01-18-x86_64-unknown-linux-gnu/bin/cargo CARGO_CFG_FEATURE=clang_3_5,clang_3_6,clang_3_7,clang_3_8,clang_3_9,clang_4_0,clang_5_0,clang_6_0,libloading,runtime CARGO_CFG_FMT_DEBUG=full CARGO_CFG_OVERFLOW_CHECKS='' CARGO_CFG_PANIC=unwind CARGO_CFG_RELOCATION_MODEL=pic CARGO_CFG_TARGET_ABI='' CARGO_CFG_TARGET_ARCH=x86_64 CARGO_CFG_TARGET_ENDIAN=little CARGO_CFG_TARGET_ENV=gnu CARGO_CFG_TARGET_FAMILY=unix CARGO_CFG_TARGET_FEATURE=fxsr,sse,sse2,x87 CARGO_CFG_TARGET_HAS_ATOMIC=16,32,64,8,ptr CARGO_CFG_TARGET_HAS_ATOMIC_EQUAL_ALIGNMENT=16,32,64,8,ptr CARGO_CFG_TARGET_HAS_ATOMIC_LOAD_STORE=16,32,64,8,ptr CARGO_CFG_TARGET_OS=linux CARGO_CFG_TARGET_POINTER_WIDTH=64 CARGO_CFG_TARGET_THREAD_LOCAL='' CARGO_CFG_TARGET_VENDOR=unknown CARGO_CFG_UB_CHECKS='' CARGO_CFG_UNIX='' CARGO_ENCODED_RUSTFLAGS='' CARGO_FEATURE_CLANG_3_5=1 CARGO_FEATURE_CLANG_3_6=1 CARGO_FEATURE_CLANG_3_7=1 CARGO_FEATURE_CLANG_3_8=1 CARGO_FEATURE_CLANG_3_9=1 CARGO_FEATURE_CLANG_4_0=1 CARGO_FEATURE_CLANG_5_0=1 CARGO_FEATURE_CLANG_6_0=1 CARGO_FEATURE_LIBLOADING=1 CARGO_FEATURE_RUNTIME=1 CARGO_MANIFEST_DIR=/app/target/cpython-strict/host-tools/cargo/registry/src/index.crates.io-1949cf8c6b5b557f/clang-sys-1.8.1 CARGO_MANIFEST_LINKS=clang CARGO_MANIFEST_PATH=/app/target/cpython-strict/host-tools/cargo/registry/src/index.crates.io-1949cf8c6b5b557f/clang-sys-1.8.1/Cargo.toml CARGO_PKG_AUTHORS='Kyle Mayes <kyle@mayeses.com>' CARGO_PKG_DESCRIPTION='Rust bindings for libclang.' CARGO_PKG_HOMEPAGE='' CARGO_PKG_LICENSE=Apache-2.0 CARGO_PKG_LICENSE_FILE='' CARGO_PKG_NAME=clang-sys CARGO_PKG_README=README.md CARGO_PKG_REPOSITORY='https://github.com/KyleMayes/clang-sys' CARGO_PKG_RUST_VERSION='' CARGO_PKG_VERSION=1.8.1 CARGO_PKG_VERSION_MAJOR=1 CARGO_PKG_VERSION_MINOR=8 CARGO_PKG_VERSION_PATCH=1 CARGO_PKG_VERSION_PRE='' DEBUG=false HOST=x86_64-unknown-linux-gnu LD_LIBRARY_PATH='/app/target/cpython-strict/build/primp-0.15.0/target/release/deps:/app/target/cpython-strict/build/primp-0.15.0/target/release:/app/target/cpython-strict/host-tools/rustup/toolchains/nightly-2025-01-18-x86_64-unknown-linux-gnu/lib/rustlib/x86_64-unknown-linux-gnu/lib:/app/target/cpython-strict/host-tools/rustup/toolchains/nightly-2025-01-18-x86_64-unknown-linux-gnu/lib:/opt/kendryte-toolchain/bin/:' NUM_JOBS=10 OPT_LEVEL=0 OUT_DIR=/app/target/cpython-strict/build/primp-0.15.0/target/release/build/clang-sys-aed36a3e5585f884/out PROFILE=release RUSTC=/app/target/cpython-strict/host-tools/rustup/toolchains/nightly-2025-01-18-x86_64-unknown-linux-gnu/bin/rustc RUSTDOC=/app/target/cpython-strict/host-tools/rustup/toolchains/nightly-2025-01-18-x86_64-unknown-linux-gnu/bin/rustdoc TARGET=x86_64-unknown-linux-gnu /app/target/cpython-strict/build/primp-0.15.0/target/release/build/clang-sys-293fa02be9e418ec/build-script-build`
   Compiling memchr v2.7.4
     Running `CARGO=/app/target/cpython-strict/host-tools/rustup/toolchains/nightly-2025-01-18-x86_64-unknown-linux-gnu/bin/cargo CARGO_CRATE_NAME=memchr CARGO_MANIFEST_DIR=/app/target/cpython-strict/host-tools/cargo/registry/src/index.crates.io-1949cf8c6b5b557f/memchr-2.7.4 CARGO_MANIFEST_PATH=/app/target/cpython-strict/host-tools/cargo/registry/src/index.crates.io-1949cf8c6b5b557f/memchr-2.7.4/Cargo.toml CARGO_PKG_AUTHORS='Andrew Gallant <jamslam@gmail.com>:bluss' CARGO_PKG_DESCRIPTION='Provides extremely fast (uses SIMD on x86_64, aarch64 and wasm32) routines for
1, 2 or 3 byte search and single substring search.
' CARGO_PKG_HOMEPAGE='https://github.com/BurntSushi/memchr' CARGO_PKG_LICENSE='Unlicense OR MIT' CARGO_PKG_LICENSE_FILE='' CARGO_PKG_NAME=memchr CARGO_PKG_README=README.md CARGO_PKG_REPOSITORY='https://github.com/BurntSushi/memchr' CARGO_PKG_RUST_VERSION=1.61 CARGO_PKG_VERSION=2.7.4 CARGO_PKG_VERSION_MAJOR=2 CARGO_PKG_VERSION_MINOR=7 CARGO_PKG_VERSION_PATCH=4 CARGO_PKG_VERSION_PRE='' LD_LIBRARY_PATH='/app/target/cpython-strict/build/primp-0.15.0/target/release/deps:/app/target/cpython-strict/host-tools/rustup/toolchains/nightly-2025-01-18-x86_64-unknown-linux-gnu/lib:/opt/kendryte-toolchain/bin/:' /app/target/cpython-strict/host-tools/rustup/toolchains/nightly-2025-01-18-x86_64-unknown-linux-gnu/bin/rustc --crate-name memchr --edition=2021 /app/target/cpython-strict/host-tools/cargo/registry/src/index.crates.io-1949cf8c6b5b557f/memchr-2.7.4/src/lib.rs --error-format=json --json=diagnostic-rendered-ansi,artifacts,future-incompat --crate-type lib --emit=dep-info,metadata,link -C embed-bitcode=no -C debug-assertions=off --cfg 'feature="alloc"' --cfg 'feature="std"' --check-cfg 'cfg(docsrs,test)' --check-cfg 'cfg(feature, values("alloc", "compiler_builtins", "core", "default", "libc", "logging", "rustc-dep-of-std", "std", "use_std"))' -C metadata=c5c222f05f9c3499 -C extra-filename=-2b8917245a329f0e --out-dir /app/target/cpython-strict/build/primp-0.15.0/target/release/deps -C strip=symbols -L dependency=/app/target/cpython-strict/build/primp-0.15.0/target/release/deps --cap-lints warn`
warning: creating a shared reference to mutable static is discouraged
   --> /app/target/cpython-strict/host-tools/cargo/registry/src/index.crates.io-1949cf8c6b5b557f/signal-hook-registry-1.4.2/src/lib.rs:291:18
    |
291 |         unsafe { GLOBAL_DATA.as_ref().unwrap() }
    |                  ^^^^^^^^^^^^^^^^^^^^ shared reference to mutable static
    |
    = note: for more information, see <https://doc.rust-lang.org/nightly/edition-guide/rust-2024/static-mut-references.html>
    = note: shared references to mutable statics are dangerous; it's undefined behavior if the static is mutated or if a mutable reference is created for it while the shared reference lives
    = note: `#[warn(static_mut_refs)]` on by default

   Compiling minimal-lexical v0.2.1
     Running `CARGO=/app/target/cpython-strict/host-tools/rustup/toolchains/nightly-2025-01-18-x86_64-unknown-linux-gnu/bin/cargo CARGO_CRATE_NAME=minimal_lexical CARGO_MANIFEST_DIR=/app/target/cpython-strict/host-tools/cargo/registry/src/index.crates.io-1949cf8c6b5b557f/minimal-lexical-0.2.1 CARGO_MANIFEST_PATH=/app/target/cpython-strict/host-tools/cargo/registry/src/index.crates.io-1949cf8c6b5b557f/minimal-lexical-0.2.1/Cargo.toml CARGO_PKG_AUTHORS='Alex Huszagh <ahuszagh@gmail.com>' CARGO_PKG_DESCRIPTION='Fast float parsing conversion routines.' CARGO_PKG_HOMEPAGE='' CARGO_PKG_LICENSE=MIT/Apache-2.0 CARGO_PKG_LICENSE_FILE='' CARGO_PKG_NAME=minimal-lexical CARGO_PKG_README=README.md CARGO_PKG_REPOSITORY='https://github.com/Alexhuszagh/minimal-lexical' CARGO_PKG_RUST_VERSION='' CARGO_PKG_VERSION=0.2.1 CARGO_PKG_VERSION_MAJOR=0 CARGO_PKG_VERSION_MINOR=2 CARGO_PKG_VERSION_PATCH=1 CARGO_PKG_VERSION_PRE='' LD_LIBRARY_PATH='/app/target/cpython-strict/build/primp-0.15.0/target/release/deps:/app/target/cpython-strict/host-tools/rustup/toolchains/nightly-2025-01-18-x86_64-unknown-linux-gnu/lib:/opt/kendryte-toolchain/bin/:' /app/target/cpython-strict/host-tools/rustup/toolchains/nightly-2025-01-18-x86_64-unknown-linux-gnu/bin/rustc --crate-name minimal_lexical --edition=2018 /app/target/cpython-strict/host-tools/cargo/registry/src/index.crates.io-1949cf8c6b5b557f/minimal-lexical-0.2.1/src/lib.rs --error-format=json --json=diagnostic-rendered-ansi,artifacts,future-incompat --crate-type lib --emit=dep-info,metadata,link -C embed-bitcode=no -C debug-assertions=off --cfg 'feature="std"' --check-cfg 'cfg(docsrs,test)' --check-cfg 'cfg(feature, values("alloc", "compact", "default", "lint", "nightly", "std"))' -C metadata=2673519703e0a993 -C extra-filename=-a5854417932c1a3d --out-dir /app/target/cpython-strict/build/primp-0.15.0/target/release/deps -C strip=symbols -L dependency=/app/target/cpython-strict/build/primp-0.15.0/target/release/deps --cap-lints warn`
     Running `CARGO=/app/target/cpython-strict/host-tools/rustup/toolchains/nightly-2025-01-18-x86_64-unknown-linux-gnu/bin/cargo CARGO_CFG_FEATURE=abi3,abi3-py310,abi3-py311,abi3-py312,abi3-py313,abi3-py38,abi3-py39,default,extension-module,resolve-config CARGO_CFG_FMT_DEBUG=full CARGO_CFG_OVERFLOW_CHECKS='' CARGO_CFG_PANIC=unwind CARGO_CFG_RELOCATION_MODEL=pic CARGO_CFG_TARGET_ABI='' CARGO_CFG_TARGET_ARCH=x86_64 CARGO_CFG_TARGET_ENDIAN=little CARGO_CFG_TARGET_ENV=gnu CARGO_CFG_TARGET_FAMILY=unix CARGO_CFG_TARGET_FEATURE=fxsr,sse,sse2,x87 CARGO_CFG_TARGET_HAS_ATOMIC=16,32,64,8,ptr CARGO_CFG_TARGET_HAS_ATOMIC_EQUAL_ALIGNMENT=16,32,64,8,ptr CARGO_CFG_TARGET_HAS_ATOMIC_LOAD_STORE=16,32,64,8,ptr CARGO_CFG_TARGET_OS=linux CARGO_CFG_TARGET_POINTER_WIDTH=64 CARGO_CFG_TARGET_THREAD_LOCAL='' CARGO_CFG_TARGET_VENDOR=unknown CARGO_CFG_UB_CHECKS='' CARGO_CFG_UNIX='' CARGO_ENCODED_RUSTFLAGS='' CARGO_FEATURE_ABI3=1 CARGO_FEATURE_ABI3_PY310=1 CARGO_FEATURE_ABI3_PY311=1 CARGO_FEATURE_ABI3_PY312=1 CARGO_FEATURE_ABI3_PY313=1 CARGO_FEATURE_ABI3_PY38=1 CARGO_FEATURE_ABI3_PY39=1 CARGO_FEATURE_DEFAULT=1 CARGO_FEATURE_EXTENSION_MODULE=1 CARGO_FEATURE_RESOLVE_CONFIG=1 CARGO_MANIFEST_DIR=/app/target/cpython-strict/host-tools/cargo/registry/src/index.crates.io-1949cf8c6b5b557f/pyo3-build-config-0.24.1 CARGO_MANIFEST_PATH=/app/target/cpython-strict/host-tools/cargo/registry/src/index.crates.io-1949cf8c6b5b557f/pyo3-build-config-0.24.1/Cargo.toml CARGO_PKG_AUTHORS='PyO3 Project and Contributors <https://github.com/PyO3>' CARGO_PKG_DESCRIPTION='Build configuration for the PyO3 ecosystem' CARGO_PKG_HOMEPAGE='https://github.com/pyo3/pyo3' CARGO_PKG_LICENSE='MIT OR Apache-2.0' CARGO_PKG_LICENSE_FILE='' CARGO_PKG_NAME=pyo3-build-config CARGO_PKG_README='' CARGO_PKG_REPOSITORY='https://github.com/pyo3/pyo3' CARGO_PKG_RUST_VERSION=1.63 CARGO_PKG_VERSION=0.24.1 CARGO_PKG_VERSION_MAJOR=0 CARGO_PKG_VERSION_MINOR=24 CARGO_PKG_VERSION_PATCH=1 CARGO_PKG_VERSION_PRE='' DEBUG=false HOST=x86_64-unknown-linux-gnu LD_LIBRARY_PATH='/app/target/cpython-strict/build/primp-0.15.0/target/release/deps:/app/target/cpython-strict/build/primp-0.15.0/target/release:/app/target/cpython-strict/host-tools/rustup/toolchains/nightly-2025-01-18-x86_64-unknown-linux-gnu/lib/rustlib/x86_64-unknown-linux-gnu/lib:/app/target/cpython-strict/host-tools/rustup/toolchains/nightly-2025-01-18-x86_64-unknown-linux-gnu/lib:/opt/kendryte-toolchain/bin/:' NUM_JOBS=10 OPT_LEVEL=0 OUT_DIR=/app/target/cpython-strict/build/primp-0.15.0/target/release/build/pyo3-build-config-26f1f11876f86d44/out PROFILE=release RUSTC=/app/target/cpython-strict/host-tools/rustup/toolchains/nightly-2025-01-18-x86_64-unknown-linux-gnu/bin/rustc RUSTDOC=/app/target/cpython-strict/host-tools/rustup/toolchains/nightly-2025-01-18-x86_64-unknown-linux-gnu/bin/rustdoc TARGET=x86_64-unknown-linux-gnu /app/target/cpython-strict/build/primp-0.15.0/target/release/build/pyo3-build-config-f746212ae25355bd/build-script-build`
     Running `CARGO=/app/target/cpython-strict/host-tools/rustup/toolchains/nightly-2025-01-18-x86_64-unknown-linux-gnu/bin/cargo CARGO_CRATE_NAME=pyo3_build_config CARGO_MANIFEST_DIR=/app/target/cpython-strict/host-tools/cargo/registry/src/index.crates.io-1949cf8c6b5b557f/pyo3-build-config-0.24.1 CARGO_MANIFEST_PATH=/app/target/cpython-strict/host-tools/cargo/registry/src/index.crates.io-1949cf8c6b5b557f/pyo3-build-config-0.24.1/Cargo.toml CARGO_PKG_AUTHORS='PyO3 Project and Contributors <https://github.com/PyO3>' CARGO_PKG_DESCRIPTION='Build configuration for the PyO3 ecosystem' CARGO_PKG_HOMEPAGE='https://github.com/pyo3/pyo3' CARGO_PKG_LICENSE='MIT OR Apache-2.0' CARGO_PKG_LICENSE_FILE='' CARGO_PKG_NAME=pyo3-build-config CARGO_PKG_README='' CARGO_PKG_REPOSITORY='https://github.com/pyo3/pyo3' CARGO_PKG_RUST_VERSION=1.63 CARGO_PKG_VERSION=0.24.1 CARGO_PKG_VERSION_MAJOR=0 CARGO_PKG_VERSION_MINOR=24 CARGO_PKG_VERSION_PATCH=1 CARGO_PKG_VERSION_PRE='' LD_LIBRARY_PATH='/app/target/cpython-strict/build/primp-0.15.0/target/release/deps:/app/target/cpython-strict/host-tools/rustup/toolchains/nightly-2025-01-18-x86_64-unknown-linux-gnu/lib:/opt/kendryte-toolchain/bin/:' OUT_DIR=/app/target/cpython-strict/build/primp-0.15.0/target/release/build/pyo3-build-config-26f1f11876f86d44/out /app/target/cpython-strict/host-tools/rustup/toolchains/nightly-2025-01-18-x86_64-unknown-linux-gnu/bin/rustc --crate-name pyo3_build_config --edition=2021 /app/target/cpython-strict/host-tools/cargo/registry/src/index.crates.io-1949cf8c6b5b557f/pyo3-build-config-0.24.1/src/lib.rs --error-format=json --json=diagnostic-rendered-ansi,artifacts,future-incompat --crate-type lib --emit=dep-info,metadata,link -C embed-bitcode=no -C debug-assertions=off --cfg 'feature="abi3"' --cfg 'feature="abi3-py310"' --cfg 'feature="abi3-py311"' --cfg 'feature="abi3-py312"' --cfg 'feature="abi3-py313"' --cfg 'feature="abi3-py38"' --cfg 'feature="abi3-py39"' --cfg 'feature="default"' --cfg 'feature="extension-module"' --cfg 'feature="resolve-config"' --check-cfg 'cfg(docsrs,test)' --check-cfg 'cfg(feature, values("abi3", "abi3-py310", "abi3-py311", "abi3-py312", "abi3-py313", "abi3-py37", "abi3-py38", "abi3-py39", "default", "extension-module", "python3-dll-a", "resolve-config"))' -C metadata=64959bcab40fd572 -C extra-filename=-daf58e5897111b40 --out-dir /app/target/cpython-strict/build/primp-0.15.0/target/release/deps -C strip=symbols -L dependency=/app/target/cpython-strict/build/primp-0.15.0/target/release/deps --extern once_cell=/app/target/cpython-strict/build/primp-0.15.0/target/release/deps/libonce_cell-8dddeb56b62ebbd8.rmeta --extern target_lexicon=/app/target/cpython-strict/build/primp-0.15.0/target/release/deps/libtarget_lexicon-e8432c2636bd0cc7.rmeta --cap-lints warn`
warning: `signal-hook-registry` (lib) generated 2 warnings (1 duplicate)
     Running `CARGO=/app/target/cpython-strict/host-tools/rustup/toolchains/nightly-2025-01-18-x86_64-unknown-linux-gnu/bin/cargo CARGO_CRATE_NAME=cfg_if CARGO_MANIFEST_DIR=/app/target/cpython-strict/host-tools/cargo/registry/src/index.crates.io-1949cf8c6b5b557f/cfg-if-1.0.0 CARGO_MANIFEST_PATH=/app/target/cpython-strict/host-tools/cargo/registry/src/index.crates.io-1949cf8c6b5b557f/cfg-if-1.0.0/Cargo.toml CARGO_PKG_AUTHORS='Alex Crichton <alex@alexcrichton.com>' CARGO_PKG_DESCRIPTION='A macro to ergonomically define an item depending on a large number of #[cfg]
parameters. Structured like an if-else chain, the first matching branch is the
item that gets emitted.
' CARGO_PKG_HOMEPAGE='https://github.com/alexcrichton/cfg-if' CARGO_PKG_LICENSE=MIT/Apache-2.0 CARGO_PKG_LICENSE_FILE='' CARGO_PKG_NAME=cfg-if CARGO_PKG_README=README.md CARGO_PKG_REPOSITORY='https://github.com/alexcrichton/cfg-if' CARGO_PKG_RUST_VERSION='' CARGO_PKG_VERSION=1.0.0 CARGO_PKG_VERSION_MAJOR=1 CARGO_PKG_VERSION_MINOR=0 CARGO_PKG_VERSION_PATCH=0 CARGO_PKG_VERSION_PRE='' LD_LIBRARY_PATH='/app/target/cpython-strict/build/primp-0.15.0/target/release/deps:/app/target/cpython-strict/host-tools/rustup/toolchains/nightly-2025-01-18-x86_64-unknown-linux-gnu/lib:/opt/kendryte-toolchain/bin/:' /app/target/cpython-strict/host-tools/rustup/toolchains/nightly-2025-01-18-x86_64-unknown-linux-gnu/bin/rustc --crate-name cfg_if --edition=2018 /app/target/cpython-strict/host-tools/cargo/registry/src/index.crates.io-1949cf8c6b5b557f/cfg-if-1.0.0/src/lib.rs --error-format=json --json=diagnostic-rendered-ansi,artifacts,future-incompat --crate-type lib --emit=dep-info,metadata,link -C embed-bitcode=no -C debug-assertions=off --check-cfg 'cfg(docsrs,test)' --check-cfg 'cfg(feature, values("compiler_builtins", "core", "rustc-dep-of-std"))' -C metadata=076384947945d8cf -C extra-filename=-9bcfb54aef0741b0 --out-dir /app/target/cpython-strict/build/primp-0.15.0/target/release/deps -C strip=symbols -L dependency=/app/target/cpython-strict/build/primp-0.15.0/target/release/deps --cap-lints warn`
warning: `mio` (lib) generated 1 warning (1 duplicate)
   Compiling rand_core v0.6.4
     Running `CARGO=/app/target/cpython-strict/host-tools/rustup/toolchains/nightly-2025-01-18-x86_64-unknown-linux-gnu/bin/cargo CARGO_CRATE_NAME=rand_core CARGO_MANIFEST_DIR=/app/target/cpython-strict/host-tools/cargo/registry/src/index.crates.io-1949cf8c6b5b557f/rand_core-0.6.4 CARGO_MANIFEST_PATH=/app/target/cpython-strict/host-tools/cargo/registry/src/index.crates.io-1949cf8c6b5b557f/rand_core-0.6.4/Cargo.toml CARGO_PKG_AUTHORS='The Rand Project Developers:The Rust Project Developers' CARGO_PKG_DESCRIPTION='Core random number generator traits and tools for implementation.
' CARGO_PKG_HOMEPAGE='https://rust-random.github.io/book' CARGO_PKG_LICENSE='MIT OR Apache-2.0' CARGO_PKG_LICENSE_FILE='' CARGO_PKG_NAME=rand_core CARGO_PKG_README=README.md CARGO_PKG_REPOSITORY='https://github.com/rust-random/rand' CARGO_PKG_RUST_VERSION='' CARGO_PKG_VERSION=0.6.4 CARGO_PKG_VERSION_MAJOR=0 CARGO_PKG_VERSION_MINOR=6 CARGO_PKG_VERSION_PATCH=4 CARGO_PKG_VERSION_PRE='' LD_LIBRARY_PATH='/app/target/cpython-strict/build/primp-0.15.0/target/release/deps:/app/target/cpython-strict/host-tools/rustup/toolchains/nightly-2025-01-18-x86_64-unknown-linux-gnu/lib:/opt/kendryte-toolchain/bin/:' /app/target/cpython-strict/host-tools/rustup/toolchains/nightly-2025-01-18-x86_64-unknown-linux-gnu/bin/rustc --crate-name rand_core --edition=2018 /app/target/cpython-strict/host-tools/cargo/registry/src/index.crates.io-1949cf8c6b5b557f/rand_core-0.6.4/src/lib.rs --error-format=json --json=diagnostic-rendered-ansi,artifacts,future-incompat --crate-type lib --emit=dep-info,metadata,link -C embed-bitcode=no -C debug-assertions=off --check-cfg 'cfg(docsrs,test)' --check-cfg 'cfg(feature, values("alloc", "getrandom", "serde", "serde1", "std"))' -C metadata=36133ae62b8306ef -C extra-filename=-bccb87410cfb3d65 --out-dir /app/target/cpython-strict/build/primp-0.15.0/target/release/deps -C strip=symbols -L dependency=/app/target/cpython-strict/build/primp-0.15.0/target/release/deps --cap-lints warn`
warning: `parking_lot` (lib) generated 1 warning (1 duplicate)
   Compiling siphasher v1.0.1
     Running `CARGO=/app/target/cpython-strict/host-tools/rustup/toolchains/nightly-2025-01-18-x86_64-unknown-linux-gnu/bin/cargo CARGO_CRATE_NAME=siphasher CARGO_MANIFEST_DIR=/app/target/cpython-strict/host-tools/cargo/registry/src/index.crates.io-1949cf8c6b5b557f/siphasher-1.0.1 CARGO_MANIFEST_PATH=/app/target/cpython-strict/host-tools/cargo/registry/src/index.crates.io-1949cf8c6b5b557f/siphasher-1.0.1/Cargo.toml CARGO_PKG_AUTHORS='Frank Denis <github@pureftpd.org>' CARGO_PKG_DESCRIPTION='SipHash-2-4, SipHash-1-3 and 128-bit variants in pure Rust' CARGO_PKG_HOMEPAGE='https://docs.rs/siphasher' CARGO_PKG_LICENSE=MIT/Apache-2.0 CARGO_PKG_LICENSE_FILE='' CARGO_PKG_NAME=siphasher CARGO_PKG_README=README.md CARGO_PKG_REPOSITORY='https://github.com/jedisct1/rust-siphash' CARGO_PKG_RUST_VERSION='' CARGO_PKG_VERSION=1.0.1 CARGO_PKG_VERSION_MAJOR=1 CARGO_PKG_VERSION_MINOR=0 CARGO_PKG_VERSION_PATCH=1 CARGO_PKG_VERSION_PRE='' LD_LIBRARY_PATH='/app/target/cpython-strict/build/primp-0.15.0/target/release/deps:/app/target/cpython-strict/host-tools/rustup/toolchains/nightly-2025-01-18-x86_64-unknown-linux-gnu/lib:/opt/kendryte-toolchain/bin/:' /app/target/cpython-strict/host-tools/rustup/toolchains/nightly-2025-01-18-x86_64-unknown-linux-gnu/bin/rustc --crate-name siphasher --edition=2018 /app/target/cpython-strict/host-tools/cargo/registry/src/index.crates.io-1949cf8c6b5b557f/siphasher-1.0.1/src/lib.rs --error-format=json --json=diagnostic-rendered-ansi,artifacts,future-incompat --crate-type lib --emit=dep-info,metadata,link -C embed-bitcode=no -C debug-assertions=off --cfg 'feature="default"' --cfg 'feature="std"' --check-cfg 'cfg(docsrs,test)' --check-cfg 'cfg(feature, values("default", "serde", "serde_json", "serde_no_std", "serde_std", "std"))' -C metadata=50e182d21651fb56 -C extra-filename=-638f0721e384db32 --out-dir /app/target/cpython-strict/build/primp-0.15.0/target/release/deps -C strip=symbols -L dependency=/app/target/cpython-strict/build/primp-0.15.0/target/release/deps --cap-lints warn`
warning: `socket2` (lib) generated 1 warning (1 duplicate)
     Running `CARGO=/app/target/cpython-strict/host-tools/rustup/toolchains/nightly-2025-01-18-x86_64-unknown-linux-gnu/bin/cargo CARGO_CFG_FEATURE='' CARGO_CFG_FMT_DEBUG=full CARGO_CFG_OVERFLOW_CHECKS='' CARGO_CFG_PANIC=unwind CARGO_CFG_RELOCATION_MODEL=pic CARGO_CFG_TARGET_ABI='' CARGO_CFG_TARGET_ARCH=loongarch64 CARGO_CFG_TARGET_ENDIAN=little CARGO_CFG_TARGET_ENV=musl CARGO_CFG_TARGET_FAMILY=unix CARGO_CFG_TARGET_FEATURE=d,f,lsx CARGO_CFG_TARGET_HAS_ATOMIC=16,32,64,8,ptr CARGO_CFG_TARGET_HAS_ATOMIC_EQUAL_ALIGNMENT=16,32,64,8,ptr CARGO_CFG_TARGET_HAS_ATOMIC_LOAD_STORE=16,32,64,8,ptr CARGO_CFG_TARGET_OS=linux CARGO_CFG_TARGET_POINTER_WIDTH=64 CARGO_CFG_TARGET_THREAD_LOCAL='' CARGO_CFG_TARGET_VENDOR=unknown CARGO_CFG_UB_CHECKS='' CARGO_CFG_UNIX='' CARGO_ENCODED_RUSTFLAGS='-Ctarget-feature=-ual-Ctarget-feature=-crt-static' CARGO_MANIFEST_DIR=/app/target/cpython-strict/host-tools/cargo/registry/src/index.crates.io-1949cf8c6b5b557f/icu_normalizer_data-1.5.1 CARGO_MANIFEST_PATH=/app/target/cpython-strict/host-tools/cargo/registry/src/index.crates.io-1949cf8c6b5b557f/icu_normalizer_data-1.5.1/Cargo.toml CARGO_PKG_AUTHORS='The ICU4X Project Developers' CARGO_PKG_DESCRIPTION='Data for the icu_normalizer crate' CARGO_PKG_HOMEPAGE='https://icu4x.unicode.org' CARGO_PKG_LICENSE=Unicode-3.0 CARGO_PKG_LICENSE_FILE='' CARGO_PKG_NAME=icu_normalizer_data CARGO_PKG_README=README.md CARGO_PKG_REPOSITORY='https://github.com/unicode-org/icu4x' CARGO_PKG_RUST_VERSION=1.67 CARGO_PKG_VERSION=1.5.1 CARGO_PKG_VERSION_MAJOR=1 CARGO_PKG_VERSION_MINOR=5 CARGO_PKG_VERSION_PATCH=1 CARGO_PKG_VERSION_PRE='' DEBUG=false HOST=x86_64-unknown-linux-gnu LD_LIBRARY_PATH='/app/target/cpython-strict/build/primp-0.15.0/target/release/deps:/app/target/cpython-strict/build/primp-0.15.0/target/release:/app/target/cpython-strict/host-tools/rustup/toolchains/nightly-2025-01-18-x86_64-unknown-linux-gnu/lib/rustlib/x86_64-unknown-linux-gnu/lib:/app/target/cpython-strict/host-tools/rustup/toolchains/nightly-2025-01-18-x86_64-unknown-linux-gnu/lib:/opt/kendryte-toolchain/bin/:' NUM_JOBS=10 OPT_LEVEL=3 OUT_DIR=/app/target/cpython-strict/build/primp-0.15.0/target/loongarch64-unknown-linux-musl/release/build/icu_normalizer_data-c057298c4f7c191c/out PROFILE=release RUSTC=/app/target/cpython-strict/host-tools/rustup/toolchains/nightly-2025-01-18-x86_64-unknown-linux-gnu/bin/rustc RUSTC_LINKER=/app/target/cpython-strict/cross/loongarch64-linux-musl-gcc RUSTDOC=/app/target/cpython-strict/host-tools/rustup/toolchains/nightly-2025-01-18-x86_64-unknown-linux-gnu/bin/rustdoc TARGET=loongarch64-unknown-linux-musl /app/target/cpython-strict/build/primp-0.15.0/target/release/build/icu_normalizer_data-bd03d235105417da/build-script-build`
     Running `CARGO=/app/target/cpython-strict/host-tools/rustup/toolchains/nightly-2025-01-18-x86_64-unknown-linux-gnu/bin/cargo CARGO_CRATE_NAME=icu_properties_data CARGO_MANIFEST_DIR=/app/target/cpython-strict/host-tools/cargo/registry/src/index.crates.io-1949cf8c6b5b557f/icu_properties_data-1.5.1 CARGO_MANIFEST_PATH=/app/target/cpython-strict/host-tools/cargo/registry/src/index.crates.io-1949cf8c6b5b557f/icu_properties_data-1.5.1/Cargo.toml CARGO_PKG_AUTHORS='The ICU4X Project Developers' CARGO_PKG_DESCRIPTION='Data for the icu_properties crate' CARGO_PKG_HOMEPAGE='https://icu4x.unicode.org' CARGO_PKG_LICENSE=Unicode-3.0 CARGO_PKG_LICENSE_FILE='' CARGO_PKG_NAME=icu_properties_data CARGO_PKG_README=README.md CARGO_PKG_REPOSITORY='https://github.com/unicode-org/icu4x' CARGO_PKG_RUST_VERSION=1.67 CARGO_PKG_VERSION=1.5.1 CARGO_PKG_VERSION_MAJOR=1 CARGO_PKG_VERSION_MINOR=5 CARGO_PKG_VERSION_PATCH=1 CARGO_PKG_VERSION_PRE='' LD_LIBRARY_PATH='/app/target/cpython-strict/build/primp-0.15.0/target/release/deps:/app/target/cpython-strict/host-tools/rustup/toolchains/nightly-2025-01-18-x86_64-unknown-linux-gnu/lib:/opt/kendryte-toolchain/bin/:' OUT_DIR=/app/target/cpython-strict/build/primp-0.15.0/target/loongarch64-unknown-linux-musl/release/build/icu_properties_data-53095d136ee028fa/out /app/target/cpython-strict/host-tools/rustup/toolchains/nightly-2025-01-18-x86_64-unknown-linux-gnu/bin/rustc --crate-name icu_properties_data --edition=2021 /app/target/cpython-strict/host-tools/cargo/registry/src/index.crates.io-1949cf8c6b5b557f/icu_properties_data-1.5.1/src/lib.rs --error-format=json --json=diagnostic-rendered-ansi,artifacts,future-incompat --crate-type lib --emit=dep-info,metadata,link -C opt-level=3 -C panic=abort -C linker-plugin-lto -C codegen-units=1 --check-cfg 'cfg(docsrs,test)' --check-cfg 'cfg(feature, values())' -C metadata=d370539674abf2de -C extra-filename=-8ad457cc3ac65f1d --out-dir /app/target/cpython-strict/build/primp-0.15.0/target/loongarch64-unknown-linux-musl/release/deps --target loongarch64-unknown-linux-musl -C linker=/app/target/cpython-strict/cross/loongarch64-linux-musl-gcc -C strip=symbols -L dependency=/app/target/cpython-strict/build/primp-0.15.0/target/loongarch64-unknown-linux-musl/release/deps -L dependency=/app/target/cpython-strict/build/primp-0.15.0/target/release/deps --cap-lints warn -C target-feature=-ual -C target-feature=-crt-static`
warning: unexpected `cfg` condition name: `doc_cfg`
  --> /app/target/cpython-strict/host-tools/cargo/registry/src/index.crates.io-1949cf8c6b5b557f/rand_core-0.6.4/src/lib.rs:38:13
   |
38 | #![cfg_attr(doc_cfg, feature(doc_cfg))]
   |             ^^^^^^^
   |
   = help: expected names are: `clippy`, `debug_assertions`, `doc`, `docsrs`, `doctest`, `feature`, `fmt_debug`, `miri`, `overflow_checks`, `panic`, `proc_macro`, `relocation_model`, `rustfmt`, `sanitize`, `sanitizer_cfi_generalize_pointers`, `sanitizer_cfi_normalize_integers`, `target_abi`, `target_arch`, `target_endian`, `target_env`, `target_family`, `target_feature`, `target_has_atomic`, `target_has_atomic_equal_alignment`, `target_has_atomic_load_store`, `target_os`, `target_pointer_width`, `target_thread_local`, `target_vendor`, `test`, `ub_checks`, `unix`, and `windows`
   = help: consider using a Cargo feature instead
   = help: or consider adding in `Cargo.toml` the `check-cfg` lint config for the lint:
            [lints.rust]
            unexpected_cfgs = { level = "warn", check-cfg = ['cfg(doc_cfg)'] }
   = help: or consider adding `println!("cargo::rustc-check-cfg=cfg(doc_cfg)");` to the top of the `build.rs`
   = note: see <https://doc.rust-lang.org/nightly/rustc/check-cfg/cargo-specifics.html> for more information about checking conditional configuration
   = note: `#[warn(unexpected_cfgs)]` on by default

   Compiling libloading v0.8.6
     Running `CARGO=/app/target/cpython-strict/host-tools/rustup/toolchains/nightly-2025-01-18-x86_64-unknown-linux-gnu/bin/cargo CARGO_CRATE_NAME=libloading CARGO_MANIFEST_DIR=/app/target/cpython-strict/host-tools/cargo/registry/src/index.crates.io-1949cf8c6b5b557f/libloading-0.8.6 CARGO_MANIFEST_PATH=/app/target/cpython-strict/host-tools/cargo/registry/src/index.crates.io-1949cf8c6b5b557f/libloading-0.8.6/Cargo.toml CARGO_PKG_AUTHORS='Simonas Kazlauskas <libloading@kazlauskas.me>' CARGO_PKG_DESCRIPTION='Bindings around the platform'\''s dynamic library loading primitives with greatly improved memory safety.' CARGO_PKG_HOMEPAGE='' CARGO_PKG_LICENSE=ISC CARGO_PKG_LICENSE_FILE='' CARGO_PKG_NAME=libloading CARGO_PKG_README=README.mkd CARGO_PKG_REPOSITORY='https://github.com/nagisa/rust_libloading/' CARGO_PKG_RUST_VERSION=1.56.0 CARGO_PKG_VERSION=0.8.6 CARGO_PKG_VERSION_MAJOR=0 CARGO_PKG_VERSION_MINOR=8 CARGO_PKG_VERSION_PATCH=6 CARGO_PKG_VERSION_PRE='' LD_LIBRARY_PATH='/app/target/cpython-strict/build/primp-0.15.0/target/release/deps:/app/target/cpython-strict/host-tools/rustup/toolchains/nightly-2025-01-18-x86_64-unknown-linux-gnu/lib:/opt/kendryte-toolchain/bin/:' /app/target/cpython-strict/host-tools/rustup/toolchains/nightly-2025-01-18-x86_64-unknown-linux-gnu/bin/rustc --crate-name libloading --edition=2015 /app/target/cpython-strict/host-tools/cargo/registry/src/index.crates.io-1949cf8c6b5b557f/libloading-0.8.6/src/lib.rs --error-format=json --json=diagnostic-rendered-ansi,artifacts,future-incompat --crate-type lib --emit=dep-info,metadata,link -C embed-bitcode=no --warn=unexpected_cfgs -C debug-assertions=off --check-cfg 'cfg(docsrs,test)' --check-cfg 'cfg(feature, values())' -C metadata=cbd5d2378ec7e89e -C extra-filename=-77a472405319a718 --out-dir /app/target/cpython-strict/build/primp-0.15.0/target/release/deps -C strip=symbols -L dependency=/app/target/cpython-strict/build/primp-0.15.0/target/release/deps --extern cfg_if=/app/target/cpython-strict/build/primp-0.15.0/target/release/deps/libcfg_if-9bcfb54aef0741b0.rmeta --cap-lints warn`
warning: unexpected `cfg` condition name: `icu4x_custom_data`
  --> /app/target/cpython-strict/host-tools/cargo/registry/src/index.crates.io-1949cf8c6b5b557f/icu_properties_data-1.5.1/src/lib.rs:14:7
   |
14 | #[cfg(icu4x_custom_data)]
   |       ^^^^^^^^^^^^^^^^^
   |
   = help: expected names are: `clippy`, `debug_assertions`, `doc`, `docsrs`, `doctest`, `feature`, `fmt_debug`, `miri`, `overflow_checks`, `panic`, `proc_macro`, `relocation_model`, `rustfmt`, `sanitize`, `sanitizer_cfi_generalize_pointers`, `sanitizer_cfi_normalize_integers`, `target_abi`, `target_arch`, `target_endian`, `target_env`, `target_family`, `target_feature`, `target_has_atomic`, `target_has_atomic_equal_alignment`, `target_has_atomic_load_store`, `target_os`, `target_pointer_width`, `target_thread_local`, `target_vendor`, `test`, `ub_checks`, `unix`, and `windows`
   = help: consider using a Cargo feature instead
   = help: or consider adding in `Cargo.toml` the `check-cfg` lint config for the lint:
            [lints.rust]
            unexpected_cfgs = { level = "warn", check-cfg = ['cfg(icu4x_custom_data)'] }
   = help: or consider adding `println!("cargo::rustc-check-cfg=cfg(icu4x_custom_data)");` to the top of the `build.rs`
   = note: see <https://doc.rust-lang.org/nightly/rustc/check-cfg/cargo-specifics.html> for more information about checking conditional configuration
   = note: `#[warn(unexpected_cfgs)]` on by default

warning: unexpected `cfg` condition name: `icu4x_custom_data`
  --> /app/target/cpython-strict/host-tools/cargo/registry/src/index.crates.io-1949cf8c6b5b557f/icu_properties_data-1.5.1/src/lib.rs:16:11
   |
16 | #[cfg(not(icu4x_custom_data))]
   |           ^^^^^^^^^^^^^^^^^
   |
   = help: consider using a Cargo feature instead
   = help: or consider adding in `Cargo.toml` the `check-cfg` lint config for the lint:
            [lints.rust]
            unexpected_cfgs = { level = "warn", check-cfg = ['cfg(icu4x_custom_data)'] }
   = help: or consider adding `println!("cargo::rustc-check-cfg=cfg(icu4x_custom_data)");` to the top of the `build.rs`
   = note: see <https://doc.rust-lang.org/nightly/rustc/check-cfg/cargo-specifics.html> for more information about checking conditional configuration

warning: unexpected `cfg` condition name: `libloading_docs`
  --> /app/target/cpython-strict/host-tools/cargo/registry/src/index.crates.io-1949cf8c6b5b557f/libloading-0.8.6/src/lib.rs:39:13
   |
39 | #![cfg_attr(libloading_docs, feature(doc_cfg))]
   |             ^^^^^^^^^^^^^^^
   |
   = help: expected names are: `clippy`, `debug_assertions`, `doc`, `docsrs`, `doctest`, `feature`, `fmt_debug`, `miri`, `overflow_checks`, `panic`, `proc_macro`, `relocation_model`, `rustfmt`, `sanitize`, `sanitizer_cfi_generalize_pointers`, `sanitizer_cfi_normalize_integers`, `target_abi`, `target_arch`, `target_endian`, `target_env`, `target_family`, `target_feature`, `target_has_atomic`, `target_has_atomic_equal_alignment`, `target_has_atomic_load_store`, `target_os`, `target_pointer_width`, `target_thread_local`, `target_vendor`, `test`, `ub_checks`, `unix`, and `windows`
   = help: consider using a Cargo feature instead
   = help: or consider adding in `Cargo.toml` the `check-cfg` lint config for the lint:
            [lints.rust]
            unexpected_cfgs = { level = "warn", check-cfg = ['cfg(libloading_docs)'] }
   = help: or consider adding `println!("cargo::rustc-check-cfg=cfg(libloading_docs)");` to the top of the `build.rs`
   = note: see <https://doc.rust-lang.org/nightly/rustc/check-cfg/cargo-specifics.html> for more information about checking conditional configuration
   = note: requested on the command line with `-W unexpected-cfgs`

warning: unexpected `cfg` condition name: `libloading_docs`
  --> /app/target/cpython-strict/host-tools/cargo/registry/src/index.crates.io-1949cf8c6b5b557f/libloading-0.8.6/src/lib.rs:45:26
   |
45 | #[cfg(any(unix, windows, libloading_docs))]
   |                          ^^^^^^^^^^^^^^^
   |
   = help: consider using a Cargo feature instead
   = help: or consider adding in `Cargo.toml` the `check-cfg` lint config for the lint:
            [lints.rust]
            unexpected_cfgs = { level = "warn", check-cfg = ['cfg(libloading_docs)'] }
   = help: or consider adding `println!("cargo::rustc-check-cfg=cfg(libloading_docs)");` to the top of the `build.rs`
   = note: see <https://doc.rust-lang.org/nightly/rustc/check-cfg/cargo-specifics.html> for more information about checking conditional configuration

warning: unexpected `cfg` condition name: `libloading_docs`
  --> /app/target/cpython-strict/host-tools/cargo/registry/src/index.crates.io-1949cf8c6b5b557f/libloading-0.8.6/src/lib.rs:49:26
   |
49 | #[cfg(any(unix, windows, libloading_docs))]
   |                          ^^^^^^^^^^^^^^^
   |
   = help: consider using a Cargo feature instead
   = help: or consider adding in `Cargo.toml` the `check-cfg` lint config for the lint:
            [lints.rust]
            unexpected_cfgs = { level = "warn", check-cfg = ['cfg(libloading_docs)'] }
   = help: or consider adding `println!("cargo::rustc-check-cfg=cfg(libloading_docs)");` to the top of the `build.rs`
   = note: see <https://doc.rust-lang.org/nightly/rustc/check-cfg/cargo-specifics.html> for more information about checking conditional configuration

warning: unexpected `cfg` condition name: `libloading_docs`
  --> /app/target/cpython-strict/host-tools/cargo/registry/src/index.crates.io-1949cf8c6b5b557f/libloading-0.8.6/src/os/mod.rs:20:17
   |
20 | #[cfg(any(unix, libloading_docs))]
   |                 ^^^^^^^^^^^^^^^
   |
   = help: consider using a Cargo feature instead
   = help: or consider adding in `Cargo.toml` the `check-cfg` lint config for the lint:
            [lints.rust]
            unexpected_cfgs = { level = "warn", check-cfg = ['cfg(libloading_docs)'] }
   = help: or consider adding `println!("cargo::rustc-check-cfg=cfg(libloading_docs)");` to the top of the `build.rs`
   = note: see <https://doc.rust-lang.org/nightly/rustc/check-cfg/cargo-specifics.html> for more information about checking conditional configuration

warning: unexpected `cfg` condition name: `libloading_docs`
  --> /app/target/cpython-strict/host-tools/cargo/registry/src/index.crates.io-1949cf8c6b5b557f/libloading-0.8.6/src/os/mod.rs:21:12
   |
21 | #[cfg_attr(libloading_docs, doc(cfg(unix)))]
   |            ^^^^^^^^^^^^^^^
   |
   = help: consider using a Cargo feature instead
   = help: or consider adding in `Cargo.toml` the `check-cfg` lint config for the lint:
            [lints.rust]
            unexpected_cfgs = { level = "warn", check-cfg = ['cfg(libloading_docs)'] }
   = help: or consider adding `println!("cargo::rustc-check-cfg=cfg(libloading_docs)");` to the top of the `build.rs`
   = note: see <https://doc.rust-lang.org/nightly/rustc/check-cfg/cargo-specifics.html> for more information about checking conditional configuration

warning: unexpected `cfg` condition name: `libloading_docs`
  --> /app/target/cpython-strict/host-tools/cargo/registry/src/index.crates.io-1949cf8c6b5b557f/libloading-0.8.6/src/os/mod.rs:25:20
   |
25 | #[cfg(any(windows, libloading_docs))]
   |                    ^^^^^^^^^^^^^^^
   |
   = help: consider using a Cargo feature instead
   = help: or consider adding in `Cargo.toml` the `check-cfg` lint config for the lint:
            [lints.rust]
            unexpected_cfgs = { level = "warn", check-cfg = ['cfg(libloading_docs)'] }
   = help: or consider adding `println!("cargo::rustc-check-cfg=cfg(libloading_docs)");` to the top of the `build.rs`
   = note: see <https://doc.rust-lang.org/nightly/rustc/check-cfg/cargo-specifics.html> for more information about checking conditional configuration

warning: unexpected `cfg` condition name: `libloading_docs`
 --> /app/target/cpython-strict/host-tools/cargo/registry/src/index.crates.io-1949cf8c6b5b557f/libloading-0.8.6/src/os/unix/mod.rs:3:11
  |
3 | #[cfg(all(libloading_docs, not(unix)))]
  |           ^^^^^^^^^^^^^^^
  |
  = help: consider using a Cargo feature instead
  = help: or consider adding in `Cargo.toml` the `check-cfg` lint config for the lint:
           [lints.rust]
           unexpected_cfgs = { level = "warn", check-cfg = ['cfg(libloading_docs)'] }
  = help: or consider adding `println!("cargo::rustc-check-cfg=cfg(libloading_docs)");` to the top of the `build.rs`
  = note: see <https://doc.rust-lang.org/nightly/rustc/check-cfg/cargo-specifics.html> for more information about checking conditional configuration

warning: unexpected `cfg` condition name: `libloading_docs`
 --> /app/target/cpython-strict/host-tools/cargo/registry/src/index.crates.io-1949cf8c6b5b557f/libloading-0.8.6/src/os/unix/mod.rs:5:15
  |
5 | #[cfg(any(not(libloading_docs), unix))]
  |               ^^^^^^^^^^^^^^^
  |
  = help: consider using a Cargo feature instead
  = help: or consider adding in `Cargo.toml` the `check-cfg` lint config for the lint:
           [lints.rust]
           unexpected_cfgs = { level = "warn", check-cfg = ['cfg(libloading_docs)'] }
  = help: or consider adding `println!("cargo::rustc-check-cfg=cfg(libloading_docs)");` to the top of the `build.rs`
  = note: see <https://doc.rust-lang.org/nightly/rustc/check-cfg/cargo-specifics.html> for more information about checking conditional configuration

warning: unexpected `cfg` condition name: `libloading_docs`
  --> /app/target/cpython-strict/host-tools/cargo/registry/src/index.crates.io-1949cf8c6b5b557f/libloading-0.8.6/src/os/unix/consts.rs:46:11
   |
46 | #[cfg(all(libloading_docs, not(unix)))]
   |           ^^^^^^^^^^^^^^^
   |
   = help: consider using a Cargo feature instead
   = help: or consider adding in `Cargo.toml` the `check-cfg` lint config for the lint:
            [lints.rust]
            unexpected_cfgs = { level = "warn", check-cfg = ['cfg(libloading_docs)'] }
   = help: or consider adding `println!("cargo::rustc-check-cfg=cfg(libloading_docs)");` to the top of the `build.rs`
   = note: see <https://doc.rust-lang.org/nightly/rustc/check-cfg/cargo-specifics.html> for more information about checking conditional configuration

warning: unexpected `cfg` condition name: `libloading_docs`
  --> /app/target/cpython-strict/host-tools/cargo/registry/src/index.crates.io-1949cf8c6b5b557f/libloading-0.8.6/src/os/unix/consts.rs:55:15
   |
55 | #[cfg(any(not(libloading_docs), unix))]
   |               ^^^^^^^^^^^^^^^
   |
   = help: consider using a Cargo feature instead
   = help: or consider adding in `Cargo.toml` the `check-cfg` lint config for the lint:
            [lints.rust]
            unexpected_cfgs = { level = "warn", check-cfg = ['cfg(libloading_docs)'] }
   = help: or consider adding `println!("cargo::rustc-check-cfg=cfg(libloading_docs)");` to the top of the `build.rs`
   = note: see <https://doc.rust-lang.org/nightly/rustc/check-cfg/cargo-specifics.html> for more information about checking conditional configuration

warning: unexpected `cfg` condition name: `libloading_docs`
 --> /app/target/cpython-strict/host-tools/cargo/registry/src/index.crates.io-1949cf8c6b5b557f/libloading-0.8.6/src/safe.rs:1:7
  |
1 | #[cfg(libloading_docs)]
  |       ^^^^^^^^^^^^^^^
  |
  = help: consider using a Cargo feature instead
  = help: or consider adding in `Cargo.toml` the `check-cfg` lint config for the lint:
           [lints.rust]
           unexpected_cfgs = { level = "warn", check-cfg = ['cfg(libloading_docs)'] }
  = help: or consider adding `println!("cargo::rustc-check-cfg=cfg(libloading_docs)");` to the top of the `build.rs`
  = note: see <https://doc.rust-lang.org/nightly/rustc/check-cfg/cargo-specifics.html> for more information about checking conditional configuration

warning: unexpected `cfg` condition name: `libloading_docs`
 --> /app/target/cpython-strict/host-tools/cargo/registry/src/index.crates.io-1949cf8c6b5b557f/libloading-0.8.6/src/safe.rs:3:15
  |
3 | #[cfg(all(not(libloading_docs), unix))]
  |               ^^^^^^^^^^^^^^^
  |
  = help: consider using a Cargo feature instead
  = help: or consider adding in `Cargo.toml` the `check-cfg` lint config for the lint:
           [lints.rust]
           unexpected_cfgs = { level = "warn", check-cfg = ['cfg(libloading_docs)'] }
  = help: or consider adding `println!("cargo::rustc-check-cfg=cfg(libloading_docs)");` to the top of the `build.rs`
  = note: see <https://doc.rust-lang.org/nightly/rustc/check-cfg/cargo-specifics.html> for more information about checking conditional configuration

warning: unexpected `cfg` condition name: `libloading_docs`
 --> /app/target/cpython-strict/host-tools/cargo/registry/src/index.crates.io-1949cf8c6b5b557f/libloading-0.8.6/src/safe.rs:5:15
  |
5 | #[cfg(all(not(libloading_docs), windows))]
  |               ^^^^^^^^^^^^^^^
  |
  = help: consider using a Cargo feature instead
  = help: or consider adding in `Cargo.toml` the `check-cfg` lint config for the lint:
           [lints.rust]
           unexpected_cfgs = { level = "warn", check-cfg = ['cfg(libloading_docs)'] }
  = help: or consider adding `println!("cargo::rustc-check-cfg=cfg(libloading_docs)");` to the top of the `build.rs`
  = note: see <https://doc.rust-lang.org/nightly/rustc/check-cfg/cargo-specifics.html> for more information about checking conditional configuration

   Compiling nom v7.1.3
     Running `CARGO=/app/target/cpython-strict/host-tools/rustup/toolchains/nightly-2025-01-18-x86_64-unknown-linux-gnu/bin/cargo CARGO_CRATE_NAME=nom CARGO_MANIFEST_DIR=/app/target/cpython-strict/host-tools/cargo/registry/src/index.crates.io-1949cf8c6b5b557f/nom-7.1.3 CARGO_MANIFEST_PATH=/app/target/cpython-strict/host-tools/cargo/registry/src/index.crates.io-1949cf8c6b5b557f/nom-7.1.3/Cargo.toml CARGO_PKG_AUTHORS='contact@geoffroycouprie.com' CARGO_PKG_DESCRIPTION='A byte-oriented, zero-copy, parser combinators library' CARGO_PKG_HOMEPAGE='' CARGO_PKG_LICENSE=MIT CARGO_PKG_LICENSE_FILE='' CARGO_PKG_NAME=nom CARGO_PKG_README=README.md CARGO_PKG_REPOSITORY='https://github.com/Geal/nom' CARGO_PKG_RUST_VERSION=1.48 CARGO_PKG_VERSION=7.1.3 CARGO_PKG_VERSION_MAJOR=7 CARGO_PKG_VERSION_MINOR=1 CARGO_PKG_VERSION_PATCH=3 CARGO_PKG_VERSION_PRE='' LD_LIBRARY_PATH='/app/target/cpython-strict/build/primp-0.15.0/target/release/deps:/app/target/cpython-strict/host-tools/rustup/toolchains/nightly-2025-01-18-x86_64-unknown-linux-gnu/lib:/opt/kendryte-toolchain/bin/:' /app/target/cpython-strict/host-tools/rustup/toolchains/nightly-2025-01-18-x86_64-unknown-linux-gnu/bin/rustc --crate-name nom --edition=2018 /app/target/cpython-strict/host-tools/cargo/registry/src/index.crates.io-1949cf8c6b5b557f/nom-7.1.3/src/lib.rs --error-format=json --json=diagnostic-rendered-ansi,artifacts,future-incompat --crate-type lib --emit=dep-info,metadata,link -C embed-bitcode=no -C debug-assertions=off --cfg 'feature="alloc"' --cfg 'feature="std"' --check-cfg 'cfg(docsrs,test)' --check-cfg 'cfg(feature, values("alloc", "default", "docsrs", "std"))' -C metadata=58ad4f4a7b5f3ebf -C extra-filename=-71f933875c92491c --out-dir /app/target/cpython-strict/build/primp-0.15.0/target/release/deps -C strip=symbols -L dependency=/app/target/cpython-strict/build/primp-0.15.0/target/release/deps --extern memchr=/app/target/cpython-strict/build/primp-0.15.0/target/release/deps/libmemchr-2b8917245a329f0e.rmeta --extern minimal_lexical=/app/target/cpython-strict/build/primp-0.15.0/target/release/deps/libminimal_lexical-a5854417932c1a3d.rmeta --cap-lints warn`
warning: unexpected `cfg` condition name: `libloading_docs`
  --> /app/target/cpython-strict/host-tools/cargo/registry/src/index.crates.io-1949cf8c6b5b557f/libloading-0.8.6/src/safe.rs:15:12
   |
15 | #[cfg_attr(libloading_docs, doc(cfg(any(unix, windows))))]
   |            ^^^^^^^^^^^^^^^
   |
   = help: consider using a Cargo feature instead
   = help: or consider adding in `Cargo.toml` the `check-cfg` lint config for the lint:
            [lints.rust]
            unexpected_cfgs = { level = "warn", check-cfg = ['cfg(libloading_docs)'] }
   = help: or consider adding `println!("cargo::rustc-check-cfg=cfg(libloading_docs)");` to the top of the `build.rs`
   = note: see <https://doc.rust-lang.org/nightly/rustc/check-cfg/cargo-specifics.html> for more information about checking conditional configuration

warning: unexpected `cfg` condition name: `libloading_docs`
   --> /app/target/cpython-strict/host-tools/cargo/registry/src/index.crates.io-1949cf8c6b5b557f/libloading-0.8.6/src/safe.rs:197:12
    |
197 | #[cfg_attr(libloading_docs, doc(cfg(any(unix, windows))))]
    |            ^^^^^^^^^^^^^^^
    |
    = help: consider using a Cargo feature instead
    = help: or consider adding in `Cargo.toml` the `check-cfg` lint config for the lint:
             [lints.rust]
             unexpected_cfgs = { level = "warn", check-cfg = ['cfg(libloading_docs)'] }
    = help: or consider adding `println!("cargo::rustc-check-cfg=cfg(libloading_docs)");` to the top of the `build.rs`
    = note: see <https://doc.rust-lang.org/nightly/rustc/check-cfg/cargo-specifics.html> for more information about checking conditional configuration

   Compiling bindgen v0.70.1
     Running `CARGO=/app/target/cpython-strict/host-tools/rustup/toolchains/nightly-2025-01-18-x86_64-unknown-linux-gnu/bin/cargo CARGO_CRATE_NAME=build_script_build CARGO_MANIFEST_DIR=/app/target/cpython-strict/host-tools/cargo/registry/src/index.crates.io-1949cf8c6b5b557f/bindgen-0.70.1 CARGO_MANIFEST_PATH=/app/target/cpython-strict/host-tools/cargo/registry/src/index.crates.io-1949cf8c6b5b557f/bindgen-0.70.1/Cargo.toml CARGO_PKG_AUTHORS='Jyun-Yan You <jyyou.tw@gmail.com>:Emilio Cobos Álvarez <emilio@crisal.io>:Nick Fitzgerald <fitzgen@gmail.com>:The Servo project developers' CARGO_PKG_DESCRIPTION='Automatically generates Rust FFI bindings to C and C++ libraries.' CARGO_PKG_HOMEPAGE='https://rust-lang.github.io/rust-bindgen/' CARGO_PKG_LICENSE=BSD-3-Clause CARGO_PKG_LICENSE_FILE='' CARGO_PKG_NAME=bindgen CARGO_PKG_README=README.md CARGO_PKG_REPOSITORY='https://github.com/rust-lang/rust-bindgen' CARGO_PKG_RUST_VERSION=1.70.0 CARGO_PKG_VERSION=0.70.1 CARGO_PKG_VERSION_MAJOR=0 CARGO_PKG_VERSION_MINOR=70 CARGO_PKG_VERSION_PATCH=1 CARGO_PKG_VERSION_PRE='' LD_LIBRARY_PATH='/app/target/cpython-strict/build/primp-0.15.0/target/release/deps:/app/target/cpython-strict/host-tools/rustup/toolchains/nightly-2025-01-18-x86_64-unknown-linux-gnu/lib:/opt/kendryte-toolchain/bin/:' /app/target/cpython-strict/host-tools/rustup/toolchains/nightly-2025-01-18-x86_64-unknown-linux-gnu/bin/rustc --crate-name build_script_build --edition=2018 /app/target/cpython-strict/host-tools/cargo/registry/src/index.crates.io-1949cf8c6b5b557f/bindgen-0.70.1/build.rs --error-format=json --json=diagnostic-rendered-ansi,artifacts,future-incompat --crate-type bin --emit=dep-info,link -C embed-bitcode=no -C debug-assertions=off --cfg 'feature="runtime"' --check-cfg 'cfg(docsrs,test)' --check-cfg 'cfg(feature, values("__cli", "__testing_only_extra_assertions", "__testing_only_libclang_16", "__testing_only_libclang_9", "default", "experimental", "logging", "prettyplease", "runtime", "static", "which-rustfmt"))' -C metadata=96a01586c27ed3b0 -C extra-filename=-a362287c5fd80e19 --out-dir /app/target/cpython-strict/build/primp-0.15.0/target/release/build/bindgen-a362287c5fd80e19 -C strip=symbols -L dependency=/app/target/cpython-strict/build/primp-0.15.0/target/release/deps --cap-lints warn`
warning: `icu_properties_data` (lib) generated 3 warnings (1 duplicate)
   Compiling phf_shared v0.11.3
     Running `CARGO=/app/target/cpython-strict/host-tools/rustup/toolchains/nightly-2025-01-18-x86_64-unknown-linux-gnu/bin/cargo CARGO_CRATE_NAME=phf_shared CARGO_MANIFEST_DIR=/app/target/cpython-strict/host-tools/cargo/registry/src/index.crates.io-1949cf8c6b5b557f/phf_shared-0.11.3 CARGO_MANIFEST_PATH=/app/target/cpython-strict/host-tools/cargo/registry/src/index.crates.io-1949cf8c6b5b557f/phf_shared-0.11.3/Cargo.toml CARGO_PKG_AUTHORS='Steven Fackler <sfackler@gmail.com>' CARGO_PKG_DESCRIPTION='Support code shared by PHF libraries' CARGO_PKG_HOMEPAGE='' CARGO_PKG_LICENSE=MIT CARGO_PKG_LICENSE_FILE='' CARGO_PKG_NAME=phf_shared CARGO_PKG_README=README.md CARGO_PKG_REPOSITORY='https://github.com/rust-phf/rust-phf' CARGO_PKG_RUST_VERSION=1.61 CARGO_PKG_VERSION=0.11.3 CARGO_PKG_VERSION_MAJOR=0 CARGO_PKG_VERSION_MINOR=11 CARGO_PKG_VERSION_PATCH=3 CARGO_PKG_VERSION_PRE='' LD_LIBRARY_PATH='/app/target/cpython-strict/build/primp-0.15.0/target/release/deps:/app/target/cpython-strict/host-tools/rustup/toolchains/nightly-2025-01-18-x86_64-unknown-linux-gnu/lib:/opt/kendryte-toolchain/bin/:' /app/target/cpython-strict/host-tools/rustup/toolchains/nightly-2025-01-18-x86_64-unknown-linux-gnu/bin/rustc --crate-name phf_shared --edition=2021 /app/target/cpython-strict/host-tools/cargo/registry/src/index.crates.io-1949cf8c6b5b557f/phf_shared-0.11.3/src/lib.rs --error-format=json --json=diagnostic-rendered-ansi,artifacts,future-incompat --crate-type lib --emit=dep-info,metadata,link -C embed-bitcode=no -C debug-assertions=off --cfg 'feature="default"' --cfg 'feature="std"' --check-cfg 'cfg(docsrs,test)' --check-cfg 'cfg(feature, values("default", "std", "uncased", "unicase"))' -C metadata=973c979bbecdb0a5 -C extra-filename=-57d8ede5d8ac8ea2 --out-dir /app/target/cpython-strict/build/primp-0.15.0/target/release/deps -C strip=symbols -L dependency=/app/target/cpython-strict/build/primp-0.15.0/target/release/deps --extern siphasher=/app/target/cpython-strict/build/primp-0.15.0/target/release/deps/libsiphasher-638f0721e384db32.rmeta --cap-lints warn`
warning: `rand_core` (lib) generated 1 warning
   Compiling rand v0.8.5
     Running `CARGO=/app/target/cpython-strict/host-tools/rustup/toolchains/nightly-2025-01-18-x86_64-unknown-linux-gnu/bin/cargo CARGO_CRATE_NAME=rand CARGO_MANIFEST_DIR=/app/target/cpython-strict/host-tools/cargo/registry/src/index.crates.io-1949cf8c6b5b557f/rand-0.8.5 CARGO_MANIFEST_PATH=/app/target/cpython-strict/host-tools/cargo/registry/src/index.crates.io-1949cf8c6b5b557f/rand-0.8.5/Cargo.toml CARGO_PKG_AUTHORS='The Rand Project Developers:The Rust Project Developers' CARGO_PKG_DESCRIPTION='Random number generators and other randomness functionality.
' CARGO_PKG_HOMEPAGE='https://rust-random.github.io/book' CARGO_PKG_LICENSE='MIT OR Apache-2.0' CARGO_PKG_LICENSE_FILE='' CARGO_PKG_NAME=rand CARGO_PKG_README=README.md CARGO_PKG_REPOSITORY='https://github.com/rust-random/rand' CARGO_PKG_RUST_VERSION='' CARGO_PKG_VERSION=0.8.5 CARGO_PKG_VERSION_MAJOR=0 CARGO_PKG_VERSION_MINOR=8 CARGO_PKG_VERSION_PATCH=5 CARGO_PKG_VERSION_PRE='' LD_LIBRARY_PATH='/app/target/cpython-strict/build/primp-0.15.0/target/release/deps:/app/target/cpython-strict/host-tools/rustup/toolchains/nightly-2025-01-18-x86_64-unknown-linux-gnu/lib:/opt/kendryte-toolchain/bin/:' /app/target/cpython-strict/host-tools/rustup/toolchains/nightly-2025-01-18-x86_64-unknown-linux-gnu/bin/rustc --crate-name rand --edition=2018 /app/target/cpython-strict/host-tools/cargo/registry/src/index.crates.io-1949cf8c6b5b557f/rand-0.8.5/src/lib.rs --error-format=json --json=diagnostic-rendered-ansi,artifacts,future-incompat --crate-type lib --emit=dep-info,metadata,link -C embed-bitcode=no -C debug-assertions=off --cfg 'feature="small_rng"' --check-cfg 'cfg(docsrs,test)' --check-cfg 'cfg(feature, values("alloc", "default", "getrandom", "libc", "log", "min_const_gen", "nightly", "packed_simd", "rand_chacha", "serde", "serde1", "simd_support", "small_rng", "std", "std_rng"))' -C metadata=6c25fe19028c9e75 -C extra-filename=-38ce05204f160397 --out-dir /app/target/cpython-strict/build/primp-0.15.0/target/release/deps -C strip=symbols -L dependency=/app/target/cpython-strict/build/primp-0.15.0/target/release/deps --extern rand_core=/app/target/cpython-strict/build/primp-0.15.0/target/release/deps/librand_core-bccb87410cfb3d65.rmeta --cap-lints warn`
   Compiling pkg-config v0.3.32
     Running `CARGO=/app/target/cpython-strict/host-tools/rustup/toolchains/nightly-2025-01-18-x86_64-unknown-linux-gnu/bin/cargo CARGO_CRATE_NAME=pkg_config CARGO_MANIFEST_DIR=/app/target/cpython-strict/host-tools/cargo/registry/src/index.crates.io-1949cf8c6b5b557f/pkg-config-0.3.32 CARGO_MANIFEST_PATH=/app/target/cpython-strict/host-tools/cargo/registry/src/index.crates.io-1949cf8c6b5b557f/pkg-config-0.3.32/Cargo.toml CARGO_PKG_AUTHORS='Alex Crichton <alex@alexcrichton.com>' CARGO_PKG_DESCRIPTION='A library to run the pkg-config system tool at build time in order to be used in
Cargo build scripts.
' CARGO_PKG_HOMEPAGE='' CARGO_PKG_LICENSE='MIT OR Apache-2.0' CARGO_PKG_LICENSE_FILE='' CARGO_PKG_NAME=pkg-config CARGO_PKG_README=README.md CARGO_PKG_REPOSITORY='https://github.com/rust-lang/pkg-config-rs' CARGO_PKG_RUST_VERSION=1.31 CARGO_PKG_VERSION=0.3.32 CARGO_PKG_VERSION_MAJOR=0 CARGO_PKG_VERSION_MINOR=3 CARGO_PKG_VERSION_PATCH=32 CARGO_PKG_VERSION_PRE='' LD_LIBRARY_PATH='/app/target/cpython-strict/build/primp-0.15.0/target/release/deps:/app/target/cpython-strict/host-tools/rustup/toolchains/nightly-2025-01-18-x86_64-unknown-linux-gnu/lib:/opt/kendryte-toolchain/bin/:' /app/target/cpython-strict/host-tools/rustup/toolchains/nightly-2025-01-18-x86_64-unknown-linux-gnu/bin/rustc --crate-name pkg_config --edition=2018 /app/target/cpython-strict/host-tools/cargo/registry/src/index.crates.io-1949cf8c6b5b557f/pkg-config-0.3.32/src/lib.rs --error-format=json --json=diagnostic-rendered-ansi,artifacts,future-incompat --crate-type lib --emit=dep-info,metadata,link -C embed-bitcode=no -C debug-assertions=off --check-cfg 'cfg(docsrs,test)' --check-cfg 'cfg(feature, values())' -C metadata=17ecc3769ca4871c -C extra-filename=-f3e663dede66f4d9 --out-dir /app/target/cpython-strict/build/primp-0.15.0/target/release/deps -C strip=symbols -L dependency=/app/target/cpython-strict/build/primp-0.15.0/target/release/deps --cap-lints warn`
warning: unexpected `cfg` condition value: `cargo-clippy`
   --> /app/target/cpython-strict/host-tools/cargo/registry/src/index.crates.io-1949cf8c6b5b557f/nom-7.1.3/src/lib.rs:375:13
    |
375 | #![cfg_attr(feature = "cargo-clippy", allow(clippy::doc_markdown))]
    |             ^^^^^^^^^^^^^^^^^^^^^^^^
    |
    = note: expected values for `feature` are: `alloc`, `default`, `docsrs`, and `std`
    = help: consider adding `cargo-clippy` as a feature in `Cargo.toml`
    = note: see <https://doc.rust-lang.org/nightly/rustc/check-cfg/cargo-specifics.html> for more information about checking conditional configuration
    = note: `#[warn(unexpected_cfgs)]` on by default

warning: unexpected `cfg` condition name: `nightly`
   --> /app/target/cpython-strict/host-tools/cargo/registry/src/index.crates.io-1949cf8c6b5b557f/nom-7.1.3/src/lib.rs:379:12
    |
379 | #[cfg_attr(nightly, warn(rustdoc::missing_doc_code_examples))]
    |            ^^^^^^^
    |
    = help: expected names are: `clippy`, `debug_assertions`, `doc`, `docsrs`, `doctest`, `feature`, `fmt_debug`, `miri`, `overflow_checks`, `panic`, `proc_macro`, `relocation_model`, `rustfmt`, `sanitize`, `sanitizer_cfi_generalize_pointers`, `sanitizer_cfi_normalize_integers`, `target_abi`, `target_arch`, `target_endian`, `target_env`, `target_family`, `target_feature`, `target_has_atomic`, `target_has_atomic_equal_alignment`, `target_has_atomic_load_store`, `target_os`, `target_pointer_width`, `target_thread_local`, `target_vendor`, `test`, `ub_checks`, `unix`, and `windows`
    = help: consider using a Cargo feature instead
    = help: or consider adding in `Cargo.toml` the `check-cfg` lint config for the lint:
             [lints.rust]
             unexpected_cfgs = { level = "warn", check-cfg = ['cfg(nightly)'] }
    = help: or consider adding `println!("cargo::rustc-check-cfg=cfg(nightly)");` to the top of the `build.rs`
    = note: see <https://doc.rust-lang.org/nightly/rustc/check-cfg/cargo-specifics.html> for more information about checking conditional configuration

warning: unexpected `cfg` condition name: `nightly`
   --> /app/target/cpython-strict/host-tools/cargo/registry/src/index.crates.io-1949cf8c6b5b557f/nom-7.1.3/src/lib.rs:391:12
    |
391 | #[cfg_attr(nightly, allow(rustdoc::missing_doc_code_examples))]
    |            ^^^^^^^
    |
    = help: consider using a Cargo feature instead
    = help: or consider adding in `Cargo.toml` the `check-cfg` lint config for the lint:
             [lints.rust]
             unexpected_cfgs = { level = "warn", check-cfg = ['cfg(nightly)'] }
    = help: or consider adding `println!("cargo::rustc-check-cfg=cfg(nightly)");` to the top of the `build.rs`
    = note: see <https://doc.rust-lang.org/nightly/rustc/check-cfg/cargo-specifics.html> for more information about checking conditional configuration

warning: unexpected `cfg` condition name: `nightly`
   --> /app/target/cpython-strict/host-tools/cargo/registry/src/index.crates.io-1949cf8c6b5b557f/nom-7.1.3/src/lib.rs:418:14
    |
418 |   #[cfg_attr(nightly, allow(rustdoc::missing_doc_code_examples))]
    |              ^^^^^^^
    |
    = help: consider using a Cargo feature instead
    = help: or consider adding in `Cargo.toml` the `check-cfg` lint config for the lint:
             [lints.rust]
             unexpected_cfgs = { level = "warn", check-cfg = ['cfg(nightly)'] }
    = help: or consider adding `println!("cargo::rustc-check-cfg=cfg(nightly)");` to the top of the `build.rs`
    = note: see <https://doc.rust-lang.org/nightly/rustc/check-cfg/cargo-specifics.html> for more information about checking conditional configuration

warning: unused import: `self::str::*`
   --> /app/target/cpython-strict/host-tools/cargo/registry/src/index.crates.io-1949cf8c6b5b557f/nom-7.1.3/src/lib.rs:439:9
    |
439 | pub use self::str::*;
    |         ^^^^^^^^^^^^
    |
    = note: `#[warn(unused_imports)]` on by default

warning: unexpected `cfg` condition name: `nightly`
  --> /app/target/cpython-strict/host-tools/cargo/registry/src/index.crates.io-1949cf8c6b5b557f/nom-7.1.3/src/internal.rs:49:12
   |
49 | #[cfg_attr(nightly, warn(rustdoc::missing_doc_code_examples))]
   |            ^^^^^^^
   |
   = help: consider using a Cargo feature instead
   = help: or consider adding in `Cargo.toml` the `check-cfg` lint config for the lint:
            [lints.rust]
            unexpected_cfgs = { level = "warn", check-cfg = ['cfg(nightly)'] }
   = help: or consider adding `println!("cargo::rustc-check-cfg=cfg(nightly)");` to the top of the `build.rs`
   = note: see <https://doc.rust-lang.org/nightly/rustc/check-cfg/cargo-specifics.html> for more information about checking conditional configuration

warning: unexpected `cfg` condition name: `nightly`
  --> /app/target/cpython-strict/host-tools/cargo/registry/src/index.crates.io-1949cf8c6b5b557f/nom-7.1.3/src/internal.rs:96:12
   |
96 | #[cfg_attr(nightly, warn(rustdoc::missing_doc_code_examples))]
   |            ^^^^^^^
   |
   = help: consider using a Cargo feature instead
   = help: or consider adding in `Cargo.toml` the `check-cfg` lint config for the lint:
            [lints.rust]
            unexpected_cfgs = { level = "warn", check-cfg = ['cfg(nightly)'] }
   = help: or consider adding `println!("cargo::rustc-check-cfg=cfg(nightly)");` to the top of the `build.rs`
   = note: see <https://doc.rust-lang.org/nightly/rustc/check-cfg/cargo-specifics.html> for more information about checking conditional configuration

warning: unexpected `cfg` condition name: `nightly`
   --> /app/target/cpython-strict/host-tools/cargo/registry/src/index.crates.io-1949cf8c6b5b557f/nom-7.1.3/src/internal.rs:340:12
    |
340 | #[cfg_attr(nightly, warn(rustdoc::missing_doc_code_examples))]
    |            ^^^^^^^
    |
    = help: consider using a Cargo feature instead
    = help: or consider adding in `Cargo.toml` the `check-cfg` lint config for the lint:
             [lints.rust]
             unexpected_cfgs = { level = "warn", check-cfg = ['cfg(nightly)'] }
    = help: or consider adding `println!("cargo::rustc-check-cfg=cfg(nightly)");` to the top of the `build.rs`
    = note: see <https://doc.rust-lang.org/nightly/rustc/check-cfg/cargo-specifics.html> for more information about checking conditional configuration

warning: unexpected `cfg` condition name: `nightly`
   --> /app/target/cpython-strict/host-tools/cargo/registry/src/index.crates.io-1949cf8c6b5b557f/nom-7.1.3/src/internal.rs:357:12
    |
357 | #[cfg_attr(nightly, warn(rustdoc::missing_doc_code_examples))]
    |            ^^^^^^^
    |
    = help: consider using a Cargo feature instead
    = help: or consider adding in `Cargo.toml` the `check-cfg` lint config for the lint:
             [lints.rust]
             unexpected_cfgs = { level = "warn", check-cfg = ['cfg(nightly)'] }
    = help: or consider adding `println!("cargo::rustc-check-cfg=cfg(nightly)");` to the top of the `build.rs`
    = note: see <https://doc.rust-lang.org/nightly/rustc/check-cfg/cargo-specifics.html> for more information about checking conditional configuration

warning: unexpected `cfg` condition name: `nightly`
   --> /app/target/cpython-strict/host-tools/cargo/registry/src/index.crates.io-1949cf8c6b5b557f/nom-7.1.3/src/internal.rs:374:12
    |
374 | #[cfg_attr(nightly, warn(rustdoc::missing_doc_code_examples))]
    |            ^^^^^^^
    |
    = help: consider using a Cargo feature instead
    = help: or consider adding in `Cargo.toml` the `check-cfg` lint config for the lint:
             [lints.rust]
             unexpected_cfgs = { level = "warn", check-cfg = ['cfg(nightly)'] }
    = help: or consider adding `println!("cargo::rustc-check-cfg=cfg(nightly)");` to the top of the `build.rs`
    = note: see <https://doc.rust-lang.org/nightly/rustc/check-cfg/cargo-specifics.html> for more information about checking conditional configuration

warning: unexpected `cfg` condition name: `nightly`
   --> /app/target/cpython-strict/host-tools/cargo/registry/src/index.crates.io-1949cf8c6b5b557f/nom-7.1.3/src/internal.rs:392:12
    |
392 | #[cfg_attr(nightly, warn(rustdoc::missing_doc_code_examples))]
    |            ^^^^^^^
    |
    = help: consider using a Cargo feature instead
    = help: or consider adding in `Cargo.toml` the `check-cfg` lint config for the lint:
             [lints.rust]
             unexpected_cfgs = { level = "warn", check-cfg = ['cfg(nightly)'] }
    = help: or consider adding `println!("cargo::rustc-check-cfg=cfg(nightly)");` to the top of the `build.rs`
    = note: see <https://doc.rust-lang.org/nightly/rustc/check-cfg/cargo-specifics.html> for more information about checking conditional configuration

warning: unexpected `cfg` condition name: `nightly`
   --> /app/target/cpython-strict/host-tools/cargo/registry/src/index.crates.io-1949cf8c6b5b557f/nom-7.1.3/src/internal.rs:409:12
    |
409 | #[cfg_attr(nightly, warn(rustdoc::missing_doc_code_examples))]
    |            ^^^^^^^
    |
    = help: consider using a Cargo feature instead
    = help: or consider adding in `Cargo.toml` the `check-cfg` lint config for the lint:
             [lints.rust]
             unexpected_cfgs = { level = "warn", check-cfg = ['cfg(nightly)'] }
    = help: or consider adding `println!("cargo::rustc-check-cfg=cfg(nightly)");` to the top of the `build.rs`
    = note: see <https://doc.rust-lang.org/nightly/rustc/check-cfg/cargo-specifics.html> for more information about checking conditional configuration

warning: unexpected `cfg` condition name: `nightly`
   --> /app/target/cpython-strict/host-tools/cargo/registry/src/index.crates.io-1949cf8c6b5b557f/nom-7.1.3/src/internal.rs:430:12
    |
430 | #[cfg_attr(nightly, warn(rustdoc::missing_doc_code_examples))]
    |            ^^^^^^^
    |
    = help: consider using a Cargo feature instead
    = help: or consider adding in `Cargo.toml` the `check-cfg` lint config for the lint:
             [lints.rust]
             unexpected_cfgs = { level = "warn", check-cfg = ['cfg(nightly)'] }
    = help: or consider adding `println!("cargo::rustc-check-cfg=cfg(nightly)");` to the top of the `build.rs`
    = note: see <https://doc.rust-lang.org/nightly/rustc/check-cfg/cargo-specifics.html> for more information about checking conditional configuration

   Compiling regex-automata v0.4.9
     Running `CARGO=/app/target/cpython-strict/host-tools/rustup/toolchains/nightly-2025-01-18-x86_64-unknown-linux-gnu/bin/cargo CARGO_CRATE_NAME=regex_automata CARGO_MANIFEST_DIR=/app/target/cpython-strict/host-tools/cargo/registry/src/index.crates.io-1949cf8c6b5b557f/regex-automata-0.4.9 CARGO_MANIFEST_PATH=/app/target/cpython-strict/host-tools/cargo/registry/src/index.crates.io-1949cf8c6b5b557f/regex-automata-0.4.9/Cargo.toml CARGO_PKG_AUTHORS='The Rust Project Developers:Andrew Gallant <jamslam@gmail.com>' CARGO_PKG_DESCRIPTION='Automata construction and matching using regular expressions.' CARGO_PKG_HOMEPAGE='' CARGO_PKG_LICENSE='MIT OR Apache-2.0' CARGO_PKG_LICENSE_FILE='' CARGO_PKG_NAME=regex-automata CARGO_PKG_README=README.md CARGO_PKG_REPOSITORY='https://github.com/rust-lang/regex/tree/master/regex-automata' CARGO_PKG_RUST_VERSION=1.65 CARGO_PKG_VERSION=0.4.9 CARGO_PKG_VERSION_MAJOR=0 CARGO_PKG_VERSION_MINOR=4 CARGO_PKG_VERSION_PATCH=9 CARGO_PKG_VERSION_PRE='' LD_LIBRARY_PATH='/app/target/cpython-strict/build/primp-0.15.0/target/release/deps:/app/target/cpython-strict/host-tools/rustup/toolchains/nightly-2025-01-18-x86_64-unknown-linux-gnu/lib:/opt/kendryte-toolchain/bin/:' /app/target/cpython-strict/host-tools/rustup/toolchains/nightly-2025-01-18-x86_64-unknown-linux-gnu/bin/rustc --crate-name regex_automata --edition=2021 /app/target/cpython-strict/host-tools/cargo/registry/src/index.crates.io-1949cf8c6b5b557f/regex-automata-0.4.9/src/lib.rs --error-format=json --json=diagnostic-rendered-ansi,artifacts,future-incompat --crate-type lib --emit=dep-info,metadata,link -C embed-bitcode=no -C debug-assertions=off --cfg 'feature="alloc"' --cfg 'feature="meta"' --cfg 'feature="nfa-pikevm"' --cfg 'feature="nfa-thompson"' --cfg 'feature="std"' --cfg 'feature="syntax"' --cfg 'feature="unicode-perl"' --cfg 'feature="unicode-word-boundary"' --check-cfg 'cfg(docsrs,test)' --check-cfg 'cfg(feature, values("alloc", "default", "dfa", "dfa-build", "dfa-onepass", "dfa-search", "hybrid", "internal-instrument", "internal-instrument-pikevm", "logging", "meta", "nfa", "nfa-backtrack", "nfa-pikevm", "nfa-thompson", "perf", "perf-inline", "perf-literal", "perf-literal-multisubstring", "perf-literal-substring", "std", "syntax", "unicode", "unicode-age", "unicode-bool", "unicode-case", "unicode-gencat", "unicode-perl", "unicode-script", "unicode-segment", "unicode-word-boundary"))' -C metadata=cefa3f025046cadd -C extra-filename=-0b61a34f44b13d64 --out-dir /app/target/cpython-strict/build/primp-0.15.0/target/release/deps -C strip=symbols -L dependency=/app/target/cpython-strict/build/primp-0.15.0/target/release/deps --extern regex_syntax=/app/target/cpython-strict/build/primp-0.15.0/target/release/deps/libregex_syntax-ee06830fc055df81.rmeta --cap-lints warn`
warning: unexpected `cfg` condition name: `doc_cfg`
  --> /app/target/cpython-strict/host-tools/cargo/registry/src/index.crates.io-1949cf8c6b5b557f/rand-0.8.5/src/lib.rs:53:13
   |
53 | #![cfg_attr(doc_cfg, feature(doc_cfg))]
   |             ^^^^^^^
   |
   = help: expected names are: `clippy`, `debug_assertions`, `doc`, `docsrs`, `doctest`, `feature`, `fmt_debug`, `miri`, `overflow_checks`, `panic`, `proc_macro`, `relocation_model`, `rustfmt`, `sanitize`, `sanitizer_cfi_generalize_pointers`, `sanitizer_cfi_normalize_integers`, `target_abi`, `target_arch`, `target_endian`, `target_env`, `target_family`, `target_feature`, `target_has_atomic`, `target_has_atomic_equal_alignment`, `target_has_atomic_load_store`, `target_os`, `target_pointer_width`, `target_thread_local`, `target_vendor`, `test`, `ub_checks`, `unix`, and `windows`
   = help: consider using a Cargo feature instead
   = help: or consider adding in `Cargo.toml` the `check-cfg` lint config for the lint:
            [lints.rust]
            unexpected_cfgs = { level = "warn", check-cfg = ['cfg(doc_cfg)'] }
   = help: or consider adding `println!("cargo::rustc-check-cfg=cfg(doc_cfg)");` to the top of the `build.rs`
   = note: see <https://doc.rust-lang.org/nightly/rustc/check-cfg/cargo-specifics.html> for more information about checking conditional configuration
   = note: `#[warn(unexpected_cfgs)]` on by default

warning: unexpected `cfg` condition name: `features`
   --> /app/target/cpython-strict/host-tools/cargo/registry/src/index.crates.io-1949cf8c6b5b557f/rand-0.8.5/src/distributions/distribution.rs:162:7
    |
162 | #[cfg(features = "nightly")]
    |       ^^^^^^^^^^^^^^^^^^^^
    |
    = note: see <https://doc.rust-lang.org/nightly/rustc/check-cfg/cargo-specifics.html> for more information about checking conditional configuration
help: there is a config with a similar name and value
    |
162 | #[cfg(feature = "nightly")]
    |       ~~~~~~~

warning: unexpected `cfg` condition name: `std`
   --> /app/target/cpython-strict/host-tools/cargo/registry/src/index.crates.io-1949cf8c6b5b557f/rand-0.8.5/src/distributions/utils.rs:235:11
    |
235 | #[cfg(not(std))]
    |           ^^^ help: found config with similar value: `feature = "std"`
    |
    = help: consider using a Cargo feature instead
    = help: or consider adding in `Cargo.toml` the `check-cfg` lint config for the lint:
             [lints.rust]
             unexpected_cfgs = { level = "warn", check-cfg = ['cfg(std)'] }
    = help: or consider adding `println!("cargo::rustc-check-cfg=cfg(std)");` to the top of the `build.rs`
    = note: see <https://doc.rust-lang.org/nightly/rustc/check-cfg/cargo-specifics.html> for more information about checking conditional configuration

warning: unexpected `cfg` condition name: `std`
   --> /app/target/cpython-strict/host-tools/cargo/registry/src/index.crates.io-1949cf8c6b5b557f/rand-0.8.5/src/distributions/utils.rs:291:19
    |
291 |         #[cfg(not(std))]
    |                   ^^^ help: found config with similar value: `feature = "std"`
...
359 | scalar_float_impl!(f32, u32);
    | ---------------------------- in this macro invocation
    |
    = help: consider using a Cargo feature instead
    = help: or consider adding in `Cargo.toml` the `check-cfg` lint config for the lint:
             [lints.rust]
             unexpected_cfgs = { level = "warn", check-cfg = ['cfg(std)'] }
    = help: or consider adding `println!("cargo::rustc-check-cfg=cfg(std)");` to the top of the `build.rs`
    = note: see <https://doc.rust-lang.org/nightly/rustc/check-cfg/cargo-specifics.html> for more information about checking conditional configuration
    = note: this warning originates in the macro `scalar_float_impl` (in Nightly builds, run with -Z macro-backtrace for more info)

warning: unexpected `cfg` condition name: `std`
   --> /app/target/cpython-strict/host-tools/cargo/registry/src/index.crates.io-1949cf8c6b5b557f/rand-0.8.5/src/distributions/utils.rs:291:19
    |
291 |         #[cfg(not(std))]
    |                   ^^^ help: found config with similar value: `feature = "std"`
...
360 | scalar_float_impl!(f64, u64);
    | ---------------------------- in this macro invocation
    |
    = help: consider using a Cargo feature instead
    = help: or consider adding in `Cargo.toml` the `check-cfg` lint config for the lint:
             [lints.rust]
             unexpected_cfgs = { level = "warn", check-cfg = ['cfg(std)'] }
    = help: or consider adding `println!("cargo::rustc-check-cfg=cfg(std)");` to the top of the `build.rs`
    = note: see <https://doc.rust-lang.org/nightly/rustc/check-cfg/cargo-specifics.html> for more information about checking conditional configuration
    = note: this warning originates in the macro `scalar_float_impl` (in Nightly builds, run with -Z macro-backtrace for more info)

warning: unexpected `cfg` condition name: `doc_cfg`
   --> /app/target/cpython-strict/host-tools/cargo/registry/src/index.crates.io-1949cf8c6b5b557f/rand-0.8.5/src/rng.rs:395:12
    |
395 | #[cfg_attr(doc_cfg, doc(cfg(feature = "min_const_gen")))]
    |            ^^^^^^^
    |
    = help: consider using a Cargo feature instead
    = help: or consider adding in `Cargo.toml` the `check-cfg` lint config for the lint:
             [lints.rust]
             unexpected_cfgs = { level = "warn", check-cfg = ['cfg(doc_cfg)'] }
    = help: or consider adding `println!("cargo::rustc-check-cfg=cfg(doc_cfg)");` to the top of the `build.rs`
    = note: see <https://doc.rust-lang.org/nightly/rustc/check-cfg/cargo-specifics.html> for more information about checking conditional configuration

warning: unexpected `cfg` condition name: `doc_cfg`
  --> /app/target/cpython-strict/host-tools/cargo/registry/src/index.crates.io-1949cf8c6b5b557f/rand-0.8.5/src/rngs/mod.rs:99:12
   |
99 | #[cfg_attr(doc_cfg, doc(cfg(feature = "std")))]
   |            ^^^^^^^
   |
   = help: consider using a Cargo feature instead
   = help: or consider adding in `Cargo.toml` the `check-cfg` lint config for the lint:
            [lints.rust]
            unexpected_cfgs = { level = "warn", check-cfg = ['cfg(doc_cfg)'] }
   = help: or consider adding `println!("cargo::rustc-check-cfg=cfg(doc_cfg)");` to the top of the `build.rs`
   = note: see <https://doc.rust-lang.org/nightly/rustc/check-cfg/cargo-specifics.html> for more information about checking conditional configuration

warning: unexpected `cfg` condition name: `doc_cfg`
   --> /app/target/cpython-strict/host-tools/cargo/registry/src/index.crates.io-1949cf8c6b5b557f/rand-0.8.5/src/rngs/mod.rs:118:12
    |
118 | #[cfg_attr(doc_cfg, doc(cfg(feature = "getrandom")))]
    |            ^^^^^^^
    |
    = help: consider using a Cargo feature instead
    = help: or consider adding in `Cargo.toml` the `check-cfg` lint config for the lint:
             [lints.rust]
             unexpected_cfgs = { level = "warn", check-cfg = ['cfg(doc_cfg)'] }
    = help: or consider adding `println!("cargo::rustc-check-cfg=cfg(doc_cfg)");` to the top of the `build.rs`
    = note: see <https://doc.rust-lang.org/nightly/rustc/check-cfg/cargo-specifics.html> for more information about checking conditional configuration

warning: unexpected `cfg` condition name: `doc_cfg`
  --> /app/target/cpython-strict/host-tools/cargo/registry/src/index.crates.io-1949cf8c6b5b557f/rand-0.8.5/src/rngs/small.rs:79:12
   |
79 | #[cfg_attr(doc_cfg, doc(cfg(feature = "small_rng")))]
   |            ^^^^^^^
   |
   = help: consider using a Cargo feature instead
   = help: or consider adding in `Cargo.toml` the `check-cfg` lint config for the lint:
            [lints.rust]
            unexpected_cfgs = { level = "warn", check-cfg = ['cfg(doc_cfg)'] }
   = help: or consider adding `println!("cargo::rustc-check-cfg=cfg(doc_cfg)");` to the top of the `build.rs`
   = note: see <https://doc.rust-lang.org/nightly/rustc/check-cfg/cargo-specifics.html> for more information about checking conditional configuration

   Compiling either v1.15.0
     Running `CARGO=/app/target/cpython-strict/host-tools/rustup/toolchains/nightly-2025-01-18-x86_64-unknown-linux-gnu/bin/cargo CARGO_CRATE_NAME=either CARGO_MANIFEST_DIR=/app/target/cpython-strict/host-tools/cargo/registry/src/index.crates.io-1949cf8c6b5b557f/either-1.15.0 CARGO_MANIFEST_PATH=/app/target/cpython-strict/host-tools/cargo/registry/src/index.crates.io-1949cf8c6b5b557f/either-1.15.0/Cargo.toml CARGO_PKG_AUTHORS=bluss CARGO_PKG_DESCRIPTION='The enum `Either` with variants `Left` and `Right` is a general purpose sum type with two cases.
' CARGO_PKG_HOMEPAGE='' CARGO_PKG_LICENSE='MIT OR Apache-2.0' CARGO_PKG_LICENSE_FILE='' CARGO_PKG_NAME=either CARGO_PKG_README=README-crates.io.md CARGO_PKG_REPOSITORY='https://github.com/rayon-rs/either' CARGO_PKG_RUST_VERSION=1.63.0 CARGO_PKG_VERSION=1.15.0 CARGO_PKG_VERSION_MAJOR=1 CARGO_PKG_VERSION_MINOR=15 CARGO_PKG_VERSION_PATCH=0 CARGO_PKG_VERSION_PRE='' LD_LIBRARY_PATH='/app/target/cpython-strict/build/primp-0.15.0/target/release/deps:/app/target/cpython-strict/host-tools/rustup/toolchains/nightly-2025-01-18-x86_64-unknown-linux-gnu/lib:/opt/kendryte-toolchain/bin/:' /app/target/cpython-strict/host-tools/rustup/toolchains/nightly-2025-01-18-x86_64-unknown-linux-gnu/bin/rustc --crate-name either --edition=2021 /app/target/cpython-strict/host-tools/cargo/registry/src/index.crates.io-1949cf8c6b5b557f/either-1.15.0/src/lib.rs --error-format=json --json=diagnostic-rendered-ansi,artifacts,future-incompat --crate-type lib --emit=dep-info,metadata,link -C embed-bitcode=no -C debug-assertions=off --check-cfg 'cfg(docsrs,test)' --check-cfg 'cfg(feature, values("default", "serde", "std", "use_std"))' -C metadata=42057587b3778222 -C extra-filename=-c461b6723c482a79 --out-dir /app/target/cpython-strict/build/primp-0.15.0/target/release/deps -C strip=symbols -L dependency=/app/target/cpython-strict/build/primp-0.15.0/target/release/deps --cap-lints warn`
warning: `libloading` (lib) generated 15 warnings
     Running `CARGO=/app/target/cpython-strict/host-tools/rustup/toolchains/nightly-2025-01-18-x86_64-unknown-linux-gnu/bin/cargo CARGO_CRATE_NAME=clang_sys CARGO_MANIFEST_DIR=/app/target/cpython-strict/host-tools/cargo/registry/src/index.crates.io-1949cf8c6b5b557f/clang-sys-1.8.1 CARGO_MANIFEST_PATH=/app/target/cpython-strict/host-tools/cargo/registry/src/index.crates.io-1949cf8c6b5b557f/clang-sys-1.8.1/Cargo.toml CARGO_PKG_AUTHORS='Kyle Mayes <kyle@mayeses.com>' CARGO_PKG_DESCRIPTION='Rust bindings for libclang.' CARGO_PKG_HOMEPAGE='' CARGO_PKG_LICENSE=Apache-2.0 CARGO_PKG_LICENSE_FILE='' CARGO_PKG_NAME=clang-sys CARGO_PKG_README=README.md CARGO_PKG_REPOSITORY='https://github.com/KyleMayes/clang-sys' CARGO_PKG_RUST_VERSION='' CARGO_PKG_VERSION=1.8.1 CARGO_PKG_VERSION_MAJOR=1 CARGO_PKG_VERSION_MINOR=8 CARGO_PKG_VERSION_PATCH=1 CARGO_PKG_VERSION_PRE='' LD_LIBRARY_PATH='/app/target/cpython-strict/build/primp-0.15.0/target/release/deps:/app/target/cpython-strict/host-tools/rustup/toolchains/nightly-2025-01-18-x86_64-unknown-linux-gnu/lib:/opt/kendryte-toolchain/bin/:' OUT_DIR=/app/target/cpython-strict/build/primp-0.15.0/target/release/build/clang-sys-aed36a3e5585f884/out /app/target/cpython-strict/host-tools/rustup/toolchains/nightly-2025-01-18-x86_64-unknown-linux-gnu/bin/rustc --crate-name clang_sys --edition=2021 /app/target/cpython-strict/host-tools/cargo/registry/src/index.crates.io-1949cf8c6b5b557f/clang-sys-1.8.1/src/lib.rs --error-format=json --json=diagnostic-rendered-ansi,artifacts,future-incompat --crate-type lib --emit=dep-info,metadata,link -C embed-bitcode=no -C debug-assertions=off --cfg 'feature="clang_3_5"' --cfg 'feature="clang_3_6"' --cfg 'feature="clang_3_7"' --cfg 'feature="clang_3_8"' --cfg 'feature="clang_3_9"' --cfg 'feature="clang_4_0"' --cfg 'feature="clang_5_0"' --cfg 'feature="clang_6_0"' --cfg 'feature="libloading"' --cfg 'feature="runtime"' --check-cfg 'cfg(docsrs,test)' --check-cfg 'cfg(feature, values("clang_10_0", "clang_11_0", "clang_12_0", "clang_13_0", "clang_14_0", "clang_15_0", "clang_16_0", "clang_17_0", "clang_18_0", "clang_3_5", "clang_3_6", "clang_3_7", "clang_3_8", "clang_3_9", "clang_4_0", "clang_5_0", "clang_6_0", "clang_7_0", "clang_8_0", "clang_9_0", "libcpp", "libloading", "runtime", "static"))' -C metadata=28ffcc2bf84445f0 -C extra-filename=-d6b569f13ae8529c --out-dir /app/target/cpython-strict/build/primp-0.15.0/target/release/deps -C strip=symbols -L dependency=/app/target/cpython-strict/build/primp-0.15.0/target/release/deps --extern glob=/app/target/cpython-strict/build/primp-0.15.0/target/release/deps/libglob-c9794cebc823a11e.rmeta --extern libc=/app/target/cpython-strict/build/primp-0.15.0/target/release/deps/liblibc-d907941c51b714b7.rmeta --extern libloading=/app/target/cpython-strict/build/primp-0.15.0/target/release/deps/liblibloading-77a472405319a718.rmeta --cap-lints warn`
     Running `CARGO=/app/target/cpython-strict/host-tools/rustup/toolchains/nightly-2025-01-18-x86_64-unknown-linux-gnu/bin/cargo CARGO_CRATE_NAME=icu_normalizer_data CARGO_MANIFEST_DIR=/app/target/cpython-strict/host-tools/cargo/registry/src/index.crates.io-1949cf8c6b5b557f/icu_normalizer_data-1.5.1 CARGO_MANIFEST_PATH=/app/target/cpython-strict/host-tools/cargo/registry/src/index.crates.io-1949cf8c6b5b557f/icu_normalizer_data-1.5.1/Cargo.toml CARGO_PKG_AUTHORS='The ICU4X Project Developers' CARGO_PKG_DESCRIPTION='Data for the icu_normalizer crate' CARGO_PKG_HOMEPAGE='https://icu4x.unicode.org' CARGO_PKG_LICENSE=Unicode-3.0 CARGO_PKG_LICENSE_FILE='' CARGO_PKG_NAME=icu_normalizer_data CARGO_PKG_README=README.md CARGO_PKG_REPOSITORY='https://github.com/unicode-org/icu4x' CARGO_PKG_RUST_VERSION=1.67 CARGO_PKG_VERSION=1.5.1 CARGO_PKG_VERSION_MAJOR=1 CARGO_PKG_VERSION_MINOR=5 CARGO_PKG_VERSION_PATCH=1 CARGO_PKG_VERSION_PRE='' LD_LIBRARY_PATH='/app/target/cpython-strict/build/primp-0.15.0/target/release/deps:/app/target/cpython-strict/host-tools/rustup/toolchains/nightly-2025-01-18-x86_64-unknown-linux-gnu/lib:/opt/kendryte-toolchain/bin/:' OUT_DIR=/app/target/cpython-strict/build/primp-0.15.0/target/loongarch64-unknown-linux-musl/release/build/icu_normalizer_data-c057298c4f7c191c/out /app/target/cpython-strict/host-tools/rustup/toolchains/nightly-2025-01-18-x86_64-unknown-linux-gnu/bin/rustc --crate-name icu_normalizer_data --edition=2021 /app/target/cpython-strict/host-tools/cargo/registry/src/index.crates.io-1949cf8c6b5b557f/icu_normalizer_data-1.5.1/src/lib.rs --error-format=json --json=diagnostic-rendered-ansi,artifacts,future-incompat --crate-type lib --emit=dep-info,metadata,link -C opt-level=3 -C panic=abort -C linker-plugin-lto -C codegen-units=1 --check-cfg 'cfg(docsrs,test)' --check-cfg 'cfg(feature, values())' -C metadata=a1031918aa5ecc7e -C extra-filename=-22159ba3df7c96ef --out-dir /app/target/cpython-strict/build/primp-0.15.0/target/loongarch64-unknown-linux-musl/release/deps --target loongarch64-unknown-linux-musl -C linker=/app/target/cpython-strict/cross/loongarch64-linux-musl-gcc -C strip=symbols -L dependency=/app/target/cpython-strict/build/primp-0.15.0/target/loongarch64-unknown-linux-musl/release/deps -L dependency=/app/target/cpython-strict/build/primp-0.15.0/target/release/deps --cap-lints warn -C target-feature=-ual -C target-feature=-crt-static`
     Running `CARGO=/app/target/cpython-strict/host-tools/rustup/toolchains/nightly-2025-01-18-x86_64-unknown-linux-gnu/bin/cargo CARGO_CFG_FEATURE=runtime CARGO_CFG_FMT_DEBUG=full CARGO_CFG_OVERFLOW_CHECKS='' CARGO_CFG_PANIC=unwind CARGO_CFG_RELOCATION_MODEL=pic CARGO_CFG_TARGET_ABI='' CARGO_CFG_TARGET_ARCH=x86_64 CARGO_CFG_TARGET_ENDIAN=little CARGO_CFG_TARGET_ENV=gnu CARGO_CFG_TARGET_FAMILY=unix CARGO_CFG_TARGET_FEATURE=fxsr,sse,sse2,x87 CARGO_CFG_TARGET_HAS_ATOMIC=16,32,64,8,ptr CARGO_CFG_TARGET_HAS_ATOMIC_EQUAL_ALIGNMENT=16,32,64,8,ptr CARGO_CFG_TARGET_HAS_ATOMIC_LOAD_STORE=16,32,64,8,ptr CARGO_CFG_TARGET_OS=linux CARGO_CFG_TARGET_POINTER_WIDTH=64 CARGO_CFG_TARGET_THREAD_LOCAL='' CARGO_CFG_TARGET_VENDOR=unknown CARGO_CFG_UB_CHECKS='' CARGO_CFG_UNIX='' CARGO_ENCODED_RUSTFLAGS='' CARGO_FEATURE_RUNTIME=1 CARGO_MANIFEST_DIR=/app/target/cpython-strict/host-tools/cargo/registry/src/index.crates.io-1949cf8c6b5b557f/bindgen-0.70.1 CARGO_MANIFEST_PATH=/app/target/cpython-strict/host-tools/cargo/registry/src/index.crates.io-1949cf8c6b5b557f/bindgen-0.70.1/Cargo.toml CARGO_PKG_AUTHORS='Jyun-Yan You <jyyou.tw@gmail.com>:Emilio Cobos Álvarez <emilio@crisal.io>:Nick Fitzgerald <fitzgen@gmail.com>:The Servo project developers' CARGO_PKG_DESCRIPTION='Automatically generates Rust FFI bindings to C and C++ libraries.' CARGO_PKG_HOMEPAGE='https://rust-lang.github.io/rust-bindgen/' CARGO_PKG_LICENSE=BSD-3-Clause CARGO_PKG_LICENSE_FILE='' CARGO_PKG_NAME=bindgen CARGO_PKG_README=README.md CARGO_PKG_REPOSITORY='https://github.com/rust-lang/rust-bindgen' CARGO_PKG_RUST_VERSION=1.70.0 CARGO_PKG_VERSION=0.70.1 CARGO_PKG_VERSION_MAJOR=0 CARGO_PKG_VERSION_MINOR=70 CARGO_PKG_VERSION_PATCH=1 CARGO_PKG_VERSION_PRE='' DEBUG=false HOST=x86_64-unknown-linux-gnu LD_LIBRARY_PATH='/app/target/cpython-strict/build/primp-0.15.0/target/release/deps:/app/target/cpython-strict/build/primp-0.15.0/target/release:/app/target/cpython-strict/host-tools/rustup/toolchains/nightly-2025-01-18-x86_64-unknown-linux-gnu/lib/rustlib/x86_64-unknown-linux-gnu/lib:/app/target/cpython-strict/host-tools/rustup/toolchains/nightly-2025-01-18-x86_64-unknown-linux-gnu/lib:/opt/kendryte-toolchain/bin/:' NUM_JOBS=10 OPT_LEVEL=0 OUT_DIR=/app/target/cpython-strict/build/primp-0.15.0/target/release/build/bindgen-a791edc00fdbcbe1/out PROFILE=release RUSTC=/app/target/cpython-strict/host-tools/rustup/toolchains/nightly-2025-01-18-x86_64-unknown-linux-gnu/bin/rustc RUSTDOC=/app/target/cpython-strict/host-tools/rustup/toolchains/nightly-2025-01-18-x86_64-unknown-linux-gnu/bin/rustdoc TARGET=x86_64-unknown-linux-gnu /app/target/cpython-strict/build/primp-0.15.0/target/release/build/bindgen-a362287c5fd80e19/build-script-build`
warning: unexpected `cfg` condition value: `cargo-clippy`
  --> /app/target/cpython-strict/host-tools/cargo/registry/src/index.crates.io-1949cf8c6b5b557f/clang-sys-1.8.1/src/lib.rs:23:13
   |
23 | #![cfg_attr(feature = "cargo-clippy", allow(clippy::unreadable_literal))]
   |             ^^^^^^^^^^^^^^^^^^^^^^^^
   |
   = note: expected values for `feature` are: `clang_10_0`, `clang_11_0`, `clang_12_0`, `clang_13_0`, `clang_14_0`, `clang_15_0`, `clang_16_0`, `clang_17_0`, `clang_18_0`, `clang_3_5`, `clang_3_6`, `clang_3_7`, `clang_3_8`, `clang_3_9`, `clang_4_0`, `clang_5_0`, `clang_6_0`, `clang_7_0`, `clang_8_0`, `clang_9_0`, `libcpp`, `libloading`, `runtime`, and `static`
   = help: consider adding `cargo-clippy` as a feature in `Cargo.toml`
   = note: see <https://doc.rust-lang.org/nightly/rustc/check-cfg/cargo-specifics.html> for more information about checking conditional configuration
   = note: `#[warn(unexpected_cfgs)]` on by default

warning: unexpected `cfg` condition value: `cargo-clippy`
    --> /app/target/cpython-strict/host-tools/cargo/registry/src/index.crates.io-1949cf8c6b5b557f/clang-sys-1.8.1/src/link.rs:173:24
     |
173  |               #[cfg_attr(feature="cargo-clippy", allow(clippy::missing_safety_doc))]
     |                          ^^^^^^^^^^^^^^^^^^^^^^
     |
    ::: /app/target/cpython-strict/host-tools/cargo/registry/src/index.crates.io-1949cf8c6b5b557f/clang-sys-1.8.1/src/lib.rs:1859:1
     |
1859 | / link! {
1860 | |     pub fn clang_CXCursorSet_contains(set: CXCursorSet, cursor: CXCursor) -> c_uint;
1861 | |     pub fn clang_CXCursorSet_insert(set: CXCursorSet, cursor: CXCursor) -> c_uint;
1862 | |     pub fn clang_CXIndex_getGlobalOptions(index: CXIndex) -> CXGlobalOptFlags;
...    |
2432 | |     pub fn clang_VerbatimLineComment_getText(comment: CXComment) -> CXString;
2433 | | }
     | |_- in this macro invocation
     |
     = note: expected values for `feature` are: `clang_10_0`, `clang_11_0`, `clang_12_0`, `clang_13_0`, `clang_14_0`, `clang_15_0`, `clang_16_0`, `clang_17_0`, `clang_18_0`, `clang_3_5`, `clang_3_6`, `clang_3_7`, `clang_3_8`, `clang_3_9`, `clang_4_0`, `clang_5_0`, `clang_6_0`, `clang_7_0`, `clang_8_0`, `clang_9_0`, `libcpp`, `libloading`, `runtime`, and `static`
     = help: consider adding `cargo-clippy` as a feature in `Cargo.toml`
     = note: see <https://doc.rust-lang.org/nightly/rustc/check-cfg/cargo-specifics.html> for more information about checking conditional configuration
     = note: this warning originates in the macro `link` (in Nightly builds, run with -Z macro-backtrace for more info)

warning: unexpected `cfg` condition value: `cargo-clippy`
    --> /app/target/cpython-strict/host-tools/cargo/registry/src/index.crates.io-1949cf8c6b5b557f/clang-sys-1.8.1/src/link.rs:174:24
     |
174  |               #[cfg_attr(feature="cargo-clippy", allow(clippy::too_many_arguments))]
     |                          ^^^^^^^^^^^^^^^^^^^^^^
     |
    ::: /app/target/cpython-strict/host-tools/cargo/registry/src/index.crates.io-1949cf8c6b5b557f/clang-sys-1.8.1/src/lib.rs:1859:1
     |
1859 | / link! {
1860 | |     pub fn clang_CXCursorSet_contains(set: CXCursorSet, cursor: CXCursor) -> c_uint;
1861 | |     pub fn clang_CXCursorSet_insert(set: CXCursorSet, cursor: CXCursor) -> c_uint;
1862 | |     pub fn clang_CXIndex_getGlobalOptions(index: CXIndex) -> CXGlobalOptFlags;
...    |
2432 | |     pub fn clang_VerbatimLineComment_getText(comment: CXComment) -> CXString;
2433 | | }
     | |_- in this macro invocation
     |
     = note: expected values for `feature` are: `clang_10_0`, `clang_11_0`, `clang_12_0`, `clang_13_0`, `clang_14_0`, `clang_15_0`, `clang_16_0`, `clang_17_0`, `clang_18_0`, `clang_3_5`, `clang_3_6`, `clang_3_7`, `clang_3_8`, `clang_3_9`, `clang_4_0`, `clang_5_0`, `clang_6_0`, `clang_7_0`, `clang_8_0`, `clang_9_0`, `libcpp`, `libloading`, `runtime`, and `static`
     = help: consider adding `cargo-clippy` as a feature in `Cargo.toml`
     = note: see <https://doc.rust-lang.org/nightly/rustc/check-cfg/cargo-specifics.html> for more information about checking conditional configuration
     = note: this warning originates in the macro `link` (in Nightly builds, run with -Z macro-backtrace for more info)

warning: extern declarations without an explicit ABI are deprecated
    --> /app/target/cpython-strict/host-tools/cargo/registry/src/index.crates.io-1949cf8c6b5b557f/clang-sys-1.8.1/src/link.rs:96:42
     |
96   |                   pub $name: Option<unsafe extern fn($($pname: $pty), *) $(-> $ret)*>,
     |                                            ^^^^^^ help: explicitly specify the C ABI: `extern "C"`
     |
    ::: /app/target/cpython-strict/host-tools/cargo/registry/src/index.crates.io-1949cf8c6b5b557f/clang-sys-1.8.1/src/lib.rs:1859:1
     |
1859 | / link! {
1860 | |     pub fn clang_CXCursorSet_contains(set: CXCursorSet, cursor: CXCursor) -> c_uint;
1861 | |     pub fn clang_CXCursorSet_insert(set: CXCursorSet, cursor: CXCursor) -> c_uint;
1862 | |     pub fn clang_CXIndex_getGlobalOptions(index: CXIndex) -> CXGlobalOptFlags;
...    |
2432 | |     pub fn clang_VerbatimLineComment_getText(comment: CXComment) -> CXString;
2433 | | }
     | |_- in this macro invocation
     |
     = note: `#[warn(missing_abi)]` on by default
     = note: this warning originates in the macro `link` (in Nightly builds, run with -Z macro-backtrace for more info)

warning: extern declarations without an explicit ABI are deprecated
    --> /app/target/cpython-strict/host-tools/cargo/registry/src/index.crates.io-1949cf8c6b5b557f/clang-sys-1.8.1/src/lib.rs:2166:44
     |
2166 |     pub fn clang_executeOnThread(function: extern fn(*mut c_void), data: *mut c_void, stack: c_uint);
     |                                            ^^^^^^ help: explicitly specify the C ABI: `extern "C"`

   Compiling utf8_iter v1.0.4
warning: extern declarations without an explicit ABI are deprecated
    --> /app/target/cpython-strict/host-tools/cargo/registry/src/index.crates.io-1949cf8c6b5b557f/clang-sys-1.8.1/src/link.rs:128:54
     |
128  |                           if self.library.get::<unsafe extern fn()>($fn).is_ok() {
     |                                                        ^^^^^^ help: explicitly specify the C ABI: `extern "C"`
     |
    ::: /app/target/cpython-strict/host-tools/cargo/registry/src/index.crates.io-1949cf8c6b5b557f/clang-sys-1.8.1/src/lib.rs:1859:1
     |
1859 | / link! {
1860 | |     pub fn clang_CXCursorSet_contains(set: CXCursorSet, cursor: CXCursor) -> c_uint;
1861 | |     pub fn clang_CXCursorSet_insert(set: CXCursorSet, cursor: CXCursor) -> c_uint;
1862 | |     pub fn clang_CXIndex_getGlobalOptions(index: CXIndex) -> CXGlobalOptFlags;
...    |
2432 | |     pub fn clang_VerbatimLineComment_getText(comment: CXComment) -> CXString;
2433 | | }
     | |_- in this macro invocation
     |
     = note: this warning originates in the macro `check` which comes from the expansion of the macro `link` (in Nightly builds, run with -Z macro-backtrace for more info)

     Running `CARGO=/app/target/cpython-strict/host-tools/rustup/toolchains/nightly-2025-01-18-x86_64-unknown-linux-gnu/bin/cargo CARGO_CRATE_NAME=utf8_iter CARGO_MANIFEST_DIR=/app/target/cpython-strict/host-tools/cargo/registry/src/index.crates.io-1949cf8c6b5b557f/utf8_iter-1.0.4 CARGO_MANIFEST_PATH=/app/target/cpython-strict/host-tools/cargo/registry/src/index.crates.io-1949cf8c6b5b557f/utf8_iter-1.0.4/Cargo.toml CARGO_PKG_AUTHORS='Henri Sivonen <hsivonen@hsivonen.fi>' CARGO_PKG_DESCRIPTION='Iterator by char over potentially-invalid UTF-8 in &[u8]' CARGO_PKG_HOMEPAGE='https://docs.rs/utf8_iter/' CARGO_PKG_LICENSE='Apache-2.0 OR MIT' CARGO_PKG_LICENSE_FILE='' CARGO_PKG_NAME=utf8_iter CARGO_PKG_README=README.md CARGO_PKG_REPOSITORY='https://github.com/hsivonen/utf8_iter' CARGO_PKG_RUST_VERSION='' CARGO_PKG_VERSION=1.0.4 CARGO_PKG_VERSION_MAJOR=1 CARGO_PKG_VERSION_MINOR=0 CARGO_PKG_VERSION_PATCH=4 CARGO_PKG_VERSION_PRE='' LD_LIBRARY_PATH='/app/target/cpython-strict/build/primp-0.15.0/target/release/deps:/app/target/cpython-strict/host-tools/rustup/toolchains/nightly-2025-01-18-x86_64-unknown-linux-gnu/lib:/opt/kendryte-toolchain/bin/:' /app/target/cpython-strict/host-tools/rustup/toolchains/nightly-2025-01-18-x86_64-unknown-linux-gnu/bin/rustc --crate-name utf8_iter --edition=2021 /app/target/cpython-strict/host-tools/cargo/registry/src/index.crates.io-1949cf8c6b5b557f/utf8_iter-1.0.4/src/lib.rs --error-format=json --json=diagnostic-rendered-ansi,artifacts,future-incompat --crate-type lib --emit=dep-info,metadata,link -C opt-level=3 -C panic=abort -C linker-plugin-lto -C codegen-units=1 --check-cfg 'cfg(docsrs,test)' --check-cfg 'cfg(feature, values())' -C metadata=cc4db6a76512c966 -C extra-filename=-71a4887e5173af1f --out-dir /app/target/cpython-strict/build/primp-0.15.0/target/loongarch64-unknown-linux-musl/release/deps --target loongarch64-unknown-linux-musl -C linker=/app/target/cpython-strict/cross/loongarch64-linux-musl-gcc -C strip=symbols -L dependency=/app/target/cpython-strict/build/primp-0.15.0/target/loongarch64-unknown-linux-musl/release/deps -L dependency=/app/target/cpython-strict/build/primp-0.15.0/target/release/deps --cap-lints warn -C target-feature=-ual -C target-feature=-crt-static`
   Compiling log v0.4.27
     Running `CARGO=/app/target/cpython-strict/host-tools/rustup/toolchains/nightly-2025-01-18-x86_64-unknown-linux-gnu/bin/cargo CARGO_CRATE_NAME=log CARGO_MANIFEST_DIR=/app/target/cpython-strict/host-tools/cargo/registry/src/index.crates.io-1949cf8c6b5b557f/log-0.4.27 CARGO_MANIFEST_PATH=/app/target/cpython-strict/host-tools/cargo/registry/src/index.crates.io-1949cf8c6b5b557f/log-0.4.27/Cargo.toml CARGO_PKG_AUTHORS='The Rust Project Developers' CARGO_PKG_DESCRIPTION='A lightweight logging facade for Rust
' CARGO_PKG_HOMEPAGE='' CARGO_PKG_LICENSE='MIT OR Apache-2.0' CARGO_PKG_LICENSE_FILE='' CARGO_PKG_NAME=log CARGO_PKG_README=README.md CARGO_PKG_REPOSITORY='https://github.com/rust-lang/log' CARGO_PKG_RUST_VERSION=1.60.0 CARGO_PKG_VERSION=0.4.27 CARGO_PKG_VERSION_MAJOR=0 CARGO_PKG_VERSION_MINOR=4 CARGO_PKG_VERSION_PATCH=27 CARGO_PKG_VERSION_PRE='' LD_LIBRARY_PATH='/app/target/cpython-strict/build/primp-0.15.0/target/release/deps:/app/target/cpython-strict/host-tools/rustup/toolchains/nightly-2025-01-18-x86_64-unknown-linux-gnu/lib:/opt/kendryte-toolchain/bin/:' /app/target/cpython-strict/host-tools/rustup/toolchains/nightly-2025-01-18-x86_64-unknown-linux-gnu/bin/rustc --crate-name log --edition=2021 /app/target/cpython-strict/host-tools/cargo/registry/src/index.crates.io-1949cf8c6b5b557f/log-0.4.27/src/lib.rs --error-format=json --json=diagnostic-rendered-ansi,artifacts,future-incompat --crate-type lib --emit=dep-info,metadata,link -C opt-level=3 -C panic=abort -C linker-plugin-lto -C codegen-units=1 --cfg 'feature="std"' --check-cfg 'cfg(docsrs,test)' --check-cfg 'cfg(feature, values("kv", "kv_serde", "kv_std", "kv_sval", "kv_unstable", "kv_unstable_serde", "kv_unstable_std", "kv_unstable_sval", "max_level_debug", "max_level_error", "max_level_info", "max_level_off", "max_level_trace", "max_level_warn", "release_max_level_debug", "release_max_level_error", "release_max_level_info", "release_max_level_off", "release_max_level_trace", "release_max_level_warn", "serde", "std", "sval", "sval_ref", "value-bag"))' -C metadata=ce2fddd5dddbeb0f -C extra-filename=-98eb0ac78b64de9a --out-dir /app/target/cpython-strict/build/primp-0.15.0/target/loongarch64-unknown-linux-musl/release/deps --target loongarch64-unknown-linux-musl -C linker=/app/target/cpython-strict/cross/loongarch64-linux-musl-gcc -C strip=symbols -L dependency=/app/target/cpython-strict/build/primp-0.15.0/target/loongarch64-unknown-linux-musl/release/deps -L dependency=/app/target/cpython-strict/build/primp-0.15.0/target/release/deps --cap-lints warn -C target-feature=-ual -C target-feature=-crt-static`
warning: unexpected `cfg` condition name: `icu4x_custom_data`
  --> /app/target/cpython-strict/host-tools/cargo/registry/src/index.crates.io-1949cf8c6b5b557f/icu_normalizer_data-1.5.1/src/lib.rs:14:7
   |
14 | #[cfg(icu4x_custom_data)]
   |       ^^^^^^^^^^^^^^^^^
   |
   = help: expected names are: `clippy`, `debug_assertions`, `doc`, `docsrs`, `doctest`, `feature`, `fmt_debug`, `miri`, `overflow_checks`, `panic`, `proc_macro`, `relocation_model`, `rustfmt`, `sanitize`, `sanitizer_cfi_generalize_pointers`, `sanitizer_cfi_normalize_integers`, `target_abi`, `target_arch`, `target_endian`, `target_env`, `target_family`, `target_feature`, `target_has_atomic`, `target_has_atomic_equal_alignment`, `target_has_atomic_load_store`, `target_os`, `target_pointer_width`, `target_thread_local`, `target_vendor`, `test`, `ub_checks`, `unix`, and `windows`
   = help: consider using a Cargo feature instead
   = help: or consider adding in `Cargo.toml` the `check-cfg` lint config for the lint:
            [lints.rust]
            unexpected_cfgs = { level = "warn", check-cfg = ['cfg(icu4x_custom_data)'] }
   = help: or consider adding `println!("cargo::rustc-check-cfg=cfg(icu4x_custom_data)");` to the top of the `build.rs`
   = note: see <https://doc.rust-lang.org/nightly/rustc/check-cfg/cargo-specifics.html> for more information about checking conditional configuration
   = note: `#[warn(unexpected_cfgs)]` on by default

warning: unexpected `cfg` condition name: `icu4x_custom_data`
  --> /app/target/cpython-strict/host-tools/cargo/registry/src/index.crates.io-1949cf8c6b5b557f/icu_normalizer_data-1.5.1/src/lib.rs:16:11
   |
16 | #[cfg(not(icu4x_custom_data))]
   |           ^^^^^^^^^^^^^^^^^
   |
   = help: consider using a Cargo feature instead
   = help: or consider adding in `Cargo.toml` the `check-cfg` lint config for the lint:
            [lints.rust]
            unexpected_cfgs = { level = "warn", check-cfg = ['cfg(icu4x_custom_data)'] }
   = help: or consider adding `println!("cargo::rustc-check-cfg=cfg(icu4x_custom_data)");` to the top of the `build.rs`
   = note: see <https://doc.rust-lang.org/nightly/rustc/check-cfg/cargo-specifics.html> for more information about checking conditional configuration

warning: trait `Float` is never used
   --> /app/target/cpython-strict/host-tools/cargo/registry/src/index.crates.io-1949cf8c6b5b557f/rand-0.8.5/src/distributions/utils.rs:238:18
    |
238 | pub(crate) trait Float: Sized {
    |                  ^^^^^
    |
    = note: `#[warn(dead_code)]` on by default

warning: associated items `lanes`, `extract`, and `replace` are never used
   --> /app/target/cpython-strict/host-tools/cargo/registry/src/index.crates.io-1949cf8c6b5b557f/rand-0.8.5/src/distributions/utils.rs:247:8
    |
245 | pub(crate) trait FloatAsSIMD: Sized {
    |                  ----------- associated items in this trait
246 |     #[inline(always)]
247 |     fn lanes() -> usize {
    |        ^^^^^
...
255 |     fn extract(self, index: usize) -> Self {
    |        ^^^^^^^
...
260 |     fn replace(self, index: usize, new_value: Self) -> Self {
    |        ^^^^^^^

warning: method `all` is never used
   --> /app/target/cpython-strict/host-tools/cargo/registry/src/index.crates.io-1949cf8c6b5b557f/rand-0.8.5/src/distributions/utils.rs:268:8
    |
266 | pub(crate) trait BoolAsSIMD: Sized {
    |                  ---------- method in this trait
267 |     fn any(self) -> bool;
268 |     fn all(self) -> bool;
    |        ^^^

warning: `icu_normalizer_data` (lib) generated 3 warnings (1 duplicate)
   Compiling rustc-hash v1.1.0
     Running `CARGO=/app/target/cpython-strict/host-tools/rustup/toolchains/nightly-2025-01-18-x86_64-unknown-linux-gnu/bin/cargo CARGO_CRATE_NAME=rustc_hash CARGO_MANIFEST_DIR=/app/target/cpython-strict/host-tools/cargo/registry/src/index.crates.io-1949cf8c6b5b557f/rustc-hash-1.1.0 CARGO_MANIFEST_PATH=/app/target/cpython-strict/host-tools/cargo/registry/src/index.crates.io-1949cf8c6b5b557f/rustc-hash-1.1.0/Cargo.toml CARGO_PKG_AUTHORS='The Rust Project Developers' CARGO_PKG_DESCRIPTION='speed, non-cryptographic hash used in rustc' CARGO_PKG_HOMEPAGE='' CARGO_PKG_LICENSE=Apache-2.0/MIT CARGO_PKG_LICENSE_FILE='' CARGO_PKG_NAME=rustc-hash CARGO_PKG_README=README.md CARGO_PKG_REPOSITORY='https://github.com/rust-lang-nursery/rustc-hash' CARGO_PKG_RUST_VERSION='' CARGO_PKG_VERSION=1.1.0 CARGO_PKG_VERSION_MAJOR=1 CARGO_PKG_VERSION_MINOR=1 CARGO_PKG_VERSION_PATCH=0 CARGO_PKG_VERSION_PRE='' LD_LIBRARY_PATH='/app/target/cpython-strict/build/primp-0.15.0/target/release/deps:/app/target/cpython-strict/host-tools/rustup/toolchains/nightly-2025-01-18-x86_64-unknown-linux-gnu/lib:/opt/kendryte-toolchain/bin/:' /app/target/cpython-strict/host-tools/rustup/toolchains/nightly-2025-01-18-x86_64-unknown-linux-gnu/bin/rustc --crate-name rustc_hash --edition=2015 /app/target/cpython-strict/host-tools/cargo/registry/src/index.crates.io-1949cf8c6b5b557f/rustc-hash-1.1.0/src/lib.rs --error-format=json --json=diagnostic-rendered-ansi,artifacts,future-incompat --crate-type lib --emit=dep-info,metadata,link -C embed-bitcode=no -C debug-assertions=off --cfg 'feature="default"' --cfg 'feature="std"' --check-cfg 'cfg(docsrs,test)' --check-cfg 'cfg(feature, values("default", "std"))' -C metadata=c61578d94468c227 -C extra-filename=-441037ba054d4fd2 --out-dir /app/target/cpython-strict/build/primp-0.15.0/target/release/deps -C strip=symbols -L dependency=/app/target/cpython-strict/build/primp-0.15.0/target/release/deps --cap-lints warn`
   Compiling itertools v0.13.0
     Running `CARGO=/app/target/cpython-strict/host-tools/rustup/toolchains/nightly-2025-01-18-x86_64-unknown-linux-gnu/bin/cargo CARGO_CRATE_NAME=itertools CARGO_MANIFEST_DIR=/app/target/cpython-strict/host-tools/cargo/registry/src/index.crates.io-1949cf8c6b5b557f/itertools-0.13.0 CARGO_MANIFEST_PATH=/app/target/cpython-strict/host-tools/cargo/registry/src/index.crates.io-1949cf8c6b5b557f/itertools-0.13.0/Cargo.toml CARGO_PKG_AUTHORS=bluss CARGO_PKG_DESCRIPTION='Extra iterator adaptors, iterator methods, free functions, and macros.' CARGO_PKG_HOMEPAGE='' CARGO_PKG_LICENSE='MIT OR Apache-2.0' CARGO_PKG_LICENSE_FILE='' CARGO_PKG_NAME=itertools CARGO_PKG_README=README.md CARGO_PKG_REPOSITORY='https://github.com/rust-itertools/itertools' CARGO_PKG_RUST_VERSION=1.43.1 CARGO_PKG_VERSION=0.13.0 CARGO_PKG_VERSION_MAJOR=0 CARGO_PKG_VERSION_MINOR=13 CARGO_PKG_VERSION_PATCH=0 CARGO_PKG_VERSION_PRE='' LD_LIBRARY_PATH='/app/target/cpython-strict/build/primp-0.15.0/target/release/deps:/app/target/cpython-strict/host-tools/rustup/toolchains/nightly-2025-01-18-x86_64-unknown-linux-gnu/lib:/opt/kendryte-toolchain/bin/:' /app/target/cpython-strict/host-tools/rustup/toolchains/nightly-2025-01-18-x86_64-unknown-linux-gnu/bin/rustc --crate-name itertools --edition=2018 /app/target/cpython-strict/host-tools/cargo/registry/src/index.crates.io-1949cf8c6b5b557f/itertools-0.13.0/src/lib.rs --error-format=json --json=diagnostic-rendered-ansi,artifacts,future-incompat --crate-type lib --emit=dep-info,metadata,link -C embed-bitcode=no -C debug-assertions=off --check-cfg 'cfg(docsrs,test)' --check-cfg 'cfg(feature, values("default", "use_alloc", "use_std"))' -C metadata=fd328ee93821df8c -C extra-filename=-b2ffa82d16f3a0b6 --out-dir /app/target/cpython-strict/build/primp-0.15.0/target/release/deps -C strip=symbols -L dependency=/app/target/cpython-strict/build/primp-0.15.0/target/release/deps --extern either=/app/target/cpython-strict/build/primp-0.15.0/target/release/deps/libeither-c461b6723c482a79.rmeta --cap-lints warn`
warning: `rand` (lib) generated 12 warnings
   Compiling phf_generator v0.11.3
     Running `CARGO=/app/target/cpython-strict/host-tools/rustup/toolchains/nightly-2025-01-18-x86_64-unknown-linux-gnu/bin/cargo CARGO_CRATE_NAME=phf_generator CARGO_MANIFEST_DIR=/app/target/cpython-strict/host-tools/cargo/registry/src/index.crates.io-1949cf8c6b5b557f/phf_generator-0.11.3 CARGO_MANIFEST_PATH=/app/target/cpython-strict/host-tools/cargo/registry/src/index.crates.io-1949cf8c6b5b557f/phf_generator-0.11.3/Cargo.toml CARGO_PKG_AUTHORS='Steven Fackler <sfackler@gmail.com>' CARGO_PKG_DESCRIPTION='PHF generation logic' CARGO_PKG_HOMEPAGE='' CARGO_PKG_LICENSE=MIT CARGO_PKG_LICENSE_FILE='' CARGO_PKG_NAME=phf_generator CARGO_PKG_README=README.md CARGO_PKG_REPOSITORY='https://github.com/rust-phf/rust-phf' CARGO_PKG_RUST_VERSION=1.61 CARGO_PKG_VERSION=0.11.3 CARGO_PKG_VERSION_MAJOR=0 CARGO_PKG_VERSION_MINOR=11 CARGO_PKG_VERSION_PATCH=3 CARGO_PKG_VERSION_PRE='' LD_LIBRARY_PATH='/app/target/cpython-strict/build/primp-0.15.0/target/release/deps:/app/target/cpython-strict/host-tools/rustup/toolchains/nightly-2025-01-18-x86_64-unknown-linux-gnu/lib:/opt/kendryte-toolchain/bin/:' /app/target/cpython-strict/host-tools/rustup/toolchains/nightly-2025-01-18-x86_64-unknown-linux-gnu/bin/rustc --crate-name phf_generator --edition=2021 /app/target/cpython-strict/host-tools/cargo/registry/src/index.crates.io-1949cf8c6b5b557f/phf_generator-0.11.3/src/lib.rs --error-format=json --json=diagnostic-rendered-ansi,artifacts,future-incompat --crate-type lib --emit=dep-info,metadata,link -C embed-bitcode=no -C debug-assertions=off --check-cfg 'cfg(docsrs,test)' --check-cfg 'cfg(feature, values("criterion"))' -C metadata=629c8a90a37daa02 -C extra-filename=-cd8b201b225cc6d3 --out-dir /app/target/cpython-strict/build/primp-0.15.0/target/release/deps -C strip=symbols -L dependency=/app/target/cpython-strict/build/primp-0.15.0/target/release/deps --extern phf_shared=/app/target/cpython-strict/build/primp-0.15.0/target/release/deps/libphf_shared-57d8ede5d8ac8ea2.rmeta --extern rand=/app/target/cpython-strict/build/primp-0.15.0/target/release/deps/librand-38ce05204f160397.rmeta --cap-lints warn`
   Compiling zstd-sys v2.0.15+zstd.1.5.7
     Running `CARGO=/app/target/cpython-strict/host-tools/rustup/toolchains/nightly-2025-01-18-x86_64-unknown-linux-gnu/bin/cargo CARGO_CRATE_NAME=build_script_build CARGO_MANIFEST_DIR=/app/target/cpython-strict/host-tools/cargo/registry/src/index.crates.io-1949cf8c6b5b557f/zstd-sys-2.0.15+zstd.1.5.7 CARGO_MANIFEST_PATH=/app/target/cpython-strict/host-tools/cargo/registry/src/index.crates.io-1949cf8c6b5b557f/zstd-sys-2.0.15+zstd.1.5.7/Cargo.toml CARGO_PKG_AUTHORS='Alexandre Bury <alexandre.bury@gmail.com>' CARGO_PKG_DESCRIPTION='Low-level bindings for the zstd compression library.' CARGO_PKG_HOMEPAGE='' CARGO_PKG_LICENSE=MIT/Apache-2.0 CARGO_PKG_LICENSE_FILE='' CARGO_PKG_NAME=zstd-sys CARGO_PKG_README=Readme.md CARGO_PKG_REPOSITORY='https://github.com/gyscos/zstd-rs' CARGO_PKG_RUST_VERSION=1.64 CARGO_PKG_VERSION=2.0.15+zstd.1.5.7 CARGO_PKG_VERSION_MAJOR=2 CARGO_PKG_VERSION_MINOR=0 CARGO_PKG_VERSION_PATCH=15 CARGO_PKG_VERSION_PRE='' LD_LIBRARY_PATH='/app/target/cpython-strict/build/primp-0.15.0/target/release/deps:/app/target/cpython-strict/host-tools/rustup/toolchains/nightly-2025-01-18-x86_64-unknown-linux-gnu/lib:/opt/kendryte-toolchain/bin/:' /app/target/cpython-strict/host-tools/rustup/toolchains/nightly-2025-01-18-x86_64-unknown-linux-gnu/bin/rustc --crate-name build_script_build --edition=2018 /app/target/cpython-strict/host-tools/cargo/registry/src/index.crates.io-1949cf8c6b5b557f/zstd-sys-2.0.15+zstd.1.5.7/build.rs --error-format=json --json=diagnostic-rendered-ansi,artifacts,future-incompat --crate-type bin --emit=dep-info,link -C embed-bitcode=no --allow=non_upper_case_globals -C debug-assertions=off --cfg 'feature="legacy"' --cfg 'feature="std"' --cfg 'feature="zdict_builder"' --check-cfg 'cfg(docsrs,test)' --check-cfg 'cfg(feature, values("bindgen", "debug", "default", "experimental", "fat-lto", "legacy", "no_asm", "no_wasm_shim", "non-cargo", "pkg-config", "seekable", "std", "thin", "thin-lto", "zdict_builder", "zstdmt"))' -C metadata=94ea980fd677851e -C extra-filename=-beca08398bc3a544 --out-dir /app/target/cpython-strict/build/primp-0.15.0/target/release/build/zstd-sys-beca08398bc3a544 -C strip=symbols -L dependency=/app/target/cpython-strict/build/primp-0.15.0/target/release/deps --extern cc=/app/target/cpython-strict/build/primp-0.15.0/target/release/deps/libcc-987fbd91ed379719.rlib --extern pkg_config=/app/target/cpython-strict/build/primp-0.15.0/target/release/deps/libpkg_config-f3e663dede66f4d9.rlib --cap-lints warn`
   Compiling write16 v1.0.0
     Running `CARGO=/app/target/cpython-strict/host-tools/rustup/toolchains/nightly-2025-01-18-x86_64-unknown-linux-gnu/bin/cargo CARGO_CRATE_NAME=write16 CARGO_MANIFEST_DIR=/app/target/cpython-strict/host-tools/cargo/registry/src/index.crates.io-1949cf8c6b5b557f/write16-1.0.0 CARGO_MANIFEST_PATH=/app/target/cpython-strict/host-tools/cargo/registry/src/index.crates.io-1949cf8c6b5b557f/write16-1.0.0/Cargo.toml CARGO_PKG_AUTHORS='' CARGO_PKG_DESCRIPTION='A UTF-16 analog of the Write trait' CARGO_PKG_HOMEPAGE='https://docs.rs/write16/' CARGO_PKG_LICENSE='Apache-2.0 OR MIT' CARGO_PKG_LICENSE_FILE='' CARGO_PKG_NAME=write16 CARGO_PKG_README=README.md CARGO_PKG_REPOSITORY='https://github.com/hsivonen/write16' CARGO_PKG_RUST_VERSION='' CARGO_PKG_VERSION=1.0.0 CARGO_PKG_VERSION_MAJOR=1 CARGO_PKG_VERSION_MINOR=0 CARGO_PKG_VERSION_PATCH=0 CARGO_PKG_VERSION_PRE='' LD_LIBRARY_PATH='/app/target/cpython-strict/build/primp-0.15.0/target/release/deps:/app/target/cpython-strict/host-tools/rustup/toolchains/nightly-2025-01-18-x86_64-unknown-linux-gnu/lib:/opt/kendryte-toolchain/bin/:' /app/target/cpython-strict/host-tools/rustup/toolchains/nightly-2025-01-18-x86_64-unknown-linux-gnu/bin/rustc --crate-name write16 --edition=2021 /app/target/cpython-strict/host-tools/cargo/registry/src/index.crates.io-1949cf8c6b5b557f/write16-1.0.0/src/lib.rs --error-format=json --json=diagnostic-rendered-ansi,artifacts,future-incompat --crate-type lib --emit=dep-info,metadata,link -C opt-level=3 -C panic=abort -C linker-plugin-lto -C codegen-units=1 --cfg 'feature="alloc"' --check-cfg 'cfg(docsrs,test)' --check-cfg 'cfg(feature, values("alloc", "arrayvec", "smallvec"))' -C metadata=d1ed0d62ec4b6f0c -C extra-filename=-689b7fbcdf165c3b --out-dir /app/target/cpython-strict/build/primp-0.15.0/target/loongarch64-unknown-linux-musl/release/deps --target loongarch64-unknown-linux-musl -C linker=/app/target/cpython-strict/cross/loongarch64-linux-musl-gcc -C strip=symbols -L dependency=/app/target/cpython-strict/build/primp-0.15.0/target/loongarch64-unknown-linux-musl/release/deps -L dependency=/app/target/cpython-strict/build/primp-0.15.0/target/release/deps --cap-lints warn -C target-feature=-ual -C target-feature=-crt-static`
warning: `utf8_iter` (lib) generated 1 warning (1 duplicate)
   Compiling bitflags v2.9.0
     Running `CARGO=/app/target/cpython-strict/host-tools/rustup/toolchains/nightly-2025-01-18-x86_64-unknown-linux-gnu/bin/cargo CARGO_CRATE_NAME=bitflags CARGO_MANIFEST_DIR=/app/target/cpython-strict/host-tools/cargo/registry/src/index.crates.io-1949cf8c6b5b557f/bitflags-2.9.0 CARGO_MANIFEST_PATH=/app/target/cpython-strict/host-tools/cargo/registry/src/index.crates.io-1949cf8c6b5b557f/bitflags-2.9.0/Cargo.toml CARGO_PKG_AUTHORS='The Rust Project Developers' CARGO_PKG_DESCRIPTION='A macro to generate structures which behave like bitflags.
' CARGO_PKG_HOMEPAGE='https://github.com/bitflags/bitflags' CARGO_PKG_LICENSE='MIT OR Apache-2.0' CARGO_PKG_LICENSE_FILE='' CARGO_PKG_NAME=bitflags CARGO_PKG_README=README.md CARGO_PKG_REPOSITORY='https://github.com/bitflags/bitflags' CARGO_PKG_RUST_VERSION=1.56.0 CARGO_PKG_VERSION=2.9.0 CARGO_PKG_VERSION_MAJOR=2 CARGO_PKG_VERSION_MINOR=9 CARGO_PKG_VERSION_PATCH=0 CARGO_PKG_VERSION_PRE='' LD_LIBRARY_PATH='/app/target/cpython-strict/build/primp-0.15.0/target/release/deps:/app/target/cpython-strict/host-tools/rustup/toolchains/nightly-2025-01-18-x86_64-unknown-linux-gnu/lib:/opt/kendryte-toolchain/bin/:' /app/target/cpython-strict/host-tools/rustup/toolchains/nightly-2025-01-18-x86_64-unknown-linux-gnu/bin/rustc --crate-name bitflags --edition=2021 /app/target/cpython-strict/host-tools/cargo/registry/src/index.crates.io-1949cf8c6b5b557f/bitflags-2.9.0/src/lib.rs --error-format=json --json=diagnostic-rendered-ansi,artifacts,future-incompat --crate-type lib --emit=dep-info,metadata,link -C embed-bitcode=no -C debug-assertions=off --check-cfg 'cfg(docsrs,test)' --check-cfg 'cfg(feature, values("arbitrary", "bytemuck", "compiler_builtins", "core", "example_generated", "rustc-dep-of-std", "serde", "std"))' -C metadata=9945bde3c7b6a64d -C extra-filename=-d4b8afea580c0149 --out-dir /app/target/cpython-strict/build/primp-0.15.0/target/release/deps -C strip=symbols -L dependency=/app/target/cpython-strict/build/primp-0.15.0/target/release/deps --cap-lints warn`
warning: `log` (lib) generated 1 warning (1 duplicate)
   Compiling synstructure v0.13.1
     Running `CARGO=/app/target/cpython-strict/host-tools/rustup/toolchains/nightly-2025-01-18-x86_64-unknown-linux-gnu/bin/cargo CARGO_CRATE_NAME=synstructure CARGO_MANIFEST_DIR=/app/target/cpython-strict/host-tools/cargo/registry/src/index.crates.io-1949cf8c6b5b557f/synstructure-0.13.1 CARGO_MANIFEST_PATH=/app/target/cpython-strict/host-tools/cargo/registry/src/index.crates.io-1949cf8c6b5b557f/synstructure-0.13.1/Cargo.toml CARGO_PKG_AUTHORS='Nika Layzell <nika@thelayzells.com>' CARGO_PKG_DESCRIPTION='Helper methods and macros for custom derives' CARGO_PKG_HOMEPAGE='' CARGO_PKG_LICENSE=MIT CARGO_PKG_LICENSE_FILE='' CARGO_PKG_NAME=synstructure CARGO_PKG_README=README.md CARGO_PKG_REPOSITORY='https://github.com/mystor/synstructure' CARGO_PKG_RUST_VERSION='' CARGO_PKG_VERSION=0.13.1 CARGO_PKG_VERSION_MAJOR=0 CARGO_PKG_VERSION_MINOR=13 CARGO_PKG_VERSION_PATCH=1 CARGO_PKG_VERSION_PRE='' LD_LIBRARY_PATH='/app/target/cpython-strict/build/primp-0.15.0/target/release/deps:/app/target/cpython-strict/host-tools/rustup/toolchains/nightly-2025-01-18-x86_64-unknown-linux-gnu/lib:/opt/kendryte-toolchain/bin/:' /app/target/cpython-strict/host-tools/rustup/toolchains/nightly-2025-01-18-x86_64-unknown-linux-gnu/bin/rustc --crate-name synstructure --edition=2018 /app/target/cpython-strict/host-tools/cargo/registry/src/index.crates.io-1949cf8c6b5b557f/synstructure-0.13.1/src/lib.rs --error-format=json --json=diagnostic-rendered-ansi,artifacts,future-incompat --crate-type lib --emit=dep-info,metadata,link -C embed-bitcode=no -C debug-assertions=off --cfg 'feature="default"' --cfg 'feature="proc-macro"' --check-cfg 'cfg(docsrs,test)' --check-cfg 'cfg(feature, values("default", "proc-macro"))' -C metadata=f96baf750f88ab42 -C extra-filename=-a6cc2635ca60b4a0 --out-dir /app/target/cpython-strict/build/primp-0.15.0/target/release/deps -C strip=symbols -L dependency=/app/target/cpython-strict/build/primp-0.15.0/target/release/deps --extern proc_macro2=/app/target/cpython-strict/build/primp-0.15.0/target/release/deps/libproc_macro2-9db364b059323b41.rmeta --extern quote=/app/target/cpython-strict/build/primp-0.15.0/target/release/deps/libquote-430fd29c5f10253f.rmeta --extern syn=/app/target/cpython-strict/build/primp-0.15.0/target/release/deps/libsyn-4f64c6980b94321d.rmeta --cap-lints warn`
warning: `nom` (lib) generated 13 warnings
   Compiling cexpr v0.6.0
     Running `CARGO=/app/target/cpython-strict/host-tools/rustup/toolchains/nightly-2025-01-18-x86_64-unknown-linux-gnu/bin/cargo CARGO_CRATE_NAME=cexpr CARGO_MANIFEST_DIR=/app/target/cpython-strict/host-tools/cargo/registry/src/index.crates.io-1949cf8c6b5b557f/cexpr-0.6.0 CARGO_MANIFEST_PATH=/app/target/cpython-strict/host-tools/cargo/registry/src/index.crates.io-1949cf8c6b5b557f/cexpr-0.6.0/Cargo.toml CARGO_PKG_AUTHORS='Jethro Beekman <jethro@jbeekman.nl>' CARGO_PKG_DESCRIPTION='A C expression parser and evaluator' CARGO_PKG_HOMEPAGE='' CARGO_PKG_LICENSE=Apache-2.0/MIT CARGO_PKG_LICENSE_FILE='' CARGO_PKG_NAME=cexpr CARGO_PKG_README='' CARGO_PKG_REPOSITORY='https://github.com/jethrogb/rust-cexpr' CARGO_PKG_RUST_VERSION='' CARGO_PKG_VERSION=0.6.0 CARGO_PKG_VERSION_MAJOR=0 CARGO_PKG_VERSION_MINOR=6 CARGO_PKG_VERSION_PATCH=0 CARGO_PKG_VERSION_PRE='' LD_LIBRARY_PATH='/app/target/cpython-strict/build/primp-0.15.0/target/release/deps:/app/target/cpython-strict/host-tools/rustup/toolchains/nightly-2025-01-18-x86_64-unknown-linux-gnu/lib:/opt/kendryte-toolchain/bin/:' /app/target/cpython-strict/host-tools/rustup/toolchains/nightly-2025-01-18-x86_64-unknown-linux-gnu/bin/rustc --crate-name cexpr --edition=2018 /app/target/cpython-strict/host-tools/cargo/registry/src/index.crates.io-1949cf8c6b5b557f/cexpr-0.6.0/src/lib.rs --error-format=json --json=diagnostic-rendered-ansi,artifacts,future-incompat --crate-type lib --emit=dep-info,metadata,link -C embed-bitcode=no -C debug-assertions=off --check-cfg 'cfg(docsrs,test)' --check-cfg 'cfg(feature, values())' -C metadata=e9998c285e324ec3 -C extra-filename=-717f720735519d44 --out-dir /app/target/cpython-strict/build/primp-0.15.0/target/release/deps -C strip=symbols -L dependency=/app/target/cpython-strict/build/primp-0.15.0/target/release/deps --extern nom=/app/target/cpython-strict/build/primp-0.15.0/target/release/deps/libnom-71f933875c92491c.rmeta --cap-lints warn`
warning: `write16` (lib) generated 1 warning (1 duplicate)
   Compiling equivalent v1.0.2
     Running `CARGO=/app/target/cpython-strict/host-tools/rustup/toolchains/nightly-2025-01-18-x86_64-unknown-linux-gnu/bin/cargo CARGO_CRATE_NAME=equivalent CARGO_MANIFEST_DIR=/app/target/cpython-strict/host-tools/cargo/registry/src/index.crates.io-1949cf8c6b5b557f/equivalent-1.0.2 CARGO_MANIFEST_PATH=/app/target/cpython-strict/host-tools/cargo/registry/src/index.crates.io-1949cf8c6b5b557f/equivalent-1.0.2/Cargo.toml CARGO_PKG_AUTHORS='' CARGO_PKG_DESCRIPTION='Traits for key comparison in maps.' CARGO_PKG_HOMEPAGE='' CARGO_PKG_LICENSE='Apache-2.0 OR MIT' CARGO_PKG_LICENSE_FILE='' CARGO_PKG_NAME=equivalent CARGO_PKG_README=README.md CARGO_PKG_REPOSITORY='https://github.com/indexmap-rs/equivalent' CARGO_PKG_RUST_VERSION=1.6 CARGO_PKG_VERSION=1.0.2 CARGO_PKG_VERSION_MAJOR=1 CARGO_PKG_VERSION_MINOR=0 CARGO_PKG_VERSION_PATCH=2 CARGO_PKG_VERSION_PRE='' LD_LIBRARY_PATH='/app/target/cpython-strict/build/primp-0.15.0/target/release/deps:/app/target/cpython-strict/host-tools/rustup/toolchains/nightly-2025-01-18-x86_64-unknown-linux-gnu/lib:/opt/kendryte-toolchain/bin/:' /app/target/cpython-strict/host-tools/rustup/toolchains/nightly-2025-01-18-x86_64-unknown-linux-gnu/bin/rustc --crate-name equivalent --edition=2015 /app/target/cpython-strict/host-tools/cargo/registry/src/index.crates.io-1949cf8c6b5b557f/equivalent-1.0.2/src/lib.rs --error-format=json --json=diagnostic-rendered-ansi,artifacts,future-incompat --crate-type lib --emit=dep-info,metadata,link -C opt-level=3 -C panic=abort -C linker-plugin-lto -C codegen-units=1 --check-cfg 'cfg(docsrs,test)' --check-cfg 'cfg(feature, values())' -C metadata=7a0a07bc090e9df3 -C extra-filename=-22742395088ca423 --out-dir /app/target/cpython-strict/build/primp-0.15.0/target/loongarch64-unknown-linux-musl/release/deps --target loongarch64-unknown-linux-musl -C linker=/app/target/cpython-strict/cross/loongarch64-linux-musl-gcc -C strip=symbols -L dependency=/app/target/cpython-strict/build/primp-0.15.0/target/loongarch64-unknown-linux-musl/release/deps -L dependency=/app/target/cpython-strict/build/primp-0.15.0/target/release/deps --cap-lints warn -C target-feature=-ual -C target-feature=-crt-static`
   Compiling hashbrown v0.15.2
     Running `CARGO=/app/target/cpython-strict/host-tools/rustup/toolchains/nightly-2025-01-18-x86_64-unknown-linux-gnu/bin/cargo CARGO_CRATE_NAME=hashbrown CARGO_MANIFEST_DIR=/app/target/cpython-strict/host-tools/cargo/registry/src/index.crates.io-1949cf8c6b5b557f/hashbrown-0.15.2 CARGO_MANIFEST_PATH=/app/target/cpython-strict/host-tools/cargo/registry/src/index.crates.io-1949cf8c6b5b557f/hashbrown-0.15.2/Cargo.toml CARGO_PKG_AUTHORS='Amanieu d'\''Antras <amanieu@gmail.com>' CARGO_PKG_DESCRIPTION='A Rust port of Google'\''s SwissTable hash map' CARGO_PKG_HOMEPAGE='' CARGO_PKG_LICENSE='MIT OR Apache-2.0' CARGO_PKG_LICENSE_FILE='' CARGO_PKG_NAME=hashbrown CARGO_PKG_README=README.md CARGO_PKG_REPOSITORY='https://github.com/rust-lang/hashbrown' CARGO_PKG_RUST_VERSION=1.65.0 CARGO_PKG_VERSION=0.15.2 CARGO_PKG_VERSION_MAJOR=0 CARGO_PKG_VERSION_MINOR=15 CARGO_PKG_VERSION_PATCH=2 CARGO_PKG_VERSION_PRE='' LD_LIBRARY_PATH='/app/target/cpython-strict/build/primp-0.15.0/target/release/deps:/app/target/cpython-strict/host-tools/rustup/toolchains/nightly-2025-01-18-x86_64-unknown-linux-gnu/lib:/opt/kendryte-toolchain/bin/:' /app/target/cpython-strict/host-tools/rustup/toolchains/nightly-2025-01-18-x86_64-unknown-linux-gnu/bin/rustc --crate-name hashbrown --edition=2021 /app/target/cpython-strict/host-tools/cargo/registry/src/index.crates.io-1949cf8c6b5b557f/hashbrown-0.15.2/src/lib.rs --error-format=json --json=diagnostic-rendered-ansi,artifacts,future-incompat --crate-type lib --emit=dep-info,metadata,link -C opt-level=3 -C panic=abort -C linker-plugin-lto -C codegen-units=1 --check-cfg 'cfg(docsrs,test)' --check-cfg 'cfg(feature, values("alloc", "allocator-api2", "compiler_builtins", "core", "default", "default-hasher", "equivalent", "inline-more", "nightly", "raw-entry", "rayon", "rustc-dep-of-std", "rustc-internal-api", "serde"))' -C metadata=bfcce2259e20df02 -C extra-filename=-8cfe4b8f7415f2a8 --out-dir /app/target/cpython-strict/build/primp-0.15.0/target/loongarch64-unknown-linux-musl/release/deps --target loongarch64-unknown-linux-musl -C linker=/app/target/cpython-strict/cross/loongarch64-linux-musl-gcc -C strip=symbols -L dependency=/app/target/cpython-strict/build/primp-0.15.0/target/loongarch64-unknown-linux-musl/release/deps -L dependency=/app/target/cpython-strict/build/primp-0.15.0/target/release/deps --cap-lints warn -C target-feature=-ual -C target-feature=-crt-static`
warning: `equivalent` (lib) generated 1 warning (1 duplicate)
   Compiling regex v1.11.1
     Running `CARGO=/app/target/cpython-strict/host-tools/rustup/toolchains/nightly-2025-01-18-x86_64-unknown-linux-gnu/bin/cargo CARGO_CRATE_NAME=regex CARGO_MANIFEST_DIR=/app/target/cpython-strict/host-tools/cargo/registry/src/index.crates.io-1949cf8c6b5b557f/regex-1.11.1 CARGO_MANIFEST_PATH=/app/target/cpython-strict/host-tools/cargo/registry/src/index.crates.io-1949cf8c6b5b557f/regex-1.11.1/Cargo.toml CARGO_PKG_AUTHORS='The Rust Project Developers:Andrew Gallant <jamslam@gmail.com>' CARGO_PKG_DESCRIPTION='An implementation of regular expressions for Rust. This implementation uses
finite automata and guarantees linear time matching on all inputs.
' CARGO_PKG_HOMEPAGE='https://github.com/rust-lang/regex' CARGO_PKG_LICENSE='MIT OR Apache-2.0' CARGO_PKG_LICENSE_FILE='' CARGO_PKG_NAME=regex CARGO_PKG_README=README.md CARGO_PKG_REPOSITORY='https://github.com/rust-lang/regex' CARGO_PKG_RUST_VERSION=1.65 CARGO_PKG_VERSION=1.11.1 CARGO_PKG_VERSION_MAJOR=1 CARGO_PKG_VERSION_MINOR=11 CARGO_PKG_VERSION_PATCH=1 CARGO_PKG_VERSION_PRE='' LD_LIBRARY_PATH='/app/target/cpython-strict/build/primp-0.15.0/target/release/deps:/app/target/cpython-strict/host-tools/rustup/toolchains/nightly-2025-01-18-x86_64-unknown-linux-gnu/lib:/opt/kendryte-toolchain/bin/:' /app/target/cpython-strict/host-tools/rustup/toolchains/nightly-2025-01-18-x86_64-unknown-linux-gnu/bin/rustc --crate-name regex --edition=2021 /app/target/cpython-strict/host-tools/cargo/registry/src/index.crates.io-1949cf8c6b5b557f/regex-1.11.1/src/lib.rs --error-format=json --json=diagnostic-rendered-ansi,artifacts,future-incompat --crate-type lib --emit=dep-info,metadata,link -C embed-bitcode=no -C debug-assertions=off --cfg 'feature="std"' --cfg 'feature="unicode-perl"' --check-cfg 'cfg(docsrs,test)' --check-cfg 'cfg(feature, values("default", "logging", "pattern", "perf", "perf-backtrack", "perf-cache", "perf-dfa", "perf-dfa-full", "perf-inline", "perf-literal", "perf-onepass", "std", "unicode", "unicode-age", "unicode-bool", "unicode-case", "unicode-gencat", "unicode-perl", "unicode-script", "unicode-segment", "unstable", "use_std"))' -C metadata=5e4529cd31f9eb65 -C extra-filename=-31727ee429e4d5f1 --out-dir /app/target/cpython-strict/build/primp-0.15.0/target/release/deps -C strip=symbols -L dependency=/app/target/cpython-strict/build/primp-0.15.0/target/release/deps --extern regex_automata=/app/target/cpython-strict/build/primp-0.15.0/target/release/deps/libregex_automata-0b61a34f44b13d64.rmeta --extern regex_syntax=/app/target/cpython-strict/build/primp-0.15.0/target/release/deps/libregex_syntax-ee06830fc055df81.rmeta --cap-lints warn`
   Compiling utf16_iter v1.0.5
     Running `CARGO=/app/target/cpython-strict/host-tools/rustup/toolchains/nightly-2025-01-18-x86_64-unknown-linux-gnu/bin/cargo CARGO_CRATE_NAME=utf16_iter CARGO_MANIFEST_DIR=/app/target/cpython-strict/host-tools/cargo/registry/src/index.crates.io-1949cf8c6b5b557f/utf16_iter-1.0.5 CARGO_MANIFEST_PATH=/app/target/cpython-strict/host-tools/cargo/registry/src/index.crates.io-1949cf8c6b5b557f/utf16_iter-1.0.5/Cargo.toml CARGO_PKG_AUTHORS='Henri Sivonen <hsivonen@hsivonen.fi>' CARGO_PKG_DESCRIPTION='Iterator by char over potentially-invalid UTF-16 in &[u16]' CARGO_PKG_HOMEPAGE='https://docs.rs/utf16_iter/' CARGO_PKG_LICENSE='Apache-2.0 OR MIT' CARGO_PKG_LICENSE_FILE='' CARGO_PKG_NAME=utf16_iter CARGO_PKG_README=README.md CARGO_PKG_REPOSITORY='https://github.com/hsivonen/utf16_iter' CARGO_PKG_RUST_VERSION='' CARGO_PKG_VERSION=1.0.5 CARGO_PKG_VERSION_MAJOR=1 CARGO_PKG_VERSION_MINOR=0 CARGO_PKG_VERSION_PATCH=5 CARGO_PKG_VERSION_PRE='' LD_LIBRARY_PATH='/app/target/cpython-strict/build/primp-0.15.0/target/release/deps:/app/target/cpython-strict/host-tools/rustup/toolchains/nightly-2025-01-18-x86_64-unknown-linux-gnu/lib:/opt/kendryte-toolchain/bin/:' /app/target/cpython-strict/host-tools/rustup/toolchains/nightly-2025-01-18-x86_64-unknown-linux-gnu/bin/rustc --crate-name utf16_iter --edition=2021 /app/target/cpython-strict/host-tools/cargo/registry/src/index.crates.io-1949cf8c6b5b557f/utf16_iter-1.0.5/src/lib.rs --error-format=json --json=diagnostic-rendered-ansi,artifacts,future-incompat --crate-type lib --emit=dep-info,metadata,link -C opt-level=3 -C panic=abort -C linker-plugin-lto -C codegen-units=1 --check-cfg 'cfg(docsrs,test)' --check-cfg 'cfg(feature, values())' -C metadata=27e1abe8abff5390 -C extra-filename=-72fc560319bac5eb --out-dir /app/target/cpython-strict/build/primp-0.15.0/target/loongarch64-unknown-linux-musl/release/deps --target loongarch64-unknown-linux-musl -C linker=/app/target/cpython-strict/cross/loongarch64-linux-musl-gcc -C strip=symbols -L dependency=/app/target/cpython-strict/build/primp-0.15.0/target/loongarch64-unknown-linux-musl/release/deps -L dependency=/app/target/cpython-strict/build/primp-0.15.0/target/release/deps --cap-lints warn -C target-feature=-ual -C target-feature=-crt-static`
     Running `CARGO=/app/target/cpython-strict/host-tools/rustup/toolchains/nightly-2025-01-18-x86_64-unknown-linux-gnu/bin/cargo CARGO_CFG_FEATURE=legacy,std,zdict_builder CARGO_CFG_FMT_DEBUG=full CARGO_CFG_OVERFLOW_CHECKS='' CARGO_CFG_PANIC=unwind CARGO_CFG_RELOCATION_MODEL=pic CARGO_CFG_TARGET_ABI='' CARGO_CFG_TARGET_ARCH=loongarch64 CARGO_CFG_TARGET_ENDIAN=little CARGO_CFG_TARGET_ENV=musl CARGO_CFG_TARGET_FAMILY=unix CARGO_CFG_TARGET_FEATURE=d,f,lsx CARGO_CFG_TARGET_HAS_ATOMIC=16,32,64,8,ptr CARGO_CFG_TARGET_HAS_ATOMIC_EQUAL_ALIGNMENT=16,32,64,8,ptr CARGO_CFG_TARGET_HAS_ATOMIC_LOAD_STORE=16,32,64,8,ptr CARGO_CFG_TARGET_OS=linux CARGO_CFG_TARGET_POINTER_WIDTH=64 CARGO_CFG_TARGET_THREAD_LOCAL='' CARGO_CFG_TARGET_VENDOR=unknown CARGO_CFG_UB_CHECKS='' CARGO_CFG_UNIX='' CARGO_ENCODED_RUSTFLAGS='-Ctarget-feature=-ual-Ctarget-feature=-crt-static' CARGO_FEATURE_LEGACY=1 CARGO_FEATURE_STD=1 CARGO_FEATURE_ZDICT_BUILDER=1 CARGO_MANIFEST_DIR=/app/target/cpython-strict/host-tools/cargo/registry/src/index.crates.io-1949cf8c6b5b557f/zstd-sys-2.0.15+zstd.1.5.7 CARGO_MANIFEST_LINKS=zstd CARGO_MANIFEST_PATH=/app/target/cpython-strict/host-tools/cargo/registry/src/index.crates.io-1949cf8c6b5b557f/zstd-sys-2.0.15+zstd.1.5.7/Cargo.toml CARGO_PKG_AUTHORS='Alexandre Bury <alexandre.bury@gmail.com>' CARGO_PKG_DESCRIPTION='Low-level bindings for the zstd compression library.' CARGO_PKG_HOMEPAGE='' CARGO_PKG_LICENSE=MIT/Apache-2.0 CARGO_PKG_LICENSE_FILE='' CARGO_PKG_NAME=zstd-sys CARGO_PKG_README=Readme.md CARGO_PKG_REPOSITORY='https://github.com/gyscos/zstd-rs' CARGO_PKG_RUST_VERSION=1.64 CARGO_PKG_VERSION=2.0.15+zstd.1.5.7 CARGO_PKG_VERSION_MAJOR=2 CARGO_PKG_VERSION_MINOR=0 CARGO_PKG_VERSION_PATCH=15 CARGO_PKG_VERSION_PRE='' DEBUG=false HOST=x86_64-unknown-linux-gnu LD_LIBRARY_PATH='/app/target/cpython-strict/build/primp-0.15.0/target/release/deps:/app/target/cpython-strict/build/primp-0.15.0/target/release:/app/target/cpython-strict/host-tools/rustup/toolchains/nightly-2025-01-18-x86_64-unknown-linux-gnu/lib/rustlib/x86_64-unknown-linux-gnu/lib:/app/target/cpython-strict/host-tools/rustup/toolchains/nightly-2025-01-18-x86_64-unknown-linux-gnu/lib:/opt/kendryte-toolchain/bin/:' NUM_JOBS=10 OPT_LEVEL=3 OUT_DIR=/app/target/cpython-strict/build/primp-0.15.0/target/loongarch64-unknown-linux-musl/release/build/zstd-sys-292d0356197036f9/out PROFILE=release RUSTC=/app/target/cpython-strict/host-tools/rustup/toolchains/nightly-2025-01-18-x86_64-unknown-linux-gnu/bin/rustc RUSTC_LINKER=/app/target/cpython-strict/cross/loongarch64-linux-musl-gcc RUSTDOC=/app/target/cpython-strict/host-tools/rustup/toolchains/nightly-2025-01-18-x86_64-unknown-linux-gnu/bin/rustdoc TARGET=loongarch64-unknown-linux-musl /app/target/cpython-strict/build/primp-0.15.0/target/release/build/zstd-sys-beca08398bc3a544/build-script-build`
   Compiling pyo3-macros-backend v0.24.1
     Running `CARGO=/app/target/cpython-strict/host-tools/rustup/toolchains/nightly-2025-01-18-x86_64-unknown-linux-gnu/bin/cargo CARGO_CRATE_NAME=build_script_build CARGO_MANIFEST_DIR=/app/target/cpython-strict/host-tools/cargo/registry/src/index.crates.io-1949cf8c6b5b557f/pyo3-macros-backend-0.24.1 CARGO_MANIFEST_PATH=/app/target/cpython-strict/host-tools/cargo/registry/src/index.crates.io-1949cf8c6b5b557f/pyo3-macros-backend-0.24.1/Cargo.toml CARGO_PKG_AUTHORS='PyO3 Project and Contributors <https://github.com/PyO3>' CARGO_PKG_DESCRIPTION='Code generation for PyO3 package' CARGO_PKG_HOMEPAGE='https://github.com/pyo3/pyo3' CARGO_PKG_LICENSE='MIT OR Apache-2.0' CARGO_PKG_LICENSE_FILE='' CARGO_PKG_NAME=pyo3-macros-backend CARGO_PKG_README='' CARGO_PKG_REPOSITORY='https://github.com/pyo3/pyo3' CARGO_PKG_RUST_VERSION=1.63 CARGO_PKG_VERSION=0.24.1 CARGO_PKG_VERSION_MAJOR=0 CARGO_PKG_VERSION_MINOR=24 CARGO_PKG_VERSION_PATCH=1 CARGO_PKG_VERSION_PRE='' LD_LIBRARY_PATH='/app/target/cpython-strict/build/primp-0.15.0/target/release/deps:/app/target/cpython-strict/host-tools/rustup/toolchains/nightly-2025-01-18-x86_64-unknown-linux-gnu/lib:/opt/kendryte-toolchain/bin/:' /app/target/cpython-strict/host-tools/rustup/toolchains/nightly-2025-01-18-x86_64-unknown-linux-gnu/bin/rustc --crate-name build_script_build --edition=2021 /app/target/cpython-strict/host-tools/cargo/registry/src/index.crates.io-1949cf8c6b5b557f/pyo3-macros-backend-0.24.1/build.rs --error-format=json --json=diagnostic-rendered-ansi,artifacts,future-incompat --crate-type bin --emit=dep-info,link -C embed-bitcode=no --warn=rust_2018_idioms '--warn=clippy::useless_transmute' '--warn=clippy::used_underscore_binding' --warn=unused_lifetimes --warn=unsafe_op_in_unsafe_fn '--warn=clippy::unnecessary_wraps' '--warn=clippy::todo' --warn=rust_2021_prelude_collisions '--warn=clippy::manual_ok_or' '--warn=clippy::manual_assert' '--warn=clippy::let_unit_value' --warn=invalid_doc_attributes '--warn=clippy::flat_map_option' '--warn=clippy::filter_map_next' '--warn=clippy::explicit_iter_loop' '--warn=clippy::explicit_into_iter_loop' --warn=elided_lifetimes_in_paths '--warn=clippy::dbg_macro' '--warn=clippy::checked_conversions' '--warn=rustdoc::broken_intra_doc_links' '--warn=rustdoc::bare_urls' -C debug-assertions=off --check-cfg 'cfg(docsrs,test)' --check-cfg 'cfg(feature, values("experimental-async"))' -C metadata=6cdf5c7ebd7e17fb -C extra-filename=-0dba86e87292ab77 --out-dir /app/target/cpython-strict/build/primp-0.15.0/target/release/build/pyo3-macros-backend-0dba86e87292ab77 -C strip=symbols -L dependency=/app/target/cpython-strict/build/primp-0.15.0/target/release/deps --extern pyo3_build_config=/app/target/cpython-strict/build/primp-0.15.0/target/release/deps/libpyo3_build_config-daf58e5897111b40.rlib --cap-lints warn`
   Compiling pyo3-ffi v0.24.1
     Running `CARGO=/app/target/cpython-strict/host-tools/rustup/toolchains/nightly-2025-01-18-x86_64-unknown-linux-gnu/bin/cargo CARGO_CRATE_NAME=build_script_build CARGO_MANIFEST_DIR=/app/target/cpython-strict/host-tools/cargo/registry/src/index.crates.io-1949cf8c6b5b557f/pyo3-ffi-0.24.1 CARGO_MANIFEST_PATH=/app/target/cpython-strict/host-tools/cargo/registry/src/index.crates.io-1949cf8c6b5b557f/pyo3-ffi-0.24.1/Cargo.toml CARGO_PKG_AUTHORS='PyO3 Project and Contributors <https://github.com/PyO3>' CARGO_PKG_DESCRIPTION='Python-API bindings for the PyO3 ecosystem' CARGO_PKG_HOMEPAGE='https://github.com/pyo3/pyo3' CARGO_PKG_LICENSE='MIT OR Apache-2.0' CARGO_PKG_LICENSE_FILE='' CARGO_PKG_NAME=pyo3-ffi CARGO_PKG_README=README.md CARGO_PKG_REPOSITORY='https://github.com/pyo3/pyo3' CARGO_PKG_RUST_VERSION=1.63 CARGO_PKG_VERSION=0.24.1 CARGO_PKG_VERSION_MAJOR=0 CARGO_PKG_VERSION_MINOR=24 CARGO_PKG_VERSION_PATCH=1 CARGO_PKG_VERSION_PRE='' LD_LIBRARY_PATH='/app/target/cpython-strict/build/primp-0.15.0/target/release/deps:/app/target/cpython-strict/host-tools/rustup/toolchains/nightly-2025-01-18-x86_64-unknown-linux-gnu/lib:/opt/kendryte-toolchain/bin/:' /app/target/cpython-strict/host-tools/rustup/toolchains/nightly-2025-01-18-x86_64-unknown-linux-gnu/bin/rustc --crate-name build_script_build --edition=2021 /app/target/cpython-strict/host-tools/cargo/registry/src/index.crates.io-1949cf8c6b5b557f/pyo3-ffi-0.24.1/build.rs --error-format=json --json=diagnostic-rendered-ansi,artifacts,future-incompat --crate-type bin --emit=dep-info,link -C embed-bitcode=no --warn=rust_2018_idioms '--warn=clippy::useless_transmute' '--warn=clippy::used_underscore_binding' --warn=unused_lifetimes --warn=unsafe_op_in_unsafe_fn '--warn=clippy::unnecessary_wraps' '--warn=clippy::todo' --warn=rust_2021_prelude_collisions '--warn=clippy::manual_ok_or' '--warn=clippy::manual_assert' '--warn=clippy::let_unit_value' --warn=invalid_doc_attributes '--warn=clippy::flat_map_option' '--warn=clippy::filter_map_next' '--warn=clippy::explicit_iter_loop' '--warn=clippy::explicit_into_iter_loop' --warn=elided_lifetimes_in_paths '--warn=clippy::dbg_macro' '--warn=clippy::checked_conversions' '--warn=rustdoc::broken_intra_doc_links' '--warn=rustdoc::bare_urls' -C debug-assertions=off --cfg 'feature="abi3"' --cfg 'feature="abi3-py310"' --cfg 'feature="abi3-py311"' --cfg 'feature="abi3-py312"' --cfg 'feature="abi3-py313"' --cfg 'feature="abi3-py38"' --cfg 'feature="abi3-py39"' --cfg 'feature="default"' --cfg 'feature="extension-module"' --check-cfg 'cfg(docsrs,test)' --check-cfg 'cfg(feature, values("abi3", "abi3-py310", "abi3-py311", "abi3-py312", "abi3-py313", "abi3-py37", "abi3-py38", "abi3-py39", "default", "extension-module", "generate-import-lib"))' -C metadata=d710ddcf61668cce -C extra-filename=-1985391159549d76 --out-dir /app/target/cpython-strict/build/primp-0.15.0/target/release/build/pyo3-ffi-1985391159549d76 -C strip=symbols -L dependency=/app/target/cpython-strict/build/primp-0.15.0/target/release/deps --extern pyo3_build_config=/app/target/cpython-strict/build/primp-0.15.0/target/release/deps/libpyo3_build_config-daf58e5897111b40.rlib --cap-lints warn`
warning: `utf16_iter` (lib) generated 1 warning (1 duplicate)
   Compiling cmake v0.1.54
     Running `CARGO=/app/target/cpython-strict/host-tools/rustup/toolchains/nightly-2025-01-18-x86_64-unknown-linux-gnu/bin/cargo CARGO_CRATE_NAME=cmake CARGO_MANIFEST_DIR=/app/target/cpython-strict/host-tools/cargo/registry/src/index.crates.io-1949cf8c6b5b557f/cmake-0.1.54 CARGO_MANIFEST_PATH=/app/target/cpython-strict/host-tools/cargo/registry/src/index.crates.io-1949cf8c6b5b557f/cmake-0.1.54/Cargo.toml CARGO_PKG_AUTHORS='Alex Crichton <alex@alexcrichton.com>' CARGO_PKG_DESCRIPTION='A build dependency for running `cmake` to build a native library
' CARGO_PKG_HOMEPAGE='https://github.com/rust-lang/cmake-rs' CARGO_PKG_LICENSE='MIT OR Apache-2.0' CARGO_PKG_LICENSE_FILE='' CARGO_PKG_NAME=cmake CARGO_PKG_README=README.md CARGO_PKG_REPOSITORY='https://github.com/rust-lang/cmake-rs' CARGO_PKG_RUST_VERSION='' CARGO_PKG_VERSION=0.1.54 CARGO_PKG_VERSION_MAJOR=0 CARGO_PKG_VERSION_MINOR=1 CARGO_PKG_VERSION_PATCH=54 CARGO_PKG_VERSION_PRE='' LD_LIBRARY_PATH='/app/target/cpython-strict/build/primp-0.15.0/target/release/deps:/app/target/cpython-strict/host-tools/rustup/toolchains/nightly-2025-01-18-x86_64-unknown-linux-gnu/lib:/opt/kendryte-toolchain/bin/:' /app/target/cpython-strict/host-tools/rustup/toolchains/nightly-2025-01-18-x86_64-unknown-linux-gnu/bin/rustc --crate-name cmake --edition=2021 /app/target/cpython-strict/host-tools/cargo/registry/src/index.crates.io-1949cf8c6b5b557f/cmake-0.1.54/src/lib.rs --error-format=json --json=diagnostic-rendered-ansi,artifacts,future-incompat --crate-type lib --emit=dep-info,metadata,link -C embed-bitcode=no -C debug-assertions=off --check-cfg 'cfg(docsrs,test)' --check-cfg 'cfg(feature, values())' -C metadata=a2957ee34c69e6c9 -C extra-filename=-b1a6fc2138a20eb4 --out-dir /app/target/cpython-strict/build/primp-0.15.0/target/release/deps -C strip=symbols -L dependency=/app/target/cpython-strict/build/primp-0.15.0/target/release/deps --extern cc=/app/target/cpython-strict/build/primp-0.15.0/target/release/deps/libcc-987fbd91ed379719.rmeta --cap-lints warn`
   Compiling serde_derive v1.0.219
     Running `CARGO=/app/target/cpython-strict/host-tools/rustup/toolchains/nightly-2025-01-18-x86_64-unknown-linux-gnu/bin/cargo CARGO_CRATE_NAME=serde_derive CARGO_MANIFEST_DIR=/app/target/cpython-strict/host-tools/cargo/registry/src/index.crates.io-1949cf8c6b5b557f/serde_derive-1.0.219 CARGO_MANIFEST_PATH=/app/target/cpython-strict/host-tools/cargo/registry/src/index.crates.io-1949cf8c6b5b557f/serde_derive-1.0.219/Cargo.toml CARGO_PKG_AUTHORS='Erick Tryzelaar <erick.tryzelaar@gmail.com>:David Tolnay <dtolnay@gmail.com>' CARGO_PKG_DESCRIPTION='Macros 1.1 implementation of #[derive(Serialize, Deserialize)]' CARGO_PKG_HOMEPAGE='https://serde.rs' CARGO_PKG_LICENSE='MIT OR Apache-2.0' CARGO_PKG_LICENSE_FILE='' CARGO_PKG_NAME=serde_derive CARGO_PKG_README=crates-io.md CARGO_PKG_REPOSITORY='https://github.com/serde-rs/serde' CARGO_PKG_RUST_VERSION=1.61 CARGO_PKG_VERSION=1.0.219 CARGO_PKG_VERSION_MAJOR=1 CARGO_PKG_VERSION_MINOR=0 CARGO_PKG_VERSION_PATCH=219 CARGO_PKG_VERSION_PRE='' LD_LIBRARY_PATH='/app/target/cpython-strict/build/primp-0.15.0/target/release/deps:/app/target/cpython-strict/host-tools/rustup/toolchains/nightly-2025-01-18-x86_64-unknown-linux-gnu/lib:/opt/kendryte-toolchain/bin/:' /app/target/cpython-strict/host-tools/rustup/toolchains/nightly-2025-01-18-x86_64-unknown-linux-gnu/bin/rustc --crate-name serde_derive --edition=2015 /app/target/cpython-strict/host-tools/cargo/registry/src/index.crates.io-1949cf8c6b5b557f/serde_derive-1.0.219/src/lib.rs --error-format=json --json=diagnostic-rendered-ansi,artifacts,future-incompat --crate-type proc-macro --emit=dep-info,link -C prefer-dynamic -C embed-bitcode=no -C debug-assertions=off --cfg 'feature="default"' --check-cfg 'cfg(docsrs,test)' --check-cfg 'cfg(feature, values("default", "deserialize_in_place"))' -C metadata=59e864d669158320 -C extra-filename=-0fba17b3540eb3e3 --out-dir /app/target/cpython-strict/build/primp-0.15.0/target/release/deps -C strip=symbols -L dependency=/app/target/cpython-strict/build/primp-0.15.0/target/release/deps --extern proc_macro2=/app/target/cpython-strict/build/primp-0.15.0/target/release/deps/libproc_macro2-9db364b059323b41.rlib --extern quote=/app/target/cpython-strict/build/primp-0.15.0/target/release/deps/libquote-430fd29c5f10253f.rlib --extern syn=/app/target/cpython-strict/build/primp-0.15.0/target/release/deps/libsyn-4f64c6980b94321d.rlib --extern proc_macro --cap-lints warn`
   Compiling zerofrom-derive v0.1.6
     Running `CARGO=/app/target/cpython-strict/host-tools/rustup/toolchains/nightly-2025-01-18-x86_64-unknown-linux-gnu/bin/cargo CARGO_CRATE_NAME=zerofrom_derive CARGO_MANIFEST_DIR=/app/target/cpython-strict/host-tools/cargo/registry/src/index.crates.io-1949cf8c6b5b557f/zerofrom-derive-0.1.6 CARGO_MANIFEST_PATH=/app/target/cpython-strict/host-tools/cargo/registry/src/index.crates.io-1949cf8c6b5b557f/zerofrom-derive-0.1.6/Cargo.toml CARGO_PKG_AUTHORS='Manish Goregaokar <manishsmail@gmail.com>' CARGO_PKG_DESCRIPTION='Custom derive for the zerofrom crate' CARGO_PKG_HOMEPAGE='' CARGO_PKG_LICENSE=Unicode-3.0 CARGO_PKG_LICENSE_FILE='' CARGO_PKG_NAME=zerofrom-derive CARGO_PKG_README=README.md CARGO_PKG_REPOSITORY='https://github.com/unicode-org/icu4x' CARGO_PKG_RUST_VERSION='' CARGO_PKG_VERSION=0.1.6 CARGO_PKG_VERSION_MAJOR=0 CARGO_PKG_VERSION_MINOR=1 CARGO_PKG_VERSION_PATCH=6 CARGO_PKG_VERSION_PRE='' LD_LIBRARY_PATH='/app/target/cpython-strict/build/primp-0.15.0/target/release/deps:/app/target/cpython-strict/host-tools/rustup/toolchains/nightly-2025-01-18-x86_64-unknown-linux-gnu/lib:/opt/kendryte-toolchain/bin/:' /app/target/cpython-strict/host-tools/rustup/toolchains/nightly-2025-01-18-x86_64-unknown-linux-gnu/bin/rustc --crate-name zerofrom_derive --edition=2021 /app/target/cpython-strict/host-tools/cargo/registry/src/index.crates.io-1949cf8c6b5b557f/zerofrom-derive-0.1.6/src/lib.rs --error-format=json --json=diagnostic-rendered-ansi,artifacts,future-incompat --crate-type proc-macro --emit=dep-info,link -C prefer-dynamic -C embed-bitcode=no -C debug-assertions=off --check-cfg 'cfg(docsrs,test)' --check-cfg 'cfg(feature, values())' -C metadata=fa162a537b324ef6 -C extra-filename=-2d344c6c5ae0e30b --out-dir /app/target/cpython-strict/build/primp-0.15.0/target/release/deps -C strip=symbols -L dependency=/app/target/cpython-strict/build/primp-0.15.0/target/release/deps --extern proc_macro2=/app/target/cpython-strict/build/primp-0.15.0/target/release/deps/libproc_macro2-9db364b059323b41.rlib --extern quote=/app/target/cpython-strict/build/primp-0.15.0/target/release/deps/libquote-430fd29c5f10253f.rlib --extern syn=/app/target/cpython-strict/build/primp-0.15.0/target/release/deps/libsyn-4f64c6980b94321d.rlib --extern synstructure=/app/target/cpython-strict/build/primp-0.15.0/target/release/deps/libsynstructure-a6cc2635ca60b4a0.rlib --extern proc_macro --cap-lints warn`
   Compiling yoke-derive v0.7.5
     Running `CARGO=/app/target/cpython-strict/host-tools/rustup/toolchains/nightly-2025-01-18-x86_64-unknown-linux-gnu/bin/cargo CARGO_CRATE_NAME=yoke_derive CARGO_MANIFEST_DIR=/app/target/cpython-strict/host-tools/cargo/registry/src/index.crates.io-1949cf8c6b5b557f/yoke-derive-0.7.5 CARGO_MANIFEST_PATH=/app/target/cpython-strict/host-tools/cargo/registry/src/index.crates.io-1949cf8c6b5b557f/yoke-derive-0.7.5/Cargo.toml CARGO_PKG_AUTHORS='Manish Goregaokar <manishsmail@gmail.com>' CARGO_PKG_DESCRIPTION='Custom derive for the yoke crate' CARGO_PKG_HOMEPAGE='' CARGO_PKG_LICENSE=Unicode-3.0 CARGO_PKG_LICENSE_FILE='' CARGO_PKG_NAME=yoke-derive CARGO_PKG_README=README.md CARGO_PKG_REPOSITORY='https://github.com/unicode-org/icu4x' CARGO_PKG_RUST_VERSION='' CARGO_PKG_VERSION=0.7.5 CARGO_PKG_VERSION_MAJOR=0 CARGO_PKG_VERSION_MINOR=7 CARGO_PKG_VERSION_PATCH=5 CARGO_PKG_VERSION_PRE='' LD_LIBRARY_PATH='/app/target/cpython-strict/build/primp-0.15.0/target/release/deps:/app/target/cpython-strict/host-tools/rustup/toolchains/nightly-2025-01-18-x86_64-unknown-linux-gnu/lib:/opt/kendryte-toolchain/bin/:' /app/target/cpython-strict/host-tools/rustup/toolchains/nightly-2025-01-18-x86_64-unknown-linux-gnu/bin/rustc --crate-name yoke_derive --edition=2021 /app/target/cpython-strict/host-tools/cargo/registry/src/index.crates.io-1949cf8c6b5b557f/yoke-derive-0.7.5/src/lib.rs --error-format=json --json=diagnostic-rendered-ansi,artifacts,future-incompat --crate-type proc-macro --emit=dep-info,link -C prefer-dynamic -C embed-bitcode=no -C debug-assertions=off --check-cfg 'cfg(docsrs,test)' --check-cfg 'cfg(feature, values())' -C metadata=502b6c018e80f634 -C extra-filename=-b02b3bbbf65cff0b --out-dir /app/target/cpython-strict/build/primp-0.15.0/target/release/deps -C strip=symbols -L dependency=/app/target/cpython-strict/build/primp-0.15.0/target/release/deps --extern proc_macro2=/app/target/cpython-strict/build/primp-0.15.0/target/release/deps/libproc_macro2-9db364b059323b41.rlib --extern quote=/app/target/cpython-strict/build/primp-0.15.0/target/release/deps/libquote-430fd29c5f10253f.rlib --extern syn=/app/target/cpython-strict/build/primp-0.15.0/target/release/deps/libsyn-4f64c6980b94321d.rlib --extern synstructure=/app/target/cpython-strict/build/primp-0.15.0/target/release/deps/libsynstructure-a6cc2635ca60b4a0.rlib --extern proc_macro --cap-lints warn`
warning: `hashbrown` (lib) generated 1 warning (1 duplicate)
   Compiling zerovec-derive v0.10.3
     Running `CARGO=/app/target/cpython-strict/host-tools/rustup/toolchains/nightly-2025-01-18-x86_64-unknown-linux-gnu/bin/cargo CARGO_CRATE_NAME=zerovec_derive CARGO_MANIFEST_DIR=/app/target/cpython-strict/host-tools/cargo/registry/src/index.crates.io-1949cf8c6b5b557f/zerovec-derive-0.10.3 CARGO_MANIFEST_PATH=/app/target/cpython-strict/host-tools/cargo/registry/src/index.crates.io-1949cf8c6b5b557f/zerovec-derive-0.10.3/Cargo.toml CARGO_PKG_AUTHORS='Manish Goregaokar <manishsmail@gmail.com>' CARGO_PKG_DESCRIPTION='Custom derive for the zerovec crate' CARGO_PKG_HOMEPAGE='' CARGO_PKG_LICENSE=Unicode-3.0 CARGO_PKG_LICENSE_FILE='' CARGO_PKG_NAME=zerovec-derive CARGO_PKG_README=README.md CARGO_PKG_REPOSITORY='https://github.com/unicode-org/icu4x' CARGO_PKG_RUST_VERSION='' CARGO_PKG_VERSION=0.10.3 CARGO_PKG_VERSION_MAJOR=0 CARGO_PKG_VERSION_MINOR=10 CARGO_PKG_VERSION_PATCH=3 CARGO_PKG_VERSION_PRE='' LD_LIBRARY_PATH='/app/target/cpython-strict/build/primp-0.15.0/target/release/deps:/app/target/cpython-strict/host-tools/rustup/toolchains/nightly-2025-01-18-x86_64-unknown-linux-gnu/lib:/opt/kendryte-toolchain/bin/:' /app/target/cpython-strict/host-tools/rustup/toolchains/nightly-2025-01-18-x86_64-unknown-linux-gnu/bin/rustc --crate-name zerovec_derive --edition=2021 /app/target/cpython-strict/host-tools/cargo/registry/src/index.crates.io-1949cf8c6b5b557f/zerovec-derive-0.10.3/src/lib.rs --error-format=json --json=diagnostic-rendered-ansi,artifacts,future-incompat --crate-type proc-macro --emit=dep-info,link -C prefer-dynamic -C embed-bitcode=no -C debug-assertions=off --check-cfg 'cfg(docsrs,test)' --check-cfg 'cfg(feature, values())' -C metadata=073d46fc54bdbd20 -C extra-filename=-d7f2bcde36da91a7 --out-dir /app/target/cpython-strict/build/primp-0.15.0/target/release/deps -C strip=symbols -L dependency=/app/target/cpython-strict/build/primp-0.15.0/target/release/deps --extern proc_macro2=/app/target/cpython-strict/build/primp-0.15.0/target/release/deps/libproc_macro2-9db364b059323b41.rlib --extern quote=/app/target/cpython-strict/build/primp-0.15.0/target/release/deps/libquote-430fd29c5f10253f.rlib --extern syn=/app/target/cpython-strict/build/primp-0.15.0/target/release/deps/libsyn-4f64c6980b94321d.rlib --extern proc_macro --cap-lints warn`
   Compiling displaydoc v0.2.5
     Running `CARGO=/app/target/cpython-strict/host-tools/rustup/toolchains/nightly-2025-01-18-x86_64-unknown-linux-gnu/bin/cargo CARGO_CRATE_NAME=displaydoc CARGO_MANIFEST_DIR=/app/target/cpython-strict/host-tools/cargo/registry/src/index.crates.io-1949cf8c6b5b557f/displaydoc-0.2.5 CARGO_MANIFEST_PATH=/app/target/cpython-strict/host-tools/cargo/registry/src/index.crates.io-1949cf8c6b5b557f/displaydoc-0.2.5/Cargo.toml CARGO_PKG_AUTHORS='Jane Lusby <jlusby@yaah.dev>' CARGO_PKG_DESCRIPTION='A derive macro for implementing the display Trait via a doc comment and string interpolation
' CARGO_PKG_HOMEPAGE='https://github.com/yaahc/displaydoc' CARGO_PKG_LICENSE='MIT OR Apache-2.0' CARGO_PKG_LICENSE_FILE='' CARGO_PKG_NAME=displaydoc CARGO_PKG_README=README.md CARGO_PKG_REPOSITORY='https://github.com/yaahc/displaydoc' CARGO_PKG_RUST_VERSION=1.56.0 CARGO_PKG_VERSION=0.2.5 CARGO_PKG_VERSION_MAJOR=0 CARGO_PKG_VERSION_MINOR=2 CARGO_PKG_VERSION_PATCH=5 CARGO_PKG_VERSION_PRE='' LD_LIBRARY_PATH='/app/target/cpython-strict/build/primp-0.15.0/target/release/deps:/app/target/cpython-strict/host-tools/rustup/toolchains/nightly-2025-01-18-x86_64-unknown-linux-gnu/lib:/opt/kendryte-toolchain/bin/:' /app/target/cpython-strict/host-tools/rustup/toolchains/nightly-2025-01-18-x86_64-unknown-linux-gnu/bin/rustc --crate-name displaydoc --edition=2021 /app/target/cpython-strict/host-tools/cargo/registry/src/index.crates.io-1949cf8c6b5b557f/displaydoc-0.2.5/src/lib.rs --error-format=json --json=diagnostic-rendered-ansi,artifacts,future-incompat --crate-type proc-macro --emit=dep-info,link -C prefer-dynamic -C embed-bitcode=no -C debug-assertions=off --check-cfg 'cfg(docsrs,test)' --check-cfg 'cfg(feature, values("default", "std"))' -C metadata=58f4084f8583231a -C extra-filename=-79a507322597fbb7 --out-dir /app/target/cpython-strict/build/primp-0.15.0/target/release/deps -C strip=symbols -L dependency=/app/target/cpython-strict/build/primp-0.15.0/target/release/deps --extern proc_macro2=/app/target/cpython-strict/build/primp-0.15.0/target/release/deps/libproc_macro2-9db364b059323b41.rlib --extern quote=/app/target/cpython-strict/build/primp-0.15.0/target/release/deps/libquote-430fd29c5f10253f.rlib --extern syn=/app/target/cpython-strict/build/primp-0.15.0/target/release/deps/libsyn-4f64c6980b94321d.rlib --extern proc_macro --cap-lints warn`
warning: `clang-sys` (lib) generated 20 warnings (14 duplicates)
   Compiling icu_provider_macros v1.5.0
     Running `CARGO=/app/target/cpython-strict/host-tools/rustup/toolchains/nightly-2025-01-18-x86_64-unknown-linux-gnu/bin/cargo CARGO_CRATE_NAME=icu_provider_macros CARGO_MANIFEST_DIR=/app/target/cpython-strict/host-tools/cargo/registry/src/index.crates.io-1949cf8c6b5b557f/icu_provider_macros-1.5.0 CARGO_MANIFEST_PATH=/app/target/cpython-strict/host-tools/cargo/registry/src/index.crates.io-1949cf8c6b5b557f/icu_provider_macros-1.5.0/Cargo.toml CARGO_PKG_AUTHORS='The ICU4X Project Developers' CARGO_PKG_DESCRIPTION='Proc macros for ICU data providers' CARGO_PKG_HOMEPAGE='https://icu4x.unicode.org' CARGO_PKG_LICENSE=Unicode-3.0 CARGO_PKG_LICENSE_FILE='' CARGO_PKG_NAME=icu_provider_macros CARGO_PKG_README=README.md CARGO_PKG_REPOSITORY='https://github.com/unicode-org/icu4x' CARGO_PKG_RUST_VERSION=1.67 CARGO_PKG_VERSION=1.5.0 CARGO_PKG_VERSION_MAJOR=1 CARGO_PKG_VERSION_MINOR=5 CARGO_PKG_VERSION_PATCH=0 CARGO_PKG_VERSION_PRE='' LD_LIBRARY_PATH='/app/target/cpython-strict/build/primp-0.15.0/target/release/deps:/app/target/cpython-strict/host-tools/rustup/toolchains/nightly-2025-01-18-x86_64-unknown-linux-gnu/lib:/opt/kendryte-toolchain/bin/:' /app/target/cpython-strict/host-tools/rustup/toolchains/nightly-2025-01-18-x86_64-unknown-linux-gnu/bin/rustc --crate-name icu_provider_macros --edition=2021 /app/target/cpython-strict/host-tools/cargo/registry/src/index.crates.io-1949cf8c6b5b557f/icu_provider_macros-1.5.0/src/lib.rs --error-format=json --json=diagnostic-rendered-ansi,artifacts,future-incompat --crate-type proc-macro --emit=dep-info,link -C prefer-dynamic -C embed-bitcode=no -C debug-assertions=off --check-cfg 'cfg(docsrs,test)' --check-cfg 'cfg(feature, values())' -C metadata=13245bd06ea25809 -C extra-filename=-0029e46e16b99569 --out-dir /app/target/cpython-strict/build/primp-0.15.0/target/release/deps -C strip=symbols -L dependency=/app/target/cpython-strict/build/primp-0.15.0/target/release/deps --extern proc_macro2=/app/target/cpython-strict/build/primp-0.15.0/target/release/deps/libproc_macro2-9db364b059323b41.rlib --extern quote=/app/target/cpython-strict/build/primp-0.15.0/target/release/deps/libquote-430fd29c5f10253f.rlib --extern syn=/app/target/cpython-strict/build/primp-0.15.0/target/release/deps/libsyn-4f64c6980b94321d.rlib --extern proc_macro --cap-lints warn`
   Compiling tokio-macros v2.5.0
     Running `CARGO=/app/target/cpython-strict/host-tools/rustup/toolchains/nightly-2025-01-18-x86_64-unknown-linux-gnu/bin/cargo CARGO_CRATE_NAME=tokio_macros CARGO_MANIFEST_DIR=/app/target/cpython-strict/host-tools/cargo/registry/src/index.crates.io-1949cf8c6b5b557f/tokio-macros-2.5.0 CARGO_MANIFEST_PATH=/app/target/cpython-strict/host-tools/cargo/registry/src/index.crates.io-1949cf8c6b5b557f/tokio-macros-2.5.0/Cargo.toml CARGO_PKG_AUTHORS='Tokio Contributors <team@tokio.rs>' CARGO_PKG_DESCRIPTION='Tokio'\''s proc macros.
' CARGO_PKG_HOMEPAGE='https://tokio.rs' CARGO_PKG_LICENSE=MIT CARGO_PKG_LICENSE_FILE='' CARGO_PKG_NAME=tokio-macros CARGO_PKG_README=README.md CARGO_PKG_REPOSITORY='https://github.com/tokio-rs/tokio' CARGO_PKG_RUST_VERSION=1.70 CARGO_PKG_VERSION=2.5.0 CARGO_PKG_VERSION_MAJOR=2 CARGO_PKG_VERSION_MINOR=5 CARGO_PKG_VERSION_PATCH=0 CARGO_PKG_VERSION_PRE='' LD_LIBRARY_PATH='/app/target/cpython-strict/build/primp-0.15.0/target/release/deps:/app/target/cpython-strict/host-tools/rustup/toolchains/nightly-2025-01-18-x86_64-unknown-linux-gnu/lib:/opt/kendryte-toolchain/bin/:' /app/target/cpython-strict/host-tools/rustup/toolchains/nightly-2025-01-18-x86_64-unknown-linux-gnu/bin/rustc --crate-name tokio_macros --edition=2021 /app/target/cpython-strict/host-tools/cargo/registry/src/index.crates.io-1949cf8c6b5b557f/tokio-macros-2.5.0/src/lib.rs --error-format=json --json=diagnostic-rendered-ansi,artifacts,future-incompat --crate-type proc-macro --emit=dep-info,link -C prefer-dynamic -C embed-bitcode=no -C debug-assertions=off --check-cfg 'cfg(docsrs,test)' --check-cfg 'cfg(feature, values())' -C metadata=d68eee0edf0335c7 -C extra-filename=-4940411a938b78d9 --out-dir /app/target/cpython-strict/build/primp-0.15.0/target/release/deps -C strip=symbols -L dependency=/app/target/cpython-strict/build/primp-0.15.0/target/release/deps --extern proc_macro2=/app/target/cpython-strict/build/primp-0.15.0/target/release/deps/libproc_macro2-9db364b059323b41.rlib --extern quote=/app/target/cpython-strict/build/primp-0.15.0/target/release/deps/libquote-430fd29c5f10253f.rlib --extern syn=/app/target/cpython-strict/build/primp-0.15.0/target/release/deps/libsyn-4f64c6980b94321d.rlib --extern proc_macro --cap-lints warn`
     Running `CARGO=/app/target/cpython-strict/host-tools/rustup/toolchains/nightly-2025-01-18-x86_64-unknown-linux-gnu/bin/cargo CARGO_CRATE_NAME=bindgen CARGO_MANIFEST_DIR=/app/target/cpython-strict/host-tools/cargo/registry/src/index.crates.io-1949cf8c6b5b557f/bindgen-0.70.1 CARGO_MANIFEST_PATH=/app/target/cpython-strict/host-tools/cargo/registry/src/index.crates.io-1949cf8c6b5b557f/bindgen-0.70.1/Cargo.toml CARGO_PKG_AUTHORS='Jyun-Yan You <jyyou.tw@gmail.com>:Emilio Cobos Álvarez <emilio@crisal.io>:Nick Fitzgerald <fitzgen@gmail.com>:The Servo project developers' CARGO_PKG_DESCRIPTION='Automatically generates Rust FFI bindings to C and C++ libraries.' CARGO_PKG_HOMEPAGE='https://rust-lang.github.io/rust-bindgen/' CARGO_PKG_LICENSE=BSD-3-Clause CARGO_PKG_LICENSE_FILE='' CARGO_PKG_NAME=bindgen CARGO_PKG_README=README.md CARGO_PKG_REPOSITORY='https://github.com/rust-lang/rust-bindgen' CARGO_PKG_RUST_VERSION=1.70.0 CARGO_PKG_VERSION=0.70.1 CARGO_PKG_VERSION_MAJOR=0 CARGO_PKG_VERSION_MINOR=70 CARGO_PKG_VERSION_PATCH=1 CARGO_PKG_VERSION_PRE='' LD_LIBRARY_PATH='/app/target/cpython-strict/build/primp-0.15.0/target/release/deps:/app/target/cpython-strict/host-tools/rustup/toolchains/nightly-2025-01-18-x86_64-unknown-linux-gnu/lib:/opt/kendryte-toolchain/bin/:' OUT_DIR=/app/target/cpython-strict/build/primp-0.15.0/target/release/build/bindgen-a791edc00fdbcbe1/out /app/target/cpython-strict/host-tools/rustup/toolchains/nightly-2025-01-18-x86_64-unknown-linux-gnu/bin/rustc --crate-name bindgen --edition=2018 /app/target/cpython-strict/host-tools/cargo/registry/src/index.crates.io-1949cf8c6b5b557f/bindgen-0.70.1/lib.rs --error-format=json --json=diagnostic-rendered-ansi,artifacts,future-incompat --crate-type lib --emit=dep-info,metadata,link -C embed-bitcode=no -C debug-assertions=off --cfg 'feature="runtime"' --check-cfg 'cfg(docsrs,test)' --check-cfg 'cfg(feature, values("__cli", "__testing_only_extra_assertions", "__testing_only_libclang_16", "__testing_only_libclang_9", "default", "experimental", "logging", "prettyplease", "runtime", "static", "which-rustfmt"))' -C metadata=053f56ab43536bf4 -C extra-filename=-9f6772412de02e5e --out-dir /app/target/cpython-strict/build/primp-0.15.0/target/release/deps -C strip=symbols -L dependency=/app/target/cpython-strict/build/primp-0.15.0/target/release/deps --extern bitflags=/app/target/cpython-strict/build/primp-0.15.0/target/release/deps/libbitflags-d4b8afea580c0149.rmeta --extern cexpr=/app/target/cpython-strict/build/primp-0.15.0/target/release/deps/libcexpr-717f720735519d44.rmeta --extern clang_sys=/app/target/cpython-strict/build/primp-0.15.0/target/release/deps/libclang_sys-d6b569f13ae8529c.rmeta --extern itertools=/app/target/cpython-strict/build/primp-0.15.0/target/release/deps/libitertools-b2ffa82d16f3a0b6.rmeta --extern proc_macro2=/app/target/cpython-strict/build/primp-0.15.0/target/release/deps/libproc_macro2-9db364b059323b41.rmeta --extern quote=/app/target/cpython-strict/build/primp-0.15.0/target/release/deps/libquote-430fd29c5f10253f.rmeta --extern regex=/app/target/cpython-strict/build/primp-0.15.0/target/release/deps/libregex-31727ee429e4d5f1.rmeta --extern rustc_hash=/app/target/cpython-strict/build/primp-0.15.0/target/release/deps/librustc_hash-441037ba054d4fd2.rmeta --extern shlex=/app/target/cpython-strict/build/primp-0.15.0/target/release/deps/libshlex-0a52e9259d25247b.rmeta --extern syn=/app/target/cpython-strict/build/primp-0.15.0/target/release/deps/libsyn-4f64c6980b94321d.rmeta --cap-lints warn`
   Compiling fslock v0.2.1
     Running `CARGO=/app/target/cpython-strict/host-tools/rustup/toolchains/nightly-2025-01-18-x86_64-unknown-linux-gnu/bin/cargo CARGO_CRATE_NAME=fslock CARGO_MANIFEST_DIR=/app/target/cpython-strict/host-tools/cargo/registry/src/index.crates.io-1949cf8c6b5b557f/fslock-0.2.1 CARGO_MANIFEST_PATH=/app/target/cpython-strict/host-tools/cargo/registry/src/index.crates.io-1949cf8c6b5b557f/fslock-0.2.1/Cargo.toml CARGO_PKG_AUTHORS='' CARGO_PKG_DESCRIPTION='A library to use files as locks' CARGO_PKG_HOMEPAGE='' CARGO_PKG_LICENSE=MIT CARGO_PKG_LICENSE_FILE='' CARGO_PKG_NAME=fslock CARGO_PKG_README=README.md CARGO_PKG_REPOSITORY='https://github.com/brunoczim/fslock' CARGO_PKG_RUST_VERSION='' CARGO_PKG_VERSION=0.2.1 CARGO_PKG_VERSION_MAJOR=0 CARGO_PKG_VERSION_MINOR=2 CARGO_PKG_VERSION_PATCH=1 CARGO_PKG_VERSION_PRE='' LD_LIBRARY_PATH='/app/target/cpython-strict/build/primp-0.15.0/target/release/deps:/app/target/cpython-strict/host-tools/rustup/toolchains/nightly-2025-01-18-x86_64-unknown-linux-gnu/lib:/opt/kendryte-toolchain/bin/:' /app/target/cpython-strict/host-tools/rustup/toolchains/nightly-2025-01-18-x86_64-unknown-linux-gnu/bin/rustc --crate-name fslock --edition=2018 /app/target/cpython-strict/host-tools/cargo/registry/src/index.crates.io-1949cf8c6b5b557f/fslock-0.2.1/src/lib.rs --error-format=json --json=diagnostic-rendered-ansi,artifacts,future-incompat --crate-type lib --emit=dep-info,metadata,link -C embed-bitcode=no -C debug-assertions=off --cfg 'feature="default"' --cfg 'feature="std"' --check-cfg 'cfg(docsrs,test)' --check-cfg 'cfg(feature, values("default", "std"))' -C metadata=794d15f5be0ce405 -C extra-filename=-4ca166ac55aa0613 --out-dir /app/target/cpython-strict/build/primp-0.15.0/target/release/deps -C strip=symbols -L dependency=/app/target/cpython-strict/build/primp-0.15.0/target/release/deps --extern libc=/app/target/cpython-strict/build/primp-0.15.0/target/release/deps/liblibc-d907941c51b714b7.rmeta --cap-lints warn`
   Compiling percent-encoding v2.3.1
     Running `CARGO=/app/target/cpython-strict/host-tools/rustup/toolchains/nightly-2025-01-18-x86_64-unknown-linux-gnu/bin/cargo CARGO_CRATE_NAME=percent_encoding CARGO_MANIFEST_DIR=/app/target/cpython-strict/host-tools/cargo/registry/src/index.crates.io-1949cf8c6b5b557f/percent-encoding-2.3.1 CARGO_MANIFEST_PATH=/app/target/cpython-strict/host-tools/cargo/registry/src/index.crates.io-1949cf8c6b5b557f/percent-encoding-2.3.1/Cargo.toml CARGO_PKG_AUTHORS='The rust-url developers' CARGO_PKG_DESCRIPTION='Percent encoding and decoding' CARGO_PKG_HOMEPAGE='' CARGO_PKG_LICENSE='MIT OR Apache-2.0' CARGO_PKG_LICENSE_FILE='' CARGO_PKG_NAME=percent-encoding CARGO_PKG_README='' CARGO_PKG_REPOSITORY='https://github.com/servo/rust-url/' CARGO_PKG_RUST_VERSION=1.51 CARGO_PKG_VERSION=2.3.1 CARGO_PKG_VERSION_MAJOR=2 CARGO_PKG_VERSION_MINOR=3 CARGO_PKG_VERSION_PATCH=1 CARGO_PKG_VERSION_PRE='' LD_LIBRARY_PATH='/app/target/cpython-strict/build/primp-0.15.0/target/release/deps:/app/target/cpython-strict/host-tools/rustup/toolchains/nightly-2025-01-18-x86_64-unknown-linux-gnu/lib:/opt/kendryte-toolchain/bin/:' /app/target/cpython-strict/host-tools/rustup/toolchains/nightly-2025-01-18-x86_64-unknown-linux-gnu/bin/rustc --crate-name percent_encoding --edition=2018 /app/target/cpython-strict/host-tools/cargo/registry/src/index.crates.io-1949cf8c6b5b557f/percent-encoding-2.3.1/src/lib.rs --error-format=json --json=diagnostic-rendered-ansi,artifacts,future-incompat --crate-type lib --emit=dep-info,metadata,link -C opt-level=3 -C panic=abort -C linker-plugin-lto -C codegen-units=1 --cfg 'feature="alloc"' --cfg 'feature="default"' --cfg 'feature="std"' --check-cfg 'cfg(docsrs,test)' --check-cfg 'cfg(feature, values("alloc", "default", "std"))' -C metadata=b92190d815fdf1f6 -C extra-filename=-8eb9336de638337c --out-dir /app/target/cpython-strict/build/primp-0.15.0/target/loongarch64-unknown-linux-musl/release/deps --target loongarch64-unknown-linux-musl -C linker=/app/target/cpython-strict/cross/loongarch64-linux-musl-gcc -C strip=symbols -L dependency=/app/target/cpython-strict/build/primp-0.15.0/target/loongarch64-unknown-linux-musl/release/deps -L dependency=/app/target/cpython-strict/build/primp-0.15.0/target/release/deps --cap-lints warn -C target-feature=-ual -C target-feature=-crt-static`
   Compiling new_debug_unreachable v1.0.6
     Running `CARGO=/app/target/cpython-strict/host-tools/rustup/toolchains/nightly-2025-01-18-x86_64-unknown-linux-gnu/bin/cargo CARGO_CRATE_NAME=debug_unreachable CARGO_MANIFEST_DIR=/app/target/cpython-strict/host-tools/cargo/registry/src/index.crates.io-1949cf8c6b5b557f/new_debug_unreachable-1.0.6 CARGO_MANIFEST_PATH=/app/target/cpython-strict/host-tools/cargo/registry/src/index.crates.io-1949cf8c6b5b557f/new_debug_unreachable-1.0.6/Cargo.toml CARGO_PKG_AUTHORS='Matt Brubeck <mbrubeck@limpet.net>:Jonathan Reem <jonathan.reem@gmail.com>' CARGO_PKG_DESCRIPTION='panic in debug, intrinsics::unreachable() in release (fork of debug_unreachable)' CARGO_PKG_HOMEPAGE='' CARGO_PKG_LICENSE=MIT CARGO_PKG_LICENSE_FILE='' CARGO_PKG_NAME=new_debug_unreachable CARGO_PKG_README=README.md CARGO_PKG_REPOSITORY='https://github.com/mbrubeck/rust-debug-unreachable' CARGO_PKG_RUST_VERSION='' CARGO_PKG_VERSION=1.0.6 CARGO_PKG_VERSION_MAJOR=1 CARGO_PKG_VERSION_MINOR=0 CARGO_PKG_VERSION_PATCH=6 CARGO_PKG_VERSION_PRE='' LD_LIBRARY_PATH='/app/target/cpython-strict/build/primp-0.15.0/target/release/deps:/app/target/cpython-strict/host-tools/rustup/toolchains/nightly-2025-01-18-x86_64-unknown-linux-gnu/lib:/opt/kendryte-toolchain/bin/:' /app/target/cpython-strict/host-tools/rustup/toolchains/nightly-2025-01-18-x86_64-unknown-linux-gnu/bin/rustc --crate-name debug_unreachable --edition=2021 /app/target/cpython-strict/host-tools/cargo/registry/src/index.crates.io-1949cf8c6b5b557f/new_debug_unreachable-1.0.6/src/lib.rs --error-format=json --json=diagnostic-rendered-ansi,artifacts,future-incompat --crate-type lib --emit=dep-info,metadata,link -C opt-level=3 -C panic=abort -C linker-plugin-lto -C codegen-units=1 --check-cfg 'cfg(docsrs,test)' --check-cfg 'cfg(feature, values())' -C metadata=c8a081ef9af32913 -C extra-filename=-f701305602fc5440 --out-dir /app/target/cpython-strict/build/primp-0.15.0/target/loongarch64-unknown-linux-musl/release/deps --target loongarch64-unknown-linux-musl -C linker=/app/target/cpython-strict/cross/loongarch64-linux-musl-gcc -C strip=symbols -L dependency=/app/target/cpython-strict/build/primp-0.15.0/target/loongarch64-unknown-linux-musl/release/deps -L dependency=/app/target/cpython-strict/build/primp-0.15.0/target/release/deps --cap-lints warn -C target-feature=-ual -C target-feature=-crt-static`
   Compiling zerofrom v0.1.6
     Running `CARGO=/app/target/cpython-strict/host-tools/rustup/toolchains/nightly-2025-01-18-x86_64-unknown-linux-gnu/bin/cargo CARGO_CRATE_NAME=zerofrom CARGO_MANIFEST_DIR=/app/target/cpython-strict/host-tools/cargo/registry/src/index.crates.io-1949cf8c6b5b557f/zerofrom-0.1.6 CARGO_MANIFEST_PATH=/app/target/cpython-strict/host-tools/cargo/registry/src/index.crates.io-1949cf8c6b5b557f/zerofrom-0.1.6/Cargo.toml CARGO_PKG_AUTHORS='Manish Goregaokar <manishsmail@gmail.com>' CARGO_PKG_DESCRIPTION='ZeroFrom trait for constructing' CARGO_PKG_HOMEPAGE='' CARGO_PKG_LICENSE=Unicode-3.0 CARGO_PKG_LICENSE_FILE='' CARGO_PKG_NAME=zerofrom CARGO_PKG_README=README.md CARGO_PKG_REPOSITORY='https://github.com/unicode-org/icu4x' CARGO_PKG_RUST_VERSION=1.81 CARGO_PKG_VERSION=0.1.6 CARGO_PKG_VERSION_MAJOR=0 CARGO_PKG_VERSION_MINOR=1 CARGO_PKG_VERSION_PATCH=6 CARGO_PKG_VERSION_PRE='' LD_LIBRARY_PATH='/app/target/cpython-strict/build/primp-0.15.0/target/release/deps:/app/target/cpython-strict/host-tools/rustup/toolchains/nightly-2025-01-18-x86_64-unknown-linux-gnu/lib:/opt/kendryte-toolchain/bin/:' /app/target/cpython-strict/host-tools/rustup/toolchains/nightly-2025-01-18-x86_64-unknown-linux-gnu/bin/rustc --crate-name zerofrom --edition=2021 /app/target/cpython-strict/host-tools/cargo/registry/src/index.crates.io-1949cf8c6b5b557f/zerofrom-0.1.6/src/lib.rs --error-format=json --json=diagnostic-rendered-ansi,artifacts,future-incompat --crate-type lib --emit=dep-info,metadata,link -C opt-level=3 -C panic=abort -C linker-plugin-lto -C codegen-units=1 --cfg 'feature="alloc"' --cfg 'feature="derive"' --check-cfg 'cfg(docsrs,test)' --check-cfg 'cfg(feature, values("alloc", "default", "derive"))' -C metadata=bff4ec44fc5ebf4c -C extra-filename=-5bc1b0a558c71dd6 --out-dir /app/target/cpython-strict/build/primp-0.15.0/target/loongarch64-unknown-linux-musl/release/deps --target loongarch64-unknown-linux-musl -C linker=/app/target/cpython-strict/cross/loongarch64-linux-musl-gcc -C strip=symbols -L dependency=/app/target/cpython-strict/build/primp-0.15.0/target/loongarch64-unknown-linux-musl/release/deps -L dependency=/app/target/cpython-strict/build/primp-0.15.0/target/release/deps --extern zerofrom_derive=/app/target/cpython-strict/build/primp-0.15.0/target/release/deps/libzerofrom_derive-2d344c6c5ae0e30b.so --cap-lints warn -C target-feature=-ual -C target-feature=-crt-static`
   Compiling fnv v1.0.7
     Running `CARGO=/app/target/cpython-strict/host-tools/rustup/toolchains/nightly-2025-01-18-x86_64-unknown-linux-gnu/bin/cargo CARGO_CRATE_NAME=fnv CARGO_MANIFEST_DIR=/app/target/cpython-strict/host-tools/cargo/registry/src/index.crates.io-1949cf8c6b5b557f/fnv-1.0.7 CARGO_MANIFEST_PATH=/app/target/cpython-strict/host-tools/cargo/registry/src/index.crates.io-1949cf8c6b5b557f/fnv-1.0.7/Cargo.toml CARGO_PKG_AUTHORS='Alex Crichton <alex@alexcrichton.com>' CARGO_PKG_DESCRIPTION='Fowler–Noll–Vo hash function' CARGO_PKG_HOMEPAGE='' CARGO_PKG_LICENSE='Apache-2.0 / MIT' CARGO_PKG_LICENSE_FILE='' CARGO_PKG_NAME=fnv CARGO_PKG_README=README.md CARGO_PKG_REPOSITORY='https://github.com/servo/rust-fnv' CARGO_PKG_RUST_VERSION='' CARGO_PKG_VERSION=1.0.7 CARGO_PKG_VERSION_MAJOR=1 CARGO_PKG_VERSION_MINOR=0 CARGO_PKG_VERSION_PATCH=7 CARGO_PKG_VERSION_PRE='' LD_LIBRARY_PATH='/app/target/cpython-strict/build/primp-0.15.0/target/release/deps:/app/target/cpython-strict/host-tools/rustup/toolchains/nightly-2025-01-18-x86_64-unknown-linux-gnu/lib:/opt/kendryte-toolchain/bin/:' /app/target/cpython-strict/host-tools/rustup/toolchains/nightly-2025-01-18-x86_64-unknown-linux-gnu/bin/rustc --crate-name fnv --edition=2015 /app/target/cpython-strict/host-tools/cargo/registry/src/index.crates.io-1949cf8c6b5b557f/fnv-1.0.7/lib.rs --error-format=json --json=diagnostic-rendered-ansi,artifacts,future-incompat --crate-type lib --emit=dep-info,metadata,link -C opt-level=3 -C panic=abort -C linker-plugin-lto -C codegen-units=1 --cfg 'feature="default"' --cfg 'feature="std"' --check-cfg 'cfg(docsrs,test)' --check-cfg 'cfg(feature, values("default", "std"))' -C metadata=2eeed028945bce1a -C extra-filename=-e7d784fd36e2f20c --out-dir /app/target/cpython-strict/build/primp-0.15.0/target/loongarch64-unknown-linux-musl/release/deps --target loongarch64-unknown-linux-musl -C linker=/app/target/cpython-strict/cross/loongarch64-linux-musl-gcc -C strip=symbols -L dependency=/app/target/cpython-strict/build/primp-0.15.0/target/loongarch64-unknown-linux-musl/release/deps -L dependency=/app/target/cpython-strict/build/primp-0.15.0/target/release/deps --cap-lints warn -C target-feature=-ual -C target-feature=-crt-static`
   Compiling tokio v1.44.2
     Running `CARGO=/app/target/cpython-strict/host-tools/rustup/toolchains/nightly-2025-01-18-x86_64-unknown-linux-gnu/bin/cargo CARGO_CRATE_NAME=tokio CARGO_MANIFEST_DIR=/app/target/cpython-strict/host-tools/cargo/registry/src/index.crates.io-1949cf8c6b5b557f/tokio-1.44.2 CARGO_MANIFEST_PATH=/app/target/cpython-strict/host-tools/cargo/registry/src/index.crates.io-1949cf8c6b5b557f/tokio-1.44.2/Cargo.toml CARGO_PKG_AUTHORS='Tokio Contributors <team@tokio.rs>' CARGO_PKG_DESCRIPTION='An event-driven, non-blocking I/O platform for writing asynchronous I/O
backed applications.
' CARGO_PKG_HOMEPAGE='https://tokio.rs' CARGO_PKG_LICENSE=MIT CARGO_PKG_LICENSE_FILE='' CARGO_PKG_NAME=tokio CARGO_PKG_README=README.md CARGO_PKG_REPOSITORY='https://github.com/tokio-rs/tokio' CARGO_PKG_RUST_VERSION=1.70 CARGO_PKG_VERSION=1.44.2 CARGO_PKG_VERSION_MAJOR=1 CARGO_PKG_VERSION_MINOR=44 CARGO_PKG_VERSION_PATCH=2 CARGO_PKG_VERSION_PRE='' LD_LIBRARY_PATH='/app/target/cpython-strict/build/primp-0.15.0/target/release/deps:/app/target/cpython-strict/host-tools/rustup/toolchains/nightly-2025-01-18-x86_64-unknown-linux-gnu/lib:/opt/kendryte-toolchain/bin/:' /app/target/cpython-strict/host-tools/rustup/toolchains/nightly-2025-01-18-x86_64-unknown-linux-gnu/bin/rustc --crate-name tokio --edition=2021 /app/target/cpython-strict/host-tools/cargo/registry/src/index.crates.io-1949cf8c6b5b557f/tokio-1.44.2/src/lib.rs --error-format=json --json=diagnostic-rendered-ansi,artifacts,future-incompat --crate-type lib --emit=dep-info,metadata,link -C opt-level=3 -C panic=abort -C linker-plugin-lto -C codegen-units=1 --warn=unexpected_cfgs --check-cfg 'cfg(fuzzing)' --check-cfg 'cfg(loom)' --check-cfg 'cfg(mio_unsupported_force_poll_poll)' --check-cfg 'cfg(tokio_allow_from_blocking_fd)' --check-cfg 'cfg(tokio_internal_mt_counters)' --check-cfg 'cfg(tokio_no_parking_lot)' --check-cfg 'cfg(tokio_no_tuning_tests)' --check-cfg 'cfg(tokio_taskdump)' --check-cfg 'cfg(tokio_unstable)' --cfg 'feature="bytes"' --cfg 'feature="default"' --cfg 'feature="fs"' --cfg 'feature="full"' --cfg 'feature="io-std"' --cfg 'feature="io-util"' --cfg 'feature="libc"' --cfg 'feature="macros"' --cfg 'feature="mio"' --cfg 'feature="net"' --cfg 'feature="parking_lot"' --cfg 'feature="process"' --cfg 'feature="rt"' --cfg 'feature="rt-multi-thread"' --cfg 'feature="signal"' --cfg 'feature="signal-hook-registry"' --cfg 'feature="socket2"' --cfg 'feature="sync"' --cfg 'feature="time"' --cfg 'feature="tokio-macros"' --check-cfg 'cfg(docsrs,test)' --check-cfg 'cfg(feature, values("bytes", "default", "fs", "full", "io-std", "io-util", "libc", "macros", "mio", "net", "parking_lot", "process", "rt", "rt-multi-thread", "signal", "signal-hook-registry", "socket2", "sync", "test-util", "time", "tokio-macros", "tracing", "windows-sys"))' -C metadata=5d37f9c47253152b -C extra-filename=-a9e1076261fd66b2 --out-dir /app/target/cpython-strict/build/primp-0.15.0/target/loongarch64-unknown-linux-musl/release/deps --target loongarch64-unknown-linux-musl -C linker=/app/target/cpython-strict/cross/loongarch64-linux-musl-gcc -C strip=symbols -L dependency=/app/target/cpython-strict/build/primp-0.15.0/target/loongarch64-unknown-linux-musl/release/deps -L dependency=/app/target/cpython-strict/build/primp-0.15.0/target/release/deps --extern bytes=/app/target/cpython-strict/build/primp-0.15.0/target/loongarch64-unknown-linux-musl/release/deps/libbytes-1ddf7578ed688089.rmeta --extern libc=/app/target/cpython-strict/build/primp-0.15.0/target/loongarch64-unknown-linux-musl/release/deps/liblibc-528e33ec45ba290f.rmeta --extern mio=/app/target/cpython-strict/build/primp-0.15.0/target/loongarch64-unknown-linux-musl/release/deps/libmio-b2b5a08e82d9ad4a.rmeta --extern parking_lot=/app/target/cpython-strict/build/primp-0.15.0/target/loongarch64-unknown-linux-musl/release/deps/libparking_lot-367baf77b5c66b29.rmeta --extern pin_project_lite=/app/target/cpython-strict/build/primp-0.15.0/target/loongarch64-unknown-linux-musl/release/deps/libpin_project_lite-50dcae2c8ff1a98e.rmeta --extern signal_hook_registry=/app/target/cpython-strict/build/primp-0.15.0/target/loongarch64-unknown-linux-musl/release/deps/libsignal_hook_registry-fbcc1b6b1ae9f935.rmeta --extern socket2=/app/target/cpython-strict/build/primp-0.15.0/target/loongarch64-unknown-linux-musl/release/deps/libsocket2-f9fffe543c2c54e9.rmeta --extern tokio_macros=/app/target/cpython-strict/build/primp-0.15.0/target/release/deps/libtokio_macros-4940411a938b78d9.so --cap-lints warn -C target-feature=-ual -C target-feature=-crt-static`
     Running `CARGO=/app/target/cpython-strict/host-tools/rustup/toolchains/nightly-2025-01-18-x86_64-unknown-linux-gnu/bin/cargo CARGO_CRATE_NAME=siphasher CARGO_MANIFEST_DIR=/app/target/cpython-strict/host-tools/cargo/registry/src/index.crates.io-1949cf8c6b5b557f/siphasher-1.0.1 CARGO_MANIFEST_PATH=/app/target/cpython-strict/host-tools/cargo/registry/src/index.crates.io-1949cf8c6b5b557f/siphasher-1.0.1/Cargo.toml CARGO_PKG_AUTHORS='Frank Denis <github@pureftpd.org>' CARGO_PKG_DESCRIPTION='SipHash-2-4, SipHash-1-3 and 128-bit variants in pure Rust' CARGO_PKG_HOMEPAGE='https://docs.rs/siphasher' CARGO_PKG_LICENSE=MIT/Apache-2.0 CARGO_PKG_LICENSE_FILE='' CARGO_PKG_NAME=siphasher CARGO_PKG_README=README.md CARGO_PKG_REPOSITORY='https://github.com/jedisct1/rust-siphash' CARGO_PKG_RUST_VERSION='' CARGO_PKG_VERSION=1.0.1 CARGO_PKG_VERSION_MAJOR=1 CARGO_PKG_VERSION_MINOR=0 CARGO_PKG_VERSION_PATCH=1 CARGO_PKG_VERSION_PRE='' LD_LIBRARY_PATH='/app/target/cpython-strict/build/primp-0.15.0/target/release/deps:/app/target/cpython-strict/host-tools/rustup/toolchains/nightly-2025-01-18-x86_64-unknown-linux-gnu/lib:/opt/kendryte-toolchain/bin/:' /app/target/cpython-strict/host-tools/rustup/toolchains/nightly-2025-01-18-x86_64-unknown-linux-gnu/bin/rustc --crate-name siphasher --edition=2018 /app/target/cpython-strict/host-tools/cargo/registry/src/index.crates.io-1949cf8c6b5b557f/siphasher-1.0.1/src/lib.rs --error-format=json --json=diagnostic-rendered-ansi,artifacts,future-incompat --crate-type lib --emit=dep-info,metadata,link -C opt-level=3 -C panic=abort -C linker-plugin-lto -C codegen-units=1 --cfg 'feature="default"' --cfg 'feature="std"' --check-cfg 'cfg(docsrs,test)' --check-cfg 'cfg(feature, values("default", "serde", "serde_json", "serde_no_std", "serde_std", "std"))' -C metadata=4d47636120a3cb6d -C extra-filename=-9c87a4b74a5f0628 --out-dir /app/target/cpython-strict/build/primp-0.15.0/target/loongarch64-unknown-linux-musl/release/deps --target loongarch64-unknown-linux-musl -C linker=/app/target/cpython-strict/cross/loongarch64-linux-musl-gcc -C strip=symbols -L dependency=/app/target/cpython-strict/build/primp-0.15.0/target/loongarch64-unknown-linux-musl/release/deps -L dependency=/app/target/cpython-strict/build/primp-0.15.0/target/release/deps --cap-lints warn -C target-feature=-ual -C target-feature=-crt-static`
warning: `new_debug_unreachable` (lib) generated 1 warning (1 duplicate)
   Compiling fs_extra v1.3.0
     Running `CARGO=/app/target/cpython-strict/host-tools/rustup/toolchains/nightly-2025-01-18-x86_64-unknown-linux-gnu/bin/cargo CARGO_CRATE_NAME=fs_extra CARGO_MANIFEST_DIR=/app/target/cpython-strict/host-tools/cargo/registry/src/index.crates.io-1949cf8c6b5b557f/fs_extra-1.3.0 CARGO_MANIFEST_PATH=/app/target/cpython-strict/host-tools/cargo/registry/src/index.crates.io-1949cf8c6b5b557f/fs_extra-1.3.0/Cargo.toml CARGO_PKG_AUTHORS='Denis Kurilenko <webdesus@gmail.com>' CARGO_PKG_DESCRIPTION='Expanding std::fs and std::io. Recursively copy folders with information about process and much more.' CARGO_PKG_HOMEPAGE='https://github.com/webdesus/fs_extra' CARGO_PKG_LICENSE=MIT CARGO_PKG_LICENSE_FILE='' CARGO_PKG_NAME=fs_extra CARGO_PKG_README=README.md CARGO_PKG_REPOSITORY='https://github.com/webdesus/fs_extra' CARGO_PKG_RUST_VERSION='' CARGO_PKG_VERSION=1.3.0 CARGO_PKG_VERSION_MAJOR=1 CARGO_PKG_VERSION_MINOR=3 CARGO_PKG_VERSION_PATCH=0 CARGO_PKG_VERSION_PRE='' LD_LIBRARY_PATH='/app/target/cpython-strict/build/primp-0.15.0/target/release/deps:/app/target/cpython-strict/host-tools/rustup/toolchains/nightly-2025-01-18-x86_64-unknown-linux-gnu/lib:/opt/kendryte-toolchain/bin/:' /app/target/cpython-strict/host-tools/rustup/toolchains/nightly-2025-01-18-x86_64-unknown-linux-gnu/bin/rustc --crate-name fs_extra --edition=2018 /app/target/cpython-strict/host-tools/cargo/registry/src/index.crates.io-1949cf8c6b5b557f/fs_extra-1.3.0/src/lib.rs --error-format=json --json=diagnostic-rendered-ansi,artifacts,future-incompat --crate-type lib --emit=dep-info,metadata,link -C embed-bitcode=no -C debug-assertions=off --check-cfg 'cfg(docsrs,test)' --check-cfg 'cfg(feature, values())' -C metadata=f84457a8a154529b -C extra-filename=-288e1a69a1717024 --out-dir /app/target/cpython-strict/build/primp-0.15.0/target/release/deps -C strip=symbols -L dependency=/app/target/cpython-strict/build/primp-0.15.0/target/release/deps --cap-lints warn`
     Running `CARGO=/app/target/cpython-strict/host-tools/rustup/toolchains/nightly-2025-01-18-x86_64-unknown-linux-gnu/bin/cargo CARGO_CFG_FEATURE=abi3,abi3-py310,abi3-py311,abi3-py312,abi3-py313,abi3-py38,abi3-py39,default,extension-module CARGO_CFG_FMT_DEBUG=full CARGO_CFG_OVERFLOW_CHECKS='' CARGO_CFG_PANIC=unwind CARGO_CFG_RELOCATION_MODEL=pic CARGO_CFG_TARGET_ABI='' CARGO_CFG_TARGET_ARCH=loongarch64 CARGO_CFG_TARGET_ENDIAN=little CARGO_CFG_TARGET_ENV=musl CARGO_CFG_TARGET_FAMILY=unix CARGO_CFG_TARGET_FEATURE=d,f,lsx CARGO_CFG_TARGET_HAS_ATOMIC=16,32,64,8,ptr CARGO_CFG_TARGET_HAS_ATOMIC_EQUAL_ALIGNMENT=16,32,64,8,ptr CARGO_CFG_TARGET_HAS_ATOMIC_LOAD_STORE=16,32,64,8,ptr CARGO_CFG_TARGET_OS=linux CARGO_CFG_TARGET_POINTER_WIDTH=64 CARGO_CFG_TARGET_THREAD_LOCAL='' CARGO_CFG_TARGET_VENDOR=unknown CARGO_CFG_UB_CHECKS='' CARGO_CFG_UNIX='' CARGO_ENCODED_RUSTFLAGS='-Ctarget-feature=-ual-Ctarget-feature=-crt-static' CARGO_FEATURE_ABI3=1 CARGO_FEATURE_ABI3_PY310=1 CARGO_FEATURE_ABI3_PY311=1 CARGO_FEATURE_ABI3_PY312=1 CARGO_FEATURE_ABI3_PY313=1 CARGO_FEATURE_ABI3_PY38=1 CARGO_FEATURE_ABI3_PY39=1 CARGO_FEATURE_DEFAULT=1 CARGO_FEATURE_EXTENSION_MODULE=1 CARGO_MANIFEST_DIR=/app/target/cpython-strict/host-tools/cargo/registry/src/index.crates.io-1949cf8c6b5b557f/pyo3-ffi-0.24.1 CARGO_MANIFEST_LINKS=python CARGO_MANIFEST_PATH=/app/target/cpython-strict/host-tools/cargo/registry/src/index.crates.io-1949cf8c6b5b557f/pyo3-ffi-0.24.1/Cargo.toml CARGO_PKG_AUTHORS='PyO3 Project and Contributors <https://github.com/PyO3>' CARGO_PKG_DESCRIPTION='Python-API bindings for the PyO3 ecosystem' CARGO_PKG_HOMEPAGE='https://github.com/pyo3/pyo3' CARGO_PKG_LICENSE='MIT OR Apache-2.0' CARGO_PKG_LICENSE_FILE='' CARGO_PKG_NAME=pyo3-ffi CARGO_PKG_README=README.md CARGO_PKG_REPOSITORY='https://github.com/pyo3/pyo3' CARGO_PKG_RUST_VERSION=1.63 CARGO_PKG_VERSION=0.24.1 CARGO_PKG_VERSION_MAJOR=0 CARGO_PKG_VERSION_MINOR=24 CARGO_PKG_VERSION_PATCH=1 CARGO_PKG_VERSION_PRE='' DEBUG=false HOST=x86_64-unknown-linux-gnu LD_LIBRARY_PATH='/app/target/cpython-strict/build/primp-0.15.0/target/release/deps:/app/target/cpython-strict/build/primp-0.15.0/target/release:/app/target/cpython-strict/host-tools/rustup/toolchains/nightly-2025-01-18-x86_64-unknown-linux-gnu/lib/rustlib/x86_64-unknown-linux-gnu/lib:/app/target/cpython-strict/host-tools/rustup/toolchains/nightly-2025-01-18-x86_64-unknown-linux-gnu/lib:/opt/kendryte-toolchain/bin/:' NUM_JOBS=10 OPT_LEVEL=3 OUT_DIR=/app/target/cpython-strict/build/primp-0.15.0/target/loongarch64-unknown-linux-musl/release/build/pyo3-ffi-33c8c5d896c25430/out PROFILE=release RUSTC=/app/target/cpython-strict/host-tools/rustup/toolchains/nightly-2025-01-18-x86_64-unknown-linux-gnu/bin/rustc RUSTC_LINKER=/app/target/cpython-strict/cross/loongarch64-linux-musl-gcc RUSTDOC=/app/target/cpython-strict/host-tools/rustup/toolchains/nightly-2025-01-18-x86_64-unknown-linux-gnu/bin/rustdoc TARGET=loongarch64-unknown-linux-musl /app/target/cpython-strict/build/primp-0.15.0/target/release/build/pyo3-ffi-1985391159549d76/build-script-build`
warning: ambiguous wide pointer comparison, the comparison includes metadata which may not be expected
   --> /app/target/cpython-strict/host-tools/cargo/registry/src/index.crates.io-1949cf8c6b5b557f/percent-encoding-2.3.1/src/lib.rs:466:35
    |
466 |                     debug_assert!(raw_utf8 == &*bytes as *const [u8]);
    |                                   ^^^^^^^^^^^^^^^^^^^^^^^^^^^^^^^^^^
    |
    = note: `#[warn(ambiguous_wide_pointer_comparisons)]` on by default
help: use `std::ptr::addr_eq` or untyped pointers to only compare their addresses
    |
466 |                     debug_assert!(std::ptr::addr_eq(raw_utf8, &*bytes as *const [u8]));
    |                                   ++++++++++++++++++        ~                       +
help: use explicit `std::ptr::eq` method to compare metadata and addresses
    |
466 |                     debug_assert!(std::ptr::eq(raw_utf8, &*bytes as *const [u8]));
    |                                   +++++++++++++        ~                       +

warning: `fnv` (lib) generated 1 warning (1 duplicate)
   Compiling yoke v0.7.5
     Running `CARGO=/app/target/cpython-strict/host-tools/rustup/toolchains/nightly-2025-01-18-x86_64-unknown-linux-gnu/bin/cargo CARGO_CRATE_NAME=yoke CARGO_MANIFEST_DIR=/app/target/cpython-strict/host-tools/cargo/registry/src/index.crates.io-1949cf8c6b5b557f/yoke-0.7.5 CARGO_MANIFEST_PATH=/app/target/cpython-strict/host-tools/cargo/registry/src/index.crates.io-1949cf8c6b5b557f/yoke-0.7.5/Cargo.toml CARGO_PKG_AUTHORS='Manish Goregaokar <manishsmail@gmail.com>' CARGO_PKG_DESCRIPTION='Abstraction allowing borrowed data to be carried along with the backing data it borrows from' CARGO_PKG_HOMEPAGE='' CARGO_PKG_LICENSE=Unicode-3.0 CARGO_PKG_LICENSE_FILE='' CARGO_PKG_NAME=yoke CARGO_PKG_README=README.md CARGO_PKG_REPOSITORY='https://github.com/unicode-org/icu4x' CARGO_PKG_RUST_VERSION=1.71.1 CARGO_PKG_VERSION=0.7.5 CARGO_PKG_VERSION_MAJOR=0 CARGO_PKG_VERSION_MINOR=7 CARGO_PKG_VERSION_PATCH=5 CARGO_PKG_VERSION_PRE='' LD_LIBRARY_PATH='/app/target/cpython-strict/build/primp-0.15.0/target/release/deps:/app/target/cpython-strict/host-tools/rustup/toolchains/nightly-2025-01-18-x86_64-unknown-linux-gnu/lib:/opt/kendryte-toolchain/bin/:' /app/target/cpython-strict/host-tools/rustup/toolchains/nightly-2025-01-18-x86_64-unknown-linux-gnu/bin/rustc --crate-name yoke --edition=2021 /app/target/cpython-strict/host-tools/cargo/registry/src/index.crates.io-1949cf8c6b5b557f/yoke-0.7.5/src/lib.rs --error-format=json --json=diagnostic-rendered-ansi,artifacts,future-incompat --crate-type lib --emit=dep-info,metadata,link -C opt-level=3 -C panic=abort -C linker-plugin-lto -C codegen-units=1 --cfg 'feature="alloc"' --cfg 'feature="default"' --cfg 'feature="derive"' --cfg 'feature="zerofrom"' --check-cfg 'cfg(docsrs,test)' --check-cfg 'cfg(feature, values("alloc", "default", "derive", "serde", "zerofrom"))' -C metadata=32cb94928039d3cf -C extra-filename=-0e1d747cb3390c61 --out-dir /app/target/cpython-strict/build/primp-0.15.0/target/loongarch64-unknown-linux-musl/release/deps --target loongarch64-unknown-linux-musl -C linker=/app/target/cpython-strict/cross/loongarch64-linux-musl-gcc -C strip=symbols -L dependency=/app/target/cpython-strict/build/primp-0.15.0/target/loongarch64-unknown-linux-musl/release/deps -L dependency=/app/target/cpython-strict/build/primp-0.15.0/target/release/deps --extern stable_deref_trait=/app/target/cpython-strict/build/primp-0.15.0/target/loongarch64-unknown-linux-musl/release/deps/libstable_deref_trait-76f1baf4e034bd08.rmeta --extern yoke_derive=/app/target/cpython-strict/build/primp-0.15.0/target/release/deps/libyoke_derive-b02b3bbbf65cff0b.so --extern zerofrom=/app/target/cpython-strict/build/primp-0.15.0/target/loongarch64-unknown-linux-musl/release/deps/libzerofrom-5bc1b0a558c71dd6.rmeta --cap-lints warn -C target-feature=-ual -C target-feature=-crt-static`
warning: `zerofrom` (lib) generated 1 warning (1 duplicate)
   Compiling http v1.3.1
     Running `CARGO=/app/target/cpython-strict/host-tools/rustup/toolchains/nightly-2025-01-18-x86_64-unknown-linux-gnu/bin/cargo CARGO_CRATE_NAME=http CARGO_MANIFEST_DIR=/app/target/cpython-strict/host-tools/cargo/registry/src/index.crates.io-1949cf8c6b5b557f/http-1.3.1 CARGO_MANIFEST_PATH=/app/target/cpython-strict/host-tools/cargo/registry/src/index.crates.io-1949cf8c6b5b557f/http-1.3.1/Cargo.toml CARGO_PKG_AUTHORS='Alex Crichton <alex@alexcrichton.com>:Carl Lerche <me@carllerche.com>:Sean McArthur <sean@seanmonstar.com>' CARGO_PKG_DESCRIPTION='A set of types for representing HTTP requests and responses.
' CARGO_PKG_HOMEPAGE='' CARGO_PKG_LICENSE='MIT OR Apache-2.0' CARGO_PKG_LICENSE_FILE='' CARGO_PKG_NAME=http CARGO_PKG_README=README.md CARGO_PKG_REPOSITORY='https://github.com/hyperium/http' CARGO_PKG_RUST_VERSION=1.49.0 CARGO_PKG_VERSION=1.3.1 CARGO_PKG_VERSION_MAJOR=1 CARGO_PKG_VERSION_MINOR=3 CARGO_PKG_VERSION_PATCH=1 CARGO_PKG_VERSION_PRE='' LD_LIBRARY_PATH='/app/target/cpython-strict/build/primp-0.15.0/target/release/deps:/app/target/cpython-strict/host-tools/rustup/toolchains/nightly-2025-01-18-x86_64-unknown-linux-gnu/lib:/opt/kendryte-toolchain/bin/:' /app/target/cpython-strict/host-tools/rustup/toolchains/nightly-2025-01-18-x86_64-unknown-linux-gnu/bin/rustc --crate-name http --edition=2018 /app/target/cpython-strict/host-tools/cargo/registry/src/index.crates.io-1949cf8c6b5b557f/http-1.3.1/src/lib.rs --error-format=json --json=diagnostic-rendered-ansi,artifacts,future-incompat --crate-type lib --emit=dep-info,metadata,link -C opt-level=3 -C panic=abort -C linker-plugin-lto -C codegen-units=1 --cfg 'feature="default"' --cfg 'feature="std"' --check-cfg 'cfg(docsrs,test)' --check-cfg 'cfg(feature, values("default", "std"))' -C metadata=306389e8fb814d23 -C extra-filename=-b4e6733cf463dcb5 --out-dir /app/target/cpython-strict/build/primp-0.15.0/target/loongarch64-unknown-linux-musl/release/deps --target loongarch64-unknown-linux-musl -C linker=/app/target/cpython-strict/cross/loongarch64-linux-musl-gcc -C strip=symbols -L dependency=/app/target/cpython-strict/build/primp-0.15.0/target/loongarch64-unknown-linux-musl/release/deps -L dependency=/app/target/cpython-strict/build/primp-0.15.0/target/release/deps --extern bytes=/app/target/cpython-strict/build/primp-0.15.0/target/loongarch64-unknown-linux-musl/release/deps/libbytes-1ddf7578ed688089.rmeta --extern fnv=/app/target/cpython-strict/build/primp-0.15.0/target/loongarch64-unknown-linux-musl/release/deps/libfnv-e7d784fd36e2f20c.rmeta --extern itoa=/app/target/cpython-strict/build/primp-0.15.0/target/loongarch64-unknown-linux-musl/release/deps/libitoa-5dae556133d5e013.rmeta --cap-lints warn -C target-feature=-ual -C target-feature=-crt-static`
     Running `CARGO=/app/target/cpython-strict/host-tools/rustup/toolchains/nightly-2025-01-18-x86_64-unknown-linux-gnu/bin/cargo CARGO_CFG_FEATURE='' CARGO_CFG_FMT_DEBUG=full CARGO_CFG_OVERFLOW_CHECKS='' CARGO_CFG_PANIC=unwind CARGO_CFG_RELOCATION_MODEL=pic CARGO_CFG_TARGET_ABI='' CARGO_CFG_TARGET_ARCH=x86_64 CARGO_CFG_TARGET_ENDIAN=little CARGO_CFG_TARGET_ENV=gnu CARGO_CFG_TARGET_FAMILY=unix CARGO_CFG_TARGET_FEATURE=fxsr,sse,sse2,x87 CARGO_CFG_TARGET_HAS_ATOMIC=16,32,64,8,ptr CARGO_CFG_TARGET_HAS_ATOMIC_EQUAL_ALIGNMENT=16,32,64,8,ptr CARGO_CFG_TARGET_HAS_ATOMIC_LOAD_STORE=16,32,64,8,ptr CARGO_CFG_TARGET_OS=linux CARGO_CFG_TARGET_POINTER_WIDTH=64 CARGO_CFG_TARGET_THREAD_LOCAL='' CARGO_CFG_TARGET_VENDOR=unknown CARGO_CFG_UB_CHECKS='' CARGO_CFG_UNIX='' CARGO_ENCODED_RUSTFLAGS='' CARGO_MANIFEST_DIR=/app/target/cpython-strict/host-tools/cargo/registry/src/index.crates.io-1949cf8c6b5b557f/pyo3-macros-backend-0.24.1 CARGO_MANIFEST_PATH=/app/target/cpython-strict/host-tools/cargo/registry/src/index.crates.io-1949cf8c6b5b557f/pyo3-macros-backend-0.24.1/Cargo.toml CARGO_PKG_AUTHORS='PyO3 Project and Contributors <https://github.com/PyO3>' CARGO_PKG_DESCRIPTION='Code generation for PyO3 package' CARGO_PKG_HOMEPAGE='https://github.com/pyo3/pyo3' CARGO_PKG_LICENSE='MIT OR Apache-2.0' CARGO_PKG_LICENSE_FILE='' CARGO_PKG_NAME=pyo3-macros-backend CARGO_PKG_README='' CARGO_PKG_REPOSITORY='https://github.com/pyo3/pyo3' CARGO_PKG_RUST_VERSION=1.63 CARGO_PKG_VERSION=0.24.1 CARGO_PKG_VERSION_MAJOR=0 CARGO_PKG_VERSION_MINOR=24 CARGO_PKG_VERSION_PATCH=1 CARGO_PKG_VERSION_PRE='' DEBUG=false HOST=x86_64-unknown-linux-gnu LD_LIBRARY_PATH='/app/target/cpython-strict/build/primp-0.15.0/target/release/deps:/app/target/cpython-strict/build/primp-0.15.0/target/release:/app/target/cpython-strict/host-tools/rustup/toolchains/nightly-2025-01-18-x86_64-unknown-linux-gnu/lib/rustlib/x86_64-unknown-linux-gnu/lib:/app/target/cpython-strict/host-tools/rustup/toolchains/nightly-2025-01-18-x86_64-unknown-linux-gnu/lib:/opt/kendryte-toolchain/bin/:' NUM_JOBS=10 OPT_LEVEL=0 OUT_DIR=/app/target/cpython-strict/build/primp-0.15.0/target/release/build/pyo3-macros-backend-e01ffbbfca5fd042/out PROFILE=release RUSTC=/app/target/cpython-strict/host-tools/rustup/toolchains/nightly-2025-01-18-x86_64-unknown-linux-gnu/bin/rustc RUSTDOC=/app/target/cpython-strict/host-tools/rustup/toolchains/nightly-2025-01-18-x86_64-unknown-linux-gnu/bin/rustdoc TARGET=x86_64-unknown-linux-gnu /app/target/cpython-strict/build/primp-0.15.0/target/release/build/pyo3-macros-backend-0dba86e87292ab77/build-script-build`
   Compiling string_cache_codegen v0.5.4
     Running `CARGO=/app/target/cpython-strict/host-tools/rustup/toolchains/nightly-2025-01-18-x86_64-unknown-linux-gnu/bin/cargo CARGO_CRATE_NAME=string_cache_codegen CARGO_MANIFEST_DIR=/app/target/cpython-strict/host-tools/cargo/registry/src/index.crates.io-1949cf8c6b5b557f/string_cache_codegen-0.5.4 CARGO_MANIFEST_PATH=/app/target/cpython-strict/host-tools/cargo/registry/src/index.crates.io-1949cf8c6b5b557f/string_cache_codegen-0.5.4/Cargo.toml CARGO_PKG_AUTHORS='The Servo Project Developers' CARGO_PKG_DESCRIPTION='A codegen library for string-cache, developed as part of the Servo project.' CARGO_PKG_HOMEPAGE='' CARGO_PKG_LICENSE='MIT OR Apache-2.0' CARGO_PKG_LICENSE_FILE='' CARGO_PKG_NAME=string_cache_codegen CARGO_PKG_README='' CARGO_PKG_REPOSITORY='https://github.com/servo/string-cache' CARGO_PKG_RUST_VERSION='' CARGO_PKG_VERSION=0.5.4 CARGO_PKG_VERSION_MAJOR=0 CARGO_PKG_VERSION_MINOR=5 CARGO_PKG_VERSION_PATCH=4 CARGO_PKG_VERSION_PRE='' LD_LIBRARY_PATH='/app/target/cpython-strict/build/primp-0.15.0/target/release/deps:/app/target/cpython-strict/host-tools/rustup/toolchains/nightly-2025-01-18-x86_64-unknown-linux-gnu/lib:/opt/kendryte-toolchain/bin/:' /app/target/cpython-strict/host-tools/rustup/toolchains/nightly-2025-01-18-x86_64-unknown-linux-gnu/bin/rustc --crate-name string_cache_codegen --edition=2018 /app/target/cpython-strict/host-tools/cargo/registry/src/index.crates.io-1949cf8c6b5b557f/string_cache_codegen-0.5.4/lib.rs --error-format=json --json=diagnostic-rendered-ansi,artifacts,future-incompat --crate-type lib --emit=dep-info,metadata,link -C embed-bitcode=no -C debug-assertions=off --check-cfg 'cfg(docsrs,test)' --check-cfg 'cfg(feature, values())' -C metadata=79b9a1d2672b1c47 -C extra-filename=-d98075e58404c9bb --out-dir /app/target/cpython-strict/build/primp-0.15.0/target/release/deps -C strip=symbols -L dependency=/app/target/cpython-strict/build/primp-0.15.0/target/release/deps --extern phf_generator=/app/target/cpython-strict/build/primp-0.15.0/target/release/deps/libphf_generator-cd8b201b225cc6d3.rmeta --extern phf_shared=/app/target/cpython-strict/build/primp-0.15.0/target/release/deps/libphf_shared-57d8ede5d8ac8ea2.rmeta --extern proc_macro2=/app/target/cpython-strict/build/primp-0.15.0/target/release/deps/libproc_macro2-9db364b059323b41.rmeta --extern quote=/app/target/cpython-strict/build/primp-0.15.0/target/release/deps/libquote-430fd29c5f10253f.rmeta --cap-lints warn`
warning: `percent-encoding` (lib) generated 2 warnings (1 duplicate)
     Running `CARGO=/app/target/cpython-strict/host-tools/rustup/toolchains/nightly-2025-01-18-x86_64-unknown-linux-gnu/bin/cargo CARGO_CRATE_NAME=phf_shared CARGO_MANIFEST_DIR=/app/target/cpython-strict/host-tools/cargo/registry/src/index.crates.io-1949cf8c6b5b557f/phf_shared-0.11.3 CARGO_MANIFEST_PATH=/app/target/cpython-strict/host-tools/cargo/registry/src/index.crates.io-1949cf8c6b5b557f/phf_shared-0.11.3/Cargo.toml CARGO_PKG_AUTHORS='Steven Fackler <sfackler@gmail.com>' CARGO_PKG_DESCRIPTION='Support code shared by PHF libraries' CARGO_PKG_HOMEPAGE='' CARGO_PKG_LICENSE=MIT CARGO_PKG_LICENSE_FILE='' CARGO_PKG_NAME=phf_shared CARGO_PKG_README=README.md CARGO_PKG_REPOSITORY='https://github.com/rust-phf/rust-phf' CARGO_PKG_RUST_VERSION=1.61 CARGO_PKG_VERSION=0.11.3 CARGO_PKG_VERSION_MAJOR=0 CARGO_PKG_VERSION_MINOR=11 CARGO_PKG_VERSION_PATCH=3 CARGO_PKG_VERSION_PRE='' LD_LIBRARY_PATH='/app/target/cpython-strict/build/primp-0.15.0/target/release/deps:/app/target/cpython-strict/host-tools/rustup/toolchains/nightly-2025-01-18-x86_64-unknown-linux-gnu/lib:/opt/kendryte-toolchain/bin/:' /app/target/cpython-strict/host-tools/rustup/toolchains/nightly-2025-01-18-x86_64-unknown-linux-gnu/bin/rustc --crate-name phf_shared --edition=2021 /app/target/cpython-strict/host-tools/cargo/registry/src/index.crates.io-1949cf8c6b5b557f/phf_shared-0.11.3/src/lib.rs --error-format=json --json=diagnostic-rendered-ansi,artifacts,future-incompat --crate-type lib --emit=dep-info,metadata,link -C opt-level=3 -C panic=abort -C linker-plugin-lto -C codegen-units=1 --cfg 'feature="default"' --cfg 'feature="std"' --check-cfg 'cfg(docsrs,test)' --check-cfg 'cfg(feature, values("default", "std", "uncased", "unicase"))' -C metadata=122bcda11140cd43 -C extra-filename=-5d13426395a83afb --out-dir /app/target/cpython-strict/build/primp-0.15.0/target/loongarch64-unknown-linux-musl/release/deps --target loongarch64-unknown-linux-musl -C linker=/app/target/cpython-strict/cross/loongarch64-linux-musl-gcc -C strip=symbols -L dependency=/app/target/cpython-strict/build/primp-0.15.0/target/loongarch64-unknown-linux-musl/release/deps -L dependency=/app/target/cpython-strict/build/primp-0.15.0/target/release/deps --extern siphasher=/app/target/cpython-strict/build/primp-0.15.0/target/loongarch64-unknown-linux-musl/release/deps/libsiphasher-9c87a4b74a5f0628.rmeta --cap-lints warn -C target-feature=-ual -C target-feature=-crt-static`
warning: `siphasher` (lib) generated 1 warning (1 duplicate)
   Compiling phf_codegen v0.11.3
     Running `CARGO=/app/target/cpython-strict/host-tools/rustup/toolchains/nightly-2025-01-18-x86_64-unknown-linux-gnu/bin/cargo CARGO_CRATE_NAME=phf_codegen CARGO_MANIFEST_DIR=/app/target/cpython-strict/host-tools/cargo/registry/src/index.crates.io-1949cf8c6b5b557f/phf_codegen-0.11.3 CARGO_MANIFEST_PATH=/app/target/cpython-strict/host-tools/cargo/registry/src/index.crates.io-1949cf8c6b5b557f/phf_codegen-0.11.3/Cargo.toml CARGO_PKG_AUTHORS='Steven Fackler <sfackler@gmail.com>' CARGO_PKG_DESCRIPTION='Codegen library for PHF types' CARGO_PKG_HOMEPAGE='' CARGO_PKG_LICENSE=MIT CARGO_PKG_LICENSE_FILE='' CARGO_PKG_NAME=phf_codegen CARGO_PKG_README=README.md CARGO_PKG_REPOSITORY='https://github.com/rust-phf/rust-phf' CARGO_PKG_RUST_VERSION=1.61 CARGO_PKG_VERSION=0.11.3 CARGO_PKG_VERSION_MAJOR=0 CARGO_PKG_VERSION_MINOR=11 CARGO_PKG_VERSION_PATCH=3 CARGO_PKG_VERSION_PRE='' LD_LIBRARY_PATH='/app/target/cpython-strict/build/primp-0.15.0/target/release/deps:/app/target/cpython-strict/host-tools/rustup/toolchains/nightly-2025-01-18-x86_64-unknown-linux-gnu/lib:/opt/kendryte-toolchain/bin/:' /app/target/cpython-strict/host-tools/rustup/toolchains/nightly-2025-01-18-x86_64-unknown-linux-gnu/bin/rustc --crate-name phf_codegen --edition=2021 /app/target/cpython-strict/host-tools/cargo/registry/src/index.crates.io-1949cf8c6b5b557f/phf_codegen-0.11.3/src/lib.rs --error-format=json --json=diagnostic-rendered-ansi,artifacts,future-incompat --crate-type lib --emit=dep-info,metadata,link -C embed-bitcode=no -C debug-assertions=off --check-cfg 'cfg(docsrs,test)' --check-cfg 'cfg(feature, values())' -C metadata=5a735567dc18240d -C extra-filename=-51e567f231b22904 --out-dir /app/target/cpython-strict/build/primp-0.15.0/target/release/deps -C strip=symbols -L dependency=/app/target/cpython-strict/build/primp-0.15.0/target/release/deps --extern phf_generator=/app/target/cpython-strict/build/primp-0.15.0/target/release/deps/libphf_generator-cd8b201b225cc6d3.rmeta --extern phf_shared=/app/target/cpython-strict/build/primp-0.15.0/target/release/deps/libphf_shared-57d8ede5d8ac8ea2.rmeta --cap-lints warn`
   Compiling memoffset v0.9.1
     Running `CARGO=/app/target/cpython-strict/host-tools/rustup/toolchains/nightly-2025-01-18-x86_64-unknown-linux-gnu/bin/cargo CARGO_CRATE_NAME=build_script_build CARGO_MANIFEST_DIR=/app/target/cpython-strict/host-tools/cargo/registry/src/index.crates.io-1949cf8c6b5b557f/memoffset-0.9.1 CARGO_MANIFEST_PATH=/app/target/cpython-strict/host-tools/cargo/registry/src/index.crates.io-1949cf8c6b5b557f/memoffset-0.9.1/Cargo.toml CARGO_PKG_AUTHORS='Gilad Naaman <gilad.naaman@gmail.com>' CARGO_PKG_DESCRIPTION='offset_of functionality for Rust structs.' CARGO_PKG_HOMEPAGE='' CARGO_PKG_LICENSE=MIT CARGO_PKG_LICENSE_FILE='' CARGO_PKG_NAME=memoffset CARGO_PKG_README=README.md CARGO_PKG_REPOSITORY='https://github.com/Gilnaa/memoffset' CARGO_PKG_RUST_VERSION='' CARGO_PKG_VERSION=0.9.1 CARGO_PKG_VERSION_MAJOR=0 CARGO_PKG_VERSION_MINOR=9 CARGO_PKG_VERSION_PATCH=1 CARGO_PKG_VERSION_PRE='' LD_LIBRARY_PATH='/app/target/cpython-strict/build/primp-0.15.0/target/release/deps:/app/target/cpython-strict/host-tools/rustup/toolchains/nightly-2025-01-18-x86_64-unknown-linux-gnu/lib:/opt/kendryte-toolchain/bin/:' /app/target/cpython-strict/host-tools/rustup/toolchains/nightly-2025-01-18-x86_64-unknown-linux-gnu/bin/rustc --crate-name build_script_build --edition=2015 /app/target/cpython-strict/host-tools/cargo/registry/src/index.crates.io-1949cf8c6b5b557f/memoffset-0.9.1/build.rs --error-format=json --json=diagnostic-rendered-ansi,artifacts,future-incompat --crate-type bin --emit=dep-info,link -C embed-bitcode=no -C debug-assertions=off --cfg 'feature="default"' --check-cfg 'cfg(docsrs,test)' --check-cfg 'cfg(feature, values("default", "unstable_const", "unstable_offset_of"))' -C metadata=ca1e99b8b1fe88e3 -C extra-filename=-3802a17d7af2b621 --out-dir /app/target/cpython-strict/build/primp-0.15.0/target/release/build/memoffset-3802a17d7af2b621 -C strip=symbols -L dependency=/app/target/cpython-strict/build/primp-0.15.0/target/release/deps --extern autocfg=/app/target/cpython-strict/build/primp-0.15.0/target/release/deps/libautocfg-918a7c8fc0d04dc5.rlib --cap-lints warn`
warning: `yoke` (lib) generated 1 warning (1 duplicate)
   Compiling zerovec v0.10.4
     Running `CARGO=/app/target/cpython-strict/host-tools/rustup/toolchains/nightly-2025-01-18-x86_64-unknown-linux-gnu/bin/cargo CARGO_CRATE_NAME=zerovec CARGO_MANIFEST_DIR=/app/target/cpython-strict/host-tools/cargo/registry/src/index.crates.io-1949cf8c6b5b557f/zerovec-0.10.4 CARGO_MANIFEST_PATH=/app/target/cpython-strict/host-tools/cargo/registry/src/index.crates.io-1949cf8c6b5b557f/zerovec-0.10.4/Cargo.toml CARGO_PKG_AUTHORS='The ICU4X Project Developers' CARGO_PKG_DESCRIPTION='Zero-copy vector backed by a byte array' CARGO_PKG_HOMEPAGE='' CARGO_PKG_LICENSE=Unicode-3.0 CARGO_PKG_LICENSE_FILE='' CARGO_PKG_NAME=zerovec CARGO_PKG_README=README.md CARGO_PKG_REPOSITORY='https://github.com/unicode-org/icu4x' CARGO_PKG_RUST_VERSION=1.67 CARGO_PKG_VERSION=0.10.4 CARGO_PKG_VERSION_MAJOR=0 CARGO_PKG_VERSION_MINOR=10 CARGO_PKG_VERSION_PATCH=4 CARGO_PKG_VERSION_PRE='' LD_LIBRARY_PATH='/app/target/cpython-strict/build/primp-0.15.0/target/release/deps:/app/target/cpython-strict/host-tools/rustup/toolchains/nightly-2025-01-18-x86_64-unknown-linux-gnu/lib:/opt/kendryte-toolchain/bin/:' /app/target/cpython-strict/host-tools/rustup/toolchains/nightly-2025-01-18-x86_64-unknown-linux-gnu/bin/rustc --crate-name zerovec --edition=2021 /app/target/cpython-strict/host-tools/cargo/registry/src/index.crates.io-1949cf8c6b5b557f/zerovec-0.10.4/src/lib.rs --error-format=json --json=diagnostic-rendered-ansi,artifacts,future-incompat --crate-type lib --emit=dep-info,metadata,link -C opt-level=3 -C panic=abort -C linker-plugin-lto -C codegen-units=1 --cfg 'feature="derive"' --cfg 'feature="yoke"' --check-cfg 'cfg(docsrs,test)' --check-cfg 'cfg(feature, values("bench", "databake", "derive", "hashmap", "serde", "std", "yoke"))' -C metadata=33462a0facf18553 -C extra-filename=-242002c21e466685 --out-dir /app/target/cpython-strict/build/primp-0.15.0/target/loongarch64-unknown-linux-musl/release/deps --target loongarch64-unknown-linux-musl -C linker=/app/target/cpython-strict/cross/loongarch64-linux-musl-gcc -C strip=symbols -L dependency=/app/target/cpython-strict/build/primp-0.15.0/target/loongarch64-unknown-linux-musl/release/deps -L dependency=/app/target/cpython-strict/build/primp-0.15.0/target/release/deps --extern yoke=/app/target/cpython-strict/build/primp-0.15.0/target/loongarch64-unknown-linux-musl/release/deps/libyoke-0e1d747cb3390c61.rmeta --extern zerofrom=/app/target/cpython-strict/build/primp-0.15.0/target/loongarch64-unknown-linux-musl/release/deps/libzerofrom-5bc1b0a558c71dd6.rmeta --extern zerovec_derive=/app/target/cpython-strict/build/primp-0.15.0/target/release/deps/libzerovec_derive-d7f2bcde36da91a7.so --cap-lints warn -C target-feature=-ual -C target-feature=-crt-static`
     Running `CARGO=/app/target/cpython-strict/host-tools/rustup/toolchains/nightly-2025-01-18-x86_64-unknown-linux-gnu/bin/cargo CARGO_CRATE_NAME=serde CARGO_MANIFEST_DIR=/app/target/cpython-strict/host-tools/cargo/registry/src/index.crates.io-1949cf8c6b5b557f/serde-1.0.219 CARGO_MANIFEST_PATH=/app/target/cpython-strict/host-tools/cargo/registry/src/index.crates.io-1949cf8c6b5b557f/serde-1.0.219/Cargo.toml CARGO_PKG_AUTHORS='Erick Tryzelaar <erick.tryzelaar@gmail.com>:David Tolnay <dtolnay@gmail.com>' CARGO_PKG_DESCRIPTION='A generic serialization/deserialization framework' CARGO_PKG_HOMEPAGE='https://serde.rs' CARGO_PKG_LICENSE='MIT OR Apache-2.0' CARGO_PKG_LICENSE_FILE='' CARGO_PKG_NAME=serde CARGO_PKG_README=crates-io.md CARGO_PKG_REPOSITORY='https://github.com/serde-rs/serde' CARGO_PKG_RUST_VERSION=1.31 CARGO_PKG_VERSION=1.0.219 CARGO_PKG_VERSION_MAJOR=1 CARGO_PKG_VERSION_MINOR=0 CARGO_PKG_VERSION_PATCH=219 CARGO_PKG_VERSION_PRE='' LD_LIBRARY_PATH='/app/target/cpython-strict/build/primp-0.15.0/target/release/deps:/app/target/cpython-strict/host-tools/rustup/toolchains/nightly-2025-01-18-x86_64-unknown-linux-gnu/lib:/opt/kendryte-toolchain/bin/:' OUT_DIR=/app/target/cpython-strict/build/primp-0.15.0/target/loongarch64-unknown-linux-musl/release/build/serde-0bea009fb155c3ef/out /app/target/cpython-strict/host-tools/rustup/toolchains/nightly-2025-01-18-x86_64-unknown-linux-gnu/bin/rustc --crate-name serde --edition=2018 /app/target/cpython-strict/host-tools/cargo/registry/src/index.crates.io-1949cf8c6b5b557f/serde-1.0.219/src/lib.rs --error-format=json --json=diagnostic-rendered-ansi,artifacts,future-incompat --crate-type lib --emit=dep-info,metadata,link -C opt-level=3 -C panic=abort -C linker-plugin-lto -C codegen-units=1 --cfg 'feature="default"' --cfg 'feature="derive"' --cfg 'feature="serde_derive"' --cfg 'feature="std"' --check-cfg 'cfg(docsrs,test)' --check-cfg 'cfg(feature, values("alloc", "default", "derive", "rc", "serde_derive", "std", "unstable"))' -C metadata=2a884d1f3bbe8075 -C extra-filename=-42659d74a8c85009 --out-dir /app/target/cpython-strict/build/primp-0.15.0/target/loongarch64-unknown-linux-musl/release/deps --target loongarch64-unknown-linux-musl -C linker=/app/target/cpython-strict/cross/loongarch64-linux-musl-gcc -C strip=symbols -L dependency=/app/target/cpython-strict/build/primp-0.15.0/target/loongarch64-unknown-linux-musl/release/deps -L dependency=/app/target/cpython-strict/build/primp-0.15.0/target/release/deps --extern serde_derive=/app/target/cpython-strict/build/primp-0.15.0/target/release/deps/libserde_derive-0fba17b3540eb3e3.so --cap-lints warn -C target-feature=-ual -C target-feature=-crt-static --check-cfg 'cfg(no_core_cstr)' --check-cfg 'cfg(no_core_error)' --check-cfg 'cfg(no_core_net)' --check-cfg 'cfg(no_core_num_saturating)' --check-cfg 'cfg(no_core_try_from)' --check-cfg 'cfg(no_diagnostic_namespace)' --check-cfg 'cfg(no_float_copysign)' --check-cfg 'cfg(no_num_nonzero_signed)' --check-cfg 'cfg(no_relaxed_trait_bounds)' --check-cfg 'cfg(no_serde_derive)' --check-cfg 'cfg(no_std_atomic)' --check-cfg 'cfg(no_std_atomic64)' --check-cfg 'cfg(no_systemtime_checked_add)' --check-cfg 'cfg(no_target_has_atomic)'`
   Compiling slab v0.4.9
     Running `CARGO=/app/target/cpython-strict/host-tools/rustup/toolchains/nightly-2025-01-18-x86_64-unknown-linux-gnu/bin/cargo CARGO_CRATE_NAME=build_script_build CARGO_MANIFEST_DIR=/app/target/cpython-strict/host-tools/cargo/registry/src/index.crates.io-1949cf8c6b5b557f/slab-0.4.9 CARGO_MANIFEST_PATH=/app/target/cpython-strict/host-tools/cargo/registry/src/index.crates.io-1949cf8c6b5b557f/slab-0.4.9/Cargo.toml CARGO_PKG_AUTHORS='Carl Lerche <me@carllerche.com>' CARGO_PKG_DESCRIPTION='Pre-allocated storage for a uniform data type' CARGO_PKG_HOMEPAGE='' CARGO_PKG_LICENSE=MIT CARGO_PKG_LICENSE_FILE='' CARGO_PKG_NAME=slab CARGO_PKG_README=README.md CARGO_PKG_REPOSITORY='https://github.com/tokio-rs/slab' CARGO_PKG_RUST_VERSION=1.31 CARGO_PKG_VERSION=0.4.9 CARGO_PKG_VERSION_MAJOR=0 CARGO_PKG_VERSION_MINOR=4 CARGO_PKG_VERSION_PATCH=9 CARGO_PKG_VERSION_PRE='' LD_LIBRARY_PATH='/app/target/cpython-strict/build/primp-0.15.0/target/release/deps:/app/target/cpython-strict/host-tools/rustup/toolchains/nightly-2025-01-18-x86_64-unknown-linux-gnu/lib:/opt/kendryte-toolchain/bin/:' /app/target/cpython-strict/host-tools/rustup/toolchains/nightly-2025-01-18-x86_64-unknown-linux-gnu/bin/rustc --crate-name build_script_build --edition=2018 /app/target/cpython-strict/host-tools/cargo/registry/src/index.crates.io-1949cf8c6b5b557f/slab-0.4.9/build.rs --error-format=json --json=diagnostic-rendered-ansi,artifacts,future-incompat --crate-type bin --emit=dep-info,link -C embed-bitcode=no -C debug-assertions=off --cfg 'feature="default"' --cfg 'feature="std"' --check-cfg 'cfg(docsrs,test)' --check-cfg 'cfg(feature, values("default", "serde", "std"))' -C metadata=36b6cec6f4286283 -C extra-filename=-4ed2866b98b6d698 --out-dir /app/target/cpython-strict/build/primp-0.15.0/target/release/build/slab-4ed2866b98b6d698 -C strip=symbols -L dependency=/app/target/cpython-strict/build/primp-0.15.0/target/release/deps --extern autocfg=/app/target/cpython-strict/build/primp-0.15.0/target/release/deps/libautocfg-918a7c8fc0d04dc5.rlib --cap-lints warn`
warning: `phf_shared` (lib) generated 1 warning (1 duplicate)
   Compiling pin-utils v0.1.0
     Running `CARGO=/app/target/cpython-strict/host-tools/rustup/toolchains/nightly-2025-01-18-x86_64-unknown-linux-gnu/bin/cargo CARGO_CRATE_NAME=pin_utils CARGO_MANIFEST_DIR=/app/target/cpython-strict/host-tools/cargo/registry/src/index.crates.io-1949cf8c6b5b557f/pin-utils-0.1.0 CARGO_MANIFEST_PATH=/app/target/cpython-strict/host-tools/cargo/registry/src/index.crates.io-1949cf8c6b5b557f/pin-utils-0.1.0/Cargo.toml CARGO_PKG_AUTHORS='Josef Brandl <mail@josefbrandl.de>' CARGO_PKG_DESCRIPTION='Utilities for pinning
' CARGO_PKG_HOMEPAGE='' CARGO_PKG_LICENSE='MIT OR Apache-2.0' CARGO_PKG_LICENSE_FILE='' CARGO_PKG_NAME=pin-utils CARGO_PKG_README=README.md CARGO_PKG_REPOSITORY='https://github.com/rust-lang-nursery/pin-utils' CARGO_PKG_RUST_VERSION='' CARGO_PKG_VERSION=0.1.0 CARGO_PKG_VERSION_MAJOR=0 CARGO_PKG_VERSION_MINOR=1 CARGO_PKG_VERSION_PATCH=0 CARGO_PKG_VERSION_PRE='' LD_LIBRARY_PATH='/app/target/cpython-strict/build/primp-0.15.0/target/release/deps:/app/target/cpython-strict/host-tools/rustup/toolchains/nightly-2025-01-18-x86_64-unknown-linux-gnu/lib:/opt/kendryte-toolchain/bin/:' /app/target/cpython-strict/host-tools/rustup/toolchains/nightly-2025-01-18-x86_64-unknown-linux-gnu/bin/rustc --crate-name pin_utils --edition=2018 /app/target/cpython-strict/host-tools/cargo/registry/src/index.crates.io-1949cf8c6b5b557f/pin-utils-0.1.0/src/lib.rs --error-format=json --json=diagnostic-rendered-ansi,artifacts,future-incompat --crate-type lib --emit=dep-info,metadata,link -C opt-level=3 -C panic=abort -C linker-plugin-lto -C codegen-units=1 --check-cfg 'cfg(docsrs,test)' --check-cfg 'cfg(feature, values())' -C metadata=e2231946772fdb02 -C extra-filename=-010549643a8cb4bc --out-dir /app/target/cpython-strict/build/primp-0.15.0/target/loongarch64-unknown-linux-musl/release/deps --target loongarch64-unknown-linux-musl -C linker=/app/target/cpython-strict/cross/loongarch64-linux-musl-gcc -C strip=symbols -L dependency=/app/target/cpython-strict/build/primp-0.15.0/target/loongarch64-unknown-linux-musl/release/deps -L dependency=/app/target/cpython-strict/build/primp-0.15.0/target/release/deps --cap-lints warn -C target-feature=-ual -C target-feature=-crt-static`
warning: elided lifetime has a name
   --> /app/target/cpython-strict/host-tools/cargo/registry/src/index.crates.io-1949cf8c6b5b557f/zerovec-0.10.4/src/map2d/borrowed.rs:277:94
    |
277 |     pub fn iter0<'l>(&'l self) -> impl Iterator<Item = ZeroMap2dCursor<'a, 'a, K0, K1, V>> + '_ {
    |                  -- lifetime `'l` declared here                                              ^^ this elided lifetime gets resolved as `'l`
    |
    = note: `#[warn(elided_named_lifetimes)]` on by default

   Compiling powerfmt v0.2.0
     Running `CARGO=/app/target/cpython-strict/host-tools/rustup/toolchains/nightly-2025-01-18-x86_64-unknown-linux-gnu/bin/cargo CARGO_CRATE_NAME=powerfmt CARGO_MANIFEST_DIR=/app/target/cpython-strict/host-tools/cargo/registry/src/index.crates.io-1949cf8c6b5b557f/powerfmt-0.2.0 CARGO_MANIFEST_PATH=/app/target/cpython-strict/host-tools/cargo/registry/src/index.crates.io-1949cf8c6b5b557f/powerfmt-0.2.0/Cargo.toml CARGO_PKG_AUTHORS='Jacob Pratt <jacob@jhpratt.dev>' CARGO_PKG_DESCRIPTION='    `powerfmt` is a library that provides utilities for formatting values. This crate makes it
    significantly easier to support filling to a minimum width with alignment, avoid heap
    allocation, and avoid repetitive calculations.
' CARGO_PKG_HOMEPAGE='' CARGO_PKG_LICENSE='MIT OR Apache-2.0' CARGO_PKG_LICENSE_FILE='' CARGO_PKG_NAME=powerfmt CARGO_PKG_README=README.md CARGO_PKG_REPOSITORY='https://github.com/jhpratt/powerfmt' CARGO_PKG_RUST_VERSION=1.67.0 CARGO_PKG_VERSION=0.2.0 CARGO_PKG_VERSION_MAJOR=0 CARGO_PKG_VERSION_MINOR=2 CARGO_PKG_VERSION_PATCH=0 CARGO_PKG_VERSION_PRE='' LD_LIBRARY_PATH='/app/target/cpython-strict/build/primp-0.15.0/target/release/deps:/app/target/cpython-strict/host-tools/rustup/toolchains/nightly-2025-01-18-x86_64-unknown-linux-gnu/lib:/opt/kendryte-toolchain/bin/:' /app/target/cpython-strict/host-tools/rustup/toolchains/nightly-2025-01-18-x86_64-unknown-linux-gnu/bin/rustc --crate-name powerfmt --edition=2021 /app/target/cpython-strict/host-tools/cargo/registry/src/index.crates.io-1949cf8c6b5b557f/powerfmt-0.2.0/src/lib.rs --error-format=json --json=diagnostic-rendered-ansi,artifacts,future-incompat --crate-type lib --emit=dep-info,metadata,link -C opt-level=3 -C panic=abort -C linker-plugin-lto -C codegen-units=1 --check-cfg 'cfg(docsrs,test)' --check-cfg 'cfg(feature, values("alloc", "default", "macros", "std"))' -C metadata=651ddc702d18df08 -C extra-filename=-84a0a2adf54132d6 --out-dir /app/target/cpython-strict/build/primp-0.15.0/target/loongarch64-unknown-linux-musl/release/deps --target loongarch64-unknown-linux-musl -C linker=/app/target/cpython-strict/cross/loongarch64-linux-musl-gcc -C strip=symbols -L dependency=/app/target/cpython-strict/build/primp-0.15.0/target/loongarch64-unknown-linux-musl/release/deps -L dependency=/app/target/cpython-strict/build/primp-0.15.0/target/release/deps --cap-lints warn -C target-feature=-ual -C target-feature=-crt-static`
warning: `pin-utils` (lib) generated 1 warning (1 duplicate)
   Compiling mac v0.1.1
     Running `CARGO=/app/target/cpython-strict/host-tools/rustup/toolchains/nightly-2025-01-18-x86_64-unknown-linux-gnu/bin/cargo CARGO_CRATE_NAME=mac CARGO_MANIFEST_DIR=/app/target/cpython-strict/host-tools/cargo/registry/src/index.crates.io-1949cf8c6b5b557f/mac-0.1.1 CARGO_MANIFEST_PATH=/app/target/cpython-strict/host-tools/cargo/registry/src/index.crates.io-1949cf8c6b5b557f/mac-0.1.1/Cargo.toml CARGO_PKG_AUTHORS='Jonathan Reem <jonathan.reem@gmail.com>' CARGO_PKG_DESCRIPTION='A collection of great and ubiqutitous macros.' CARGO_PKG_HOMEPAGE='' CARGO_PKG_LICENSE=MIT/Apache-2.0 CARGO_PKG_LICENSE_FILE='' CARGO_PKG_NAME=mac CARGO_PKG_README=README.md CARGO_PKG_REPOSITORY='https://github.com/reem/rust-mac.git' CARGO_PKG_RUST_VERSION='' CARGO_PKG_VERSION=0.1.1 CARGO_PKG_VERSION_MAJOR=0 CARGO_PKG_VERSION_MINOR=1 CARGO_PKG_VERSION_PATCH=1 CARGO_PKG_VERSION_PRE='' LD_LIBRARY_PATH='/app/target/cpython-strict/build/primp-0.15.0/target/release/deps:/app/target/cpython-strict/host-tools/rustup/toolchains/nightly-2025-01-18-x86_64-unknown-linux-gnu/lib:/opt/kendryte-toolchain/bin/:' /app/target/cpython-strict/host-tools/rustup/toolchains/nightly-2025-01-18-x86_64-unknown-linux-gnu/bin/rustc --crate-name mac --edition=2015 /app/target/cpython-strict/host-tools/cargo/registry/src/index.crates.io-1949cf8c6b5b557f/mac-0.1.1/src/lib.rs --error-format=json --json=diagnostic-rendered-ansi,artifacts,future-incompat --crate-type lib --emit=dep-info,metadata,link -C opt-level=3 -C panic=abort -C linker-plugin-lto -C codegen-units=1 --check-cfg 'cfg(docsrs,test)' --check-cfg 'cfg(feature, values())' -C metadata=ded675a7cb7f3c96 -C extra-filename=-cd56cee1c9f451f6 --out-dir /app/target/cpython-strict/build/primp-0.15.0/target/loongarch64-unknown-linux-musl/release/deps --target loongarch64-unknown-linux-musl -C linker=/app/target/cpython-strict/cross/loongarch64-linux-musl-gcc -C strip=symbols -L dependency=/app/target/cpython-strict/build/primp-0.15.0/target/loongarch64-unknown-linux-musl/release/deps -L dependency=/app/target/cpython-strict/build/primp-0.15.0/target/release/deps --cap-lints warn -C target-feature=-ual -C target-feature=-crt-static`
     Running `CARGO=/app/target/cpython-strict/host-tools/rustup/toolchains/nightly-2025-01-18-x86_64-unknown-linux-gnu/bin/cargo CARGO_CRATE_NAME=once_cell CARGO_MANIFEST_DIR=/app/target/cpython-strict/host-tools/cargo/registry/src/index.crates.io-1949cf8c6b5b557f/once_cell-1.21.3 CARGO_MANIFEST_PATH=/app/target/cpython-strict/host-tools/cargo/registry/src/index.crates.io-1949cf8c6b5b557f/once_cell-1.21.3/Cargo.toml CARGO_PKG_AUTHORS='Aleksey Kladov <aleksey.kladov@gmail.com>' CARGO_PKG_DESCRIPTION='Single assignment cells and lazy values.' CARGO_PKG_HOMEPAGE='' CARGO_PKG_LICENSE='MIT OR Apache-2.0' CARGO_PKG_LICENSE_FILE='' CARGO_PKG_NAME=once_cell CARGO_PKG_README=README.md CARGO_PKG_REPOSITORY='https://github.com/matklad/once_cell' CARGO_PKG_RUST_VERSION=1.65 CARGO_PKG_VERSION=1.21.3 CARGO_PKG_VERSION_MAJOR=1 CARGO_PKG_VERSION_MINOR=21 CARGO_PKG_VERSION_PATCH=3 CARGO_PKG_VERSION_PRE='' LD_LIBRARY_PATH='/app/target/cpython-strict/build/primp-0.15.0/target/release/deps:/app/target/cpython-strict/host-tools/rustup/toolchains/nightly-2025-01-18-x86_64-unknown-linux-gnu/lib:/opt/kendryte-toolchain/bin/:' /app/target/cpython-strict/host-tools/rustup/toolchains/nightly-2025-01-18-x86_64-unknown-linux-gnu/bin/rustc --crate-name once_cell --edition=2021 /app/target/cpython-strict/host-tools/cargo/registry/src/index.crates.io-1949cf8c6b5b557f/once_cell-1.21.3/src/lib.rs --error-format=json --json=diagnostic-rendered-ansi,artifacts,future-incompat --crate-type lib --emit=dep-info,metadata,link -C opt-level=3 -C panic=abort -C linker-plugin-lto -C codegen-units=1 --cfg 'feature="alloc"' --cfg 'feature="default"' --cfg 'feature="race"' --cfg 'feature="std"' --check-cfg 'cfg(docsrs,test)' --check-cfg 'cfg(feature, values("alloc", "atomic-polyfill", "critical-section", "default", "parking_lot", "portable-atomic", "race", "std", "unstable"))' -C metadata=1c531343f564863d -C extra-filename=-3b243e42074b5c38 --out-dir /app/target/cpython-strict/build/primp-0.15.0/target/loongarch64-unknown-linux-musl/release/deps --target loongarch64-unknown-linux-musl -C linker=/app/target/cpython-strict/cross/loongarch64-linux-musl-gcc -C strip=symbols -L dependency=/app/target/cpython-strict/build/primp-0.15.0/target/loongarch64-unknown-linux-musl/release/deps -L dependency=/app/target/cpython-strict/build/primp-0.15.0/target/release/deps --cap-lints warn -C target-feature=-ual -C target-feature=-crt-static`
warning: unexpected `cfg` condition name: `__powerfmt_docs`
 --> /app/target/cpython-strict/host-tools/cargo/registry/src/index.crates.io-1949cf8c6b5b557f/powerfmt-0.2.0/src/lib.rs:6:13
  |
6 | #![cfg_attr(__powerfmt_docs, feature(doc_auto_cfg, rustc_attrs))]
  |             ^^^^^^^^^^^^^^^
  |
  = help: expected names are: `clippy`, `debug_assertions`, `doc`, `docsrs`, `doctest`, `feature`, `fmt_debug`, `miri`, `overflow_checks`, `panic`, `proc_macro`, `relocation_model`, `rustfmt`, `sanitize`, `sanitizer_cfi_generalize_pointers`, `sanitizer_cfi_normalize_integers`, `target_abi`, `target_arch`, `target_endian`, `target_env`, `target_family`, `target_feature`, `target_has_atomic`, `target_has_atomic_equal_alignment`, `target_has_atomic_load_store`, `target_os`, `target_pointer_width`, `target_thread_local`, `target_vendor`, `test`, `ub_checks`, `unix`, and `windows`
  = help: consider using a Cargo feature instead
  = help: or consider adding in `Cargo.toml` the `check-cfg` lint config for the lint:
           [lints.rust]
           unexpected_cfgs = { level = "warn", check-cfg = ['cfg(__powerfmt_docs)'] }
  = help: or consider adding `println!("cargo::rustc-check-cfg=cfg(__powerfmt_docs)");` to the top of the `build.rs`
  = note: see <https://doc.rust-lang.org/nightly/rustc/check-cfg/cargo-specifics.html> for more information about checking conditional configuration
  = note: `#[warn(unexpected_cfgs)]` on by default

warning: unexpected `cfg` condition name: `__powerfmt_docs`
 --> /app/target/cpython-strict/host-tools/cargo/registry/src/index.crates.io-1949cf8c6b5b557f/powerfmt-0.2.0/src/lib.rs:7:13
  |
7 | #![cfg_attr(__powerfmt_docs, allow(internal_features))]
  |             ^^^^^^^^^^^^^^^
  |
  = help: consider using a Cargo feature instead
  = help: or consider adding in `Cargo.toml` the `check-cfg` lint config for the lint:
           [lints.rust]
           unexpected_cfgs = { level = "warn", check-cfg = ['cfg(__powerfmt_docs)'] }
  = help: or consider adding `println!("cargo::rustc-check-cfg=cfg(__powerfmt_docs)");` to the top of the `build.rs`
  = note: see <https://doc.rust-lang.org/nightly/rustc/check-cfg/cargo-specifics.html> for more information about checking conditional configuration

warning: unexpected `cfg` condition name: `__powerfmt_docs`
   --> /app/target/cpython-strict/host-tools/cargo/registry/src/index.crates.io-1949cf8c6b5b557f/powerfmt-0.2.0/src/smart_display.rs:629:12
    |
629 | #[cfg_attr(__powerfmt_docs, rustc_must_implement_one_of(fmt, fmt_with_metadata))]
    |            ^^^^^^^^^^^^^^^
    |
    = help: consider using a Cargo feature instead
    = help: or consider adding in `Cargo.toml` the `check-cfg` lint config for the lint:
             [lints.rust]
             unexpected_cfgs = { level = "warn", check-cfg = ['cfg(__powerfmt_docs)'] }
    = help: or consider adding `println!("cargo::rustc-check-cfg=cfg(__powerfmt_docs)");` to the top of the `build.rs`
    = note: see <https://doc.rust-lang.org/nightly/rustc/check-cfg/cargo-specifics.html> for more information about checking conditional configuration

warning: `mac` (lib) generated 1 warning (1 duplicate)
   Compiling anyhow v1.0.98
     Running `CARGO=/app/target/cpython-strict/host-tools/rustup/toolchains/nightly-2025-01-18-x86_64-unknown-linux-gnu/bin/cargo CARGO_CRATE_NAME=build_script_build CARGO_MANIFEST_DIR=/app/target/cpython-strict/host-tools/cargo/registry/src/index.crates.io-1949cf8c6b5b557f/anyhow-1.0.98 CARGO_MANIFEST_PATH=/app/target/cpython-strict/host-tools/cargo/registry/src/index.crates.io-1949cf8c6b5b557f/anyhow-1.0.98/Cargo.toml CARGO_PKG_AUTHORS='David Tolnay <dtolnay@gmail.com>' CARGO_PKG_DESCRIPTION='Flexible concrete Error type built on std::error::Error' CARGO_PKG_HOMEPAGE='' CARGO_PKG_LICENSE='MIT OR Apache-2.0' CARGO_PKG_LICENSE_FILE='' CARGO_PKG_NAME=anyhow CARGO_PKG_README=README.md CARGO_PKG_REPOSITORY='https://github.com/dtolnay/anyhow' CARGO_PKG_RUST_VERSION=1.39 CARGO_PKG_VERSION=1.0.98 CARGO_PKG_VERSION_MAJOR=1 CARGO_PKG_VERSION_MINOR=0 CARGO_PKG_VERSION_PATCH=98 CARGO_PKG_VERSION_PRE='' LD_LIBRARY_PATH='/app/target/cpython-strict/build/primp-0.15.0/target/release/deps:/app/target/cpython-strict/host-tools/rustup/toolchains/nightly-2025-01-18-x86_64-unknown-linux-gnu/lib:/opt/kendryte-toolchain/bin/:' /app/target/cpython-strict/host-tools/rustup/toolchains/nightly-2025-01-18-x86_64-unknown-linux-gnu/bin/rustc --crate-name build_script_build --edition=2018 /app/target/cpython-strict/host-tools/cargo/registry/src/index.crates.io-1949cf8c6b5b557f/anyhow-1.0.98/build.rs --error-format=json --json=diagnostic-rendered-ansi,artifacts,future-incompat --crate-type bin --emit=dep-info,link -C embed-bitcode=no -C debug-assertions=off --cfg 'feature="default"' --cfg 'feature="std"' --check-cfg 'cfg(docsrs,test)' --check-cfg 'cfg(feature, values("backtrace", "default", "std"))' -C metadata=a14f788085a83cc4 -C extra-filename=-fb16eced45ca9511 --out-dir /app/target/cpython-strict/build/primp-0.15.0/target/release/build/anyhow-fb16eced45ca9511 -C strip=symbols -L dependency=/app/target/cpython-strict/build/primp-0.15.0/target/release/deps --cap-lints warn`
   Compiling futures-task v0.3.31
     Running `CARGO=/app/target/cpython-strict/host-tools/rustup/toolchains/nightly-2025-01-18-x86_64-unknown-linux-gnu/bin/cargo CARGO_CRATE_NAME=futures_task CARGO_MANIFEST_DIR=/app/target/cpython-strict/host-tools/cargo/registry/src/index.crates.io-1949cf8c6b5b557f/futures-task-0.3.31 CARGO_MANIFEST_PATH=/app/target/cpython-strict/host-tools/cargo/registry/src/index.crates.io-1949cf8c6b5b557f/futures-task-0.3.31/Cargo.toml CARGO_PKG_AUTHORS='' CARGO_PKG_DESCRIPTION='Tools for working with tasks.
' CARGO_PKG_HOMEPAGE='https://rust-lang.github.io/futures-rs' CARGO_PKG_LICENSE='MIT OR Apache-2.0' CARGO_PKG_LICENSE_FILE='' CARGO_PKG_NAME=futures-task CARGO_PKG_README=README.md CARGO_PKG_REPOSITORY='https://github.com/rust-lang/futures-rs' CARGO_PKG_RUST_VERSION=1.56 CARGO_PKG_VERSION=0.3.31 CARGO_PKG_VERSION_MAJOR=0 CARGO_PKG_VERSION_MINOR=3 CARGO_PKG_VERSION_PATCH=31 CARGO_PKG_VERSION_PRE='' LD_LIBRARY_PATH='/app/target/cpython-strict/build/primp-0.15.0/target/release/deps:/app/target/cpython-strict/host-tools/rustup/toolchains/nightly-2025-01-18-x86_64-unknown-linux-gnu/lib:/opt/kendryte-toolchain/bin/:' /app/target/cpython-strict/host-tools/rustup/toolchains/nightly-2025-01-18-x86_64-unknown-linux-gnu/bin/rustc --crate-name futures_task --edition=2018 /app/target/cpython-strict/host-tools/cargo/registry/src/index.crates.io-1949cf8c6b5b557f/futures-task-0.3.31/src/lib.rs --error-format=json --json=diagnostic-rendered-ansi,artifacts,future-incompat --crate-type lib --emit=dep-info,metadata,link -C opt-level=3 -C panic=abort -C linker-plugin-lto -C codegen-units=1 --warn=unreachable_pub --warn=unexpected_cfgs --warn=single_use_lifetimes --warn=rust_2018_idioms --warn=missing_debug_implementations --check-cfg 'cfg(futures_sanitizer)' --cfg 'feature="alloc"' --check-cfg 'cfg(docsrs,test)' --check-cfg 'cfg(feature, values("alloc", "cfg-target-has-atomic", "default", "std", "unstable"))' -C metadata=23009393c4101120 -C extra-filename=-e6ee0685bfd1d1c4 --out-dir /app/target/cpython-strict/build/primp-0.15.0/target/loongarch64-unknown-linux-musl/release/deps --target loongarch64-unknown-linux-musl -C linker=/app/target/cpython-strict/cross/loongarch64-linux-musl-gcc -C strip=symbols -L dependency=/app/target/cpython-strict/build/primp-0.15.0/target/loongarch64-unknown-linux-musl/release/deps -L dependency=/app/target/cpython-strict/build/primp-0.15.0/target/release/deps --cap-lints warn -C target-feature=-ual -C target-feature=-crt-static`
warning: `powerfmt` (lib) generated 4 warnings (1 duplicate)
   Compiling getrandom v0.3.2
     Running `CARGO=/app/target/cpython-strict/host-tools/rustup/toolchains/nightly-2025-01-18-x86_64-unknown-linux-gnu/bin/cargo CARGO_CRATE_NAME=build_script_build CARGO_MANIFEST_DIR=/app/target/cpython-strict/host-tools/cargo/registry/src/index.crates.io-1949cf8c6b5b557f/getrandom-0.3.2 CARGO_MANIFEST_PATH=/app/target/cpython-strict/host-tools/cargo/registry/src/index.crates.io-1949cf8c6b5b557f/getrandom-0.3.2/Cargo.toml CARGO_PKG_AUTHORS='The Rand Project Developers' CARGO_PKG_DESCRIPTION='A small cross-platform library for retrieving random data from system source' CARGO_PKG_HOMEPAGE='' CARGO_PKG_LICENSE='MIT OR Apache-2.0' CARGO_PKG_LICENSE_FILE='' CARGO_PKG_NAME=getrandom CARGO_PKG_README=README.md CARGO_PKG_REPOSITORY='https://github.com/rust-random/getrandom' CARGO_PKG_RUST_VERSION=1.63 CARGO_PKG_VERSION=0.3.2 CARGO_PKG_VERSION_MAJOR=0 CARGO_PKG_VERSION_MINOR=3 CARGO_PKG_VERSION_PATCH=2 CARGO_PKG_VERSION_PRE='' LD_LIBRARY_PATH='/app/target/cpython-strict/build/primp-0.15.0/target/release/deps:/app/target/cpython-strict/host-tools/rustup/toolchains/nightly-2025-01-18-x86_64-unknown-linux-gnu/lib:/opt/kendryte-toolchain/bin/:' /app/target/cpython-strict/host-tools/rustup/toolchains/nightly-2025-01-18-x86_64-unknown-linux-gnu/bin/rustc --crate-name build_script_build --edition=2021 /app/target/cpython-strict/host-tools/cargo/registry/src/index.crates.io-1949cf8c6b5b557f/getrandom-0.3.2/build.rs --error-format=json --json=diagnostic-rendered-ansi,artifacts,future-incompat --crate-type bin --emit=dep-info,link -C embed-bitcode=no --warn=unexpected_cfgs --check-cfg 'cfg(getrandom_backend, values("custom", "efi_rng", "rdrand", "rndr", "linux_getrandom", "linux_raw", "wasm_js"))' --check-cfg 'cfg(getrandom_msan)' --check-cfg 'cfg(getrandom_windows_legacy)' --check-cfg 'cfg(getrandom_test_linux_fallback)' --check-cfg 'cfg(getrandom_test_linux_without_fallback)' --check-cfg 'cfg(getrandom_test_netbsd_fallback)' --check-cfg 'cfg(target_os, values("cygwin"))' -C debug-assertions=off --cfg 'feature="std"' --check-cfg 'cfg(docsrs,test)' --check-cfg 'cfg(feature, values("rustc-dep-of-std", "std", "wasm_js"))' -C metadata=89973fea3ed2cc65 -C extra-filename=-79c447c6426833cf --out-dir /app/target/cpython-strict/build/primp-0.15.0/target/release/build/getrandom-79c447c6426833cf -C strip=symbols -L dependency=/app/target/cpython-strict/build/primp-0.15.0/target/release/deps --cap-lints warn`
warning: `once_cell` (lib) generated 1 warning (1 duplicate)
   Compiling zstd-safe v7.2.4
     Running `CARGO=/app/target/cpython-strict/host-tools/rustup/toolchains/nightly-2025-01-18-x86_64-unknown-linux-gnu/bin/cargo CARGO_CRATE_NAME=build_script_build CARGO_MANIFEST_DIR=/app/target/cpython-strict/host-tools/cargo/registry/src/index.crates.io-1949cf8c6b5b557f/zstd-safe-7.2.4 CARGO_MANIFEST_PATH=/app/target/cpython-strict/host-tools/cargo/registry/src/index.crates.io-1949cf8c6b5b557f/zstd-safe-7.2.4/Cargo.toml CARGO_PKG_AUTHORS='Alexandre Bury <alexandre.bury@gmail.com>' CARGO_PKG_DESCRIPTION='Safe low-level bindings for the zstd compression library.' CARGO_PKG_HOMEPAGE='' CARGO_PKG_LICENSE='MIT OR Apache-2.0' CARGO_PKG_LICENSE_FILE='' CARGO_PKG_NAME=zstd-safe CARGO_PKG_README=Readme.md CARGO_PKG_REPOSITORY='https://github.com/gyscos/zstd-rs' CARGO_PKG_RUST_VERSION=1.64 CARGO_PKG_VERSION=7.2.4 CARGO_PKG_VERSION_MAJOR=7 CARGO_PKG_VERSION_MINOR=2 CARGO_PKG_VERSION_PATCH=4 CARGO_PKG_VERSION_PRE='' LD_LIBRARY_PATH='/app/target/cpython-strict/build/primp-0.15.0/target/release/deps:/app/target/cpython-strict/host-tools/rustup/toolchains/nightly-2025-01-18-x86_64-unknown-linux-gnu/lib:/opt/kendryte-toolchain/bin/:' /app/target/cpython-strict/host-tools/rustup/toolchains/nightly-2025-01-18-x86_64-unknown-linux-gnu/bin/rustc --crate-name build_script_build --edition=2018 /app/target/cpython-strict/host-tools/cargo/registry/src/index.crates.io-1949cf8c6b5b557f/zstd-safe-7.2.4/build.rs --error-format=json --json=diagnostic-rendered-ansi,artifacts,future-incompat --crate-type bin --emit=dep-info,link -C embed-bitcode=no --allow=non_upper_case_globals -C debug-assertions=off --cfg 'feature="arrays"' --cfg 'feature="legacy"' --cfg 'feature="std"' --cfg 'feature="zdict_builder"' --check-cfg 'cfg(docsrs,test)' --check-cfg 'cfg(feature, values("arrays", "bindgen", "debug", "default", "doc-cfg", "experimental", "fat-lto", "legacy", "no_asm", "pkg-config", "seekable", "std", "thin", "thin-lto", "zdict_builder", "zstdmt"))' -C metadata=8ad00cfac4e5a6c0 -C extra-filename=-c9b49febf710ec64 --out-dir /app/target/cpython-strict/build/primp-0.15.0/target/release/build/zstd-safe-c9b49febf710ec64 -C strip=symbols -L dependency=/app/target/cpython-strict/build/primp-0.15.0/target/release/deps --cap-lints warn`
warning: `http` (lib) generated 1 warning (1 duplicate)
   Compiling zerocopy v0.8.24
     Running `CARGO=/app/target/cpython-strict/host-tools/rustup/toolchains/nightly-2025-01-18-x86_64-unknown-linux-gnu/bin/cargo CARGO_CRATE_NAME=build_script_build CARGO_MANIFEST_DIR=/app/target/cpython-strict/host-tools/cargo/registry/src/index.crates.io-1949cf8c6b5b557f/zerocopy-0.8.24 CARGO_MANIFEST_PATH=/app/target/cpython-strict/host-tools/cargo/registry/src/index.crates.io-1949cf8c6b5b557f/zerocopy-0.8.24/Cargo.toml CARGO_PKG_AUTHORS='Joshua Liebow-Feeser <joshlf@google.com>:Jack Wrenn <jswrenn@amazon.com>' CARGO_PKG_DESCRIPTION='Zerocopy makes zero-cost memory manipulation effortless. We write "unsafe" so you don'\''t have to.' CARGO_PKG_HOMEPAGE='' CARGO_PKG_LICENSE='BSD-2-Clause OR Apache-2.0 OR MIT' CARGO_PKG_LICENSE_FILE='' CARGO_PKG_NAME=zerocopy CARGO_PKG_README=README.md CARGO_PKG_REPOSITORY='https://github.com/google/zerocopy' CARGO_PKG_RUST_VERSION=1.56.0 CARGO_PKG_VERSION=0.8.24 CARGO_PKG_VERSION_MAJOR=0 CARGO_PKG_VERSION_MINOR=8 CARGO_PKG_VERSION_PATCH=24 CARGO_PKG_VERSION_PRE='' LD_LIBRARY_PATH='/app/target/cpython-strict/build/primp-0.15.0/target/release/deps:/app/target/cpython-strict/host-tools/rustup/toolchains/nightly-2025-01-18-x86_64-unknown-linux-gnu/lib:/opt/kendryte-toolchain/bin/:' /app/target/cpython-strict/host-tools/rustup/toolchains/nightly-2025-01-18-x86_64-unknown-linux-gnu/bin/rustc --crate-name build_script_build --edition=2021 /app/target/cpython-strict/host-tools/cargo/registry/src/index.crates.io-1949cf8c6b5b557f/zerocopy-0.8.24/build.rs --error-format=json --json=diagnostic-rendered-ansi,artifacts,future-incompat --crate-type bin --emit=dep-info,link -C embed-bitcode=no -C debug-assertions=off --cfg 'feature="simd"' --check-cfg 'cfg(docsrs,test)' --check-cfg 'cfg(feature, values("__internal_use_only_features_that_work_on_stable", "alloc", "derive", "float-nightly", "simd", "simd-nightly", "std", "zerocopy-derive"))' -C metadata=e70731113adc0aeb -C extra-filename=-04f5c19eeb10842f --out-dir /app/target/cpython-strict/build/primp-0.15.0/target/release/build/zerocopy-04f5c19eeb10842f -C strip=symbols -L dependency=/app/target/cpython-strict/build/primp-0.15.0/target/release/deps --cap-lints warn`
   Compiling tinystr v0.7.6
     Running `CARGO=/app/target/cpython-strict/host-tools/rustup/toolchains/nightly-2025-01-18-x86_64-unknown-linux-gnu/bin/cargo CARGO_CRATE_NAME=tinystr CARGO_MANIFEST_DIR=/app/target/cpython-strict/host-tools/cargo/registry/src/index.crates.io-1949cf8c6b5b557f/tinystr-0.7.6 CARGO_MANIFEST_PATH=/app/target/cpython-strict/host-tools/cargo/registry/src/index.crates.io-1949cf8c6b5b557f/tinystr-0.7.6/Cargo.toml CARGO_PKG_AUTHORS='The ICU4X Project Developers' CARGO_PKG_DESCRIPTION='A small ASCII-only bounded length string representation.' CARGO_PKG_HOMEPAGE='' CARGO_PKG_LICENSE=Unicode-3.0 CARGO_PKG_LICENSE_FILE='' CARGO_PKG_NAME=tinystr CARGO_PKG_README=README.md CARGO_PKG_REPOSITORY='https://github.com/unicode-org/icu4x' CARGO_PKG_RUST_VERSION=1.67 CARGO_PKG_VERSION=0.7.6 CARGO_PKG_VERSION_MAJOR=0 CARGO_PKG_VERSION_MINOR=7 CARGO_PKG_VERSION_PATCH=6 CARGO_PKG_VERSION_PRE='' LD_LIBRARY_PATH='/app/target/cpython-strict/build/primp-0.15.0/target/release/deps:/app/target/cpython-strict/host-tools/rustup/toolchains/nightly-2025-01-18-x86_64-unknown-linux-gnu/lib:/opt/kendryte-toolchain/bin/:' /app/target/cpython-strict/host-tools/rustup/toolchains/nightly-2025-01-18-x86_64-unknown-linux-gnu/bin/rustc --crate-name tinystr --edition=2021 /app/target/cpython-strict/host-tools/cargo/registry/src/index.crates.io-1949cf8c6b5b557f/tinystr-0.7.6/src/lib.rs --error-format=json --json=diagnostic-rendered-ansi,artifacts,future-incompat --crate-type lib --emit=dep-info,metadata,link -C opt-level=3 -C panic=abort -C linker-plugin-lto -C codegen-units=1 --cfg 'feature="alloc"' --cfg 'feature="zerovec"' --check-cfg 'cfg(docsrs,test)' --check-cfg 'cfg(feature, values("alloc", "bench", "databake", "default", "serde", "std", "zerovec"))' -C metadata=036f8c9064165721 -C extra-filename=-4bd486d607ea2626 --out-dir /app/target/cpython-strict/build/primp-0.15.0/target/loongarch64-unknown-linux-musl/release/deps --target loongarch64-unknown-linux-musl -C linker=/app/target/cpython-strict/cross/loongarch64-linux-musl-gcc -C strip=symbols -L dependency=/app/target/cpython-strict/build/primp-0.15.0/target/loongarch64-unknown-linux-musl/release/deps -L dependency=/app/target/cpython-strict/build/primp-0.15.0/target/release/deps --extern displaydoc=/app/target/cpython-strict/build/primp-0.15.0/target/release/deps/libdisplaydoc-79a507322597fbb7.so --extern zerovec=/app/target/cpython-strict/build/primp-0.15.0/target/loongarch64-unknown-linux-musl/release/deps/libzerovec-242002c21e466685.rmeta --cap-lints warn -C target-feature=-ual -C target-feature=-crt-static`
warning: `futures-task` (lib) generated 1 warning (1 duplicate)
   Compiling icu_collections v1.5.0
     Running `CARGO=/app/target/cpython-strict/host-tools/rustup/toolchains/nightly-2025-01-18-x86_64-unknown-linux-gnu/bin/cargo CARGO_CRATE_NAME=icu_collections CARGO_MANIFEST_DIR=/app/target/cpython-strict/host-tools/cargo/registry/src/index.crates.io-1949cf8c6b5b557f/icu_collections-1.5.0 CARGO_MANIFEST_PATH=/app/target/cpython-strict/host-tools/cargo/registry/src/index.crates.io-1949cf8c6b5b557f/icu_collections-1.5.0/Cargo.toml CARGO_PKG_AUTHORS='The ICU4X Project Developers' CARGO_PKG_DESCRIPTION='Collection of API for use in ICU libraries.' CARGO_PKG_HOMEPAGE='https://icu4x.unicode.org' CARGO_PKG_LICENSE=Unicode-3.0 CARGO_PKG_LICENSE_FILE='' CARGO_PKG_NAME=icu_collections CARGO_PKG_README=README.md CARGO_PKG_REPOSITORY='https://github.com/unicode-org/icu4x' CARGO_PKG_RUST_VERSION=1.67 CARGO_PKG_VERSION=1.5.0 CARGO_PKG_VERSION_MAJOR=1 CARGO_PKG_VERSION_MINOR=5 CARGO_PKG_VERSION_PATCH=0 CARGO_PKG_VERSION_PRE='' LD_LIBRARY_PATH='/app/target/cpython-strict/build/primp-0.15.0/target/release/deps:/app/target/cpython-strict/host-tools/rustup/toolchains/nightly-2025-01-18-x86_64-unknown-linux-gnu/lib:/opt/kendryte-toolchain/bin/:' /app/target/cpython-strict/host-tools/rustup/toolchains/nightly-2025-01-18-x86_64-unknown-linux-gnu/bin/rustc --crate-name icu_collections --edition=2021 /app/target/cpython-strict/host-tools/cargo/registry/src/index.crates.io-1949cf8c6b5b557f/icu_collections-1.5.0/src/lib.rs --error-format=json --json=diagnostic-rendered-ansi,artifacts,future-incompat --crate-type lib --emit=dep-info,metadata,link -C opt-level=3 -C panic=abort -C linker-plugin-lto -C codegen-units=1 --check-cfg 'cfg(docsrs,test)' --check-cfg 'cfg(feature, values("bench", "databake", "serde", "std"))' -C metadata=9cfe5f3fbb2875f9 -C extra-filename=-e38625debaf27534 --out-dir /app/target/cpython-strict/build/primp-0.15.0/target/loongarch64-unknown-linux-musl/release/deps --target loongarch64-unknown-linux-musl -C linker=/app/target/cpython-strict/cross/loongarch64-linux-musl-gcc -C strip=symbols -L dependency=/app/target/cpython-strict/build/primp-0.15.0/target/loongarch64-unknown-linux-musl/release/deps -L dependency=/app/target/cpython-strict/build/primp-0.15.0/target/release/deps --extern displaydoc=/app/target/cpython-strict/build/primp-0.15.0/target/release/deps/libdisplaydoc-79a507322597fbb7.so --extern yoke=/app/target/cpython-strict/build/primp-0.15.0/target/loongarch64-unknown-linux-musl/release/deps/libyoke-0e1d747cb3390c61.rmeta --extern zerofrom=/app/target/cpython-strict/build/primp-0.15.0/target/loongarch64-unknown-linux-musl/release/deps/libzerofrom-5bc1b0a558c71dd6.rmeta --extern zerovec=/app/target/cpython-strict/build/primp-0.15.0/target/loongarch64-unknown-linux-musl/release/deps/libzerovec-242002c21e466685.rmeta --cap-lints warn -C target-feature=-ual -C target-feature=-crt-static`
warning: `zerovec` (lib) generated 2 warnings (1 duplicate)
   Compiling version_check v0.9.5
     Running `CARGO=/app/target/cpython-strict/host-tools/rustup/toolchains/nightly-2025-01-18-x86_64-unknown-linux-gnu/bin/cargo CARGO_CRATE_NAME=version_check CARGO_MANIFEST_DIR=/app/target/cpython-strict/host-tools/cargo/registry/src/index.crates.io-1949cf8c6b5b557f/version_check-0.9.5 CARGO_MANIFEST_PATH=/app/target/cpython-strict/host-tools/cargo/registry/src/index.crates.io-1949cf8c6b5b557f/version_check-0.9.5/Cargo.toml CARGO_PKG_AUTHORS='Sergio Benitez <sb@sergio.bz>' CARGO_PKG_DESCRIPTION='Tiny crate to check the version of the installed/running rustc.' CARGO_PKG_HOMEPAGE='' CARGO_PKG_LICENSE=MIT/Apache-2.0 CARGO_PKG_LICENSE_FILE='' CARGO_PKG_NAME=version_check CARGO_PKG_README=README.md CARGO_PKG_REPOSITORY='https://github.com/SergioBenitez/version_check' CARGO_PKG_RUST_VERSION='' CARGO_PKG_VERSION=0.9.5 CARGO_PKG_VERSION_MAJOR=0 CARGO_PKG_VERSION_MINOR=9 CARGO_PKG_VERSION_PATCH=5 CARGO_PKG_VERSION_PRE='' LD_LIBRARY_PATH='/app/target/cpython-strict/build/primp-0.15.0/target/release/deps:/app/target/cpython-strict/host-tools/rustup/toolchains/nightly-2025-01-18-x86_64-unknown-linux-gnu/lib:/opt/kendryte-toolchain/bin/:' /app/target/cpython-strict/host-tools/rustup/toolchains/nightly-2025-01-18-x86_64-unknown-linux-gnu/bin/rustc --crate-name version_check --edition=2015 /app/target/cpython-strict/host-tools/cargo/registry/src/index.crates.io-1949cf8c6b5b557f/version_check-0.9.5/src/lib.rs --error-format=json --json=diagnostic-rendered-ansi,artifacts,future-incompat --crate-type lib --emit=dep-info,metadata,link -C embed-bitcode=no -C debug-assertions=off --check-cfg 'cfg(docsrs,test)' --check-cfg 'cfg(feature, values())' -C metadata=9d0f88734f8d0ba0 -C extra-filename=-a52364eda26712a9 --out-dir /app/target/cpython-strict/build/primp-0.15.0/target/release/deps -C strip=symbols -L dependency=/app/target/cpython-strict/build/primp-0.15.0/target/release/deps --cap-lints warn`
   Compiling num-conv v0.1.0
     Running `CARGO=/app/target/cpython-strict/host-tools/rustup/toolchains/nightly-2025-01-18-x86_64-unknown-linux-gnu/bin/cargo CARGO_CRATE_NAME=num_conv CARGO_MANIFEST_DIR=/app/target/cpython-strict/host-tools/cargo/registry/src/index.crates.io-1949cf8c6b5b557f/num-conv-0.1.0 CARGO_MANIFEST_PATH=/app/target/cpython-strict/host-tools/cargo/registry/src/index.crates.io-1949cf8c6b5b557f/num-conv-0.1.0/Cargo.toml CARGO_PKG_AUTHORS='Jacob Pratt <jacob@jhpratt.dev>' CARGO_PKG_DESCRIPTION='`num_conv` is a crate to convert between integer types without using `as` casts. This provides
better certainty when refactoring, makes the exact behavior of code more explicit, and allows using
turbofish syntax.
' CARGO_PKG_HOMEPAGE='' CARGO_PKG_LICENSE='MIT OR Apache-2.0' CARGO_PKG_LICENSE_FILE='' CARGO_PKG_NAME=num-conv CARGO_PKG_README=README.md CARGO_PKG_REPOSITORY='https://github.com/jhpratt/num-conv' CARGO_PKG_RUST_VERSION=1.57.0 CARGO_PKG_VERSION=0.1.0 CARGO_PKG_VERSION_MAJOR=0 CARGO_PKG_VERSION_MINOR=1 CARGO_PKG_VERSION_PATCH=0 CARGO_PKG_VERSION_PRE='' LD_LIBRARY_PATH='/app/target/cpython-strict/build/primp-0.15.0/target/release/deps:/app/target/cpython-strict/host-tools/rustup/toolchains/nightly-2025-01-18-x86_64-unknown-linux-gnu/lib:/opt/kendryte-toolchain/bin/:' /app/target/cpython-strict/host-tools/rustup/toolchains/nightly-2025-01-18-x86_64-unknown-linux-gnu/bin/rustc --crate-name num_conv --edition=2021 /app/target/cpython-strict/host-tools/cargo/registry/src/index.crates.io-1949cf8c6b5b557f/num-conv-0.1.0/src/lib.rs --error-format=json --json=diagnostic-rendered-ansi,artifacts,future-incompat --crate-type lib --emit=dep-info,metadata,link -C embed-bitcode=no --warn=unused --warn=unreachable-pub '--deny=clippy::std-instead-of-core' --warn=missing-docs '--deny=clippy::alloc-instead-of-core' -C debug-assertions=off --check-cfg 'cfg(docsrs,test)' --check-cfg 'cfg(feature, values())' -C metadata=1fe9a52cf36bda72 -C extra-filename=-2426488783ffaf59 --out-dir /app/target/cpython-strict/build/primp-0.15.0/target/release/deps -C strip=symbols -L dependency=/app/target/cpython-strict/build/primp-0.15.0/target/release/deps --cap-lints warn`
   Compiling heck v0.5.0
     Running `CARGO=/app/target/cpython-strict/host-tools/rustup/toolchains/nightly-2025-01-18-x86_64-unknown-linux-gnu/bin/cargo CARGO_CRATE_NAME=heck CARGO_MANIFEST_DIR=/app/target/cpython-strict/host-tools/cargo/registry/src/index.crates.io-1949cf8c6b5b557f/heck-0.5.0 CARGO_MANIFEST_PATH=/app/target/cpython-strict/host-tools/cargo/registry/src/index.crates.io-1949cf8c6b5b557f/heck-0.5.0/Cargo.toml CARGO_PKG_AUTHORS='' CARGO_PKG_DESCRIPTION='heck is a case conversion library.' CARGO_PKG_HOMEPAGE='' CARGO_PKG_LICENSE='MIT OR Apache-2.0' CARGO_PKG_LICENSE_FILE='' CARGO_PKG_NAME=heck CARGO_PKG_README=README.md CARGO_PKG_REPOSITORY='https://github.com/withoutboats/heck' CARGO_PKG_RUST_VERSION=1.56 CARGO_PKG_VERSION=0.5.0 CARGO_PKG_VERSION_MAJOR=0 CARGO_PKG_VERSION_MINOR=5 CARGO_PKG_VERSION_PATCH=0 CARGO_PKG_VERSION_PRE='' LD_LIBRARY_PATH='/app/target/cpython-strict/build/primp-0.15.0/target/release/deps:/app/target/cpython-strict/host-tools/rustup/toolchains/nightly-2025-01-18-x86_64-unknown-linux-gnu/lib:/opt/kendryte-toolchain/bin/:' /app/target/cpython-strict/host-tools/rustup/toolchains/nightly-2025-01-18-x86_64-unknown-linux-gnu/bin/rustc --crate-name heck --edition=2021 /app/target/cpython-strict/host-tools/cargo/registry/src/index.crates.io-1949cf8c6b5b557f/heck-0.5.0/src/lib.rs --error-format=json --json=diagnostic-rendered-ansi,artifacts,future-incompat --crate-type lib --emit=dep-info,metadata,link -C embed-bitcode=no -C debug-assertions=off --check-cfg 'cfg(docsrs,test)' --check-cfg 'cfg(feature, values())' -C metadata=6247c8ff34cd0597 -C extra-filename=-4ceb96074c1762e1 --out-dir /app/target/cpython-strict/build/primp-0.15.0/target/release/deps -C strip=symbols -L dependency=/app/target/cpython-strict/build/primp-0.15.0/target/release/deps --cap-lints warn`
   Compiling icu_locid v1.5.0
     Running `CARGO=/app/target/cpython-strict/host-tools/rustup/toolchains/nightly-2025-01-18-x86_64-unknown-linux-gnu/bin/cargo CARGO_CRATE_NAME=icu_locid CARGO_MANIFEST_DIR=/app/target/cpython-strict/host-tools/cargo/registry/src/index.crates.io-1949cf8c6b5b557f/icu_locid-1.5.0 CARGO_MANIFEST_PATH=/app/target/cpython-strict/host-tools/cargo/registry/src/index.crates.io-1949cf8c6b5b557f/icu_locid-1.5.0/Cargo.toml CARGO_PKG_AUTHORS='The ICU4X Project Developers' CARGO_PKG_DESCRIPTION='API for managing Unicode Language and Locale Identifiers' CARGO_PKG_HOMEPAGE='https://icu4x.unicode.org' CARGO_PKG_LICENSE=Unicode-3.0 CARGO_PKG_LICENSE_FILE='' CARGO_PKG_NAME=icu_locid CARGO_PKG_README=README.md CARGO_PKG_REPOSITORY='https://github.com/unicode-org/icu4x' CARGO_PKG_RUST_VERSION=1.67 CARGO_PKG_VERSION=1.5.0 CARGO_PKG_VERSION_MAJOR=1 CARGO_PKG_VERSION_MINOR=5 CARGO_PKG_VERSION_PATCH=0 CARGO_PKG_VERSION_PRE='' LD_LIBRARY_PATH='/app/target/cpython-strict/build/primp-0.15.0/target/release/deps:/app/target/cpython-strict/host-tools/rustup/toolchains/nightly-2025-01-18-x86_64-unknown-linux-gnu/lib:/opt/kendryte-toolchain/bin/:' /app/target/cpython-strict/host-tools/rustup/toolchains/nightly-2025-01-18-x86_64-unknown-linux-gnu/bin/rustc --crate-name icu_locid --edition=2021 /app/target/cpython-strict/host-tools/cargo/registry/src/index.crates.io-1949cf8c6b5b557f/icu_locid-1.5.0/src/lib.rs --error-format=json --json=diagnostic-rendered-ansi,artifacts,future-incompat --crate-type lib --emit=dep-info,metadata,link -C opt-level=3 -C panic=abort -C linker-plugin-lto -C codegen-units=1 --cfg 'feature="zerovec"' --check-cfg 'cfg(docsrs,test)' --check-cfg 'cfg(feature, values("bench", "databake", "serde", "std", "zerovec"))' -C metadata=6f44a6b23f802715 -C extra-filename=-2c83bccc3529aebb --out-dir /app/target/cpython-strict/build/primp-0.15.0/target/loongarch64-unknown-linux-musl/release/deps --target loongarch64-unknown-linux-musl -C linker=/app/target/cpython-strict/cross/loongarch64-linux-musl-gcc -C strip=symbols -L dependency=/app/target/cpython-strict/build/primp-0.15.0/target/loongarch64-unknown-linux-musl/release/deps -L dependency=/app/target/cpython-strict/build/primp-0.15.0/target/release/deps --extern displaydoc=/app/target/cpython-strict/build/primp-0.15.0/target/release/deps/libdisplaydoc-79a507322597fbb7.so --extern litemap=/app/target/cpython-strict/build/primp-0.15.0/target/loongarch64-unknown-linux-musl/release/deps/liblitemap-f65074df4a8136dd.rmeta --extern tinystr=/app/target/cpython-strict/build/primp-0.15.0/target/loongarch64-unknown-linux-musl/release/deps/libtinystr-4bd486d607ea2626.rmeta --extern writeable=/app/target/cpython-strict/build/primp-0.15.0/target/loongarch64-unknown-linux-musl/release/deps/libwriteable-faafe5d3af746b37.rmeta --extern zerovec=/app/target/cpython-strict/build/primp-0.15.0/target/loongarch64-unknown-linux-musl/release/deps/libzerovec-242002c21e466685.rmeta --cap-lints warn -C target-feature=-ual -C target-feature=-crt-static`
warning: `tinystr` (lib) generated 1 warning (1 duplicate)
   Compiling alloc-no-stdlib v2.0.4
     Running `CARGO=/app/target/cpython-strict/host-tools/rustup/toolchains/nightly-2025-01-18-x86_64-unknown-linux-gnu/bin/cargo CARGO_CRATE_NAME=alloc_no_stdlib CARGO_MANIFEST_DIR=/app/target/cpython-strict/host-tools/cargo/registry/src/index.crates.io-1949cf8c6b5b557f/alloc-no-stdlib-2.0.4 CARGO_MANIFEST_PATH=/app/target/cpython-strict/host-tools/cargo/registry/src/index.crates.io-1949cf8c6b5b557f/alloc-no-stdlib-2.0.4/Cargo.toml CARGO_PKG_AUTHORS='Daniel Reiter Horn <danielrh@dropbox.com>' CARGO_PKG_DESCRIPTION='A dynamic allocator that may be used with or without the stdlib. This allows a package with nostd to allocate memory dynamically and be used either with a custom allocator, items on the stack, or by a package that wishes to simply use Box<>. It also provides options to use calloc or a mutable global variable for pre-zeroed memory' CARGO_PKG_HOMEPAGE='https://github.com/dropbox/rust-alloc-no-stdlib' CARGO_PKG_LICENSE=BSD-3-Clause CARGO_PKG_LICENSE_FILE='' CARGO_PKG_NAME=alloc-no-stdlib CARGO_PKG_README=README.md CARGO_PKG_REPOSITORY='https://github.com/dropbox/rust-alloc-no-stdlib' CARGO_PKG_RUST_VERSION='' CARGO_PKG_VERSION=2.0.4 CARGO_PKG_VERSION_MAJOR=2 CARGO_PKG_VERSION_MINOR=0 CARGO_PKG_VERSION_PATCH=4 CARGO_PKG_VERSION_PRE='' LD_LIBRARY_PATH='/app/target/cpython-strict/build/primp-0.15.0/target/release/deps:/app/target/cpython-strict/host-tools/rustup/toolchains/nightly-2025-01-18-x86_64-unknown-linux-gnu/lib:/opt/kendryte-toolchain/bin/:' /app/target/cpython-strict/host-tools/rustup/toolchains/nightly-2025-01-18-x86_64-unknown-linux-gnu/bin/rustc --crate-name alloc_no_stdlib --edition=2015 /app/target/cpython-strict/host-tools/cargo/registry/src/index.crates.io-1949cf8c6b5b557f/alloc-no-stdlib-2.0.4/src/lib.rs --error-format=json --json=diagnostic-rendered-ansi,artifacts,future-incompat --crate-type lib --emit=dep-info,metadata,link -C opt-level=3 -C panic=abort -C linker-plugin-lto -C codegen-units=1 --check-cfg 'cfg(docsrs,test)' --check-cfg 'cfg(feature, values("unsafe"))' -C metadata=6807e1252a3c130f -C extra-filename=-d9df55b40edf87bc --out-dir /app/target/cpython-strict/build/primp-0.15.0/target/loongarch64-unknown-linux-musl/release/deps --target loongarch64-unknown-linux-musl -C linker=/app/target/cpython-strict/cross/loongarch64-linux-musl-gcc -C strip=symbols -L dependency=/app/target/cpython-strict/build/primp-0.15.0/target/loongarch64-unknown-linux-musl/release/deps -L dependency=/app/target/cpython-strict/build/primp-0.15.0/target/release/deps --cap-lints warn -C target-feature=-ual -C target-feature=-crt-static`
   Compiling indexmap v2.9.0
     Running `CARGO=/app/target/cpython-strict/host-tools/rustup/toolchains/nightly-2025-01-18-x86_64-unknown-linux-gnu/bin/cargo CARGO_CRATE_NAME=indexmap CARGO_MANIFEST_DIR=/app/target/cpython-strict/host-tools/cargo/registry/src/index.crates.io-1949cf8c6b5b557f/indexmap-2.9.0 CARGO_MANIFEST_PATH=/app/target/cpython-strict/host-tools/cargo/registry/src/index.crates.io-1949cf8c6b5b557f/indexmap-2.9.0/Cargo.toml CARGO_PKG_AUTHORS='' CARGO_PKG_DESCRIPTION='A hash table with consistent order and fast iteration.' CARGO_PKG_HOMEPAGE='' CARGO_PKG_LICENSE='Apache-2.0 OR MIT' CARGO_PKG_LICENSE_FILE='' CARGO_PKG_NAME=indexmap CARGO_PKG_README=README.md CARGO_PKG_REPOSITORY='https://github.com/indexmap-rs/indexmap' CARGO_PKG_RUST_VERSION=1.63 CARGO_PKG_VERSION=2.9.0 CARGO_PKG_VERSION_MAJOR=2 CARGO_PKG_VERSION_MINOR=9 CARGO_PKG_VERSION_PATCH=0 CARGO_PKG_VERSION_PRE='' LD_LIBRARY_PATH='/app/target/cpython-strict/build/primp-0.15.0/target/release/deps:/app/target/cpython-strict/host-tools/rustup/toolchains/nightly-2025-01-18-x86_64-unknown-linux-gnu/lib:/opt/kendryte-toolchain/bin/:' /app/target/cpython-strict/host-tools/rustup/toolchains/nightly-2025-01-18-x86_64-unknown-linux-gnu/bin/rustc --crate-name indexmap --edition=2021 /app/target/cpython-strict/host-tools/cargo/registry/src/index.crates.io-1949cf8c6b5b557f/indexmap-2.9.0/src/lib.rs --error-format=json --json=diagnostic-rendered-ansi,artifacts,future-incompat --crate-type lib --emit=dep-info,metadata,link -C opt-level=3 -C panic=abort -C linker-plugin-lto -C codegen-units=1 '--allow=clippy::style' --cfg 'feature="default"' --cfg 'feature="serde"' --cfg 'feature="std"' --check-cfg 'cfg(docsrs,test)' --check-cfg 'cfg(feature, values("arbitrary", "borsh", "default", "quickcheck", "rayon", "serde", "std", "test_debug"))' -C metadata=6188805ffecd835b -C extra-filename=-3fc938989565c5db --out-dir /app/target/cpython-strict/build/primp-0.15.0/target/loongarch64-unknown-linux-musl/release/deps --target loongarch64-unknown-linux-musl -C linker=/app/target/cpython-strict/cross/loongarch64-linux-musl-gcc -C strip=symbols -L dependency=/app/target/cpython-strict/build/primp-0.15.0/target/loongarch64-unknown-linux-musl/release/deps -L dependency=/app/target/cpython-strict/build/primp-0.15.0/target/release/deps --extern equivalent=/app/target/cpython-strict/build/primp-0.15.0/target/loongarch64-unknown-linux-musl/release/deps/libequivalent-22742395088ca423.rmeta --extern hashbrown=/app/target/cpython-strict/build/primp-0.15.0/target/loongarch64-unknown-linux-musl/release/deps/libhashbrown-8cfe4b8f7415f2a8.rmeta --extern serde=/app/target/cpython-strict/build/primp-0.15.0/target/loongarch64-unknown-linux-musl/release/deps/libserde-42659d74a8c85009.rmeta --cap-lints warn -C target-feature=-ual -C target-feature=-crt-static`
   Compiling boring-sys2 v4.15.11
     Running `CARGO=/app/target/cpython-strict/host-tools/rustup/toolchains/nightly-2025-01-18-x86_64-unknown-linux-gnu/bin/cargo CARGO_CRATE_NAME=build_script_main CARGO_MANIFEST_DIR=/app/target/cpython-strict/host-tools/cargo/registry/src/index.crates.io-1949cf8c6b5b557f/boring-sys2-4.15.11 CARGO_MANIFEST_PATH=/app/target/cpython-strict/host-tools/cargo/registry/src/index.crates.io-1949cf8c6b5b557f/boring-sys2-4.15.11/Cargo.toml CARGO_PKG_AUTHORS='Alex Crichton <alex@alexcrichton.com>:Steven Fackler <sfackler@gmail.com>:Ivan Nikulin <ifaaan@gmail.com>' CARGO_PKG_DESCRIPTION='FFI bindings to BoringSSL' CARGO_PKG_HOMEPAGE='' CARGO_PKG_LICENSE=MIT CARGO_PKG_LICENSE_FILE='' CARGO_PKG_NAME=boring-sys2 CARGO_PKG_README=README.md CARGO_PKG_REPOSITORY='https://github.com/0x676e67/boring2' CARGO_PKG_RUST_VERSION='' CARGO_PKG_VERSION=4.15.11 CARGO_PKG_VERSION_MAJOR=4 CARGO_PKG_VERSION_MINOR=15 CARGO_PKG_VERSION_PATCH=11 CARGO_PKG_VERSION_PRE='' LD_LIBRARY_PATH='/app/target/cpython-strict/build/primp-0.15.0/target/release/deps:/app/target/cpython-strict/host-tools/rustup/toolchains/nightly-2025-01-18-x86_64-unknown-linux-gnu/lib:/opt/kendryte-toolchain/bin/:' /app/target/cpython-strict/host-tools/rustup/toolchains/nightly-2025-01-18-x86_64-unknown-linux-gnu/bin/rustc --crate-name build_script_main --edition=2021 /app/target/cpython-strict/host-tools/cargo/registry/src/index.crates.io-1949cf8c6b5b557f/boring-sys2-4.15.11/build/main.rs --error-format=json --json=diagnostic-rendered-ansi,artifacts,future-incompat --crate-type bin --emit=dep-info,link -C embed-bitcode=no --allow=unexpected_cfgs --check-cfg 'cfg(const_fn)' -C debug-assertions=off --cfg 'feature="pq-experimental"' --check-cfg 'cfg(docsrs,test)' --check-cfg 'cfg(feature, values("fips", "fips-link-precompiled", "pq-experimental", "underscore-wildcards"))' -C metadata=005f70b8b135d892 -C extra-filename=-ed142f6e08af6ddb --out-dir /app/target/cpython-strict/build/primp-0.15.0/target/release/build/boring-sys2-ed142f6e08af6ddb -C strip=symbols -L dependency=/app/target/cpython-strict/build/primp-0.15.0/target/release/deps --extern autocfg=/app/target/cpython-strict/build/primp-0.15.0/target/release/deps/libautocfg-918a7c8fc0d04dc5.rlib --extern bindgen=/app/target/cpython-strict/build/primp-0.15.0/target/release/deps/libbindgen-9f6772412de02e5e.rlib --extern cmake=/app/target/cpython-strict/build/primp-0.15.0/target/release/deps/libcmake-b1a6fc2138a20eb4.rlib --extern fs_extra=/app/target/cpython-strict/build/primp-0.15.0/target/release/deps/libfs_extra-288e1a69a1717024.rlib --extern fslock=/app/target/cpython-strict/build/primp-0.15.0/target/release/deps/libfslock-4ca166ac55aa0613.rlib --cap-lints warn`
warning: unused import: `core::ops::IndexMut`
 --> /app/target/cpython-strict/host-tools/cargo/registry/src/index.crates.io-1949cf8c6b5b557f/alloc-no-stdlib-2.0.4/src/allocated_memory/mod.rs:5:9
  |
5 | pub use core::ops::IndexMut;
  |         ^^^^^^^^^^^^^^^^^^^
  |
  = note: `#[warn(unused_imports)]` on by default

warning: unused import: `core::ops::Index`
 --> /app/target/cpython-strict/host-tools/cargo/registry/src/index.crates.io-1949cf8c6b5b557f/alloc-no-stdlib-2.0.4/src/allocated_memory/mod.rs:6:9
  |
6 | pub use core::ops::Index;
  |         ^^^^^^^^^^^^^^^^

warning: unused import: `core::ops::Range`
 --> /app/target/cpython-strict/host-tools/cargo/registry/src/index.crates.io-1949cf8c6b5b557f/alloc-no-stdlib-2.0.4/src/allocated_memory/mod.rs:7:9
  |
7 | pub use core::ops::Range;
  |         ^^^^^^^^^^^^^^^^

warning: `serde` (lib) generated 1 warning (1 duplicate)
   Compiling time-core v0.1.4
     Running `CARGO=/app/target/cpython-strict/host-tools/rustup/toolchains/nightly-2025-01-18-x86_64-unknown-linux-gnu/bin/cargo CARGO_CRATE_NAME=time_core CARGO_MANIFEST_DIR=/app/target/cpython-strict/host-tools/cargo/registry/src/index.crates.io-1949cf8c6b5b557f/time-core-0.1.4 CARGO_MANIFEST_PATH=/app/target/cpython-strict/host-tools/cargo/registry/src/index.crates.io-1949cf8c6b5b557f/time-core-0.1.4/Cargo.toml CARGO_PKG_AUTHORS='Jacob Pratt <open-source@jhpratt.dev>:Time contributors' CARGO_PKG_DESCRIPTION='This crate is an implementation detail and should not be relied upon directly.' CARGO_PKG_HOMEPAGE='' CARGO_PKG_LICENSE='MIT OR Apache-2.0' CARGO_PKG_LICENSE_FILE='' CARGO_PKG_NAME=time-core CARGO_PKG_README='' CARGO_PKG_REPOSITORY='https://github.com/time-rs/time' CARGO_PKG_RUST_VERSION=1.67.1 CARGO_PKG_VERSION=0.1.4 CARGO_PKG_VERSION_MAJOR=0 CARGO_PKG_VERSION_MINOR=1 CARGO_PKG_VERSION_PATCH=4 CARGO_PKG_VERSION_PRE='' LD_LIBRARY_PATH='/app/target/cpython-strict/build/primp-0.15.0/target/release/deps:/app/target/cpython-strict/host-tools/rustup/toolchains/nightly-2025-01-18-x86_64-unknown-linux-gnu/lib:/opt/kendryte-toolchain/bin/:' /app/target/cpython-strict/host-tools/rustup/toolchains/nightly-2025-01-18-x86_64-unknown-linux-gnu/bin/rustc --crate-name time_core --edition=2021 /app/target/cpython-strict/host-tools/cargo/registry/src/index.crates.io-1949cf8c6b5b557f/time-core-0.1.4/src/lib.rs --error-format=json --json=diagnostic-rendered-ansi,artifacts,future-incompat --crate-type lib --emit=dep-info,metadata,link -C embed-bitcode=no --warn=unused '--warn=clippy::nursery' '--warn=clippy::all' --warn=variant-size-differences '--warn=clippy::use-debug' '--warn=clippy::unwrap-used' '--warn=clippy::unwrap-in-result' --warn=unused-qualifications --warn=unused-lifetimes --warn=unused-import-braces --deny=unstable-syntax-pre-expansion --deny=unsafe-op-in-unsafe-fn --warn=unreachable-pub '--warn=clippy::unnested-or-patterns' --deny=unnameable-test-items '--warn=clippy::uninlined-format-args' '--warn=clippy::unimplemented' --deny=unexpected_cfgs '--warn=rustdoc::unescaped-backticks' '--deny=clippy::undocumented-unsafe-blocks' --deny=unconditional-recursion --warn=trivial-numeric-casts --warn=trivial-casts '--warn=clippy::todo' --deny=suspicious-double-ref-op '--deny=clippy::std-instead-of-core' --warn=single-use-lifetimes '--warn=clippy::semicolon-outside-block' '--warn=rustdoc::private-doc-tests' '--warn=clippy::print-stdout' --deny=overlapping-range-endpoints --deny=opaque-hidden-inferred-bound '--warn=clippy::obfuscated-if-else' --warn=noop-method-call --deny=non-ascii-idents --deny=named-arguments-used-positionally '--warn=clippy::missing-enforced-import-renames' '--warn=clippy::missing-docs-in-private-items' --warn=missing-docs --warn=missing-debug-implementations --warn=missing-copy-implementations --warn=missing-abi --warn=meta-variable-misuse '--warn=clippy::manual-let-else' --warn=macro-use-extern-crate --warn=let-underscore --warn=keyword-idents --deny=invalid-value --deny=invalid-reference-casting --deny=invalid-nan-comparisons --deny=invalid-macro-export-arguments --deny=invalid-from-utf8 --deny=improper-ctypes-definitions --deny=improper-ctypes --deny=hidden-glob-reexports '--warn=clippy::get-unwrap' --deny=future-incompatible '--warn=clippy::explicit-auto-deref' --deny=drop-bounds --deny=deref-nullptr '--warn=clippy::decimal-literal-representation' '--warn=clippy::dbg-macro' --deny=dangling-pointers-from-temporaries --deny=const-item-mutation --deny=clashing-extern-declarations --deny=ambiguous-glob-reexports '--deny=clippy::alloc-instead-of-core' --allow=unstable-name-collisions '--allow=clippy::uninhabited-references' '--allow=clippy::redundant-pub-crate' '--allow=clippy::option-if-let-else' --check-cfg 'cfg(__ui_tests)' --check-cfg 'cfg(bench)' -C debug-assertions=off --check-cfg 'cfg(docsrs,test)' --check-cfg 'cfg(feature, values())' -C metadata=a55ad9237f0989a2 -C extra-filename=-951b4166cf8fc38d --out-dir /app/target/cpython-strict/build/primp-0.15.0/target/release/deps -C strip=symbols -L dependency=/app/target/cpython-strict/build/primp-0.15.0/target/release/deps --cap-lints warn`
warning: calls to `std::mem::forget` with a reference instead of an owned value does nothing
  --> /app/target/cpython-strict/host-tools/cargo/registry/src/index.crates.io-1949cf8c6b5b557f/alloc-no-stdlib-2.0.4/src/lib.rs:78:5
   |
78 |     core::mem::forget(core::mem::replace(&mut self.data, &mut[]));
   |     ^^^^^^^^^^^^^^^^^^------------------------------------------^
   |                       |
   |                       argument has type `&mut [T]`
   |
   = note: `#[warn(forgetting_references)]` on by default
help: use `let _ = ...` to ignore the expression or result
   |
78 -     core::mem::forget(core::mem::replace(&mut self.data, &mut[]));
78 +     let _ = core::mem::replace(&mut self.data, &mut[]);
   |

     Running `CARGO=/app/target/cpython-strict/host-tools/rustup/toolchains/nightly-2025-01-18-x86_64-unknown-linux-gnu/bin/cargo CARGO_CRATE_NAME=pyo3_macros_backend CARGO_MANIFEST_DIR=/app/target/cpython-strict/host-tools/cargo/registry/src/index.crates.io-1949cf8c6b5b557f/pyo3-macros-backend-0.24.1 CARGO_MANIFEST_PATH=/app/target/cpython-strict/host-tools/cargo/registry/src/index.crates.io-1949cf8c6b5b557f/pyo3-macros-backend-0.24.1/Cargo.toml CARGO_PKG_AUTHORS='PyO3 Project and Contributors <https://github.com/PyO3>' CARGO_PKG_DESCRIPTION='Code generation for PyO3 package' CARGO_PKG_HOMEPAGE='https://github.com/pyo3/pyo3' CARGO_PKG_LICENSE='MIT OR Apache-2.0' CARGO_PKG_LICENSE_FILE='' CARGO_PKG_NAME=pyo3-macros-backend CARGO_PKG_README='' CARGO_PKG_REPOSITORY='https://github.com/pyo3/pyo3' CARGO_PKG_RUST_VERSION=1.63 CARGO_PKG_VERSION=0.24.1 CARGO_PKG_VERSION_MAJOR=0 CARGO_PKG_VERSION_MINOR=24 CARGO_PKG_VERSION_PATCH=1 CARGO_PKG_VERSION_PRE='' LD_LIBRARY_PATH='/app/target/cpython-strict/build/primp-0.15.0/target/release/deps:/app/target/cpython-strict/host-tools/rustup/toolchains/nightly-2025-01-18-x86_64-unknown-linux-gnu/lib:/opt/kendryte-toolchain/bin/:' OUT_DIR=/app/target/cpython-strict/build/primp-0.15.0/target/release/build/pyo3-macros-backend-e01ffbbfca5fd042/out /app/target/cpython-strict/host-tools/rustup/toolchains/nightly-2025-01-18-x86_64-unknown-linux-gnu/bin/rustc --crate-name pyo3_macros_backend --edition=2021 /app/target/cpython-strict/host-tools/cargo/registry/src/index.crates.io-1949cf8c6b5b557f/pyo3-macros-backend-0.24.1/src/lib.rs --error-format=json --json=diagnostic-rendered-ansi,artifacts,future-incompat --crate-type lib --emit=dep-info,metadata,link -C embed-bitcode=no --warn=rust_2018_idioms '--warn=clippy::useless_transmute' '--warn=clippy::used_underscore_binding' --warn=unused_lifetimes --warn=unsafe_op_in_unsafe_fn '--warn=clippy::unnecessary_wraps' '--warn=clippy::todo' --warn=rust_2021_prelude_collisions '--warn=clippy::manual_ok_or' '--warn=clippy::manual_assert' '--warn=clippy::let_unit_value' --warn=invalid_doc_attributes '--warn=clippy::flat_map_option' '--warn=clippy::filter_map_next' '--warn=clippy::explicit_iter_loop' '--warn=clippy::explicit_into_iter_loop' --warn=elided_lifetimes_in_paths '--warn=clippy::dbg_macro' '--warn=clippy::checked_conversions' '--warn=rustdoc::broken_intra_doc_links' '--warn=rustdoc::bare_urls' -C debug-assertions=off --check-cfg 'cfg(docsrs,test)' --check-cfg 'cfg(feature, values("experimental-async"))' -C metadata=1d1b38da9c7ae780 -C extra-filename=-1979fd148ab8be0c --out-dir /app/target/cpython-strict/build/primp-0.15.0/target/release/deps -C strip=symbols -L dependency=/app/target/cpython-strict/build/primp-0.15.0/target/release/deps --extern heck=/app/target/cpython-strict/build/primp-0.15.0/target/release/deps/libheck-4ceb96074c1762e1.rmeta --extern proc_macro2=/app/target/cpython-strict/build/primp-0.15.0/target/release/deps/libproc_macro2-9db364b059323b41.rmeta --extern pyo3_build_config=/app/target/cpython-strict/build/primp-0.15.0/target/release/deps/libpyo3_build_config-daf58e5897111b40.rmeta --extern quote=/app/target/cpython-strict/build/primp-0.15.0/target/release/deps/libquote-430fd29c5f10253f.rmeta --extern syn=/app/target/cpython-strict/build/primp-0.15.0/target/release/deps/libsyn-4f64c6980b94321d.rmeta --cap-lints warn --cfg rustc_has_once_lock --cfg cargo_toml_lints --cfg rustc_has_extern_c_unwind --cfg invalid_from_utf8_lint --cfg c_str_lit --cfg diagnostic_namespace --cfg io_error_more --cfg fn_ptr_eq --check-cfg 'cfg(Py_LIMITED_API)' --check-cfg 'cfg(Py_GIL_DISABLED)' --check-cfg 'cfg(PyPy)' --check-cfg 'cfg(GraalPy)' --check-cfg 'cfg(py_sys_config, values("Py_DEBUG", "Py_REF_DEBUG", "Py_TRACE_REFS", "COUNT_ALLOCS"))' --check-cfg 'cfg(pyo3_disable_reference_pool)' --check-cfg 'cfg(pyo3_leak_on_drop_without_reference_pool)' --check-cfg 'cfg(Py_3_7)' --check-cfg 'cfg(Py_3_8)' --check-cfg 'cfg(Py_3_9)' --check-cfg 'cfg(Py_3_10)' --check-cfg 'cfg(Py_3_11)' --check-cfg 'cfg(Py_3_12)' --check-cfg 'cfg(Py_3_13)' --check-cfg 'cfg(Py_3_14)' --check-cfg 'cfg(rustc_has_once_lock)' --check-cfg 'cfg(cargo_toml_lints)' --check-cfg 'cfg(rustc_has_extern_c_unwind)' --check-cfg 'cfg(invalid_from_utf8_lint)' --check-cfg 'cfg(c_str_lit)' --check-cfg 'cfg(diagnostic_namespace)' --check-cfg 'cfg(io_error_more)' --check-cfg 'cfg(fn_ptr_eq)'`
   Compiling cookie v0.18.1
     Running `CARGO=/app/target/cpython-strict/host-tools/rustup/toolchains/nightly-2025-01-18-x86_64-unknown-linux-gnu/bin/cargo CARGO_CRATE_NAME=build_script_build CARGO_MANIFEST_DIR=/app/target/cpython-strict/host-tools/cargo/registry/src/index.crates.io-1949cf8c6b5b557f/cookie-0.18.1 CARGO_MANIFEST_PATH=/app/target/cpython-strict/host-tools/cargo/registry/src/index.crates.io-1949cf8c6b5b557f/cookie-0.18.1/Cargo.toml CARGO_PKG_AUTHORS='Sergio Benitez <sb@sergio.bz>:Alex Crichton <alex@alexcrichton.com>' CARGO_PKG_DESCRIPTION='HTTP cookie parsing and cookie jar management. Supports signed and private
(encrypted, authenticated) jars.
' CARGO_PKG_HOMEPAGE='' CARGO_PKG_LICENSE='MIT OR Apache-2.0' CARGO_PKG_LICENSE_FILE='' CARGO_PKG_NAME=cookie CARGO_PKG_README=README.md CARGO_PKG_REPOSITORY='https://github.com/SergioBenitez/cookie-rs' CARGO_PKG_RUST_VERSION='' CARGO_PKG_VERSION=0.18.1 CARGO_PKG_VERSION_MAJOR=0 CARGO_PKG_VERSION_MINOR=18 CARGO_PKG_VERSION_PATCH=1 CARGO_PKG_VERSION_PRE='' LD_LIBRARY_PATH='/app/target/cpython-strict/build/primp-0.15.0/target/release/deps:/app/target/cpython-strict/host-tools/rustup/toolchains/nightly-2025-01-18-x86_64-unknown-linux-gnu/lib:/opt/kendryte-toolchain/bin/:' /app/target/cpython-strict/host-tools/rustup/toolchains/nightly-2025-01-18-x86_64-unknown-linux-gnu/bin/rustc --crate-name build_script_build --edition=2018 /app/target/cpython-strict/host-tools/cargo/registry/src/index.crates.io-1949cf8c6b5b557f/cookie-0.18.1/build.rs --error-format=json --json=diagnostic-rendered-ansi,artifacts,future-incompat --crate-type bin --emit=dep-info,link -C embed-bitcode=no -C debug-assertions=off --cfg 'feature="percent-encode"' --cfg 'feature="percent-encoding"' --check-cfg 'cfg(docsrs,test)' --check-cfg 'cfg(feature, values("aes-gcm", "base64", "hkdf", "hmac", "key-expansion", "percent-encode", "percent-encoding", "private", "rand", "secure", "sha2", "signed", "subtle"))' -C metadata=4acd313c391f9d4a -C extra-filename=-a2b548367bf62e6b --out-dir /app/target/cpython-strict/build/primp-0.15.0/target/release/build/cookie-a2b548367bf62e6b -C strip=symbols -L dependency=/app/target/cpython-strict/build/primp-0.15.0/target/release/deps --extern version_check=/app/target/cpython-strict/build/primp-0.15.0/target/release/deps/libversion_check-a52364eda26712a9.rlib --cap-lints warn`
warning: `alloc-no-stdlib` (lib) generated 5 warnings (1 duplicate)
   Compiling alloc-stdlib v0.2.2
     Running `CARGO=/app/target/cpython-strict/host-tools/rustup/toolchains/nightly-2025-01-18-x86_64-unknown-linux-gnu/bin/cargo CARGO_CRATE_NAME=alloc_stdlib CARGO_MANIFEST_DIR=/app/target/cpython-strict/host-tools/cargo/registry/src/index.crates.io-1949cf8c6b5b557f/alloc-stdlib-0.2.2 CARGO_MANIFEST_PATH=/app/target/cpython-strict/host-tools/cargo/registry/src/index.crates.io-1949cf8c6b5b557f/alloc-stdlib-0.2.2/Cargo.toml CARGO_PKG_AUTHORS='Daniel Reiter Horn <danielrh@dropbox.com>' CARGO_PKG_DESCRIPTION='A dynamic allocator example that may be used with the stdlib' CARGO_PKG_HOMEPAGE='https://github.com/dropbox/rust-alloc-no-stdlib' CARGO_PKG_LICENSE=BSD-3-Clause CARGO_PKG_LICENSE_FILE='' CARGO_PKG_NAME=alloc-stdlib CARGO_PKG_README=README.md CARGO_PKG_REPOSITORY='https://github.com/dropbox/rust-alloc-no-stdlib' CARGO_PKG_RUST_VERSION='' CARGO_PKG_VERSION=0.2.2 CARGO_PKG_VERSION_MAJOR=0 CARGO_PKG_VERSION_MINOR=2 CARGO_PKG_VERSION_PATCH=2 CARGO_PKG_VERSION_PRE='' LD_LIBRARY_PATH='/app/target/cpython-strict/build/primp-0.15.0/target/release/deps:/app/target/cpython-strict/host-tools/rustup/toolchains/nightly-2025-01-18-x86_64-unknown-linux-gnu/lib:/opt/kendryte-toolchain/bin/:' /app/target/cpython-strict/host-tools/rustup/toolchains/nightly-2025-01-18-x86_64-unknown-linux-gnu/bin/rustc --crate-name alloc_stdlib --edition=2015 /app/target/cpython-strict/host-tools/cargo/registry/src/index.crates.io-1949cf8c6b5b557f/alloc-stdlib-0.2.2/src/lib.rs --error-format=json --json=diagnostic-rendered-ansi,artifacts,future-incompat --crate-type lib --emit=dep-info,metadata,link -C opt-level=3 -C panic=abort -C linker-plugin-lto -C codegen-units=1 --check-cfg 'cfg(docsrs,test)' --check-cfg 'cfg(feature, values("unsafe"))' -C metadata=7591e1ff4e0558df -C extra-filename=-4c2738bdd03695c6 --out-dir /app/target/cpython-strict/build/primp-0.15.0/target/loongarch64-unknown-linux-musl/release/deps --target loongarch64-unknown-linux-musl -C linker=/app/target/cpython-strict/cross/loongarch64-linux-musl-gcc -C strip=symbols -L dependency=/app/target/cpython-strict/build/primp-0.15.0/target/loongarch64-unknown-linux-musl/release/deps -L dependency=/app/target/cpython-strict/build/primp-0.15.0/target/release/deps --extern alloc_no_stdlib=/app/target/cpython-strict/build/primp-0.15.0/target/loongarch64-unknown-linux-musl/release/deps/liballoc_no_stdlib-d9df55b40edf87bc.rmeta --cap-lints warn -C target-feature=-ual -C target-feature=-crt-static`
   Compiling time-macros v0.2.22
     Running `CARGO=/app/target/cpython-strict/host-tools/rustup/toolchains/nightly-2025-01-18-x86_64-unknown-linux-gnu/bin/cargo CARGO_CRATE_NAME=time_macros CARGO_MANIFEST_DIR=/app/target/cpython-strict/host-tools/cargo/registry/src/index.crates.io-1949cf8c6b5b557f/time-macros-0.2.22 CARGO_MANIFEST_PATH=/app/target/cpython-strict/host-tools/cargo/registry/src/index.crates.io-1949cf8c6b5b557f/time-macros-0.2.22/Cargo.toml CARGO_PKG_AUTHORS='Jacob Pratt <open-source@jhpratt.dev>:Time contributors' CARGO_PKG_DESCRIPTION='    Procedural macros for the time crate.
    This crate is an implementation detail and should not be relied upon directly.
' CARGO_PKG_HOMEPAGE='' CARGO_PKG_LICENSE='MIT OR Apache-2.0' CARGO_PKG_LICENSE_FILE='' CARGO_PKG_NAME=time-macros CARGO_PKG_README='' CARGO_PKG_REPOSITORY='https://github.com/time-rs/time' CARGO_PKG_RUST_VERSION=1.67.1 CARGO_PKG_VERSION=0.2.22 CARGO_PKG_VERSION_MAJOR=0 CARGO_PKG_VERSION_MINOR=2 CARGO_PKG_VERSION_PATCH=22 CARGO_PKG_VERSION_PRE='' LD_LIBRARY_PATH='/app/target/cpython-strict/build/primp-0.15.0/target/release/deps:/app/target/cpython-strict/host-tools/rustup/toolchains/nightly-2025-01-18-x86_64-unknown-linux-gnu/lib:/opt/kendryte-toolchain/bin/:' /app/target/cpython-strict/host-tools/rustup/toolchains/nightly-2025-01-18-x86_64-unknown-linux-gnu/bin/rustc --crate-name time_macros --edition=2021 /app/target/cpython-strict/host-tools/cargo/registry/src/index.crates.io-1949cf8c6b5b557f/time-macros-0.2.22/src/lib.rs --error-format=json --json=diagnostic-rendered-ansi,artifacts,future-incompat --crate-type proc-macro --emit=dep-info,link -C prefer-dynamic -C embed-bitcode=no --warn=unused '--warn=clippy::nursery' '--warn=clippy::all' --warn=variant-size-differences '--warn=clippy::use-debug' '--warn=clippy::unwrap-used' '--warn=clippy::unwrap-in-result' --warn=unused-qualifications --warn=unused-lifetimes --warn=unused-import-braces --deny=unstable-syntax-pre-expansion --deny=unsafe-op-in-unsafe-fn --warn=unreachable-pub '--warn=clippy::unnested-or-patterns' --deny=unnameable-test-items '--warn=clippy::uninlined-format-args' '--warn=clippy::unimplemented' --deny=unexpected_cfgs '--warn=rustdoc::unescaped-backticks' '--deny=clippy::undocumented-unsafe-blocks' --deny=unconditional-recursion --warn=trivial-numeric-casts --warn=trivial-casts '--warn=clippy::todo' --deny=suspicious-double-ref-op '--deny=clippy::std-instead-of-core' --warn=single-use-lifetimes '--warn=clippy::semicolon-outside-block' '--warn=rustdoc::private-doc-tests' '--warn=clippy::print-stdout' --deny=overlapping-range-endpoints --deny=opaque-hidden-inferred-bound '--warn=clippy::obfuscated-if-else' --warn=noop-method-call --deny=non-ascii-idents --deny=named-arguments-used-positionally '--warn=clippy::missing-enforced-import-renames' '--warn=clippy::missing-docs-in-private-items' --warn=missing-docs --warn=missing-debug-implementations --warn=missing-copy-implementations --warn=missing-abi --warn=meta-variable-misuse '--warn=clippy::manual-let-else' --warn=macro-use-extern-crate --warn=let-underscore --warn=keyword-idents --deny=invalid-value --deny=invalid-reference-casting --deny=invalid-nan-comparisons --deny=invalid-macro-export-arguments --deny=invalid-from-utf8 --deny=improper-ctypes-definitions --deny=improper-ctypes --deny=hidden-glob-reexports '--warn=clippy::get-unwrap' --deny=future-incompatible '--warn=clippy::explicit-auto-deref' --deny=drop-bounds --deny=deref-nullptr '--warn=clippy::decimal-literal-representation' '--warn=clippy::dbg-macro' --deny=dangling-pointers-from-temporaries --deny=const-item-mutation --deny=clashing-extern-declarations '--warn=clippy::as-underscore' --deny=ambiguous-glob-reexports '--deny=clippy::alloc-instead-of-core' --allow=unstable-name-collisions '--allow=clippy::uninhabited-references' '--allow=clippy::redundant-pub-crate' '--allow=clippy::option-if-let-else' --check-cfg 'cfg(__ui_tests)' --check-cfg 'cfg(bench)' -C debug-assertions=off --cfg 'feature="formatting"' --cfg 'feature="parsing"' --check-cfg 'cfg(docsrs,test)' --check-cfg 'cfg(feature, values("formatting", "large-dates", "parsing", "serde"))' -C metadata=95edc0ef2199c21c -C extra-filename=-577a1951bab9ed15 --out-dir /app/target/cpython-strict/build/primp-0.15.0/target/release/deps -C strip=symbols -L dependency=/app/target/cpython-strict/build/primp-0.15.0/target/release/deps --extern num_conv=/app/target/cpython-strict/build/primp-0.15.0/target/release/deps/libnum_conv-2426488783ffaf59.rlib --extern time_core=/app/target/cpython-strict/build/primp-0.15.0/target/release/deps/libtime_core-951b4166cf8fc38d.rlib --extern proc_macro --cap-lints warn`
warning: `icu_collections` (lib) generated 1 warning (1 duplicate)
     Running `CARGO=/app/target/cpython-strict/host-tools/rustup/toolchains/nightly-2025-01-18-x86_64-unknown-linux-gnu/bin/cargo CARGO_CFG_FEATURE=simd CARGO_CFG_FMT_DEBUG=full CARGO_CFG_OVERFLOW_CHECKS='' CARGO_CFG_PANIC=unwind CARGO_CFG_RELOCATION_MODEL=pic CARGO_CFG_TARGET_ABI='' CARGO_CFG_TARGET_ARCH=loongarch64 CARGO_CFG_TARGET_ENDIAN=little CARGO_CFG_TARGET_ENV=musl CARGO_CFG_TARGET_FAMILY=unix CARGO_CFG_TARGET_FEATURE=d,f,lsx CARGO_CFG_TARGET_HAS_ATOMIC=16,32,64,8,ptr CARGO_CFG_TARGET_HAS_ATOMIC_EQUAL_ALIGNMENT=16,32,64,8,ptr CARGO_CFG_TARGET_HAS_ATOMIC_LOAD_STORE=16,32,64,8,ptr CARGO_CFG_TARGET_OS=linux CARGO_CFG_TARGET_POINTER_WIDTH=64 CARGO_CFG_TARGET_THREAD_LOCAL='' CARGO_CFG_TARGET_VENDOR=unknown CARGO_CFG_UB_CHECKS='' CARGO_CFG_UNIX='' CARGO_ENCODED_RUSTFLAGS='-Ctarget-feature=-ual-Ctarget-feature=-crt-static' CARGO_FEATURE_SIMD=1 CARGO_MANIFEST_DIR=/app/target/cpython-strict/host-tools/cargo/registry/src/index.crates.io-1949cf8c6b5b557f/zerocopy-0.8.24 CARGO_MANIFEST_PATH=/app/target/cpython-strict/host-tools/cargo/registry/src/index.crates.io-1949cf8c6b5b557f/zerocopy-0.8.24/Cargo.toml CARGO_PKG_AUTHORS='Joshua Liebow-Feeser <joshlf@google.com>:Jack Wrenn <jswrenn@amazon.com>' CARGO_PKG_DESCRIPTION='Zerocopy makes zero-cost memory manipulation effortless. We write "unsafe" so you don'\''t have to.' CARGO_PKG_HOMEPAGE='' CARGO_PKG_LICENSE='BSD-2-Clause OR Apache-2.0 OR MIT' CARGO_PKG_LICENSE_FILE='' CARGO_PKG_NAME=zerocopy CARGO_PKG_README=README.md CARGO_PKG_REPOSITORY='https://github.com/google/zerocopy' CARGO_PKG_RUST_VERSION=1.56.0 CARGO_PKG_VERSION=0.8.24 CARGO_PKG_VERSION_MAJOR=0 CARGO_PKG_VERSION_MINOR=8 CARGO_PKG_VERSION_PATCH=24 CARGO_PKG_VERSION_PRE='' DEBUG=false HOST=x86_64-unknown-linux-gnu LD_LIBRARY_PATH='/app/target/cpython-strict/build/primp-0.15.0/target/release/deps:/app/target/cpython-strict/build/primp-0.15.0/target/release:/app/target/cpython-strict/host-tools/rustup/toolchains/nightly-2025-01-18-x86_64-unknown-linux-gnu/lib/rustlib/x86_64-unknown-linux-gnu/lib:/app/target/cpython-strict/host-tools/rustup/toolchains/nightly-2025-01-18-x86_64-unknown-linux-gnu/lib:/opt/kendryte-toolchain/bin/:' NUM_JOBS=10 OPT_LEVEL=3 OUT_DIR=/app/target/cpython-strict/build/primp-0.15.0/target/loongarch64-unknown-linux-musl/release/build/zerocopy-c2aa4254effa6e61/out PROFILE=release RUSTC=/app/target/cpython-strict/host-tools/rustup/toolchains/nightly-2025-01-18-x86_64-unknown-linux-gnu/bin/rustc RUSTC_LINKER=/app/target/cpython-strict/cross/loongarch64-linux-musl-gcc RUSTDOC=/app/target/cpython-strict/host-tools/rustup/toolchains/nightly-2025-01-18-x86_64-unknown-linux-gnu/bin/rustdoc TARGET=loongarch64-unknown-linux-musl /app/target/cpython-strict/build/primp-0.15.0/target/release/build/zerocopy-04f5c19eeb10842f/build-script-build`
warning: `alloc-stdlib` (lib) generated 1 warning (1 duplicate)
   Compiling icu_provider v1.5.0
     Running `CARGO=/app/target/cpython-strict/host-tools/rustup/toolchains/nightly-2025-01-18-x86_64-unknown-linux-gnu/bin/cargo CARGO_CRATE_NAME=icu_provider CARGO_MANIFEST_DIR=/app/target/cpython-strict/host-tools/cargo/registry/src/index.crates.io-1949cf8c6b5b557f/icu_provider-1.5.0 CARGO_MANIFEST_PATH=/app/target/cpython-strict/host-tools/cargo/registry/src/index.crates.io-1949cf8c6b5b557f/icu_provider-1.5.0/Cargo.toml CARGO_PKG_AUTHORS='The ICU4X Project Developers' CARGO_PKG_DESCRIPTION='Trait and struct definitions for the ICU data provider' CARGO_PKG_HOMEPAGE='https://icu4x.unicode.org' CARGO_PKG_LICENSE=Unicode-3.0 CARGO_PKG_LICENSE_FILE='' CARGO_PKG_NAME=icu_provider CARGO_PKG_README=README.md CARGO_PKG_REPOSITORY='https://github.com/unicode-org/icu4x' CARGO_PKG_RUST_VERSION=1.67 CARGO_PKG_VERSION=1.5.0 CARGO_PKG_VERSION_MAJOR=1 CARGO_PKG_VERSION_MINOR=5 CARGO_PKG_VERSION_PATCH=0 CARGO_PKG_VERSION_PRE='' LD_LIBRARY_PATH='/app/target/cpython-strict/build/primp-0.15.0/target/release/deps:/app/target/cpython-strict/host-tools/rustup/toolchains/nightly-2025-01-18-x86_64-unknown-linux-gnu/lib:/opt/kendryte-toolchain/bin/:' /app/target/cpython-strict/host-tools/rustup/toolchains/nightly-2025-01-18-x86_64-unknown-linux-gnu/bin/rustc --crate-name icu_provider --edition=2021 /app/target/cpython-strict/host-tools/cargo/registry/src/index.crates.io-1949cf8c6b5b557f/icu_provider-1.5.0/src/lib.rs --error-format=json --json=diagnostic-rendered-ansi,artifacts,future-incompat --crate-type lib --emit=dep-info,metadata,link -C opt-level=3 -C panic=abort -C linker-plugin-lto -C codegen-units=1 --cfg 'feature="macros"' --check-cfg 'cfg(docsrs,test)' --check-cfg 'cfg(feature, values("bench", "datagen", "deserialize_bincode_1", "deserialize_json", "deserialize_postcard_1", "experimental", "log_error_context", "logging", "macros", "serde", "std", "sync"))' -C metadata=24c0bfcc6658e50b -C extra-filename=-7eb6664f6c11cc24 --out-dir /app/target/cpython-strict/build/primp-0.15.0/target/loongarch64-unknown-linux-musl/release/deps --target loongarch64-unknown-linux-musl -C linker=/app/target/cpython-strict/cross/loongarch64-linux-musl-gcc -C strip=symbols -L dependency=/app/target/cpython-strict/build/primp-0.15.0/target/loongarch64-unknown-linux-musl/release/deps -L dependency=/app/target/cpython-strict/build/primp-0.15.0/target/release/deps --extern displaydoc=/app/target/cpython-strict/build/primp-0.15.0/target/release/deps/libdisplaydoc-79a507322597fbb7.so --extern icu_locid=/app/target/cpython-strict/build/primp-0.15.0/target/loongarch64-unknown-linux-musl/release/deps/libicu_locid-2c83bccc3529aebb.rmeta --extern icu_provider_macros=/app/target/cpython-strict/build/primp-0.15.0/target/release/deps/libicu_provider_macros-0029e46e16b99569.so --extern stable_deref_trait=/app/target/cpython-strict/build/primp-0.15.0/target/loongarch64-unknown-linux-musl/release/deps/libstable_deref_trait-76f1baf4e034bd08.rmeta --extern tinystr=/app/target/cpython-strict/build/primp-0.15.0/target/loongarch64-unknown-linux-musl/release/deps/libtinystr-4bd486d607ea2626.rmeta --extern writeable=/app/target/cpython-strict/build/primp-0.15.0/target/loongarch64-unknown-linux-musl/release/deps/libwriteable-faafe5d3af746b37.rmeta --extern yoke=/app/target/cpython-strict/build/primp-0.15.0/target/loongarch64-unknown-linux-musl/release/deps/libyoke-0e1d747cb3390c61.rmeta --extern zerofrom=/app/target/cpython-strict/build/primp-0.15.0/target/loongarch64-unknown-linux-musl/release/deps/libzerofrom-5bc1b0a558c71dd6.rmeta --extern zerovec=/app/target/cpython-strict/build/primp-0.15.0/target/loongarch64-unknown-linux-musl/release/deps/libzerovec-242002c21e466685.rmeta --cap-lints warn -C target-feature=-ual -C target-feature=-crt-static`
     Running `CARGO=/app/target/cpython-strict/host-tools/rustup/toolchains/nightly-2025-01-18-x86_64-unknown-linux-gnu/bin/cargo CARGO_CFG_FEATURE=std CARGO_CFG_FMT_DEBUG=full CARGO_CFG_OVERFLOW_CHECKS='' CARGO_CFG_PANIC=unwind CARGO_CFG_RELOCATION_MODEL=pic CARGO_CFG_TARGET_ABI='' CARGO_CFG_TARGET_ARCH=loongarch64 CARGO_CFG_TARGET_ENDIAN=little CARGO_CFG_TARGET_ENV=musl CARGO_CFG_TARGET_FAMILY=unix CARGO_CFG_TARGET_FEATURE=d,f,lsx CARGO_CFG_TARGET_HAS_ATOMIC=16,32,64,8,ptr CARGO_CFG_TARGET_HAS_ATOMIC_EQUAL_ALIGNMENT=16,32,64,8,ptr CARGO_CFG_TARGET_HAS_ATOMIC_LOAD_STORE=16,32,64,8,ptr CARGO_CFG_TARGET_OS=linux CARGO_CFG_TARGET_POINTER_WIDTH=64 CARGO_CFG_TARGET_THREAD_LOCAL='' CARGO_CFG_TARGET_VENDOR=unknown CARGO_CFG_UB_CHECKS='' CARGO_CFG_UNIX='' CARGO_ENCODED_RUSTFLAGS='-Ctarget-feature=-ual-Ctarget-feature=-crt-static' CARGO_FEATURE_STD=1 CARGO_MANIFEST_DIR=/app/target/cpython-strict/host-tools/cargo/registry/src/index.crates.io-1949cf8c6b5b557f/getrandom-0.3.2 CARGO_MANIFEST_PATH=/app/target/cpython-strict/host-tools/cargo/registry/src/index.crates.io-1949cf8c6b5b557f/getrandom-0.3.2/Cargo.toml CARGO_PKG_AUTHORS='The Rand Project Developers' CARGO_PKG_DESCRIPTION='A small cross-platform library for retrieving random data from system source' CARGO_PKG_HOMEPAGE='' CARGO_PKG_LICENSE='MIT OR Apache-2.0' CARGO_PKG_LICENSE_FILE='' CARGO_PKG_NAME=getrandom CARGO_PKG_README=README.md CARGO_PKG_REPOSITORY='https://github.com/rust-random/getrandom' CARGO_PKG_RUST_VERSION=1.63 CARGO_PKG_VERSION=0.3.2 CARGO_PKG_VERSION_MAJOR=0 CARGO_PKG_VERSION_MINOR=3 CARGO_PKG_VERSION_PATCH=2 CARGO_PKG_VERSION_PRE='' DEBUG=false HOST=x86_64-unknown-linux-gnu LD_LIBRARY_PATH='/app/target/cpython-strict/build/primp-0.15.0/target/release/deps:/app/target/cpython-strict/build/primp-0.15.0/target/release:/app/target/cpython-strict/host-tools/rustup/toolchains/nightly-2025-01-18-x86_64-unknown-linux-gnu/lib/rustlib/x86_64-unknown-linux-gnu/lib:/app/target/cpython-strict/host-tools/rustup/toolchains/nightly-2025-01-18-x86_64-unknown-linux-gnu/lib:/opt/kendryte-toolchain/bin/:' NUM_JOBS=10 OPT_LEVEL=3 OUT_DIR=/app/target/cpython-strict/build/primp-0.15.0/target/loongarch64-unknown-linux-musl/release/build/getrandom-4a887a5703b30427/out PROFILE=release RUSTC=/app/target/cpython-strict/host-tools/rustup/toolchains/nightly-2025-01-18-x86_64-unknown-linux-gnu/bin/rustc RUSTC_LINKER=/app/target/cpython-strict/cross/loongarch64-linux-musl-gcc RUSTDOC=/app/target/cpython-strict/host-tools/rustup/toolchains/nightly-2025-01-18-x86_64-unknown-linux-gnu/bin/rustdoc TARGET=loongarch64-unknown-linux-musl /app/target/cpython-strict/build/primp-0.15.0/target/release/build/getrandom-79c447c6426833cf/build-script-build`
     Running `CARGO=/app/target/cpython-strict/host-tools/rustup/toolchains/nightly-2025-01-18-x86_64-unknown-linux-gnu/bin/cargo CARGO_CFG_FEATURE=default,std CARGO_CFG_FMT_DEBUG=full CARGO_CFG_OVERFLOW_CHECKS='' CARGO_CFG_PANIC=unwind CARGO_CFG_RELOCATION_MODEL=pic CARGO_CFG_TARGET_ABI='' CARGO_CFG_TARGET_ARCH=loongarch64 CARGO_CFG_TARGET_ENDIAN=little CARGO_CFG_TARGET_ENV=musl CARGO_CFG_TARGET_FAMILY=unix CARGO_CFG_TARGET_FEATURE=d,f,lsx CARGO_CFG_TARGET_HAS_ATOMIC=16,32,64,8,ptr CARGO_CFG_TARGET_HAS_ATOMIC_EQUAL_ALIGNMENT=16,32,64,8,ptr CARGO_CFG_TARGET_HAS_ATOMIC_LOAD_STORE=16,32,64,8,ptr CARGO_CFG_TARGET_OS=linux CARGO_CFG_TARGET_POINTER_WIDTH=64 CARGO_CFG_TARGET_THREAD_LOCAL='' CARGO_CFG_TARGET_VENDOR=unknown CARGO_CFG_UB_CHECKS='' CARGO_CFG_UNIX='' CARGO_ENCODED_RUSTFLAGS='-Ctarget-feature=-ual-Ctarget-feature=-crt-static' CARGO_FEATURE_DEFAULT=1 CARGO_FEATURE_STD=1 CARGO_MANIFEST_DIR=/app/target/cpython-strict/host-tools/cargo/registry/src/index.crates.io-1949cf8c6b5b557f/anyhow-1.0.98 CARGO_MANIFEST_PATH=/app/target/cpython-strict/host-tools/cargo/registry/src/index.crates.io-1949cf8c6b5b557f/anyhow-1.0.98/Cargo.toml CARGO_PKG_AUTHORS='David Tolnay <dtolnay@gmail.com>' CARGO_PKG_DESCRIPTION='Flexible concrete Error type built on std::error::Error' CARGO_PKG_HOMEPAGE='' CARGO_PKG_LICENSE='MIT OR Apache-2.0' CARGO_PKG_LICENSE_FILE='' CARGO_PKG_NAME=anyhow CARGO_PKG_README=README.md CARGO_PKG_REPOSITORY='https://github.com/dtolnay/anyhow' CARGO_PKG_RUST_VERSION=1.39 CARGO_PKG_VERSION=1.0.98 CARGO_PKG_VERSION_MAJOR=1 CARGO_PKG_VERSION_MINOR=0 CARGO_PKG_VERSION_PATCH=98 CARGO_PKG_VERSION_PRE='' DEBUG=false HOST=x86_64-unknown-linux-gnu LD_LIBRARY_PATH='/app/target/cpython-strict/build/primp-0.15.0/target/release/deps:/app/target/cpython-strict/build/primp-0.15.0/target/release:/app/target/cpython-strict/host-tools/rustup/toolchains/nightly-2025-01-18-x86_64-unknown-linux-gnu/lib/rustlib/x86_64-unknown-linux-gnu/lib:/app/target/cpython-strict/host-tools/rustup/toolchains/nightly-2025-01-18-x86_64-unknown-linux-gnu/lib:/opt/kendryte-toolchain/bin/:' NUM_JOBS=10 OPT_LEVEL=3 OUT_DIR=/app/target/cpython-strict/build/primp-0.15.0/target/loongarch64-unknown-linux-musl/release/build/anyhow-132f57c26283eb7c/out PROFILE=release RUSTC=/app/target/cpython-strict/host-tools/rustup/toolchains/nightly-2025-01-18-x86_64-unknown-linux-gnu/bin/rustc RUSTC_LINKER=/app/target/cpython-strict/cross/loongarch64-linux-musl-gcc RUSTDOC=/app/target/cpython-strict/host-tools/rustup/toolchains/nightly-2025-01-18-x86_64-unknown-linux-gnu/bin/rustdoc TARGET=loongarch64-unknown-linux-musl /app/target/cpython-strict/build/primp-0.15.0/target/release/build/anyhow-fb16eced45ca9511/build-script-build`
   Compiling futures-util v0.3.31
     Running `CARGO=/app/target/cpython-strict/host-tools/rustup/toolchains/nightly-2025-01-18-x86_64-unknown-linux-gnu/bin/cargo CARGO_CRATE_NAME=futures_util CARGO_MANIFEST_DIR=/app/target/cpython-strict/host-tools/cargo/registry/src/index.crates.io-1949cf8c6b5b557f/futures-util-0.3.31 CARGO_MANIFEST_PATH=/app/target/cpython-strict/host-tools/cargo/registry/src/index.crates.io-1949cf8c6b5b557f/futures-util-0.3.31/Cargo.toml CARGO_PKG_AUTHORS='' CARGO_PKG_DESCRIPTION='Common utilities and extension traits for the futures-rs library.
' CARGO_PKG_HOMEPAGE='https://rust-lang.github.io/futures-rs' CARGO_PKG_LICENSE='MIT OR Apache-2.0' CARGO_PKG_LICENSE_FILE='' CARGO_PKG_NAME=futures-util CARGO_PKG_README=README.md CARGO_PKG_REPOSITORY='https://github.com/rust-lang/futures-rs' CARGO_PKG_RUST_VERSION=1.56 CARGO_PKG_VERSION=0.3.31 CARGO_PKG_VERSION_MAJOR=0 CARGO_PKG_VERSION_MINOR=3 CARGO_PKG_VERSION_PATCH=31 CARGO_PKG_VERSION_PRE='' LD_LIBRARY_PATH='/app/target/cpython-strict/build/primp-0.15.0/target/release/deps:/app/target/cpython-strict/host-tools/rustup/toolchains/nightly-2025-01-18-x86_64-unknown-linux-gnu/lib:/opt/kendryte-toolchain/bin/:' /app/target/cpython-strict/host-tools/rustup/toolchains/nightly-2025-01-18-x86_64-unknown-linux-gnu/bin/rustc --crate-name futures_util --edition=2018 /app/target/cpython-strict/host-tools/cargo/registry/src/index.crates.io-1949cf8c6b5b557f/futures-util-0.3.31/src/lib.rs --error-format=json --json=diagnostic-rendered-ansi,artifacts,future-incompat --crate-type lib --emit=dep-info,metadata,link -C opt-level=3 -C panic=abort -C linker-plugin-lto -C codegen-units=1 --warn=unreachable_pub --warn=unexpected_cfgs --warn=single_use_lifetimes --warn=rust_2018_idioms --warn=missing_debug_implementations --check-cfg 'cfg(futures_sanitizer)' --cfg 'feature="alloc"' --check-cfg 'cfg(docsrs,test)' --check-cfg 'cfg(feature, values("alloc", "async-await", "async-await-macro", "bilock", "cfg-target-has-atomic", "channel", "compat", "default", "futures-channel", "futures-io", "futures-macro", "futures-sink", "futures_01", "io", "io-compat", "memchr", "portable-atomic", "sink", "slab", "std", "tokio-io", "unstable", "write-all-vectored"))' -C metadata=2824ba76dfbcda54 -C extra-filename=-56480fb66acd07d6 --out-dir /app/target/cpython-strict/build/primp-0.15.0/target/loongarch64-unknown-linux-musl/release/deps --target loongarch64-unknown-linux-musl -C linker=/app/target/cpython-strict/cross/loongarch64-linux-musl-gcc -C strip=symbols -L dependency=/app/target/cpython-strict/build/primp-0.15.0/target/loongarch64-unknown-linux-musl/release/deps -L dependency=/app/target/cpython-strict/build/primp-0.15.0/target/release/deps --extern futures_core=/app/target/cpython-strict/build/primp-0.15.0/target/loongarch64-unknown-linux-musl/release/deps/libfutures_core-daefa865b4c0a4f1.rmeta --extern futures_task=/app/target/cpython-strict/build/primp-0.15.0/target/loongarch64-unknown-linux-musl/release/deps/libfutures_task-e6ee0685bfd1d1c4.rmeta --extern pin_project_lite=/app/target/cpython-strict/build/primp-0.15.0/target/loongarch64-unknown-linux-musl/release/deps/libpin_project_lite-50dcae2c8ff1a98e.rmeta --extern pin_utils=/app/target/cpython-strict/build/primp-0.15.0/target/loongarch64-unknown-linux-musl/release/deps/libpin_utils-010549643a8cb4bc.rmeta --cap-lints warn -C target-feature=-ual -C target-feature=-crt-static`
warning: `indexmap` (lib) generated 1 warning (1 duplicate)
   Compiling deranged v0.4.0
     Running `CARGO=/app/target/cpython-strict/host-tools/rustup/toolchains/nightly-2025-01-18-x86_64-unknown-linux-gnu/bin/cargo CARGO_CRATE_NAME=deranged CARGO_MANIFEST_DIR=/app/target/cpython-strict/host-tools/cargo/registry/src/index.crates.io-1949cf8c6b5b557f/deranged-0.4.0 CARGO_MANIFEST_PATH=/app/target/cpython-strict/host-tools/cargo/registry/src/index.crates.io-1949cf8c6b5b557f/deranged-0.4.0/Cargo.toml CARGO_PKG_AUTHORS='Jacob Pratt <jacob@jhpratt.dev>' CARGO_PKG_DESCRIPTION='Ranged integers' CARGO_PKG_HOMEPAGE='' CARGO_PKG_LICENSE='MIT OR Apache-2.0' CARGO_PKG_LICENSE_FILE='' CARGO_PKG_NAME=deranged CARGO_PKG_README=README.md CARGO_PKG_REPOSITORY='https://github.com/jhpratt/deranged' CARGO_PKG_RUST_VERSION=1.67.0 CARGO_PKG_VERSION=0.4.0 CARGO_PKG_VERSION_MAJOR=0 CARGO_PKG_VERSION_MINOR=4 CARGO_PKG_VERSION_PATCH=0 CARGO_PKG_VERSION_PRE='' LD_LIBRARY_PATH='/app/target/cpython-strict/build/primp-0.15.0/target/release/deps:/app/target/cpython-strict/host-tools/rustup/toolchains/nightly-2025-01-18-x86_64-unknown-linux-gnu/lib:/opt/kendryte-toolchain/bin/:' /app/target/cpython-strict/host-tools/rustup/toolchains/nightly-2025-01-18-x86_64-unknown-linux-gnu/bin/rustc --crate-name deranged --edition=2021 /app/target/cpython-strict/host-tools/cargo/registry/src/index.crates.io-1949cf8c6b5b557f/deranged-0.4.0/src/lib.rs --error-format=json --json=diagnostic-rendered-ansi,artifacts,future-incompat --crate-type lib --emit=dep-info,metadata,link -C opt-level=3 -C panic=abort -C linker-plugin-lto -C codegen-units=1 --warn=unused '--warn=clippy::nursery' '--warn=clippy::all' --warn=variant-size-differences '--warn=clippy::use-debug' '--warn=clippy::unwrap-used' '--warn=clippy::unwrap-in-result' --warn=unused-qualifications --warn=unused-lifetimes --warn=unused-import-braces --deny=unstable-syntax-pre-expansion --deny=unsafe-op-in-unsafe-fn --warn=unreachable-pub '--warn=clippy::unnested-or-patterns' --deny=unnameable-test-items '--warn=clippy::uninlined-format-args' '--warn=clippy::unimplemented' '--warn=rustdoc::unescaped-backticks' '--deny=clippy::undocumented-unsafe-blocks' --deny=unconditional-recursion --warn=trivial-numeric-casts --warn=trivial-casts '--warn=clippy::todo' --deny=suspicious-double-ref-op '--deny=clippy::std-instead-of-core' --warn=single-use-lifetimes '--warn=clippy::semicolon-outside-block' '--allow=clippy::redundant-pub-crate' '--warn=rustdoc::private-doc-tests' '--warn=clippy::print-stdout' --deny=overlapping-range-endpoints '--allow=clippy::option-if-let-else' --deny=opaque-hidden-inferred-bound '--warn=clippy::obfuscated-if-else' --warn=noop-method-call --deny=non-ascii-idents --deny=named-arguments-used-positionally '--warn=clippy::missing-enforced-import-renames' '--warn=clippy::missing-docs-in-private-items' --warn=missing-docs --warn=missing-debug-implementations --warn=missing-copy-implementations --warn=missing-abi --warn=meta-variable-misuse '--warn=clippy::manual-let-else' --warn=macro-use-extern-crate --warn=let-underscore --warn=keyword-idents --deny=invalid-value --deny=invalid-reference-casting --deny=invalid-nan-comparisons --deny=invalid-macro-export-arguments --deny=invalid-from-utf8 --deny=improper-ctypes-definitions --deny=improper-ctypes --deny=hidden-glob-reexports '--warn=clippy::get-unwrap' --deny=future-incompatible '--warn=clippy::explicit-auto-deref' --deny=drop-bounds --deny=deref-nullptr '--warn=clippy::decimal-literal-representation' '--warn=clippy::dbg-macro' --deny=dangling-pointers-from-temporaries --deny=const-item-mutation --deny=clashing-extern-declarations --deny=ambiguous-glob-reexports '--deny=clippy::alloc-instead-of-core' --warn=unstable-name-collisions --allow=path-statements --cfg 'feature="alloc"' --cfg 'feature="powerfmt"' --cfg 'feature="std"' --check-cfg 'cfg(docsrs,test)' --check-cfg 'cfg(feature, values("alloc", "default", "macros", "num", "powerfmt", "quickcheck", "rand", "rand08", "rand09", "serde", "std"))' -C metadata=5894f52d0d6f38db -C extra-filename=-5092d7f55f3ef706 --out-dir /app/target/cpython-strict/build/primp-0.15.0/target/loongarch64-unknown-linux-musl/release/deps --target loongarch64-unknown-linux-musl -C linker=/app/target/cpython-strict/cross/loongarch64-linux-musl-gcc -C strip=symbols -L dependency=/app/target/cpython-strict/build/primp-0.15.0/target/loongarch64-unknown-linux-musl/release/deps -L dependency=/app/target/cpython-strict/build/primp-0.15.0/target/release/deps --extern powerfmt=/app/target/cpython-strict/build/primp-0.15.0/target/loongarch64-unknown-linux-musl/release/deps/libpowerfmt-84a0a2adf54132d6.rmeta --cap-lints warn -C target-feature=-ual -C target-feature=-crt-static`
warning: unexpected `cfg` condition value: `compiled_data`
   --> /app/target/cpython-strict/host-tools/cargo/registry/src/index.crates.io-1949cf8c6b5b557f/icu_provider-1.5.0/src/constructors.rs:275:15
    |
275 |           #[cfg(feature = "compiled_data")]
    |                 ^^^^^^^^^^^^^^^^^^^^^^^^^
    |
   ::: /app/target/cpython-strict/host-tools/cargo/registry/src/index.crates.io-1949cf8c6b5b557f/icu_provider-1.5.0/src/hello_world.rs:270:5
    |
270 | /     icu_provider::gen_any_buffer_data_constructors!(locale: include, options: skip, error: DataError,
271 | |         #[cfg(skip)]
272 | |         functions: [
273 | |             try_new,
...   |
277 | |             Self,
278 | |     ]);
    | |______- in this macro invocation
    |
    = note: expected values for `feature` are: `bench`, `datagen`, `deserialize_bincode_1`, `deserialize_json`, `deserialize_postcard_1`, `experimental`, `log_error_context`, `logging`, `macros`, `serde`, `std`, and `sync`
    = help: consider adding `compiled_data` as a feature in `Cargo.toml`
    = note: see <https://doc.rust-lang.org/nightly/rustc/check-cfg/cargo-specifics.html> for more information about checking conditional configuration
    = note: `#[warn(unexpected_cfgs)]` on by default
    = note: this warning originates in the macro `icu_provider::gen_any_buffer_data_constructors` (in Nightly builds, run with -Z macro-backtrace for more info)

     Running `CARGO=/app/target/cpython-strict/host-tools/rustup/toolchains/nightly-2025-01-18-x86_64-unknown-linux-gnu/bin/cargo CARGO_CFG_FEATURE=default,std CARGO_CFG_FMT_DEBUG=full CARGO_CFG_OVERFLOW_CHECKS='' CARGO_CFG_PANIC=unwind CARGO_CFG_RELOCATION_MODEL=pic CARGO_CFG_TARGET_ABI='' CARGO_CFG_TARGET_ARCH=loongarch64 CARGO_CFG_TARGET_ENDIAN=little CARGO_CFG_TARGET_ENV=musl CARGO_CFG_TARGET_FAMILY=unix CARGO_CFG_TARGET_FEATURE=d,f,lsx CARGO_CFG_TARGET_HAS_ATOMIC=16,32,64,8,ptr CARGO_CFG_TARGET_HAS_ATOMIC_EQUAL_ALIGNMENT=16,32,64,8,ptr CARGO_CFG_TARGET_HAS_ATOMIC_LOAD_STORE=16,32,64,8,ptr CARGO_CFG_TARGET_OS=linux CARGO_CFG_TARGET_POINTER_WIDTH=64 CARGO_CFG_TARGET_THREAD_LOCAL='' CARGO_CFG_TARGET_VENDOR=unknown CARGO_CFG_UB_CHECKS='' CARGO_CFG_UNIX='' CARGO_ENCODED_RUSTFLAGS='-Ctarget-feature=-ual-Ctarget-feature=-crt-static' CARGO_FEATURE_DEFAULT=1 CARGO_FEATURE_STD=1 CARGO_MANIFEST_DIR=/app/target/cpython-strict/host-tools/cargo/registry/src/index.crates.io-1949cf8c6b5b557f/slab-0.4.9 CARGO_MANIFEST_PATH=/app/target/cpython-strict/host-tools/cargo/registry/src/index.crates.io-1949cf8c6b5b557f/slab-0.4.9/Cargo.toml CARGO_PKG_AUTHORS='Carl Lerche <me@carllerche.com>' CARGO_PKG_DESCRIPTION='Pre-allocated storage for a uniform data type' CARGO_PKG_HOMEPAGE='' CARGO_PKG_LICENSE=MIT CARGO_PKG_LICENSE_FILE='' CARGO_PKG_NAME=slab CARGO_PKG_README=README.md CARGO_PKG_REPOSITORY='https://github.com/tokio-rs/slab' CARGO_PKG_RUST_VERSION=1.31 CARGO_PKG_VERSION=0.4.9 CARGO_PKG_VERSION_MAJOR=0 CARGO_PKG_VERSION_MINOR=4 CARGO_PKG_VERSION_PATCH=9 CARGO_PKG_VERSION_PRE='' DEBUG=false HOST=x86_64-unknown-linux-gnu LD_LIBRARY_PATH='/app/target/cpython-strict/build/primp-0.15.0/target/release/deps:/app/target/cpython-strict/build/primp-0.15.0/target/release:/app/target/cpython-strict/host-tools/rustup/toolchains/nightly-2025-01-18-x86_64-unknown-linux-gnu/lib/rustlib/x86_64-unknown-linux-gnu/lib:/app/target/cpython-strict/host-tools/rustup/toolchains/nightly-2025-01-18-x86_64-unknown-linux-gnu/lib:/opt/kendryte-toolchain/bin/:' NUM_JOBS=10 OPT_LEVEL=3 OUT_DIR=/app/target/cpython-strict/build/primp-0.15.0/target/loongarch64-unknown-linux-musl/release/build/slab-09d97573e3e26dd1/out PROFILE=release RUSTC=/app/target/cpython-strict/host-tools/rustup/toolchains/nightly-2025-01-18-x86_64-unknown-linux-gnu/bin/rustc RUSTC_LINKER=/app/target/cpython-strict/cross/loongarch64-linux-musl-gcc RUSTDOC=/app/target/cpython-strict/host-tools/rustup/toolchains/nightly-2025-01-18-x86_64-unknown-linux-gnu/bin/rustdoc TARGET=loongarch64-unknown-linux-musl /app/target/cpython-strict/build/primp-0.15.0/target/release/build/slab-4ed2866b98b6d698/build-script-build`
     Running `CARGO=/app/target/cpython-strict/host-tools/rustup/toolchains/nightly-2025-01-18-x86_64-unknown-linux-gnu/bin/cargo CARGO_CFG_FEATURE=pq-experimental CARGO_CFG_FMT_DEBUG=full CARGO_CFG_OVERFLOW_CHECKS='' CARGO_CFG_PANIC=unwind CARGO_CFG_RELOCATION_MODEL=pic CARGO_CFG_TARGET_ABI='' CARGO_CFG_TARGET_ARCH=loongarch64 CARGO_CFG_TARGET_ENDIAN=little CARGO_CFG_TARGET_ENV=musl CARGO_CFG_TARGET_FAMILY=unix CARGO_CFG_TARGET_FEATURE=d,f,lsx CARGO_CFG_TARGET_HAS_ATOMIC=16,32,64,8,ptr CARGO_CFG_TARGET_HAS_ATOMIC_EQUAL_ALIGNMENT=16,32,64,8,ptr CARGO_CFG_TARGET_HAS_ATOMIC_LOAD_STORE=16,32,64,8,ptr CARGO_CFG_TARGET_OS=linux CARGO_CFG_TARGET_POINTER_WIDTH=64 CARGO_CFG_TARGET_THREAD_LOCAL='' CARGO_CFG_TARGET_VENDOR=unknown CARGO_CFG_UB_CHECKS='' CARGO_CFG_UNIX='' CARGO_ENCODED_RUSTFLAGS='-Ctarget-feature=-ual-Ctarget-feature=-crt-static' CARGO_FEATURE_PQ_EXPERIMENTAL=1 CARGO_MANIFEST_DIR=/app/target/cpython-strict/host-tools/cargo/registry/src/index.crates.io-1949cf8c6b5b557f/boring-sys2-4.15.11 CARGO_MANIFEST_LINKS=boringssl CARGO_MANIFEST_PATH=/app/target/cpython-strict/host-tools/cargo/registry/src/index.crates.io-1949cf8c6b5b557f/boring-sys2-4.15.11/Cargo.toml CARGO_PKG_AUTHORS='Alex Crichton <alex@alexcrichton.com>:Steven Fackler <sfackler@gmail.com>:Ivan Nikulin <ifaaan@gmail.com>' CARGO_PKG_DESCRIPTION='FFI bindings to BoringSSL' CARGO_PKG_HOMEPAGE='' CARGO_PKG_LICENSE=MIT CARGO_PKG_LICENSE_FILE='' CARGO_PKG_NAME=boring-sys2 CARGO_PKG_README=README.md CARGO_PKG_REPOSITORY='https://github.com/0x676e67/boring2' CARGO_PKG_RUST_VERSION='' CARGO_PKG_VERSION=4.15.11 CARGO_PKG_VERSION_MAJOR=4 CARGO_PKG_VERSION_MINOR=15 CARGO_PKG_VERSION_PATCH=11 CARGO_PKG_VERSION_PRE='' DEBUG=false HOST=x86_64-unknown-linux-gnu LD_LIBRARY_PATH='/app/target/cpython-strict/build/primp-0.15.0/target/release/deps:/app/target/cpython-strict/build/primp-0.15.0/target/release:/app/target/cpython-strict/host-tools/rustup/toolchains/nightly-2025-01-18-x86_64-unknown-linux-gnu/lib/rustlib/x86_64-unknown-linux-gnu/lib:/app/target/cpython-strict/host-tools/rustup/toolchains/nightly-2025-01-18-x86_64-unknown-linux-gnu/lib:/opt/kendryte-toolchain/bin/:' NUM_JOBS=10 OPT_LEVEL=3 OUT_DIR=/app/target/cpython-strict/build/primp-0.15.0/target/loongarch64-unknown-linux-musl/release/build/boring-sys2-8323dabab925218a/out PROFILE=release RUSTC=/app/target/cpython-strict/host-tools/rustup/toolchains/nightly-2025-01-18-x86_64-unknown-linux-gnu/bin/rustc RUSTC_LINKER=/app/target/cpython-strict/cross/loongarch64-linux-musl-gcc RUSTDOC=/app/target/cpython-strict/host-tools/rustup/toolchains/nightly-2025-01-18-x86_64-unknown-linux-gnu/bin/rustdoc TARGET=loongarch64-unknown-linux-musl /app/target/cpython-strict/build/primp-0.15.0/target/release/build/boring-sys2-ed142f6e08af6ddb/build-script-main`
[boring-sys2 4.15.11] 
[boring-sys2 4.15.11] thread 'main' panicked at /app/target/cpython-strict/host-tools/cargo/registry/src/index.crates.io-1949cf8c6b5b557f/boring-sys2-4.15.11/build/main.rs:564:13:
[boring-sys2 4.15.11] BORING_BSSL_ASSUME_PATCHED must be set when setting
[boring-sys2 4.15.11]                    BORING_BSSL_SOURCE_PATH and using any of the following
[boring-sys2 4.15.11]                    features: rpk, pq-experimental, underscore-wildcards
[boring-sys2 4.15.11] note: run with `RUST_BACKTRACE=1` environment variable to display a backtrace
error: failed to run custom build command for `boring-sys2 v4.15.11`

Caused by:
  process didn't exit successfully: `CARGO=/app/target/cpython-strict/host-tools/rustup/toolchains/nightly-2025-01-18-x86_64-unknown-linux-gnu/bin/cargo CARGO_CFG_FEATURE=pq-experimental CARGO_CFG_FMT_DEBUG=full CARGO_CFG_OVERFLOW_CHECKS='' CARGO_CFG_PANIC=unwind CARGO_CFG_RELOCATION_MODEL=pic CARGO_CFG_TARGET_ABI='' CARGO_CFG_TARGET_ARCH=loongarch64 CARGO_CFG_TARGET_ENDIAN=little CARGO_CFG_TARGET_ENV=musl CARGO_CFG_TARGET_FAMILY=unix CARGO_CFG_TARGET_FEATURE=d,f,lsx CARGO_CFG_TARGET_HAS_ATOMIC=16,32,64,8,ptr CARGO_CFG_TARGET_HAS_ATOMIC_EQUAL_ALIGNMENT=16,32,64,8,ptr CARGO_CFG_TARGET_HAS_ATOMIC_LOAD_STORE=16,32,64,8,ptr CARGO_CFG_TARGET_OS=linux CARGO_CFG_TARGET_POINTER_WIDTH=64 CARGO_CFG_TARGET_THREAD_LOCAL='' CARGO_CFG_TARGET_VENDOR=unknown CARGO_CFG_UB_CHECKS='' CARGO_CFG_UNIX='' CARGO_ENCODED_RUSTFLAGS='-Ctarget-feature=-ual-Ctarget-feature=-crt-static' CARGO_FEATURE_PQ_EXPERIMENTAL=1 CARGO_MANIFEST_DIR=/app/target/cpython-strict/host-tools/cargo/registry/src/index.crates.io-1949cf8c6b5b557f/boring-sys2-4.15.11 CARGO_MANIFEST_LINKS=boringssl CARGO_MANIFEST_PATH=/app/target/cpython-strict/host-tools/cargo/registry/src/index.crates.io-1949cf8c6b5b557f/boring-sys2-4.15.11/Cargo.toml CARGO_PKG_AUTHORS='Alex Crichton <alex@alexcrichton.com>:Steven Fackler <sfackler@gmail.com>:Ivan Nikulin <ifaaan@gmail.com>' CARGO_PKG_DESCRIPTION='FFI bindings to BoringSSL' CARGO_PKG_HOMEPAGE='' CARGO_PKG_LICENSE=MIT CARGO_PKG_LICENSE_FILE='' CARGO_PKG_NAME=boring-sys2 CARGO_PKG_README=README.md CARGO_PKG_REPOSITORY='https://github.com/0x676e67/boring2' CARGO_PKG_RUST_VERSION='' CARGO_PKG_VERSION=4.15.11 CARGO_PKG_VERSION_MAJOR=4 CARGO_PKG_VERSION_MINOR=15 CARGO_PKG_VERSION_PATCH=11 CARGO_PKG_VERSION_PRE='' DEBUG=false HOST=x86_64-unknown-linux-gnu LD_LIBRARY_PATH='/app/target/cpython-strict/build/primp-0.15.0/target/release/deps:/app/target/cpython-strict/build/primp-0.15.0/target/release:/app/target/cpython-strict/host-tools/rustup/toolchains/nightly-2025-01-18-x86_64-unknown-linux-gnu/lib/rustlib/x86_64-unknown-linux-gnu/lib:/app/target/cpython-strict/host-tools/rustup/toolchains/nightly-2025-01-18-x86_64-unknown-linux-gnu/lib:/opt/kendryte-toolchain/bin/:' NUM_JOBS=10 OPT_LEVEL=3 OUT_DIR=/app/target/cpython-strict/build/primp-0.15.0/target/loongarch64-unknown-linux-musl/release/build/boring-sys2-8323dabab925218a/out PROFILE=release RUSTC=/app/target/cpython-strict/host-tools/rustup/toolchains/nightly-2025-01-18-x86_64-unknown-linux-gnu/bin/rustc RUSTC_LINKER=/app/target/cpython-strict/cross/loongarch64-linux-musl-gcc RUSTDOC=/app/target/cpython-strict/host-tools/rustup/toolchains/nightly-2025-01-18-x86_64-unknown-linux-gnu/bin/rustdoc TARGET=loongarch64-unknown-linux-musl /app/target/cpython-strict/build/primp-0.15.0/target/release/build/boring-sys2-ed142f6e08af6ddb/build-script-main` (exit status: 101)
  --- stdout
  cargo:rerun-if-env-changed=BORING_BSSL_PATH_x86_64-unknown-linux-gnu
  cargo:rerun-if-env-changed=BORING_BSSL_PATH_x86_64_unknown_linux_gnu
  cargo:rerun-if-env-changed=TARGET_BORING_BSSL_PATH
  cargo:rerun-if-env-changed=BORING_BSSL_PATH
  cargo:rerun-if-env-changed=BORING_BSSL_INCLUDE_PATH_x86_64-unknown-linux-gnu
  cargo:rerun-if-env-changed=BORING_BSSL_INCLUDE_PATH_x86_64_unknown_linux_gnu
  cargo:rerun-if-env-changed=TARGET_BORING_BSSL_INCLUDE_PATH
  cargo:rerun-if-env-changed=BORING_BSSL_INCLUDE_PATH
  cargo:rerun-if-env-changed=BORING_BSSL_SOURCE_PATH_x86_64-unknown-linux-gnu
  cargo:rerun-if-env-changed=BORING_BSSL_SOURCE_PATH_x86_64_unknown_linux_gnu
  cargo:rerun-if-env-changed=TARGET_BORING_BSSL_SOURCE_PATH
  cargo:rerun-if-env-changed=BORING_BSSL_SOURCE_PATH
  cargo:rerun-if-env-changed=BORING_BSSL_PRECOMPILED_BCM_O_x86_64-unknown-linux-gnu
  cargo:rerun-if-env-changed=BORING_BSSL_PRECOMPILED_BCM_O_x86_64_unknown_linux_gnu
  cargo:rerun-if-env-changed=TARGET_BORING_BSSL_PRECOMPILED_BCM_O
  cargo:rerun-if-env-changed=BORING_BSSL_PRECOMPILED_BCM_O
  cargo:rerun-if-env-changed=BORING_BSSL_ASSUME_PATCHED_x86_64-unknown-linux-gnu
  cargo:rerun-if-env-changed=BORING_BSSL_ASSUME_PATCHED_x86_64_unknown_linux_gnu
  cargo:rerun-if-env-changed=TARGET_BORING_BSSL_ASSUME_PATCHED
  cargo:rerun-if-env-changed=BORING_BSSL_ASSUME_PATCHED
  cargo:rerun-if-env-changed=BORING_BSSL_SYSROOT_x86_64-unknown-linux-gnu
  cargo:rerun-if-env-changed=BORING_BSSL_SYSROOT_x86_64_unknown_linux_gnu
  cargo:rerun-if-env-changed=TARGET_BORING_BSSL_SYSROOT
  cargo:rerun-if-env-changed=BORING_BSSL_SYSROOT
  cargo:rerun-if-env-changed=BORING_BSSL_COMPILER_EXTERNAL_TOOLCHAIN_x86_64-unknown-linux-gnu
  cargo:rerun-if-env-changed=BORING_BSSL_COMPILER_EXTERNAL_TOOLCHAIN_x86_64_unknown_linux_gnu
  cargo:rerun-if-env-changed=TARGET_BORING_BSSL_COMPILER_EXTERNAL_TOOLCHAIN
  cargo:rerun-if-env-changed=BORING_BSSL_COMPILER_EXTERNAL_TOOLCHAIN
  cargo:rerun-if-env-changed=DEBUG_x86_64-unknown-linux-gnu
  cargo:rerun-if-env-changed=DEBUG_x86_64_unknown_linux_gnu
  cargo:rerun-if-env-changed=TARGET_DEBUG
  cargo:rerun-if-env-changed=DEBUG
  cargo:rerun-if-env-changed=OPT_LEVEL_x86_64-unknown-linux-gnu
  cargo:rerun-if-env-changed=OPT_LEVEL_x86_64_unknown_linux_gnu
  cargo:rerun-if-env-changed=TARGET_OPT_LEVEL
  cargo:rerun-if-env-changed=OPT_LEVEL
  cargo:rerun-if-env-changed=ANDROID_NDK_HOME_x86_64-unknown-linux-gnu
  cargo:rerun-if-env-changed=ANDROID_NDK_HOME_x86_64_unknown_linux_gnu
  cargo:rerun-if-env-changed=TARGET_ANDROID_NDK_HOME
  cargo:rerun-if-env-changed=ANDROID_NDK_HOME
  cargo:rerun-if-env-changed=CMAKE_TOOLCHAIN_FILE_x86_64-unknown-linux-gnu
  cargo:rerun-if-env-changed=CMAKE_TOOLCHAIN_FILE_x86_64_unknown_linux_gnu
  cargo:rerun-if-env-changed=TARGET_CMAKE_TOOLCHAIN_FILE
  cargo:rerun-if-env-changed=CMAKE_TOOLCHAIN_FILE
  cargo:rerun-if-env-changed=BORING_BSSL_RUST_CPPLIB_x86_64-unknown-linux-gnu
  cargo:rerun-if-env-changed=BORING_BSSL_RUST_CPPLIB_x86_64_unknown_linux_gnu
  cargo:rerun-if-env-changed=TARGET_BORING_BSSL_RUST_CPPLIB
  cargo:rerun-if-env-changed=BORING_BSSL_RUST_CPPLIB

  --- stderr

  thread 'main' panicked at /app/target/cpython-strict/host-tools/cargo/registry/src/index.crates.io-1949cf8c6b5b557f/boring-sys2-4.15.11/build/main.rs:564:13:
  BORING_BSSL_ASSUME_PATCHED must be set when setting
                     BORING_BSSL_SOURCE_PATH and using any of the following
                     features: rpk, pq-experimental, underscore-wildcards
  note: run with `RUST_BACKTRACE=1` environment variable to display a backtrace
warning: build failed, waiting for other jobs to finish...
[slab 0.4.9] warning: unstable feature specified for `-Ctarget-feature`: `ual`
[slab 0.4.9]   |
[slab 0.4.9]   = note: this feature is not stably supported; its behavior can change in the future
[slab 0.4.9] 
[slab 0.4.9] warning: 1 warning emitted
[slab 0.4.9] 
warning: `icu_locid` (lib) generated 1 warning (1 duplicate)
warning: `deranged` (lib) generated 1 warning (1 duplicate)
warning: `icu_provider` (lib) generated 2 warnings (1 duplicate)
warning: `futures-util` (lib) generated 1 warning (1 duplicate)
warning: `tokio` (lib) generated 1 warning (1 duplicate)
[2m2026-07-18T04:24:53.964891Z[0m [32m INFO[0m [1mbuild_wheels[0m: [2mmaturin::build_context[0m[2m:[0m close [3mtime.busy[0m[2m=[0m52.9s [3mtime.idle[0m[2m=[0m3.17µs
💥 maturin failed
  Caused by: Failed to build a native library through cargo
  Caused by: Cargo build finished with "exit status: 101": `env -u CARGO CARGO_ENCODED_RUSTFLAGS="-C\u{1f}target-feature=-ual\u{1f}-C\u{1f}target-feature=-crt-static" PYO3_CONFIG_FILE="/app/target/cpython-strict/build/primp-0.15.0/target/maturin/pyo3-config-loongarch64-unknown-linux-musl-3.8.txt" "cargo" "rustc" "--features" "pyo3/extension-module" "--target" "loongarch64-unknown-linux-musl" "--message-format" "json-render-diagnostics" "-vv" "--locked" "--manifest-path" "/app/target/cpython-strict/build/primp-0.15.0/Cargo.toml" "--release" "--lib"`
make: *** [cpython-la64-runtime-build] Error 1
