docker run --rm --user "$(id -u):$(id -g)" \
		-v "/Users/luzimo/dev/MangoCore:/app" -w /app zhouzhouyi/os-contest:20260104 \
		./scripts/build_cpython_runtime_la64_strict.sh
WARNING: The requested image's platform (linux/amd64) does not match the detected host platform (linux/arm64/v8) and no specific platform was requested
[strict-cpython] fetching and verifying pinned sources
checking build system type... x86_64-pc-linux-gnu
checking host system type... loongarch64-unknown-linux-musl
checking for a BSD-compatible install... /usr/bin/install -c
checking whether build environment is sane... yes
checking for loongarch64-linux-musl-strip... /app/target/cpython-strict/toolchain/full-gcc-15.2.0-musl-20250911/loongarch64-unknown-linux-musl/bin/loongarch64-unknown-linux-musl-strip
checking for a race-free mkdir -p... /usr/bin/mkdir -p
checking for gawk... gawk
checking whether make sets $(MAKE)... yes
checking whether make supports nested variables... yes
checking whether to enable maintainer-specific portions of Makefiles... yes
checking whether make supports nested variables... (cached) yes
checking for loongarch64-linux-musl-gcc... /app/target/cpython-strict/cross/loongarch64-linux-musl-gcc
checking whether the C compiler works... yes
checking for C compiler default output file name... a.out
checking for suffix of executables... 
checking whether we are cross compiling... yes
checking for suffix of object files... o
checking whether the compiler supports GNU C... yes
checking whether /app/target/cpython-strict/cross/loongarch64-linux-musl-gcc accepts -g... yes
checking for /app/target/cpython-strict/cross/loongarch64-linux-musl-gcc option to enable C11 features... none needed
checking whether /app/target/cpython-strict/cross/loongarch64-linux-musl-gcc understands -c and -o together... yes
checking whether make supports the include directive... yes (GNU style)
checking dependency style of /app/target/cpython-strict/cross/loongarch64-linux-musl-gcc... gcc3
checking whether ln -s works... yes
checking for tar... /usr/bin/tar
checking for wget... /usr/bin/wget
checking for xsltproc... /usr/bin/xsltproc
checking for loongarch64-linux-musl-pkg-config... no
checking for pkg-config... /usr/bin/pkg-config
configure: WARNING: using cross tools not prefixed with host triplet
checking pkg-config is at least version 0.9.0... yes
checking how to print strings... printf
checking for a sed that does not truncate output... /usr/bin/sed
checking for grep that handles long lines and -e... /usr/bin/grep
checking for egrep... /usr/bin/grep -E
checking for fgrep... /usr/bin/grep -F
checking for ld used by /app/target/cpython-strict/cross/loongarch64-linux-musl-gcc... /app/target/cpython-strict/toolchain/full-gcc-15.2.0-musl-20250911/loongarch64-unknown-linux-musl/loongarch64-unknown-linux-musl/bin/ld
checking if the linker (/app/target/cpython-strict/toolchain/full-gcc-15.2.0-musl-20250911/loongarch64-unknown-linux-musl/loongarch64-unknown-linux-musl/bin/ld) is GNU ld... yes
checking for BSD- or MS-compatible name lister (nm)... /opt/loongarch64-linux-musl-cross/bin/loongarch64-linux-musl-nm -B
checking the name lister (/opt/loongarch64-linux-musl-cross/bin/loongarch64-linux-musl-nm -B) interface... BSD nm
checking the maximum length of command line arguments... 1572864
checking how to convert x86_64-pc-linux-gnu file names to loongarch64-unknown-linux-musl format... func_convert_file_noop
checking how to convert x86_64-pc-linux-gnu file names to toolchain format... func_convert_file_noop
checking for /app/target/cpython-strict/toolchain/full-gcc-15.2.0-musl-20250911/loongarch64-unknown-linux-musl/loongarch64-unknown-linux-musl/bin/ld option to reload object files... -r
checking for loongarch64-linux-musl-file... no
checking for file... file
checking for loongarch64-linux-musl-objdump... loongarch64-linux-musl-objdump
checking how to recognize dependent libraries... pass_all
checking for loongarch64-linux-musl-dlltool... no
checking for dlltool... no
checking how to associate runtime and link libraries... printf %s\n
checking for loongarch64-linux-musl-ar... /app/target/cpython-strict/toolchain/full-gcc-15.2.0-musl-20250911/loongarch64-unknown-linux-musl/bin/loongarch64-unknown-linux-musl-gcc-ar
checking for archiver @FILE support... @
checking for loongarch64-linux-musl-strip... (cached) /app/target/cpython-strict/toolchain/full-gcc-15.2.0-musl-20250911/loongarch64-unknown-linux-musl/bin/loongarch64-unknown-linux-musl-strip
checking for loongarch64-linux-musl-ranlib... /app/target/cpython-strict/toolchain/full-gcc-15.2.0-musl-20250911/loongarch64-unknown-linux-musl/bin/loongarch64-unknown-linux-musl-gcc-ranlib
checking command to parse /opt/loongarch64-linux-musl-cross/bin/loongarch64-linux-musl-nm -B output from /app/target/cpython-strict/cross/loongarch64-linux-musl-gcc object... ok
checking for sysroot... no
checking for a working dd... /usr/bin/dd
checking how to truncate binary pipes... /usr/bin/dd bs=4096 count=1
checking for loongarch64-linux-musl-mt... no
checking for mt... mt
checking if mt is a manifest tool... no
checking for stdio.h... yes
checking for stdlib.h... yes
checking for string.h... yes
checking for inttypes.h... yes
checking for stdint.h... yes
checking for strings.h... yes
checking for sys/stat.h... yes
checking for sys/types.h... yes
checking for unistd.h... yes
checking for dlfcn.h... yes
checking for objdir... .libs
checking if /app/target/cpython-strict/cross/loongarch64-linux-musl-gcc supports -fno-rtti -fno-exceptions... no
checking for /app/target/cpython-strict/cross/loongarch64-linux-musl-gcc option to produce PIC... -fPIC -DPIC
checking if /app/target/cpython-strict/cross/loongarch64-linux-musl-gcc PIC flag -fPIC -DPIC works... yes
checking if /app/target/cpython-strict/cross/loongarch64-linux-musl-gcc static flag -static works... yes
checking if /app/target/cpython-strict/cross/loongarch64-linux-musl-gcc supports -c -o file.o... yes
checking if /app/target/cpython-strict/cross/loongarch64-linux-musl-gcc supports -c -o file.o... (cached) yes
checking whether the /app/target/cpython-strict/cross/loongarch64-linux-musl-gcc linker (/app/target/cpython-strict/toolchain/full-gcc-15.2.0-musl-20250911/loongarch64-unknown-linux-musl/loongarch64-unknown-linux-musl/bin/ld) supports shared libraries... yes
checking whether -lc should be explicitly linked in... no
checking dynamic linker characteristics... GNU/Linux ld.so
checking how to hardcode library paths into programs... immediate
checking whether stripping libraries is possible... yes
checking if libtool supports shared libraries... yes
checking whether to build shared libraries... yes
checking whether to build static libraries... yes
checking for cos in -lm... yes
checking for __attribute__((destructor))... yes
checking for stdint.h... (cached) yes
checking for /app/target/cpython-strict/cross/loongarch64-linux-musl-gcc options needed to detect all undeclared functions... none needed
checking whether getentropy is declared... no
checking whether glob is declared... yes
checking whether mmap is declared... yes
checking for pthread.h... yes
checking for library containing pthread_create... none required
Enabling zlib compression support
checking for zlib... yes
Enabling lzma compression support
checking for liblzma... yes
checking for libiconv... none required
checking that generated files are newer than configure... done
configure: creating ./config.status
config.status: creating Makefile
config.status: creating include/Makefile
config.status: creating include/libxml/Makefile
config.status: creating include/private/Makefile
config.status: creating doc/Makefile
config.status: creating doc/devhelp/Makefile
config.status: creating example/Makefile
config.status: creating fuzz/Makefile
config.status: creating python/Makefile
config.status: creating python/tests/Makefile
config.status: creating xstc/Makefile
config.status: creating include/libxml/xmlversion.h
config.status: creating libxml-2.0.pc
config.status: creating libxml2-config.cmake
config.status: creating python/setup.py
config.status: creating xml2-config
config.status: creating config.h
config.status: executing depfiles commands
config.status: executing libtool commands
make  all-recursive
make[1]: Entering directory '/app/target/cpython-strict/build/libxml2-2.14.6'
Making all in include
make[2]: Entering directory '/app/target/cpython-strict/build/libxml2-2.14.6/include'
Making all in libxml
make[3]: Entering directory '/app/target/cpython-strict/build/libxml2-2.14.6/include/libxml'
make[3]: Nothing to be done for 'all'.
make[3]: Leaving directory '/app/target/cpython-strict/build/libxml2-2.14.6/include/libxml'
Making all in private
make[3]: Entering directory '/app/target/cpython-strict/build/libxml2-2.14.6/include/private'
make[3]: Nothing to be done for 'all'.
make[3]: Leaving directory '/app/target/cpython-strict/build/libxml2-2.14.6/include/private'
make[3]: Entering directory '/app/target/cpython-strict/build/libxml2-2.14.6/include'
make[3]: Nothing to be done for 'all-am'.
make[3]: Leaving directory '/app/target/cpython-strict/build/libxml2-2.14.6/include'
make[2]: Leaving directory '/app/target/cpython-strict/build/libxml2-2.14.6/include'
Making all in .
make[2]: Entering directory '/app/target/cpython-strict/build/libxml2-2.14.6'
/app/target/cpython-strict/cross/loongarch64-linux-musl-gcc -DHAVE_CONFIG_H -I.  -I./include -I./include -DSYSCONFDIR='"/usr/etc"' -I/app/target/cpython-strict/sysroot/usr/include -pedantic -Wall -Wextra -Wshadow -Wpointer-arith -Wcast-align -Wwrite-strings -Wstrict-prototypes -Wmissing-prototypes -Wno-long-long -Wno-format-extra-args -Wno-array-bounds   -Os -fstack-clash-protection -Wformat -Werror=format-security -fno-plt -march=loongarch64 -mabi=lp64d -mstrict-align -MT xmllint-xmllint.o -MD -MP -MF .deps/xmllint-xmllint.Tpo -c -o xmllint-xmllint.o `test -f 'xmllint.c' || echo './'`xmllint.c
/app/target/cpython-strict/cross/loongarch64-linux-musl-gcc -DHAVE_CONFIG_H -I.  -I./include -I./include -DSYSCONFDIR='"/usr/etc"' -I/app/target/cpython-strict/sysroot/usr/include -pedantic -Wall -Wextra -Wshadow -Wpointer-arith -Wcast-align -Wwrite-strings -Wstrict-prototypes -Wmissing-prototypes -Wno-long-long -Wno-format-extra-args -Wno-array-bounds   -Os -fstack-clash-protection -Wformat -Werror=format-security -fno-plt -march=loongarch64 -mabi=lp64d -mstrict-align -MT xmllint-shell.o -MD -MP -MF .deps/xmllint-shell.Tpo -c -o xmllint-shell.o `test -f 'shell.c' || echo './'`shell.c
/app/target/cpython-strict/cross/loongarch64-linux-musl-gcc -DHAVE_CONFIG_H -I.  -I./include -I./include -DSYSCONFDIR='"/usr/etc"' -I/app/target/cpython-strict/sysroot/usr/include -pedantic -Wall -Wextra -Wshadow -Wpointer-arith -Wcast-align -Wwrite-strings -Wstrict-prototypes -Wmissing-prototypes -Wno-long-long -Wno-format-extra-args -Wno-array-bounds   -Os -fstack-clash-protection -Wformat -Werror=format-security -fno-plt -march=loongarch64 -mabi=lp64d -mstrict-align -MT xmllint-lintmain.o -MD -MP -MF .deps/xmllint-lintmain.Tpo -c -o xmllint-lintmain.o `test -f 'lintmain.c' || echo './'`lintmain.c
/bin/bash ./libtool  --tag=CC   --mode=compile /app/target/cpython-strict/cross/loongarch64-linux-musl-gcc -DHAVE_CONFIG_H -I.  -I./include -I./include -DSYSCONFDIR='"/usr/etc"' -I/app/target/cpython-strict/sysroot/usr/include -pedantic -Wall -Wextra -Wshadow -Wpointer-arith -Wcast-align -Wwrite-strings -Wstrict-prototypes -Wmissing-prototypes -Wno-long-long -Wno-format-extra-args -Wno-array-bounds -I/app/target/cpython-strict/sysroot/usr/include  -I/app/target/cpython-strict/sysroot/usr/include   -Os -fstack-clash-protection -Wformat -Werror=format-security -fno-plt -march=loongarch64 -mabi=lp64d -mstrict-align -MT libxml2_la-buf.lo -MD -MP -MF .deps/libxml2_la-buf.Tpo -c -o libxml2_la-buf.lo `test -f 'buf.c' || echo './'`buf.c
libtool: compile:  /app/target/cpython-strict/cross/loongarch64-linux-musl-gcc -DHAVE_CONFIG_H -I. -I./include -I./include -DSYSCONFDIR=\"/usr/etc\" -I/app/target/cpython-strict/sysroot/usr/include -pedantic -Wall -Wextra -Wshadow -Wpointer-arith -Wcast-align -Wwrite-strings -Wstrict-prototypes -Wmissing-prototypes -Wno-long-long -Wno-format-extra-args -Wno-array-bounds -I/app/target/cpython-strict/sysroot/usr/include -I/app/target/cpython-strict/sysroot/usr/include -Os -fstack-clash-protection -Wformat -Werror=format-security -fno-plt -march=loongarch64 -mabi=lp64d -mstrict-align -MT libxml2_la-buf.lo -MD -MP -MF .deps/libxml2_la-buf.Tpo -c buf.c  -fPIC -DPIC -o .libs/libxml2_la-buf.o
mv -f .deps/xmllint-lintmain.Tpo .deps/xmllint-lintmain.Po
/bin/bash ./libtool  --tag=CC   --mode=compile /app/target/cpython-strict/cross/loongarch64-linux-musl-gcc -DHAVE_CONFIG_H -I.  -I./include -I./include -DSYSCONFDIR='"/usr/etc"' -I/app/target/cpython-strict/sysroot/usr/include -pedantic -Wall -Wextra -Wshadow -Wpointer-arith -Wcast-align -Wwrite-strings -Wstrict-prototypes -Wmissing-prototypes -Wno-long-long -Wno-format-extra-args -Wno-array-bounds -I/app/target/cpython-strict/sysroot/usr/include  -I/app/target/cpython-strict/sysroot/usr/include   -Os -fstack-clash-protection -Wformat -Werror=format-security -fno-plt -march=loongarch64 -mabi=lp64d -mstrict-align -MT libxml2_la-chvalid.lo -MD -MP -MF .deps/libxml2_la-chvalid.Tpo -c -o libxml2_la-chvalid.lo `test -f 'chvalid.c' || echo './'`chvalid.c
libtool: compile:  /app/target/cpython-strict/cross/loongarch64-linux-musl-gcc -DHAVE_CONFIG_H -I. -I./include -I./include -DSYSCONFDIR=\"/usr/etc\" -I/app/target/cpython-strict/sysroot/usr/include -pedantic -Wall -Wextra -Wshadow -Wpointer-arith -Wcast-align -Wwrite-strings -Wstrict-prototypes -Wmissing-prototypes -Wno-long-long -Wno-format-extra-args -Wno-array-bounds -I/app/target/cpython-strict/sysroot/usr/include -I/app/target/cpython-strict/sysroot/usr/include -Os -fstack-clash-protection -Wformat -Werror=format-security -fno-plt -march=loongarch64 -mabi=lp64d -mstrict-align -MT libxml2_la-chvalid.lo -MD -MP -MF .deps/libxml2_la-chvalid.Tpo -c chvalid.c  -fPIC -DPIC -o .libs/libxml2_la-chvalid.o
mv -f .deps/xmllint-shell.Tpo .deps/xmllint-shell.Po
/bin/bash ./libtool  --tag=CC   --mode=compile /app/target/cpython-strict/cross/loongarch64-linux-musl-gcc -DHAVE_CONFIG_H -I.  -I./include -I./include -DSYSCONFDIR='"/usr/etc"' -I/app/target/cpython-strict/sysroot/usr/include -pedantic -Wall -Wextra -Wshadow -Wpointer-arith -Wcast-align -Wwrite-strings -Wstrict-prototypes -Wmissing-prototypes -Wno-long-long -Wno-format-extra-args -Wno-array-bounds -I/app/target/cpython-strict/sysroot/usr/include  -I/app/target/cpython-strict/sysroot/usr/include   -Os -fstack-clash-protection -Wformat -Werror=format-security -fno-plt -march=loongarch64 -mabi=lp64d -mstrict-align -MT libxml2_la-dict.lo -MD -MP -MF .deps/libxml2_la-dict.Tpo -c -o libxml2_la-dict.lo `test -f 'dict.c' || echo './'`dict.c
libtool: compile:  /app/target/cpython-strict/cross/loongarch64-linux-musl-gcc -DHAVE_CONFIG_H -I. -I./include -I./include -DSYSCONFDIR=\"/usr/etc\" -I/app/target/cpython-strict/sysroot/usr/include -pedantic -Wall -Wextra -Wshadow -Wpointer-arith -Wcast-align -Wwrite-strings -Wstrict-prototypes -Wmissing-prototypes -Wno-long-long -Wno-format-extra-args -Wno-array-bounds -I/app/target/cpython-strict/sysroot/usr/include -I/app/target/cpython-strict/sysroot/usr/include -Os -fstack-clash-protection -Wformat -Werror=format-security -fno-plt -march=loongarch64 -mabi=lp64d -mstrict-align -MT libxml2_la-buf.lo -MD -MP -MF .deps/libxml2_la-buf.Tpo -c buf.c -o libxml2_la-buf.o >/dev/null 2>&1
libtool: compile:  /app/target/cpython-strict/cross/loongarch64-linux-musl-gcc -DHAVE_CONFIG_H -I. -I./include -I./include -DSYSCONFDIR=\"/usr/etc\" -I/app/target/cpython-strict/sysroot/usr/include -pedantic -Wall -Wextra -Wshadow -Wpointer-arith -Wcast-align -Wwrite-strings -Wstrict-prototypes -Wmissing-prototypes -Wno-long-long -Wno-format-extra-args -Wno-array-bounds -I/app/target/cpython-strict/sysroot/usr/include -I/app/target/cpython-strict/sysroot/usr/include -Os -fstack-clash-protection -Wformat -Werror=format-security -fno-plt -march=loongarch64 -mabi=lp64d -mstrict-align -MT libxml2_la-dict.lo -MD -MP -MF .deps/libxml2_la-dict.Tpo -c dict.c  -fPIC -DPIC -o .libs/libxml2_la-dict.o
libtool: compile:  /app/target/cpython-strict/cross/loongarch64-linux-musl-gcc -DHAVE_CONFIG_H -I. -I./include -I./include -DSYSCONFDIR=\"/usr/etc\" -I/app/target/cpython-strict/sysroot/usr/include -pedantic -Wall -Wextra -Wshadow -Wpointer-arith -Wcast-align -Wwrite-strings -Wstrict-prototypes -Wmissing-prototypes -Wno-long-long -Wno-format-extra-args -Wno-array-bounds -I/app/target/cpython-strict/sysroot/usr/include -I/app/target/cpython-strict/sysroot/usr/include -Os -fstack-clash-protection -Wformat -Werror=format-security -fno-plt -march=loongarch64 -mabi=lp64d -mstrict-align -MT libxml2_la-chvalid.lo -MD -MP -MF .deps/libxml2_la-chvalid.Tpo -c chvalid.c -o libxml2_la-chvalid.o >/dev/null 2>&1
mv -f .deps/xmllint-xmllint.Tpo .deps/xmllint-xmllint.Po
/bin/bash ./libtool  --tag=CC   --mode=compile /app/target/cpython-strict/cross/loongarch64-linux-musl-gcc -DHAVE_CONFIG_H -I.  -I./include -I./include -DSYSCONFDIR='"/usr/etc"' -I/app/target/cpython-strict/sysroot/usr/include -pedantic -Wall -Wextra -Wshadow -Wpointer-arith -Wcast-align -Wwrite-strings -Wstrict-prototypes -Wmissing-prototypes -Wno-long-long -Wno-format-extra-args -Wno-array-bounds -I/app/target/cpython-strict/sysroot/usr/include  -I/app/target/cpython-strict/sysroot/usr/include   -Os -fstack-clash-protection -Wformat -Werror=format-security -fno-plt -march=loongarch64 -mabi=lp64d -mstrict-align -MT libxml2_la-entities.lo -MD -MP -MF .deps/libxml2_la-entities.Tpo -c -o libxml2_la-entities.lo `test -f 'entities.c' || echo './'`entities.c
libtool: compile:  /app/target/cpython-strict/cross/loongarch64-linux-musl-gcc -DHAVE_CONFIG_H -I. -I./include -I./include -DSYSCONFDIR=\"/usr/etc\" -I/app/target/cpython-strict/sysroot/usr/include -pedantic -Wall -Wextra -Wshadow -Wpointer-arith -Wcast-align -Wwrite-strings -Wstrict-prototypes -Wmissing-prototypes -Wno-long-long -Wno-format-extra-args -Wno-array-bounds -I/app/target/cpython-strict/sysroot/usr/include -I/app/target/cpython-strict/sysroot/usr/include -Os -fstack-clash-protection -Wformat -Werror=format-security -fno-plt -march=loongarch64 -mabi=lp64d -mstrict-align -MT libxml2_la-entities.lo -MD -MP -MF .deps/libxml2_la-entities.Tpo -c entities.c  -fPIC -DPIC -o .libs/libxml2_la-entities.o
mv -f .deps/libxml2_la-chvalid.Tpo .deps/libxml2_la-chvalid.Plo
/bin/bash ./libtool  --tag=CC   --mode=compile /app/target/cpython-strict/cross/loongarch64-linux-musl-gcc -DHAVE_CONFIG_H -I.  -I./include -I./include -DSYSCONFDIR='"/usr/etc"' -I/app/target/cpython-strict/sysroot/usr/include -pedantic -Wall -Wextra -Wshadow -Wpointer-arith -Wcast-align -Wwrite-strings -Wstrict-prototypes -Wmissing-prototypes -Wno-long-long -Wno-format-extra-args -Wno-array-bounds -I/app/target/cpython-strict/sysroot/usr/include  -I/app/target/cpython-strict/sysroot/usr/include   -Os -fstack-clash-protection -Wformat -Werror=format-security -fno-plt -march=loongarch64 -mabi=lp64d -mstrict-align -MT libxml2_la-encoding.lo -MD -MP -MF .deps/libxml2_la-encoding.Tpo -c -o libxml2_la-encoding.lo `test -f 'encoding.c' || echo './'`encoding.c
mv -f .deps/libxml2_la-buf.Tpo .deps/libxml2_la-buf.Plo
/bin/bash ./libtool  --tag=CC   --mode=compile /app/target/cpython-strict/cross/loongarch64-linux-musl-gcc -DHAVE_CONFIG_H -I.  -I./include -I./include -DSYSCONFDIR='"/usr/etc"' -I/app/target/cpython-strict/sysroot/usr/include -pedantic -Wall -Wextra -Wshadow -Wpointer-arith -Wcast-align -Wwrite-strings -Wstrict-prototypes -Wmissing-prototypes -Wno-long-long -Wno-format-extra-args -Wno-array-bounds -I/app/target/cpython-strict/sysroot/usr/include  -I/app/target/cpython-strict/sysroot/usr/include   -Os -fstack-clash-protection -Wformat -Werror=format-security -fno-plt -march=loongarch64 -mabi=lp64d -mstrict-align -MT libxml2_la-error.lo -MD -MP -MF .deps/libxml2_la-error.Tpo -c -o libxml2_la-error.lo `test -f 'error.c' || echo './'`error.c
libtool: compile:  /app/target/cpython-strict/cross/loongarch64-linux-musl-gcc -DHAVE_CONFIG_H -I. -I./include -I./include -DSYSCONFDIR=\"/usr/etc\" -I/app/target/cpython-strict/sysroot/usr/include -pedantic -Wall -Wextra -Wshadow -Wpointer-arith -Wcast-align -Wwrite-strings -Wstrict-prototypes -Wmissing-prototypes -Wno-long-long -Wno-format-extra-args -Wno-array-bounds -I/app/target/cpython-strict/sysroot/usr/include -I/app/target/cpython-strict/sysroot/usr/include -Os -fstack-clash-protection -Wformat -Werror=format-security -fno-plt -march=loongarch64 -mabi=lp64d -mstrict-align -MT libxml2_la-dict.lo -MD -MP -MF .deps/libxml2_la-dict.Tpo -c dict.c -o libxml2_la-dict.o >/dev/null 2>&1
libtool: compile:  /app/target/cpython-strict/cross/loongarch64-linux-musl-gcc -DHAVE_CONFIG_H -I. -I./include -I./include -DSYSCONFDIR=\"/usr/etc\" -I/app/target/cpython-strict/sysroot/usr/include -pedantic -Wall -Wextra -Wshadow -Wpointer-arith -Wcast-align -Wwrite-strings -Wstrict-prototypes -Wmissing-prototypes -Wno-long-long -Wno-format-extra-args -Wno-array-bounds -I/app/target/cpython-strict/sysroot/usr/include -I/app/target/cpython-strict/sysroot/usr/include -Os -fstack-clash-protection -Wformat -Werror=format-security -fno-plt -march=loongarch64 -mabi=lp64d -mstrict-align -MT libxml2_la-encoding.lo -MD -MP -MF .deps/libxml2_la-encoding.Tpo -c encoding.c  -fPIC -DPIC -o .libs/libxml2_la-encoding.o
libtool: compile:  /app/target/cpython-strict/cross/loongarch64-linux-musl-gcc -DHAVE_CONFIG_H -I. -I./include -I./include -DSYSCONFDIR=\"/usr/etc\" -I/app/target/cpython-strict/sysroot/usr/include -pedantic -Wall -Wextra -Wshadow -Wpointer-arith -Wcast-align -Wwrite-strings -Wstrict-prototypes -Wmissing-prototypes -Wno-long-long -Wno-format-extra-args -Wno-array-bounds -I/app/target/cpython-strict/sysroot/usr/include -I/app/target/cpython-strict/sysroot/usr/include -Os -fstack-clash-protection -Wformat -Werror=format-security -fno-plt -march=loongarch64 -mabi=lp64d -mstrict-align -MT libxml2_la-error.lo -MD -MP -MF .deps/libxml2_la-error.Tpo -c error.c  -fPIC -DPIC -o .libs/libxml2_la-error.o
libtool: compile:  /app/target/cpython-strict/cross/loongarch64-linux-musl-gcc -DHAVE_CONFIG_H -I. -I./include -I./include -DSYSCONFDIR=\"/usr/etc\" -I/app/target/cpython-strict/sysroot/usr/include -pedantic -Wall -Wextra -Wshadow -Wpointer-arith -Wcast-align -Wwrite-strings -Wstrict-prototypes -Wmissing-prototypes -Wno-long-long -Wno-format-extra-args -Wno-array-bounds -I/app/target/cpython-strict/sysroot/usr/include -I/app/target/cpython-strict/sysroot/usr/include -Os -fstack-clash-protection -Wformat -Werror=format-security -fno-plt -march=loongarch64 -mabi=lp64d -mstrict-align -MT libxml2_la-entities.lo -MD -MP -MF .deps/libxml2_la-entities.Tpo -c entities.c -o libxml2_la-entities.o >/dev/null 2>&1
mv -f .deps/libxml2_la-dict.Tpo .deps/libxml2_la-dict.Plo
/bin/bash ./libtool  --tag=CC   --mode=compile /app/target/cpython-strict/cross/loongarch64-linux-musl-gcc -DHAVE_CONFIG_H -I.  -I./include -I./include -DSYSCONFDIR='"/usr/etc"' -I/app/target/cpython-strict/sysroot/usr/include -pedantic -Wall -Wextra -Wshadow -Wpointer-arith -Wcast-align -Wwrite-strings -Wstrict-prototypes -Wmissing-prototypes -Wno-long-long -Wno-format-extra-args -Wno-array-bounds -I/app/target/cpython-strict/sysroot/usr/include  -I/app/target/cpython-strict/sysroot/usr/include   -Os -fstack-clash-protection -Wformat -Werror=format-security -fno-plt -march=loongarch64 -mabi=lp64d -mstrict-align -MT libxml2_la-globals.lo -MD -MP -MF .deps/libxml2_la-globals.Tpo -c -o libxml2_la-globals.lo `test -f 'globals.c' || echo './'`globals.c
libtool: compile:  /app/target/cpython-strict/cross/loongarch64-linux-musl-gcc -DHAVE_CONFIG_H -I. -I./include -I./include -DSYSCONFDIR=\"/usr/etc\" -I/app/target/cpython-strict/sysroot/usr/include -pedantic -Wall -Wextra -Wshadow -Wpointer-arith -Wcast-align -Wwrite-strings -Wstrict-prototypes -Wmissing-prototypes -Wno-long-long -Wno-format-extra-args -Wno-array-bounds -I/app/target/cpython-strict/sysroot/usr/include -I/app/target/cpython-strict/sysroot/usr/include -Os -fstack-clash-protection -Wformat -Werror=format-security -fno-plt -march=loongarch64 -mabi=lp64d -mstrict-align -MT libxml2_la-error.lo -MD -MP -MF .deps/libxml2_la-error.Tpo -c error.c -o libxml2_la-error.o >/dev/null 2>&1
libtool: compile:  /app/target/cpython-strict/cross/loongarch64-linux-musl-gcc -DHAVE_CONFIG_H -I. -I./include -I./include -DSYSCONFDIR=\"/usr/etc\" -I/app/target/cpython-strict/sysroot/usr/include -pedantic -Wall -Wextra -Wshadow -Wpointer-arith -Wcast-align -Wwrite-strings -Wstrict-prototypes -Wmissing-prototypes -Wno-long-long -Wno-format-extra-args -Wno-array-bounds -I/app/target/cpython-strict/sysroot/usr/include -I/app/target/cpython-strict/sysroot/usr/include -Os -fstack-clash-protection -Wformat -Werror=format-security -fno-plt -march=loongarch64 -mabi=lp64d -mstrict-align -MT libxml2_la-globals.lo -MD -MP -MF .deps/libxml2_la-globals.Tpo -c globals.c  -fPIC -DPIC -o .libs/libxml2_la-globals.o
libtool: compile:  /app/target/cpython-strict/cross/loongarch64-linux-musl-gcc -DHAVE_CONFIG_H -I. -I./include -I./include -DSYSCONFDIR=\"/usr/etc\" -I/app/target/cpython-strict/sysroot/usr/include -pedantic -Wall -Wextra -Wshadow -Wpointer-arith -Wcast-align -Wwrite-strings -Wstrict-prototypes -Wmissing-prototypes -Wno-long-long -Wno-format-extra-args -Wno-array-bounds -I/app/target/cpython-strict/sysroot/usr/include -I/app/target/cpython-strict/sysroot/usr/include -Os -fstack-clash-protection -Wformat -Werror=format-security -fno-plt -march=loongarch64 -mabi=lp64d -mstrict-align -MT libxml2_la-encoding.lo -MD -MP -MF .deps/libxml2_la-encoding.Tpo -c encoding.c -o libxml2_la-encoding.o >/dev/null 2>&1
mv -f .deps/libxml2_la-entities.Tpo .deps/libxml2_la-entities.Plo
/bin/bash ./libtool  --tag=CC   --mode=compile /app/target/cpython-strict/cross/loongarch64-linux-musl-gcc -DHAVE_CONFIG_H -I.  -I./include -I./include -DSYSCONFDIR='"/usr/etc"' -I/app/target/cpython-strict/sysroot/usr/include -pedantic -Wall -Wextra -Wshadow -Wpointer-arith -Wcast-align -Wwrite-strings -Wstrict-prototypes -Wmissing-prototypes -Wno-long-long -Wno-format-extra-args -Wno-array-bounds -I/app/target/cpython-strict/sysroot/usr/include  -I/app/target/cpython-strict/sysroot/usr/include   -Os -fstack-clash-protection -Wformat -Werror=format-security -fno-plt -march=loongarch64 -mabi=lp64d -mstrict-align -MT libxml2_la-hash.lo -MD -MP -MF .deps/libxml2_la-hash.Tpo -c -o libxml2_la-hash.lo `test -f 'hash.c' || echo './'`hash.c
libtool: compile:  /app/target/cpython-strict/cross/loongarch64-linux-musl-gcc -DHAVE_CONFIG_H -I. -I./include -I./include -DSYSCONFDIR=\"/usr/etc\" -I/app/target/cpython-strict/sysroot/usr/include -pedantic -Wall -Wextra -Wshadow -Wpointer-arith -Wcast-align -Wwrite-strings -Wstrict-prototypes -Wmissing-prototypes -Wno-long-long -Wno-format-extra-args -Wno-array-bounds -I/app/target/cpython-strict/sysroot/usr/include -I/app/target/cpython-strict/sysroot/usr/include -Os -fstack-clash-protection -Wformat -Werror=format-security -fno-plt -march=loongarch64 -mabi=lp64d -mstrict-align -MT libxml2_la-hash.lo -MD -MP -MF .deps/libxml2_la-hash.Tpo -c hash.c  -fPIC -DPIC -o .libs/libxml2_la-hash.o
libtool: compile:  /app/target/cpython-strict/cross/loongarch64-linux-musl-gcc -DHAVE_CONFIG_H -I. -I./include -I./include -DSYSCONFDIR=\"/usr/etc\" -I/app/target/cpython-strict/sysroot/usr/include -pedantic -Wall -Wextra -Wshadow -Wpointer-arith -Wcast-align -Wwrite-strings -Wstrict-prototypes -Wmissing-prototypes -Wno-long-long -Wno-format-extra-args -Wno-array-bounds -I/app/target/cpython-strict/sysroot/usr/include -I/app/target/cpython-strict/sysroot/usr/include -Os -fstack-clash-protection -Wformat -Werror=format-security -fno-plt -march=loongarch64 -mabi=lp64d -mstrict-align -MT libxml2_la-globals.lo -MD -MP -MF .deps/libxml2_la-globals.Tpo -c globals.c -o libxml2_la-globals.o >/dev/null 2>&1
mv -f .deps/libxml2_la-error.Tpo .deps/libxml2_la-error.Plo
/bin/bash ./libtool  --tag=CC   --mode=compile /app/target/cpython-strict/cross/loongarch64-linux-musl-gcc -DHAVE_CONFIG_H -I.  -I./include -I./include -DSYSCONFDIR='"/usr/etc"' -I/app/target/cpython-strict/sysroot/usr/include -pedantic -Wall -Wextra -Wshadow -Wpointer-arith -Wcast-align -Wwrite-strings -Wstrict-prototypes -Wmissing-prototypes -Wno-long-long -Wno-format-extra-args -Wno-array-bounds -I/app/target/cpython-strict/sysroot/usr/include  -I/app/target/cpython-strict/sysroot/usr/include   -Os -fstack-clash-protection -Wformat -Werror=format-security -fno-plt -march=loongarch64 -mabi=lp64d -mstrict-align -MT libxml2_la-list.lo -MD -MP -MF .deps/libxml2_la-list.Tpo -c -o libxml2_la-list.lo `test -f 'list.c' || echo './'`list.c
libtool: compile:  /app/target/cpython-strict/cross/loongarch64-linux-musl-gcc -DHAVE_CONFIG_H -I. -I./include -I./include -DSYSCONFDIR=\"/usr/etc\" -I/app/target/cpython-strict/sysroot/usr/include -pedantic -Wall -Wextra -Wshadow -Wpointer-arith -Wcast-align -Wwrite-strings -Wstrict-prototypes -Wmissing-prototypes -Wno-long-long -Wno-format-extra-args -Wno-array-bounds -I/app/target/cpython-strict/sysroot/usr/include -I/app/target/cpython-strict/sysroot/usr/include -Os -fstack-clash-protection -Wformat -Werror=format-security -fno-plt -march=loongarch64 -mabi=lp64d -mstrict-align -MT libxml2_la-list.lo -MD -MP -MF .deps/libxml2_la-list.Tpo -c list.c  -fPIC -DPIC -o .libs/libxml2_la-list.o
mv -f .deps/libxml2_la-encoding.Tpo .deps/libxml2_la-encoding.Plo
/bin/bash ./libtool  --tag=CC   --mode=compile /app/target/cpython-strict/cross/loongarch64-linux-musl-gcc -DHAVE_CONFIG_H -I.  -I./include -I./include -DSYSCONFDIR='"/usr/etc"' -I/app/target/cpython-strict/sysroot/usr/include -pedantic -Wall -Wextra -Wshadow -Wpointer-arith -Wcast-align -Wwrite-strings -Wstrict-prototypes -Wmissing-prototypes -Wno-long-long -Wno-format-extra-args -Wno-array-bounds -I/app/target/cpython-strict/sysroot/usr/include  -I/app/target/cpython-strict/sysroot/usr/include   -Os -fstack-clash-protection -Wformat -Werror=format-security -fno-plt -march=loongarch64 -mabi=lp64d -mstrict-align -MT libxml2_la-parser.lo -MD -MP -MF .deps/libxml2_la-parser.Tpo -c -o libxml2_la-parser.lo `test -f 'parser.c' || echo './'`parser.c
mv -f .deps/libxml2_la-globals.Tpo .deps/libxml2_la-globals.Plo
libtool: compile:  /app/target/cpython-strict/cross/loongarch64-linux-musl-gcc -DHAVE_CONFIG_H -I. -I./include -I./include -DSYSCONFDIR=\"/usr/etc\" -I/app/target/cpython-strict/sysroot/usr/include -pedantic -Wall -Wextra -Wshadow -Wpointer-arith -Wcast-align -Wwrite-strings -Wstrict-prototypes -Wmissing-prototypes -Wno-long-long -Wno-format-extra-args -Wno-array-bounds -I/app/target/cpython-strict/sysroot/usr/include -I/app/target/cpython-strict/sysroot/usr/include -Os -fstack-clash-protection -Wformat -Werror=format-security -fno-plt -march=loongarch64 -mabi=lp64d -mstrict-align -MT libxml2_la-hash.lo -MD -MP -MF .deps/libxml2_la-hash.Tpo -c hash.c -o libxml2_la-hash.o >/dev/null 2>&1
/bin/bash ./libtool  --tag=CC   --mode=compile /app/target/cpython-strict/cross/loongarch64-linux-musl-gcc -DHAVE_CONFIG_H -I.  -I./include -I./include -DSYSCONFDIR='"/usr/etc"' -I/app/target/cpython-strict/sysroot/usr/include -pedantic -Wall -Wextra -Wshadow -Wpointer-arith -Wcast-align -Wwrite-strings -Wstrict-prototypes -Wmissing-prototypes -Wno-long-long -Wno-format-extra-args -Wno-array-bounds -I/app/target/cpython-strict/sysroot/usr/include  -I/app/target/cpython-strict/sysroot/usr/include   -Os -fstack-clash-protection -Wformat -Werror=format-security -fno-plt -march=loongarch64 -mabi=lp64d -mstrict-align -MT libxml2_la-parserInternals.lo -MD -MP -MF .deps/libxml2_la-parserInternals.Tpo -c -o libxml2_la-parserInternals.lo `test -f 'parserInternals.c' || echo './'`parserInternals.c
libtool: compile:  /app/target/cpython-strict/cross/loongarch64-linux-musl-gcc -DHAVE_CONFIG_H -I. -I./include -I./include -DSYSCONFDIR=\"/usr/etc\" -I/app/target/cpython-strict/sysroot/usr/include -pedantic -Wall -Wextra -Wshadow -Wpointer-arith -Wcast-align -Wwrite-strings -Wstrict-prototypes -Wmissing-prototypes -Wno-long-long -Wno-format-extra-args -Wno-array-bounds -I/app/target/cpython-strict/sysroot/usr/include -I/app/target/cpython-strict/sysroot/usr/include -Os -fstack-clash-protection -Wformat -Werror=format-security -fno-plt -march=loongarch64 -mabi=lp64d -mstrict-align -MT libxml2_la-parser.lo -MD -MP -MF .deps/libxml2_la-parser.Tpo -c parser.c  -fPIC -DPIC -o .libs/libxml2_la-parser.o
libtool: compile:  /app/target/cpython-strict/cross/loongarch64-linux-musl-gcc -DHAVE_CONFIG_H -I. -I./include -I./include -DSYSCONFDIR=\"/usr/etc\" -I/app/target/cpython-strict/sysroot/usr/include -pedantic -Wall -Wextra -Wshadow -Wpointer-arith -Wcast-align -Wwrite-strings -Wstrict-prototypes -Wmissing-prototypes -Wno-long-long -Wno-format-extra-args -Wno-array-bounds -I/app/target/cpython-strict/sysroot/usr/include -I/app/target/cpython-strict/sysroot/usr/include -Os -fstack-clash-protection -Wformat -Werror=format-security -fno-plt -march=loongarch64 -mabi=lp64d -mstrict-align -MT libxml2_la-parserInternals.lo -MD -MP -MF .deps/libxml2_la-parserInternals.Tpo -c parserInternals.c  -fPIC -DPIC -o .libs/libxml2_la-parserInternals.o
libtool: compile:  /app/target/cpython-strict/cross/loongarch64-linux-musl-gcc -DHAVE_CONFIG_H -I. -I./include -I./include -DSYSCONFDIR=\"/usr/etc\" -I/app/target/cpython-strict/sysroot/usr/include -pedantic -Wall -Wextra -Wshadow -Wpointer-arith -Wcast-align -Wwrite-strings -Wstrict-prototypes -Wmissing-prototypes -Wno-long-long -Wno-format-extra-args -Wno-array-bounds -I/app/target/cpython-strict/sysroot/usr/include -I/app/target/cpython-strict/sysroot/usr/include -Os -fstack-clash-protection -Wformat -Werror=format-security -fno-plt -march=loongarch64 -mabi=lp64d -mstrict-align -MT libxml2_la-list.lo -MD -MP -MF .deps/libxml2_la-list.Tpo -c list.c -o libxml2_la-list.o >/dev/null 2>&1
mv -f .deps/libxml2_la-hash.Tpo .deps/libxml2_la-hash.Plo
/bin/bash ./libtool  --tag=CC   --mode=compile /app/target/cpython-strict/cross/loongarch64-linux-musl-gcc -DHAVE_CONFIG_H -I.  -I./include -I./include -DSYSCONFDIR='"/usr/etc"' -I/app/target/cpython-strict/sysroot/usr/include -pedantic -Wall -Wextra -Wshadow -Wpointer-arith -Wcast-align -Wwrite-strings -Wstrict-prototypes -Wmissing-prototypes -Wno-long-long -Wno-format-extra-args -Wno-array-bounds -I/app/target/cpython-strict/sysroot/usr/include  -I/app/target/cpython-strict/sysroot/usr/include   -Os -fstack-clash-protection -Wformat -Werror=format-security -fno-plt -march=loongarch64 -mabi=lp64d -mstrict-align -MT libxml2_la-SAX2.lo -MD -MP -MF .deps/libxml2_la-SAX2.Tpo -c -o libxml2_la-SAX2.lo `test -f 'SAX2.c' || echo './'`SAX2.c
mv -f .deps/libxml2_la-list.Tpo .deps/libxml2_la-list.Plo
/bin/bash ./libtool  --tag=CC   --mode=compile /app/target/cpython-strict/cross/loongarch64-linux-musl-gcc -DHAVE_CONFIG_H -I.  -I./include -I./include -DSYSCONFDIR='"/usr/etc"' -I/app/target/cpython-strict/sysroot/usr/include -pedantic -Wall -Wextra -Wshadow -Wpointer-arith -Wcast-align -Wwrite-strings -Wstrict-prototypes -Wmissing-prototypes -Wno-long-long -Wno-format-extra-args -Wno-array-bounds -I/app/target/cpython-strict/sysroot/usr/include  -I/app/target/cpython-strict/sysroot/usr/include   -Os -fstack-clash-protection -Wformat -Werror=format-security -fno-plt -march=loongarch64 -mabi=lp64d -mstrict-align -MT libxml2_la-threads.lo -MD -MP -MF .deps/libxml2_la-threads.Tpo -c -o libxml2_la-threads.lo `test -f 'threads.c' || echo './'`threads.c
libtool: compile:  /app/target/cpython-strict/cross/loongarch64-linux-musl-gcc -DHAVE_CONFIG_H -I. -I./include -I./include -DSYSCONFDIR=\"/usr/etc\" -I/app/target/cpython-strict/sysroot/usr/include -pedantic -Wall -Wextra -Wshadow -Wpointer-arith -Wcast-align -Wwrite-strings -Wstrict-prototypes -Wmissing-prototypes -Wno-long-long -Wno-format-extra-args -Wno-array-bounds -I/app/target/cpython-strict/sysroot/usr/include -I/app/target/cpython-strict/sysroot/usr/include -Os -fstack-clash-protection -Wformat -Werror=format-security -fno-plt -march=loongarch64 -mabi=lp64d -mstrict-align -MT libxml2_la-SAX2.lo -MD -MP -MF .deps/libxml2_la-SAX2.Tpo -c SAX2.c  -fPIC -DPIC -o .libs/libxml2_la-SAX2.o
libtool: compile:  /app/target/cpython-strict/cross/loongarch64-linux-musl-gcc -DHAVE_CONFIG_H -I. -I./include -I./include -DSYSCONFDIR=\"/usr/etc\" -I/app/target/cpython-strict/sysroot/usr/include -pedantic -Wall -Wextra -Wshadow -Wpointer-arith -Wcast-align -Wwrite-strings -Wstrict-prototypes -Wmissing-prototypes -Wno-long-long -Wno-format-extra-args -Wno-array-bounds -I/app/target/cpython-strict/sysroot/usr/include -I/app/target/cpython-strict/sysroot/usr/include -Os -fstack-clash-protection -Wformat -Werror=format-security -fno-plt -march=loongarch64 -mabi=lp64d -mstrict-align -MT libxml2_la-parserInternals.lo -MD -MP -MF .deps/libxml2_la-parserInternals.Tpo -c parserInternals.c -o libxml2_la-parserInternals.o >/dev/null 2>&1
libtool: compile:  /app/target/cpython-strict/cross/loongarch64-linux-musl-gcc -DHAVE_CONFIG_H -I. -I./include -I./include -DSYSCONFDIR=\"/usr/etc\" -I/app/target/cpython-strict/sysroot/usr/include -pedantic -Wall -Wextra -Wshadow -Wpointer-arith -Wcast-align -Wwrite-strings -Wstrict-prototypes -Wmissing-prototypes -Wno-long-long -Wno-format-extra-args -Wno-array-bounds -I/app/target/cpython-strict/sysroot/usr/include -I/app/target/cpython-strict/sysroot/usr/include -Os -fstack-clash-protection -Wformat -Werror=format-security -fno-plt -march=loongarch64 -mabi=lp64d -mstrict-align -MT libxml2_la-threads.lo -MD -MP -MF .deps/libxml2_la-threads.Tpo -c threads.c  -fPIC -DPIC -o .libs/libxml2_la-threads.o
libtool: compile:  /app/target/cpython-strict/cross/loongarch64-linux-musl-gcc -DHAVE_CONFIG_H -I. -I./include -I./include -DSYSCONFDIR=\"/usr/etc\" -I/app/target/cpython-strict/sysroot/usr/include -pedantic -Wall -Wextra -Wshadow -Wpointer-arith -Wcast-align -Wwrite-strings -Wstrict-prototypes -Wmissing-prototypes -Wno-long-long -Wno-format-extra-args -Wno-array-bounds -I/app/target/cpython-strict/sysroot/usr/include -I/app/target/cpython-strict/sysroot/usr/include -Os -fstack-clash-protection -Wformat -Werror=format-security -fno-plt -march=loongarch64 -mabi=lp64d -mstrict-align -MT libxml2_la-threads.lo -MD -MP -MF .deps/libxml2_la-threads.Tpo -c threads.c -o libxml2_la-threads.o >/dev/null 2>&1
libtool: compile:  /app/target/cpython-strict/cross/loongarch64-linux-musl-gcc -DHAVE_CONFIG_H -I. -I./include -I./include -DSYSCONFDIR=\"/usr/etc\" -I/app/target/cpython-strict/sysroot/usr/include -pedantic -Wall -Wextra -Wshadow -Wpointer-arith -Wcast-align -Wwrite-strings -Wstrict-prototypes -Wmissing-prototypes -Wno-long-long -Wno-format-extra-args -Wno-array-bounds -I/app/target/cpython-strict/sysroot/usr/include -I/app/target/cpython-strict/sysroot/usr/include -Os -fstack-clash-protection -Wformat -Werror=format-security -fno-plt -march=loongarch64 -mabi=lp64d -mstrict-align -MT libxml2_la-SAX2.lo -MD -MP -MF .deps/libxml2_la-SAX2.Tpo -c SAX2.c -o libxml2_la-SAX2.o >/dev/null 2>&1
mv -f .deps/libxml2_la-parserInternals.Tpo .deps/libxml2_la-parserInternals.Plo
/bin/bash ./libtool  --tag=CC   --mode=compile /app/target/cpython-strict/cross/loongarch64-linux-musl-gcc -DHAVE_CONFIG_H -I.  -I./include -I./include -DSYSCONFDIR='"/usr/etc"' -I/app/target/cpython-strict/sysroot/usr/include -pedantic -Wall -Wextra -Wshadow -Wpointer-arith -Wcast-align -Wwrite-strings -Wstrict-prototypes -Wmissing-prototypes -Wno-long-long -Wno-format-extra-args -Wno-array-bounds -I/app/target/cpython-strict/sysroot/usr/include  -I/app/target/cpython-strict/sysroot/usr/include   -Os -fstack-clash-protection -Wformat -Werror=format-security -fno-plt -march=loongarch64 -mabi=lp64d -mstrict-align -MT libxml2_la-tree.lo -MD -MP -MF .deps/libxml2_la-tree.Tpo -c -o libxml2_la-tree.lo `test -f 'tree.c' || echo './'`tree.c
mv -f .deps/libxml2_la-threads.Tpo .deps/libxml2_la-threads.Plo
/bin/bash ./libtool  --tag=CC   --mode=compile /app/target/cpython-strict/cross/loongarch64-linux-musl-gcc -DHAVE_CONFIG_H -I.  -I./include -I./include -DSYSCONFDIR='"/usr/etc"' -I/app/target/cpython-strict/sysroot/usr/include -pedantic -Wall -Wextra -Wshadow -Wpointer-arith -Wcast-align -Wwrite-strings -Wstrict-prototypes -Wmissing-prototypes -Wno-long-long -Wno-format-extra-args -Wno-array-bounds -I/app/target/cpython-strict/sysroot/usr/include  -I/app/target/cpython-strict/sysroot/usr/include   -Os -fstack-clash-protection -Wformat -Werror=format-security -fno-plt -march=loongarch64 -mabi=lp64d -mstrict-align -MT libxml2_la-uri.lo -MD -MP -MF .deps/libxml2_la-uri.Tpo -c -o libxml2_la-uri.lo `test -f 'uri.c' || echo './'`uri.c
libtool: compile:  /app/target/cpython-strict/cross/loongarch64-linux-musl-gcc -DHAVE_CONFIG_H -I. -I./include -I./include -DSYSCONFDIR=\"/usr/etc\" -I/app/target/cpython-strict/sysroot/usr/include -pedantic -Wall -Wextra -Wshadow -Wpointer-arith -Wcast-align -Wwrite-strings -Wstrict-prototypes -Wmissing-prototypes -Wno-long-long -Wno-format-extra-args -Wno-array-bounds -I/app/target/cpython-strict/sysroot/usr/include -I/app/target/cpython-strict/sysroot/usr/include -Os -fstack-clash-protection -Wformat -Werror=format-security -fno-plt -march=loongarch64 -mabi=lp64d -mstrict-align -MT libxml2_la-tree.lo -MD -MP -MF .deps/libxml2_la-tree.Tpo -c tree.c  -fPIC -DPIC -o .libs/libxml2_la-tree.o
libtool: compile:  /app/target/cpython-strict/cross/loongarch64-linux-musl-gcc -DHAVE_CONFIG_H -I. -I./include -I./include -DSYSCONFDIR=\"/usr/etc\" -I/app/target/cpython-strict/sysroot/usr/include -pedantic -Wall -Wextra -Wshadow -Wpointer-arith -Wcast-align -Wwrite-strings -Wstrict-prototypes -Wmissing-prototypes -Wno-long-long -Wno-format-extra-args -Wno-array-bounds -I/app/target/cpython-strict/sysroot/usr/include -I/app/target/cpython-strict/sysroot/usr/include -Os -fstack-clash-protection -Wformat -Werror=format-security -fno-plt -march=loongarch64 -mabi=lp64d -mstrict-align -MT libxml2_la-uri.lo -MD -MP -MF .deps/libxml2_la-uri.Tpo -c uri.c  -fPIC -DPIC -o .libs/libxml2_la-uri.o
libtool: compile:  /app/target/cpython-strict/cross/loongarch64-linux-musl-gcc -DHAVE_CONFIG_H -I. -I./include -I./include -DSYSCONFDIR=\"/usr/etc\" -I/app/target/cpython-strict/sysroot/usr/include -pedantic -Wall -Wextra -Wshadow -Wpointer-arith -Wcast-align -Wwrite-strings -Wstrict-prototypes -Wmissing-prototypes -Wno-long-long -Wno-format-extra-args -Wno-array-bounds -I/app/target/cpython-strict/sysroot/usr/include -I/app/target/cpython-strict/sysroot/usr/include -Os -fstack-clash-protection -Wformat -Werror=format-security -fno-plt -march=loongarch64 -mabi=lp64d -mstrict-align -MT libxml2_la-parser.lo -MD -MP -MF .deps/libxml2_la-parser.Tpo -c parser.c -o libxml2_la-parser.o >/dev/null 2>&1
mv -f .deps/libxml2_la-SAX2.Tpo .deps/libxml2_la-SAX2.Plo
/bin/bash ./libtool  --tag=CC   --mode=compile /app/target/cpython-strict/cross/loongarch64-linux-musl-gcc -DHAVE_CONFIG_H -I.  -I./include -I./include -DSYSCONFDIR='"/usr/etc"' -I/app/target/cpython-strict/sysroot/usr/include -pedantic -Wall -Wextra -Wshadow -Wpointer-arith -Wcast-align -Wwrite-strings -Wstrict-prototypes -Wmissing-prototypes -Wno-long-long -Wno-format-extra-args -Wno-array-bounds -I/app/target/cpython-strict/sysroot/usr/include  -I/app/target/cpython-strict/sysroot/usr/include   -Os -fstack-clash-protection -Wformat -Werror=format-security -fno-plt -march=loongarch64 -mabi=lp64d -mstrict-align -MT libxml2_la-valid.lo -MD -MP -MF .deps/libxml2_la-valid.Tpo -c -o libxml2_la-valid.lo `test -f 'valid.c' || echo './'`valid.c
libtool: compile:  /app/target/cpython-strict/cross/loongarch64-linux-musl-gcc -DHAVE_CONFIG_H -I. -I./include -I./include -DSYSCONFDIR=\"/usr/etc\" -I/app/target/cpython-strict/sysroot/usr/include -pedantic -Wall -Wextra -Wshadow -Wpointer-arith -Wcast-align -Wwrite-strings -Wstrict-prototypes -Wmissing-prototypes -Wno-long-long -Wno-format-extra-args -Wno-array-bounds -I/app/target/cpython-strict/sysroot/usr/include -I/app/target/cpython-strict/sysroot/usr/include -Os -fstack-clash-protection -Wformat -Werror=format-security -fno-plt -march=loongarch64 -mabi=lp64d -mstrict-align -MT libxml2_la-valid.lo -MD -MP -MF .deps/libxml2_la-valid.Tpo -c valid.c  -fPIC -DPIC -o .libs/libxml2_la-valid.o
libtool: compile:  /app/target/cpython-strict/cross/loongarch64-linux-musl-gcc -DHAVE_CONFIG_H -I. -I./include -I./include -DSYSCONFDIR=\"/usr/etc\" -I/app/target/cpython-strict/sysroot/usr/include -pedantic -Wall -Wextra -Wshadow -Wpointer-arith -Wcast-align -Wwrite-strings -Wstrict-prototypes -Wmissing-prototypes -Wno-long-long -Wno-format-extra-args -Wno-array-bounds -I/app/target/cpython-strict/sysroot/usr/include -I/app/target/cpython-strict/sysroot/usr/include -Os -fstack-clash-protection -Wformat -Werror=format-security -fno-plt -march=loongarch64 -mabi=lp64d -mstrict-align -MT libxml2_la-uri.lo -MD -MP -MF .deps/libxml2_la-uri.Tpo -c uri.c -o libxml2_la-uri.o >/dev/null 2>&1
libtool: compile:  /app/target/cpython-strict/cross/loongarch64-linux-musl-gcc -DHAVE_CONFIG_H -I. -I./include -I./include -DSYSCONFDIR=\"/usr/etc\" -I/app/target/cpython-strict/sysroot/usr/include -pedantic -Wall -Wextra -Wshadow -Wpointer-arith -Wcast-align -Wwrite-strings -Wstrict-prototypes -Wmissing-prototypes -Wno-long-long -Wno-format-extra-args -Wno-array-bounds -I/app/target/cpython-strict/sysroot/usr/include -I/app/target/cpython-strict/sysroot/usr/include -Os -fstack-clash-protection -Wformat -Werror=format-security -fno-plt -march=loongarch64 -mabi=lp64d -mstrict-align -MT libxml2_la-tree.lo -MD -MP -MF .deps/libxml2_la-tree.Tpo -c tree.c -o libxml2_la-tree.o >/dev/null 2>&1
libtool: compile:  /app/target/cpython-strict/cross/loongarch64-linux-musl-gcc -DHAVE_CONFIG_H -I. -I./include -I./include -DSYSCONFDIR=\"/usr/etc\" -I/app/target/cpython-strict/sysroot/usr/include -pedantic -Wall -Wextra -Wshadow -Wpointer-arith -Wcast-align -Wwrite-strings -Wstrict-prototypes -Wmissing-prototypes -Wno-long-long -Wno-format-extra-args -Wno-array-bounds -I/app/target/cpython-strict/sysroot/usr/include -I/app/target/cpython-strict/sysroot/usr/include -Os -fstack-clash-protection -Wformat -Werror=format-security -fno-plt -march=loongarch64 -mabi=lp64d -mstrict-align -MT libxml2_la-valid.lo -MD -MP -MF .deps/libxml2_la-valid.Tpo -c valid.c -o libxml2_la-valid.o >/dev/null 2>&1
mv -f .deps/libxml2_la-uri.Tpo .deps/libxml2_la-uri.Plo
/bin/bash ./libtool  --tag=CC   --mode=compile /app/target/cpython-strict/cross/loongarch64-linux-musl-gcc -DHAVE_CONFIG_H -I.  -I./include -I./include -DSYSCONFDIR='"/usr/etc"' -I/app/target/cpython-strict/sysroot/usr/include -pedantic -Wall -Wextra -Wshadow -Wpointer-arith -Wcast-align -Wwrite-strings -Wstrict-prototypes -Wmissing-prototypes -Wno-long-long -Wno-format-extra-args -Wno-array-bounds -I/app/target/cpython-strict/sysroot/usr/include  -I/app/target/cpython-strict/sysroot/usr/include   -Os -fstack-clash-protection -Wformat -Werror=format-security -fno-plt -march=loongarch64 -mabi=lp64d -mstrict-align -MT libxml2_la-xmlIO.lo -MD -MP -MF .deps/libxml2_la-xmlIO.Tpo -c -o libxml2_la-xmlIO.lo `test -f 'xmlIO.c' || echo './'`xmlIO.c
libtool: compile:  /app/target/cpython-strict/cross/loongarch64-linux-musl-gcc -DHAVE_CONFIG_H -I. -I./include -I./include -DSYSCONFDIR=\"/usr/etc\" -I/app/target/cpython-strict/sysroot/usr/include -pedantic -Wall -Wextra -Wshadow -Wpointer-arith -Wcast-align -Wwrite-strings -Wstrict-prototypes -Wmissing-prototypes -Wno-long-long -Wno-format-extra-args -Wno-array-bounds -I/app/target/cpython-strict/sysroot/usr/include -I/app/target/cpython-strict/sysroot/usr/include -Os -fstack-clash-protection -Wformat -Werror=format-security -fno-plt -march=loongarch64 -mabi=lp64d -mstrict-align -MT libxml2_la-xmlIO.lo -MD -MP -MF .deps/libxml2_la-xmlIO.Tpo -c xmlIO.c  -fPIC -DPIC -o .libs/libxml2_la-xmlIO.o
mv -f .deps/libxml2_la-parser.Tpo .deps/libxml2_la-parser.Plo
/bin/bash ./libtool  --tag=CC   --mode=compile /app/target/cpython-strict/cross/loongarch64-linux-musl-gcc -DHAVE_CONFIG_H -I.  -I./include -I./include -DSYSCONFDIR='"/usr/etc"' -I/app/target/cpython-strict/sysroot/usr/include -pedantic -Wall -Wextra -Wshadow -Wpointer-arith -Wcast-align -Wwrite-strings -Wstrict-prototypes -Wmissing-prototypes -Wno-long-long -Wno-format-extra-args -Wno-array-bounds -I/app/target/cpython-strict/sysroot/usr/include  -I/app/target/cpython-strict/sysroot/usr/include   -Os -fstack-clash-protection -Wformat -Werror=format-security -fno-plt -march=loongarch64 -mabi=lp64d -mstrict-align -MT libxml2_la-xmlmemory.lo -MD -MP -MF .deps/libxml2_la-xmlmemory.Tpo -c -o libxml2_la-xmlmemory.lo `test -f 'xmlmemory.c' || echo './'`xmlmemory.c
libtool: compile:  /app/target/cpython-strict/cross/loongarch64-linux-musl-gcc -DHAVE_CONFIG_H -I. -I./include -I./include -DSYSCONFDIR=\"/usr/etc\" -I/app/target/cpython-strict/sysroot/usr/include -pedantic -Wall -Wextra -Wshadow -Wpointer-arith -Wcast-align -Wwrite-strings -Wstrict-prototypes -Wmissing-prototypes -Wno-long-long -Wno-format-extra-args -Wno-array-bounds -I/app/target/cpython-strict/sysroot/usr/include -I/app/target/cpython-strict/sysroot/usr/include -Os -fstack-clash-protection -Wformat -Werror=format-security -fno-plt -march=loongarch64 -mabi=lp64d -mstrict-align -MT libxml2_la-xmlmemory.lo -MD -MP -MF .deps/libxml2_la-xmlmemory.Tpo -c xmlmemory.c  -fPIC -DPIC -o .libs/libxml2_la-xmlmemory.o
libtool: compile:  /app/target/cpython-strict/cross/loongarch64-linux-musl-gcc -DHAVE_CONFIG_H -I. -I./include -I./include -DSYSCONFDIR=\"/usr/etc\" -I/app/target/cpython-strict/sysroot/usr/include -pedantic -Wall -Wextra -Wshadow -Wpointer-arith -Wcast-align -Wwrite-strings -Wstrict-prototypes -Wmissing-prototypes -Wno-long-long -Wno-format-extra-args -Wno-array-bounds -I/app/target/cpython-strict/sysroot/usr/include -I/app/target/cpython-strict/sysroot/usr/include -Os -fstack-clash-protection -Wformat -Werror=format-security -fno-plt -march=loongarch64 -mabi=lp64d -mstrict-align -MT libxml2_la-xmlIO.lo -MD -MP -MF .deps/libxml2_la-xmlIO.Tpo -c xmlIO.c -o libxml2_la-xmlIO.o >/dev/null 2>&1
mv -f .deps/libxml2_la-valid.Tpo .deps/libxml2_la-valid.Plo
/bin/bash ./libtool  --tag=CC   --mode=compile /app/target/cpython-strict/cross/loongarch64-linux-musl-gcc -DHAVE_CONFIG_H -I.  -I./include -I./include -DSYSCONFDIR='"/usr/etc"' -I/app/target/cpython-strict/sysroot/usr/include -pedantic -Wall -Wextra -Wshadow -Wpointer-arith -Wcast-align -Wwrite-strings -Wstrict-prototypes -Wmissing-prototypes -Wno-long-long -Wno-format-extra-args -Wno-array-bounds -I/app/target/cpython-strict/sysroot/usr/include  -I/app/target/cpython-strict/sysroot/usr/include   -Os -fstack-clash-protection -Wformat -Werror=format-security -fno-plt -march=loongarch64 -mabi=lp64d -mstrict-align -MT libxml2_la-xmlstring.lo -MD -MP -MF .deps/libxml2_la-xmlstring.Tpo -c -o libxml2_la-xmlstring.lo `test -f 'xmlstring.c' || echo './'`xmlstring.c
mv -f .deps/libxml2_la-tree.Tpo .deps/libxml2_la-tree.Plo
/bin/bash ./libtool  --tag=CC   --mode=compile /app/target/cpython-strict/cross/loongarch64-linux-musl-gcc -DHAVE_CONFIG_H -I.  -I./include -I./include -DSYSCONFDIR='"/usr/etc"' -I/app/target/cpython-strict/sysroot/usr/include -pedantic -Wall -Wextra -Wshadow -Wpointer-arith -Wcast-align -Wwrite-strings -Wstrict-prototypes -Wmissing-prototypes -Wno-long-long -Wno-format-extra-args -Wno-array-bounds -I/app/target/cpython-strict/sysroot/usr/include  -I/app/target/cpython-strict/sysroot/usr/include   -Os -fstack-clash-protection -Wformat -Werror=format-security -fno-plt -march=loongarch64 -mabi=lp64d -mstrict-align -MT libxml2_la-c14n.lo -MD -MP -MF .deps/libxml2_la-c14n.Tpo -c -o libxml2_la-c14n.lo `test -f 'c14n.c' || echo './'`c14n.c
libtool: compile:  /app/target/cpython-strict/cross/loongarch64-linux-musl-gcc -DHAVE_CONFIG_H -I. -I./include -I./include -DSYSCONFDIR=\"/usr/etc\" -I/app/target/cpython-strict/sysroot/usr/include -pedantic -Wall -Wextra -Wshadow -Wpointer-arith -Wcast-align -Wwrite-strings -Wstrict-prototypes -Wmissing-prototypes -Wno-long-long -Wno-format-extra-args -Wno-array-bounds -I/app/target/cpython-strict/sysroot/usr/include -I/app/target/cpython-strict/sysroot/usr/include -Os -fstack-clash-protection -Wformat -Werror=format-security -fno-plt -march=loongarch64 -mabi=lp64d -mstrict-align -MT libxml2_la-xmlmemory.lo -MD -MP -MF .deps/libxml2_la-xmlmemory.Tpo -c xmlmemory.c -o libxml2_la-xmlmemory.o >/dev/null 2>&1
libtool: compile:  /app/target/cpython-strict/cross/loongarch64-linux-musl-gcc -DHAVE_CONFIG_H -I. -I./include -I./include -DSYSCONFDIR=\"/usr/etc\" -I/app/target/cpython-strict/sysroot/usr/include -pedantic -Wall -Wextra -Wshadow -Wpointer-arith -Wcast-align -Wwrite-strings -Wstrict-prototypes -Wmissing-prototypes -Wno-long-long -Wno-format-extra-args -Wno-array-bounds -I/app/target/cpython-strict/sysroot/usr/include -I/app/target/cpython-strict/sysroot/usr/include -Os -fstack-clash-protection -Wformat -Werror=format-security -fno-plt -march=loongarch64 -mabi=lp64d -mstrict-align -MT libxml2_la-xmlstring.lo -MD -MP -MF .deps/libxml2_la-xmlstring.Tpo -c xmlstring.c  -fPIC -DPIC -o .libs/libxml2_la-xmlstring.o
libtool: compile:  /app/target/cpython-strict/cross/loongarch64-linux-musl-gcc -DHAVE_CONFIG_H -I. -I./include -I./include -DSYSCONFDIR=\"/usr/etc\" -I/app/target/cpython-strict/sysroot/usr/include -pedantic -Wall -Wextra -Wshadow -Wpointer-arith -Wcast-align -Wwrite-strings -Wstrict-prototypes -Wmissing-prototypes -Wno-long-long -Wno-format-extra-args -Wno-array-bounds -I/app/target/cpython-strict/sysroot/usr/include -I/app/target/cpython-strict/sysroot/usr/include -Os -fstack-clash-protection -Wformat -Werror=format-security -fno-plt -march=loongarch64 -mabi=lp64d -mstrict-align -MT libxml2_la-c14n.lo -MD -MP -MF .deps/libxml2_la-c14n.Tpo -c c14n.c  -fPIC -DPIC -o .libs/libxml2_la-c14n.o
mv -f .deps/libxml2_la-xmlIO.Tpo .deps/libxml2_la-xmlIO.Plo
mv -f .deps/libxml2_la-xmlmemory.Tpo .deps/libxml2_la-xmlmemory.Plo
/bin/bash ./libtool  --tag=CC   --mode=compile /app/target/cpython-strict/cross/loongarch64-linux-musl-gcc -DHAVE_CONFIG_H -I.  -I./include -I./include -DSYSCONFDIR='"/usr/etc"' -I/app/target/cpython-strict/sysroot/usr/include -pedantic -Wall -Wextra -Wshadow -Wpointer-arith -Wcast-align -Wwrite-strings -Wstrict-prototypes -Wmissing-prototypes -Wno-long-long -Wno-format-extra-args -Wno-array-bounds -I/app/target/cpython-strict/sysroot/usr/include  -I/app/target/cpython-strict/sysroot/usr/include   -Os -fstack-clash-protection -Wformat -Werror=format-security -fno-plt -march=loongarch64 -mabi=lp64d -mstrict-align -MT libxml2_la-catalog.lo -MD -MP -MF .deps/libxml2_la-catalog.Tpo -c -o libxml2_la-catalog.lo `test -f 'catalog.c' || echo './'`catalog.c
/bin/bash ./libtool  --tag=CC   --mode=compile /app/target/cpython-strict/cross/loongarch64-linux-musl-gcc -DHAVE_CONFIG_H -I.  -I./include -I./include -DSYSCONFDIR='"/usr/etc"' -I/app/target/cpython-strict/sysroot/usr/include -pedantic -Wall -Wextra -Wshadow -Wpointer-arith -Wcast-align -Wwrite-strings -Wstrict-prototypes -Wmissing-prototypes -Wno-long-long -Wno-format-extra-args -Wno-array-bounds -I/app/target/cpython-strict/sysroot/usr/include  -I/app/target/cpython-strict/sysroot/usr/include   -Os -fstack-clash-protection -Wformat -Werror=format-security -fno-plt -march=loongarch64 -mabi=lp64d -mstrict-align -MT libxml2_la-debugXML.lo -MD -MP -MF .deps/libxml2_la-debugXML.Tpo -c -o libxml2_la-debugXML.lo `test -f 'debugXML.c' || echo './'`debugXML.c
libtool: compile:  /app/target/cpython-strict/cross/loongarch64-linux-musl-gcc -DHAVE_CONFIG_H -I. -I./include -I./include -DSYSCONFDIR=\"/usr/etc\" -I/app/target/cpython-strict/sysroot/usr/include -pedantic -Wall -Wextra -Wshadow -Wpointer-arith -Wcast-align -Wwrite-strings -Wstrict-prototypes -Wmissing-prototypes -Wno-long-long -Wno-format-extra-args -Wno-array-bounds -I/app/target/cpython-strict/sysroot/usr/include -I/app/target/cpython-strict/sysroot/usr/include -Os -fstack-clash-protection -Wformat -Werror=format-security -fno-plt -march=loongarch64 -mabi=lp64d -mstrict-align -MT libxml2_la-xmlstring.lo -MD -MP -MF .deps/libxml2_la-xmlstring.Tpo -c xmlstring.c -o libxml2_la-xmlstring.o >/dev/null 2>&1
libtool: compile:  /app/target/cpython-strict/cross/loongarch64-linux-musl-gcc -DHAVE_CONFIG_H -I. -I./include -I./include -DSYSCONFDIR=\"/usr/etc\" -I/app/target/cpython-strict/sysroot/usr/include -pedantic -Wall -Wextra -Wshadow -Wpointer-arith -Wcast-align -Wwrite-strings -Wstrict-prototypes -Wmissing-prototypes -Wno-long-long -Wno-format-extra-args -Wno-array-bounds -I/app/target/cpython-strict/sysroot/usr/include -I/app/target/cpython-strict/sysroot/usr/include -Os -fstack-clash-protection -Wformat -Werror=format-security -fno-plt -march=loongarch64 -mabi=lp64d -mstrict-align -MT libxml2_la-catalog.lo -MD -MP -MF .deps/libxml2_la-catalog.Tpo -c catalog.c  -fPIC -DPIC -o .libs/libxml2_la-catalog.o
libtool: compile:  /app/target/cpython-strict/cross/loongarch64-linux-musl-gcc -DHAVE_CONFIG_H -I. -I./include -I./include -DSYSCONFDIR=\"/usr/etc\" -I/app/target/cpython-strict/sysroot/usr/include -pedantic -Wall -Wextra -Wshadow -Wpointer-arith -Wcast-align -Wwrite-strings -Wstrict-prototypes -Wmissing-prototypes -Wno-long-long -Wno-format-extra-args -Wno-array-bounds -I/app/target/cpython-strict/sysroot/usr/include -I/app/target/cpython-strict/sysroot/usr/include -Os -fstack-clash-protection -Wformat -Werror=format-security -fno-plt -march=loongarch64 -mabi=lp64d -mstrict-align -MT libxml2_la-debugXML.lo -MD -MP -MF .deps/libxml2_la-debugXML.Tpo -c debugXML.c  -fPIC -DPIC -o .libs/libxml2_la-debugXML.o
libtool: compile:  /app/target/cpython-strict/cross/loongarch64-linux-musl-gcc -DHAVE_CONFIG_H -I. -I./include -I./include -DSYSCONFDIR=\"/usr/etc\" -I/app/target/cpython-strict/sysroot/usr/include -pedantic -Wall -Wextra -Wshadow -Wpointer-arith -Wcast-align -Wwrite-strings -Wstrict-prototypes -Wmissing-prototypes -Wno-long-long -Wno-format-extra-args -Wno-array-bounds -I/app/target/cpython-strict/sysroot/usr/include -I/app/target/cpython-strict/sysroot/usr/include -Os -fstack-clash-protection -Wformat -Werror=format-security -fno-plt -march=loongarch64 -mabi=lp64d -mstrict-align -MT libxml2_la-c14n.lo -MD -MP -MF .deps/libxml2_la-c14n.Tpo -c c14n.c -o libxml2_la-c14n.o >/dev/null 2>&1
mv -f .deps/libxml2_la-xmlstring.Tpo .deps/libxml2_la-xmlstring.Plo
libtool: compile:  /app/target/cpython-strict/cross/loongarch64-linux-musl-gcc -DHAVE_CONFIG_H -I. -I./include -I./include -DSYSCONFDIR=\"/usr/etc\" -I/app/target/cpython-strict/sysroot/usr/include -pedantic -Wall -Wextra -Wshadow -Wpointer-arith -Wcast-align -Wwrite-strings -Wstrict-prototypes -Wmissing-prototypes -Wno-long-long -Wno-format-extra-args -Wno-array-bounds -I/app/target/cpython-strict/sysroot/usr/include -I/app/target/cpython-strict/sysroot/usr/include -Os -fstack-clash-protection -Wformat -Werror=format-security -fno-plt -march=loongarch64 -mabi=lp64d -mstrict-align -MT libxml2_la-debugXML.lo -MD -MP -MF .deps/libxml2_la-debugXML.Tpo -c debugXML.c -o libxml2_la-debugXML.o >/dev/null 2>&1
/bin/bash ./libtool  --tag=CC   --mode=compile /app/target/cpython-strict/cross/loongarch64-linux-musl-gcc -DHAVE_CONFIG_H -I.  -I./include -I./include -DSYSCONFDIR='"/usr/etc"' -I/app/target/cpython-strict/sysroot/usr/include -pedantic -Wall -Wextra -Wshadow -Wpointer-arith -Wcast-align -Wwrite-strings -Wstrict-prototypes -Wmissing-prototypes -Wno-long-long -Wno-format-extra-args -Wno-array-bounds -I/app/target/cpython-strict/sysroot/usr/include  -I/app/target/cpython-strict/sysroot/usr/include   -Os -fstack-clash-protection -Wformat -Werror=format-security -fno-plt -march=loongarch64 -mabi=lp64d -mstrict-align -MT libxml2_la-HTMLparser.lo -MD -MP -MF .deps/libxml2_la-HTMLparser.Tpo -c -o libxml2_la-HTMLparser.lo `test -f 'HTMLparser.c' || echo './'`HTMLparser.c
mv -f .deps/libxml2_la-c14n.Tpo .deps/libxml2_la-c14n.Plo
/bin/bash ./libtool  --tag=CC   --mode=compile /app/target/cpython-strict/cross/loongarch64-linux-musl-gcc -DHAVE_CONFIG_H -I.  -I./include -I./include -DSYSCONFDIR='"/usr/etc"' -I/app/target/cpython-strict/sysroot/usr/include -pedantic -Wall -Wextra -Wshadow -Wpointer-arith -Wcast-align -Wwrite-strings -Wstrict-prototypes -Wmissing-prototypes -Wno-long-long -Wno-format-extra-args -Wno-array-bounds -I/app/target/cpython-strict/sysroot/usr/include  -I/app/target/cpython-strict/sysroot/usr/include   -Os -fstack-clash-protection -Wformat -Werror=format-security -fno-plt -march=loongarch64 -mabi=lp64d -mstrict-align -MT libxml2_la-HTMLtree.lo -MD -MP -MF .deps/libxml2_la-HTMLtree.Tpo -c -o libxml2_la-HTMLtree.lo `test -f 'HTMLtree.c' || echo './'`HTMLtree.c
libtool: compile:  /app/target/cpython-strict/cross/loongarch64-linux-musl-gcc -DHAVE_CONFIG_H -I. -I./include -I./include -DSYSCONFDIR=\"/usr/etc\" -I/app/target/cpython-strict/sysroot/usr/include -pedantic -Wall -Wextra -Wshadow -Wpointer-arith -Wcast-align -Wwrite-strings -Wstrict-prototypes -Wmissing-prototypes -Wno-long-long -Wno-format-extra-args -Wno-array-bounds -I/app/target/cpython-strict/sysroot/usr/include -I/app/target/cpython-strict/sysroot/usr/include -Os -fstack-clash-protection -Wformat -Werror=format-security -fno-plt -march=loongarch64 -mabi=lp64d -mstrict-align -MT libxml2_la-catalog.lo -MD -MP -MF .deps/libxml2_la-catalog.Tpo -c catalog.c -o libxml2_la-catalog.o >/dev/null 2>&1
libtool: compile:  /app/target/cpython-strict/cross/loongarch64-linux-musl-gcc -DHAVE_CONFIG_H -I. -I./include -I./include -DSYSCONFDIR=\"/usr/etc\" -I/app/target/cpython-strict/sysroot/usr/include -pedantic -Wall -Wextra -Wshadow -Wpointer-arith -Wcast-align -Wwrite-strings -Wstrict-prototypes -Wmissing-prototypes -Wno-long-long -Wno-format-extra-args -Wno-array-bounds -I/app/target/cpython-strict/sysroot/usr/include -I/app/target/cpython-strict/sysroot/usr/include -Os -fstack-clash-protection -Wformat -Werror=format-security -fno-plt -march=loongarch64 -mabi=lp64d -mstrict-align -MT libxml2_la-HTMLparser.lo -MD -MP -MF .deps/libxml2_la-HTMLparser.Tpo -c HTMLparser.c  -fPIC -DPIC -o .libs/libxml2_la-HTMLparser.o
libtool: compile:  /app/target/cpython-strict/cross/loongarch64-linux-musl-gcc -DHAVE_CONFIG_H -I. -I./include -I./include -DSYSCONFDIR=\"/usr/etc\" -I/app/target/cpython-strict/sysroot/usr/include -pedantic -Wall -Wextra -Wshadow -Wpointer-arith -Wcast-align -Wwrite-strings -Wstrict-prototypes -Wmissing-prototypes -Wno-long-long -Wno-format-extra-args -Wno-array-bounds -I/app/target/cpython-strict/sysroot/usr/include -I/app/target/cpython-strict/sysroot/usr/include -Os -fstack-clash-protection -Wformat -Werror=format-security -fno-plt -march=loongarch64 -mabi=lp64d -mstrict-align -MT libxml2_la-HTMLtree.lo -MD -MP -MF .deps/libxml2_la-HTMLtree.Tpo -c HTMLtree.c  -fPIC -DPIC -o .libs/libxml2_la-HTMLtree.o
mv -f .deps/libxml2_la-debugXML.Tpo .deps/libxml2_la-debugXML.Plo
/bin/bash ./libtool  --tag=CC   --mode=compile /app/target/cpython-strict/cross/loongarch64-linux-musl-gcc -DHAVE_CONFIG_H -I.  -I./include -I./include -DSYSCONFDIR='"/usr/etc"' -I/app/target/cpython-strict/sysroot/usr/include -pedantic -Wall -Wextra -Wshadow -Wpointer-arith -Wcast-align -Wwrite-strings -Wstrict-prototypes -Wmissing-prototypes -Wno-long-long -Wno-format-extra-args -Wno-array-bounds -I/app/target/cpython-strict/sysroot/usr/include  -I/app/target/cpython-strict/sysroot/usr/include   -Os -fstack-clash-protection -Wformat -Werror=format-security -fno-plt -march=loongarch64 -mabi=lp64d -mstrict-align -MT libxml2_la-xzlib.lo -MD -MP -MF .deps/libxml2_la-xzlib.Tpo -c -o libxml2_la-xzlib.lo `test -f 'xzlib.c' || echo './'`xzlib.c
libtool: compile:  /app/target/cpython-strict/cross/loongarch64-linux-musl-gcc -DHAVE_CONFIG_H -I. -I./include -I./include -DSYSCONFDIR=\"/usr/etc\" -I/app/target/cpython-strict/sysroot/usr/include -pedantic -Wall -Wextra -Wshadow -Wpointer-arith -Wcast-align -Wwrite-strings -Wstrict-prototypes -Wmissing-prototypes -Wno-long-long -Wno-format-extra-args -Wno-array-bounds -I/app/target/cpython-strict/sysroot/usr/include -I/app/target/cpython-strict/sysroot/usr/include -Os -fstack-clash-protection -Wformat -Werror=format-security -fno-plt -march=loongarch64 -mabi=lp64d -mstrict-align -MT libxml2_la-xzlib.lo -MD -MP -MF .deps/libxml2_la-xzlib.Tpo -c xzlib.c  -fPIC -DPIC -o .libs/libxml2_la-xzlib.o
libtool: compile:  /app/target/cpython-strict/cross/loongarch64-linux-musl-gcc -DHAVE_CONFIG_H -I. -I./include -I./include -DSYSCONFDIR=\"/usr/etc\" -I/app/target/cpython-strict/sysroot/usr/include -pedantic -Wall -Wextra -Wshadow -Wpointer-arith -Wcast-align -Wwrite-strings -Wstrict-prototypes -Wmissing-prototypes -Wno-long-long -Wno-format-extra-args -Wno-array-bounds -I/app/target/cpython-strict/sysroot/usr/include -I/app/target/cpython-strict/sysroot/usr/include -Os -fstack-clash-protection -Wformat -Werror=format-security -fno-plt -march=loongarch64 -mabi=lp64d -mstrict-align -MT libxml2_la-HTMLtree.lo -MD -MP -MF .deps/libxml2_la-HTMLtree.Tpo -c HTMLtree.c -o libxml2_la-HTMLtree.o >/dev/null 2>&1
mv -f .deps/libxml2_la-catalog.Tpo .deps/libxml2_la-catalog.Plo
/bin/bash ./libtool  --tag=CC   --mode=compile /app/target/cpython-strict/cross/loongarch64-linux-musl-gcc -DHAVE_CONFIG_H -I.  -I./include -I./include -DSYSCONFDIR='"/usr/etc"' -I/app/target/cpython-strict/sysroot/usr/include -pedantic -Wall -Wextra -Wshadow -Wpointer-arith -Wcast-align -Wwrite-strings -Wstrict-prototypes -Wmissing-prototypes -Wno-long-long -Wno-format-extra-args -Wno-array-bounds -I/app/target/cpython-strict/sysroot/usr/include  -I/app/target/cpython-strict/sysroot/usr/include   -Os -fstack-clash-protection -Wformat -Werror=format-security -fno-plt -march=loongarch64 -mabi=lp64d -mstrict-align -MT libxml2_la-xmlsave.lo -MD -MP -MF .deps/libxml2_la-xmlsave.Tpo -c -o libxml2_la-xmlsave.lo `test -f 'xmlsave.c' || echo './'`xmlsave.c
libtool: compile:  /app/target/cpython-strict/cross/loongarch64-linux-musl-gcc -DHAVE_CONFIG_H -I. -I./include -I./include -DSYSCONFDIR=\"/usr/etc\" -I/app/target/cpython-strict/sysroot/usr/include -pedantic -Wall -Wextra -Wshadow -Wpointer-arith -Wcast-align -Wwrite-strings -Wstrict-prototypes -Wmissing-prototypes -Wno-long-long -Wno-format-extra-args -Wno-array-bounds -I/app/target/cpython-strict/sysroot/usr/include -I/app/target/cpython-strict/sysroot/usr/include -Os -fstack-clash-protection -Wformat -Werror=format-security -fno-plt -march=loongarch64 -mabi=lp64d -mstrict-align -MT libxml2_la-HTMLparser.lo -MD -MP -MF .deps/libxml2_la-HTMLparser.Tpo -c HTMLparser.c -o libxml2_la-HTMLparser.o >/dev/null 2>&1
libtool: compile:  /app/target/cpython-strict/cross/loongarch64-linux-musl-gcc -DHAVE_CONFIG_H -I. -I./include -I./include -DSYSCONFDIR=\"/usr/etc\" -I/app/target/cpython-strict/sysroot/usr/include -pedantic -Wall -Wextra -Wshadow -Wpointer-arith -Wcast-align -Wwrite-strings -Wstrict-prototypes -Wmissing-prototypes -Wno-long-long -Wno-format-extra-args -Wno-array-bounds -I/app/target/cpython-strict/sysroot/usr/include -I/app/target/cpython-strict/sysroot/usr/include -Os -fstack-clash-protection -Wformat -Werror=format-security -fno-plt -march=loongarch64 -mabi=lp64d -mstrict-align -MT libxml2_la-xmlsave.lo -MD -MP -MF .deps/libxml2_la-xmlsave.Tpo -c xmlsave.c  -fPIC -DPIC -o .libs/libxml2_la-xmlsave.o
mv -f .deps/libxml2_la-HTMLtree.Tpo .deps/libxml2_la-HTMLtree.Plo
libtool: compile:  /app/target/cpython-strict/cross/loongarch64-linux-musl-gcc -DHAVE_CONFIG_H -I. -I./include -I./include -DSYSCONFDIR=\"/usr/etc\" -I/app/target/cpython-strict/sysroot/usr/include -pedantic -Wall -Wextra -Wshadow -Wpointer-arith -Wcast-align -Wwrite-strings -Wstrict-prototypes -Wmissing-prototypes -Wno-long-long -Wno-format-extra-args -Wno-array-bounds -I/app/target/cpython-strict/sysroot/usr/include -I/app/target/cpython-strict/sysroot/usr/include -Os -fstack-clash-protection -Wformat -Werror=format-security -fno-plt -march=loongarch64 -mabi=lp64d -mstrict-align -MT libxml2_la-xzlib.lo -MD -MP -MF .deps/libxml2_la-xzlib.Tpo -c xzlib.c -o libxml2_la-xzlib.o >/dev/null 2>&1
/bin/bash ./libtool  --tag=CC   --mode=compile /app/target/cpython-strict/cross/loongarch64-linux-musl-gcc -DHAVE_CONFIG_H -I.  -I./include -I./include -DSYSCONFDIR='"/usr/etc"' -I/app/target/cpython-strict/sysroot/usr/include -pedantic -Wall -Wextra -Wshadow -Wpointer-arith -Wcast-align -Wwrite-strings -Wstrict-prototypes -Wmissing-prototypes -Wno-long-long -Wno-format-extra-args -Wno-array-bounds -I/app/target/cpython-strict/sysroot/usr/include  -I/app/target/cpython-strict/sysroot/usr/include   -Os -fstack-clash-protection -Wformat -Werror=format-security -fno-plt -march=loongarch64 -mabi=lp64d -mstrict-align -MT libxml2_la-pattern.lo -MD -MP -MF .deps/libxml2_la-pattern.Tpo -c -o libxml2_la-pattern.lo `test -f 'pattern.c' || echo './'`pattern.c
libtool: compile:  /app/target/cpython-strict/cross/loongarch64-linux-musl-gcc -DHAVE_CONFIG_H -I. -I./include -I./include -DSYSCONFDIR=\"/usr/etc\" -I/app/target/cpython-strict/sysroot/usr/include -pedantic -Wall -Wextra -Wshadow -Wpointer-arith -Wcast-align -Wwrite-strings -Wstrict-prototypes -Wmissing-prototypes -Wno-long-long -Wno-format-extra-args -Wno-array-bounds -I/app/target/cpython-strict/sysroot/usr/include -I/app/target/cpython-strict/sysroot/usr/include -Os -fstack-clash-protection -Wformat -Werror=format-security -fno-plt -march=loongarch64 -mabi=lp64d -mstrict-align -MT libxml2_la-pattern.lo -MD -MP -MF .deps/libxml2_la-pattern.Tpo -c pattern.c  -fPIC -DPIC -o .libs/libxml2_la-pattern.o
mv -f .deps/libxml2_la-xzlib.Tpo .deps/libxml2_la-xzlib.Plo
/bin/bash ./libtool  --tag=CC   --mode=compile /app/target/cpython-strict/cross/loongarch64-linux-musl-gcc -DHAVE_CONFIG_H -I.  -I./include -I./include -DSYSCONFDIR='"/usr/etc"' -I/app/target/cpython-strict/sysroot/usr/include -pedantic -Wall -Wextra -Wshadow -Wpointer-arith -Wcast-align -Wwrite-strings -Wstrict-prototypes -Wmissing-prototypes -Wno-long-long -Wno-format-extra-args -Wno-array-bounds -I/app/target/cpython-strict/sysroot/usr/include  -I/app/target/cpython-strict/sysroot/usr/include   -Os -fstack-clash-protection -Wformat -Werror=format-security -fno-plt -march=loongarch64 -mabi=lp64d -mstrict-align -MT libxml2_la-xmlreader.lo -MD -MP -MF .deps/libxml2_la-xmlreader.Tpo -c -o libxml2_la-xmlreader.lo `test -f 'xmlreader.c' || echo './'`xmlreader.c
libtool: compile:  /app/target/cpython-strict/cross/loongarch64-linux-musl-gcc -DHAVE_CONFIG_H -I. -I./include -I./include -DSYSCONFDIR=\"/usr/etc\" -I/app/target/cpython-strict/sysroot/usr/include -pedantic -Wall -Wextra -Wshadow -Wpointer-arith -Wcast-align -Wwrite-strings -Wstrict-prototypes -Wmissing-prototypes -Wno-long-long -Wno-format-extra-args -Wno-array-bounds -I/app/target/cpython-strict/sysroot/usr/include -I/app/target/cpython-strict/sysroot/usr/include -Os -fstack-clash-protection -Wformat -Werror=format-security -fno-plt -march=loongarch64 -mabi=lp64d -mstrict-align -MT libxml2_la-xmlsave.lo -MD -MP -MF .deps/libxml2_la-xmlsave.Tpo -c xmlsave.c -o libxml2_la-xmlsave.o >/dev/null 2>&1
libtool: compile:  /app/target/cpython-strict/cross/loongarch64-linux-musl-gcc -DHAVE_CONFIG_H -I. -I./include -I./include -DSYSCONFDIR=\"/usr/etc\" -I/app/target/cpython-strict/sysroot/usr/include -pedantic -Wall -Wextra -Wshadow -Wpointer-arith -Wcast-align -Wwrite-strings -Wstrict-prototypes -Wmissing-prototypes -Wno-long-long -Wno-format-extra-args -Wno-array-bounds -I/app/target/cpython-strict/sysroot/usr/include -I/app/target/cpython-strict/sysroot/usr/include -Os -fstack-clash-protection -Wformat -Werror=format-security -fno-plt -march=loongarch64 -mabi=lp64d -mstrict-align -MT libxml2_la-xmlreader.lo -MD -MP -MF .deps/libxml2_la-xmlreader.Tpo -c xmlreader.c  -fPIC -DPIC -o .libs/libxml2_la-xmlreader.o
mv -f .deps/libxml2_la-HTMLparser.Tpo .deps/libxml2_la-HTMLparser.Plo
/bin/bash ./libtool  --tag=CC   --mode=compile /app/target/cpython-strict/cross/loongarch64-linux-musl-gcc -DHAVE_CONFIG_H -I.  -I./include -I./include -DSYSCONFDIR='"/usr/etc"' -I/app/target/cpython-strict/sysroot/usr/include -pedantic -Wall -Wextra -Wshadow -Wpointer-arith -Wcast-align -Wwrite-strings -Wstrict-prototypes -Wmissing-prototypes -Wno-long-long -Wno-format-extra-args -Wno-array-bounds -I/app/target/cpython-strict/sysroot/usr/include  -I/app/target/cpython-strict/sysroot/usr/include   -Os -fstack-clash-protection -Wformat -Werror=format-security -fno-plt -march=loongarch64 -mabi=lp64d -mstrict-align -MT libxml2_la-xmlregexp.lo -MD -MP -MF .deps/libxml2_la-xmlregexp.Tpo -c -o libxml2_la-xmlregexp.lo `test -f 'xmlregexp.c' || echo './'`xmlregexp.c
libtool: compile:  /app/target/cpython-strict/cross/loongarch64-linux-musl-gcc -DHAVE_CONFIG_H -I. -I./include -I./include -DSYSCONFDIR=\"/usr/etc\" -I/app/target/cpython-strict/sysroot/usr/include -pedantic -Wall -Wextra -Wshadow -Wpointer-arith -Wcast-align -Wwrite-strings -Wstrict-prototypes -Wmissing-prototypes -Wno-long-long -Wno-format-extra-args -Wno-array-bounds -I/app/target/cpython-strict/sysroot/usr/include -I/app/target/cpython-strict/sysroot/usr/include -Os -fstack-clash-protection -Wformat -Werror=format-security -fno-plt -march=loongarch64 -mabi=lp64d -mstrict-align -MT libxml2_la-pattern.lo -MD -MP -MF .deps/libxml2_la-pattern.Tpo -c pattern.c -o libxml2_la-pattern.o >/dev/null 2>&1
libtool: compile:  /app/target/cpython-strict/cross/loongarch64-linux-musl-gcc -DHAVE_CONFIG_H -I. -I./include -I./include -DSYSCONFDIR=\"/usr/etc\" -I/app/target/cpython-strict/sysroot/usr/include -pedantic -Wall -Wextra -Wshadow -Wpointer-arith -Wcast-align -Wwrite-strings -Wstrict-prototypes -Wmissing-prototypes -Wno-long-long -Wno-format-extra-args -Wno-array-bounds -I/app/target/cpython-strict/sysroot/usr/include -I/app/target/cpython-strict/sysroot/usr/include -Os -fstack-clash-protection -Wformat -Werror=format-security -fno-plt -march=loongarch64 -mabi=lp64d -mstrict-align -MT libxml2_la-xmlregexp.lo -MD -MP -MF .deps/libxml2_la-xmlregexp.Tpo -c xmlregexp.c  -fPIC -DPIC -o .libs/libxml2_la-xmlregexp.o
mv -f .deps/libxml2_la-xmlsave.Tpo .deps/libxml2_la-xmlsave.Plo
/bin/bash ./libtool  --tag=CC   --mode=compile /app/target/cpython-strict/cross/loongarch64-linux-musl-gcc -DHAVE_CONFIG_H -I.  -I./include -I./include -DSYSCONFDIR='"/usr/etc"' -I/app/target/cpython-strict/sysroot/usr/include -pedantic -Wall -Wextra -Wshadow -Wpointer-arith -Wcast-align -Wwrite-strings -Wstrict-prototypes -Wmissing-prototypes -Wno-long-long -Wno-format-extra-args -Wno-array-bounds -I/app/target/cpython-strict/sysroot/usr/include  -I/app/target/cpython-strict/sysroot/usr/include   -Os -fstack-clash-protection -Wformat -Werror=format-security -fno-plt -march=loongarch64 -mabi=lp64d -mstrict-align -MT libxml2_la-xmlunicode.lo -MD -MP -MF .deps/libxml2_la-xmlunicode.Tpo -c -o libxml2_la-xmlunicode.lo `test -f 'xmlunicode.c' || echo './'`xmlunicode.c
libtool: compile:  /app/target/cpython-strict/cross/loongarch64-linux-musl-gcc -DHAVE_CONFIG_H -I. -I./include -I./include -DSYSCONFDIR=\"/usr/etc\" -I/app/target/cpython-strict/sysroot/usr/include -pedantic -Wall -Wextra -Wshadow -Wpointer-arith -Wcast-align -Wwrite-strings -Wstrict-prototypes -Wmissing-prototypes -Wno-long-long -Wno-format-extra-args -Wno-array-bounds -I/app/target/cpython-strict/sysroot/usr/include -I/app/target/cpython-strict/sysroot/usr/include -Os -fstack-clash-protection -Wformat -Werror=format-security -fno-plt -march=loongarch64 -mabi=lp64d -mstrict-align -MT libxml2_la-xmlunicode.lo -MD -MP -MF .deps/libxml2_la-xmlunicode.Tpo -c xmlunicode.c  -fPIC -DPIC -o .libs/libxml2_la-xmlunicode.o
mv -f .deps/libxml2_la-pattern.Tpo .deps/libxml2_la-pattern.Plo
/bin/bash ./libtool  --tag=CC   --mode=compile /app/target/cpython-strict/cross/loongarch64-linux-musl-gcc -DHAVE_CONFIG_H -I.  -I./include -I./include -DSYSCONFDIR='"/usr/etc"' -I/app/target/cpython-strict/sysroot/usr/include -pedantic -Wall -Wextra -Wshadow -Wpointer-arith -Wcast-align -Wwrite-strings -Wstrict-prototypes -Wmissing-prototypes -Wno-long-long -Wno-format-extra-args -Wno-array-bounds -I/app/target/cpython-strict/sysroot/usr/include  -I/app/target/cpython-strict/sysroot/usr/include   -Os -fstack-clash-protection -Wformat -Werror=format-security -fno-plt -march=loongarch64 -mabi=lp64d -mstrict-align -MT libxml2_la-relaxng.lo -MD -MP -MF .deps/libxml2_la-relaxng.Tpo -c -o libxml2_la-relaxng.lo `test -f 'relaxng.c' || echo './'`relaxng.c
libtool: compile:  /app/target/cpython-strict/cross/loongarch64-linux-musl-gcc -DHAVE_CONFIG_H -I. -I./include -I./include -DSYSCONFDIR=\"/usr/etc\" -I/app/target/cpython-strict/sysroot/usr/include -pedantic -Wall -Wextra -Wshadow -Wpointer-arith -Wcast-align -Wwrite-strings -Wstrict-prototypes -Wmissing-prototypes -Wno-long-long -Wno-format-extra-args -Wno-array-bounds -I/app/target/cpython-strict/sysroot/usr/include -I/app/target/cpython-strict/sysroot/usr/include -Os -fstack-clash-protection -Wformat -Werror=format-security -fno-plt -march=loongarch64 -mabi=lp64d -mstrict-align -MT libxml2_la-xmlreader.lo -MD -MP -MF .deps/libxml2_la-xmlreader.Tpo -c xmlreader.c -o libxml2_la-xmlreader.o >/dev/null 2>&1
libtool: compile:  /app/target/cpython-strict/cross/loongarch64-linux-musl-gcc -DHAVE_CONFIG_H -I. -I./include -I./include -DSYSCONFDIR=\"/usr/etc\" -I/app/target/cpython-strict/sysroot/usr/include -pedantic -Wall -Wextra -Wshadow -Wpointer-arith -Wcast-align -Wwrite-strings -Wstrict-prototypes -Wmissing-prototypes -Wno-long-long -Wno-format-extra-args -Wno-array-bounds -I/app/target/cpython-strict/sysroot/usr/include -I/app/target/cpython-strict/sysroot/usr/include -Os -fstack-clash-protection -Wformat -Werror=format-security -fno-plt -march=loongarch64 -mabi=lp64d -mstrict-align -MT libxml2_la-relaxng.lo -MD -MP -MF .deps/libxml2_la-relaxng.Tpo -c relaxng.c  -fPIC -DPIC -o .libs/libxml2_la-relaxng.o
libtool: compile:  /app/target/cpython-strict/cross/loongarch64-linux-musl-gcc -DHAVE_CONFIG_H -I. -I./include -I./include -DSYSCONFDIR=\"/usr/etc\" -I/app/target/cpython-strict/sysroot/usr/include -pedantic -Wall -Wextra -Wshadow -Wpointer-arith -Wcast-align -Wwrite-strings -Wstrict-prototypes -Wmissing-prototypes -Wno-long-long -Wno-format-extra-args -Wno-array-bounds -I/app/target/cpython-strict/sysroot/usr/include -I/app/target/cpython-strict/sysroot/usr/include -Os -fstack-clash-protection -Wformat -Werror=format-security -fno-plt -march=loongarch64 -mabi=lp64d -mstrict-align -MT libxml2_la-xmlunicode.lo -MD -MP -MF .deps/libxml2_la-xmlunicode.Tpo -c xmlunicode.c -o libxml2_la-xmlunicode.o >/dev/null 2>&1
libtool: compile:  /app/target/cpython-strict/cross/loongarch64-linux-musl-gcc -DHAVE_CONFIG_H -I. -I./include -I./include -DSYSCONFDIR=\"/usr/etc\" -I/app/target/cpython-strict/sysroot/usr/include -pedantic -Wall -Wextra -Wshadow -Wpointer-arith -Wcast-align -Wwrite-strings -Wstrict-prototypes -Wmissing-prototypes -Wno-long-long -Wno-format-extra-args -Wno-array-bounds -I/app/target/cpython-strict/sysroot/usr/include -I/app/target/cpython-strict/sysroot/usr/include -Os -fstack-clash-protection -Wformat -Werror=format-security -fno-plt -march=loongarch64 -mabi=lp64d -mstrict-align -MT libxml2_la-xmlregexp.lo -MD -MP -MF .deps/libxml2_la-xmlregexp.Tpo -c xmlregexp.c -o libxml2_la-xmlregexp.o >/dev/null 2>&1
mv -f .deps/libxml2_la-xmlreader.Tpo .deps/libxml2_la-xmlreader.Plo
/bin/bash ./libtool  --tag=CC   --mode=compile /app/target/cpython-strict/cross/loongarch64-linux-musl-gcc -DHAVE_CONFIG_H -I.  -I./include -I./include -DSYSCONFDIR='"/usr/etc"' -I/app/target/cpython-strict/sysroot/usr/include -pedantic -Wall -Wextra -Wshadow -Wpointer-arith -Wcast-align -Wwrite-strings -Wstrict-prototypes -Wmissing-prototypes -Wno-long-long -Wno-format-extra-args -Wno-array-bounds -I/app/target/cpython-strict/sysroot/usr/include  -I/app/target/cpython-strict/sysroot/usr/include   -Os -fstack-clash-protection -Wformat -Werror=format-security -fno-plt -march=loongarch64 -mabi=lp64d -mstrict-align -MT libxml2_la-xmlschemas.lo -MD -MP -MF .deps/libxml2_la-xmlschemas.Tpo -c -o libxml2_la-xmlschemas.lo `test -f 'xmlschemas.c' || echo './'`xmlschemas.c
mv -f .deps/libxml2_la-xmlunicode.Tpo .deps/libxml2_la-xmlunicode.Plo
/bin/bash ./libtool  --tag=CC   --mode=compile /app/target/cpython-strict/cross/loongarch64-linux-musl-gcc -DHAVE_CONFIG_H -I.  -I./include -I./include -DSYSCONFDIR='"/usr/etc"' -I/app/target/cpython-strict/sysroot/usr/include -pedantic -Wall -Wextra -Wshadow -Wpointer-arith -Wcast-align -Wwrite-strings -Wstrict-prototypes -Wmissing-prototypes -Wno-long-long -Wno-format-extra-args -Wno-array-bounds -I/app/target/cpython-strict/sysroot/usr/include  -I/app/target/cpython-strict/sysroot/usr/include   -Os -fstack-clash-protection -Wformat -Werror=format-security -fno-plt -march=loongarch64 -mabi=lp64d -mstrict-align -MT libxml2_la-xmlschemastypes.lo -MD -MP -MF .deps/libxml2_la-xmlschemastypes.Tpo -c -o libxml2_la-xmlschemastypes.lo `test -f 'xmlschemastypes.c' || echo './'`xmlschemastypes.c
libtool: compile:  /app/target/cpython-strict/cross/loongarch64-linux-musl-gcc -DHAVE_CONFIG_H -I. -I./include -I./include -DSYSCONFDIR=\"/usr/etc\" -I/app/target/cpython-strict/sysroot/usr/include -pedantic -Wall -Wextra -Wshadow -Wpointer-arith -Wcast-align -Wwrite-strings -Wstrict-prototypes -Wmissing-prototypes -Wno-long-long -Wno-format-extra-args -Wno-array-bounds -I/app/target/cpython-strict/sysroot/usr/include -I/app/target/cpython-strict/sysroot/usr/include -Os -fstack-clash-protection -Wformat -Werror=format-security -fno-plt -march=loongarch64 -mabi=lp64d -mstrict-align -MT libxml2_la-xmlschemas.lo -MD -MP -MF .deps/libxml2_la-xmlschemas.Tpo -c xmlschemas.c  -fPIC -DPIC -o .libs/libxml2_la-xmlschemas.o
libtool: compile:  /app/target/cpython-strict/cross/loongarch64-linux-musl-gcc -DHAVE_CONFIG_H -I. -I./include -I./include -DSYSCONFDIR=\"/usr/etc\" -I/app/target/cpython-strict/sysroot/usr/include -pedantic -Wall -Wextra -Wshadow -Wpointer-arith -Wcast-align -Wwrite-strings -Wstrict-prototypes -Wmissing-prototypes -Wno-long-long -Wno-format-extra-args -Wno-array-bounds -I/app/target/cpython-strict/sysroot/usr/include -I/app/target/cpython-strict/sysroot/usr/include -Os -fstack-clash-protection -Wformat -Werror=format-security -fno-plt -march=loongarch64 -mabi=lp64d -mstrict-align -MT libxml2_la-xmlschemastypes.lo -MD -MP -MF .deps/libxml2_la-xmlschemastypes.Tpo -c xmlschemastypes.c  -fPIC -DPIC -o .libs/libxml2_la-xmlschemastypes.o
mv -f .deps/libxml2_la-xmlregexp.Tpo .deps/libxml2_la-xmlregexp.Plo
/bin/bash ./libtool  --tag=CC   --mode=compile /app/target/cpython-strict/cross/loongarch64-linux-musl-gcc -DHAVE_CONFIG_H -I.  -I./include -I./include -DSYSCONFDIR='"/usr/etc"' -I/app/target/cpython-strict/sysroot/usr/include -pedantic -Wall -Wextra -Wshadow -Wpointer-arith -Wcast-align -Wwrite-strings -Wstrict-prototypes -Wmissing-prototypes -Wno-long-long -Wno-format-extra-args -Wno-array-bounds -I/app/target/cpython-strict/sysroot/usr/include  -I/app/target/cpython-strict/sysroot/usr/include   -Os -fstack-clash-protection -Wformat -Werror=format-security -fno-plt -march=loongarch64 -mabi=lp64d -mstrict-align -MT libxml2_la-schematron.lo -MD -MP -MF .deps/libxml2_la-schematron.Tpo -c -o libxml2_la-schematron.lo `test -f 'schematron.c' || echo './'`schematron.c
libtool: compile:  /app/target/cpython-strict/cross/loongarch64-linux-musl-gcc -DHAVE_CONFIG_H -I. -I./include -I./include -DSYSCONFDIR=\"/usr/etc\" -I/app/target/cpython-strict/sysroot/usr/include -pedantic -Wall -Wextra -Wshadow -Wpointer-arith -Wcast-align -Wwrite-strings -Wstrict-prototypes -Wmissing-prototypes -Wno-long-long -Wno-format-extra-args -Wno-array-bounds -I/app/target/cpython-strict/sysroot/usr/include -I/app/target/cpython-strict/sysroot/usr/include -Os -fstack-clash-protection -Wformat -Werror=format-security -fno-plt -march=loongarch64 -mabi=lp64d -mstrict-align -MT libxml2_la-relaxng.lo -MD -MP -MF .deps/libxml2_la-relaxng.Tpo -c relaxng.c -o libxml2_la-relaxng.o >/dev/null 2>&1
libtool: compile:  /app/target/cpython-strict/cross/loongarch64-linux-musl-gcc -DHAVE_CONFIG_H -I. -I./include -I./include -DSYSCONFDIR=\"/usr/etc\" -I/app/target/cpython-strict/sysroot/usr/include -pedantic -Wall -Wextra -Wshadow -Wpointer-arith -Wcast-align -Wwrite-strings -Wstrict-prototypes -Wmissing-prototypes -Wno-long-long -Wno-format-extra-args -Wno-array-bounds -I/app/target/cpython-strict/sysroot/usr/include -I/app/target/cpython-strict/sysroot/usr/include -Os -fstack-clash-protection -Wformat -Werror=format-security -fno-plt -march=loongarch64 -mabi=lp64d -mstrict-align -MT libxml2_la-schematron.lo -MD -MP -MF .deps/libxml2_la-schematron.Tpo -c schematron.c  -fPIC -DPIC -o .libs/libxml2_la-schematron.o
libtool: compile:  /app/target/cpython-strict/cross/loongarch64-linux-musl-gcc -DHAVE_CONFIG_H -I. -I./include -I./include -DSYSCONFDIR=\"/usr/etc\" -I/app/target/cpython-strict/sysroot/usr/include -pedantic -Wall -Wextra -Wshadow -Wpointer-arith -Wcast-align -Wwrite-strings -Wstrict-prototypes -Wmissing-prototypes -Wno-long-long -Wno-format-extra-args -Wno-array-bounds -I/app/target/cpython-strict/sysroot/usr/include -I/app/target/cpython-strict/sysroot/usr/include -Os -fstack-clash-protection -Wformat -Werror=format-security -fno-plt -march=loongarch64 -mabi=lp64d -mstrict-align -MT libxml2_la-xmlschemastypes.lo -MD -MP -MF .deps/libxml2_la-xmlschemastypes.Tpo -c xmlschemastypes.c -o libxml2_la-xmlschemastypes.o >/dev/null 2>&1
libtool: compile:  /app/target/cpython-strict/cross/loongarch64-linux-musl-gcc -DHAVE_CONFIG_H -I. -I./include -I./include -DSYSCONFDIR=\"/usr/etc\" -I/app/target/cpython-strict/sysroot/usr/include -pedantic -Wall -Wextra -Wshadow -Wpointer-arith -Wcast-align -Wwrite-strings -Wstrict-prototypes -Wmissing-prototypes -Wno-long-long -Wno-format-extra-args -Wno-array-bounds -I/app/target/cpython-strict/sysroot/usr/include -I/app/target/cpython-strict/sysroot/usr/include -Os -fstack-clash-protection -Wformat -Werror=format-security -fno-plt -march=loongarch64 -mabi=lp64d -mstrict-align -MT libxml2_la-schematron.lo -MD -MP -MF .deps/libxml2_la-schematron.Tpo -c schematron.c -o libxml2_la-schematron.o >/dev/null 2>&1
mv -f .deps/libxml2_la-schematron.Tpo .deps/libxml2_la-schematron.Plo
/bin/bash ./libtool  --tag=CC   --mode=compile /app/target/cpython-strict/cross/loongarch64-linux-musl-gcc -DHAVE_CONFIG_H -I.  -I./include -I./include -DSYSCONFDIR='"/usr/etc"' -I/app/target/cpython-strict/sysroot/usr/include -pedantic -Wall -Wextra -Wshadow -Wpointer-arith -Wcast-align -Wwrite-strings -Wstrict-prototypes -Wmissing-prototypes -Wno-long-long -Wno-format-extra-args -Wno-array-bounds -I/app/target/cpython-strict/sysroot/usr/include  -I/app/target/cpython-strict/sysroot/usr/include   -Os -fstack-clash-protection -Wformat -Werror=format-security -fno-plt -march=loongarch64 -mabi=lp64d -mstrict-align -MT libxml2_la-xmlwriter.lo -MD -MP -MF .deps/libxml2_la-xmlwriter.Tpo -c -o libxml2_la-xmlwriter.lo `test -f 'xmlwriter.c' || echo './'`xmlwriter.c
mv -f .deps/libxml2_la-relaxng.Tpo .deps/libxml2_la-relaxng.Plo
/bin/bash ./libtool  --tag=CC   --mode=compile /app/target/cpython-strict/cross/loongarch64-linux-musl-gcc -DHAVE_CONFIG_H -I.  -I./include -I./include -DSYSCONFDIR='"/usr/etc"' -I/app/target/cpython-strict/sysroot/usr/include -pedantic -Wall -Wextra -Wshadow -Wpointer-arith -Wcast-align -Wwrite-strings -Wstrict-prototypes -Wmissing-prototypes -Wno-long-long -Wno-format-extra-args -Wno-array-bounds -I/app/target/cpython-strict/sysroot/usr/include  -I/app/target/cpython-strict/sysroot/usr/include   -Os -fstack-clash-protection -Wformat -Werror=format-security -fno-plt -march=loongarch64 -mabi=lp64d -mstrict-align -MT libxml2_la-xinclude.lo -MD -MP -MF .deps/libxml2_la-xinclude.Tpo -c -o libxml2_la-xinclude.lo `test -f 'xinclude.c' || echo './'`xinclude.c
libtool: compile:  /app/target/cpython-strict/cross/loongarch64-linux-musl-gcc -DHAVE_CONFIG_H -I. -I./include -I./include -DSYSCONFDIR=\"/usr/etc\" -I/app/target/cpython-strict/sysroot/usr/include -pedantic -Wall -Wextra -Wshadow -Wpointer-arith -Wcast-align -Wwrite-strings -Wstrict-prototypes -Wmissing-prototypes -Wno-long-long -Wno-format-extra-args -Wno-array-bounds -I/app/target/cpython-strict/sysroot/usr/include -I/app/target/cpython-strict/sysroot/usr/include -Os -fstack-clash-protection -Wformat -Werror=format-security -fno-plt -march=loongarch64 -mabi=lp64d -mstrict-align -MT libxml2_la-xmlwriter.lo -MD -MP -MF .deps/libxml2_la-xmlwriter.Tpo -c xmlwriter.c  -fPIC -DPIC -o .libs/libxml2_la-xmlwriter.o
libtool: compile:  /app/target/cpython-strict/cross/loongarch64-linux-musl-gcc -DHAVE_CONFIG_H -I. -I./include -I./include -DSYSCONFDIR=\"/usr/etc\" -I/app/target/cpython-strict/sysroot/usr/include -pedantic -Wall -Wextra -Wshadow -Wpointer-arith -Wcast-align -Wwrite-strings -Wstrict-prototypes -Wmissing-prototypes -Wno-long-long -Wno-format-extra-args -Wno-array-bounds -I/app/target/cpython-strict/sysroot/usr/include -I/app/target/cpython-strict/sysroot/usr/include -Os -fstack-clash-protection -Wformat -Werror=format-security -fno-plt -march=loongarch64 -mabi=lp64d -mstrict-align -MT libxml2_la-xinclude.lo -MD -MP -MF .deps/libxml2_la-xinclude.Tpo -c xinclude.c  -fPIC -DPIC -o .libs/libxml2_la-xinclude.o
mv -f .deps/libxml2_la-xmlschemastypes.Tpo .deps/libxml2_la-xmlschemastypes.Plo
/bin/bash ./libtool  --tag=CC   --mode=compile /app/target/cpython-strict/cross/loongarch64-linux-musl-gcc -DHAVE_CONFIG_H -I.  -I./include -I./include -DSYSCONFDIR='"/usr/etc"' -I/app/target/cpython-strict/sysroot/usr/include -pedantic -Wall -Wextra -Wshadow -Wpointer-arith -Wcast-align -Wwrite-strings -Wstrict-prototypes -Wmissing-prototypes -Wno-long-long -Wno-format-extra-args -Wno-array-bounds -I/app/target/cpython-strict/sysroot/usr/include  -I/app/target/cpython-strict/sysroot/usr/include   -Os -fstack-clash-protection -Wformat -Werror=format-security -fno-plt -march=loongarch64 -mabi=lp64d -mstrict-align -MT libxml2_la-xpath.lo -MD -MP -MF .deps/libxml2_la-xpath.Tpo -c -o libxml2_la-xpath.lo `test -f 'xpath.c' || echo './'`xpath.c
libtool: compile:  /app/target/cpython-strict/cross/loongarch64-linux-musl-gcc -DHAVE_CONFIG_H -I. -I./include -I./include -DSYSCONFDIR=\"/usr/etc\" -I/app/target/cpython-strict/sysroot/usr/include -pedantic -Wall -Wextra -Wshadow -Wpointer-arith -Wcast-align -Wwrite-strings -Wstrict-prototypes -Wmissing-prototypes -Wno-long-long -Wno-format-extra-args -Wno-array-bounds -I/app/target/cpython-strict/sysroot/usr/include -I/app/target/cpython-strict/sysroot/usr/include -Os -fstack-clash-protection -Wformat -Werror=format-security -fno-plt -march=loongarch64 -mabi=lp64d -mstrict-align -MT libxml2_la-xpath.lo -MD -MP -MF .deps/libxml2_la-xpath.Tpo -c xpath.c  -fPIC -DPIC -o .libs/libxml2_la-xpath.o
libtool: compile:  /app/target/cpython-strict/cross/loongarch64-linux-musl-gcc -DHAVE_CONFIG_H -I. -I./include -I./include -DSYSCONFDIR=\"/usr/etc\" -I/app/target/cpython-strict/sysroot/usr/include -pedantic -Wall -Wextra -Wshadow -Wpointer-arith -Wcast-align -Wwrite-strings -Wstrict-prototypes -Wmissing-prototypes -Wno-long-long -Wno-format-extra-args -Wno-array-bounds -I/app/target/cpython-strict/sysroot/usr/include -I/app/target/cpython-strict/sysroot/usr/include -Os -fstack-clash-protection -Wformat -Werror=format-security -fno-plt -march=loongarch64 -mabi=lp64d -mstrict-align -MT libxml2_la-xmlschemas.lo -MD -MP -MF .deps/libxml2_la-xmlschemas.Tpo -c xmlschemas.c -o libxml2_la-xmlschemas.o >/dev/null 2>&1
libtool: compile:  /app/target/cpython-strict/cross/loongarch64-linux-musl-gcc -DHAVE_CONFIG_H -I. -I./include -I./include -DSYSCONFDIR=\"/usr/etc\" -I/app/target/cpython-strict/sysroot/usr/include -pedantic -Wall -Wextra -Wshadow -Wpointer-arith -Wcast-align -Wwrite-strings -Wstrict-prototypes -Wmissing-prototypes -Wno-long-long -Wno-format-extra-args -Wno-array-bounds -I/app/target/cpython-strict/sysroot/usr/include -I/app/target/cpython-strict/sysroot/usr/include -Os -fstack-clash-protection -Wformat -Werror=format-security -fno-plt -march=loongarch64 -mabi=lp64d -mstrict-align -MT libxml2_la-xinclude.lo -MD -MP -MF .deps/libxml2_la-xinclude.Tpo -c xinclude.c -o libxml2_la-xinclude.o >/dev/null 2>&1
libtool: compile:  /app/target/cpython-strict/cross/loongarch64-linux-musl-gcc -DHAVE_CONFIG_H -I. -I./include -I./include -DSYSCONFDIR=\"/usr/etc\" -I/app/target/cpython-strict/sysroot/usr/include -pedantic -Wall -Wextra -Wshadow -Wpointer-arith -Wcast-align -Wwrite-strings -Wstrict-prototypes -Wmissing-prototypes -Wno-long-long -Wno-format-extra-args -Wno-array-bounds -I/app/target/cpython-strict/sysroot/usr/include -I/app/target/cpython-strict/sysroot/usr/include -Os -fstack-clash-protection -Wformat -Werror=format-security -fno-plt -march=loongarch64 -mabi=lp64d -mstrict-align -MT libxml2_la-xmlwriter.lo -MD -MP -MF .deps/libxml2_la-xmlwriter.Tpo -c xmlwriter.c -o libxml2_la-xmlwriter.o >/dev/null 2>&1
mv -f .deps/libxml2_la-xinclude.Tpo .deps/libxml2_la-xinclude.Plo
/bin/bash ./libtool  --tag=CC   --mode=compile /app/target/cpython-strict/cross/loongarch64-linux-musl-gcc -DHAVE_CONFIG_H -I.  -I./include -I./include -DSYSCONFDIR='"/usr/etc"' -I/app/target/cpython-strict/sysroot/usr/include -pedantic -Wall -Wextra -Wshadow -Wpointer-arith -Wcast-align -Wwrite-strings -Wstrict-prototypes -Wmissing-prototypes -Wno-long-long -Wno-format-extra-args -Wno-array-bounds -I/app/target/cpython-strict/sysroot/usr/include  -I/app/target/cpython-strict/sysroot/usr/include   -Os -fstack-clash-protection -Wformat -Werror=format-security -fno-plt -march=loongarch64 -mabi=lp64d -mstrict-align -MT libxml2_la-xlink.lo -MD -MP -MF .deps/libxml2_la-xlink.Tpo -c -o libxml2_la-xlink.lo `test -f 'xlink.c' || echo './'`xlink.c
mv -f .deps/libxml2_la-xmlwriter.Tpo .deps/libxml2_la-xmlwriter.Plo
/bin/bash ./libtool  --tag=CC   --mode=compile /app/target/cpython-strict/cross/loongarch64-linux-musl-gcc -DHAVE_CONFIG_H -I.  -I./include -I./include -DSYSCONFDIR='"/usr/etc"' -I/app/target/cpython-strict/sysroot/usr/include -pedantic -Wall -Wextra -Wshadow -Wpointer-arith -Wcast-align -Wwrite-strings -Wstrict-prototypes -Wmissing-prototypes -Wno-long-long -Wno-format-extra-args -Wno-array-bounds -I/app/target/cpython-strict/sysroot/usr/include  -I/app/target/cpython-strict/sysroot/usr/include   -Os -fstack-clash-protection -Wformat -Werror=format-security -fno-plt -march=loongarch64 -mabi=lp64d -mstrict-align -MT libxml2_la-xpointer.lo -MD -MP -MF .deps/libxml2_la-xpointer.Tpo -c -o libxml2_la-xpointer.lo `test -f 'xpointer.c' || echo './'`xpointer.c
libtool: compile:  /app/target/cpython-strict/cross/loongarch64-linux-musl-gcc -DHAVE_CONFIG_H -I. -I./include -I./include -DSYSCONFDIR=\"/usr/etc\" -I/app/target/cpython-strict/sysroot/usr/include -pedantic -Wall -Wextra -Wshadow -Wpointer-arith -Wcast-align -Wwrite-strings -Wstrict-prototypes -Wmissing-prototypes -Wno-long-long -Wno-format-extra-args -Wno-array-bounds -I/app/target/cpython-strict/sysroot/usr/include -I/app/target/cpython-strict/sysroot/usr/include -Os -fstack-clash-protection -Wformat -Werror=format-security -fno-plt -march=loongarch64 -mabi=lp64d -mstrict-align -MT libxml2_la-xlink.lo -MD -MP -MF .deps/libxml2_la-xlink.Tpo -c xlink.c  -fPIC -DPIC -o .libs/libxml2_la-xlink.o
libtool: compile:  /app/target/cpython-strict/cross/loongarch64-linux-musl-gcc -DHAVE_CONFIG_H -I. -I./include -I./include -DSYSCONFDIR=\"/usr/etc\" -I/app/target/cpython-strict/sysroot/usr/include -pedantic -Wall -Wextra -Wshadow -Wpointer-arith -Wcast-align -Wwrite-strings -Wstrict-prototypes -Wmissing-prototypes -Wno-long-long -Wno-format-extra-args -Wno-array-bounds -I/app/target/cpython-strict/sysroot/usr/include -I/app/target/cpython-strict/sysroot/usr/include -Os -fstack-clash-protection -Wformat -Werror=format-security -fno-plt -march=loongarch64 -mabi=lp64d -mstrict-align -MT libxml2_la-xpointer.lo -MD -MP -MF .deps/libxml2_la-xpointer.Tpo -c xpointer.c  -fPIC -DPIC -o .libs/libxml2_la-xpointer.o
libtool: compile:  /app/target/cpython-strict/cross/loongarch64-linux-musl-gcc -DHAVE_CONFIG_H -I. -I./include -I./include -DSYSCONFDIR=\"/usr/etc\" -I/app/target/cpython-strict/sysroot/usr/include -pedantic -Wall -Wextra -Wshadow -Wpointer-arith -Wcast-align -Wwrite-strings -Wstrict-prototypes -Wmissing-prototypes -Wno-long-long -Wno-format-extra-args -Wno-array-bounds -I/app/target/cpython-strict/sysroot/usr/include -I/app/target/cpython-strict/sysroot/usr/include -Os -fstack-clash-protection -Wformat -Werror=format-security -fno-plt -march=loongarch64 -mabi=lp64d -mstrict-align -MT libxml2_la-xlink.lo -MD -MP -MF .deps/libxml2_la-xlink.Tpo -c xlink.c -o libxml2_la-xlink.o >/dev/null 2>&1
libtool: compile:  /app/target/cpython-strict/cross/loongarch64-linux-musl-gcc -DHAVE_CONFIG_H -I. -I./include -I./include -DSYSCONFDIR=\"/usr/etc\" -I/app/target/cpython-strict/sysroot/usr/include -pedantic -Wall -Wextra -Wshadow -Wpointer-arith -Wcast-align -Wwrite-strings -Wstrict-prototypes -Wmissing-prototypes -Wno-long-long -Wno-format-extra-args -Wno-array-bounds -I/app/target/cpython-strict/sysroot/usr/include -I/app/target/cpython-strict/sysroot/usr/include -Os -fstack-clash-protection -Wformat -Werror=format-security -fno-plt -march=loongarch64 -mabi=lp64d -mstrict-align -MT libxml2_la-xpointer.lo -MD -MP -MF .deps/libxml2_la-xpointer.Tpo -c xpointer.c -o libxml2_la-xpointer.o >/dev/null 2>&1
libtool: compile:  /app/target/cpython-strict/cross/loongarch64-linux-musl-gcc -DHAVE_CONFIG_H -I. -I./include -I./include -DSYSCONFDIR=\"/usr/etc\" -I/app/target/cpython-strict/sysroot/usr/include -pedantic -Wall -Wextra -Wshadow -Wpointer-arith -Wcast-align -Wwrite-strings -Wstrict-prototypes -Wmissing-prototypes -Wno-long-long -Wno-format-extra-args -Wno-array-bounds -I/app/target/cpython-strict/sysroot/usr/include -I/app/target/cpython-strict/sysroot/usr/include -Os -fstack-clash-protection -Wformat -Werror=format-security -fno-plt -march=loongarch64 -mabi=lp64d -mstrict-align -MT libxml2_la-xpath.lo -MD -MP -MF .deps/libxml2_la-xpath.Tpo -c xpath.c -o libxml2_la-xpath.o >/dev/null 2>&1
mv -f .deps/libxml2_la-xlink.Tpo .deps/libxml2_la-xlink.Plo
/app/target/cpython-strict/cross/loongarch64-linux-musl-gcc -DHAVE_CONFIG_H -I.  -I./include -I./include -DSYSCONFDIR='"/usr/etc"' -I/app/target/cpython-strict/sysroot/usr/include -pedantic -Wall -Wextra -Wshadow -Wpointer-arith -Wcast-align -Wwrite-strings -Wstrict-prototypes -Wmissing-prototypes -Wno-long-long -Wno-format-extra-args -Wno-array-bounds   -Os -fstack-clash-protection -Wformat -Werror=format-security -fno-plt -march=loongarch64 -mabi=lp64d -mstrict-align -MT xmlcatalog-xmlcatalog.o -MD -MP -MF .deps/xmlcatalog-xmlcatalog.Tpo -c -o xmlcatalog-xmlcatalog.o `test -f 'xmlcatalog.c' || echo './'`xmlcatalog.c
mv -f .deps/libxml2_la-xpointer.Tpo .deps/libxml2_la-xpointer.Plo
mv -f .deps/xmlcatalog-xmlcatalog.Tpo .deps/xmlcatalog-xmlcatalog.Po
mv -f .deps/libxml2_la-xmlschemas.Tpo .deps/libxml2_la-xmlschemas.Plo
mv -f .deps/libxml2_la-xpath.Tpo .deps/libxml2_la-xpath.Plo
/bin/bash ./libtool  --tag=CC   --mode=link /app/target/cpython-strict/cross/loongarch64-linux-musl-gcc -pedantic -Wall -Wextra -Wshadow -Wpointer-arith -Wcast-align -Wwrite-strings -Wstrict-prototypes -Wmissing-prototypes -Wno-long-long -Wno-format-extra-args -Wno-array-bounds -I/app/target/cpython-strict/sysroot/usr/include  -I/app/target/cpython-strict/sysroot/usr/include   -Os -fstack-clash-protection -Wformat -Werror=format-security -fno-plt -march=loongarch64 -mabi=lp64d -mstrict-align  -no-undefined -version-info 16:6:0 -L/app/target/cpython-strict/sysroot/usr/lib -L/app/target/cpython-strict/sysroot/lib -Wl,-rpath-link,/app/target/cpython-strict/sysroot/usr/lib -Wl,-rpath-link,/app/target/cpython-strict/sysroot/lib -Wl,--as-needed -Wl,-O1 -Wl,--sort-common -o libxml2.la -rpath /usr/lib libxml2_la-buf.lo libxml2_la-chvalid.lo libxml2_la-dict.lo libxml2_la-entities.lo libxml2_la-encoding.lo libxml2_la-error.lo libxml2_la-globals.lo libxml2_la-hash.lo libxml2_la-list.lo libxml2_la-parser.lo libxml2_la-parserInternals.lo libxml2_la-SAX2.lo libxml2_la-threads.lo libxml2_la-tree.lo libxml2_la-uri.lo libxml2_la-valid.lo libxml2_la-xmlIO.lo libxml2_la-xmlmemory.lo libxml2_la-xmlstring.lo libxml2_la-c14n.lo libxml2_la-catalog.lo libxml2_la-debugXML.lo libxml2_la-HTMLparser.lo libxml2_la-HTMLtree.lo  libxml2_la-xzlib.lo  libxml2_la-xmlsave.lo libxml2_la-pattern.lo libxml2_la-xmlreader.lo libxml2_la-xmlregexp.lo libxml2_la-xmlunicode.lo libxml2_la-relaxng.lo libxml2_la-xmlschemas.lo libxml2_la-xmlschemastypes.lo libxml2_la-schematron.lo libxml2_la-xmlwriter.lo libxml2_la-xinclude.lo libxml2_la-xpath.lo libxml2_la-xlink.lo libxml2_la-xpointer.lo -L/app/target/cpython-strict/sysroot/usr/lib -lz  -L/app/target/cpython-strict/sysroot/usr/lib -llzma   -lm 
libtool: warning: library '/app/target/cpython-strict/sysroot/usr/lib/liblzma.la' was moved.
libtool: link: /app/target/cpython-strict/cross/loongarch64-linux-musl-gcc -shared  -fPIC -DPIC  .libs/libxml2_la-buf.o .libs/libxml2_la-chvalid.o .libs/libxml2_la-dict.o .libs/libxml2_la-entities.o .libs/libxml2_la-encoding.o .libs/libxml2_la-error.o .libs/libxml2_la-globals.o .libs/libxml2_la-hash.o .libs/libxml2_la-list.o .libs/libxml2_la-parser.o .libs/libxml2_la-parserInternals.o .libs/libxml2_la-SAX2.o .libs/libxml2_la-threads.o .libs/libxml2_la-tree.o .libs/libxml2_la-uri.o .libs/libxml2_la-valid.o .libs/libxml2_la-xmlIO.o .libs/libxml2_la-xmlmemory.o .libs/libxml2_la-xmlstring.o .libs/libxml2_la-c14n.o .libs/libxml2_la-catalog.o .libs/libxml2_la-debugXML.o .libs/libxml2_la-HTMLparser.o .libs/libxml2_la-HTMLtree.o .libs/libxml2_la-xzlib.o .libs/libxml2_la-xmlsave.o .libs/libxml2_la-pattern.o .libs/libxml2_la-xmlreader.o .libs/libxml2_la-xmlregexp.o .libs/libxml2_la-xmlunicode.o .libs/libxml2_la-relaxng.o .libs/libxml2_la-xmlschemas.o .libs/libxml2_la-xmlschemastypes.o .libs/libxml2_la-schematron.o .libs/libxml2_la-xmlwriter.o .libs/libxml2_la-xinclude.o .libs/libxml2_la-xpath.o .libs/libxml2_la-xlink.o .libs/libxml2_la-xpointer.o   -Wl,-rpath -Wl,/app/target/cpython-strict/sysroot/usr/lib -Wl,-rpath -Wl,/app/target/cpython-strict/sysroot/usr/lib -L/app/target/cpython-strict/sysroot/usr/lib -L/app/target/cpython-strict/sysroot/lib -lz /app/target/cpython-strict/sysroot/usr/lib/liblzma.so -lm  -Os -march=loongarch64 -mabi=lp64d -mstrict-align -Wl,-rpath-link -Wl,/app/target/cpython-strict/sysroot/usr/lib -Wl,-rpath-link -Wl,/app/target/cpython-strict/sysroot/lib -Wl,--as-needed -Wl,-O1 -Wl,--sort-common   -pthread -Wl,-soname -Wl,libxml2.so.16 -o .libs/libxml2.so.16.0.6
libtool: link: (cd ".libs" && rm -f "libxml2.so.16" && ln -s "libxml2.so.16.0.6" "libxml2.so.16")
libtool: link: (cd ".libs" && rm -f "libxml2.so" && ln -s "libxml2.so.16.0.6" "libxml2.so")
libtool: link: /app/target/cpython-strict/toolchain/full-gcc-15.2.0-musl-20250911/loongarch64-unknown-linux-musl/bin/loongarch64-unknown-linux-musl-gcc-ar cr .libs/libxml2.a  libxml2_la-buf.o libxml2_la-chvalid.o libxml2_la-dict.o libxml2_la-entities.o libxml2_la-encoding.o libxml2_la-error.o libxml2_la-globals.o libxml2_la-hash.o libxml2_la-list.o libxml2_la-parser.o libxml2_la-parserInternals.o libxml2_la-SAX2.o libxml2_la-threads.o libxml2_la-tree.o libxml2_la-uri.o libxml2_la-valid.o libxml2_la-xmlIO.o libxml2_la-xmlmemory.o libxml2_la-xmlstring.o libxml2_la-c14n.o libxml2_la-catalog.o libxml2_la-debugXML.o libxml2_la-HTMLparser.o libxml2_la-HTMLtree.o libxml2_la-xzlib.o libxml2_la-xmlsave.o libxml2_la-pattern.o libxml2_la-xmlreader.o libxml2_la-xmlregexp.o libxml2_la-xmlunicode.o libxml2_la-relaxng.o libxml2_la-xmlschemas.o libxml2_la-xmlschemastypes.o libxml2_la-schematron.o libxml2_la-xmlwriter.o libxml2_la-xinclude.o libxml2_la-xpath.o libxml2_la-xlink.o libxml2_la-xpointer.o
libtool: link: /app/target/cpython-strict/toolchain/full-gcc-15.2.0-musl-20250911/loongarch64-unknown-linux-musl/bin/loongarch64-unknown-linux-musl-gcc-ranlib .libs/libxml2.a
libtool: link: ( cd ".libs" && rm -f "libxml2.la" && ln -s "../libxml2.la" "libxml2.la" )
/bin/bash ./libtool  --tag=CC   --mode=link /app/target/cpython-strict/cross/loongarch64-linux-musl-gcc -pedantic -Wall -Wextra -Wshadow -Wpointer-arith -Wcast-align -Wwrite-strings -Wstrict-prototypes -Wmissing-prototypes -Wno-long-long -Wno-format-extra-args -Wno-array-bounds   -Os -fstack-clash-protection -Wformat -Werror=format-security -fno-plt -march=loongarch64 -mabi=lp64d -mstrict-align  -L/app/target/cpython-strict/sysroot/usr/lib -L/app/target/cpython-strict/sysroot/lib -Wl,-rpath-link,/app/target/cpython-strict/sysroot/usr/lib -Wl,-rpath-link,/app/target/cpython-strict/sysroot/lib -Wl,--as-needed -Wl,-O1 -Wl,--sort-common -o xmllint xmllint-xmllint.o xmllint-shell.o xmllint-lintmain.o  libxml2.la 
/bin/bash ./libtool  --tag=CC   --mode=link /app/target/cpython-strict/cross/loongarch64-linux-musl-gcc -pedantic -Wall -Wextra -Wshadow -Wpointer-arith -Wcast-align -Wwrite-strings -Wstrict-prototypes -Wmissing-prototypes -Wno-long-long -Wno-format-extra-args -Wno-array-bounds   -Os -fstack-clash-protection -Wformat -Werror=format-security -fno-plt -march=loongarch64 -mabi=lp64d -mstrict-align  -L/app/target/cpython-strict/sysroot/usr/lib -L/app/target/cpython-strict/sysroot/lib -Wl,-rpath-link,/app/target/cpython-strict/sysroot/usr/lib -Wl,-rpath-link,/app/target/cpython-strict/sysroot/lib -Wl,--as-needed -Wl,-O1 -Wl,--sort-common -o xmlcatalog xmlcatalog-xmlcatalog.o  libxml2.la 
libtool: link: /app/target/cpython-strict/cross/loongarch64-linux-musl-gcc -pedantic -Wall -Wextra -Wshadow -Wpointer-arith -Wcast-align -Wwrite-strings -Wstrict-prototypes -Wmissing-prototypes -Wno-long-long -Wno-format-extra-args -Wno-array-bounds -Os -fstack-clash-protection -Wformat -Werror=format-security -fno-plt -march=loongarch64 -mabi=lp64d -mstrict-align -Wl,-rpath-link -Wl,/app/target/cpython-strict/sysroot/usr/lib -Wl,-rpath-link -Wl,/app/target/cpython-strict/sysroot/lib -Wl,--as-needed -Wl,-O1 -Wl,--sort-common -o .libs/xmlcatalog xmlcatalog-xmlcatalog.o  -L/app/target/cpython-strict/sysroot/usr/lib -L/app/target/cpython-strict/sysroot/lib ./.libs/libxml2.so -pthread
libtool: link: /app/target/cpython-strict/cross/loongarch64-linux-musl-gcc -pedantic -Wall -Wextra -Wshadow -Wpointer-arith -Wcast-align -Wwrite-strings -Wstrict-prototypes -Wmissing-prototypes -Wno-long-long -Wno-format-extra-args -Wno-array-bounds -Os -fstack-clash-protection -Wformat -Werror=format-security -fno-plt -march=loongarch64 -mabi=lp64d -mstrict-align -Wl,-rpath-link -Wl,/app/target/cpython-strict/sysroot/usr/lib -Wl,-rpath-link -Wl,/app/target/cpython-strict/sysroot/lib -Wl,--as-needed -Wl,-O1 -Wl,--sort-common -o .libs/xmllint xmllint-xmllint.o xmllint-shell.o xmllint-lintmain.o  -L/app/target/cpython-strict/sysroot/usr/lib -L/app/target/cpython-strict/sysroot/lib ./.libs/libxml2.so -pthread
make[2]: Leaving directory '/app/target/cpython-strict/build/libxml2-2.14.6'
Making all in doc
make[2]: Entering directory '/app/target/cpython-strict/build/libxml2-2.14.6/doc'
Making all in .
make[3]: Entering directory '/app/target/cpython-strict/build/libxml2-2.14.6/doc'
make[3]: Nothing to be done for 'all-am'.
make[3]: Leaving directory '/app/target/cpython-strict/build/libxml2-2.14.6/doc'
Making all in devhelp
make[3]: Entering directory '/app/target/cpython-strict/build/libxml2-2.14.6/doc/devhelp'
make[3]: Nothing to be done for 'all'.
make[3]: Leaving directory '/app/target/cpython-strict/build/libxml2-2.14.6/doc/devhelp'
make[2]: Leaving directory '/app/target/cpython-strict/build/libxml2-2.14.6/doc'
Making all in example
make[2]: Entering directory '/app/target/cpython-strict/build/libxml2-2.14.6/example'
make[2]: Nothing to be done for 'all'.
make[2]: Leaving directory '/app/target/cpython-strict/build/libxml2-2.14.6/example'
Making all in xstc
make[2]: Entering directory '/app/target/cpython-strict/build/libxml2-2.14.6/xstc'
make[2]: Nothing to be done for 'all'.
make[2]: Leaving directory '/app/target/cpython-strict/build/libxml2-2.14.6/xstc'
Making all in fuzz
make[2]: Entering directory '/app/target/cpython-strict/build/libxml2-2.14.6/fuzz'
make[2]: Nothing to be done for 'all'.
make[2]: Leaving directory '/app/target/cpython-strict/build/libxml2-2.14.6/fuzz'
make[1]: Leaving directory '/app/target/cpython-strict/build/libxml2-2.14.6'
Making install in include
make[1]: Entering directory '/app/target/cpython-strict/build/libxml2-2.14.6/include'
Making install in libxml
make[2]: Entering directory '/app/target/cpython-strict/build/libxml2-2.14.6/include/libxml'
make[3]: Entering directory '/app/target/cpython-strict/build/libxml2-2.14.6/include/libxml'
make[3]: Nothing to be done for 'install-exec-am'.
 /usr/bin/mkdir -p '/app/target/cpython-strict/sysroot/usr/include/libxml2/libxml'
 /usr/bin/install -c -m 644 xmlversion.h '/app/target/cpython-strict/sysroot/usr/include/libxml2/libxml'
 /usr/bin/mkdir -p '/app/target/cpython-strict/sysroot/usr/include/libxml2/libxml'
 /usr/bin/install -c -m 644 SAX.h entities.h encoding.h parser.h parserInternals.h xmlerror.h HTMLparser.h HTMLtree.h debugXML.h tree.h list.h hash.h xpath.h xpathInternals.h xpointer.h xinclude.h xmlIO.h xmlmemory.h nanohttp.h nanoftp.h uri.h valid.h xlink.h catalog.h threads.h globals.h c14n.h xmlautomata.h xmlregexp.h xmlmodule.h xmlschemas.h schemasInternals.h xmlschemastypes.h xmlstring.h xmlunicode.h xmlreader.h relaxng.h dict.h SAX2.h xmlexports.h '/app/target/cpython-strict/sysroot/usr/include/libxml2/libxml'
 /usr/bin/install -c -m 644 xmlwriter.h chvalid.h pattern.h xmlsave.h schematron.h '/app/target/cpython-strict/sysroot/usr/include/libxml2/libxml'
make[3]: Leaving directory '/app/target/cpython-strict/build/libxml2-2.14.6/include/libxml'
make[2]: Leaving directory '/app/target/cpython-strict/build/libxml2-2.14.6/include/libxml'
Making install in private
make[2]: Entering directory '/app/target/cpython-strict/build/libxml2-2.14.6/include/private'
make[3]: Entering directory '/app/target/cpython-strict/build/libxml2-2.14.6/include/private'
make[3]: Nothing to be done for 'install-exec-am'.
make[3]: Nothing to be done for 'install-data-am'.
make[3]: Leaving directory '/app/target/cpython-strict/build/libxml2-2.14.6/include/private'
make[2]: Leaving directory '/app/target/cpython-strict/build/libxml2-2.14.6/include/private'
make[2]: Entering directory '/app/target/cpython-strict/build/libxml2-2.14.6/include'
make[3]: Entering directory '/app/target/cpython-strict/build/libxml2-2.14.6/include'
make[3]: Nothing to be done for 'install-exec-am'.
make[3]: Nothing to be done for 'install-data-am'.
make[3]: Leaving directory '/app/target/cpython-strict/build/libxml2-2.14.6/include'
make[2]: Leaving directory '/app/target/cpython-strict/build/libxml2-2.14.6/include'
make[1]: Leaving directory '/app/target/cpython-strict/build/libxml2-2.14.6/include'
Making install in .
make[1]: Entering directory '/app/target/cpython-strict/build/libxml2-2.14.6'
make[2]: Entering directory '/app/target/cpython-strict/build/libxml2-2.14.6'
 /usr/bin/mkdir -p '/app/target/cpython-strict/sysroot/usr/lib'
 /bin/bash ./libtool   --mode=install /usr/bin/install -c   libxml2.la '/app/target/cpython-strict/sysroot/usr/lib'
libtool: install: /usr/bin/install -c .libs/libxml2.so.16.0.6 /app/target/cpython-strict/sysroot/usr/lib/libxml2.so.16.0.6
libtool: install: (cd /app/target/cpython-strict/sysroot/usr/lib && { ln -s -f libxml2.so.16.0.6 libxml2.so.16 || { rm -f libxml2.so.16 && ln -s libxml2.so.16.0.6 libxml2.so.16; }; })
libtool: install: (cd /app/target/cpython-strict/sysroot/usr/lib && { ln -s -f libxml2.so.16.0.6 libxml2.so || { rm -f libxml2.so && ln -s libxml2.so.16.0.6 libxml2.so; }; })
libtool: install: /usr/bin/install -c .libs/libxml2.lai /app/target/cpython-strict/sysroot/usr/lib/libxml2.la
libtool: install: /usr/bin/install -c .libs/libxml2.a /app/target/cpython-strict/sysroot/usr/lib/libxml2.a
libtool: install: chmod 644 /app/target/cpython-strict/sysroot/usr/lib/libxml2.a
libtool: install: /app/target/cpython-strict/toolchain/full-gcc-15.2.0-musl-20250911/loongarch64-unknown-linux-musl/bin/loongarch64-unknown-linux-musl-gcc-ranlib /app/target/cpython-strict/sysroot/usr/lib/libxml2.a
libtool: warning: remember to run 'libtool --finish /usr/lib'
 /usr/bin/mkdir -p '/app/target/cpython-strict/sysroot/usr/bin'
  /bin/bash ./libtool   --mode=install /usr/bin/install -c xmllint xmlcatalog '/app/target/cpython-strict/sysroot/usr/bin'
libtool: warning: 'libxml2.la' has not been installed in '/usr/lib'
libtool: install: /usr/bin/install -c .libs/xmllint /app/target/cpython-strict/sysroot/usr/bin/xmllint
libtool: warning: 'libxml2.la' has not been installed in '/usr/lib'
libtool: install: /usr/bin/install -c .libs/xmlcatalog /app/target/cpython-strict/sysroot/usr/bin/xmlcatalog
 /usr/bin/mkdir -p '/app/target/cpython-strict/sysroot/usr/bin'
 /usr/bin/install -c xml2-config '/app/target/cpython-strict/sysroot/usr/bin'
 /usr/bin/mkdir -p '/app/target/cpython-strict/sysroot/usr/lib/cmake/libxml2'
 /usr/bin/install -c -m 644 libxml2-config.cmake '/app/target/cpython-strict/sysroot/usr/lib/cmake/libxml2'
 /usr/bin/mkdir -p '/app/target/cpython-strict/sysroot/usr/lib/pkgconfig'
 /usr/bin/install -c -m 644 libxml-2.0.pc '/app/target/cpython-strict/sysroot/usr/lib/pkgconfig'
make[2]: Leaving directory '/app/target/cpython-strict/build/libxml2-2.14.6'
make[1]: Leaving directory '/app/target/cpython-strict/build/libxml2-2.14.6'
Making install in doc
make[1]: Entering directory '/app/target/cpython-strict/build/libxml2-2.14.6/doc'
Making install in .
make[2]: Entering directory '/app/target/cpython-strict/build/libxml2-2.14.6/doc'
make[3]: Entering directory '/app/target/cpython-strict/build/libxml2-2.14.6/doc'
make[3]: Nothing to be done for 'install-exec-am'.
 /usr/bin/mkdir -p '/app/target/cpython-strict/sysroot/usr/share/man/man1'
 /usr/bin/install -c -m 644 xml2-config.1 xmllint.1 xmlcatalog.1 '/app/target/cpython-strict/sysroot/usr/share/man/man1'
 /usr/bin/mkdir -p '/app/target/cpython-strict/sysroot/usr/share/doc/libxml2'
 /usr/bin/install -c -m 644  xmlcatalog.html xmllint.html '/app/target/cpython-strict/sysroot/usr/share/doc/libxml2/.'
make[3]: Leaving directory '/app/target/cpython-strict/build/libxml2-2.14.6/doc'
make[2]: Leaving directory '/app/target/cpython-strict/build/libxml2-2.14.6/doc'
Making install in devhelp
make[2]: Entering directory '/app/target/cpython-strict/build/libxml2-2.14.6/doc/devhelp'
make[3]: Entering directory '/app/target/cpython-strict/build/libxml2-2.14.6/doc/devhelp'
make[3]: Nothing to be done for 'install-exec-am'.
 /usr/bin/mkdir -p '/app/target/cpython-strict/sysroot/usr/share/gtk-doc/html/libxml2'
 /usr/bin/install -c -m 644 libxml2.devhelp2 general.html index.html libxml2-c14n.html libxml2-catalog.html libxml2-chvalid.html libxml2-debugXML.html libxml2-dict.html libxml2-encoding.html libxml2-entities.html libxml2-globals.html libxml2-hash.html libxml2-HTMLparser.html libxml2-HTMLtree.html libxml2-list.html libxml2-nanoftp.html libxml2-nanohttp.html libxml2-parser.html libxml2-parserInternals.html libxml2-pattern.html libxml2-relaxng.html libxml2-SAX2.html libxml2-SAX.html libxml2-schemasInternals.html libxml2-schematron.html libxml2-threads.html libxml2-tree.html libxml2-uri.html libxml2-valid.html libxml2-xinclude.html libxml2-xlink.html libxml2-xmlautomata.html libxml2-xmlerror.html libxml2-xmlexports.html libxml2-xmlIO.html libxml2-xmlmemory.html libxml2-xmlmodule.html libxml2-xmlreader.html libxml2-xmlregexp.html libxml2-xmlsave.html '/app/target/cpython-strict/sysroot/usr/share/gtk-doc/html/libxml2'
 /usr/bin/install -c -m 644 libxml2-xmlschemas.html libxml2-xmlschemastypes.html libxml2-xmlstring.html libxml2-xmlunicode.html libxml2-xmlversion.html libxml2-xmlwriter.html libxml2-xpath.html libxml2-xpathInternals.html libxml2-xpointer.html home.png left.png right.png up.png style.css '/app/target/cpython-strict/sysroot/usr/share/gtk-doc/html/libxml2'
make[3]: Leaving directory '/app/target/cpython-strict/build/libxml2-2.14.6/doc/devhelp'
make[2]: Leaving directory '/app/target/cpython-strict/build/libxml2-2.14.6/doc/devhelp'
make[1]: Leaving directory '/app/target/cpython-strict/build/libxml2-2.14.6/doc'
Making install in example
make[1]: Entering directory '/app/target/cpython-strict/build/libxml2-2.14.6/example'
make[2]: Entering directory '/app/target/cpython-strict/build/libxml2-2.14.6/example'
make[2]: Nothing to be done for 'install-exec-am'.
make[2]: Nothing to be done for 'install-data-am'.
make[2]: Leaving directory '/app/target/cpython-strict/build/libxml2-2.14.6/example'
make[1]: Leaving directory '/app/target/cpython-strict/build/libxml2-2.14.6/example'
Making install in xstc
make[1]: Entering directory '/app/target/cpython-strict/build/libxml2-2.14.6/xstc'
make[2]: Entering directory '/app/target/cpython-strict/build/libxml2-2.14.6/xstc'
make[2]: Nothing to be done for 'install-exec-am'.
make[2]: Nothing to be done for 'install-data-am'.
make[2]: Leaving directory '/app/target/cpython-strict/build/libxml2-2.14.6/xstc'
make[1]: Leaving directory '/app/target/cpython-strict/build/libxml2-2.14.6/xstc'
Making install in fuzz
make[1]: Entering directory '/app/target/cpython-strict/build/libxml2-2.14.6/fuzz'
make[2]: Entering directory '/app/target/cpython-strict/build/libxml2-2.14.6/fuzz'
make[2]: Nothing to be done for 'install-exec-am'.
make[2]: Nothing to be done for 'install-data-am'.
make[2]: Leaving directory '/app/target/cpython-strict/build/libxml2-2.14.6/fuzz'
make[1]: Leaving directory '/app/target/cpython-strict/build/libxml2-2.14.6/fuzz'
libxml2_strict_compile_units=121
checking build system type... x86_64-pc-linux-gnu
checking host system type... loongarch64-unknown-linux-musl
checking for loongarch64-linux-musl-gcc... /app/target/cpython-strict/cross/loongarch64-linux-musl-gcc
checking whether the C compiler works... yes
checking for C compiler default output file name... a.out
checking for suffix of executables... 
checking whether we are cross compiling... yes
checking for suffix of object files... o
checking whether the compiler supports GNU C... yes
checking whether /app/target/cpython-strict/cross/loongarch64-linux-musl-gcc accepts -g... yes
checking for /app/target/cpython-strict/cross/loongarch64-linux-musl-gcc option to enable C11 features... none needed
checking whether /app/target/cpython-strict/cross/loongarch64-linux-musl-gcc understands -c and -o together... yes
checking for stdio.h... yes
checking for stdlib.h... yes
checking for string.h... yes
checking for inttypes.h... yes
checking for stdint.h... yes
checking for strings.h... yes
checking for sys/stat.h... yes
checking for sys/types.h... yes
checking for unistd.h... yes
checking for wchar.h... yes
checking for minix/config.h... no
checking whether it is safe to define __EXTENSIONS__... yes
checking whether _XOPEN_SOURCE should be defined... no
checking for a BSD-compatible install... /usr/bin/install -c
checking whether build environment is sane... yes
checking for loongarch64-linux-musl-strip... /app/target/cpython-strict/toolchain/full-gcc-15.2.0-musl-20250911/loongarch64-unknown-linux-musl/bin/loongarch64-unknown-linux-musl-strip
checking for a race-free mkdir -p... /usr/bin/mkdir -p
checking for gawk... gawk
checking whether make sets $(MAKE)... yes
checking whether make supports the include directive... yes (GNU style)
checking whether make supports nested variables... yes
checking dependency style of /app/target/cpython-strict/cross/loongarch64-linux-musl-gcc... gcc3
checking whether to enable maintainer-specific portions of Makefiles... yes
checking whether make supports nested variables... (cached) yes
checking for loongarch64-linux-musl-gcc... (cached) /app/target/cpython-strict/cross/loongarch64-linux-musl-gcc
checking whether the compiler supports GNU C... (cached) yes
checking whether /app/target/cpython-strict/cross/loongarch64-linux-musl-gcc accepts -g... (cached) yes
checking for /app/target/cpython-strict/cross/loongarch64-linux-musl-gcc option to enable C11 features... (cached) none needed
checking whether /app/target/cpython-strict/cross/loongarch64-linux-musl-gcc understands -c and -o together... (cached) yes
checking how to run the C preprocessor... /app/target/cpython-strict/cross/loongarch64-linux-musl-gcc -E
checking for xmllint... /usr/bin/xmllint
checking for xsltproc... /usr/bin/xsltproc
checking for loongarch64-linux-musl-pkg-config... no
checking for pkg-config... /usr/bin/pkg-config
configure: WARNING: using cross tools not prefixed with host triplet
checking pkg-config is at least version 0.9.0... yes
checking how to print strings... printf
checking for a sed that does not truncate output... /usr/bin/sed
checking for grep that handles long lines and -e... /usr/bin/grep
checking for egrep... /usr/bin/grep -E
checking for fgrep... /usr/bin/grep -F
checking for ld used by /app/target/cpython-strict/cross/loongarch64-linux-musl-gcc... /app/target/cpython-strict/toolchain/full-gcc-15.2.0-musl-20250911/loongarch64-unknown-linux-musl/loongarch64-unknown-linux-musl/bin/ld
checking if the linker (/app/target/cpython-strict/toolchain/full-gcc-15.2.0-musl-20250911/loongarch64-unknown-linux-musl/loongarch64-unknown-linux-musl/bin/ld) is GNU ld... yes
checking for BSD- or MS-compatible name lister (nm)... /opt/loongarch64-linux-musl-cross/bin/loongarch64-linux-musl-nm -B
checking the name lister (/opt/loongarch64-linux-musl-cross/bin/loongarch64-linux-musl-nm -B) interface... BSD nm
checking whether ln -s works... yes
checking the maximum length of command line arguments... 1572864
checking how to convert x86_64-pc-linux-gnu file names to loongarch64-unknown-linux-musl format... func_convert_file_noop
checking how to convert x86_64-pc-linux-gnu file names to toolchain format... func_convert_file_noop
checking for /app/target/cpython-strict/toolchain/full-gcc-15.2.0-musl-20250911/loongarch64-unknown-linux-musl/loongarch64-unknown-linux-musl/bin/ld option to reload object files... -r
checking for loongarch64-linux-musl-file... no
checking for file... file
checking for loongarch64-linux-musl-objdump... loongarch64-linux-musl-objdump
checking how to recognize dependent libraries... pass_all
checking for loongarch64-linux-musl-dlltool... no
checking for dlltool... no
checking how to associate runtime and link libraries... printf %s\n
checking for loongarch64-linux-musl-ar... /app/target/cpython-strict/toolchain/full-gcc-15.2.0-musl-20250911/loongarch64-unknown-linux-musl/bin/loongarch64-unknown-linux-musl-gcc-ar
checking for archiver @FILE support... @
checking for loongarch64-linux-musl-strip... (cached) /app/target/cpython-strict/toolchain/full-gcc-15.2.0-musl-20250911/loongarch64-unknown-linux-musl/bin/loongarch64-unknown-linux-musl-strip
checking for loongarch64-linux-musl-ranlib... /app/target/cpython-strict/toolchain/full-gcc-15.2.0-musl-20250911/loongarch64-unknown-linux-musl/bin/loongarch64-unknown-linux-musl-gcc-ranlib
checking command to parse /opt/loongarch64-linux-musl-cross/bin/loongarch64-linux-musl-nm -B output from /app/target/cpython-strict/cross/loongarch64-linux-musl-gcc object... ok
checking for sysroot... no
checking for a working dd... /usr/bin/dd
checking how to truncate binary pipes... /usr/bin/dd bs=4096 count=1
checking for loongarch64-linux-musl-mt... no
checking for mt... mt
checking if mt is a manifest tool... no
checking for dlfcn.h... yes
checking for objdir... .libs
checking if /app/target/cpython-strict/cross/loongarch64-linux-musl-gcc supports -fno-rtti -fno-exceptions... no
checking for /app/target/cpython-strict/cross/loongarch64-linux-musl-gcc option to produce PIC... -fPIC -DPIC
checking if /app/target/cpython-strict/cross/loongarch64-linux-musl-gcc PIC flag -fPIC -DPIC works... yes
checking if /app/target/cpython-strict/cross/loongarch64-linux-musl-gcc static flag -static works... yes
checking if /app/target/cpython-strict/cross/loongarch64-linux-musl-gcc supports -c -o file.o... yes
checking if /app/target/cpython-strict/cross/loongarch64-linux-musl-gcc supports -c -o file.o... (cached) yes
checking whether the /app/target/cpython-strict/cross/loongarch64-linux-musl-gcc linker (/app/target/cpython-strict/toolchain/full-gcc-15.2.0-musl-20250911/loongarch64-unknown-linux-musl/loongarch64-unknown-linux-musl/bin/ld) supports shared libraries... yes
checking whether -lc should be explicitly linked in... no
checking dynamic linker characteristics... GNU/Linux ld.so
checking how to hardcode library paths into programs... immediate
checking whether stripping libraries is possible... yes
checking if libtool supports shared libraries... yes
checking whether to build shared libraries... yes
checking whether to build static libraries... yes
checking for cos in -lm... yes
checking for sys/types.h... (cached) yes
checking for sys/time.h... yes
checking for unistd.h... (cached) yes
checking how to pass version script to the linker (/app/target/cpython-strict/toolchain/full-gcc-15.2.0-musl-20250911/loongarch64-unknown-linux-musl/loongarch64-unknown-linux-musl/bin/ld)... checking whether the linker accepts -Wl,--undefined-version... yes
 -Wl,--undefined-version -Wl,--version-script=
checking for pthread.h... yes
checking for pthread_join in -lpthread... yes
checking for locale.h... yes
checking for xlocale.h... no
checking for strxfrm_l... yes
checking for sys/timeb.h... yes
checking for sys/stat.h... (cached) yes
checking for sys/select.h... yes
checking for stat... yes
checking for _stat... no
checking for gettimeofday... yes
checking for localtime_r... yes
checking for gmtime_r... yes
checking for ftime... yes
checking for snprintf... yes
checking for vsnprintf... yes
checking for clock_gettime... yes
checking for perl... perl
Enabling profiler
checking for loongarch64-linux-musl-xml2-config... no
checking for xml2-config... /app/target/cpython-strict/sysroot/usr/bin/xml2-config
checking for libxml libraries >= 2.6.27... 2.14.6 found
checking whether shared libraries will be built (required for plugins)... yes
checking that generated files are newer than configure... done
configure: creating ./config.status
config.status: creating Makefile
config.status: creating libxslt.pc
config.status: creating libexslt.pc
config.status: creating libxslt-config.cmake
config.status: creating libxslt/Makefile
config.status: creating libxslt/xsltconfig.h
config.status: creating libexslt/Makefile
config.status: creating libexslt/exsltconfig.h
config.status: creating xsltproc/Makefile
config.status: creating python/Makefile
config.status: creating python/setup.py
config.status: creating python/tests/Makefile
config.status: creating tests/Makefile
config.status: creating tests/xmlspec/Makefile
config.status: creating tests/multiple/Makefile
config.status: creating tests/xinclude/Makefile
config.status: creating tests/XSLTMark/Makefile
config.status: creating tests/docbook/Makefile
config.status: creating tests/fuzz/Makefile
config.status: creating doc/Makefile
config.status: creating doc/devhelp/Makefile
config.status: creating doc/EXSLT/devhelp/Makefile
config.status: creating xslt-config
config.status: creating config.h
config.status: executing depfiles commands
config.status: executing libtool commands
make  all-recursive
make[1]: Entering directory '/app/target/cpython-strict/build/libxslt-1.1.43'
Making all in libxslt
make[2]: Entering directory '/app/target/cpython-strict/build/libxslt-1.1.43/libxslt'
/bin/bash ../libtool  --tag=CC   --mode=compile /app/target/cpython-strict/cross/loongarch64-linux-musl-gcc -DHAVE_CONFIG_H -I. -I..  -I.. -I../libxslt -I/app/target/cpython-strict/sysroot/usr/include -Wall -Wextra -Wshadow -Wpointer-arith -Wcast-align -Wwrite-strings -Waggregate-return -Wstrict-prototypes -Wmissing-prototypes -Wnested-externs -Winline -Wredundant-decls -I/usr/include/libxml2 -Os -fstack-clash-protection -Wformat -Werror=format-security -fno-plt -march=loongarch64 -mabi=lp64d -mstrict-align -MT attrvt.lo -MD -MP -MF .deps/attrvt.Tpo -c -o attrvt.lo attrvt.c
/bin/bash ../libtool  --tag=CC   --mode=compile /app/target/cpython-strict/cross/loongarch64-linux-musl-gcc -DHAVE_CONFIG_H -I. -I..  -I.. -I../libxslt -I/app/target/cpython-strict/sysroot/usr/include -Wall -Wextra -Wshadow -Wpointer-arith -Wcast-align -Wwrite-strings -Waggregate-return -Wstrict-prototypes -Wmissing-prototypes -Wnested-externs -Winline -Wredundant-decls -I/usr/include/libxml2 -Os -fstack-clash-protection -Wformat -Werror=format-security -fno-plt -march=loongarch64 -mabi=lp64d -mstrict-align -MT xslt.lo -MD -MP -MF .deps/xslt.Tpo -c -o xslt.lo xslt.c
/bin/bash ../libtool  --tag=CC   --mode=compile /app/target/cpython-strict/cross/loongarch64-linux-musl-gcc -DHAVE_CONFIG_H -I. -I..  -I.. -I../libxslt -I/app/target/cpython-strict/sysroot/usr/include -Wall -Wextra -Wshadow -Wpointer-arith -Wcast-align -Wwrite-strings -Waggregate-return -Wstrict-prototypes -Wmissing-prototypes -Wnested-externs -Winline -Wredundant-decls -I/usr/include/libxml2 -Os -fstack-clash-protection -Wformat -Werror=format-security -fno-plt -march=loongarch64 -mabi=lp64d -mstrict-align -MT xsltlocale.lo -MD -MP -MF .deps/xsltlocale.Tpo -c -o xsltlocale.lo xsltlocale.c
/bin/bash ../libtool  --tag=CC   --mode=compile /app/target/cpython-strict/cross/loongarch64-linux-musl-gcc -DHAVE_CONFIG_H -I. -I..  -I.. -I../libxslt -I/app/target/cpython-strict/sysroot/usr/include -Wall -Wextra -Wshadow -Wpointer-arith -Wcast-align -Wwrite-strings -Waggregate-return -Wstrict-prototypes -Wmissing-prototypes -Wnested-externs -Winline -Wredundant-decls -I/usr/include/libxml2 -Os -fstack-clash-protection -Wformat -Werror=format-security -fno-plt -march=loongarch64 -mabi=lp64d -mstrict-align -MT xsltutils.lo -MD -MP -MF .deps/xsltutils.Tpo -c -o xsltutils.lo xsltutils.c
libtool: compile:  /app/target/cpython-strict/cross/loongarch64-linux-musl-gcc -DHAVE_CONFIG_H -I. -I.. -I.. -I../libxslt -I/app/target/cpython-strict/sysroot/usr/include -Wall -Wextra -Wshadow -Wpointer-arith -Wcast-align -Wwrite-strings -Waggregate-return -Wstrict-prototypes -Wmissing-prototypes -Wnested-externs -Winline -Wredundant-decls -I/usr/include/libxml2 -Os -fstack-clash-protection -Wformat -Werror=format-security -fno-plt -march=loongarch64 -mabi=lp64d -mstrict-align -MT xsltlocale.lo -MD -MP -MF .deps/xsltlocale.Tpo -c xsltlocale.c  -fPIC -DPIC -o .libs/xsltlocale.o
libtool: compile:  /app/target/cpython-strict/cross/loongarch64-linux-musl-gcc -DHAVE_CONFIG_H -I. -I.. -I.. -I../libxslt -I/app/target/cpython-strict/sysroot/usr/include -Wall -Wextra -Wshadow -Wpointer-arith -Wcast-align -Wwrite-strings -Waggregate-return -Wstrict-prototypes -Wmissing-prototypes -Wnested-externs -Winline -Wredundant-decls -I/usr/include/libxml2 -Os -fstack-clash-protection -Wformat -Werror=format-security -fno-plt -march=loongarch64 -mabi=lp64d -mstrict-align -MT attrvt.lo -MD -MP -MF .deps/attrvt.Tpo -c attrvt.c  -fPIC -DPIC -o .libs/attrvt.o
libtool: compile:  /app/target/cpython-strict/cross/loongarch64-linux-musl-gcc -DHAVE_CONFIG_H -I. -I.. -I.. -I../libxslt -I/app/target/cpython-strict/sysroot/usr/include -Wall -Wextra -Wshadow -Wpointer-arith -Wcast-align -Wwrite-strings -Waggregate-return -Wstrict-prototypes -Wmissing-prototypes -Wnested-externs -Winline -Wredundant-decls -I/usr/include/libxml2 -Os -fstack-clash-protection -Wformat -Werror=format-security -fno-plt -march=loongarch64 -mabi=lp64d -mstrict-align -MT xslt.lo -MD -MP -MF .deps/xslt.Tpo -c xslt.c  -fPIC -DPIC -o .libs/xslt.o
libtool: compile:  /app/target/cpython-strict/cross/loongarch64-linux-musl-gcc -DHAVE_CONFIG_H -I. -I.. -I.. -I../libxslt -I/app/target/cpython-strict/sysroot/usr/include -Wall -Wextra -Wshadow -Wpointer-arith -Wcast-align -Wwrite-strings -Waggregate-return -Wstrict-prototypes -Wmissing-prototypes -Wnested-externs -Winline -Wredundant-decls -I/usr/include/libxml2 -Os -fstack-clash-protection -Wformat -Werror=format-security -fno-plt -march=loongarch64 -mabi=lp64d -mstrict-align -MT xsltutils.lo -MD -MP -MF .deps/xsltutils.Tpo -c xsltutils.c  -fPIC -DPIC -o .libs/xsltutils.o
In file included from xslt.c:17:
libxslt.h:33:10: fatal error: libxml/xmlversion.h: No such file or directory
   33 | #include <libxml/xmlversion.h>
      |          ^~~~~~~~~~~~~~~~~~~~~
compilation terminated.
In file included from xsltlocale.c:14:
libxslt.h:33:10: fatal error: libxml/xmlversion.h: No such file or directory
   33 | #include <libxml/xmlversion.h>
      |          ^~~~~~~~~~~~~~~~~~~~~
compilation terminated.
In file included from attrvt.c:17:
libxslt.h:33:10: fatal error: libxml/xmlversion.h: No such file or directory
   33 | #include <libxml/xmlversion.h>
      |          ^~~~~~~~~~~~~~~~~~~~~
compilation terminated.
make[2]: *** [Makefile:598: xslt.lo] Error 1
make[2]: *** Waiting for unfinished jobs....
make[2]: *** [Makefile:598: xsltlocale.lo] Error 1
make[2]: *** [Makefile:598: attrvt.lo] Error 1
In file included from xsltutils.c:13:
libxslt.h:33:10: fatal error: libxml/xmlversion.h: No such file or directory
   33 | #include <libxml/xmlversion.h>
      |          ^~~~~~~~~~~~~~~~~~~~~
compilation terminated.
make[2]: *** [Makefile:598: xsltutils.lo] Error 1
make[2]: Leaving directory '/app/target/cpython-strict/build/libxslt-1.1.43/libxslt'
make[1]: *** [Makefile:647: all-recursive] Error 1
make[1]: Leaving directory '/app/target/cpython-strict/build/libxslt-1.1.43'
make: *** [Makefile:452: all] Error 2
make: *** [cpython-la64-runtime-build] Error 2
