docker run --rm --user "$(id -u):$(id -g)" \
		-v "/Users/luzimo/dev/MangoCore:/app" -w /app zhouzhouyi/os-contest:20260104 \
		./scripts/build_cpython_runtime_la64_strict.sh
[strict-cpython] fetching and verifying pinned sources

  nightly-2025-01-18-x86_64-unknown-linux-gnu unchanged - rustc 1.86.0-nightly (6067b3631 2025-01-17)

[2m2026-07-18T04:35:20.857348Z[0m [32m INFO[0m [1minto_build_context[0m: [2mmaturin::build_options[0m[2m:[0m close [3mtime.busy[0m[2m=[0m473µs [3mtime.idle[0m[2m=[0m451µs
[2m2026-07-18T04:35:20.859886Z[0m [34mDEBUG[0m [2mmaturin::project_layout[0m[2m:[0m Found pyproject.toml in working directory at "/app/target/cpython-strict/build/primp-0.15.0/pyproject.toml"
[2m2026-07-18T04:35:20.873465Z[0m [34mDEBUG[0m [2mmaturin::project_layout[0m[2m:[0m Using cargo manifest path from working directory: "/app/target/cpython-strict/build/primp-0.15.0/Cargo.toml"
[2m2026-07-18T04:35:20.875829Z[0m [34mDEBUG[0m [1mresolve_cargo_metadata[0m: [2mmaturin::project_layout[0m[2m:[0m Resolving cargo metadata from "/app/target/cpython-strict/build/primp-0.15.0/Cargo.toml"
[2m2026-07-18T04:35:21.575714Z[0m [32m INFO[0m [1mresolve_cargo_metadata[0m: [2mmaturin::project_layout[0m[2m:[0m close [3mtime.busy[0m[2m=[0m700ms [3mtime.idle[0m[2m=[0m1.71µs
📦 Including license file "/app/target/cpython-strict/build/primp-0.15.0/LICENSE"
[2m2026-07-18T04:35:21.582358Z[0m [34mDEBUG[0m [2mmaturin::project_layout[0m[2m:[0m Project layout resolved [3mproject_root[0m[2m=[0m/app/target/cpython-strict/build/primp-0.15.0 [3mpython_dir[0m[2m=[0m/app/target/cpython-strict/build/primp-0.15.0 [3mrust_module[0m[2m=[0m/app/target/cpython-strict/build/primp-0.15.0/primp [3mpython_module[0m[2m=[0m/app/target/cpython-strict/build/primp-0.15.0/primp [3mextension_name[0m[2m=[0mprimp [3mmodule_name[0m[2m=[0mprimp
🍹 Building a mixed python/rust project
🔗 Found pyo3 bindings with abi3 support for Python ≥ 3.8
[2m2026-07-18T04:35:21.754386Z[0m [32m INFO[0m [1mcheck_executable[0m: [2mmaturin::python_interpreter[0m[2m:[0m close [3mtime.busy[0m[2m=[0m1.52ms [3mtime.idle[0m[2m=[0m2.13µs [2m[3mexecutable[0m[2m=[0mpython3.8[0m
🐍 Not using a specific python interpreter
📡 Using build options features from pyproject.toml
[2m2026-07-18T04:35:21.761350Z[0m [34mDEBUG[0m [1mbuild_wheels[0m: [2mmaturin::compile[0m[2m:[0m Setting `-C target-features=-crt-static` for musl dylib
[2m2026-07-18T04:35:21.763420Z[0m [34mDEBUG[0m [1mbuild_wheels[0m: [2mmaturin::compile[0m[2m:[0m Running env -u CARGO CARGO_ENCODED_RUSTFLAGS="-C\u{1f}target-feature=-ual\u{1f}-C\u{1f}target-feature=-crt-static" PYO3_CONFIG_FILE="/app/target/cpython-strict/build/primp-0.15.0/target/maturin/pyo3-config-loongarch64-unknown-linux-musl-3.8.txt" "cargo" "rustc" "--features" "pyo3/extension-module" "--target" "loongarch64-unknown-linux-musl" "--message-format" "json-render-diagnostics" "-vv" "--locked" "--manifest-path" "/app/target/cpython-strict/build/primp-0.15.0/Cargo.toml" "--release" "--lib"
   Compiling proc-macro2 v1.0.95
   Compiling unicode-ident v1.0.18
   Compiling libc v0.2.172
   Compiling autocfg v1.4.0
   Compiling cfg-if v1.0.0
   Compiling smallvec v1.15.0
   Compiling target-lexicon v0.13.2
   Compiling shlex v1.3.0
   Compiling parking_lot_core v0.9.10
   Compiling serde v1.0.219
     Running `CARGO=/app/target/cpython-strict/host-tools/rustup/toolchains/nightly-2025-01-18-x86_64-unknown-linux-gnu/bin/cargo CARGO_CRATE_NAME=build_script_build CARGO_MANIFEST_DIR=/app/target/cpython-strict/host-tools/cargo/registry/src/index.crates.io-1949cf8c6b5b557f/proc-macro2-1.0.95 CARGO_MANIFEST_PATH=/app/target/cpython-strict/host-tools/cargo/registry/src/index.crates.io-1949cf8c6b5b557f/proc-macro2-1.0.95/Cargo.toml CARGO_PKG_AUTHORS='David Tolnay <dtolnay@gmail.com>:Alex Crichton <alex@alexcrichton.com>' CARGO_PKG_DESCRIPTION='A substitute implementation of the compiler'\''s `proc_macro` API to decouple token-based libraries from the procedural macro use case.' CARGO_PKG_HOMEPAGE='' CARGO_PKG_LICENSE='MIT OR Apache-2.0' CARGO_PKG_LICENSE_FILE='' CARGO_PKG_NAME=proc-macro2 CARGO_PKG_README=README.md CARGO_PKG_REPOSITORY='https://github.com/dtolnay/proc-macro2' CARGO_PKG_RUST_VERSION=1.56 CARGO_PKG_VERSION=1.0.95 CARGO_PKG_VERSION_MAJOR=1 CARGO_PKG_VERSION_MINOR=0 CARGO_PKG_VERSION_PATCH=95 CARGO_PKG_VERSION_PRE='' LD_LIBRARY_PATH='/app/target/cpython-strict/build/primp-0.15.0/target/release/deps:/app/target/cpython-strict/host-tools/rustup/toolchains/nightly-2025-01-18-x86_64-unknown-linux-gnu/lib:/opt/kendryte-toolchain/bin/:' /app/target/cpython-strict/host-tools/rustup/toolchains/nightly-2025-01-18-x86_64-unknown-linux-gnu/bin/rustc --crate-name build_script_build --edition=2021 /app/target/cpython-strict/host-tools/cargo/registry/src/index.crates.io-1949cf8c6b5b557f/proc-macro2-1.0.95/build.rs --error-format=json --json=diagnostic-rendered-ansi,artifacts,future-incompat --crate-type bin --emit=dep-info,link -C embed-bitcode=no -C debug-assertions=off --cfg 'feature="default"' --cfg 'feature="proc-macro"' --check-cfg 'cfg(docsrs,test)' --check-cfg 'cfg(feature, values("default", "nightly", "proc-macro", "span-locations"))' -C metadata=448091774afba546 -C extra-filename=-e0e34f3cca86c54a --out-dir /app/target/cpython-strict/build/primp-0.15.0/target/release/build/proc-macro2-e0e34f3cca86c54a -C strip=symbols -L dependency=/app/target/cpython-strict/build/primp-0.15.0/target/release/deps --cap-lints warn`
     Running `CARGO=/app/target/cpython-strict/host-tools/rustup/toolchains/nightly-2025-01-18-x86_64-unknown-linux-gnu/bin/cargo CARGO_CRATE_NAME=autocfg CARGO_MANIFEST_DIR=/app/target/cpython-strict/host-tools/cargo/registry/src/index.crates.io-1949cf8c6b5b557f/autocfg-1.4.0 CARGO_MANIFEST_PATH=/app/target/cpython-strict/host-tools/cargo/registry/src/index.crates.io-1949cf8c6b5b557f/autocfg-1.4.0/Cargo.toml CARGO_PKG_AUTHORS='Josh Stone <cuviper@gmail.com>' CARGO_PKG_DESCRIPTION='Automatic cfg for Rust compiler features' CARGO_PKG_HOMEPAGE='' CARGO_PKG_LICENSE='Apache-2.0 OR MIT' CARGO_PKG_LICENSE_FILE='' CARGO_PKG_NAME=autocfg CARGO_PKG_README=README.md CARGO_PKG_REPOSITORY='https://github.com/cuviper/autocfg' CARGO_PKG_RUST_VERSION=1.0 CARGO_PKG_VERSION=1.4.0 CARGO_PKG_VERSION_MAJOR=1 CARGO_PKG_VERSION_MINOR=4 CARGO_PKG_VERSION_PATCH=0 CARGO_PKG_VERSION_PRE='' LD_LIBRARY_PATH='/app/target/cpython-strict/build/primp-0.15.0/target/release/deps:/app/target/cpython-strict/host-tools/rustup/toolchains/nightly-2025-01-18-x86_64-unknown-linux-gnu/lib:/opt/kendryte-toolchain/bin/:' /app/target/cpython-strict/host-tools/rustup/toolchains/nightly-2025-01-18-x86_64-unknown-linux-gnu/bin/rustc --crate-name autocfg --edition=2015 /app/target/cpython-strict/host-tools/cargo/registry/src/index.crates.io-1949cf8c6b5b557f/autocfg-1.4.0/src/lib.rs --error-format=json --json=diagnostic-rendered-ansi,artifacts,future-incompat --crate-type lib --emit=dep-info,metadata,link -C embed-bitcode=no -C debug-assertions=off --check-cfg 'cfg(docsrs,test)' --check-cfg 'cfg(feature, values())' -C metadata=0468f3c56aaca53d -C extra-filename=-918a7c8fc0d04dc5 --out-dir /app/target/cpython-strict/build/primp-0.15.0/target/release/deps -C strip=symbols -L dependency=/app/target/cpython-strict/build/primp-0.15.0/target/release/deps --cap-lints warn`
     Running `CARGO=/app/target/cpython-strict/host-tools/rustup/toolchains/nightly-2025-01-18-x86_64-unknown-linux-gnu/bin/cargo CARGO_CRATE_NAME=build_script_build CARGO_MANIFEST_DIR=/app/target/cpython-strict/host-tools/cargo/registry/src/index.crates.io-1949cf8c6b5b557f/parking_lot_core-0.9.10 CARGO_MANIFEST_PATH=/app/target/cpython-strict/host-tools/cargo/registry/src/index.crates.io-1949cf8c6b5b557f/parking_lot_core-0.9.10/Cargo.toml CARGO_PKG_AUTHORS='Amanieu d'\''Antras <amanieu@gmail.com>' CARGO_PKG_DESCRIPTION='An advanced API for creating custom synchronization primitives.' CARGO_PKG_HOMEPAGE='' CARGO_PKG_LICENSE='MIT OR Apache-2.0' CARGO_PKG_LICENSE_FILE='' CARGO_PKG_NAME=parking_lot_core CARGO_PKG_README='' CARGO_PKG_REPOSITORY='https://github.com/Amanieu/parking_lot' CARGO_PKG_RUST_VERSION=1.56.0 CARGO_PKG_VERSION=0.9.10 CARGO_PKG_VERSION_MAJOR=0 CARGO_PKG_VERSION_MINOR=9 CARGO_PKG_VERSION_PATCH=10 CARGO_PKG_VERSION_PRE='' LD_LIBRARY_PATH='/app/target/cpython-strict/build/primp-0.15.0/target/release/deps:/app/target/cpython-strict/host-tools/rustup/toolchains/nightly-2025-01-18-x86_64-unknown-linux-gnu/lib:/opt/kendryte-toolchain/bin/:' /app/target/cpython-strict/host-tools/rustup/toolchains/nightly-2025-01-18-x86_64-unknown-linux-gnu/bin/rustc --crate-name build_script_build --edition=2021 /app/target/cpython-strict/host-tools/cargo/registry/src/index.crates.io-1949cf8c6b5b557f/parking_lot_core-0.9.10/build.rs --error-format=json --json=diagnostic-rendered-ansi,artifacts,future-incompat --crate-type bin --emit=dep-info,link -C embed-bitcode=no -C debug-assertions=off --check-cfg 'cfg(docsrs,test)' --check-cfg 'cfg(feature, values("backtrace", "deadlock_detection", "nightly", "petgraph", "thread-id"))' -C metadata=3259e0ec69d7f89c -C extra-filename=-3380b1757d1b584a --out-dir /app/target/cpython-strict/build/primp-0.15.0/target/release/build/parking_lot_core-3380b1757d1b584a -C strip=symbols -L dependency=/app/target/cpython-strict/build/primp-0.15.0/target/release/deps --cap-lints warn`
     Running `CARGO=/app/target/cpython-strict/host-tools/rustup/toolchains/nightly-2025-01-18-x86_64-unknown-linux-gnu/bin/cargo CARGO_CRATE_NAME=cfg_if CARGO_MANIFEST_DIR=/app/target/cpython-strict/host-tools/cargo/registry/src/index.crates.io-1949cf8c6b5b557f/cfg-if-1.0.0 CARGO_MANIFEST_PATH=/app/target/cpython-strict/host-tools/cargo/registry/src/index.crates.io-1949cf8c6b5b557f/cfg-if-1.0.0/Cargo.toml CARGO_PKG_AUTHORS='Alex Crichton <alex@alexcrichton.com>' CARGO_PKG_DESCRIPTION='A macro to ergonomically define an item depending on a large number of #[cfg]
parameters. Structured like an if-else chain, the first matching branch is the
item that gets emitted.
' CARGO_PKG_HOMEPAGE='https://github.com/alexcrichton/cfg-if' CARGO_PKG_LICENSE=MIT/Apache-2.0 CARGO_PKG_LICENSE_FILE='' CARGO_PKG_NAME=cfg-if CARGO_PKG_README=README.md CARGO_PKG_REPOSITORY='https://github.com/alexcrichton/cfg-if' CARGO_PKG_RUST_VERSION='' CARGO_PKG_VERSION=1.0.0 CARGO_PKG_VERSION_MAJOR=1 CARGO_PKG_VERSION_MINOR=0 CARGO_PKG_VERSION_PATCH=0 CARGO_PKG_VERSION_PRE='' LD_LIBRARY_PATH='/app/target/cpython-strict/build/primp-0.15.0/target/release/deps:/app/target/cpython-strict/host-tools/rustup/toolchains/nightly-2025-01-18-x86_64-unknown-linux-gnu/lib:/opt/kendryte-toolchain/bin/:' /app/target/cpython-strict/host-tools/rustup/toolchains/nightly-2025-01-18-x86_64-unknown-linux-gnu/bin/rustc --crate-name cfg_if --edition=2018 /app/target/cpython-strict/host-tools/cargo/registry/src/index.crates.io-1949cf8c6b5b557f/cfg-if-1.0.0/src/lib.rs --error-format=json --json=diagnostic-rendered-ansi,artifacts,future-incompat --crate-type lib --emit=dep-info,metadata,link -C opt-level=3 -C panic=abort -C linker-plugin-lto -C codegen-units=1 --check-cfg 'cfg(docsrs,test)' --check-cfg 'cfg(feature, values("compiler_builtins", "core", "rustc-dep-of-std"))' -C metadata=3808c2021576dde8 -C extra-filename=-9a56164e255f8351 --out-dir /app/target/cpython-strict/build/primp-0.15.0/target/loongarch64-unknown-linux-musl/release/deps --target loongarch64-unknown-linux-musl -C linker=/app/target/cpython-strict/cross/loongarch64-linux-musl-gcc -C strip=symbols -L dependency=/app/target/cpython-strict/build/primp-0.15.0/target/loongarch64-unknown-linux-musl/release/deps -L dependency=/app/target/cpython-strict/build/primp-0.15.0/target/release/deps --cap-lints warn -C target-feature=-ual -C target-feature=-crt-static`
     Running `CARGO=/app/target/cpython-strict/host-tools/rustup/toolchains/nightly-2025-01-18-x86_64-unknown-linux-gnu/bin/cargo CARGO_CRATE_NAME=build_script_build CARGO_MANIFEST_DIR=/app/target/cpython-strict/host-tools/cargo/registry/src/index.crates.io-1949cf8c6b5b557f/libc-0.2.172 CARGO_MANIFEST_PATH=/app/target/cpython-strict/host-tools/cargo/registry/src/index.crates.io-1949cf8c6b5b557f/libc-0.2.172/Cargo.toml CARGO_PKG_AUTHORS='The Rust Project Developers' CARGO_PKG_DESCRIPTION='Raw FFI bindings to platform libraries like libc.
' CARGO_PKG_HOMEPAGE='https://github.com/rust-lang/libc' CARGO_PKG_LICENSE='MIT OR Apache-2.0' CARGO_PKG_LICENSE_FILE='' CARGO_PKG_NAME=libc CARGO_PKG_README=README.md CARGO_PKG_REPOSITORY='https://github.com/rust-lang/libc' CARGO_PKG_RUST_VERSION=1.63 CARGO_PKG_VERSION=0.2.172 CARGO_PKG_VERSION_MAJOR=0 CARGO_PKG_VERSION_MINOR=2 CARGO_PKG_VERSION_PATCH=172 CARGO_PKG_VERSION_PRE='' LD_LIBRARY_PATH='/app/target/cpython-strict/build/primp-0.15.0/target/release/deps:/app/target/cpython-strict/host-tools/rustup/toolchains/nightly-2025-01-18-x86_64-unknown-linux-gnu/lib:/opt/kendryte-toolchain/bin/:' /app/target/cpython-strict/host-tools/rustup/toolchains/nightly-2025-01-18-x86_64-unknown-linux-gnu/bin/rustc --crate-name build_script_build --edition=2021 /app/target/cpython-strict/host-tools/cargo/registry/src/index.crates.io-1949cf8c6b5b557f/libc-0.2.172/build.rs --error-format=json --json=diagnostic-rendered-ansi,artifacts,future-incompat --crate-type bin --emit=dep-info,link -C embed-bitcode=no -C debug-assertions=off --cfg 'feature="default"' --cfg 'feature="std"' --check-cfg 'cfg(docsrs,test)' --check-cfg 'cfg(feature, values("align", "const-extern-fn", "default", "extra_traits", "rustc-dep-of-std", "rustc-std-workspace-core", "std", "use_std"))' -C metadata=9c6264f54383a5a5 -C extra-filename=-e0b9a58b7cec2441 --out-dir /app/target/cpython-strict/build/primp-0.15.0/target/release/build/libc-e0b9a58b7cec2441 -C strip=symbols -L dependency=/app/target/cpython-strict/build/primp-0.15.0/target/release/deps --cap-lints warn`
     Running `CARGO=/app/target/cpython-strict/host-tools/rustup/toolchains/nightly-2025-01-18-x86_64-unknown-linux-gnu/bin/cargo CARGO_CRATE_NAME=shlex CARGO_MANIFEST_DIR=/app/target/cpython-strict/host-tools/cargo/registry/src/index.crates.io-1949cf8c6b5b557f/shlex-1.3.0 CARGO_MANIFEST_PATH=/app/target/cpython-strict/host-tools/cargo/registry/src/index.crates.io-1949cf8c6b5b557f/shlex-1.3.0/Cargo.toml CARGO_PKG_AUTHORS='comex <comexk@gmail.com>:Fenhl <fenhl@fenhl.net>:Adrian Taylor <adetaylor@chromium.org>:Alex Touchet <alextouchet@outlook.com>:Daniel Parks <dp+git@oxidized.org>:Garrett Berg <googberg@gmail.com>' CARGO_PKG_DESCRIPTION='Split a string into shell words, like Python'\''s shlex.' CARGO_PKG_HOMEPAGE='' CARGO_PKG_LICENSE='MIT OR Apache-2.0' CARGO_PKG_LICENSE_FILE='' CARGO_PKG_NAME=shlex CARGO_PKG_README=README.md CARGO_PKG_REPOSITORY='https://github.com/comex/rust-shlex' CARGO_PKG_RUST_VERSION=1.46.0 CARGO_PKG_VERSION=1.3.0 CARGO_PKG_VERSION_MAJOR=1 CARGO_PKG_VERSION_MINOR=3 CARGO_PKG_VERSION_PATCH=0 CARGO_PKG_VERSION_PRE='' LD_LIBRARY_PATH='/app/target/cpython-strict/build/primp-0.15.0/target/release/deps:/app/target/cpython-strict/host-tools/rustup/toolchains/nightly-2025-01-18-x86_64-unknown-linux-gnu/lib:/opt/kendryte-toolchain/bin/:' /app/target/cpython-strict/host-tools/rustup/toolchains/nightly-2025-01-18-x86_64-unknown-linux-gnu/bin/rustc --crate-name shlex --edition=2015 /app/target/cpython-strict/host-tools/cargo/registry/src/index.crates.io-1949cf8c6b5b557f/shlex-1.3.0/src/lib.rs --error-format=json --json=diagnostic-rendered-ansi,artifacts,future-incompat --crate-type lib --emit=dep-info,metadata,link -C embed-bitcode=no -C debug-assertions=off --cfg 'feature="default"' --cfg 'feature="std"' --check-cfg 'cfg(docsrs,test)' --check-cfg 'cfg(feature, values("default", "std"))' -C metadata=9e887085fbb5851b -C extra-filename=-0a52e9259d25247b --out-dir /app/target/cpython-strict/build/primp-0.15.0/target/release/deps -C strip=symbols -L dependency=/app/target/cpython-strict/build/primp-0.15.0/target/release/deps --cap-lints warn`
     Running `CARGO=/app/target/cpython-strict/host-tools/rustup/toolchains/nightly-2025-01-18-x86_64-unknown-linux-gnu/bin/cargo CARGO_CRATE_NAME=unicode_ident CARGO_MANIFEST_DIR=/app/target/cpython-strict/host-tools/cargo/registry/src/index.crates.io-1949cf8c6b5b557f/unicode-ident-1.0.18 CARGO_MANIFEST_PATH=/app/target/cpython-strict/host-tools/cargo/registry/src/index.crates.io-1949cf8c6b5b557f/unicode-ident-1.0.18/Cargo.toml CARGO_PKG_AUTHORS='David Tolnay <dtolnay@gmail.com>' CARGO_PKG_DESCRIPTION='Determine whether characters have the XID_Start or XID_Continue properties according to Unicode Standard Annex #31' CARGO_PKG_HOMEPAGE='' CARGO_PKG_LICENSE='(MIT OR Apache-2.0) AND Unicode-3.0' CARGO_PKG_LICENSE_FILE='' CARGO_PKG_NAME=unicode-ident CARGO_PKG_README=README.md CARGO_PKG_REPOSITORY='https://github.com/dtolnay/unicode-ident' CARGO_PKG_RUST_VERSION=1.31 CARGO_PKG_VERSION=1.0.18 CARGO_PKG_VERSION_MAJOR=1 CARGO_PKG_VERSION_MINOR=0 CARGO_PKG_VERSION_PATCH=18 CARGO_PKG_VERSION_PRE='' LD_LIBRARY_PATH='/app/target/cpython-strict/build/primp-0.15.0/target/release/deps:/app/target/cpython-strict/host-tools/rustup/toolchains/nightly-2025-01-18-x86_64-unknown-linux-gnu/lib:/opt/kendryte-toolchain/bin/:' /app/target/cpython-strict/host-tools/rustup/toolchains/nightly-2025-01-18-x86_64-unknown-linux-gnu/bin/rustc --crate-name unicode_ident --edition=2018 /app/target/cpython-strict/host-tools/cargo/registry/src/index.crates.io-1949cf8c6b5b557f/unicode-ident-1.0.18/src/lib.rs --error-format=json --json=diagnostic-rendered-ansi,artifacts,future-incompat --crate-type lib --emit=dep-info,metadata,link -C embed-bitcode=no -C debug-assertions=off --check-cfg 'cfg(docsrs,test)' --check-cfg 'cfg(feature, values())' -C metadata=fa112b42021e402b -C extra-filename=-687bb67aea9472ba --out-dir /app/target/cpython-strict/build/primp-0.15.0/target/release/deps -C strip=symbols -L dependency=/app/target/cpython-strict/build/primp-0.15.0/target/release/deps --cap-lints warn`
     Running `CARGO=/app/target/cpython-strict/host-tools/rustup/toolchains/nightly-2025-01-18-x86_64-unknown-linux-gnu/bin/cargo CARGO_CRATE_NAME=build_script_build CARGO_MANIFEST_DIR=/app/target/cpython-strict/host-tools/cargo/registry/src/index.crates.io-1949cf8c6b5b557f/serde-1.0.219 CARGO_MANIFEST_PATH=/app/target/cpython-strict/host-tools/cargo/registry/src/index.crates.io-1949cf8c6b5b557f/serde-1.0.219/Cargo.toml CARGO_PKG_AUTHORS='Erick Tryzelaar <erick.tryzelaar@gmail.com>:David Tolnay <dtolnay@gmail.com>' CARGO_PKG_DESCRIPTION='A generic serialization/deserialization framework' CARGO_PKG_HOMEPAGE='https://serde.rs' CARGO_PKG_LICENSE='MIT OR Apache-2.0' CARGO_PKG_LICENSE_FILE='' CARGO_PKG_NAME=serde CARGO_PKG_README=crates-io.md CARGO_PKG_REPOSITORY='https://github.com/serde-rs/serde' CARGO_PKG_RUST_VERSION=1.31 CARGO_PKG_VERSION=1.0.219 CARGO_PKG_VERSION_MAJOR=1 CARGO_PKG_VERSION_MINOR=0 CARGO_PKG_VERSION_PATCH=219 CARGO_PKG_VERSION_PRE='' LD_LIBRARY_PATH='/app/target/cpython-strict/build/primp-0.15.0/target/release/deps:/app/target/cpython-strict/host-tools/rustup/toolchains/nightly-2025-01-18-x86_64-unknown-linux-gnu/lib:/opt/kendryte-toolchain/bin/:' /app/target/cpython-strict/host-tools/rustup/toolchains/nightly-2025-01-18-x86_64-unknown-linux-gnu/bin/rustc --crate-name build_script_build --edition=2018 /app/target/cpython-strict/host-tools/cargo/registry/src/index.crates.io-1949cf8c6b5b557f/serde-1.0.219/build.rs --error-format=json --json=diagnostic-rendered-ansi,artifacts,future-incompat --crate-type bin --emit=dep-info,link -C embed-bitcode=no -C debug-assertions=off --cfg 'feature="default"' --cfg 'feature="derive"' --cfg 'feature="serde_derive"' --cfg 'feature="std"' --check-cfg 'cfg(docsrs,test)' --check-cfg 'cfg(feature, values("alloc", "default", "derive", "rc", "serde_derive", "std", "unstable"))' -C metadata=54209fcd31bd5ab4 -C extra-filename=-332c339208ba974f --out-dir /app/target/cpython-strict/build/primp-0.15.0/target/release/build/serde-332c339208ba974f -C strip=symbols -L dependency=/app/target/cpython-strict/build/primp-0.15.0/target/release/deps --cap-lints warn`
     Running `CARGO=/app/target/cpython-strict/host-tools/rustup/toolchains/nightly-2025-01-18-x86_64-unknown-linux-gnu/bin/cargo CARGO_CRATE_NAME=smallvec CARGO_MANIFEST_DIR=/app/target/cpython-strict/host-tools/cargo/registry/src/index.crates.io-1949cf8c6b5b557f/smallvec-1.15.0 CARGO_MANIFEST_PATH=/app/target/cpython-strict/host-tools/cargo/registry/src/index.crates.io-1949cf8c6b5b557f/smallvec-1.15.0/Cargo.toml CARGO_PKG_AUTHORS='The Servo Project Developers' CARGO_PKG_DESCRIPTION=''\''Small vector'\'' optimization: store up to a small number of items on the stack' CARGO_PKG_HOMEPAGE='' CARGO_PKG_LICENSE='MIT OR Apache-2.0' CARGO_PKG_LICENSE_FILE='' CARGO_PKG_NAME=smallvec CARGO_PKG_README=README.md CARGO_PKG_REPOSITORY='https://github.com/servo/rust-smallvec' CARGO_PKG_RUST_VERSION='' CARGO_PKG_VERSION=1.15.0 CARGO_PKG_VERSION_MAJOR=1 CARGO_PKG_VERSION_MINOR=15 CARGO_PKG_VERSION_PATCH=0 CARGO_PKG_VERSION_PRE='' LD_LIBRARY_PATH='/app/target/cpython-strict/build/primp-0.15.0/target/release/deps:/app/target/cpython-strict/host-tools/rustup/toolchains/nightly-2025-01-18-x86_64-unknown-linux-gnu/lib:/opt/kendryte-toolchain/bin/:' /app/target/cpython-strict/host-tools/rustup/toolchains/nightly-2025-01-18-x86_64-unknown-linux-gnu/bin/rustc --crate-name smallvec --edition=2018 /app/target/cpython-strict/host-tools/cargo/registry/src/index.crates.io-1949cf8c6b5b557f/smallvec-1.15.0/src/lib.rs --error-format=json --json=diagnostic-rendered-ansi,artifacts,future-incompat --crate-type lib --emit=dep-info,metadata,link -C opt-level=3 -C panic=abort -C linker-plugin-lto -C codegen-units=1 --cfg 'feature="const_generics"' --cfg 'feature="const_new"' --check-cfg 'cfg(docsrs,test)' --check-cfg 'cfg(feature, values("arbitrary", "bincode", "const_generics", "const_new", "debugger_visualizer", "drain_filter", "drain_keep_rest", "impl_bincode", "malloc_size_of", "may_dangle", "serde", "specialization", "union", "unty", "write"))' -C metadata=c3a43a683b9d78ff -C extra-filename=-11d62a66e49144d9 --out-dir /app/target/cpython-strict/build/primp-0.15.0/target/loongarch64-unknown-linux-musl/release/deps --target loongarch64-unknown-linux-musl -C linker=/app/target/cpython-strict/cross/loongarch64-linux-musl-gcc -C strip=symbols -L dependency=/app/target/cpython-strict/build/primp-0.15.0/target/loongarch64-unknown-linux-musl/release/deps -L dependency=/app/target/cpython-strict/build/primp-0.15.0/target/release/deps --cap-lints warn -C target-feature=-ual -C target-feature=-crt-static`
     Running `CARGO=/app/target/cpython-strict/host-tools/rustup/toolchains/nightly-2025-01-18-x86_64-unknown-linux-gnu/bin/cargo CARGO_CRATE_NAME=build_script_build CARGO_MANIFEST_DIR=/app/target/cpython-strict/host-tools/cargo/registry/src/index.crates.io-1949cf8c6b5b557f/target-lexicon-0.13.2 CARGO_MANIFEST_PATH=/app/target/cpython-strict/host-tools/cargo/registry/src/index.crates.io-1949cf8c6b5b557f/target-lexicon-0.13.2/Cargo.toml CARGO_PKG_AUTHORS='Dan Gohman <sunfish@mozilla.com>' CARGO_PKG_DESCRIPTION='LLVM target triple types' CARGO_PKG_HOMEPAGE='' CARGO_PKG_LICENSE='Apache-2.0 WITH LLVM-exception' CARGO_PKG_LICENSE_FILE='' CARGO_PKG_NAME=target-lexicon CARGO_PKG_README=README.md CARGO_PKG_REPOSITORY='https://github.com/bytecodealliance/target-lexicon' CARGO_PKG_RUST_VERSION='' CARGO_PKG_VERSION=0.13.2 CARGO_PKG_VERSION_MAJOR=0 CARGO_PKG_VERSION_MINOR=13 CARGO_PKG_VERSION_PATCH=2 CARGO_PKG_VERSION_PRE='' LD_LIBRARY_PATH='/app/target/cpython-strict/build/primp-0.15.0/target/release/deps:/app/target/cpython-strict/host-tools/rustup/toolchains/nightly-2025-01-18-x86_64-unknown-linux-gnu/lib:/opt/kendryte-toolchain/bin/:' /app/target/cpython-strict/host-tools/rustup/toolchains/nightly-2025-01-18-x86_64-unknown-linux-gnu/bin/rustc --crate-name build_script_build --edition=2018 /app/target/cpython-strict/host-tools/cargo/registry/src/index.crates.io-1949cf8c6b5b557f/target-lexicon-0.13.2/build.rs --error-format=json --json=diagnostic-rendered-ansi,artifacts,future-incompat --crate-type bin --emit=dep-info,link -C embed-bitcode=no -C debug-assertions=off --cfg 'feature="default"' --check-cfg 'cfg(docsrs,test)' --check-cfg 'cfg(feature, values("arch_zkasm", "default", "serde", "serde_support", "std"))' -C metadata=303e2c8933e94b69 -C extra-filename=-1afc1e74430d0f5c --out-dir /app/target/cpython-strict/build/primp-0.15.0/target/release/build/target-lexicon-1afc1e74430d0f5c -C strip=symbols -L dependency=/app/target/cpython-strict/build/primp-0.15.0/target/release/deps --cap-lints warn`
warning: unstable feature specified for `-Ctarget-feature`: `ual`
  |
  = note: this feature is not stably supported; its behavior can change in the future

warning: unexpected `cfg` condition name: `manual_codegen_check`
   --> /app/target/cpython-strict/host-tools/cargo/registry/src/index.crates.io-1949cf8c6b5b557f/shlex-1.3.0/src/bytes.rs:353:12
    |
353 | #[cfg_attr(manual_codegen_check, inline(never))]
    |            ^^^^^^^^^^^^^^^^^^^^
    |
    = help: expected names are: `clippy`, `debug_assertions`, `doc`, `docsrs`, `doctest`, `feature`, `fmt_debug`, `miri`, `overflow_checks`, `panic`, `proc_macro`, `relocation_model`, `rustfmt`, `sanitize`, `sanitizer_cfi_generalize_pointers`, `sanitizer_cfi_normalize_integers`, `target_abi`, `target_arch`, `target_endian`, `target_env`, `target_family`, `target_feature`, `target_has_atomic`, `target_has_atomic_equal_alignment`, `target_has_atomic_load_store`, `target_os`, `target_pointer_width`, `target_thread_local`, `target_vendor`, `test`, `ub_checks`, `unix`, and `windows`
    = help: consider using a Cargo feature instead
    = help: or consider adding in `Cargo.toml` the `check-cfg` lint config for the lint:
             [lints.rust]
             unexpected_cfgs = { level = "warn", check-cfg = ['cfg(manual_codegen_check)'] }
    = help: or consider adding `println!("cargo::rustc-check-cfg=cfg(manual_codegen_check)");` to the top of the `build.rs`
    = note: see <https://doc.rust-lang.org/nightly/rustc/check-cfg/cargo-specifics.html> for more information about checking conditional configuration
    = note: `#[warn(unexpected_cfgs)]` on by default

warning: unexpected `cfg` condition value: `rust_1_40`
  --> /app/target/cpython-strict/host-tools/cargo/registry/src/index.crates.io-1949cf8c6b5b557f/target-lexicon-0.13.2/src/data_model.rs:43:12
   |
43 | #[cfg_attr(feature = "rust_1_40", non_exhaustive)]
   |            ^^^^^^^^^^^^^^^^^^^^^
   |
   = note: expected values for `feature` are: `arch_zkasm`, `default`, `serde`, `serde_support`, and `std`
   = help: consider adding `rust_1_40` as a feature in `Cargo.toml`
   = note: see <https://doc.rust-lang.org/nightly/rustc/check-cfg/cargo-specifics.html> for more information about checking conditional configuration
   = note: `#[warn(unexpected_cfgs)]` on by default

warning: unexpected `cfg` condition value: `rust_1_40`
  --> /app/target/cpython-strict/host-tools/cargo/registry/src/index.crates.io-1949cf8c6b5b557f/target-lexicon-0.13.2/src/triple.rs:55:12
   |
55 | #[cfg_attr(feature = "rust_1_40", non_exhaustive)]
   |            ^^^^^^^^^^^^^^^^^^^^^
   |
   = note: expected values for `feature` are: `arch_zkasm`, `default`, `serde`, `serde_support`, and `std`
   = help: consider adding `rust_1_40` as a feature in `Cargo.toml`
   = note: see <https://doc.rust-lang.org/nightly/rustc/check-cfg/cargo-specifics.html> for more information about checking conditional configuration

warning: unexpected `cfg` condition value: `rust_1_40`
  --> /app/target/cpython-strict/host-tools/cargo/registry/src/index.crates.io-1949cf8c6b5b557f/target-lexicon-0.13.2/src/targets.rs:14:12
   |
14 | #[cfg_attr(feature = "rust_1_40", non_exhaustive)]
   |            ^^^^^^^^^^^^^^^^^^^^^
   |
   = note: expected values for `feature` are: `arch_zkasm`, `default`, `serde`, `serde_support`, and `std`
   = help: consider adding `rust_1_40` as a feature in `Cargo.toml`
   = note: see <https://doc.rust-lang.org/nightly/rustc/check-cfg/cargo-specifics.html> for more information about checking conditional configuration

warning: unexpected `cfg` condition value: `rust_1_40`
  --> /app/target/cpython-strict/host-tools/cargo/registry/src/index.crates.io-1949cf8c6b5b557f/target-lexicon-0.13.2/src/targets.rs:61:12
   |
61 | #[cfg_attr(feature = "rust_1_40", non_exhaustive)]
   |            ^^^^^^^^^^^^^^^^^^^^^
   |
   = note: expected values for `feature` are: `arch_zkasm`, `default`, `serde`, `serde_support`, and `std`
   = help: consider adding `rust_1_40` as a feature in `Cargo.toml`
   = note: see <https://doc.rust-lang.org/nightly/rustc/check-cfg/cargo-specifics.html> for more information about checking conditional configuration

warning: unexpected `cfg` condition value: `rust_1_40`
   --> /app/target/cpython-strict/host-tools/cargo/registry/src/index.crates.io-1949cf8c6b5b557f/target-lexicon-0.13.2/src/targets.rs:111:12
    |
111 | #[cfg_attr(feature = "rust_1_40", non_exhaustive)]
    |            ^^^^^^^^^^^^^^^^^^^^^
    |
    = note: expected values for `feature` are: `arch_zkasm`, `default`, `serde`, `serde_support`, and `std`
    = help: consider adding `rust_1_40` as a feature in `Cargo.toml`
    = note: see <https://doc.rust-lang.org/nightly/rustc/check-cfg/cargo-specifics.html> for more information about checking conditional configuration

warning: unexpected `cfg` condition value: `rust_1_40`
   --> /app/target/cpython-strict/host-tools/cargo/registry/src/index.crates.io-1949cf8c6b5b557f/target-lexicon-0.13.2/src/targets.rs:390:12
    |
390 | #[cfg_attr(feature = "rust_1_40", non_exhaustive)]
    |            ^^^^^^^^^^^^^^^^^^^^^
    |
    = note: expected values for `feature` are: `arch_zkasm`, `default`, `serde`, `serde_support`, and `std`
    = help: consider adding `rust_1_40` as a feature in `Cargo.toml`
    = note: see <https://doc.rust-lang.org/nightly/rustc/check-cfg/cargo-specifics.html> for more information about checking conditional configuration

warning: unexpected `cfg` condition value: `rust_1_40`
   --> /app/target/cpython-strict/host-tools/cargo/registry/src/index.crates.io-1949cf8c6b5b557f/target-lexicon-0.13.2/src/targets.rs:411:12
    |
411 | #[cfg_attr(feature = "rust_1_40", non_exhaustive)]
    |            ^^^^^^^^^^^^^^^^^^^^^
    |
    = note: expected values for `feature` are: `arch_zkasm`, `default`, `serde`, `serde_support`, and `std`
    = help: consider adding `rust_1_40` as a feature in `Cargo.toml`
    = note: see <https://doc.rust-lang.org/nightly/rustc/check-cfg/cargo-specifics.html> for more information about checking conditional configuration

warning: unexpected `cfg` condition value: `rust_1_40`
   --> /app/target/cpython-strict/host-tools/cargo/registry/src/index.crates.io-1949cf8c6b5b557f/target-lexicon-0.13.2/src/targets.rs:444:12
    |
444 | #[cfg_attr(feature = "rust_1_40", non_exhaustive)]
    |            ^^^^^^^^^^^^^^^^^^^^^
    |
    = note: expected values for `feature` are: `arch_zkasm`, `default`, `serde`, `serde_support`, and `std`
    = help: consider adding `rust_1_40` as a feature in `Cargo.toml`
    = note: see <https://doc.rust-lang.org/nightly/rustc/check-cfg/cargo-specifics.html> for more information about checking conditional configuration

warning: unexpected `cfg` condition value: `rust_1_40`
   --> /app/target/cpython-strict/host-tools/cargo/registry/src/index.crates.io-1949cf8c6b5b557f/target-lexicon-0.13.2/src/targets.rs:467:12
    |
467 | #[cfg_attr(feature = "rust_1_40", non_exhaustive)]
    |            ^^^^^^^^^^^^^^^^^^^^^
    |
    = note: expected values for `feature` are: `arch_zkasm`, `default`, `serde`, `serde_support`, and `std`
    = help: consider adding `rust_1_40` as a feature in `Cargo.toml`
    = note: see <https://doc.rust-lang.org/nightly/rustc/check-cfg/cargo-specifics.html> for more information about checking conditional configuration

warning: unexpected `cfg` condition value: `rust_1_40`
   --> /app/target/cpython-strict/host-tools/cargo/registry/src/index.crates.io-1949cf8c6b5b557f/target-lexicon-0.13.2/src/targets.rs:490:12
    |
490 | #[cfg_attr(feature = "rust_1_40", non_exhaustive)]
    |            ^^^^^^^^^^^^^^^^^^^^^
    |
    = note: expected values for `feature` are: `arch_zkasm`, `default`, `serde`, `serde_support`, and `std`
    = help: consider adding `rust_1_40` as a feature in `Cargo.toml`
    = note: see <https://doc.rust-lang.org/nightly/rustc/check-cfg/cargo-specifics.html> for more information about checking conditional configuration

warning: unexpected `cfg` condition value: `rust_1_40`
   --> /app/target/cpython-strict/host-tools/cargo/registry/src/index.crates.io-1949cf8c6b5b557f/target-lexicon-0.13.2/src/targets.rs:515:12
    |
515 | #[cfg_attr(feature = "rust_1_40", non_exhaustive)]
    |            ^^^^^^^^^^^^^^^^^^^^^
    |
    = note: expected values for `feature` are: `arch_zkasm`, `default`, `serde`, `serde_support`, and `std`
    = help: consider adding `rust_1_40` as a feature in `Cargo.toml`
    = note: see <https://doc.rust-lang.org/nightly/rustc/check-cfg/cargo-specifics.html> for more information about checking conditional configuration

warning: unexpected `cfg` condition value: `rust_1_40`
   --> /app/target/cpython-strict/host-tools/cargo/registry/src/index.crates.io-1949cf8c6b5b557f/target-lexicon-0.13.2/src/targets.rs:574:12
    |
574 | #[cfg_attr(feature = "rust_1_40", non_exhaustive)]
    |            ^^^^^^^^^^^^^^^^^^^^^
    |
    = note: expected values for `feature` are: `arch_zkasm`, `default`, `serde`, `serde_support`, and `std`
    = help: consider adding `rust_1_40` as a feature in `Cargo.toml`
    = note: see <https://doc.rust-lang.org/nightly/rustc/check-cfg/cargo-specifics.html> for more information about checking conditional configuration

warning: unexpected `cfg` condition value: `rust_1_40`
   --> /app/target/cpython-strict/host-tools/cargo/registry/src/index.crates.io-1949cf8c6b5b557f/target-lexicon-0.13.2/src/targets.rs:649:12
    |
649 | #[cfg_attr(feature = "rust_1_40", non_exhaustive)]
    |            ^^^^^^^^^^^^^^^^^^^^^
    |
    = note: expected values for `feature` are: `arch_zkasm`, `default`, `serde`, `serde_support`, and `std`
    = help: consider adding `rust_1_40` as a feature in `Cargo.toml`
    = note: see <https://doc.rust-lang.org/nightly/rustc/check-cfg/cargo-specifics.html> for more information about checking conditional configuration

warning: unexpected `cfg` condition value: `rust_1_40`
   --> /app/target/cpython-strict/host-tools/cargo/registry/src/index.crates.io-1949cf8c6b5b557f/target-lexicon-0.13.2/src/targets.rs:793:12
    |
793 | #[cfg_attr(feature = "rust_1_40", non_exhaustive)]
    |            ^^^^^^^^^^^^^^^^^^^^^
    |
    = note: expected values for `feature` are: `arch_zkasm`, `default`, `serde`, `serde_support`, and `std`
    = help: consider adding `rust_1_40` as a feature in `Cargo.toml`
    = note: see <https://doc.rust-lang.org/nightly/rustc/check-cfg/cargo-specifics.html> for more information about checking conditional configuration

warning: unexpected `cfg` condition value: `rust_1_40`
   --> /app/target/cpython-strict/host-tools/cargo/registry/src/index.crates.io-1949cf8c6b5b557f/target-lexicon-0.13.2/src/targets.rs:881:12
    |
881 | #[cfg_attr(feature = "rust_1_40", non_exhaustive)]
    |            ^^^^^^^^^^^^^^^^^^^^^
    |
    = note: expected values for `feature` are: `arch_zkasm`, `default`, `serde`, `serde_support`, and `std`
    = help: consider adding `rust_1_40` as a feature in `Cargo.toml`
    = note: see <https://doc.rust-lang.org/nightly/rustc/check-cfg/cargo-specifics.html> for more information about checking conditional configuration

warning: `cfg-if` (lib) generated 1 warning
   Compiling scopeguard v1.2.0
     Running `CARGO=/app/target/cpython-strict/host-tools/rustup/toolchains/nightly-2025-01-18-x86_64-unknown-linux-gnu/bin/cargo CARGO_CRATE_NAME=scopeguard CARGO_MANIFEST_DIR=/app/target/cpython-strict/host-tools/cargo/registry/src/index.crates.io-1949cf8c6b5b557f/scopeguard-1.2.0 CARGO_MANIFEST_PATH=/app/target/cpython-strict/host-tools/cargo/registry/src/index.crates.io-1949cf8c6b5b557f/scopeguard-1.2.0/Cargo.toml CARGO_PKG_AUTHORS=bluss CARGO_PKG_DESCRIPTION='A RAII scope guard that will run a given closure when it goes out of scope,
even if the code between panics (assuming unwinding panic).

Defines the macros `defer'\!'`, `defer_on_unwind'\!'`, `defer_on_success'\!'` as
shorthands for guards with one of the implemented strategies.
' CARGO_PKG_HOMEPAGE='' CARGO_PKG_LICENSE='MIT OR Apache-2.0' CARGO_PKG_LICENSE_FILE='' CARGO_PKG_NAME=scopeguard CARGO_PKG_README=README.md CARGO_PKG_REPOSITORY='https://github.com/bluss/scopeguard' CARGO_PKG_RUST_VERSION='' CARGO_PKG_VERSION=1.2.0 CARGO_PKG_VERSION_MAJOR=1 CARGO_PKG_VERSION_MINOR=2 CARGO_PKG_VERSION_PATCH=0 CARGO_PKG_VERSION_PRE='' LD_LIBRARY_PATH='/app/target/cpython-strict/build/primp-0.15.0/target/release/deps:/app/target/cpython-strict/host-tools/rustup/toolchains/nightly-2025-01-18-x86_64-unknown-linux-gnu/lib:/opt/kendryte-toolchain/bin/:' /app/target/cpython-strict/host-tools/rustup/toolchains/nightly-2025-01-18-x86_64-unknown-linux-gnu/bin/rustc --crate-name scopeguard --edition=2015 /app/target/cpython-strict/host-tools/cargo/registry/src/index.crates.io-1949cf8c6b5b557f/scopeguard-1.2.0/src/lib.rs --error-format=json --json=diagnostic-rendered-ansi,artifacts,future-incompat --crate-type lib --emit=dep-info,metadata,link -C opt-level=3 -C panic=abort -C linker-plugin-lto -C codegen-units=1 --check-cfg 'cfg(docsrs,test)' --check-cfg 'cfg(feature, values("default", "use_std"))' -C metadata=cccee42a67e30c0b -C extra-filename=-ba138fbdc06eeda9 --out-dir /app/target/cpython-strict/build/primp-0.15.0/target/loongarch64-unknown-linux-musl/release/deps --target loongarch64-unknown-linux-musl -C linker=/app/target/cpython-strict/cross/loongarch64-linux-musl-gcc -C strip=symbols -L dependency=/app/target/cpython-strict/build/primp-0.15.0/target/loongarch64-unknown-linux-musl/release/deps -L dependency=/app/target/cpython-strict/build/primp-0.15.0/target/release/deps --cap-lints warn -C target-feature=-ual -C target-feature=-crt-static`
   Compiling stable_deref_trait v1.2.0
     Running `CARGO=/app/target/cpython-strict/host-tools/rustup/toolchains/nightly-2025-01-18-x86_64-unknown-linux-gnu/bin/cargo CARGO_CRATE_NAME=stable_deref_trait CARGO_MANIFEST_DIR=/app/target/cpython-strict/host-tools/cargo/registry/src/index.crates.io-1949cf8c6b5b557f/stable_deref_trait-1.2.0 CARGO_MANIFEST_PATH=/app/target/cpython-strict/host-tools/cargo/registry/src/index.crates.io-1949cf8c6b5b557f/stable_deref_trait-1.2.0/Cargo.toml CARGO_PKG_AUTHORS='Robert Grosse <n210241048576@gmail.com>' CARGO_PKG_DESCRIPTION='An unsafe marker trait for types like Box and Rc that dereference to a stable address even when moved, and hence can be used with libraries such as owning_ref and rental.
' CARGO_PKG_HOMEPAGE='' CARGO_PKG_LICENSE=MIT/Apache-2.0 CARGO_PKG_LICENSE_FILE='' CARGO_PKG_NAME=stable_deref_trait CARGO_PKG_README=README.md CARGO_PKG_REPOSITORY='https://github.com/storyyeller/stable_deref_trait' CARGO_PKG_RUST_VERSION='' CARGO_PKG_VERSION=1.2.0 CARGO_PKG_VERSION_MAJOR=1 CARGO_PKG_VERSION_MINOR=2 CARGO_PKG_VERSION_PATCH=0 CARGO_PKG_VERSION_PRE='' LD_LIBRARY_PATH='/app/target/cpython-strict/build/primp-0.15.0/target/release/deps:/app/target/cpython-strict/host-tools/rustup/toolchains/nightly-2025-01-18-x86_64-unknown-linux-gnu/lib:/opt/kendryte-toolchain/bin/:' /app/target/cpython-strict/host-tools/rustup/toolchains/nightly-2025-01-18-x86_64-unknown-linux-gnu/bin/rustc --crate-name stable_deref_trait --edition=2015 /app/target/cpython-strict/host-tools/cargo/registry/src/index.crates.io-1949cf8c6b5b557f/stable_deref_trait-1.2.0/src/lib.rs --error-format=json --json=diagnostic-rendered-ansi,artifacts,future-incompat --crate-type lib --emit=dep-info,metadata,link -C opt-level=3 -C panic=abort -C linker-plugin-lto -C codegen-units=1 --cfg 'feature="alloc"' --check-cfg 'cfg(docsrs,test)' --check-cfg 'cfg(feature, values("alloc", "default", "std"))' -C metadata=9307999042bb29c6 -C extra-filename=-76f1baf4e034bd08 --out-dir /app/target/cpython-strict/build/primp-0.15.0/target/loongarch64-unknown-linux-musl/release/deps --target loongarch64-unknown-linux-musl -C linker=/app/target/cpython-strict/cross/loongarch64-linux-musl-gcc -C strip=symbols -L dependency=/app/target/cpython-strict/build/primp-0.15.0/target/loongarch64-unknown-linux-musl/release/deps -L dependency=/app/target/cpython-strict/build/primp-0.15.0/target/release/deps --cap-lints warn -C target-feature=-ual -C target-feature=-crt-static`
warning: `shlex` (lib) generated 1 warning
   Compiling once_cell v1.21.3
     Running `CARGO=/app/target/cpython-strict/host-tools/rustup/toolchains/nightly-2025-01-18-x86_64-unknown-linux-gnu/bin/cargo CARGO_CRATE_NAME=once_cell CARGO_MANIFEST_DIR=/app/target/cpython-strict/host-tools/cargo/registry/src/index.crates.io-1949cf8c6b5b557f/once_cell-1.21.3 CARGO_MANIFEST_PATH=/app/target/cpython-strict/host-tools/cargo/registry/src/index.crates.io-1949cf8c6b5b557f/once_cell-1.21.3/Cargo.toml CARGO_PKG_AUTHORS='Aleksey Kladov <aleksey.kladov@gmail.com>' CARGO_PKG_DESCRIPTION='Single assignment cells and lazy values.' CARGO_PKG_HOMEPAGE='' CARGO_PKG_LICENSE='MIT OR Apache-2.0' CARGO_PKG_LICENSE_FILE='' CARGO_PKG_NAME=once_cell CARGO_PKG_README=README.md CARGO_PKG_REPOSITORY='https://github.com/matklad/once_cell' CARGO_PKG_RUST_VERSION=1.65 CARGO_PKG_VERSION=1.21.3 CARGO_PKG_VERSION_MAJOR=1 CARGO_PKG_VERSION_MINOR=21 CARGO_PKG_VERSION_PATCH=3 CARGO_PKG_VERSION_PRE='' LD_LIBRARY_PATH='/app/target/cpython-strict/build/primp-0.15.0/target/release/deps:/app/target/cpython-strict/host-tools/rustup/toolchains/nightly-2025-01-18-x86_64-unknown-linux-gnu/lib:/opt/kendryte-toolchain/bin/:' /app/target/cpython-strict/host-tools/rustup/toolchains/nightly-2025-01-18-x86_64-unknown-linux-gnu/bin/rustc --crate-name once_cell --edition=2021 /app/target/cpython-strict/host-tools/cargo/registry/src/index.crates.io-1949cf8c6b5b557f/once_cell-1.21.3/src/lib.rs --error-format=json --json=diagnostic-rendered-ansi,artifacts,future-incompat --crate-type lib --emit=dep-info,metadata,link -C embed-bitcode=no -C debug-assertions=off --cfg 'feature="alloc"' --cfg 'feature="default"' --cfg 'feature="race"' --cfg 'feature="std"' --check-cfg 'cfg(docsrs,test)' --check-cfg 'cfg(feature, values("alloc", "atomic-polyfill", "critical-section", "default", "parking_lot", "portable-atomic", "race", "std", "unstable"))' -C metadata=fcab1e7bea395a51 -C extra-filename=-8dddeb56b62ebbd8 --out-dir /app/target/cpython-strict/build/primp-0.15.0/target/release/deps -C strip=symbols -L dependency=/app/target/cpython-strict/build/primp-0.15.0/target/release/deps --cap-lints warn`
     Running `CARGO=/app/target/cpython-strict/host-tools/rustup/toolchains/nightly-2025-01-18-x86_64-unknown-linux-gnu/bin/cargo CARGO_CFG_FEATURE=default,proc-macro CARGO_CFG_FMT_DEBUG=full CARGO_CFG_OVERFLOW_CHECKS='' CARGO_CFG_PANIC=unwind CARGO_CFG_RELOCATION_MODEL=pic CARGO_CFG_TARGET_ABI='' CARGO_CFG_TARGET_ARCH=x86_64 CARGO_CFG_TARGET_ENDIAN=little CARGO_CFG_TARGET_ENV=gnu CARGO_CFG_TARGET_FAMILY=unix CARGO_CFG_TARGET_FEATURE=fxsr,sse,sse2,x87 CARGO_CFG_TARGET_HAS_ATOMIC=16,32,64,8,ptr CARGO_CFG_TARGET_HAS_ATOMIC_EQUAL_ALIGNMENT=16,32,64,8,ptr CARGO_CFG_TARGET_HAS_ATOMIC_LOAD_STORE=16,32,64,8,ptr CARGO_CFG_TARGET_OS=linux CARGO_CFG_TARGET_POINTER_WIDTH=64 CARGO_CFG_TARGET_THREAD_LOCAL='' CARGO_CFG_TARGET_VENDOR=unknown CARGO_CFG_UB_CHECKS='' CARGO_CFG_UNIX='' CARGO_ENCODED_RUSTFLAGS='' CARGO_FEATURE_DEFAULT=1 CARGO_FEATURE_PROC_MACRO=1 CARGO_MANIFEST_DIR=/app/target/cpython-strict/host-tools/cargo/registry/src/index.crates.io-1949cf8c6b5b557f/proc-macro2-1.0.95 CARGO_MANIFEST_PATH=/app/target/cpython-strict/host-tools/cargo/registry/src/index.crates.io-1949cf8c6b5b557f/proc-macro2-1.0.95/Cargo.toml CARGO_PKG_AUTHORS='David Tolnay <dtolnay@gmail.com>:Alex Crichton <alex@alexcrichton.com>' CARGO_PKG_DESCRIPTION='A substitute implementation of the compiler'\''s `proc_macro` API to decouple token-based libraries from the procedural macro use case.' CARGO_PKG_HOMEPAGE='' CARGO_PKG_LICENSE='MIT OR Apache-2.0' CARGO_PKG_LICENSE_FILE='' CARGO_PKG_NAME=proc-macro2 CARGO_PKG_README=README.md CARGO_PKG_REPOSITORY='https://github.com/dtolnay/proc-macro2' CARGO_PKG_RUST_VERSION=1.56 CARGO_PKG_VERSION=1.0.95 CARGO_PKG_VERSION_MAJOR=1 CARGO_PKG_VERSION_MINOR=0 CARGO_PKG_VERSION_PATCH=95 CARGO_PKG_VERSION_PRE='' DEBUG=false HOST=x86_64-unknown-linux-gnu LD_LIBRARY_PATH='/app/target/cpython-strict/build/primp-0.15.0/target/release/deps:/app/target/cpython-strict/build/primp-0.15.0/target/release:/app/target/cpython-strict/host-tools/rustup/toolchains/nightly-2025-01-18-x86_64-unknown-linux-gnu/lib/rustlib/x86_64-unknown-linux-gnu/lib:/app/target/cpython-strict/host-tools/rustup/toolchains/nightly-2025-01-18-x86_64-unknown-linux-gnu/lib:/opt/kendryte-toolchain/bin/:' NUM_JOBS=10 OPT_LEVEL=0 OUT_DIR=/app/target/cpython-strict/build/primp-0.15.0/target/release/build/proc-macro2-9dae14ab9fec49e8/out PROFILE=release RUSTC=/app/target/cpython-strict/host-tools/rustup/toolchains/nightly-2025-01-18-x86_64-unknown-linux-gnu/bin/rustc RUSTDOC=/app/target/cpython-strict/host-tools/rustup/toolchains/nightly-2025-01-18-x86_64-unknown-linux-gnu/bin/rustdoc TARGET=x86_64-unknown-linux-gnu /app/target/cpython-strict/build/primp-0.15.0/target/release/build/proc-macro2-e0e34f3cca86c54a/build-script-build`
     Running `CARGO=/app/target/cpython-strict/host-tools/rustup/toolchains/nightly-2025-01-18-x86_64-unknown-linux-gnu/bin/cargo CARGO_CFG_FEATURE='' CARGO_CFG_FMT_DEBUG=full CARGO_CFG_OVERFLOW_CHECKS='' CARGO_CFG_PANIC=unwind CARGO_CFG_RELOCATION_MODEL=pic CARGO_CFG_TARGET_ABI='' CARGO_CFG_TARGET_ARCH=loongarch64 CARGO_CFG_TARGET_ENDIAN=little CARGO_CFG_TARGET_ENV=musl CARGO_CFG_TARGET_FAMILY=unix CARGO_CFG_TARGET_FEATURE=d,f,lsx CARGO_CFG_TARGET_HAS_ATOMIC=16,32,64,8,ptr CARGO_CFG_TARGET_HAS_ATOMIC_EQUAL_ALIGNMENT=16,32,64,8,ptr CARGO_CFG_TARGET_HAS_ATOMIC_LOAD_STORE=16,32,64,8,ptr CARGO_CFG_TARGET_OS=linux CARGO_CFG_TARGET_POINTER_WIDTH=64 CARGO_CFG_TARGET_THREAD_LOCAL='' CARGO_CFG_TARGET_VENDOR=unknown CARGO_CFG_UB_CHECKS='' CARGO_CFG_UNIX='' CARGO_ENCODED_RUSTFLAGS='-Ctarget-feature=-ual-Ctarget-feature=-crt-static' CARGO_MANIFEST_DIR=/app/target/cpython-strict/host-tools/cargo/registry/src/index.crates.io-1949cf8c6b5b557f/parking_lot_core-0.9.10 CARGO_MANIFEST_PATH=/app/target/cpython-strict/host-tools/cargo/registry/src/index.crates.io-1949cf8c6b5b557f/parking_lot_core-0.9.10/Cargo.toml CARGO_PKG_AUTHORS='Amanieu d'\''Antras <amanieu@gmail.com>' CARGO_PKG_DESCRIPTION='An advanced API for creating custom synchronization primitives.' CARGO_PKG_HOMEPAGE='' CARGO_PKG_LICENSE='MIT OR Apache-2.0' CARGO_PKG_LICENSE_FILE='' CARGO_PKG_NAME=parking_lot_core CARGO_PKG_README='' CARGO_PKG_REPOSITORY='https://github.com/Amanieu/parking_lot' CARGO_PKG_RUST_VERSION=1.56.0 CARGO_PKG_VERSION=0.9.10 CARGO_PKG_VERSION_MAJOR=0 CARGO_PKG_VERSION_MINOR=9 CARGO_PKG_VERSION_PATCH=10 CARGO_PKG_VERSION_PRE='' DEBUG=false HOST=x86_64-unknown-linux-gnu LD_LIBRARY_PATH='/app/target/cpython-strict/build/primp-0.15.0/target/release/deps:/app/target/cpython-strict/build/primp-0.15.0/target/release:/app/target/cpython-strict/host-tools/rustup/toolchains/nightly-2025-01-18-x86_64-unknown-linux-gnu/lib/rustlib/x86_64-unknown-linux-gnu/lib:/app/target/cpython-strict/host-tools/rustup/toolchains/nightly-2025-01-18-x86_64-unknown-linux-gnu/lib:/opt/kendryte-toolchain/bin/:' NUM_JOBS=10 OPT_LEVEL=3 OUT_DIR=/app/target/cpython-strict/build/primp-0.15.0/target/loongarch64-unknown-linux-musl/release/build/parking_lot_core-a8ba19e910f53cef/out PROFILE=release RUSTC=/app/target/cpython-strict/host-tools/rustup/toolchains/nightly-2025-01-18-x86_64-unknown-linux-gnu/bin/rustc RUSTC_LINKER=/app/target/cpython-strict/cross/loongarch64-linux-musl-gcc RUSTDOC=/app/target/cpython-strict/host-tools/rustup/toolchains/nightly-2025-01-18-x86_64-unknown-linux-gnu/bin/rustdoc TARGET=loongarch64-unknown-linux-musl /app/target/cpython-strict/build/primp-0.15.0/target/release/build/parking_lot_core-3380b1757d1b584a/build-script-build`
     Running `CARGO=/app/target/cpython-strict/host-tools/rustup/toolchains/nightly-2025-01-18-x86_64-unknown-linux-gnu/bin/cargo CARGO_CFG_FEATURE=default,derive,serde_derive,std CARGO_CFG_FMT_DEBUG=full CARGO_CFG_OVERFLOW_CHECKS='' CARGO_CFG_PANIC=unwind CARGO_CFG_RELOCATION_MODEL=pic CARGO_CFG_TARGET_ABI='' CARGO_CFG_TARGET_ARCH=loongarch64 CARGO_CFG_TARGET_ENDIAN=little CARGO_CFG_TARGET_ENV=musl CARGO_CFG_TARGET_FAMILY=unix CARGO_CFG_TARGET_FEATURE=d,f,lsx CARGO_CFG_TARGET_HAS_ATOMIC=16,32,64,8,ptr CARGO_CFG_TARGET_HAS_ATOMIC_EQUAL_ALIGNMENT=16,32,64,8,ptr CARGO_CFG_TARGET_HAS_ATOMIC_LOAD_STORE=16,32,64,8,ptr CARGO_CFG_TARGET_OS=linux CARGO_CFG_TARGET_POINTER_WIDTH=64 CARGO_CFG_TARGET_THREAD_LOCAL='' CARGO_CFG_TARGET_VENDOR=unknown CARGO_CFG_UB_CHECKS='' CARGO_CFG_UNIX='' CARGO_ENCODED_RUSTFLAGS='-Ctarget-feature=-ual-Ctarget-feature=-crt-static' CARGO_FEATURE_DEFAULT=1 CARGO_FEATURE_DERIVE=1 CARGO_FEATURE_SERDE_DERIVE=1 CARGO_FEATURE_STD=1 CARGO_MANIFEST_DIR=/app/target/cpython-strict/host-tools/cargo/registry/src/index.crates.io-1949cf8c6b5b557f/serde-1.0.219 CARGO_MANIFEST_PATH=/app/target/cpython-strict/host-tools/cargo/registry/src/index.crates.io-1949cf8c6b5b557f/serde-1.0.219/Cargo.toml CARGO_PKG_AUTHORS='Erick Tryzelaar <erick.tryzelaar@gmail.com>:David Tolnay <dtolnay@gmail.com>' CARGO_PKG_DESCRIPTION='A generic serialization/deserialization framework' CARGO_PKG_HOMEPAGE='https://serde.rs' CARGO_PKG_LICENSE='MIT OR Apache-2.0' CARGO_PKG_LICENSE_FILE='' CARGO_PKG_NAME=serde CARGO_PKG_README=crates-io.md CARGO_PKG_REPOSITORY='https://github.com/serde-rs/serde' CARGO_PKG_RUST_VERSION=1.31 CARGO_PKG_VERSION=1.0.219 CARGO_PKG_VERSION_MAJOR=1 CARGO_PKG_VERSION_MINOR=0 CARGO_PKG_VERSION_PATCH=219 CARGO_PKG_VERSION_PRE='' DEBUG=false HOST=x86_64-unknown-linux-gnu LD_LIBRARY_PATH='/app/target/cpython-strict/build/primp-0.15.0/target/release/deps:/app/target/cpython-strict/build/primp-0.15.0/target/release:/app/target/cpython-strict/host-tools/rustup/toolchains/nightly-2025-01-18-x86_64-unknown-linux-gnu/lib/rustlib/x86_64-unknown-linux-gnu/lib:/app/target/cpython-strict/host-tools/rustup/toolchains/nightly-2025-01-18-x86_64-unknown-linux-gnu/lib:/opt/kendryte-toolchain/bin/:' NUM_JOBS=10 OPT_LEVEL=3 OUT_DIR=/app/target/cpython-strict/build/primp-0.15.0/target/loongarch64-unknown-linux-musl/release/build/serde-0bea009fb155c3ef/out PROFILE=release RUSTC=/app/target/cpython-strict/host-tools/rustup/toolchains/nightly-2025-01-18-x86_64-unknown-linux-gnu/bin/rustc RUSTC_LINKER=/app/target/cpython-strict/cross/loongarch64-linux-musl-gcc RUSTDOC=/app/target/cpython-strict/host-tools/rustup/toolchains/nightly-2025-01-18-x86_64-unknown-linux-gnu/bin/rustdoc TARGET=loongarch64-unknown-linux-musl /app/target/cpython-strict/build/primp-0.15.0/target/release/build/serde-332c339208ba974f/build-script-build`
     Running `CARGO=/app/target/cpython-strict/host-tools/rustup/toolchains/nightly-2025-01-18-x86_64-unknown-linux-gnu/bin/cargo CARGO_CFG_FEATURE=default,std CARGO_CFG_FMT_DEBUG=full CARGO_CFG_OVERFLOW_CHECKS='' CARGO_CFG_PANIC=unwind CARGO_CFG_RELOCATION_MODEL=pic CARGO_CFG_TARGET_ABI='' CARGO_CFG_TARGET_ARCH=loongarch64 CARGO_CFG_TARGET_ENDIAN=little CARGO_CFG_TARGET_ENV=musl CARGO_CFG_TARGET_FAMILY=unix CARGO_CFG_TARGET_FEATURE=d,f,lsx CARGO_CFG_TARGET_HAS_ATOMIC=16,32,64,8,ptr CARGO_CFG_TARGET_HAS_ATOMIC_EQUAL_ALIGNMENT=16,32,64,8,ptr CARGO_CFG_TARGET_HAS_ATOMIC_LOAD_STORE=16,32,64,8,ptr CARGO_CFG_TARGET_OS=linux CARGO_CFG_TARGET_POINTER_WIDTH=64 CARGO_CFG_TARGET_THREAD_LOCAL='' CARGO_CFG_TARGET_VENDOR=unknown CARGO_CFG_UB_CHECKS='' CARGO_CFG_UNIX='' CARGO_ENCODED_RUSTFLAGS='-Ctarget-feature=-ual-Ctarget-feature=-crt-static' CARGO_FEATURE_DEFAULT=1 CARGO_FEATURE_STD=1 CARGO_MANIFEST_DIR=/app/target/cpython-strict/host-tools/cargo/registry/src/index.crates.io-1949cf8c6b5b557f/libc-0.2.172 CARGO_MANIFEST_PATH=/app/target/cpython-strict/host-tools/cargo/registry/src/index.crates.io-1949cf8c6b5b557f/libc-0.2.172/Cargo.toml CARGO_PKG_AUTHORS='The Rust Project Developers' CARGO_PKG_DESCRIPTION='Raw FFI bindings to platform libraries like libc.
' CARGO_PKG_HOMEPAGE='https://github.com/rust-lang/libc' CARGO_PKG_LICENSE='MIT OR Apache-2.0' CARGO_PKG_LICENSE_FILE='' CARGO_PKG_NAME=libc CARGO_PKG_README=README.md CARGO_PKG_REPOSITORY='https://github.com/rust-lang/libc' CARGO_PKG_RUST_VERSION=1.63 CARGO_PKG_VERSION=0.2.172 CARGO_PKG_VERSION_MAJOR=0 CARGO_PKG_VERSION_MINOR=2 CARGO_PKG_VERSION_PATCH=172 CARGO_PKG_VERSION_PRE='' DEBUG=false HOST=x86_64-unknown-linux-gnu LD_LIBRARY_PATH='/app/target/cpython-strict/build/primp-0.15.0/target/release/deps:/app/target/cpython-strict/build/primp-0.15.0/target/release:/app/target/cpython-strict/host-tools/rustup/toolchains/nightly-2025-01-18-x86_64-unknown-linux-gnu/lib/rustlib/x86_64-unknown-linux-gnu/lib:/app/target/cpython-strict/host-tools/rustup/toolchains/nightly-2025-01-18-x86_64-unknown-linux-gnu/lib:/opt/kendryte-toolchain/bin/:' NUM_JOBS=10 OPT_LEVEL=3 OUT_DIR=/app/target/cpython-strict/build/primp-0.15.0/target/loongarch64-unknown-linux-musl/release/build/libc-1bef8d93fc732e16/out PROFILE=release RUSTC=/app/target/cpython-strict/host-tools/rustup/toolchains/nightly-2025-01-18-x86_64-unknown-linux-gnu/bin/rustc RUSTC_LINKER=/app/target/cpython-strict/cross/loongarch64-linux-musl-gcc RUSTDOC=/app/target/cpython-strict/host-tools/rustup/toolchains/nightly-2025-01-18-x86_64-unknown-linux-gnu/bin/rustdoc TARGET=loongarch64-unknown-linux-musl /app/target/cpython-strict/build/primp-0.15.0/target/release/build/libc-e0b9a58b7cec2441/build-script-build`
     Running `CARGO=/app/target/cpython-strict/host-tools/rustup/toolchains/nightly-2025-01-18-x86_64-unknown-linux-gnu/bin/cargo CARGO_CFG_FEATURE=default,std CARGO_CFG_FMT_DEBUG=full CARGO_CFG_OVERFLOW_CHECKS='' CARGO_CFG_PANIC=unwind CARGO_CFG_RELOCATION_MODEL=pic CARGO_CFG_TARGET_ABI='' CARGO_CFG_TARGET_ARCH=x86_64 CARGO_CFG_TARGET_ENDIAN=little CARGO_CFG_TARGET_ENV=gnu CARGO_CFG_TARGET_FAMILY=unix CARGO_CFG_TARGET_FEATURE=fxsr,sse,sse2,x87 CARGO_CFG_TARGET_HAS_ATOMIC=16,32,64,8,ptr CARGO_CFG_TARGET_HAS_ATOMIC_EQUAL_ALIGNMENT=16,32,64,8,ptr CARGO_CFG_TARGET_HAS_ATOMIC_LOAD_STORE=16,32,64,8,ptr CARGO_CFG_TARGET_OS=linux CARGO_CFG_TARGET_POINTER_WIDTH=64 CARGO_CFG_TARGET_THREAD_LOCAL='' CARGO_CFG_TARGET_VENDOR=unknown CARGO_CFG_UB_CHECKS='' CARGO_CFG_UNIX='' CARGO_ENCODED_RUSTFLAGS='' CARGO_FEATURE_DEFAULT=1 CARGO_FEATURE_STD=1 CARGO_MANIFEST_DIR=/app/target/cpython-strict/host-tools/cargo/registry/src/index.crates.io-1949cf8c6b5b557f/libc-0.2.172 CARGO_MANIFEST_PATH=/app/target/cpython-strict/host-tools/cargo/registry/src/index.crates.io-1949cf8c6b5b557f/libc-0.2.172/Cargo.toml CARGO_PKG_AUTHORS='The Rust Project Developers' CARGO_PKG_DESCRIPTION='Raw FFI bindings to platform libraries like libc.
' CARGO_PKG_HOMEPAGE='https://github.com/rust-lang/libc' CARGO_PKG_LICENSE='MIT OR Apache-2.0' CARGO_PKG_LICENSE_FILE='' CARGO_PKG_NAME=libc CARGO_PKG_README=README.md CARGO_PKG_REPOSITORY='https://github.com/rust-lang/libc' CARGO_PKG_RUST_VERSION=1.63 CARGO_PKG_VERSION=0.2.172 CARGO_PKG_VERSION_MAJOR=0 CARGO_PKG_VERSION_MINOR=2 CARGO_PKG_VERSION_PATCH=172 CARGO_PKG_VERSION_PRE='' DEBUG=false HOST=x86_64-unknown-linux-gnu LD_LIBRARY_PATH='/app/target/cpython-strict/build/primp-0.15.0/target/release/deps:/app/target/cpython-strict/build/primp-0.15.0/target/release:/app/target/cpython-strict/host-tools/rustup/toolchains/nightly-2025-01-18-x86_64-unknown-linux-gnu/lib/rustlib/x86_64-unknown-linux-gnu/lib:/app/target/cpython-strict/host-tools/rustup/toolchains/nightly-2025-01-18-x86_64-unknown-linux-gnu/lib:/opt/kendryte-toolchain/bin/:' NUM_JOBS=10 OPT_LEVEL=0 OUT_DIR=/app/target/cpython-strict/build/primp-0.15.0/target/release/build/libc-e40a186dde01d76d/out PROFILE=release RUSTC=/app/target/cpython-strict/host-tools/rustup/toolchains/nightly-2025-01-18-x86_64-unknown-linux-gnu/bin/rustc RUSTDOC=/app/target/cpython-strict/host-tools/rustup/toolchains/nightly-2025-01-18-x86_64-unknown-linux-gnu/bin/rustdoc TARGET=x86_64-unknown-linux-gnu /app/target/cpython-strict/build/primp-0.15.0/target/release/build/libc-e0b9a58b7cec2441/build-script-build`
warning: `stable_deref_trait` (lib) generated 1 warning (1 duplicate)
   Compiling bytes v1.10.1
warning: `scopeguard` (lib) generated 1 warning (1 duplicate)
   Compiling pin-project-lite v0.2.16
     Running `CARGO=/app/target/cpython-strict/host-tools/rustup/toolchains/nightly-2025-01-18-x86_64-unknown-linux-gnu/bin/cargo CARGO_CRATE_NAME=bytes CARGO_MANIFEST_DIR=/app/target/cpython-strict/host-tools/cargo/registry/src/index.crates.io-1949cf8c6b5b557f/bytes-1.10.1 CARGO_MANIFEST_PATH=/app/target/cpython-strict/host-tools/cargo/registry/src/index.crates.io-1949cf8c6b5b557f/bytes-1.10.1/Cargo.toml CARGO_PKG_AUTHORS='Carl Lerche <me@carllerche.com>:Sean McArthur <sean@seanmonstar.com>' CARGO_PKG_DESCRIPTION='Types and traits for working with bytes' CARGO_PKG_HOMEPAGE='' CARGO_PKG_LICENSE=MIT CARGO_PKG_LICENSE_FILE='' CARGO_PKG_NAME=bytes CARGO_PKG_README=README.md CARGO_PKG_REPOSITORY='https://github.com/tokio-rs/bytes' CARGO_PKG_RUST_VERSION=1.39 CARGO_PKG_VERSION=1.10.1 CARGO_PKG_VERSION_MAJOR=1 CARGO_PKG_VERSION_MINOR=10 CARGO_PKG_VERSION_PATCH=1 CARGO_PKG_VERSION_PRE='' LD_LIBRARY_PATH='/app/target/cpython-strict/build/primp-0.15.0/target/release/deps:/app/target/cpython-strict/host-tools/rustup/toolchains/nightly-2025-01-18-x86_64-unknown-linux-gnu/lib:/opt/kendryte-toolchain/bin/:' /app/target/cpython-strict/host-tools/rustup/toolchains/nightly-2025-01-18-x86_64-unknown-linux-gnu/bin/rustc --crate-name bytes --edition=2018 /app/target/cpython-strict/host-tools/cargo/registry/src/index.crates.io-1949cf8c6b5b557f/bytes-1.10.1/src/lib.rs --error-format=json --json=diagnostic-rendered-ansi,artifacts,future-incompat --crate-type lib --emit=dep-info,metadata,link -C opt-level=3 -C panic=abort -C linker-plugin-lto -C codegen-units=1 --warn=unexpected_cfgs --check-cfg 'cfg(loom)' --cfg 'feature="default"' --cfg 'feature="std"' --check-cfg 'cfg(docsrs,test)' --check-cfg 'cfg(feature, values("default", "extra-platforms", "serde", "std"))' -C metadata=6a1a3ba51ac3ff55 -C extra-filename=-1ddf7578ed688089 --out-dir /app/target/cpython-strict/build/primp-0.15.0/target/loongarch64-unknown-linux-musl/release/deps --target loongarch64-unknown-linux-musl -C linker=/app/target/cpython-strict/cross/loongarch64-linux-musl-gcc -C strip=symbols -L dependency=/app/target/cpython-strict/build/primp-0.15.0/target/loongarch64-unknown-linux-musl/release/deps -L dependency=/app/target/cpython-strict/build/primp-0.15.0/target/release/deps --cap-lints warn -C target-feature=-ual -C target-feature=-crt-static`
     Running `CARGO=/app/target/cpython-strict/host-tools/rustup/toolchains/nightly-2025-01-18-x86_64-unknown-linux-gnu/bin/cargo CARGO_CRATE_NAME=pin_project_lite CARGO_MANIFEST_DIR=/app/target/cpython-strict/host-tools/cargo/registry/src/index.crates.io-1949cf8c6b5b557f/pin-project-lite-0.2.16 CARGO_MANIFEST_PATH=/app/target/cpython-strict/host-tools/cargo/registry/src/index.crates.io-1949cf8c6b5b557f/pin-project-lite-0.2.16/Cargo.toml CARGO_PKG_AUTHORS='' CARGO_PKG_DESCRIPTION='A lightweight version of pin-project written with declarative macros.
' CARGO_PKG_HOMEPAGE='' CARGO_PKG_LICENSE='Apache-2.0 OR MIT' CARGO_PKG_LICENSE_FILE='' CARGO_PKG_NAME=pin-project-lite CARGO_PKG_README=README.md CARGO_PKG_REPOSITORY='https://github.com/taiki-e/pin-project-lite' CARGO_PKG_RUST_VERSION=1.37 CARGO_PKG_VERSION=0.2.16 CARGO_PKG_VERSION_MAJOR=0 CARGO_PKG_VERSION_MINOR=2 CARGO_PKG_VERSION_PATCH=16 CARGO_PKG_VERSION_PRE='' LD_LIBRARY_PATH='/app/target/cpython-strict/build/primp-0.15.0/target/release/deps:/app/target/cpython-strict/host-tools/rustup/toolchains/nightly-2025-01-18-x86_64-unknown-linux-gnu/lib:/opt/kendryte-toolchain/bin/:' /app/target/cpython-strict/host-tools/rustup/toolchains/nightly-2025-01-18-x86_64-unknown-linux-gnu/bin/rustc --crate-name pin_project_lite --edition=2018 /app/target/cpython-strict/host-tools/cargo/registry/src/index.crates.io-1949cf8c6b5b557f/pin-project-lite-0.2.16/src/lib.rs --error-format=json --json=diagnostic-rendered-ansi,artifacts,future-incompat --crate-type lib --emit=dep-info,metadata,link -C opt-level=3 -C panic=abort -C linker-plugin-lto -C codegen-units=1 --warn=unreachable_pub --warn=unexpected_cfgs '--warn=clippy::undocumented_unsafe_blocks' '--warn=clippy::transmute_undefined_repr' '--warn=clippy::trailing_empty_array' --warn=single_use_lifetimes --warn=rust_2018_idioms '--warn=clippy::pedantic' --warn=non_ascii_idents '--warn=clippy::inline_asm_x86_att_syntax' --warn=improper_ctypes_definitions --warn=improper_ctypes --warn=deprecated_safe '--warn=clippy::default_union_representation' '--warn=clippy::as_underscore' '--warn=clippy::as_ptr_cast_mut' '--warn=clippy::all' '--allow=clippy::unreadable_literal' '--allow=clippy::type_complexity' '--allow=clippy::too_many_lines' '--allow=clippy::too_many_arguments' '--allow=clippy::struct_field_names' '--allow=clippy::struct_excessive_bools' '--allow=clippy::single_match_else' '--allow=clippy::single_match' '--allow=clippy::similar_names' '--allow=clippy::range_plus_one' '--allow=clippy::nonminimal_bool' '--allow=clippy::naive_bytecount' '--allow=clippy::module_name_repetitions' '--allow=clippy::missing_errors_doc' '--allow=clippy::manual_range_contains' '--allow=clippy::manual_assert' '--allow=clippy::lint_groups_priority' '--allow=clippy::incompatible_msrv' '--allow=clippy::float_cmp' '--allow=clippy::doc_markdown' '--allow=clippy::declare_interior_mutable_const' '--allow=clippy::cast_lossless' '--allow=clippy::borrow_as_ptr' '--allow=clippy::bool_assert_comparison' --check-cfg 'cfg(docsrs,test)' --check-cfg 'cfg(feature, values())' -C metadata=de9aa65c1a09257c -C extra-filename=-50dcae2c8ff1a98e --out-dir /app/target/cpython-strict/build/primp-0.15.0/target/loongarch64-unknown-linux-musl/release/deps --target loongarch64-unknown-linux-musl -C linker=/app/target/cpython-strict/cross/loongarch64-linux-musl-gcc -C strip=symbols -L dependency=/app/target/cpython-strict/build/primp-0.15.0/target/loongarch64-unknown-linux-musl/release/deps -L dependency=/app/target/cpython-strict/build/primp-0.15.0/target/release/deps --cap-lints warn -C target-feature=-ual -C target-feature=-crt-static`
   Compiling itoa v1.0.15
     Running `CARGO=/app/target/cpython-strict/host-tools/rustup/toolchains/nightly-2025-01-18-x86_64-unknown-linux-gnu/bin/cargo CARGO_CRATE_NAME=itoa CARGO_MANIFEST_DIR=/app/target/cpython-strict/host-tools/cargo/registry/src/index.crates.io-1949cf8c6b5b557f/itoa-1.0.15 CARGO_MANIFEST_PATH=/app/target/cpython-strict/host-tools/cargo/registry/src/index.crates.io-1949cf8c6b5b557f/itoa-1.0.15/Cargo.toml CARGO_PKG_AUTHORS='David Tolnay <dtolnay@gmail.com>' CARGO_PKG_DESCRIPTION='Fast integer primitive to string conversion' CARGO_PKG_HOMEPAGE='' CARGO_PKG_LICENSE='MIT OR Apache-2.0' CARGO_PKG_LICENSE_FILE='' CARGO_PKG_NAME=itoa CARGO_PKG_README=README.md CARGO_PKG_REPOSITORY='https://github.com/dtolnay/itoa' CARGO_PKG_RUST_VERSION=1.36 CARGO_PKG_VERSION=1.0.15 CARGO_PKG_VERSION_MAJOR=1 CARGO_PKG_VERSION_MINOR=0 CARGO_PKG_VERSION_PATCH=15 CARGO_PKG_VERSION_PRE='' LD_LIBRARY_PATH='/app/target/cpython-strict/build/primp-0.15.0/target/release/deps:/app/target/cpython-strict/host-tools/rustup/toolchains/nightly-2025-01-18-x86_64-unknown-linux-gnu/lib:/opt/kendryte-toolchain/bin/:' /app/target/cpython-strict/host-tools/rustup/toolchains/nightly-2025-01-18-x86_64-unknown-linux-gnu/bin/rustc --crate-name itoa --edition=2018 /app/target/cpython-strict/host-tools/cargo/registry/src/index.crates.io-1949cf8c6b5b557f/itoa-1.0.15/src/lib.rs --error-format=json --json=diagnostic-rendered-ansi,artifacts,future-incompat --crate-type lib --emit=dep-info,metadata,link -C opt-level=3 -C panic=abort -C linker-plugin-lto -C codegen-units=1 --check-cfg 'cfg(docsrs,test)' --check-cfg 'cfg(feature, values("no-panic"))' -C metadata=25c842ae3d0c4d71 -C extra-filename=-5dae556133d5e013 --out-dir /app/target/cpython-strict/build/primp-0.15.0/target/loongarch64-unknown-linux-musl/release/deps --target loongarch64-unknown-linux-musl -C linker=/app/target/cpython-strict/cross/loongarch64-linux-musl-gcc -C strip=symbols -L dependency=/app/target/cpython-strict/build/primp-0.15.0/target/loongarch64-unknown-linux-musl/release/deps -L dependency=/app/target/cpython-strict/build/primp-0.15.0/target/release/deps --cap-lints warn -C target-feature=-ual -C target-feature=-crt-static`
     Running `CARGO=/app/target/cpython-strict/host-tools/rustup/toolchains/nightly-2025-01-18-x86_64-unknown-linux-gnu/bin/cargo CARGO_CRATE_NAME=libc CARGO_MANIFEST_DIR=/app/target/cpython-strict/host-tools/cargo/registry/src/index.crates.io-1949cf8c6b5b557f/libc-0.2.172 CARGO_MANIFEST_PATH=/app/target/cpython-strict/host-tools/cargo/registry/src/index.crates.io-1949cf8c6b5b557f/libc-0.2.172/Cargo.toml CARGO_PKG_AUTHORS='The Rust Project Developers' CARGO_PKG_DESCRIPTION='Raw FFI bindings to platform libraries like libc.
' CARGO_PKG_HOMEPAGE='https://github.com/rust-lang/libc' CARGO_PKG_LICENSE='MIT OR Apache-2.0' CARGO_PKG_LICENSE_FILE='' CARGO_PKG_NAME=libc CARGO_PKG_README=README.md CARGO_PKG_REPOSITORY='https://github.com/rust-lang/libc' CARGO_PKG_RUST_VERSION=1.63 CARGO_PKG_VERSION=0.2.172 CARGO_PKG_VERSION_MAJOR=0 CARGO_PKG_VERSION_MINOR=2 CARGO_PKG_VERSION_PATCH=172 CARGO_PKG_VERSION_PRE='' LD_LIBRARY_PATH='/app/target/cpython-strict/build/primp-0.15.0/target/release/deps:/app/target/cpython-strict/host-tools/rustup/toolchains/nightly-2025-01-18-x86_64-unknown-linux-gnu/lib:/opt/kendryte-toolchain/bin/:' OUT_DIR=/app/target/cpython-strict/build/primp-0.15.0/target/loongarch64-unknown-linux-musl/release/build/libc-1bef8d93fc732e16/out /app/target/cpython-strict/host-tools/rustup/toolchains/nightly-2025-01-18-x86_64-unknown-linux-gnu/bin/rustc --crate-name libc --edition=2021 /app/target/cpython-strict/host-tools/cargo/registry/src/index.crates.io-1949cf8c6b5b557f/libc-0.2.172/src/lib.rs --error-format=json --json=diagnostic-rendered-ansi,artifacts,future-incompat --crate-type lib --emit=dep-info,metadata,link -C opt-level=3 -C panic=abort -C linker-plugin-lto -C codegen-units=1 --cfg 'feature="default"' --cfg 'feature="std"' --check-cfg 'cfg(docsrs,test)' --check-cfg 'cfg(feature, values("align", "const-extern-fn", "default", "extra_traits", "rustc-dep-of-std", "rustc-std-workspace-core", "std", "use_std"))' -C metadata=fc8ab618d7720c29 -C extra-filename=-528e33ec45ba290f --out-dir /app/target/cpython-strict/build/primp-0.15.0/target/loongarch64-unknown-linux-musl/release/deps --target loongarch64-unknown-linux-musl -C linker=/app/target/cpython-strict/cross/loongarch64-linux-musl-gcc -C strip=symbols -L dependency=/app/target/cpython-strict/build/primp-0.15.0/target/loongarch64-unknown-linux-musl/release/deps -L dependency=/app/target/cpython-strict/build/primp-0.15.0/target/release/deps --cap-lints warn -C target-feature=-ual -C target-feature=-crt-static --cfg freebsd11 --cfg libc_const_extern_fn --check-cfg 'cfg(emscripten_old_stat_abi)' --check-cfg 'cfg(espidf_time32)' --check-cfg 'cfg(freebsd10)' --check-cfg 'cfg(freebsd11)' --check-cfg 'cfg(freebsd12)' --check-cfg 'cfg(freebsd13)' --check-cfg 'cfg(freebsd14)' --check-cfg 'cfg(freebsd15)' --check-cfg 'cfg(gnu_file_offset_bits64)' --check-cfg 'cfg(libc_const_extern_fn)' --check-cfg 'cfg(libc_deny_warnings)' --check-cfg 'cfg(libc_thread_local)' --check-cfg 'cfg(libc_ctest)' --check-cfg 'cfg(linux_time_bits64)' --check-cfg 'cfg(target_os,values("switch","aix","ohos","hurd","rtems","visionos","nuttx","cygwin"))' --check-cfg 'cfg(target_env,values("illumos","wasi","aix","ohos","nto71_iosock","nto80"))' --check-cfg 'cfg(target_arch,values("loongarch64","mips32r6","mips64r6","csky"))'`
   Compiling lock_api v0.4.12
     Running `CARGO=/app/target/cpython-strict/host-tools/rustup/toolchains/nightly-2025-01-18-x86_64-unknown-linux-gnu/bin/cargo CARGO_CRATE_NAME=build_script_build CARGO_MANIFEST_DIR=/app/target/cpython-strict/host-tools/cargo/registry/src/index.crates.io-1949cf8c6b5b557f/lock_api-0.4.12 CARGO_MANIFEST_PATH=/app/target/cpython-strict/host-tools/cargo/registry/src/index.crates.io-1949cf8c6b5b557f/lock_api-0.4.12/Cargo.toml CARGO_PKG_AUTHORS='Amanieu d'\''Antras <amanieu@gmail.com>' CARGO_PKG_DESCRIPTION='Wrappers to create fully-featured Mutex and RwLock types. Compatible with no_std.' CARGO_PKG_HOMEPAGE='' CARGO_PKG_LICENSE='MIT OR Apache-2.0' CARGO_PKG_LICENSE_FILE='' CARGO_PKG_NAME=lock_api CARGO_PKG_README='' CARGO_PKG_REPOSITORY='https://github.com/Amanieu/parking_lot' CARGO_PKG_RUST_VERSION=1.56.0 CARGO_PKG_VERSION=0.4.12 CARGO_PKG_VERSION_MAJOR=0 CARGO_PKG_VERSION_MINOR=4 CARGO_PKG_VERSION_PATCH=12 CARGO_PKG_VERSION_PRE='' LD_LIBRARY_PATH='/app/target/cpython-strict/build/primp-0.15.0/target/release/deps:/app/target/cpython-strict/host-tools/rustup/toolchains/nightly-2025-01-18-x86_64-unknown-linux-gnu/lib:/opt/kendryte-toolchain/bin/:' /app/target/cpython-strict/host-tools/rustup/toolchains/nightly-2025-01-18-x86_64-unknown-linux-gnu/bin/rustc --crate-name build_script_build --edition=2021 /app/target/cpython-strict/host-tools/cargo/registry/src/index.crates.io-1949cf8c6b5b557f/lock_api-0.4.12/build.rs --error-format=json --json=diagnostic-rendered-ansi,artifacts,future-incompat --crate-type bin --emit=dep-info,link -C embed-bitcode=no -C debug-assertions=off --cfg 'feature="atomic_usize"' --cfg 'feature="default"' --check-cfg 'cfg(docsrs,test)' --check-cfg 'cfg(feature, values("arc_lock", "atomic_usize", "default", "nightly", "owning_ref", "serde"))' -C metadata=a5275b14721d0308 -C extra-filename=-0152df609ee76a87 --out-dir /app/target/cpython-strict/build/primp-0.15.0/target/release/build/lock_api-0152df609ee76a87 -C strip=symbols -L dependency=/app/target/cpython-strict/build/primp-0.15.0/target/release/deps --extern autocfg=/app/target/cpython-strict/build/primp-0.15.0/target/release/deps/libautocfg-918a7c8fc0d04dc5.rlib --cap-lints warn`
     Running `CARGO=/app/target/cpython-strict/host-tools/rustup/toolchains/nightly-2025-01-18-x86_64-unknown-linux-gnu/bin/cargo CARGO_CRATE_NAME=libc CARGO_MANIFEST_DIR=/app/target/cpython-strict/host-tools/cargo/registry/src/index.crates.io-1949cf8c6b5b557f/libc-0.2.172 CARGO_MANIFEST_PATH=/app/target/cpython-strict/host-tools/cargo/registry/src/index.crates.io-1949cf8c6b5b557f/libc-0.2.172/Cargo.toml CARGO_PKG_AUTHORS='The Rust Project Developers' CARGO_PKG_DESCRIPTION='Raw FFI bindings to platform libraries like libc.
' CARGO_PKG_HOMEPAGE='https://github.com/rust-lang/libc' CARGO_PKG_LICENSE='MIT OR Apache-2.0' CARGO_PKG_LICENSE_FILE='' CARGO_PKG_NAME=libc CARGO_PKG_README=README.md CARGO_PKG_REPOSITORY='https://github.com/rust-lang/libc' CARGO_PKG_RUST_VERSION=1.63 CARGO_PKG_VERSION=0.2.172 CARGO_PKG_VERSION_MAJOR=0 CARGO_PKG_VERSION_MINOR=2 CARGO_PKG_VERSION_PATCH=172 CARGO_PKG_VERSION_PRE='' LD_LIBRARY_PATH='/app/target/cpython-strict/build/primp-0.15.0/target/release/deps:/app/target/cpython-strict/host-tools/rustup/toolchains/nightly-2025-01-18-x86_64-unknown-linux-gnu/lib:/opt/kendryte-toolchain/bin/:' OUT_DIR=/app/target/cpython-strict/build/primp-0.15.0/target/release/build/libc-e40a186dde01d76d/out /app/target/cpython-strict/host-tools/rustup/toolchains/nightly-2025-01-18-x86_64-unknown-linux-gnu/bin/rustc --crate-name libc --edition=2021 /app/target/cpython-strict/host-tools/cargo/registry/src/index.crates.io-1949cf8c6b5b557f/libc-0.2.172/src/lib.rs --error-format=json --json=diagnostic-rendered-ansi,artifacts,future-incompat --crate-type lib --emit=dep-info,metadata,link -C embed-bitcode=no -C debug-assertions=off --cfg 'feature="default"' --cfg 'feature="std"' --check-cfg 'cfg(docsrs,test)' --check-cfg 'cfg(feature, values("align", "const-extern-fn", "default", "extra_traits", "rustc-dep-of-std", "rustc-std-workspace-core", "std", "use_std"))' -C metadata=3d1159b10c48e2b4 -C extra-filename=-d907941c51b714b7 --out-dir /app/target/cpython-strict/build/primp-0.15.0/target/release/deps -C strip=symbols -L dependency=/app/target/cpython-strict/build/primp-0.15.0/target/release/deps --cap-lints warn --cfg freebsd11 --cfg libc_const_extern_fn --check-cfg 'cfg(emscripten_old_stat_abi)' --check-cfg 'cfg(espidf_time32)' --check-cfg 'cfg(freebsd10)' --check-cfg 'cfg(freebsd11)' --check-cfg 'cfg(freebsd12)' --check-cfg 'cfg(freebsd13)' --check-cfg 'cfg(freebsd14)' --check-cfg 'cfg(freebsd15)' --check-cfg 'cfg(gnu_file_offset_bits64)' --check-cfg 'cfg(libc_const_extern_fn)' --check-cfg 'cfg(libc_deny_warnings)' --check-cfg 'cfg(libc_thread_local)' --check-cfg 'cfg(libc_ctest)' --check-cfg 'cfg(linux_time_bits64)' --check-cfg 'cfg(target_os,values("switch","aix","ohos","hurd","rtems","visionos","nuttx","cygwin"))' --check-cfg 'cfg(target_env,values("illumos","wasi","aix","ohos","nto71_iosock","nto80"))' --check-cfg 'cfg(target_arch,values("loongarch64","mips32r6","mips64r6","csky"))'`
warning: `smallvec` (lib) generated 1 warning (1 duplicate)
   Compiling icu_locid_transform_data v1.5.1
     Running `CARGO=/app/target/cpython-strict/host-tools/rustup/toolchains/nightly-2025-01-18-x86_64-unknown-linux-gnu/bin/cargo CARGO_CRATE_NAME=build_script_build CARGO_MANIFEST_DIR=/app/target/cpython-strict/host-tools/cargo/registry/src/index.crates.io-1949cf8c6b5b557f/icu_locid_transform_data-1.5.1 CARGO_MANIFEST_PATH=/app/target/cpython-strict/host-tools/cargo/registry/src/index.crates.io-1949cf8c6b5b557f/icu_locid_transform_data-1.5.1/Cargo.toml CARGO_PKG_AUTHORS='The ICU4X Project Developers' CARGO_PKG_DESCRIPTION='Data for the icu_locid_transform crate' CARGO_PKG_HOMEPAGE='https://icu4x.unicode.org' CARGO_PKG_LICENSE=Unicode-3.0 CARGO_PKG_LICENSE_FILE='' CARGO_PKG_NAME=icu_locid_transform_data CARGO_PKG_README=README.md CARGO_PKG_REPOSITORY='https://github.com/unicode-org/icu4x' CARGO_PKG_RUST_VERSION=1.67 CARGO_PKG_VERSION=1.5.1 CARGO_PKG_VERSION_MAJOR=1 CARGO_PKG_VERSION_MINOR=5 CARGO_PKG_VERSION_PATCH=1 CARGO_PKG_VERSION_PRE='' LD_LIBRARY_PATH='/app/target/cpython-strict/build/primp-0.15.0/target/release/deps:/app/target/cpython-strict/host-tools/rustup/toolchains/nightly-2025-01-18-x86_64-unknown-linux-gnu/lib:/opt/kendryte-toolchain/bin/:' /app/target/cpython-strict/host-tools/rustup/toolchains/nightly-2025-01-18-x86_64-unknown-linux-gnu/bin/rustc --crate-name build_script_build --edition=2021 /app/target/cpython-strict/host-tools/cargo/registry/src/index.crates.io-1949cf8c6b5b557f/icu_locid_transform_data-1.5.1/build.rs --error-format=json --json=diagnostic-rendered-ansi,artifacts,future-incompat --crate-type bin --emit=dep-info,link -C embed-bitcode=no -C debug-assertions=off --check-cfg 'cfg(docsrs,test)' --check-cfg 'cfg(feature, values())' -C metadata=699405a65fad0e0e -C extra-filename=-95fd350810fc966d --out-dir /app/target/cpython-strict/build/primp-0.15.0/target/release/build/icu_locid_transform_data-95fd350810fc966d -C strip=symbols -L dependency=/app/target/cpython-strict/build/primp-0.15.0/target/release/deps --cap-lints warn`
warning: `target-lexicon` (build script) generated 15 warnings
     Running `CARGO=/app/target/cpython-strict/host-tools/rustup/toolchains/nightly-2025-01-18-x86_64-unknown-linux-gnu/bin/cargo CARGO_CFG_FEATURE=default CARGO_CFG_FMT_DEBUG=full CARGO_CFG_OVERFLOW_CHECKS='' CARGO_CFG_PANIC=unwind CARGO_CFG_RELOCATION_MODEL=pic CARGO_CFG_TARGET_ABI='' CARGO_CFG_TARGET_ARCH=x86_64 CARGO_CFG_TARGET_ENDIAN=little CARGO_CFG_TARGET_ENV=gnu CARGO_CFG_TARGET_FAMILY=unix CARGO_CFG_TARGET_FEATURE=fxsr,sse,sse2,x87 CARGO_CFG_TARGET_HAS_ATOMIC=16,32,64,8,ptr CARGO_CFG_TARGET_HAS_ATOMIC_EQUAL_ALIGNMENT=16,32,64,8,ptr CARGO_CFG_TARGET_HAS_ATOMIC_LOAD_STORE=16,32,64,8,ptr CARGO_CFG_TARGET_OS=linux CARGO_CFG_TARGET_POINTER_WIDTH=64 CARGO_CFG_TARGET_THREAD_LOCAL='' CARGO_CFG_TARGET_VENDOR=unknown CARGO_CFG_UB_CHECKS='' CARGO_CFG_UNIX='' CARGO_ENCODED_RUSTFLAGS='' CARGO_FEATURE_DEFAULT=1 CARGO_MANIFEST_DIR=/app/target/cpython-strict/host-tools/cargo/registry/src/index.crates.io-1949cf8c6b5b557f/target-lexicon-0.13.2 CARGO_MANIFEST_PATH=/app/target/cpython-strict/host-tools/cargo/registry/src/index.crates.io-1949cf8c6b5b557f/target-lexicon-0.13.2/Cargo.toml CARGO_PKG_AUTHORS='Dan Gohman <sunfish@mozilla.com>' CARGO_PKG_DESCRIPTION='LLVM target triple types' CARGO_PKG_HOMEPAGE='' CARGO_PKG_LICENSE='Apache-2.0 WITH LLVM-exception' CARGO_PKG_LICENSE_FILE='' CARGO_PKG_NAME=target-lexicon CARGO_PKG_README=README.md CARGO_PKG_REPOSITORY='https://github.com/bytecodealliance/target-lexicon' CARGO_PKG_RUST_VERSION='' CARGO_PKG_VERSION=0.13.2 CARGO_PKG_VERSION_MAJOR=0 CARGO_PKG_VERSION_MINOR=13 CARGO_PKG_VERSION_PATCH=2 CARGO_PKG_VERSION_PRE='' DEBUG=false HOST=x86_64-unknown-linux-gnu LD_LIBRARY_PATH='/app/target/cpython-strict/build/primp-0.15.0/target/release/deps:/app/target/cpython-strict/build/primp-0.15.0/target/release:/app/target/cpython-strict/host-tools/rustup/toolchains/nightly-2025-01-18-x86_64-unknown-linux-gnu/lib/rustlib/x86_64-unknown-linux-gnu/lib:/app/target/cpython-strict/host-tools/rustup/toolchains/nightly-2025-01-18-x86_64-unknown-linux-gnu/lib:/opt/kendryte-toolchain/bin/:' NUM_JOBS=10 OPT_LEVEL=0 OUT_DIR=/app/target/cpython-strict/build/primp-0.15.0/target/release/build/target-lexicon-676a3a884bd3d9b7/out PROFILE=release RUSTC=/app/target/cpython-strict/host-tools/rustup/toolchains/nightly-2025-01-18-x86_64-unknown-linux-gnu/bin/rustc RUSTDOC=/app/target/cpython-strict/host-tools/rustup/toolchains/nightly-2025-01-18-x86_64-unknown-linux-gnu/bin/rustdoc TARGET=x86_64-unknown-linux-gnu /app/target/cpython-strict/build/primp-0.15.0/target/release/build/target-lexicon-1afc1e74430d0f5c/build-script-build`
     Running `CARGO=/app/target/cpython-strict/host-tools/rustup/toolchains/nightly-2025-01-18-x86_64-unknown-linux-gnu/bin/cargo CARGO_CRATE_NAME=proc_macro2 CARGO_MANIFEST_DIR=/app/target/cpython-strict/host-tools/cargo/registry/src/index.crates.io-1949cf8c6b5b557f/proc-macro2-1.0.95 CARGO_MANIFEST_PATH=/app/target/cpython-strict/host-tools/cargo/registry/src/index.crates.io-1949cf8c6b5b557f/proc-macro2-1.0.95/Cargo.toml CARGO_PKG_AUTHORS='David Tolnay <dtolnay@gmail.com>:Alex Crichton <alex@alexcrichton.com>' CARGO_PKG_DESCRIPTION='A substitute implementation of the compiler'\''s `proc_macro` API to decouple token-based libraries from the procedural macro use case.' CARGO_PKG_HOMEPAGE='' CARGO_PKG_LICENSE='MIT OR Apache-2.0' CARGO_PKG_LICENSE_FILE='' CARGO_PKG_NAME=proc-macro2 CARGO_PKG_README=README.md CARGO_PKG_REPOSITORY='https://github.com/dtolnay/proc-macro2' CARGO_PKG_RUST_VERSION=1.56 CARGO_PKG_VERSION=1.0.95 CARGO_PKG_VERSION_MAJOR=1 CARGO_PKG_VERSION_MINOR=0 CARGO_PKG_VERSION_PATCH=95 CARGO_PKG_VERSION_PRE='' LD_LIBRARY_PATH='/app/target/cpython-strict/build/primp-0.15.0/target/release/deps:/app/target/cpython-strict/host-tools/rustup/toolchains/nightly-2025-01-18-x86_64-unknown-linux-gnu/lib:/opt/kendryte-toolchain/bin/:' OUT_DIR=/app/target/cpython-strict/build/primp-0.15.0/target/release/build/proc-macro2-9dae14ab9fec49e8/out /app/target/cpython-strict/host-tools/rustup/toolchains/nightly-2025-01-18-x86_64-unknown-linux-gnu/bin/rustc --crate-name proc_macro2 --edition=2021 /app/target/cpython-strict/host-tools/cargo/registry/src/index.crates.io-1949cf8c6b5b557f/proc-macro2-1.0.95/src/lib.rs --error-format=json --json=diagnostic-rendered-ansi,artifacts,future-incompat --crate-type lib --emit=dep-info,metadata,link -C embed-bitcode=no -C debug-assertions=off --cfg 'feature="default"' --cfg 'feature="proc-macro"' --check-cfg 'cfg(docsrs,test)' --check-cfg 'cfg(feature, values("default", "nightly", "proc-macro", "span-locations"))' -C metadata=8928832470daaf82 -C extra-filename=-9db364b059323b41 --out-dir /app/target/cpython-strict/build/primp-0.15.0/target/release/deps -C strip=symbols -L dependency=/app/target/cpython-strict/build/primp-0.15.0/target/release/deps --extern unicode_ident=/app/target/cpython-strict/build/primp-0.15.0/target/release/deps/libunicode_ident-687bb67aea9472ba.rmeta --cap-lints warn --cfg wrap_proc_macro --cfg proc_macro_span --check-cfg 'cfg(fuzzing)' --check-cfg 'cfg(no_is_available)' --check-cfg 'cfg(no_literal_byte_character)' --check-cfg 'cfg(no_literal_c_string)' --check-cfg 'cfg(no_source_text)' --check-cfg 'cfg(proc_macro_span)' --check-cfg 'cfg(procmacro2_backtrace)' --check-cfg 'cfg(procmacro2_nightly_testing)' --check-cfg 'cfg(procmacro2_semver_exempt)' --check-cfg 'cfg(randomize_layout)' --check-cfg 'cfg(span_locations)' --check-cfg 'cfg(super_unstable)' --check-cfg 'cfg(wrap_proc_macro)'`
     Running `CARGO=/app/target/cpython-strict/host-tools/rustup/toolchains/nightly-2025-01-18-x86_64-unknown-linux-gnu/bin/cargo CARGO_CRATE_NAME=target_lexicon CARGO_MANIFEST_DIR=/app/target/cpython-strict/host-tools/cargo/registry/src/index.crates.io-1949cf8c6b5b557f/target-lexicon-0.13.2 CARGO_MANIFEST_PATH=/app/target/cpython-strict/host-tools/cargo/registry/src/index.crates.io-1949cf8c6b5b557f/target-lexicon-0.13.2/Cargo.toml CARGO_PKG_AUTHORS='Dan Gohman <sunfish@mozilla.com>' CARGO_PKG_DESCRIPTION='LLVM target triple types' CARGO_PKG_HOMEPAGE='' CARGO_PKG_LICENSE='Apache-2.0 WITH LLVM-exception' CARGO_PKG_LICENSE_FILE='' CARGO_PKG_NAME=target-lexicon CARGO_PKG_README=README.md CARGO_PKG_REPOSITORY='https://github.com/bytecodealliance/target-lexicon' CARGO_PKG_RUST_VERSION='' CARGO_PKG_VERSION=0.13.2 CARGO_PKG_VERSION_MAJOR=0 CARGO_PKG_VERSION_MINOR=13 CARGO_PKG_VERSION_PATCH=2 CARGO_PKG_VERSION_PRE='' LD_LIBRARY_PATH='/app/target/cpython-strict/build/primp-0.15.0/target/release/deps:/app/target/cpython-strict/host-tools/rustup/toolchains/nightly-2025-01-18-x86_64-unknown-linux-gnu/lib:/opt/kendryte-toolchain/bin/:' OUT_DIR=/app/target/cpython-strict/build/primp-0.15.0/target/release/build/target-lexicon-676a3a884bd3d9b7/out /app/target/cpython-strict/host-tools/rustup/toolchains/nightly-2025-01-18-x86_64-unknown-linux-gnu/bin/rustc --crate-name target_lexicon --edition=2018 /app/target/cpython-strict/host-tools/cargo/registry/src/index.crates.io-1949cf8c6b5b557f/target-lexicon-0.13.2/src/lib.rs --error-format=json --json=diagnostic-rendered-ansi,artifacts,future-incompat --crate-type lib --emit=dep-info,metadata,link -C embed-bitcode=no -C debug-assertions=off --cfg 'feature="default"' --check-cfg 'cfg(docsrs,test)' --check-cfg 'cfg(feature, values("arch_zkasm", "default", "serde", "serde_support", "std"))' -C metadata=581e76ab2d3848e7 -C extra-filename=-e8432c2636bd0cc7 --out-dir /app/target/cpython-strict/build/primp-0.15.0/target/release/deps -C strip=symbols -L dependency=/app/target/cpython-strict/build/primp-0.15.0/target/release/deps --cap-lints warn --cfg 'feature="rust_1_40"'`
warning: `pin-project-lite` (lib) generated 1 warning (1 duplicate)
   Compiling writeable v0.5.5
     Running `CARGO=/app/target/cpython-strict/host-tools/rustup/toolchains/nightly-2025-01-18-x86_64-unknown-linux-gnu/bin/cargo CARGO_CRATE_NAME=writeable CARGO_MANIFEST_DIR=/app/target/cpython-strict/host-tools/cargo/registry/src/index.crates.io-1949cf8c6b5b557f/writeable-0.5.5 CARGO_MANIFEST_PATH=/app/target/cpython-strict/host-tools/cargo/registry/src/index.crates.io-1949cf8c6b5b557f/writeable-0.5.5/Cargo.toml CARGO_PKG_AUTHORS='The ICU4X Project Developers' CARGO_PKG_DESCRIPTION='A more efficient alternative to fmt::Display' CARGO_PKG_HOMEPAGE='' CARGO_PKG_LICENSE=Unicode-3.0 CARGO_PKG_LICENSE_FILE='' CARGO_PKG_NAME=writeable CARGO_PKG_README=README.md CARGO_PKG_REPOSITORY='https://github.com/unicode-org/icu4x' CARGO_PKG_RUST_VERSION=1.67 CARGO_PKG_VERSION=0.5.5 CARGO_PKG_VERSION_MAJOR=0 CARGO_PKG_VERSION_MINOR=5 CARGO_PKG_VERSION_PATCH=5 CARGO_PKG_VERSION_PRE='' LD_LIBRARY_PATH='/app/target/cpython-strict/build/primp-0.15.0/target/release/deps:/app/target/cpython-strict/host-tools/rustup/toolchains/nightly-2025-01-18-x86_64-unknown-linux-gnu/lib:/opt/kendryte-toolchain/bin/:' /app/target/cpython-strict/host-tools/rustup/toolchains/nightly-2025-01-18-x86_64-unknown-linux-gnu/bin/rustc --crate-name writeable --edition=2021 /app/target/cpython-strict/host-tools/cargo/registry/src/index.crates.io-1949cf8c6b5b557f/writeable-0.5.5/src/lib.rs --error-format=json --json=diagnostic-rendered-ansi,artifacts,future-incompat --crate-type lib --emit=dep-info,metadata,link -C opt-level=3 -C panic=abort -C linker-plugin-lto -C codegen-units=1 --check-cfg 'cfg(docsrs,test)' --check-cfg 'cfg(feature, values("bench", "either"))' -C metadata=ec3d98172cc96056 -C extra-filename=-faafe5d3af746b37 --out-dir /app/target/cpython-strict/build/primp-0.15.0/target/loongarch64-unknown-linux-musl/release/deps --target loongarch64-unknown-linux-musl -C linker=/app/target/cpython-strict/cross/loongarch64-linux-musl-gcc -C strip=symbols -L dependency=/app/target/cpython-strict/build/primp-0.15.0/target/loongarch64-unknown-linux-musl/release/deps -L dependency=/app/target/cpython-strict/build/primp-0.15.0/target/release/deps --cap-lints warn -C target-feature=-ual -C target-feature=-crt-static`
warning: `itoa` (lib) generated 1 warning (1 duplicate)
   Compiling litemap v0.7.5
     Running `CARGO=/app/target/cpython-strict/host-tools/rustup/toolchains/nightly-2025-01-18-x86_64-unknown-linux-gnu/bin/cargo CARGO_CRATE_NAME=litemap CARGO_MANIFEST_DIR=/app/target/cpython-strict/host-tools/cargo/registry/src/index.crates.io-1949cf8c6b5b557f/litemap-0.7.5 CARGO_MANIFEST_PATH=/app/target/cpython-strict/host-tools/cargo/registry/src/index.crates.io-1949cf8c6b5b557f/litemap-0.7.5/Cargo.toml CARGO_PKG_AUTHORS='The ICU4X Project Developers' CARGO_PKG_DESCRIPTION='A key-value Map implementation based on a flat, sorted Vec.' CARGO_PKG_HOMEPAGE='' CARGO_PKG_LICENSE=Unicode-3.0 CARGO_PKG_LICENSE_FILE='' CARGO_PKG_NAME=litemap CARGO_PKG_README=README.md CARGO_PKG_REPOSITORY='https://github.com/unicode-org/icu4x' CARGO_PKG_RUST_VERSION=1.81 CARGO_PKG_VERSION=0.7.5 CARGO_PKG_VERSION_MAJOR=0 CARGO_PKG_VERSION_MINOR=7 CARGO_PKG_VERSION_PATCH=5 CARGO_PKG_VERSION_PRE='' LD_LIBRARY_PATH='/app/target/cpython-strict/build/primp-0.15.0/target/release/deps:/app/target/cpython-strict/host-tools/rustup/toolchains/nightly-2025-01-18-x86_64-unknown-linux-gnu/lib:/opt/kendryte-toolchain/bin/:' /app/target/cpython-strict/host-tools/rustup/toolchains/nightly-2025-01-18-x86_64-unknown-linux-gnu/bin/rustc --crate-name litemap --edition=2021 /app/target/cpython-strict/host-tools/cargo/registry/src/index.crates.io-1949cf8c6b5b557f/litemap-0.7.5/src/lib.rs --error-format=json --json=diagnostic-rendered-ansi,artifacts,future-incompat --crate-type lib --emit=dep-info,metadata,link -C opt-level=3 -C panic=abort -C linker-plugin-lto -C codegen-units=1 --cfg 'feature="alloc"' --check-cfg 'cfg(docsrs,test)' --check-cfg 'cfg(feature, values("alloc", "databake", "default", "serde", "testing", "yoke"))' -C metadata=5190be30c992d613 -C extra-filename=-f65074df4a8136dd --out-dir /app/target/cpython-strict/build/primp-0.15.0/target/loongarch64-unknown-linux-musl/release/deps --target loongarch64-unknown-linux-musl -C linker=/app/target/cpython-strict/cross/loongarch64-linux-musl-gcc -C strip=symbols -L dependency=/app/target/cpython-strict/build/primp-0.15.0/target/loongarch64-unknown-linux-musl/release/deps -L dependency=/app/target/cpython-strict/build/primp-0.15.0/target/release/deps --cap-lints warn -C target-feature=-ual -C target-feature=-crt-static`
warning: unexpected `cfg` condition value: `cargo-clippy`
 --> /app/target/cpython-strict/host-tools/cargo/registry/src/index.crates.io-1949cf8c6b5b557f/target-lexicon-0.13.2/src/lib.rs:6:5
  |
6 |     feature = "cargo-clippy",
  |     ^^^^^^^^^^^^^^^^^^^^^^^^
  |
  = note: expected values for `feature` are: `arch_zkasm`, `default`, `serde`, `serde_support`, and `std`
  = help: consider adding `cargo-clippy` as a feature in `Cargo.toml`
  = note: see <https://doc.rust-lang.org/nightly/rustc/check-cfg/cargo-specifics.html> for more information about checking conditional configuration
  = note: `#[warn(unexpected_cfgs)]` on by default

warning: unexpected `cfg` condition value: `rust_1_40`
  --> /app/target/cpython-strict/host-tools/cargo/registry/src/index.crates.io-1949cf8c6b5b557f/target-lexicon-0.13.2/src/data_model.rs:43:12
   |
43 | #[cfg_attr(feature = "rust_1_40", non_exhaustive)]
   |            ^^^^^^^^^^^^^^^^^^^^^
   |
   = note: expected values for `feature` are: `arch_zkasm`, `default`, `serde`, `serde_support`, and `std`
   = help: consider adding `rust_1_40` as a feature in `Cargo.toml`
   = note: see <https://doc.rust-lang.org/nightly/rustc/check-cfg/cargo-specifics.html> for more information about checking conditional configuration

     Running `CARGO=/app/target/cpython-strict/host-tools/rustup/toolchains/nightly-2025-01-18-x86_64-unknown-linux-gnu/bin/cargo CARGO_CFG_FEATURE=atomic_usize,default CARGO_CFG_FMT_DEBUG=full CARGO_CFG_OVERFLOW_CHECKS='' CARGO_CFG_PANIC=unwind CARGO_CFG_RELOCATION_MODEL=pic CARGO_CFG_TARGET_ABI='' CARGO_CFG_TARGET_ARCH=loongarch64 CARGO_CFG_TARGET_ENDIAN=little CARGO_CFG_TARGET_ENV=musl CARGO_CFG_TARGET_FAMILY=unix CARGO_CFG_TARGET_FEATURE=d,f,lsx CARGO_CFG_TARGET_HAS_ATOMIC=16,32,64,8,ptr CARGO_CFG_TARGET_HAS_ATOMIC_EQUAL_ALIGNMENT=16,32,64,8,ptr CARGO_CFG_TARGET_HAS_ATOMIC_LOAD_STORE=16,32,64,8,ptr CARGO_CFG_TARGET_OS=linux CARGO_CFG_TARGET_POINTER_WIDTH=64 CARGO_CFG_TARGET_THREAD_LOCAL='' CARGO_CFG_TARGET_VENDOR=unknown CARGO_CFG_UB_CHECKS='' CARGO_CFG_UNIX='' CARGO_ENCODED_RUSTFLAGS='-Ctarget-feature=-ual-Ctarget-feature=-crt-static' CARGO_FEATURE_ATOMIC_USIZE=1 CARGO_FEATURE_DEFAULT=1 CARGO_MANIFEST_DIR=/app/target/cpython-strict/host-tools/cargo/registry/src/index.crates.io-1949cf8c6b5b557f/lock_api-0.4.12 CARGO_MANIFEST_PATH=/app/target/cpython-strict/host-tools/cargo/registry/src/index.crates.io-1949cf8c6b5b557f/lock_api-0.4.12/Cargo.toml CARGO_PKG_AUTHORS='Amanieu d'\''Antras <amanieu@gmail.com>' CARGO_PKG_DESCRIPTION='Wrappers to create fully-featured Mutex and RwLock types. Compatible with no_std.' CARGO_PKG_HOMEPAGE='' CARGO_PKG_LICENSE='MIT OR Apache-2.0' CARGO_PKG_LICENSE_FILE='' CARGO_PKG_NAME=lock_api CARGO_PKG_README='' CARGO_PKG_REPOSITORY='https://github.com/Amanieu/parking_lot' CARGO_PKG_RUST_VERSION=1.56.0 CARGO_PKG_VERSION=0.4.12 CARGO_PKG_VERSION_MAJOR=0 CARGO_PKG_VERSION_MINOR=4 CARGO_PKG_VERSION_PATCH=12 CARGO_PKG_VERSION_PRE='' DEBUG=false HOST=x86_64-unknown-linux-gnu LD_LIBRARY_PATH='/app/target/cpython-strict/build/primp-0.15.0/target/release/deps:/app/target/cpython-strict/build/primp-0.15.0/target/release:/app/target/cpython-strict/host-tools/rustup/toolchains/nightly-2025-01-18-x86_64-unknown-linux-gnu/lib/rustlib/x86_64-unknown-linux-gnu/lib:/app/target/cpython-strict/host-tools/rustup/toolchains/nightly-2025-01-18-x86_64-unknown-linux-gnu/lib:/opt/kendryte-toolchain/bin/:' NUM_JOBS=10 OPT_LEVEL=3 OUT_DIR=/app/target/cpython-strict/build/primp-0.15.0/target/loongarch64-unknown-linux-musl/release/build/lock_api-402e18d1f537a4b5/out PROFILE=release RUSTC=/app/target/cpython-strict/host-tools/rustup/toolchains/nightly-2025-01-18-x86_64-unknown-linux-gnu/bin/rustc RUSTC_LINKER=/app/target/cpython-strict/cross/loongarch64-linux-musl-gcc RUSTDOC=/app/target/cpython-strict/host-tools/rustup/toolchains/nightly-2025-01-18-x86_64-unknown-linux-gnu/bin/rustdoc TARGET=loongarch64-unknown-linux-musl /app/target/cpython-strict/build/primp-0.15.0/target/release/build/lock_api-0152df609ee76a87/build-script-build`
   Compiling futures-core v0.3.31
     Running `CARGO=/app/target/cpython-strict/host-tools/rustup/toolchains/nightly-2025-01-18-x86_64-unknown-linux-gnu/bin/cargo CARGO_CRATE_NAME=futures_core CARGO_MANIFEST_DIR=/app/target/cpython-strict/host-tools/cargo/registry/src/index.crates.io-1949cf8c6b5b557f/futures-core-0.3.31 CARGO_MANIFEST_PATH=/app/target/cpython-strict/host-tools/cargo/registry/src/index.crates.io-1949cf8c6b5b557f/futures-core-0.3.31/Cargo.toml CARGO_PKG_AUTHORS='' CARGO_PKG_DESCRIPTION='The core traits and types in for the `futures` library.
' CARGO_PKG_HOMEPAGE='https://rust-lang.github.io/futures-rs' CARGO_PKG_LICENSE='MIT OR Apache-2.0' CARGO_PKG_LICENSE_FILE='' CARGO_PKG_NAME=futures-core CARGO_PKG_README=README.md CARGO_PKG_REPOSITORY='https://github.com/rust-lang/futures-rs' CARGO_PKG_RUST_VERSION=1.36 CARGO_PKG_VERSION=0.3.31 CARGO_PKG_VERSION_MAJOR=0 CARGO_PKG_VERSION_MINOR=3 CARGO_PKG_VERSION_PATCH=31 CARGO_PKG_VERSION_PRE='' LD_LIBRARY_PATH='/app/target/cpython-strict/build/primp-0.15.0/target/release/deps:/app/target/cpython-strict/host-tools/rustup/toolchains/nightly-2025-01-18-x86_64-unknown-linux-gnu/lib:/opt/kendryte-toolchain/bin/:' /app/target/cpython-strict/host-tools/rustup/toolchains/nightly-2025-01-18-x86_64-unknown-linux-gnu/bin/rustc --crate-name futures_core --edition=2018 /app/target/cpython-strict/host-tools/cargo/registry/src/index.crates.io-1949cf8c6b5b557f/futures-core-0.3.31/src/lib.rs --error-format=json --json=diagnostic-rendered-ansi,artifacts,future-incompat --crate-type lib --emit=dep-info,metadata,link -C opt-level=3 -C panic=abort -C linker-plugin-lto -C codegen-units=1 --warn=unreachable_pub --warn=unexpected_cfgs --warn=single_use_lifetimes --warn=rust_2018_idioms --warn=missing_debug_implementations --check-cfg 'cfg(futures_sanitizer)' --cfg 'feature="alloc"' --cfg 'feature="default"' --cfg 'feature="std"' --check-cfg 'cfg(docsrs,test)' --check-cfg 'cfg(feature, values("alloc", "cfg-target-has-atomic", "default", "portable-atomic", "std", "unstable"))' -C metadata=9a85408f1d8d69b1 -C extra-filename=-daefa865b4c0a4f1 --out-dir /app/target/cpython-strict/build/primp-0.15.0/target/loongarch64-unknown-linux-musl/release/deps --target loongarch64-unknown-linux-musl -C linker=/app/target/cpython-strict/cross/loongarch64-linux-musl-gcc -C strip=symbols -L dependency=/app/target/cpython-strict/build/primp-0.15.0/target/loongarch64-unknown-linux-musl/release/deps -L dependency=/app/target/cpython-strict/build/primp-0.15.0/target/release/deps --cap-lints warn -C target-feature=-ual -C target-feature=-crt-static`
   Compiling glob v0.3.2
     Running `CARGO=/app/target/cpython-strict/host-tools/rustup/toolchains/nightly-2025-01-18-x86_64-unknown-linux-gnu/bin/cargo CARGO_CRATE_NAME=glob CARGO_MANIFEST_DIR=/app/target/cpython-strict/host-tools/cargo/registry/src/index.crates.io-1949cf8c6b5b557f/glob-0.3.2 CARGO_MANIFEST_PATH=/app/target/cpython-strict/host-tools/cargo/registry/src/index.crates.io-1949cf8c6b5b557f/glob-0.3.2/Cargo.toml CARGO_PKG_AUTHORS='The Rust Project Developers' CARGO_PKG_DESCRIPTION='Support for matching file paths against Unix shell style patterns.
' CARGO_PKG_HOMEPAGE='https://github.com/rust-lang/glob' CARGO_PKG_LICENSE='MIT OR Apache-2.0' CARGO_PKG_LICENSE_FILE='' CARGO_PKG_NAME=glob CARGO_PKG_README=README.md CARGO_PKG_REPOSITORY='https://github.com/rust-lang/glob' CARGO_PKG_RUST_VERSION=1.23.0 CARGO_PKG_VERSION=0.3.2 CARGO_PKG_VERSION_MAJOR=0 CARGO_PKG_VERSION_MINOR=3 CARGO_PKG_VERSION_PATCH=2 CARGO_PKG_VERSION_PRE='' LD_LIBRARY_PATH='/app/target/cpython-strict/build/primp-0.15.0/target/release/deps:/app/target/cpython-strict/host-tools/rustup/toolchains/nightly-2025-01-18-x86_64-unknown-linux-gnu/lib:/opt/kendryte-toolchain/bin/:' /app/target/cpython-strict/host-tools/rustup/toolchains/nightly-2025-01-18-x86_64-unknown-linux-gnu/bin/rustc --crate-name glob --edition=2015 /app/target/cpython-strict/host-tools/cargo/registry/src/index.crates.io-1949cf8c6b5b557f/glob-0.3.2/src/lib.rs --error-format=json --json=diagnostic-rendered-ansi,artifacts,future-incompat --crate-type lib --emit=dep-info,metadata,link -C embed-bitcode=no -C debug-assertions=off --check-cfg 'cfg(docsrs,test)' --check-cfg 'cfg(feature, values())' -C metadata=b2e71cbdbaa18439 -C extra-filename=-c9794cebc823a11e --out-dir /app/target/cpython-strict/build/primp-0.15.0/target/release/deps -C strip=symbols -L dependency=/app/target/cpython-strict/build/primp-0.15.0/target/release/deps --cap-lints warn`
warning: `libc` (lib) generated 1 warning (1 duplicate)
   Compiling jobserver v0.1.33
     Running `CARGO=/app/target/cpython-strict/host-tools/rustup/toolchains/nightly-2025-01-18-x86_64-unknown-linux-gnu/bin/cargo CARGO_CRATE_NAME=jobserver CARGO_MANIFEST_DIR=/app/target/cpython-strict/host-tools/cargo/registry/src/index.crates.io-1949cf8c6b5b557f/jobserver-0.1.33 CARGO_MANIFEST_PATH=/app/target/cpython-strict/host-tools/cargo/registry/src/index.crates.io-1949cf8c6b5b557f/jobserver-0.1.33/Cargo.toml CARGO_PKG_AUTHORS='Alex Crichton <alex@alexcrichton.com>' CARGO_PKG_DESCRIPTION='An implementation of the GNU Make jobserver for Rust.
' CARGO_PKG_HOMEPAGE='https://github.com/rust-lang/jobserver-rs' CARGO_PKG_LICENSE='MIT OR Apache-2.0' CARGO_PKG_LICENSE_FILE='' CARGO_PKG_NAME=jobserver CARGO_PKG_README=README.md CARGO_PKG_REPOSITORY='https://github.com/rust-lang/jobserver-rs' CARGO_PKG_RUST_VERSION=1.63 CARGO_PKG_VERSION=0.1.33 CARGO_PKG_VERSION_MAJOR=0 CARGO_PKG_VERSION_MINOR=1 CARGO_PKG_VERSION_PATCH=33 CARGO_PKG_VERSION_PRE='' LD_LIBRARY_PATH='/app/target/cpython-strict/build/primp-0.15.0/target/release/deps:/app/target/cpython-strict/host-tools/rustup/toolchains/nightly-2025-01-18-x86_64-unknown-linux-gnu/lib:/opt/kendryte-toolchain/bin/:' /app/target/cpython-strict/host-tools/rustup/toolchains/nightly-2025-01-18-x86_64-unknown-linux-gnu/bin/rustc --crate-name jobserver --edition=2021 /app/target/cpython-strict/host-tools/cargo/registry/src/index.crates.io-1949cf8c6b5b557f/jobserver-0.1.33/src/lib.rs --error-format=json --json=diagnostic-rendered-ansi,artifacts,future-incompat --crate-type lib --emit=dep-info,metadata,link -C embed-bitcode=no -C debug-assertions=off --check-cfg 'cfg(docsrs,test)' --check-cfg 'cfg(feature, values())' -C metadata=6ef7da9dcc209770 -C extra-filename=-4bb66142469680c6 --out-dir /app/target/cpython-strict/build/primp-0.15.0/target/release/deps -C strip=symbols -L dependency=/app/target/cpython-strict/build/primp-0.15.0/target/release/deps --extern libc=/app/target/cpython-strict/build/primp-0.15.0/target/release/deps/liblibc-d907941c51b714b7.rmeta --cap-lints warn`
     Running `CARGO=/app/target/cpython-strict/host-tools/rustup/toolchains/nightly-2025-01-18-x86_64-unknown-linux-gnu/bin/cargo CARGO_CRATE_NAME=parking_lot_core CARGO_MANIFEST_DIR=/app/target/cpython-strict/host-tools/cargo/registry/src/index.crates.io-1949cf8c6b5b557f/parking_lot_core-0.9.10 CARGO_MANIFEST_PATH=/app/target/cpython-strict/host-tools/cargo/registry/src/index.crates.io-1949cf8c6b5b557f/parking_lot_core-0.9.10/Cargo.toml CARGO_PKG_AUTHORS='Amanieu d'\''Antras <amanieu@gmail.com>' CARGO_PKG_DESCRIPTION='An advanced API for creating custom synchronization primitives.' CARGO_PKG_HOMEPAGE='' CARGO_PKG_LICENSE='MIT OR Apache-2.0' CARGO_PKG_LICENSE_FILE='' CARGO_PKG_NAME=parking_lot_core CARGO_PKG_README='' CARGO_PKG_REPOSITORY='https://github.com/Amanieu/parking_lot' CARGO_PKG_RUST_VERSION=1.56.0 CARGO_PKG_VERSION=0.9.10 CARGO_PKG_VERSION_MAJOR=0 CARGO_PKG_VERSION_MINOR=9 CARGO_PKG_VERSION_PATCH=10 CARGO_PKG_VERSION_PRE='' LD_LIBRARY_PATH='/app/target/cpython-strict/build/primp-0.15.0/target/release/deps:/app/target/cpython-strict/host-tools/rustup/toolchains/nightly-2025-01-18-x86_64-unknown-linux-gnu/lib:/opt/kendryte-toolchain/bin/:' OUT_DIR=/app/target/cpython-strict/build/primp-0.15.0/target/loongarch64-unknown-linux-musl/release/build/parking_lot_core-a8ba19e910f53cef/out /app/target/cpython-strict/host-tools/rustup/toolchains/nightly-2025-01-18-x86_64-unknown-linux-gnu/bin/rustc --crate-name parking_lot_core --edition=2021 /app/target/cpython-strict/host-tools/cargo/registry/src/index.crates.io-1949cf8c6b5b557f/parking_lot_core-0.9.10/src/lib.rs --error-format=json --json=diagnostic-rendered-ansi,artifacts,future-incompat --crate-type lib --emit=dep-info,metadata,link -C opt-level=3 -C panic=abort -C linker-plugin-lto -C codegen-units=1 --check-cfg 'cfg(docsrs,test)' --check-cfg 'cfg(feature, values("backtrace", "deadlock_detection", "nightly", "petgraph", "thread-id"))' -C metadata=68533c7d3cfe8576 -C extra-filename=-98e7b6a78a85803c --out-dir /app/target/cpython-strict/build/primp-0.15.0/target/loongarch64-unknown-linux-musl/release/deps --target loongarch64-unknown-linux-musl -C linker=/app/target/cpython-strict/cross/loongarch64-linux-musl-gcc -C strip=symbols -L dependency=/app/target/cpython-strict/build/primp-0.15.0/target/loongarch64-unknown-linux-musl/release/deps -L dependency=/app/target/cpython-strict/build/primp-0.15.0/target/release/deps --extern cfg_if=/app/target/cpython-strict/build/primp-0.15.0/target/loongarch64-unknown-linux-musl/release/deps/libcfg_if-9a56164e255f8351.rmeta --extern libc=/app/target/cpython-strict/build/primp-0.15.0/target/loongarch64-unknown-linux-musl/release/deps/liblibc-528e33ec45ba290f.rmeta --extern smallvec=/app/target/cpython-strict/build/primp-0.15.0/target/loongarch64-unknown-linux-musl/release/deps/libsmallvec-11d62a66e49144d9.rmeta --cap-lints warn -C target-feature=-ual -C target-feature=-crt-static`
[lock_api 0.4.12] warning: unstable feature specified for `-Ctarget-feature`: `ual`
[lock_api 0.4.12]   |
[lock_api 0.4.12]   = note: this feature is not stably supported; its behavior can change in the future
[lock_api 0.4.12] 
[lock_api 0.4.12] warning: 1 warning emitted
[lock_api 0.4.12] 
     Running `CARGO=/app/target/cpython-strict/host-tools/rustup/toolchains/nightly-2025-01-18-x86_64-unknown-linux-gnu/bin/cargo CARGO_CRATE_NAME=lock_api CARGO_MANIFEST_DIR=/app/target/cpython-strict/host-tools/cargo/registry/src/index.crates.io-1949cf8c6b5b557f/lock_api-0.4.12 CARGO_MANIFEST_PATH=/app/target/cpython-strict/host-tools/cargo/registry/src/index.crates.io-1949cf8c6b5b557f/lock_api-0.4.12/Cargo.toml CARGO_PKG_AUTHORS='Amanieu d'\''Antras <amanieu@gmail.com>' CARGO_PKG_DESCRIPTION='Wrappers to create fully-featured Mutex and RwLock types. Compatible with no_std.' CARGO_PKG_HOMEPAGE='' CARGO_PKG_LICENSE='MIT OR Apache-2.0' CARGO_PKG_LICENSE_FILE='' CARGO_PKG_NAME=lock_api CARGO_PKG_README='' CARGO_PKG_REPOSITORY='https://github.com/Amanieu/parking_lot' CARGO_PKG_RUST_VERSION=1.56.0 CARGO_PKG_VERSION=0.4.12 CARGO_PKG_VERSION_MAJOR=0 CARGO_PKG_VERSION_MINOR=4 CARGO_PKG_VERSION_PATCH=12 CARGO_PKG_VERSION_PRE='' LD_LIBRARY_PATH='/app/target/cpython-strict/build/primp-0.15.0/target/release/deps:/app/target/cpython-strict/host-tools/rustup/toolchains/nightly-2025-01-18-x86_64-unknown-linux-gnu/lib:/opt/kendryte-toolchain/bin/:' OUT_DIR=/app/target/cpython-strict/build/primp-0.15.0/target/loongarch64-unknown-linux-musl/release/build/lock_api-402e18d1f537a4b5/out /app/target/cpython-strict/host-tools/rustup/toolchains/nightly-2025-01-18-x86_64-unknown-linux-gnu/bin/rustc --crate-name lock_api --edition=2021 /app/target/cpython-strict/host-tools/cargo/registry/src/index.crates.io-1949cf8c6b5b557f/lock_api-0.4.12/src/lib.rs --error-format=json --json=diagnostic-rendered-ansi,artifacts,future-incompat --crate-type lib --emit=dep-info,metadata,link -C opt-level=3 -C panic=abort -C linker-plugin-lto -C codegen-units=1 --cfg 'feature="atomic_usize"' --cfg 'feature="default"' --check-cfg 'cfg(docsrs,test)' --check-cfg 'cfg(feature, values("arc_lock", "atomic_usize", "default", "nightly", "owning_ref", "serde"))' -C metadata=50af43d5c911ff6e -C extra-filename=-ef38b7069f4c2cd3 --out-dir /app/target/cpython-strict/build/primp-0.15.0/target/loongarch64-unknown-linux-musl/release/deps --target loongarch64-unknown-linux-musl -C linker=/app/target/cpython-strict/cross/loongarch64-linux-musl-gcc -C strip=symbols -L dependency=/app/target/cpython-strict/build/primp-0.15.0/target/loongarch64-unknown-linux-musl/release/deps -L dependency=/app/target/cpython-strict/build/primp-0.15.0/target/release/deps --extern scopeguard=/app/target/cpython-strict/build/primp-0.15.0/target/loongarch64-unknown-linux-musl/release/deps/libscopeguard-ba138fbdc06eeda9.rmeta --cap-lints warn -C target-feature=-ual -C target-feature=-crt-static --cfg has_const_fn_trait_bound`
warning: unused import: `UnparkHandle`
  --> /app/target/cpython-strict/host-tools/cargo/registry/src/index.crates.io-1949cf8c6b5b557f/parking_lot_core-0.9.10/src/thread_parker/mod.rs:85:49
   |
85 | pub use self::imp::{thread_yield, ThreadParker, UnparkHandle};
   |                                                 ^^^^^^^^^^^^
   |
   = note: `#[warn(unused_imports)]` on by default

warning: unexpected `cfg` condition name: `tsan_enabled`
   --> /app/target/cpython-strict/host-tools/cargo/registry/src/index.crates.io-1949cf8c6b5b557f/parking_lot_core-0.9.10/src/word_lock.rs:293:13
    |
293 |     if cfg!(tsan_enabled) {
    |             ^^^^^^^^^^^^
    |
    = help: expected names are: `clippy`, `debug_assertions`, `doc`, `docsrs`, `doctest`, `feature`, `fmt_debug`, `miri`, `overflow_checks`, `panic`, `proc_macro`, `relocation_model`, `rustfmt`, `sanitize`, `sanitizer_cfi_generalize_pointers`, `sanitizer_cfi_normalize_integers`, `target_abi`, `target_arch`, `target_endian`, `target_env`, `target_family`, `target_feature`, `target_has_atomic`, `target_has_atomic_equal_alignment`, `target_has_atomic_load_store`, `target_os`, `target_pointer_width`, `target_thread_local`, `target_vendor`, `test`, `ub_checks`, `unix`, and `windows`
    = help: consider using a Cargo feature instead
    = help: or consider adding in `Cargo.toml` the `check-cfg` lint config for the lint:
             [lints.rust]
             unexpected_cfgs = { level = "warn", check-cfg = ['cfg(tsan_enabled)'] }
    = help: or consider adding `println!("cargo::rustc-check-cfg=cfg(tsan_enabled)");` to the top of the `build.rs`
    = note: see <https://doc.rust-lang.org/nightly/rustc/check-cfg/cargo-specifics.html> for more information about checking conditional configuration
    = note: `#[warn(unexpected_cfgs)]` on by default

warning: unexpected `cfg` condition name: `has_const_fn_trait_bound`
   --> /app/target/cpython-strict/host-tools/cargo/registry/src/index.crates.io-1949cf8c6b5b557f/lock_api-0.4.12/src/mutex.rs:148:11
    |
148 |     #[cfg(has_const_fn_trait_bound)]
    |           ^^^^^^^^^^^^^^^^^^^^^^^^
    |
    = help: expected names are: `clippy`, `debug_assertions`, `doc`, `docsrs`, `doctest`, `feature`, `fmt_debug`, `miri`, `overflow_checks`, `panic`, `proc_macro`, `relocation_model`, `rustfmt`, `sanitize`, `sanitizer_cfi_generalize_pointers`, `sanitizer_cfi_normalize_integers`, `target_abi`, `target_arch`, `target_endian`, `target_env`, `target_family`, `target_feature`, `target_has_atomic`, `target_has_atomic_equal_alignment`, `target_has_atomic_load_store`, `target_os`, `target_pointer_width`, `target_thread_local`, `target_vendor`, `test`, `ub_checks`, `unix`, and `windows`
    = help: consider using a Cargo feature instead
    = help: or consider adding in `Cargo.toml` the `check-cfg` lint config for the lint:
             [lints.rust]
             unexpected_cfgs = { level = "warn", check-cfg = ['cfg(has_const_fn_trait_bound)'] }
    = help: or consider adding `println!("cargo::rustc-check-cfg=cfg(has_const_fn_trait_bound)");` to the top of the `build.rs`
    = note: see <https://doc.rust-lang.org/nightly/rustc/check-cfg/cargo-specifics.html> for more information about checking conditional configuration
    = note: `#[warn(unexpected_cfgs)]` on by default

warning: unexpected `cfg` condition name: `has_const_fn_trait_bound`
   --> /app/target/cpython-strict/host-tools/cargo/registry/src/index.crates.io-1949cf8c6b5b557f/lock_api-0.4.12/src/mutex.rs:158:15
    |
158 |     #[cfg(not(has_const_fn_trait_bound))]
    |               ^^^^^^^^^^^^^^^^^^^^^^^^
    |
    = help: consider using a Cargo feature instead
    = help: or consider adding in `Cargo.toml` the `check-cfg` lint config for the lint:
             [lints.rust]
             unexpected_cfgs = { level = "warn", check-cfg = ['cfg(has_const_fn_trait_bound)'] }
    = help: or consider adding `println!("cargo::rustc-check-cfg=cfg(has_const_fn_trait_bound)");` to the top of the `build.rs`
    = note: see <https://doc.rust-lang.org/nightly/rustc/check-cfg/cargo-specifics.html> for more information about checking conditional configuration

warning: unexpected `cfg` condition name: `has_const_fn_trait_bound`
   --> /app/target/cpython-strict/host-tools/cargo/registry/src/index.crates.io-1949cf8c6b5b557f/lock_api-0.4.12/src/remutex.rs:232:11
    |
232 |     #[cfg(has_const_fn_trait_bound)]
    |           ^^^^^^^^^^^^^^^^^^^^^^^^
    |
    = help: consider using a Cargo feature instead
    = help: or consider adding in `Cargo.toml` the `check-cfg` lint config for the lint:
             [lints.rust]
             unexpected_cfgs = { level = "warn", check-cfg = ['cfg(has_const_fn_trait_bound)'] }
    = help: or consider adding `println!("cargo::rustc-check-cfg=cfg(has_const_fn_trait_bound)");` to the top of the `build.rs`
    = note: see <https://doc.rust-lang.org/nightly/rustc/check-cfg/cargo-specifics.html> for more information about checking conditional configuration

warning: unexpected `cfg` condition name: `has_const_fn_trait_bound`
   --> /app/target/cpython-strict/host-tools/cargo/registry/src/index.crates.io-1949cf8c6b5b557f/lock_api-0.4.12/src/remutex.rs:247:15
    |
247 |     #[cfg(not(has_const_fn_trait_bound))]
    |               ^^^^^^^^^^^^^^^^^^^^^^^^
    |
    = help: consider using a Cargo feature instead
    = help: or consider adding in `Cargo.toml` the `check-cfg` lint config for the lint:
             [lints.rust]
             unexpected_cfgs = { level = "warn", check-cfg = ['cfg(has_const_fn_trait_bound)'] }
    = help: or consider adding `println!("cargo::rustc-check-cfg=cfg(has_const_fn_trait_bound)");` to the top of the `build.rs`
    = note: see <https://doc.rust-lang.org/nightly/rustc/check-cfg/cargo-specifics.html> for more information about checking conditional configuration

warning: unexpected `cfg` condition name: `has_const_fn_trait_bound`
   --> /app/target/cpython-strict/host-tools/cargo/registry/src/index.crates.io-1949cf8c6b5b557f/lock_api-0.4.12/src/rwlock.rs:369:11
    |
369 |     #[cfg(has_const_fn_trait_bound)]
    |           ^^^^^^^^^^^^^^^^^^^^^^^^
    |
    = help: consider using a Cargo feature instead
    = help: or consider adding in `Cargo.toml` the `check-cfg` lint config for the lint:
             [lints.rust]
             unexpected_cfgs = { level = "warn", check-cfg = ['cfg(has_const_fn_trait_bound)'] }
    = help: or consider adding `println!("cargo::rustc-check-cfg=cfg(has_const_fn_trait_bound)");` to the top of the `build.rs`
    = note: see <https://doc.rust-lang.org/nightly/rustc/check-cfg/cargo-specifics.html> for more information about checking conditional configuration

warning: unexpected `cfg` condition name: `has_const_fn_trait_bound`
   --> /app/target/cpython-strict/host-tools/cargo/registry/src/index.crates.io-1949cf8c6b5b557f/lock_api-0.4.12/src/rwlock.rs:379:15
    |
379 |     #[cfg(not(has_const_fn_trait_bound))]
    |               ^^^^^^^^^^^^^^^^^^^^^^^^
    |
    = help: consider using a Cargo feature instead
    = help: or consider adding in `Cargo.toml` the `check-cfg` lint config for the lint:
             [lints.rust]
             unexpected_cfgs = { level = "warn", check-cfg = ['cfg(has_const_fn_trait_bound)'] }
    = help: or consider adding `println!("cargo::rustc-check-cfg=cfg(has_const_fn_trait_bound)");` to the top of the `build.rs`
    = note: see <https://doc.rust-lang.org/nightly/rustc/check-cfg/cargo-specifics.html> for more information about checking conditional configuration

warning: use of deprecated type alias `libc::time_t`: This type is changed to 64-bit in musl 1.2.0, we'll follow that change in the future release. See #1848 for more info.
  --> /app/target/cpython-strict/host-tools/cargo/registry/src/index.crates.io-1949cf8c6b5b557f/parking_lot_core-0.9.10/src/thread_parker/linux.rs:78:40
   |
78 |             if diff.as_secs() as libc::time_t as u64 != diff.as_secs() {
   |                                        ^^^^^^
   |
   = note: `#[warn(deprecated)]` on by default

warning: use of deprecated type alias `libc::time_t`: This type is changed to 64-bit in musl 1.2.0, we'll follow that change in the future release. See #1848 for more info.
  --> /app/target/cpython-strict/host-tools/cargo/registry/src/index.crates.io-1949cf8c6b5b557f/parking_lot_core-0.9.10/src/thread_parker/linux.rs:85:49
   |
85 |             ts.tv_sec = diff.as_secs() as libc::time_t;
   |                                                 ^^^^^^

warning: `target-lexicon` (lib) generated 16 warnings (14 duplicates)
   Compiling quote v1.0.40
     Running `CARGO=/app/target/cpython-strict/host-tools/rustup/toolchains/nightly-2025-01-18-x86_64-unknown-linux-gnu/bin/cargo CARGO_CRATE_NAME=quote CARGO_MANIFEST_DIR=/app/target/cpython-strict/host-tools/cargo/registry/src/index.crates.io-1949cf8c6b5b557f/quote-1.0.40 CARGO_MANIFEST_PATH=/app/target/cpython-strict/host-tools/cargo/registry/src/index.crates.io-1949cf8c6b5b557f/quote-1.0.40/Cargo.toml CARGO_PKG_AUTHORS='David Tolnay <dtolnay@gmail.com>' CARGO_PKG_DESCRIPTION='Quasi-quoting macro quote'\!'(...)' CARGO_PKG_HOMEPAGE='' CARGO_PKG_LICENSE='MIT OR Apache-2.0' CARGO_PKG_LICENSE_FILE='' CARGO_PKG_NAME=quote CARGO_PKG_README=README.md CARGO_PKG_REPOSITORY='https://github.com/dtolnay/quote' CARGO_PKG_RUST_VERSION=1.56 CARGO_PKG_VERSION=1.0.40 CARGO_PKG_VERSION_MAJOR=1 CARGO_PKG_VERSION_MINOR=0 CARGO_PKG_VERSION_PATCH=40 CARGO_PKG_VERSION_PRE='' LD_LIBRARY_PATH='/app/target/cpython-strict/build/primp-0.15.0/target/release/deps:/app/target/cpython-strict/host-tools/rustup/toolchains/nightly-2025-01-18-x86_64-unknown-linux-gnu/lib:/opt/kendryte-toolchain/bin/:' /app/target/cpython-strict/host-tools/rustup/toolchains/nightly-2025-01-18-x86_64-unknown-linux-gnu/bin/rustc --crate-name quote --edition=2018 /app/target/cpython-strict/host-tools/cargo/registry/src/index.crates.io-1949cf8c6b5b557f/quote-1.0.40/src/lib.rs --error-format=json --json=diagnostic-rendered-ansi,artifacts,future-incompat --crate-type lib --emit=dep-info,metadata,link -C embed-bitcode=no -C debug-assertions=off --cfg 'feature="default"' --cfg 'feature="proc-macro"' --check-cfg 'cfg(docsrs,test)' --check-cfg 'cfg(feature, values("default", "proc-macro"))' -C metadata=b43611e765bc5ba1 -C extra-filename=-430fd29c5f10253f --out-dir /app/target/cpython-strict/build/primp-0.15.0/target/release/deps -C strip=symbols -L dependency=/app/target/cpython-strict/build/primp-0.15.0/target/release/deps --extern proc_macro2=/app/target/cpython-strict/build/primp-0.15.0/target/release/deps/libproc_macro2-9db364b059323b41.rmeta --cap-lints warn`
warning: `bytes` (lib) generated 1 warning (1 duplicate)
   Compiling pyo3-build-config v0.24.1
     Running `CARGO=/app/target/cpython-strict/host-tools/rustup/toolchains/nightly-2025-01-18-x86_64-unknown-linux-gnu/bin/cargo CARGO_CRATE_NAME=build_script_build CARGO_MANIFEST_DIR=/app/target/cpython-strict/host-tools/cargo/registry/src/index.crates.io-1949cf8c6b5b557f/pyo3-build-config-0.24.1 CARGO_MANIFEST_PATH=/app/target/cpython-strict/host-tools/cargo/registry/src/index.crates.io-1949cf8c6b5b557f/pyo3-build-config-0.24.1/Cargo.toml CARGO_PKG_AUTHORS='PyO3 Project and Contributors <https://github.com/PyO3>' CARGO_PKG_DESCRIPTION='Build configuration for the PyO3 ecosystem' CARGO_PKG_HOMEPAGE='https://github.com/pyo3/pyo3' CARGO_PKG_LICENSE='MIT OR Apache-2.0' CARGO_PKG_LICENSE_FILE='' CARGO_PKG_NAME=pyo3-build-config CARGO_PKG_README='' CARGO_PKG_REPOSITORY='https://github.com/pyo3/pyo3' CARGO_PKG_RUST_VERSION=1.63 CARGO_PKG_VERSION=0.24.1 CARGO_PKG_VERSION_MAJOR=0 CARGO_PKG_VERSION_MINOR=24 CARGO_PKG_VERSION_PATCH=1 CARGO_PKG_VERSION_PRE='' LD_LIBRARY_PATH='/app/target/cpython-strict/build/primp-0.15.0/target/release/deps:/app/target/cpython-strict/host-tools/rustup/toolchains/nightly-2025-01-18-x86_64-unknown-linux-gnu/lib:/opt/kendryte-toolchain/bin/:' /app/target/cpython-strict/host-tools/rustup/toolchains/nightly-2025-01-18-x86_64-unknown-linux-gnu/bin/rustc --crate-name build_script_build --edition=2021 /app/target/cpython-strict/host-tools/cargo/registry/src/index.crates.io-1949cf8c6b5b557f/pyo3-build-config-0.24.1/build.rs --error-format=json --json=diagnostic-rendered-ansi,artifacts,future-incompat --crate-type bin --emit=dep-info,link -C embed-bitcode=no -C debug-assertions=off --cfg 'feature="abi3"' --cfg 'feature="abi3-py310"' --cfg 'feature="abi3-py311"' --cfg 'feature="abi3-py312"' --cfg 'feature="abi3-py313"' --cfg 'feature="abi3-py38"' --cfg 'feature="abi3-py39"' --cfg 'feature="default"' --cfg 'feature="extension-module"' --cfg 'feature="resolve-config"' --check-cfg 'cfg(docsrs,test)' --check-cfg 'cfg(feature, values("abi3", "abi3-py310", "abi3-py311", "abi3-py312", "abi3-py313", "abi3-py37", "abi3-py38", "abi3-py39", "default", "extension-module", "python3-dll-a", "resolve-config"))' -C metadata=1f7ad5e6a338a304 -C extra-filename=-f746212ae25355bd --out-dir /app/target/cpython-strict/build/primp-0.15.0/target/release/build/pyo3-build-config-f746212ae25355bd -C strip=symbols -L dependency=/app/target/cpython-strict/build/primp-0.15.0/target/release/deps --extern target_lexicon=/app/target/cpython-strict/build/primp-0.15.0/target/release/deps/libtarget_lexicon-e8432c2636bd0cc7.rlib --cap-lints warn`
warning: `litemap` (lib) generated 1 warning (1 duplicate)
     Running `CARGO=/app/target/cpython-strict/host-tools/rustup/toolchains/nightly-2025-01-18-x86_64-unknown-linux-gnu/bin/cargo CARGO_CFG_FEATURE='' CARGO_CFG_FMT_DEBUG=full CARGO_CFG_OVERFLOW_CHECKS='' CARGO_CFG_PANIC=unwind CARGO_CFG_RELOCATION_MODEL=pic CARGO_CFG_TARGET_ABI='' CARGO_CFG_TARGET_ARCH=loongarch64 CARGO_CFG_TARGET_ENDIAN=little CARGO_CFG_TARGET_ENV=musl CARGO_CFG_TARGET_FAMILY=unix CARGO_CFG_TARGET_FEATURE=d,f,lsx CARGO_CFG_TARGET_HAS_ATOMIC=16,32,64,8,ptr CARGO_CFG_TARGET_HAS_ATOMIC_EQUAL_ALIGNMENT=16,32,64,8,ptr CARGO_CFG_TARGET_HAS_ATOMIC_LOAD_STORE=16,32,64,8,ptr CARGO_CFG_TARGET_OS=linux CARGO_CFG_TARGET_POINTER_WIDTH=64 CARGO_CFG_TARGET_THREAD_LOCAL='' CARGO_CFG_TARGET_VENDOR=unknown CARGO_CFG_UB_CHECKS='' CARGO_CFG_UNIX='' CARGO_ENCODED_RUSTFLAGS='-Ctarget-feature=-ual-Ctarget-feature=-crt-static' CARGO_MANIFEST_DIR=/app/target/cpython-strict/host-tools/cargo/registry/src/index.crates.io-1949cf8c6b5b557f/icu_locid_transform_data-1.5.1 CARGO_MANIFEST_PATH=/app/target/cpython-strict/host-tools/cargo/registry/src/index.crates.io-1949cf8c6b5b557f/icu_locid_transform_data-1.5.1/Cargo.toml CARGO_PKG_AUTHORS='The ICU4X Project Developers' CARGO_PKG_DESCRIPTION='Data for the icu_locid_transform crate' CARGO_PKG_HOMEPAGE='https://icu4x.unicode.org' CARGO_PKG_LICENSE=Unicode-3.0 CARGO_PKG_LICENSE_FILE='' CARGO_PKG_NAME=icu_locid_transform_data CARGO_PKG_README=README.md CARGO_PKG_REPOSITORY='https://github.com/unicode-org/icu4x' CARGO_PKG_RUST_VERSION=1.67 CARGO_PKG_VERSION=1.5.1 CARGO_PKG_VERSION_MAJOR=1 CARGO_PKG_VERSION_MINOR=5 CARGO_PKG_VERSION_PATCH=1 CARGO_PKG_VERSION_PRE='' DEBUG=false HOST=x86_64-unknown-linux-gnu LD_LIBRARY_PATH='/app/target/cpython-strict/build/primp-0.15.0/target/release/deps:/app/target/cpython-strict/build/primp-0.15.0/target/release:/app/target/cpython-strict/host-tools/rustup/toolchains/nightly-2025-01-18-x86_64-unknown-linux-gnu/lib/rustlib/x86_64-unknown-linux-gnu/lib:/app/target/cpython-strict/host-tools/rustup/toolchains/nightly-2025-01-18-x86_64-unknown-linux-gnu/lib:/opt/kendryte-toolchain/bin/:' NUM_JOBS=10 OPT_LEVEL=3 OUT_DIR=/app/target/cpython-strict/build/primp-0.15.0/target/loongarch64-unknown-linux-musl/release/build/icu_locid_transform_data-fa9ec29e25f831b9/out PROFILE=release RUSTC=/app/target/cpython-strict/host-tools/rustup/toolchains/nightly-2025-01-18-x86_64-unknown-linux-gnu/bin/rustc RUSTC_LINKER=/app/target/cpython-strict/cross/loongarch64-linux-musl-gcc RUSTDOC=/app/target/cpython-strict/host-tools/rustup/toolchains/nightly-2025-01-18-x86_64-unknown-linux-gnu/bin/rustdoc TARGET=loongarch64-unknown-linux-musl /app/target/cpython-strict/build/primp-0.15.0/target/release/build/icu_locid_transform_data-95fd350810fc966d/build-script-build`
   Compiling icu_properties_data v1.5.1
     Running `CARGO=/app/target/cpython-strict/host-tools/rustup/toolchains/nightly-2025-01-18-x86_64-unknown-linux-gnu/bin/cargo CARGO_CRATE_NAME=build_script_build CARGO_MANIFEST_DIR=/app/target/cpython-strict/host-tools/cargo/registry/src/index.crates.io-1949cf8c6b5b557f/icu_properties_data-1.5.1 CARGO_MANIFEST_PATH=/app/target/cpython-strict/host-tools/cargo/registry/src/index.crates.io-1949cf8c6b5b557f/icu_properties_data-1.5.1/Cargo.toml CARGO_PKG_AUTHORS='The ICU4X Project Developers' CARGO_PKG_DESCRIPTION='Data for the icu_properties crate' CARGO_PKG_HOMEPAGE='https://icu4x.unicode.org' CARGO_PKG_LICENSE=Unicode-3.0 CARGO_PKG_LICENSE_FILE='' CARGO_PKG_NAME=icu_properties_data CARGO_PKG_README=README.md CARGO_PKG_REPOSITORY='https://github.com/unicode-org/icu4x' CARGO_PKG_RUST_VERSION=1.67 CARGO_PKG_VERSION=1.5.1 CARGO_PKG_VERSION_MAJOR=1 CARGO_PKG_VERSION_MINOR=5 CARGO_PKG_VERSION_PATCH=1 CARGO_PKG_VERSION_PRE='' LD_LIBRARY_PATH='/app/target/cpython-strict/build/primp-0.15.0/target/release/deps:/app/target/cpython-strict/host-tools/rustup/toolchains/nightly-2025-01-18-x86_64-unknown-linux-gnu/lib:/opt/kendryte-toolchain/bin/:' /app/target/cpython-strict/host-tools/rustup/toolchains/nightly-2025-01-18-x86_64-unknown-linux-gnu/bin/rustc --crate-name build_script_build --edition=2021 /app/target/cpython-strict/host-tools/cargo/registry/src/index.crates.io-1949cf8c6b5b557f/icu_properties_data-1.5.1/build.rs --error-format=json --json=diagnostic-rendered-ansi,artifacts,future-incompat --crate-type bin --emit=dep-info,link -C embed-bitcode=no -C debug-assertions=off --check-cfg 'cfg(docsrs,test)' --check-cfg 'cfg(feature, values())' -C metadata=a72d181ff23240d4 -C extra-filename=-4bc84c9a596419d1 --out-dir /app/target/cpython-strict/build/primp-0.15.0/target/release/build/icu_properties_data-4bc84c9a596419d1 -C strip=symbols -L dependency=/app/target/cpython-strict/build/primp-0.15.0/target/release/deps --cap-lints warn`
warning: `futures-core` (lib) generated 1 warning (1 duplicate)
     Running `CARGO=/app/target/cpython-strict/host-tools/rustup/toolchains/nightly-2025-01-18-x86_64-unknown-linux-gnu/bin/cargo CARGO_CRATE_NAME=icu_locid_transform_data CARGO_MANIFEST_DIR=/app/target/cpython-strict/host-tools/cargo/registry/src/index.crates.io-1949cf8c6b5b557f/icu_locid_transform_data-1.5.1 CARGO_MANIFEST_PATH=/app/target/cpython-strict/host-tools/cargo/registry/src/index.crates.io-1949cf8c6b5b557f/icu_locid_transform_data-1.5.1/Cargo.toml CARGO_PKG_AUTHORS='The ICU4X Project Developers' CARGO_PKG_DESCRIPTION='Data for the icu_locid_transform crate' CARGO_PKG_HOMEPAGE='https://icu4x.unicode.org' CARGO_PKG_LICENSE=Unicode-3.0 CARGO_PKG_LICENSE_FILE='' CARGO_PKG_NAME=icu_locid_transform_data CARGO_PKG_README=README.md CARGO_PKG_REPOSITORY='https://github.com/unicode-org/icu4x' CARGO_PKG_RUST_VERSION=1.67 CARGO_PKG_VERSION=1.5.1 CARGO_PKG_VERSION_MAJOR=1 CARGO_PKG_VERSION_MINOR=5 CARGO_PKG_VERSION_PATCH=1 CARGO_PKG_VERSION_PRE='' LD_LIBRARY_PATH='/app/target/cpython-strict/build/primp-0.15.0/target/release/deps:/app/target/cpython-strict/host-tools/rustup/toolchains/nightly-2025-01-18-x86_64-unknown-linux-gnu/lib:/opt/kendryte-toolchain/bin/:' OUT_DIR=/app/target/cpython-strict/build/primp-0.15.0/target/loongarch64-unknown-linux-musl/release/build/icu_locid_transform_data-fa9ec29e25f831b9/out /app/target/cpython-strict/host-tools/rustup/toolchains/nightly-2025-01-18-x86_64-unknown-linux-gnu/bin/rustc --crate-name icu_locid_transform_data --edition=2021 /app/target/cpython-strict/host-tools/cargo/registry/src/index.crates.io-1949cf8c6b5b557f/icu_locid_transform_data-1.5.1/src/lib.rs --error-format=json --json=diagnostic-rendered-ansi,artifacts,future-incompat --crate-type lib --emit=dep-info,metadata,link -C opt-level=3 -C panic=abort -C linker-plugin-lto -C codegen-units=1 --check-cfg 'cfg(docsrs,test)' --check-cfg 'cfg(feature, values())' -C metadata=fc685b405463ae2c -C extra-filename=-e75db0dec2803d5b --out-dir /app/target/cpython-strict/build/primp-0.15.0/target/loongarch64-unknown-linux-musl/release/deps --target loongarch64-unknown-linux-musl -C linker=/app/target/cpython-strict/cross/loongarch64-linux-musl-gcc -C strip=symbols -L dependency=/app/target/cpython-strict/build/primp-0.15.0/target/loongarch64-unknown-linux-musl/release/deps -L dependency=/app/target/cpython-strict/build/primp-0.15.0/target/release/deps --cap-lints warn -C target-feature=-ual -C target-feature=-crt-static`
warning: `writeable` (lib) generated 1 warning (1 duplicate)
   Compiling signal-hook-registry v1.4.2
     Running `CARGO=/app/target/cpython-strict/host-tools/rustup/toolchains/nightly-2025-01-18-x86_64-unknown-linux-gnu/bin/cargo CARGO_CRATE_NAME=signal_hook_registry CARGO_MANIFEST_DIR=/app/target/cpython-strict/host-tools/cargo/registry/src/index.crates.io-1949cf8c6b5b557f/signal-hook-registry-1.4.2 CARGO_MANIFEST_PATH=/app/target/cpython-strict/host-tools/cargo/registry/src/index.crates.io-1949cf8c6b5b557f/signal-hook-registry-1.4.2/Cargo.toml CARGO_PKG_AUTHORS='Michal '\''vorner'\'' Vaner <vorner@vorner.cz>:Masaki Hara <ackie.h.gmai@gmail.com>' CARGO_PKG_DESCRIPTION='Backend crate for signal-hook' CARGO_PKG_HOMEPAGE='' CARGO_PKG_LICENSE=Apache-2.0/MIT CARGO_PKG_LICENSE_FILE='' CARGO_PKG_NAME=signal-hook-registry CARGO_PKG_README=README.md CARGO_PKG_REPOSITORY='https://github.com/vorner/signal-hook' CARGO_PKG_RUST_VERSION='' CARGO_PKG_VERSION=1.4.2 CARGO_PKG_VERSION_MAJOR=1 CARGO_PKG_VERSION_MINOR=4 CARGO_PKG_VERSION_PATCH=2 CARGO_PKG_VERSION_PRE='' LD_LIBRARY_PATH='/app/target/cpython-strict/build/primp-0.15.0/target/release/deps:/app/target/cpython-strict/host-tools/rustup/toolchains/nightly-2025-01-18-x86_64-unknown-linux-gnu/lib:/opt/kendryte-toolchain/bin/:' /app/target/cpython-strict/host-tools/rustup/toolchains/nightly-2025-01-18-x86_64-unknown-linux-gnu/bin/rustc --crate-name signal_hook_registry --edition=2015 /app/target/cpython-strict/host-tools/cargo/registry/src/index.crates.io-1949cf8c6b5b557f/signal-hook-registry-1.4.2/src/lib.rs --error-format=json --json=diagnostic-rendered-ansi,artifacts,future-incompat --crate-type lib --emit=dep-info,metadata,link -C opt-level=3 -C panic=abort -C linker-plugin-lto -C codegen-units=1 --check-cfg 'cfg(docsrs,test)' --check-cfg 'cfg(feature, values())' -C metadata=4129805791450e5f -C extra-filename=-fbcc1b6b1ae9f935 --out-dir /app/target/cpython-strict/build/primp-0.15.0/target/loongarch64-unknown-linux-musl/release/deps --target loongarch64-unknown-linux-musl -C linker=/app/target/cpython-strict/cross/loongarch64-linux-musl-gcc -C strip=symbols -L dependency=/app/target/cpython-strict/build/primp-0.15.0/target/loongarch64-unknown-linux-musl/release/deps -L dependency=/app/target/cpython-strict/build/primp-0.15.0/target/release/deps --extern libc=/app/target/cpython-strict/build/primp-0.15.0/target/loongarch64-unknown-linux-musl/release/deps/liblibc-528e33ec45ba290f.rmeta --cap-lints warn -C target-feature=-ual -C target-feature=-crt-static`
warning: field `0` is never read
   --> /app/target/cpython-strict/host-tools/cargo/registry/src/index.crates.io-1949cf8c6b5b557f/lock_api-0.4.12/src/lib.rs:103:24
    |
103 | pub struct GuardNoSend(*mut ());
    |            ----------- ^^^^^^^
    |            |
    |            field in this struct
    |
    = help: consider removing this field
    = note: `#[warn(dead_code)]` on by default

   Compiling socket2 v0.5.9
     Running `CARGO=/app/target/cpython-strict/host-tools/rustup/toolchains/nightly-2025-01-18-x86_64-unknown-linux-gnu/bin/cargo CARGO_CRATE_NAME=socket2 CARGO_MANIFEST_DIR=/app/target/cpython-strict/host-tools/cargo/registry/src/index.crates.io-1949cf8c6b5b557f/socket2-0.5.9 CARGO_MANIFEST_PATH=/app/target/cpython-strict/host-tools/cargo/registry/src/index.crates.io-1949cf8c6b5b557f/socket2-0.5.9/Cargo.toml CARGO_PKG_AUTHORS='Alex Crichton <alex@alexcrichton.com>:Thomas de Zeeuw <thomasdezeeuw@gmail.com>' CARGO_PKG_DESCRIPTION='Utilities for handling networking sockets with a maximal amount of configuration
possible intended.
' CARGO_PKG_HOMEPAGE='https://github.com/rust-lang/socket2' CARGO_PKG_LICENSE='MIT OR Apache-2.0' CARGO_PKG_LICENSE_FILE='' CARGO_PKG_NAME=socket2 CARGO_PKG_README=README.md CARGO_PKG_REPOSITORY='https://github.com/rust-lang/socket2' CARGO_PKG_RUST_VERSION=1.63 CARGO_PKG_VERSION=0.5.9 CARGO_PKG_VERSION_MAJOR=0 CARGO_PKG_VERSION_MINOR=5 CARGO_PKG_VERSION_PATCH=9 CARGO_PKG_VERSION_PRE='' LD_LIBRARY_PATH='/app/target/cpython-strict/build/primp-0.15.0/target/release/deps:/app/target/cpython-strict/host-tools/rustup/toolchains/nightly-2025-01-18-x86_64-unknown-linux-gnu/lib:/opt/kendryte-toolchain/bin/:' /app/target/cpython-strict/host-tools/rustup/toolchains/nightly-2025-01-18-x86_64-unknown-linux-gnu/bin/rustc --crate-name socket2 --edition=2021 /app/target/cpython-strict/host-tools/cargo/registry/src/index.crates.io-1949cf8c6b5b557f/socket2-0.5.9/src/lib.rs --error-format=json --json=diagnostic-rendered-ansi,artifacts,future-incompat --crate-type lib --emit=dep-info,metadata,link -C opt-level=3 -C panic=abort -C linker-plugin-lto -C codegen-units=1 --cfg 'feature="all"' --check-cfg 'cfg(docsrs,test)' --check-cfg 'cfg(feature, values("all"))' -C metadata=c6344e9d729d36e0 -C extra-filename=-f9fffe543c2c54e9 --out-dir /app/target/cpython-strict/build/primp-0.15.0/target/loongarch64-unknown-linux-musl/release/deps --target loongarch64-unknown-linux-musl -C linker=/app/target/cpython-strict/cross/loongarch64-linux-musl-gcc -C strip=symbols -L dependency=/app/target/cpython-strict/build/primp-0.15.0/target/loongarch64-unknown-linux-musl/release/deps -L dependency=/app/target/cpython-strict/build/primp-0.15.0/target/release/deps --extern libc=/app/target/cpython-strict/build/primp-0.15.0/target/loongarch64-unknown-linux-musl/release/deps/liblibc-528e33ec45ba290f.rmeta --cap-lints warn -C target-feature=-ual -C target-feature=-crt-static`
warning: unexpected `cfg` condition name: `icu4x_custom_data`
  --> /app/target/cpython-strict/host-tools/cargo/registry/src/index.crates.io-1949cf8c6b5b557f/icu_locid_transform_data-1.5.1/src/lib.rs:14:7
   |
14 | #[cfg(icu4x_custom_data)]
   |       ^^^^^^^^^^^^^^^^^
   |
   = help: expected names are: `clippy`, `debug_assertions`, `doc`, `docsrs`, `doctest`, `feature`, `fmt_debug`, `miri`, `overflow_checks`, `panic`, `proc_macro`, `relocation_model`, `rustfmt`, `sanitize`, `sanitizer_cfi_generalize_pointers`, `sanitizer_cfi_normalize_integers`, `target_abi`, `target_arch`, `target_endian`, `target_env`, `target_family`, `target_feature`, `target_has_atomic`, `target_has_atomic_equal_alignment`, `target_has_atomic_load_store`, `target_os`, `target_pointer_width`, `target_thread_local`, `target_vendor`, `test`, `ub_checks`, `unix`, and `windows`
   = help: consider using a Cargo feature instead
   = help: or consider adding in `Cargo.toml` the `check-cfg` lint config for the lint:
            [lints.rust]
            unexpected_cfgs = { level = "warn", check-cfg = ['cfg(icu4x_custom_data)'] }
   = help: or consider adding `println!("cargo::rustc-check-cfg=cfg(icu4x_custom_data)");` to the top of the `build.rs`
   = note: see <https://doc.rust-lang.org/nightly/rustc/check-cfg/cargo-specifics.html> for more information about checking conditional configuration
   = note: `#[warn(unexpected_cfgs)]` on by default

warning: unexpected `cfg` condition name: `icu4x_custom_data`
  --> /app/target/cpython-strict/host-tools/cargo/registry/src/index.crates.io-1949cf8c6b5b557f/icu_locid_transform_data-1.5.1/src/lib.rs:16:11
   |
16 | #[cfg(not(icu4x_custom_data))]
   |           ^^^^^^^^^^^^^^^^^
   |
   = help: consider using a Cargo feature instead
   = help: or consider adding in `Cargo.toml` the `check-cfg` lint config for the lint:
            [lints.rust]
            unexpected_cfgs = { level = "warn", check-cfg = ['cfg(icu4x_custom_data)'] }
   = help: or consider adding `println!("cargo::rustc-check-cfg=cfg(icu4x_custom_data)");` to the top of the `build.rs`
   = note: see <https://doc.rust-lang.org/nightly/rustc/check-cfg/cargo-specifics.html> for more information about checking conditional configuration

   Compiling cc v1.2.19
     Running `CARGO=/app/target/cpython-strict/host-tools/rustup/toolchains/nightly-2025-01-18-x86_64-unknown-linux-gnu/bin/cargo CARGO_CRATE_NAME=cc CARGO_MANIFEST_DIR=/app/target/cpython-strict/host-tools/cargo/registry/src/index.crates.io-1949cf8c6b5b557f/cc-1.2.19 CARGO_MANIFEST_PATH=/app/target/cpython-strict/host-tools/cargo/registry/src/index.crates.io-1949cf8c6b5b557f/cc-1.2.19/Cargo.toml CARGO_PKG_AUTHORS='Alex Crichton <alex@alexcrichton.com>' CARGO_PKG_DESCRIPTION='A build-time dependency for Cargo build scripts to assist in invoking the native
C compiler to compile native C code into a static archive to be linked into Rust
code.
' CARGO_PKG_HOMEPAGE='https://github.com/rust-lang/cc-rs' CARGO_PKG_LICENSE='MIT OR Apache-2.0' CARGO_PKG_LICENSE_FILE='' CARGO_PKG_NAME=cc CARGO_PKG_README=README.md CARGO_PKG_REPOSITORY='https://github.com/rust-lang/cc-rs' CARGO_PKG_RUST_VERSION=1.63 CARGO_PKG_VERSION=1.2.19 CARGO_PKG_VERSION_MAJOR=1 CARGO_PKG_VERSION_MINOR=2 CARGO_PKG_VERSION_PATCH=19 CARGO_PKG_VERSION_PRE='' LD_LIBRARY_PATH='/app/target/cpython-strict/build/primp-0.15.0/target/release/deps:/app/target/cpython-strict/host-tools/rustup/toolchains/nightly-2025-01-18-x86_64-unknown-linux-gnu/lib:/opt/kendryte-toolchain/bin/:' /app/target/cpython-strict/host-tools/rustup/toolchains/nightly-2025-01-18-x86_64-unknown-linux-gnu/bin/rustc --crate-name cc --edition=2018 /app/target/cpython-strict/host-tools/cargo/registry/src/index.crates.io-1949cf8c6b5b557f/cc-1.2.19/src/lib.rs --error-format=json --json=diagnostic-rendered-ansi,artifacts,future-incompat --crate-type lib --emit=dep-info,metadata,link -C embed-bitcode=no -C debug-assertions=off --cfg 'feature="parallel"' --check-cfg 'cfg(docsrs,test)' --check-cfg 'cfg(feature, values("jobserver", "parallel"))' -C metadata=ffb90aa58e7b7e00 -C extra-filename=-987fbd91ed379719 --out-dir /app/target/cpython-strict/build/primp-0.15.0/target/release/deps -C strip=symbols -L dependency=/app/target/cpython-strict/build/primp-0.15.0/target/release/deps --extern jobserver=/app/target/cpython-strict/build/primp-0.15.0/target/release/deps/libjobserver-4bb66142469680c6.rmeta --extern libc=/app/target/cpython-strict/build/primp-0.15.0/target/release/deps/liblibc-d907941c51b714b7.rmeta --extern shlex=/app/target/cpython-strict/build/primp-0.15.0/target/release/deps/libshlex-0a52e9259d25247b.rmeta --cap-lints warn`
warning: `icu_locid_transform_data` (lib) generated 3 warnings (1 duplicate)
   Compiling clang-sys v1.8.1
     Running `CARGO=/app/target/cpython-strict/host-tools/rustup/toolchains/nightly-2025-01-18-x86_64-unknown-linux-gnu/bin/cargo CARGO_CRATE_NAME=build_script_build CARGO_MANIFEST_DIR=/app/target/cpython-strict/host-tools/cargo/registry/src/index.crates.io-1949cf8c6b5b557f/clang-sys-1.8.1 CARGO_MANIFEST_PATH=/app/target/cpython-strict/host-tools/cargo/registry/src/index.crates.io-1949cf8c6b5b557f/clang-sys-1.8.1/Cargo.toml CARGO_PKG_AUTHORS='Kyle Mayes <kyle@mayeses.com>' CARGO_PKG_DESCRIPTION='Rust bindings for libclang.' CARGO_PKG_HOMEPAGE='' CARGO_PKG_LICENSE=Apache-2.0 CARGO_PKG_LICENSE_FILE='' CARGO_PKG_NAME=clang-sys CARGO_PKG_README=README.md CARGO_PKG_REPOSITORY='https://github.com/KyleMayes/clang-sys' CARGO_PKG_RUST_VERSION='' CARGO_PKG_VERSION=1.8.1 CARGO_PKG_VERSION_MAJOR=1 CARGO_PKG_VERSION_MINOR=8 CARGO_PKG_VERSION_PATCH=1 CARGO_PKG_VERSION_PRE='' LD_LIBRARY_PATH='/app/target/cpython-strict/build/primp-0.15.0/target/release/deps:/app/target/cpython-strict/host-tools/rustup/toolchains/nightly-2025-01-18-x86_64-unknown-linux-gnu/lib:/opt/kendryte-toolchain/bin/:' /app/target/cpython-strict/host-tools/rustup/toolchains/nightly-2025-01-18-x86_64-unknown-linux-gnu/bin/rustc --crate-name build_script_build --edition=2021 /app/target/cpython-strict/host-tools/cargo/registry/src/index.crates.io-1949cf8c6b5b557f/clang-sys-1.8.1/build.rs --error-format=json --json=diagnostic-rendered-ansi,artifacts,future-incompat --crate-type bin --emit=dep-info,link -C embed-bitcode=no -C debug-assertions=off --cfg 'feature="clang_3_5"' --cfg 'feature="clang_3_6"' --cfg 'feature="clang_3_7"' --cfg 'feature="clang_3_8"' --cfg 'feature="clang_3_9"' --cfg 'feature="clang_4_0"' --cfg 'feature="clang_5_0"' --cfg 'feature="clang_6_0"' --cfg 'feature="libloading"' --cfg 'feature="runtime"' --check-cfg 'cfg(docsrs,test)' --check-cfg 'cfg(feature, values("clang_10_0", "clang_11_0", "clang_12_0", "clang_13_0", "clang_14_0", "clang_15_0", "clang_16_0", "clang_17_0", "clang_18_0", "clang_3_5", "clang_3_6", "clang_3_7", "clang_3_8", "clang_3_9", "clang_4_0", "clang_5_0", "clang_6_0", "clang_7_0", "clang_8_0", "clang_9_0", "libcpp", "libloading", "runtime", "static"))' -C metadata=87b8f489ed6f61d0 -C extra-filename=-293fa02be9e418ec --out-dir /app/target/cpython-strict/build/primp-0.15.0/target/release/build/clang-sys-293fa02be9e418ec -C strip=symbols -L dependency=/app/target/cpython-strict/build/primp-0.15.0/target/release/deps --extern glob=/app/target/cpython-strict/build/primp-0.15.0/target/release/deps/libglob-c9794cebc823a11e.rlib --cap-lints warn`
warning: `lock_api` (lib) generated 8 warnings (1 duplicate)
   Compiling mio v1.0.3
     Running `CARGO=/app/target/cpython-strict/host-tools/rustup/toolchains/nightly-2025-01-18-x86_64-unknown-linux-gnu/bin/cargo CARGO_CRATE_NAME=mio CARGO_MANIFEST_DIR=/app/target/cpython-strict/host-tools/cargo/registry/src/index.crates.io-1949cf8c6b5b557f/mio-1.0.3 CARGO_MANIFEST_PATH=/app/target/cpython-strict/host-tools/cargo/registry/src/index.crates.io-1949cf8c6b5b557f/mio-1.0.3/Cargo.toml CARGO_PKG_AUTHORS='Carl Lerche <me@carllerche.com>:Thomas de Zeeuw <thomasdezeeuw@gmail.com>:Tokio Contributors <team@tokio.rs>' CARGO_PKG_DESCRIPTION='Lightweight non-blocking I/O.' CARGO_PKG_HOMEPAGE='https://github.com/tokio-rs/mio' CARGO_PKG_LICENSE=MIT CARGO_PKG_LICENSE_FILE='' CARGO_PKG_NAME=mio CARGO_PKG_README=README.md CARGO_PKG_REPOSITORY='https://github.com/tokio-rs/mio' CARGO_PKG_RUST_VERSION=1.70 CARGO_PKG_VERSION=1.0.3 CARGO_PKG_VERSION_MAJOR=1 CARGO_PKG_VERSION_MINOR=0 CARGO_PKG_VERSION_PATCH=3 CARGO_PKG_VERSION_PRE='' LD_LIBRARY_PATH='/app/target/cpython-strict/build/primp-0.15.0/target/release/deps:/app/target/cpython-strict/host-tools/rustup/toolchains/nightly-2025-01-18-x86_64-unknown-linux-gnu/lib:/opt/kendryte-toolchain/bin/:' /app/target/cpython-strict/host-tools/rustup/toolchains/nightly-2025-01-18-x86_64-unknown-linux-gnu/bin/rustc --crate-name mio --edition=2021 /app/target/cpython-strict/host-tools/cargo/registry/src/index.crates.io-1949cf8c6b5b557f/mio-1.0.3/src/lib.rs --error-format=json --json=diagnostic-rendered-ansi,artifacts,future-incompat --crate-type lib --emit=dep-info,metadata,link -C opt-level=3 -C panic=abort -C linker-plugin-lto -C codegen-units=1 --warn=unexpected_cfgs --check-cfg 'cfg(mio_unsupported_force_poll_poll)' --check-cfg 'cfg(mio_unsupported_force_waker_pipe)' --cfg 'feature="net"' --cfg 'feature="os-ext"' --cfg 'feature="os-poll"' --check-cfg 'cfg(docsrs,test)' --check-cfg 'cfg(feature, values("default", "log", "net", "os-ext", "os-poll"))' -C metadata=03b4a1c4dfe6a373 -C extra-filename=-b2b5a08e82d9ad4a --out-dir /app/target/cpython-strict/build/primp-0.15.0/target/loongarch64-unknown-linux-musl/release/deps --target loongarch64-unknown-linux-musl -C linker=/app/target/cpython-strict/cross/loongarch64-linux-musl-gcc -C strip=symbols -L dependency=/app/target/cpython-strict/build/primp-0.15.0/target/loongarch64-unknown-linux-musl/release/deps -L dependency=/app/target/cpython-strict/build/primp-0.15.0/target/release/deps --extern libc=/app/target/cpython-strict/build/primp-0.15.0/target/loongarch64-unknown-linux-musl/release/deps/liblibc-528e33ec45ba290f.rmeta --cap-lints warn -C target-feature=-ual -C target-feature=-crt-static`
   Compiling syn v2.0.100
     Running `CARGO=/app/target/cpython-strict/host-tools/rustup/toolchains/nightly-2025-01-18-x86_64-unknown-linux-gnu/bin/cargo CARGO_CRATE_NAME=syn CARGO_MANIFEST_DIR=/app/target/cpython-strict/host-tools/cargo/registry/src/index.crates.io-1949cf8c6b5b557f/syn-2.0.100 CARGO_MANIFEST_PATH=/app/target/cpython-strict/host-tools/cargo/registry/src/index.crates.io-1949cf8c6b5b557f/syn-2.0.100/Cargo.toml CARGO_PKG_AUTHORS='David Tolnay <dtolnay@gmail.com>' CARGO_PKG_DESCRIPTION='Parser for Rust source code' CARGO_PKG_HOMEPAGE='' CARGO_PKG_LICENSE='MIT OR Apache-2.0' CARGO_PKG_LICENSE_FILE='' CARGO_PKG_NAME=syn CARGO_PKG_README=README.md CARGO_PKG_REPOSITORY='https://github.com/dtolnay/syn' CARGO_PKG_RUST_VERSION=1.61 CARGO_PKG_VERSION=2.0.100 CARGO_PKG_VERSION_MAJOR=2 CARGO_PKG_VERSION_MINOR=0 CARGO_PKG_VERSION_PATCH=100 CARGO_PKG_VERSION_PRE='' LD_LIBRARY_PATH='/app/target/cpython-strict/build/primp-0.15.0/target/release/deps:/app/target/cpython-strict/host-tools/rustup/toolchains/nightly-2025-01-18-x86_64-unknown-linux-gnu/lib:/opt/kendryte-toolchain/bin/:' /app/target/cpython-strict/host-tools/rustup/toolchains/nightly-2025-01-18-x86_64-unknown-linux-gnu/bin/rustc --crate-name syn --edition=2021 /app/target/cpython-strict/host-tools/cargo/registry/src/index.crates.io-1949cf8c6b5b557f/syn-2.0.100/src/lib.rs --error-format=json --json=diagnostic-rendered-ansi,artifacts,future-incompat --crate-type lib --emit=dep-info,metadata,link -C embed-bitcode=no -C debug-assertions=off --cfg 'feature="clone-impls"' --cfg 'feature="default"' --cfg 'feature="derive"' --cfg 'feature="extra-traits"' --cfg 'feature="fold"' --cfg 'feature="full"' --cfg 'feature="parsing"' --cfg 'feature="printing"' --cfg 'feature="proc-macro"' --cfg 'feature="visit"' --cfg 'feature="visit-mut"' --check-cfg 'cfg(docsrs,test)' --check-cfg 'cfg(feature, values("clone-impls", "default", "derive", "extra-traits", "fold", "full", "parsing", "printing", "proc-macro", "test", "visit", "visit-mut"))' -C metadata=02b98bb945c2c9b9 -C extra-filename=-4f64c6980b94321d --out-dir /app/target/cpython-strict/build/primp-0.15.0/target/release/deps -C strip=symbols -L dependency=/app/target/cpython-strict/build/primp-0.15.0/target/release/deps --extern proc_macro2=/app/target/cpython-strict/build/primp-0.15.0/target/release/deps/libproc_macro2-9db364b059323b41.rmeta --extern quote=/app/target/cpython-strict/build/primp-0.15.0/target/release/deps/libquote-430fd29c5f10253f.rmeta --extern unicode_ident=/app/target/cpython-strict/build/primp-0.15.0/target/release/deps/libunicode_ident-687bb67aea9472ba.rmeta --cap-lints warn`
warning: creating a shared reference to mutable static is discouraged
   --> /app/target/cpython-strict/host-tools/cargo/registry/src/index.crates.io-1949cf8c6b5b557f/signal-hook-registry-1.4.2/src/lib.rs:291:18
    |
291 |         unsafe { GLOBAL_DATA.as_ref().unwrap() }
    |                  ^^^^^^^^^^^^^^^^^^^^ shared reference to mutable static
    |
    = note: for more information, see <https://doc.rust-lang.org/nightly/edition-guide/rust-2024/static-mut-references.html>
    = note: shared references to mutable statics are dangerous; it's undefined behavior if the static is mutated or if a mutable reference is created for it while the shared reference lives
    = note: `#[warn(static_mut_refs)]` on by default

warning: `parking_lot_core` (lib) generated 5 warnings (1 duplicate)
   Compiling parking_lot v0.12.3
     Running `CARGO=/app/target/cpython-strict/host-tools/rustup/toolchains/nightly-2025-01-18-x86_64-unknown-linux-gnu/bin/cargo CARGO_CRATE_NAME=parking_lot CARGO_MANIFEST_DIR=/app/target/cpython-strict/host-tools/cargo/registry/src/index.crates.io-1949cf8c6b5b557f/parking_lot-0.12.3 CARGO_MANIFEST_PATH=/app/target/cpython-strict/host-tools/cargo/registry/src/index.crates.io-1949cf8c6b5b557f/parking_lot-0.12.3/Cargo.toml CARGO_PKG_AUTHORS='Amanieu d'\''Antras <amanieu@gmail.com>' CARGO_PKG_DESCRIPTION='More compact and efficient implementations of the standard synchronization primitives.' CARGO_PKG_HOMEPAGE='' CARGO_PKG_LICENSE='MIT OR Apache-2.0' CARGO_PKG_LICENSE_FILE='' CARGO_PKG_NAME=parking_lot CARGO_PKG_README=README.md CARGO_PKG_REPOSITORY='https://github.com/Amanieu/parking_lot' CARGO_PKG_RUST_VERSION=1.56 CARGO_PKG_VERSION=0.12.3 CARGO_PKG_VERSION_MAJOR=0 CARGO_PKG_VERSION_MINOR=12 CARGO_PKG_VERSION_PATCH=3 CARGO_PKG_VERSION_PRE='' LD_LIBRARY_PATH='/app/target/cpython-strict/build/primp-0.15.0/target/release/deps:/app/target/cpython-strict/host-tools/rustup/toolchains/nightly-2025-01-18-x86_64-unknown-linux-gnu/lib:/opt/kendryte-toolchain/bin/:' /app/target/cpython-strict/host-tools/rustup/toolchains/nightly-2025-01-18-x86_64-unknown-linux-gnu/bin/rustc --crate-name parking_lot --edition=2021 /app/target/cpython-strict/host-tools/cargo/registry/src/index.crates.io-1949cf8c6b5b557f/parking_lot-0.12.3/src/lib.rs --error-format=json --json=diagnostic-rendered-ansi,artifacts,future-incompat --crate-type lib --emit=dep-info,metadata,link -C opt-level=3 -C panic=abort -C linker-plugin-lto -C codegen-units=1 --cfg 'feature="default"' --check-cfg 'cfg(docsrs,test)' --check-cfg 'cfg(feature, values("arc_lock", "deadlock_detection", "default", "hardware-lock-elision", "nightly", "owning_ref", "send_guard", "serde"))' -C metadata=85001f9ae16e9668 -C extra-filename=-367baf77b5c66b29 --out-dir /app/target/cpython-strict/build/primp-0.15.0/target/loongarch64-unknown-linux-musl/release/deps --target loongarch64-unknown-linux-musl -C linker=/app/target/cpython-strict/cross/loongarch64-linux-musl-gcc -C strip=symbols -L dependency=/app/target/cpython-strict/build/primp-0.15.0/target/loongarch64-unknown-linux-musl/release/deps -L dependency=/app/target/cpython-strict/build/primp-0.15.0/target/release/deps --extern lock_api=/app/target/cpython-strict/build/primp-0.15.0/target/loongarch64-unknown-linux-musl/release/deps/liblock_api-ef38b7069f4c2cd3.rmeta --extern parking_lot_core=/app/target/cpython-strict/build/primp-0.15.0/target/loongarch64-unknown-linux-musl/release/deps/libparking_lot_core-98e7b6a78a85803c.rmeta --cap-lints warn -C target-feature=-ual -C target-feature=-crt-static`
   Compiling memchr v2.7.4
     Running `CARGO=/app/target/cpython-strict/host-tools/rustup/toolchains/nightly-2025-01-18-x86_64-unknown-linux-gnu/bin/cargo CARGO_CRATE_NAME=memchr CARGO_MANIFEST_DIR=/app/target/cpython-strict/host-tools/cargo/registry/src/index.crates.io-1949cf8c6b5b557f/memchr-2.7.4 CARGO_MANIFEST_PATH=/app/target/cpython-strict/host-tools/cargo/registry/src/index.crates.io-1949cf8c6b5b557f/memchr-2.7.4/Cargo.toml CARGO_PKG_AUTHORS='Andrew Gallant <jamslam@gmail.com>:bluss' CARGO_PKG_DESCRIPTION='Provides extremely fast (uses SIMD on x86_64, aarch64 and wasm32) routines for
1, 2 or 3 byte search and single substring search.
' CARGO_PKG_HOMEPAGE='https://github.com/BurntSushi/memchr' CARGO_PKG_LICENSE='Unlicense OR MIT' CARGO_PKG_LICENSE_FILE='' CARGO_PKG_NAME=memchr CARGO_PKG_README=README.md CARGO_PKG_REPOSITORY='https://github.com/BurntSushi/memchr' CARGO_PKG_RUST_VERSION=1.61 CARGO_PKG_VERSION=2.7.4 CARGO_PKG_VERSION_MAJOR=2 CARGO_PKG_VERSION_MINOR=7 CARGO_PKG_VERSION_PATCH=4 CARGO_PKG_VERSION_PRE='' LD_LIBRARY_PATH='/app/target/cpython-strict/build/primp-0.15.0/target/release/deps:/app/target/cpython-strict/host-tools/rustup/toolchains/nightly-2025-01-18-x86_64-unknown-linux-gnu/lib:/opt/kendryte-toolchain/bin/:' /app/target/cpython-strict/host-tools/rustup/toolchains/nightly-2025-01-18-x86_64-unknown-linux-gnu/bin/rustc --crate-name memchr --edition=2021 /app/target/cpython-strict/host-tools/cargo/registry/src/index.crates.io-1949cf8c6b5b557f/memchr-2.7.4/src/lib.rs --error-format=json --json=diagnostic-rendered-ansi,artifacts,future-incompat --crate-type lib --emit=dep-info,metadata,link -C embed-bitcode=no -C debug-assertions=off --cfg 'feature="alloc"' --cfg 'feature="std"' --check-cfg 'cfg(docsrs,test)' --check-cfg 'cfg(feature, values("alloc", "compiler_builtins", "core", "default", "libc", "logging", "rustc-dep-of-std", "std", "use_std"))' -C metadata=c5c222f05f9c3499 -C extra-filename=-2b8917245a329f0e --out-dir /app/target/cpython-strict/build/primp-0.15.0/target/release/deps -C strip=symbols -L dependency=/app/target/cpython-strict/build/primp-0.15.0/target/release/deps --cap-lints warn`
     Running `CARGO=/app/target/cpython-strict/host-tools/rustup/toolchains/nightly-2025-01-18-x86_64-unknown-linux-gnu/bin/cargo CARGO_CFG_FEATURE='' CARGO_CFG_FMT_DEBUG=full CARGO_CFG_OVERFLOW_CHECKS='' CARGO_CFG_PANIC=unwind CARGO_CFG_RELOCATION_MODEL=pic CARGO_CFG_TARGET_ABI='' CARGO_CFG_TARGET_ARCH=loongarch64 CARGO_CFG_TARGET_ENDIAN=little CARGO_CFG_TARGET_ENV=musl CARGO_CFG_TARGET_FAMILY=unix CARGO_CFG_TARGET_FEATURE=d,f,lsx CARGO_CFG_TARGET_HAS_ATOMIC=16,32,64,8,ptr CARGO_CFG_TARGET_HAS_ATOMIC_EQUAL_ALIGNMENT=16,32,64,8,ptr CARGO_CFG_TARGET_HAS_ATOMIC_LOAD_STORE=16,32,64,8,ptr CARGO_CFG_TARGET_OS=linux CARGO_CFG_TARGET_POINTER_WIDTH=64 CARGO_CFG_TARGET_THREAD_LOCAL='' CARGO_CFG_TARGET_VENDOR=unknown CARGO_CFG_UB_CHECKS='' CARGO_CFG_UNIX='' CARGO_ENCODED_RUSTFLAGS='-Ctarget-feature=-ual-Ctarget-feature=-crt-static' CARGO_MANIFEST_DIR=/app/target/cpython-strict/host-tools/cargo/registry/src/index.crates.io-1949cf8c6b5b557f/icu_properties_data-1.5.1 CARGO_MANIFEST_PATH=/app/target/cpython-strict/host-tools/cargo/registry/src/index.crates.io-1949cf8c6b5b557f/icu_properties_data-1.5.1/Cargo.toml CARGO_PKG_AUTHORS='The ICU4X Project Developers' CARGO_PKG_DESCRIPTION='Data for the icu_properties crate' CARGO_PKG_HOMEPAGE='https://icu4x.unicode.org' CARGO_PKG_LICENSE=Unicode-3.0 CARGO_PKG_LICENSE_FILE='' CARGO_PKG_NAME=icu_properties_data CARGO_PKG_README=README.md CARGO_PKG_REPOSITORY='https://github.com/unicode-org/icu4x' CARGO_PKG_RUST_VERSION=1.67 CARGO_PKG_VERSION=1.5.1 CARGO_PKG_VERSION_MAJOR=1 CARGO_PKG_VERSION_MINOR=5 CARGO_PKG_VERSION_PATCH=1 CARGO_PKG_VERSION_PRE='' DEBUG=false HOST=x86_64-unknown-linux-gnu LD_LIBRARY_PATH='/app/target/cpython-strict/build/primp-0.15.0/target/release/deps:/app/target/cpython-strict/build/primp-0.15.0/target/release:/app/target/cpython-strict/host-tools/rustup/toolchains/nightly-2025-01-18-x86_64-unknown-linux-gnu/lib/rustlib/x86_64-unknown-linux-gnu/lib:/app/target/cpython-strict/host-tools/rustup/toolchains/nightly-2025-01-18-x86_64-unknown-linux-gnu/lib:/opt/kendryte-toolchain/bin/:' NUM_JOBS=10 OPT_LEVEL=3 OUT_DIR=/app/target/cpython-strict/build/primp-0.15.0/target/loongarch64-unknown-linux-musl/release/build/icu_properties_data-53095d136ee028fa/out PROFILE=release RUSTC=/app/target/cpython-strict/host-tools/rustup/toolchains/nightly-2025-01-18-x86_64-unknown-linux-gnu/bin/rustc RUSTC_LINKER=/app/target/cpython-strict/cross/loongarch64-linux-musl-gcc RUSTDOC=/app/target/cpython-strict/host-tools/rustup/toolchains/nightly-2025-01-18-x86_64-unknown-linux-gnu/bin/rustdoc TARGET=loongarch64-unknown-linux-musl /app/target/cpython-strict/build/primp-0.15.0/target/release/build/icu_properties_data-4bc84c9a596419d1/build-script-build`
   Compiling minimal-lexical v0.2.1
     Running `CARGO=/app/target/cpython-strict/host-tools/rustup/toolchains/nightly-2025-01-18-x86_64-unknown-linux-gnu/bin/cargo CARGO_CRATE_NAME=minimal_lexical CARGO_MANIFEST_DIR=/app/target/cpython-strict/host-tools/cargo/registry/src/index.crates.io-1949cf8c6b5b557f/minimal-lexical-0.2.1 CARGO_MANIFEST_PATH=/app/target/cpython-strict/host-tools/cargo/registry/src/index.crates.io-1949cf8c6b5b557f/minimal-lexical-0.2.1/Cargo.toml CARGO_PKG_AUTHORS='Alex Huszagh <ahuszagh@gmail.com>' CARGO_PKG_DESCRIPTION='Fast float parsing conversion routines.' CARGO_PKG_HOMEPAGE='' CARGO_PKG_LICENSE=MIT/Apache-2.0 CARGO_PKG_LICENSE_FILE='' CARGO_PKG_NAME=minimal-lexical CARGO_PKG_README=README.md CARGO_PKG_REPOSITORY='https://github.com/Alexhuszagh/minimal-lexical' CARGO_PKG_RUST_VERSION='' CARGO_PKG_VERSION=0.2.1 CARGO_PKG_VERSION_MAJOR=0 CARGO_PKG_VERSION_MINOR=2 CARGO_PKG_VERSION_PATCH=1 CARGO_PKG_VERSION_PRE='' LD_LIBRARY_PATH='/app/target/cpython-strict/build/primp-0.15.0/target/release/deps:/app/target/cpython-strict/host-tools/rustup/toolchains/nightly-2025-01-18-x86_64-unknown-linux-gnu/lib:/opt/kendryte-toolchain/bin/:' /app/target/cpython-strict/host-tools/rustup/toolchains/nightly-2025-01-18-x86_64-unknown-linux-gnu/bin/rustc --crate-name minimal_lexical --edition=2018 /app/target/cpython-strict/host-tools/cargo/registry/src/index.crates.io-1949cf8c6b5b557f/minimal-lexical-0.2.1/src/lib.rs --error-format=json --json=diagnostic-rendered-ansi,artifacts,future-incompat --crate-type lib --emit=dep-info,metadata,link -C embed-bitcode=no -C debug-assertions=off --cfg 'feature="std"' --check-cfg 'cfg(docsrs,test)' --check-cfg 'cfg(feature, values("alloc", "compact", "default", "lint", "nightly", "std"))' -C metadata=2673519703e0a993 -C extra-filename=-a5854417932c1a3d --out-dir /app/target/cpython-strict/build/primp-0.15.0/target/release/deps -C strip=symbols -L dependency=/app/target/cpython-strict/build/primp-0.15.0/target/release/deps --cap-lints warn`
warning: `signal-hook-registry` (lib) generated 2 warnings (1 duplicate)
   Compiling siphasher v1.0.1
     Running `CARGO=/app/target/cpython-strict/host-tools/rustup/toolchains/nightly-2025-01-18-x86_64-unknown-linux-gnu/bin/cargo CARGO_CRATE_NAME=siphasher CARGO_MANIFEST_DIR=/app/target/cpython-strict/host-tools/cargo/registry/src/index.crates.io-1949cf8c6b5b557f/siphasher-1.0.1 CARGO_MANIFEST_PATH=/app/target/cpython-strict/host-tools/cargo/registry/src/index.crates.io-1949cf8c6b5b557f/siphasher-1.0.1/Cargo.toml CARGO_PKG_AUTHORS='Frank Denis <github@pureftpd.org>' CARGO_PKG_DESCRIPTION='SipHash-2-4, SipHash-1-3 and 128-bit variants in pure Rust' CARGO_PKG_HOMEPAGE='https://docs.rs/siphasher' CARGO_PKG_LICENSE=MIT/Apache-2.0 CARGO_PKG_LICENSE_FILE='' CARGO_PKG_NAME=siphasher CARGO_PKG_README=README.md CARGO_PKG_REPOSITORY='https://github.com/jedisct1/rust-siphash' CARGO_PKG_RUST_VERSION='' CARGO_PKG_VERSION=1.0.1 CARGO_PKG_VERSION_MAJOR=1 CARGO_PKG_VERSION_MINOR=0 CARGO_PKG_VERSION_PATCH=1 CARGO_PKG_VERSION_PRE='' LD_LIBRARY_PATH='/app/target/cpython-strict/build/primp-0.15.0/target/release/deps:/app/target/cpython-strict/host-tools/rustup/toolchains/nightly-2025-01-18-x86_64-unknown-linux-gnu/lib:/opt/kendryte-toolchain/bin/:' /app/target/cpython-strict/host-tools/rustup/toolchains/nightly-2025-01-18-x86_64-unknown-linux-gnu/bin/rustc --crate-name siphasher --edition=2018 /app/target/cpython-strict/host-tools/cargo/registry/src/index.crates.io-1949cf8c6b5b557f/siphasher-1.0.1/src/lib.rs --error-format=json --json=diagnostic-rendered-ansi,artifacts,future-incompat --crate-type lib --emit=dep-info,metadata,link -C embed-bitcode=no -C debug-assertions=off --cfg 'feature="default"' --cfg 'feature="std"' --check-cfg 'cfg(docsrs,test)' --check-cfg 'cfg(feature, values("default", "serde", "serde_json", "serde_no_std", "serde_std", "std"))' -C metadata=50e182d21651fb56 -C extra-filename=-638f0721e384db32 --out-dir /app/target/cpython-strict/build/primp-0.15.0/target/release/deps -C strip=symbols -L dependency=/app/target/cpython-strict/build/primp-0.15.0/target/release/deps --cap-lints warn`
     Running `CARGO=/app/target/cpython-strict/host-tools/rustup/toolchains/nightly-2025-01-18-x86_64-unknown-linux-gnu/bin/cargo CARGO_CFG_FEATURE=clang_3_5,clang_3_6,clang_3_7,clang_3_8,clang_3_9,clang_4_0,clang_5_0,clang_6_0,libloading,runtime CARGO_CFG_FMT_DEBUG=full CARGO_CFG_OVERFLOW_CHECKS='' CARGO_CFG_PANIC=unwind CARGO_CFG_RELOCATION_MODEL=pic CARGO_CFG_TARGET_ABI='' CARGO_CFG_TARGET_ARCH=x86_64 CARGO_CFG_TARGET_ENDIAN=little CARGO_CFG_TARGET_ENV=gnu CARGO_CFG_TARGET_FAMILY=unix CARGO_CFG_TARGET_FEATURE=fxsr,sse,sse2,x87 CARGO_CFG_TARGET_HAS_ATOMIC=16,32,64,8,ptr CARGO_CFG_TARGET_HAS_ATOMIC_EQUAL_ALIGNMENT=16,32,64,8,ptr CARGO_CFG_TARGET_HAS_ATOMIC_LOAD_STORE=16,32,64,8,ptr CARGO_CFG_TARGET_OS=linux CARGO_CFG_TARGET_POINTER_WIDTH=64 CARGO_CFG_TARGET_THREAD_LOCAL='' CARGO_CFG_TARGET_VENDOR=unknown CARGO_CFG_UB_CHECKS='' CARGO_CFG_UNIX='' CARGO_ENCODED_RUSTFLAGS='' CARGO_FEATURE_CLANG_3_5=1 CARGO_FEATURE_CLANG_3_6=1 CARGO_FEATURE_CLANG_3_7=1 CARGO_FEATURE_CLANG_3_8=1 CARGO_FEATURE_CLANG_3_9=1 CARGO_FEATURE_CLANG_4_0=1 CARGO_FEATURE_CLANG_5_0=1 CARGO_FEATURE_CLANG_6_0=1 CARGO_FEATURE_LIBLOADING=1 CARGO_FEATURE_RUNTIME=1 CARGO_MANIFEST_DIR=/app/target/cpython-strict/host-tools/cargo/registry/src/index.crates.io-1949cf8c6b5b557f/clang-sys-1.8.1 CARGO_MANIFEST_LINKS=clang CARGO_MANIFEST_PATH=/app/target/cpython-strict/host-tools/cargo/registry/src/index.crates.io-1949cf8c6b5b557f/clang-sys-1.8.1/Cargo.toml CARGO_PKG_AUTHORS='Kyle Mayes <kyle@mayeses.com>' CARGO_PKG_DESCRIPTION='Rust bindings for libclang.' CARGO_PKG_HOMEPAGE='' CARGO_PKG_LICENSE=Apache-2.0 CARGO_PKG_LICENSE_FILE='' CARGO_PKG_NAME=clang-sys CARGO_PKG_README=README.md CARGO_PKG_REPOSITORY='https://github.com/KyleMayes/clang-sys' CARGO_PKG_RUST_VERSION='' CARGO_PKG_VERSION=1.8.1 CARGO_PKG_VERSION_MAJOR=1 CARGO_PKG_VERSION_MINOR=8 CARGO_PKG_VERSION_PATCH=1 CARGO_PKG_VERSION_PRE='' DEBUG=false HOST=x86_64-unknown-linux-gnu LD_LIBRARY_PATH='/app/target/cpython-strict/build/primp-0.15.0/target/release/deps:/app/target/cpython-strict/build/primp-0.15.0/target/release:/app/target/cpython-strict/host-tools/rustup/toolchains/nightly-2025-01-18-x86_64-unknown-linux-gnu/lib/rustlib/x86_64-unknown-linux-gnu/lib:/app/target/cpython-strict/host-tools/rustup/toolchains/nightly-2025-01-18-x86_64-unknown-linux-gnu/lib:/opt/kendryte-toolchain/bin/:' NUM_JOBS=10 OPT_LEVEL=0 OUT_DIR=/app/target/cpython-strict/build/primp-0.15.0/target/release/build/clang-sys-aed36a3e5585f884/out PROFILE=release RUSTC=/app/target/cpython-strict/host-tools/rustup/toolchains/nightly-2025-01-18-x86_64-unknown-linux-gnu/bin/rustc RUSTDOC=/app/target/cpython-strict/host-tools/rustup/toolchains/nightly-2025-01-18-x86_64-unknown-linux-gnu/bin/rustdoc TARGET=x86_64-unknown-linux-gnu /app/target/cpython-strict/build/primp-0.15.0/target/release/build/clang-sys-293fa02be9e418ec/build-script-build`
   Compiling icu_normalizer_data v1.5.1
     Running `CARGO=/app/target/cpython-strict/host-tools/rustup/toolchains/nightly-2025-01-18-x86_64-unknown-linux-gnu/bin/cargo CARGO_CRATE_NAME=build_script_build CARGO_MANIFEST_DIR=/app/target/cpython-strict/host-tools/cargo/registry/src/index.crates.io-1949cf8c6b5b557f/icu_normalizer_data-1.5.1 CARGO_MANIFEST_PATH=/app/target/cpython-strict/host-tools/cargo/registry/src/index.crates.io-1949cf8c6b5b557f/icu_normalizer_data-1.5.1/Cargo.toml CARGO_PKG_AUTHORS='The ICU4X Project Developers' CARGO_PKG_DESCRIPTION='Data for the icu_normalizer crate' CARGO_PKG_HOMEPAGE='https://icu4x.unicode.org' CARGO_PKG_LICENSE=Unicode-3.0 CARGO_PKG_LICENSE_FILE='' CARGO_PKG_NAME=icu_normalizer_data CARGO_PKG_README=README.md CARGO_PKG_REPOSITORY='https://github.com/unicode-org/icu4x' CARGO_PKG_RUST_VERSION=1.67 CARGO_PKG_VERSION=1.5.1 CARGO_PKG_VERSION_MAJOR=1 CARGO_PKG_VERSION_MINOR=5 CARGO_PKG_VERSION_PATCH=1 CARGO_PKG_VERSION_PRE='' LD_LIBRARY_PATH='/app/target/cpython-strict/build/primp-0.15.0/target/release/deps:/app/target/cpython-strict/host-tools/rustup/toolchains/nightly-2025-01-18-x86_64-unknown-linux-gnu/lib:/opt/kendryte-toolchain/bin/:' /app/target/cpython-strict/host-tools/rustup/toolchains/nightly-2025-01-18-x86_64-unknown-linux-gnu/bin/rustc --crate-name build_script_build --edition=2021 /app/target/cpython-strict/host-tools/cargo/registry/src/index.crates.io-1949cf8c6b5b557f/icu_normalizer_data-1.5.1/build.rs --error-format=json --json=diagnostic-rendered-ansi,artifacts,future-incompat --crate-type bin --emit=dep-info,link -C embed-bitcode=no -C debug-assertions=off --check-cfg 'cfg(docsrs,test)' --check-cfg 'cfg(feature, values())' -C metadata=ff14806aaeb24625 -C extra-filename=-bd03d235105417da --out-dir /app/target/cpython-strict/build/primp-0.15.0/target/release/build/icu_normalizer_data-bd03d235105417da -C strip=symbols -L dependency=/app/target/cpython-strict/build/primp-0.15.0/target/release/deps --cap-lints warn`
     Running `CARGO=/app/target/cpython-strict/host-tools/rustup/toolchains/nightly-2025-01-18-x86_64-unknown-linux-gnu/bin/cargo CARGO_CFG_FEATURE=abi3,abi3-py310,abi3-py311,abi3-py312,abi3-py313,abi3-py38,abi3-py39,default,extension-module,resolve-config CARGO_CFG_FMT_DEBUG=full CARGO_CFG_OVERFLOW_CHECKS='' CARGO_CFG_PANIC=unwind CARGO_CFG_RELOCATION_MODEL=pic CARGO_CFG_TARGET_ABI='' CARGO_CFG_TARGET_ARCH=x86_64 CARGO_CFG_TARGET_ENDIAN=little CARGO_CFG_TARGET_ENV=gnu CARGO_CFG_TARGET_FAMILY=unix CARGO_CFG_TARGET_FEATURE=fxsr,sse,sse2,x87 CARGO_CFG_TARGET_HAS_ATOMIC=16,32,64,8,ptr CARGO_CFG_TARGET_HAS_ATOMIC_EQUAL_ALIGNMENT=16,32,64,8,ptr CARGO_CFG_TARGET_HAS_ATOMIC_LOAD_STORE=16,32,64,8,ptr CARGO_CFG_TARGET_OS=linux CARGO_CFG_TARGET_POINTER_WIDTH=64 CARGO_CFG_TARGET_THREAD_LOCAL='' CARGO_CFG_TARGET_VENDOR=unknown CARGO_CFG_UB_CHECKS='' CARGO_CFG_UNIX='' CARGO_ENCODED_RUSTFLAGS='' CARGO_FEATURE_ABI3=1 CARGO_FEATURE_ABI3_PY310=1 CARGO_FEATURE_ABI3_PY311=1 CARGO_FEATURE_ABI3_PY312=1 CARGO_FEATURE_ABI3_PY313=1 CARGO_FEATURE_ABI3_PY38=1 CARGO_FEATURE_ABI3_PY39=1 CARGO_FEATURE_DEFAULT=1 CARGO_FEATURE_EXTENSION_MODULE=1 CARGO_FEATURE_RESOLVE_CONFIG=1 CARGO_MANIFEST_DIR=/app/target/cpython-strict/host-tools/cargo/registry/src/index.crates.io-1949cf8c6b5b557f/pyo3-build-config-0.24.1 CARGO_MANIFEST_PATH=/app/target/cpython-strict/host-tools/cargo/registry/src/index.crates.io-1949cf8c6b5b557f/pyo3-build-config-0.24.1/Cargo.toml CARGO_PKG_AUTHORS='PyO3 Project and Contributors <https://github.com/PyO3>' CARGO_PKG_DESCRIPTION='Build configuration for the PyO3 ecosystem' CARGO_PKG_HOMEPAGE='https://github.com/pyo3/pyo3' CARGO_PKG_LICENSE='MIT OR Apache-2.0' CARGO_PKG_LICENSE_FILE='' CARGO_PKG_NAME=pyo3-build-config CARGO_PKG_README='' CARGO_PKG_REPOSITORY='https://github.com/pyo3/pyo3' CARGO_PKG_RUST_VERSION=1.63 CARGO_PKG_VERSION=0.24.1 CARGO_PKG_VERSION_MAJOR=0 CARGO_PKG_VERSION_MINOR=24 CARGO_PKG_VERSION_PATCH=1 CARGO_PKG_VERSION_PRE='' DEBUG=false HOST=x86_64-unknown-linux-gnu LD_LIBRARY_PATH='/app/target/cpython-strict/build/primp-0.15.0/target/release/deps:/app/target/cpython-strict/build/primp-0.15.0/target/release:/app/target/cpython-strict/host-tools/rustup/toolchains/nightly-2025-01-18-x86_64-unknown-linux-gnu/lib/rustlib/x86_64-unknown-linux-gnu/lib:/app/target/cpython-strict/host-tools/rustup/toolchains/nightly-2025-01-18-x86_64-unknown-linux-gnu/lib:/opt/kendryte-toolchain/bin/:' NUM_JOBS=10 OPT_LEVEL=0 OUT_DIR=/app/target/cpython-strict/build/primp-0.15.0/target/release/build/pyo3-build-config-26f1f11876f86d44/out PROFILE=release RUSTC=/app/target/cpython-strict/host-tools/rustup/toolchains/nightly-2025-01-18-x86_64-unknown-linux-gnu/bin/rustc RUSTDOC=/app/target/cpython-strict/host-tools/rustup/toolchains/nightly-2025-01-18-x86_64-unknown-linux-gnu/bin/rustdoc TARGET=x86_64-unknown-linux-gnu /app/target/cpython-strict/build/primp-0.15.0/target/release/build/pyo3-build-config-f746212ae25355bd/build-script-build`
     Running `CARGO=/app/target/cpython-strict/host-tools/rustup/toolchains/nightly-2025-01-18-x86_64-unknown-linux-gnu/bin/cargo CARGO_CRATE_NAME=pyo3_build_config CARGO_MANIFEST_DIR=/app/target/cpython-strict/host-tools/cargo/registry/src/index.crates.io-1949cf8c6b5b557f/pyo3-build-config-0.24.1 CARGO_MANIFEST_PATH=/app/target/cpython-strict/host-tools/cargo/registry/src/index.crates.io-1949cf8c6b5b557f/pyo3-build-config-0.24.1/Cargo.toml CARGO_PKG_AUTHORS='PyO3 Project and Contributors <https://github.com/PyO3>' CARGO_PKG_DESCRIPTION='Build configuration for the PyO3 ecosystem' CARGO_PKG_HOMEPAGE='https://github.com/pyo3/pyo3' CARGO_PKG_LICENSE='MIT OR Apache-2.0' CARGO_PKG_LICENSE_FILE='' CARGO_PKG_NAME=pyo3-build-config CARGO_PKG_README='' CARGO_PKG_REPOSITORY='https://github.com/pyo3/pyo3' CARGO_PKG_RUST_VERSION=1.63 CARGO_PKG_VERSION=0.24.1 CARGO_PKG_VERSION_MAJOR=0 CARGO_PKG_VERSION_MINOR=24 CARGO_PKG_VERSION_PATCH=1 CARGO_PKG_VERSION_PRE='' LD_LIBRARY_PATH='/app/target/cpython-strict/build/primp-0.15.0/target/release/deps:/app/target/cpython-strict/host-tools/rustup/toolchains/nightly-2025-01-18-x86_64-unknown-linux-gnu/lib:/opt/kendryte-toolchain/bin/:' OUT_DIR=/app/target/cpython-strict/build/primp-0.15.0/target/release/build/pyo3-build-config-26f1f11876f86d44/out /app/target/cpython-strict/host-tools/rustup/toolchains/nightly-2025-01-18-x86_64-unknown-linux-gnu/bin/rustc --crate-name pyo3_build_config --edition=2021 /app/target/cpython-strict/host-tools/cargo/registry/src/index.crates.io-1949cf8c6b5b557f/pyo3-build-config-0.24.1/src/lib.rs --error-format=json --json=diagnostic-rendered-ansi,artifacts,future-incompat --crate-type lib --emit=dep-info,metadata,link -C embed-bitcode=no -C debug-assertions=off --cfg 'feature="abi3"' --cfg 'feature="abi3-py310"' --cfg 'feature="abi3-py311"' --cfg 'feature="abi3-py312"' --cfg 'feature="abi3-py313"' --cfg 'feature="abi3-py38"' --cfg 'feature="abi3-py39"' --cfg 'feature="default"' --cfg 'feature="extension-module"' --cfg 'feature="resolve-config"' --check-cfg 'cfg(docsrs,test)' --check-cfg 'cfg(feature, values("abi3", "abi3-py310", "abi3-py311", "abi3-py312", "abi3-py313", "abi3-py37", "abi3-py38", "abi3-py39", "default", "extension-module", "python3-dll-a", "resolve-config"))' -C metadata=64959bcab40fd572 -C extra-filename=-daf58e5897111b40 --out-dir /app/target/cpython-strict/build/primp-0.15.0/target/release/deps -C strip=symbols -L dependency=/app/target/cpython-strict/build/primp-0.15.0/target/release/deps --extern once_cell=/app/target/cpython-strict/build/primp-0.15.0/target/release/deps/libonce_cell-8dddeb56b62ebbd8.rmeta --extern target_lexicon=/app/target/cpython-strict/build/primp-0.15.0/target/release/deps/libtarget_lexicon-e8432c2636bd0cc7.rmeta --cap-lints warn`
warning: `socket2` (lib) generated 1 warning (1 duplicate)
     Running `CARGO=/app/target/cpython-strict/host-tools/rustup/toolchains/nightly-2025-01-18-x86_64-unknown-linux-gnu/bin/cargo CARGO_CRATE_NAME=cfg_if CARGO_MANIFEST_DIR=/app/target/cpython-strict/host-tools/cargo/registry/src/index.crates.io-1949cf8c6b5b557f/cfg-if-1.0.0 CARGO_MANIFEST_PATH=/app/target/cpython-strict/host-tools/cargo/registry/src/index.crates.io-1949cf8c6b5b557f/cfg-if-1.0.0/Cargo.toml CARGO_PKG_AUTHORS='Alex Crichton <alex@alexcrichton.com>' CARGO_PKG_DESCRIPTION='A macro to ergonomically define an item depending on a large number of #[cfg]
parameters. Structured like an if-else chain, the first matching branch is the
item that gets emitted.
' CARGO_PKG_HOMEPAGE='https://github.com/alexcrichton/cfg-if' CARGO_PKG_LICENSE=MIT/Apache-2.0 CARGO_PKG_LICENSE_FILE='' CARGO_PKG_NAME=cfg-if CARGO_PKG_README=README.md CARGO_PKG_REPOSITORY='https://github.com/alexcrichton/cfg-if' CARGO_PKG_RUST_VERSION='' CARGO_PKG_VERSION=1.0.0 CARGO_PKG_VERSION_MAJOR=1 CARGO_PKG_VERSION_MINOR=0 CARGO_PKG_VERSION_PATCH=0 CARGO_PKG_VERSION_PRE='' LD_LIBRARY_PATH='/app/target/cpython-strict/build/primp-0.15.0/target/release/deps:/app/target/cpython-strict/host-tools/rustup/toolchains/nightly-2025-01-18-x86_64-unknown-linux-gnu/lib:/opt/kendryte-toolchain/bin/:' /app/target/cpython-strict/host-tools/rustup/toolchains/nightly-2025-01-18-x86_64-unknown-linux-gnu/bin/rustc --crate-name cfg_if --edition=2018 /app/target/cpython-strict/host-tools/cargo/registry/src/index.crates.io-1949cf8c6b5b557f/cfg-if-1.0.0/src/lib.rs --error-format=json --json=diagnostic-rendered-ansi,artifacts,future-incompat --crate-type lib --emit=dep-info,metadata,link -C embed-bitcode=no -C debug-assertions=off --check-cfg 'cfg(docsrs,test)' --check-cfg 'cfg(feature, values("compiler_builtins", "core", "rustc-dep-of-std"))' -C metadata=076384947945d8cf -C extra-filename=-9bcfb54aef0741b0 --out-dir /app/target/cpython-strict/build/primp-0.15.0/target/release/deps -C strip=symbols -L dependency=/app/target/cpython-strict/build/primp-0.15.0/target/release/deps --cap-lints warn`
warning: `mio` (lib) generated 1 warning (1 duplicate)
   Compiling rand_core v0.6.4
     Running `CARGO=/app/target/cpython-strict/host-tools/rustup/toolchains/nightly-2025-01-18-x86_64-unknown-linux-gnu/bin/cargo CARGO_CRATE_NAME=rand_core CARGO_MANIFEST_DIR=/app/target/cpython-strict/host-tools/cargo/registry/src/index.crates.io-1949cf8c6b5b557f/rand_core-0.6.4 CARGO_MANIFEST_PATH=/app/target/cpython-strict/host-tools/cargo/registry/src/index.crates.io-1949cf8c6b5b557f/rand_core-0.6.4/Cargo.toml CARGO_PKG_AUTHORS='The Rand Project Developers:The Rust Project Developers' CARGO_PKG_DESCRIPTION='Core random number generator traits and tools for implementation.
' CARGO_PKG_HOMEPAGE='https://rust-random.github.io/book' CARGO_PKG_LICENSE='MIT OR Apache-2.0' CARGO_PKG_LICENSE_FILE='' CARGO_PKG_NAME=rand_core CARGO_PKG_README=README.md CARGO_PKG_REPOSITORY='https://github.com/rust-random/rand' CARGO_PKG_RUST_VERSION='' CARGO_PKG_VERSION=0.6.4 CARGO_PKG_VERSION_MAJOR=0 CARGO_PKG_VERSION_MINOR=6 CARGO_PKG_VERSION_PATCH=4 CARGO_PKG_VERSION_PRE='' LD_LIBRARY_PATH='/app/target/cpython-strict/build/primp-0.15.0/target/release/deps:/app/target/cpython-strict/host-tools/rustup/toolchains/nightly-2025-01-18-x86_64-unknown-linux-gnu/lib:/opt/kendryte-toolchain/bin/:' /app/target/cpython-strict/host-tools/rustup/toolchains/nightly-2025-01-18-x86_64-unknown-linux-gnu/bin/rustc --crate-name rand_core --edition=2018 /app/target/cpython-strict/host-tools/cargo/registry/src/index.crates.io-1949cf8c6b5b557f/rand_core-0.6.4/src/lib.rs --error-format=json --json=diagnostic-rendered-ansi,artifacts,future-incompat --crate-type lib --emit=dep-info,metadata,link -C embed-bitcode=no -C debug-assertions=off --check-cfg 'cfg(docsrs,test)' --check-cfg 'cfg(feature, values("alloc", "getrandom", "serde", "serde1", "std"))' -C metadata=36133ae62b8306ef -C extra-filename=-bccb87410cfb3d65 --out-dir /app/target/cpython-strict/build/primp-0.15.0/target/release/deps -C strip=symbols -L dependency=/app/target/cpython-strict/build/primp-0.15.0/target/release/deps --cap-lints warn`
   Compiling regex-syntax v0.8.5
     Running `CARGO=/app/target/cpython-strict/host-tools/rustup/toolchains/nightly-2025-01-18-x86_64-unknown-linux-gnu/bin/cargo CARGO_CRATE_NAME=regex_syntax CARGO_MANIFEST_DIR=/app/target/cpython-strict/host-tools/cargo/registry/src/index.crates.io-1949cf8c6b5b557f/regex-syntax-0.8.5 CARGO_MANIFEST_PATH=/app/target/cpython-strict/host-tools/cargo/registry/src/index.crates.io-1949cf8c6b5b557f/regex-syntax-0.8.5/Cargo.toml CARGO_PKG_AUTHORS='The Rust Project Developers:Andrew Gallant <jamslam@gmail.com>' CARGO_PKG_DESCRIPTION='A regular expression parser.' CARGO_PKG_HOMEPAGE='' CARGO_PKG_LICENSE='MIT OR Apache-2.0' CARGO_PKG_LICENSE_FILE='' CARGO_PKG_NAME=regex-syntax CARGO_PKG_README=README.md CARGO_PKG_REPOSITORY='https://github.com/rust-lang/regex/tree/master/regex-syntax' CARGO_PKG_RUST_VERSION=1.65 CARGO_PKG_VERSION=0.8.5 CARGO_PKG_VERSION_MAJOR=0 CARGO_PKG_VERSION_MINOR=8 CARGO_PKG_VERSION_PATCH=5 CARGO_PKG_VERSION_PRE='' LD_LIBRARY_PATH='/app/target/cpython-strict/build/primp-0.15.0/target/release/deps:/app/target/cpython-strict/host-tools/rustup/toolchains/nightly-2025-01-18-x86_64-unknown-linux-gnu/lib:/opt/kendryte-toolchain/bin/:' /app/target/cpython-strict/host-tools/rustup/toolchains/nightly-2025-01-18-x86_64-unknown-linux-gnu/bin/rustc --crate-name regex_syntax --edition=2021 /app/target/cpython-strict/host-tools/cargo/registry/src/index.crates.io-1949cf8c6b5b557f/regex-syntax-0.8.5/src/lib.rs --error-format=json --json=diagnostic-rendered-ansi,artifacts,future-incompat --crate-type lib --emit=dep-info,metadata,link -C embed-bitcode=no -C debug-assertions=off --cfg 'feature="std"' --cfg 'feature="unicode-perl"' --check-cfg 'cfg(docsrs,test)' --check-cfg 'cfg(feature, values("arbitrary", "default", "std", "unicode", "unicode-age", "unicode-bool", "unicode-case", "unicode-gencat", "unicode-perl", "unicode-script", "unicode-segment"))' -C metadata=8c280d568cdcf319 -C extra-filename=-ee06830fc055df81 --out-dir /app/target/cpython-strict/build/primp-0.15.0/target/release/deps -C strip=symbols -L dependency=/app/target/cpython-strict/build/primp-0.15.0/target/release/deps --cap-lints warn`
warning: unexpected `cfg` condition name: `doc_cfg`
  --> /app/target/cpython-strict/host-tools/cargo/registry/src/index.crates.io-1949cf8c6b5b557f/rand_core-0.6.4/src/lib.rs:38:13
   |
38 | #![cfg_attr(doc_cfg, feature(doc_cfg))]
   |             ^^^^^^^
   |
   = help: expected names are: `clippy`, `debug_assertions`, `doc`, `docsrs`, `doctest`, `feature`, `fmt_debug`, `miri`, `overflow_checks`, `panic`, `proc_macro`, `relocation_model`, `rustfmt`, `sanitize`, `sanitizer_cfi_generalize_pointers`, `sanitizer_cfi_normalize_integers`, `target_abi`, `target_arch`, `target_endian`, `target_env`, `target_family`, `target_feature`, `target_has_atomic`, `target_has_atomic_equal_alignment`, `target_has_atomic_load_store`, `target_os`, `target_pointer_width`, `target_thread_local`, `target_vendor`, `test`, `ub_checks`, `unix`, and `windows`
   = help: consider using a Cargo feature instead
   = help: or consider adding in `Cargo.toml` the `check-cfg` lint config for the lint:
            [lints.rust]
            unexpected_cfgs = { level = "warn", check-cfg = ['cfg(doc_cfg)'] }
   = help: or consider adding `println!("cargo::rustc-check-cfg=cfg(doc_cfg)");` to the top of the `build.rs`
   = note: see <https://doc.rust-lang.org/nightly/rustc/check-cfg/cargo-specifics.html> for more information about checking conditional configuration
   = note: `#[warn(unexpected_cfgs)]` on by default

   Compiling libloading v0.8.6
     Running `CARGO=/app/target/cpython-strict/host-tools/rustup/toolchains/nightly-2025-01-18-x86_64-unknown-linux-gnu/bin/cargo CARGO_CRATE_NAME=libloading CARGO_MANIFEST_DIR=/app/target/cpython-strict/host-tools/cargo/registry/src/index.crates.io-1949cf8c6b5b557f/libloading-0.8.6 CARGO_MANIFEST_PATH=/app/target/cpython-strict/host-tools/cargo/registry/src/index.crates.io-1949cf8c6b5b557f/libloading-0.8.6/Cargo.toml CARGO_PKG_AUTHORS='Simonas Kazlauskas <libloading@kazlauskas.me>' CARGO_PKG_DESCRIPTION='Bindings around the platform'\''s dynamic library loading primitives with greatly improved memory safety.' CARGO_PKG_HOMEPAGE='' CARGO_PKG_LICENSE=ISC CARGO_PKG_LICENSE_FILE='' CARGO_PKG_NAME=libloading CARGO_PKG_README=README.mkd CARGO_PKG_REPOSITORY='https://github.com/nagisa/rust_libloading/' CARGO_PKG_RUST_VERSION=1.56.0 CARGO_PKG_VERSION=0.8.6 CARGO_PKG_VERSION_MAJOR=0 CARGO_PKG_VERSION_MINOR=8 CARGO_PKG_VERSION_PATCH=6 CARGO_PKG_VERSION_PRE='' LD_LIBRARY_PATH='/app/target/cpython-strict/build/primp-0.15.0/target/release/deps:/app/target/cpython-strict/host-tools/rustup/toolchains/nightly-2025-01-18-x86_64-unknown-linux-gnu/lib:/opt/kendryte-toolchain/bin/:' /app/target/cpython-strict/host-tools/rustup/toolchains/nightly-2025-01-18-x86_64-unknown-linux-gnu/bin/rustc --crate-name libloading --edition=2015 /app/target/cpython-strict/host-tools/cargo/registry/src/index.crates.io-1949cf8c6b5b557f/libloading-0.8.6/src/lib.rs --error-format=json --json=diagnostic-rendered-ansi,artifacts,future-incompat --crate-type lib --emit=dep-info,metadata,link -C embed-bitcode=no --warn=unexpected_cfgs -C debug-assertions=off --check-cfg 'cfg(docsrs,test)' --check-cfg 'cfg(feature, values())' -C metadata=cbd5d2378ec7e89e -C extra-filename=-77a472405319a718 --out-dir /app/target/cpython-strict/build/primp-0.15.0/target/release/deps -C strip=symbols -L dependency=/app/target/cpython-strict/build/primp-0.15.0/target/release/deps --extern cfg_if=/app/target/cpython-strict/build/primp-0.15.0/target/release/deps/libcfg_if-9bcfb54aef0741b0.rmeta --cap-lints warn`
   Compiling phf_shared v0.11.3
     Running `CARGO=/app/target/cpython-strict/host-tools/rustup/toolchains/nightly-2025-01-18-x86_64-unknown-linux-gnu/bin/cargo CARGO_CRATE_NAME=phf_shared CARGO_MANIFEST_DIR=/app/target/cpython-strict/host-tools/cargo/registry/src/index.crates.io-1949cf8c6b5b557f/phf_shared-0.11.3 CARGO_MANIFEST_PATH=/app/target/cpython-strict/host-tools/cargo/registry/src/index.crates.io-1949cf8c6b5b557f/phf_shared-0.11.3/Cargo.toml CARGO_PKG_AUTHORS='Steven Fackler <sfackler@gmail.com>' CARGO_PKG_DESCRIPTION='Support code shared by PHF libraries' CARGO_PKG_HOMEPAGE='' CARGO_PKG_LICENSE=MIT CARGO_PKG_LICENSE_FILE='' CARGO_PKG_NAME=phf_shared CARGO_PKG_README=README.md CARGO_PKG_REPOSITORY='https://github.com/rust-phf/rust-phf' CARGO_PKG_RUST_VERSION=1.61 CARGO_PKG_VERSION=0.11.3 CARGO_PKG_VERSION_MAJOR=0 CARGO_PKG_VERSION_MINOR=11 CARGO_PKG_VERSION_PATCH=3 CARGO_PKG_VERSION_PRE='' LD_LIBRARY_PATH='/app/target/cpython-strict/build/primp-0.15.0/target/release/deps:/app/target/cpython-strict/host-tools/rustup/toolchains/nightly-2025-01-18-x86_64-unknown-linux-gnu/lib:/opt/kendryte-toolchain/bin/:' /app/target/cpython-strict/host-tools/rustup/toolchains/nightly-2025-01-18-x86_64-unknown-linux-gnu/bin/rustc --crate-name phf_shared --edition=2021 /app/target/cpython-strict/host-tools/cargo/registry/src/index.crates.io-1949cf8c6b5b557f/phf_shared-0.11.3/src/lib.rs --error-format=json --json=diagnostic-rendered-ansi,artifacts,future-incompat --crate-type lib --emit=dep-info,metadata,link -C embed-bitcode=no -C debug-assertions=off --cfg 'feature="default"' --cfg 'feature="std"' --check-cfg 'cfg(docsrs,test)' --check-cfg 'cfg(feature, values("default", "std", "uncased", "unicase"))' -C metadata=973c979bbecdb0a5 -C extra-filename=-57d8ede5d8ac8ea2 --out-dir /app/target/cpython-strict/build/primp-0.15.0/target/release/deps -C strip=symbols -L dependency=/app/target/cpython-strict/build/primp-0.15.0/target/release/deps --extern siphasher=/app/target/cpython-strict/build/primp-0.15.0/target/release/deps/libsiphasher-638f0721e384db32.rmeta --cap-lints warn`
warning: `parking_lot` (lib) generated 1 warning (1 duplicate)
   Compiling nom v7.1.3
     Running `CARGO=/app/target/cpython-strict/host-tools/rustup/toolchains/nightly-2025-01-18-x86_64-unknown-linux-gnu/bin/cargo CARGO_CRATE_NAME=nom CARGO_MANIFEST_DIR=/app/target/cpython-strict/host-tools/cargo/registry/src/index.crates.io-1949cf8c6b5b557f/nom-7.1.3 CARGO_MANIFEST_PATH=/app/target/cpython-strict/host-tools/cargo/registry/src/index.crates.io-1949cf8c6b5b557f/nom-7.1.3/Cargo.toml CARGO_PKG_AUTHORS='contact@geoffroycouprie.com' CARGO_PKG_DESCRIPTION='A byte-oriented, zero-copy, parser combinators library' CARGO_PKG_HOMEPAGE='' CARGO_PKG_LICENSE=MIT CARGO_PKG_LICENSE_FILE='' CARGO_PKG_NAME=nom CARGO_PKG_README=README.md CARGO_PKG_REPOSITORY='https://github.com/Geal/nom' CARGO_PKG_RUST_VERSION=1.48 CARGO_PKG_VERSION=7.1.3 CARGO_PKG_VERSION_MAJOR=7 CARGO_PKG_VERSION_MINOR=1 CARGO_PKG_VERSION_PATCH=3 CARGO_PKG_VERSION_PRE='' LD_LIBRARY_PATH='/app/target/cpython-strict/build/primp-0.15.0/target/release/deps:/app/target/cpython-strict/host-tools/rustup/toolchains/nightly-2025-01-18-x86_64-unknown-linux-gnu/lib:/opt/kendryte-toolchain/bin/:' /app/target/cpython-strict/host-tools/rustup/toolchains/nightly-2025-01-18-x86_64-unknown-linux-gnu/bin/rustc --crate-name nom --edition=2018 /app/target/cpython-strict/host-tools/cargo/registry/src/index.crates.io-1949cf8c6b5b557f/nom-7.1.3/src/lib.rs --error-format=json --json=diagnostic-rendered-ansi,artifacts,future-incompat --crate-type lib --emit=dep-info,metadata,link -C embed-bitcode=no -C debug-assertions=off --cfg 'feature="alloc"' --cfg 'feature="std"' --check-cfg 'cfg(docsrs,test)' --check-cfg 'cfg(feature, values("alloc", "default", "docsrs", "std"))' -C metadata=58ad4f4a7b5f3ebf -C extra-filename=-71f933875c92491c --out-dir /app/target/cpython-strict/build/primp-0.15.0/target/release/deps -C strip=symbols -L dependency=/app/target/cpython-strict/build/primp-0.15.0/target/release/deps --extern memchr=/app/target/cpython-strict/build/primp-0.15.0/target/release/deps/libmemchr-2b8917245a329f0e.rmeta --extern minimal_lexical=/app/target/cpython-strict/build/primp-0.15.0/target/release/deps/libminimal_lexical-a5854417932c1a3d.rmeta --cap-lints warn`
     Running `CARGO=/app/target/cpython-strict/host-tools/rustup/toolchains/nightly-2025-01-18-x86_64-unknown-linux-gnu/bin/cargo CARGO_CRATE_NAME=icu_properties_data CARGO_MANIFEST_DIR=/app/target/cpython-strict/host-tools/cargo/registry/src/index.crates.io-1949cf8c6b5b557f/icu_properties_data-1.5.1 CARGO_MANIFEST_PATH=/app/target/cpython-strict/host-tools/cargo/registry/src/index.crates.io-1949cf8c6b5b557f/icu_properties_data-1.5.1/Cargo.toml CARGO_PKG_AUTHORS='The ICU4X Project Developers' CARGO_PKG_DESCRIPTION='Data for the icu_properties crate' CARGO_PKG_HOMEPAGE='https://icu4x.unicode.org' CARGO_PKG_LICENSE=Unicode-3.0 CARGO_PKG_LICENSE_FILE='' CARGO_PKG_NAME=icu_properties_data CARGO_PKG_README=README.md CARGO_PKG_REPOSITORY='https://github.com/unicode-org/icu4x' CARGO_PKG_RUST_VERSION=1.67 CARGO_PKG_VERSION=1.5.1 CARGO_PKG_VERSION_MAJOR=1 CARGO_PKG_VERSION_MINOR=5 CARGO_PKG_VERSION_PATCH=1 CARGO_PKG_VERSION_PRE='' LD_LIBRARY_PATH='/app/target/cpython-strict/build/primp-0.15.0/target/release/deps:/app/target/cpython-strict/host-tools/rustup/toolchains/nightly-2025-01-18-x86_64-unknown-linux-gnu/lib:/opt/kendryte-toolchain/bin/:' OUT_DIR=/app/target/cpython-strict/build/primp-0.15.0/target/loongarch64-unknown-linux-musl/release/build/icu_properties_data-53095d136ee028fa/out /app/target/cpython-strict/host-tools/rustup/toolchains/nightly-2025-01-18-x86_64-unknown-linux-gnu/bin/rustc --crate-name icu_properties_data --edition=2021 /app/target/cpython-strict/host-tools/cargo/registry/src/index.crates.io-1949cf8c6b5b557f/icu_properties_data-1.5.1/src/lib.rs --error-format=json --json=diagnostic-rendered-ansi,artifacts,future-incompat --crate-type lib --emit=dep-info,metadata,link -C opt-level=3 -C panic=abort -C linker-plugin-lto -C codegen-units=1 --check-cfg 'cfg(docsrs,test)' --check-cfg 'cfg(feature, values())' -C metadata=d370539674abf2de -C extra-filename=-8ad457cc3ac65f1d --out-dir /app/target/cpython-strict/build/primp-0.15.0/target/loongarch64-unknown-linux-musl/release/deps --target loongarch64-unknown-linux-musl -C linker=/app/target/cpython-strict/cross/loongarch64-linux-musl-gcc -C strip=symbols -L dependency=/app/target/cpython-strict/build/primp-0.15.0/target/loongarch64-unknown-linux-musl/release/deps -L dependency=/app/target/cpython-strict/build/primp-0.15.0/target/release/deps --cap-lints warn -C target-feature=-ual -C target-feature=-crt-static`
warning: unexpected `cfg` condition name: `libloading_docs`
  --> /app/target/cpython-strict/host-tools/cargo/registry/src/index.crates.io-1949cf8c6b5b557f/libloading-0.8.6/src/lib.rs:39:13
   |
39 | #![cfg_attr(libloading_docs, feature(doc_cfg))]
   |             ^^^^^^^^^^^^^^^
   |
   = help: expected names are: `clippy`, `debug_assertions`, `doc`, `docsrs`, `doctest`, `feature`, `fmt_debug`, `miri`, `overflow_checks`, `panic`, `proc_macro`, `relocation_model`, `rustfmt`, `sanitize`, `sanitizer_cfi_generalize_pointers`, `sanitizer_cfi_normalize_integers`, `target_abi`, `target_arch`, `target_endian`, `target_env`, `target_family`, `target_feature`, `target_has_atomic`, `target_has_atomic_equal_alignment`, `target_has_atomic_load_store`, `target_os`, `target_pointer_width`, `target_thread_local`, `target_vendor`, `test`, `ub_checks`, `unix`, and `windows`
   = help: consider using a Cargo feature instead
   = help: or consider adding in `Cargo.toml` the `check-cfg` lint config for the lint:
            [lints.rust]
            unexpected_cfgs = { level = "warn", check-cfg = ['cfg(libloading_docs)'] }
   = help: or consider adding `println!("cargo::rustc-check-cfg=cfg(libloading_docs)");` to the top of the `build.rs`
   = note: see <https://doc.rust-lang.org/nightly/rustc/check-cfg/cargo-specifics.html> for more information about checking conditional configuration
   = note: requested on the command line with `-W unexpected-cfgs`

warning: unexpected `cfg` condition name: `libloading_docs`
  --> /app/target/cpython-strict/host-tools/cargo/registry/src/index.crates.io-1949cf8c6b5b557f/libloading-0.8.6/src/lib.rs:45:26
   |
45 | #[cfg(any(unix, windows, libloading_docs))]
   |                          ^^^^^^^^^^^^^^^
   |
   = help: consider using a Cargo feature instead
   = help: or consider adding in `Cargo.toml` the `check-cfg` lint config for the lint:
            [lints.rust]
            unexpected_cfgs = { level = "warn", check-cfg = ['cfg(libloading_docs)'] }
   = help: or consider adding `println!("cargo::rustc-check-cfg=cfg(libloading_docs)");` to the top of the `build.rs`
   = note: see <https://doc.rust-lang.org/nightly/rustc/check-cfg/cargo-specifics.html> for more information about checking conditional configuration

warning: unexpected `cfg` condition name: `libloading_docs`
  --> /app/target/cpython-strict/host-tools/cargo/registry/src/index.crates.io-1949cf8c6b5b557f/libloading-0.8.6/src/lib.rs:49:26
   |
49 | #[cfg(any(unix, windows, libloading_docs))]
   |                          ^^^^^^^^^^^^^^^
   |
   = help: consider using a Cargo feature instead
   = help: or consider adding in `Cargo.toml` the `check-cfg` lint config for the lint:
            [lints.rust]
            unexpected_cfgs = { level = "warn", check-cfg = ['cfg(libloading_docs)'] }
   = help: or consider adding `println!("cargo::rustc-check-cfg=cfg(libloading_docs)");` to the top of the `build.rs`
   = note: see <https://doc.rust-lang.org/nightly/rustc/check-cfg/cargo-specifics.html> for more information about checking conditional configuration

warning: unexpected `cfg` condition name: `libloading_docs`
  --> /app/target/cpython-strict/host-tools/cargo/registry/src/index.crates.io-1949cf8c6b5b557f/libloading-0.8.6/src/os/mod.rs:20:17
   |
20 | #[cfg(any(unix, libloading_docs))]
   |                 ^^^^^^^^^^^^^^^
   |
   = help: consider using a Cargo feature instead
   = help: or consider adding in `Cargo.toml` the `check-cfg` lint config for the lint:
            [lints.rust]
            unexpected_cfgs = { level = "warn", check-cfg = ['cfg(libloading_docs)'] }
   = help: or consider adding `println!("cargo::rustc-check-cfg=cfg(libloading_docs)");` to the top of the `build.rs`
   = note: see <https://doc.rust-lang.org/nightly/rustc/check-cfg/cargo-specifics.html> for more information about checking conditional configuration

warning: unexpected `cfg` condition name: `libloading_docs`
  --> /app/target/cpython-strict/host-tools/cargo/registry/src/index.crates.io-1949cf8c6b5b557f/libloading-0.8.6/src/os/mod.rs:21:12
   |
21 | #[cfg_attr(libloading_docs, doc(cfg(unix)))]
   |            ^^^^^^^^^^^^^^^
   |
   = help: consider using a Cargo feature instead
   = help: or consider adding in `Cargo.toml` the `check-cfg` lint config for the lint:
            [lints.rust]
            unexpected_cfgs = { level = "warn", check-cfg = ['cfg(libloading_docs)'] }
   = help: or consider adding `println!("cargo::rustc-check-cfg=cfg(libloading_docs)");` to the top of the `build.rs`
   = note: see <https://doc.rust-lang.org/nightly/rustc/check-cfg/cargo-specifics.html> for more information about checking conditional configuration

warning: unexpected `cfg` condition name: `libloading_docs`
  --> /app/target/cpython-strict/host-tools/cargo/registry/src/index.crates.io-1949cf8c6b5b557f/libloading-0.8.6/src/os/mod.rs:25:20
   |
25 | #[cfg(any(windows, libloading_docs))]
   |                    ^^^^^^^^^^^^^^^
   |
   = help: consider using a Cargo feature instead
   = help: or consider adding in `Cargo.toml` the `check-cfg` lint config for the lint:
            [lints.rust]
            unexpected_cfgs = { level = "warn", check-cfg = ['cfg(libloading_docs)'] }
   = help: or consider adding `println!("cargo::rustc-check-cfg=cfg(libloading_docs)");` to the top of the `build.rs`
   = note: see <https://doc.rust-lang.org/nightly/rustc/check-cfg/cargo-specifics.html> for more information about checking conditional configuration

warning: unexpected `cfg` condition name: `libloading_docs`
 --> /app/target/cpython-strict/host-tools/cargo/registry/src/index.crates.io-1949cf8c6b5b557f/libloading-0.8.6/src/os/unix/mod.rs:3:11
  |
3 | #[cfg(all(libloading_docs, not(unix)))]
  |           ^^^^^^^^^^^^^^^
  |
  = help: consider using a Cargo feature instead
  = help: or consider adding in `Cargo.toml` the `check-cfg` lint config for the lint:
           [lints.rust]
           unexpected_cfgs = { level = "warn", check-cfg = ['cfg(libloading_docs)'] }
  = help: or consider adding `println!("cargo::rustc-check-cfg=cfg(libloading_docs)");` to the top of the `build.rs`
  = note: see <https://doc.rust-lang.org/nightly/rustc/check-cfg/cargo-specifics.html> for more information about checking conditional configuration

warning: unexpected `cfg` condition name: `libloading_docs`
 --> /app/target/cpython-strict/host-tools/cargo/registry/src/index.crates.io-1949cf8c6b5b557f/libloading-0.8.6/src/os/unix/mod.rs:5:15
  |
5 | #[cfg(any(not(libloading_docs), unix))]
  |               ^^^^^^^^^^^^^^^
  |
  = help: consider using a Cargo feature instead
  = help: or consider adding in `Cargo.toml` the `check-cfg` lint config for the lint:
           [lints.rust]
           unexpected_cfgs = { level = "warn", check-cfg = ['cfg(libloading_docs)'] }
  = help: or consider adding `println!("cargo::rustc-check-cfg=cfg(libloading_docs)");` to the top of the `build.rs`
  = note: see <https://doc.rust-lang.org/nightly/rustc/check-cfg/cargo-specifics.html> for more information about checking conditional configuration

warning: unexpected `cfg` condition name: `libloading_docs`
  --> /app/target/cpython-strict/host-tools/cargo/registry/src/index.crates.io-1949cf8c6b5b557f/libloading-0.8.6/src/os/unix/consts.rs:46:11
   |
46 | #[cfg(all(libloading_docs, not(unix)))]
   |           ^^^^^^^^^^^^^^^
   |
   = help: consider using a Cargo feature instead
   = help: or consider adding in `Cargo.toml` the `check-cfg` lint config for the lint:
            [lints.rust]
            unexpected_cfgs = { level = "warn", check-cfg = ['cfg(libloading_docs)'] }
   = help: or consider adding `println!("cargo::rustc-check-cfg=cfg(libloading_docs)");` to the top of the `build.rs`
   = note: see <https://doc.rust-lang.org/nightly/rustc/check-cfg/cargo-specifics.html> for more information about checking conditional configuration

warning: unexpected `cfg` condition name: `libloading_docs`
  --> /app/target/cpython-strict/host-tools/cargo/registry/src/index.crates.io-1949cf8c6b5b557f/libloading-0.8.6/src/os/unix/consts.rs:55:15
   |
55 | #[cfg(any(not(libloading_docs), unix))]
   |               ^^^^^^^^^^^^^^^
   |
   = help: consider using a Cargo feature instead
   = help: or consider adding in `Cargo.toml` the `check-cfg` lint config for the lint:
            [lints.rust]
            unexpected_cfgs = { level = "warn", check-cfg = ['cfg(libloading_docs)'] }
   = help: or consider adding `println!("cargo::rustc-check-cfg=cfg(libloading_docs)");` to the top of the `build.rs`
   = note: see <https://doc.rust-lang.org/nightly/rustc/check-cfg/cargo-specifics.html> for more information about checking conditional configuration

warning: unexpected `cfg` condition name: `libloading_docs`
 --> /app/target/cpython-strict/host-tools/cargo/registry/src/index.crates.io-1949cf8c6b5b557f/libloading-0.8.6/src/safe.rs:1:7
  |
1 | #[cfg(libloading_docs)]
  |       ^^^^^^^^^^^^^^^
  |
  = help: consider using a Cargo feature instead
  = help: or consider adding in `Cargo.toml` the `check-cfg` lint config for the lint:
           [lints.rust]
           unexpected_cfgs = { level = "warn", check-cfg = ['cfg(libloading_docs)'] }
  = help: or consider adding `println!("cargo::rustc-check-cfg=cfg(libloading_docs)");` to the top of the `build.rs`
  = note: see <https://doc.rust-lang.org/nightly/rustc/check-cfg/cargo-specifics.html> for more information about checking conditional configuration

warning: unexpected `cfg` condition name: `libloading_docs`
 --> /app/target/cpython-strict/host-tools/cargo/registry/src/index.crates.io-1949cf8c6b5b557f/libloading-0.8.6/src/safe.rs:3:15
  |
3 | #[cfg(all(not(libloading_docs), unix))]
  |               ^^^^^^^^^^^^^^^
  |
  = help: consider using a Cargo feature instead
  = help: or consider adding in `Cargo.toml` the `check-cfg` lint config for the lint:
           [lints.rust]
           unexpected_cfgs = { level = "warn", check-cfg = ['cfg(libloading_docs)'] }
  = help: or consider adding `println!("cargo::rustc-check-cfg=cfg(libloading_docs)");` to the top of the `build.rs`
  = note: see <https://doc.rust-lang.org/nightly/rustc/check-cfg/cargo-specifics.html> for more information about checking conditional configuration

warning: unexpected `cfg` condition name: `libloading_docs`
 --> /app/target/cpython-strict/host-tools/cargo/registry/src/index.crates.io-1949cf8c6b5b557f/libloading-0.8.6/src/safe.rs:5:15
  |
5 | #[cfg(all(not(libloading_docs), windows))]
  |               ^^^^^^^^^^^^^^^
  |
  = help: consider using a Cargo feature instead
  = help: or consider adding in `Cargo.toml` the `check-cfg` lint config for the lint:
           [lints.rust]
           unexpected_cfgs = { level = "warn", check-cfg = ['cfg(libloading_docs)'] }
  = help: or consider adding `println!("cargo::rustc-check-cfg=cfg(libloading_docs)");` to the top of the `build.rs`
  = note: see <https://doc.rust-lang.org/nightly/rustc/check-cfg/cargo-specifics.html> for more information about checking conditional configuration

warning: unexpected `cfg` condition name: `libloading_docs`
  --> /app/target/cpython-strict/host-tools/cargo/registry/src/index.crates.io-1949cf8c6b5b557f/libloading-0.8.6/src/safe.rs:15:12
   |
15 | #[cfg_attr(libloading_docs, doc(cfg(any(unix, windows))))]
   |            ^^^^^^^^^^^^^^^
   |
   = help: consider using a Cargo feature instead
   = help: or consider adding in `Cargo.toml` the `check-cfg` lint config for the lint:
            [lints.rust]
            unexpected_cfgs = { level = "warn", check-cfg = ['cfg(libloading_docs)'] }
   = help: or consider adding `println!("cargo::rustc-check-cfg=cfg(libloading_docs)");` to the top of the `build.rs`
   = note: see <https://doc.rust-lang.org/nightly/rustc/check-cfg/cargo-specifics.html> for more information about checking conditional configuration

warning: unexpected `cfg` condition name: `libloading_docs`
   --> /app/target/cpython-strict/host-tools/cargo/registry/src/index.crates.io-1949cf8c6b5b557f/libloading-0.8.6/src/safe.rs:197:12
    |
197 | #[cfg_attr(libloading_docs, doc(cfg(any(unix, windows))))]
    |            ^^^^^^^^^^^^^^^
    |
    = help: consider using a Cargo feature instead
    = help: or consider adding in `Cargo.toml` the `check-cfg` lint config for the lint:
             [lints.rust]
             unexpected_cfgs = { level = "warn", check-cfg = ['cfg(libloading_docs)'] }
    = help: or consider adding `println!("cargo::rustc-check-cfg=cfg(libloading_docs)");` to the top of the `build.rs`
    = note: see <https://doc.rust-lang.org/nightly/rustc/check-cfg/cargo-specifics.html> for more information about checking conditional configuration

     Running `CARGO=/app/target/cpython-strict/host-tools/rustup/toolchains/nightly-2025-01-18-x86_64-unknown-linux-gnu/bin/cargo CARGO_CFG_FEATURE='' CARGO_CFG_FMT_DEBUG=full CARGO_CFG_OVERFLOW_CHECKS='' CARGO_CFG_PANIC=unwind CARGO_CFG_RELOCATION_MODEL=pic CARGO_CFG_TARGET_ABI='' CARGO_CFG_TARGET_ARCH=loongarch64 CARGO_CFG_TARGET_ENDIAN=little CARGO_CFG_TARGET_ENV=musl CARGO_CFG_TARGET_FAMILY=unix CARGO_CFG_TARGET_FEATURE=d,f,lsx CARGO_CFG_TARGET_HAS_ATOMIC=16,32,64,8,ptr CARGO_CFG_TARGET_HAS_ATOMIC_EQUAL_ALIGNMENT=16,32,64,8,ptr CARGO_CFG_TARGET_HAS_ATOMIC_LOAD_STORE=16,32,64,8,ptr CARGO_CFG_TARGET_OS=linux CARGO_CFG_TARGET_POINTER_WIDTH=64 CARGO_CFG_TARGET_THREAD_LOCAL='' CARGO_CFG_TARGET_VENDOR=unknown CARGO_CFG_UB_CHECKS='' CARGO_CFG_UNIX='' CARGO_ENCODED_RUSTFLAGS='-Ctarget-feature=-ual-Ctarget-feature=-crt-static' CARGO_MANIFEST_DIR=/app/target/cpython-strict/host-tools/cargo/registry/src/index.crates.io-1949cf8c6b5b557f/icu_normalizer_data-1.5.1 CARGO_MANIFEST_PATH=/app/target/cpython-strict/host-tools/cargo/registry/src/index.crates.io-1949cf8c6b5b557f/icu_normalizer_data-1.5.1/Cargo.toml CARGO_PKG_AUTHORS='The ICU4X Project Developers' CARGO_PKG_DESCRIPTION='Data for the icu_normalizer crate' CARGO_PKG_HOMEPAGE='https://icu4x.unicode.org' CARGO_PKG_LICENSE=Unicode-3.0 CARGO_PKG_LICENSE_FILE='' CARGO_PKG_NAME=icu_normalizer_data CARGO_PKG_README=README.md CARGO_PKG_REPOSITORY='https://github.com/unicode-org/icu4x' CARGO_PKG_RUST_VERSION=1.67 CARGO_PKG_VERSION=1.5.1 CARGO_PKG_VERSION_MAJOR=1 CARGO_PKG_VERSION_MINOR=5 CARGO_PKG_VERSION_PATCH=1 CARGO_PKG_VERSION_PRE='' DEBUG=false HOST=x86_64-unknown-linux-gnu LD_LIBRARY_PATH='/app/target/cpython-strict/build/primp-0.15.0/target/release/deps:/app/target/cpython-strict/build/primp-0.15.0/target/release:/app/target/cpython-strict/host-tools/rustup/toolchains/nightly-2025-01-18-x86_64-unknown-linux-gnu/lib/rustlib/x86_64-unknown-linux-gnu/lib:/app/target/cpython-strict/host-tools/rustup/toolchains/nightly-2025-01-18-x86_64-unknown-linux-gnu/lib:/opt/kendryte-toolchain/bin/:' NUM_JOBS=10 OPT_LEVEL=3 OUT_DIR=/app/target/cpython-strict/build/primp-0.15.0/target/loongarch64-unknown-linux-musl/release/build/icu_normalizer_data-c057298c4f7c191c/out PROFILE=release RUSTC=/app/target/cpython-strict/host-tools/rustup/toolchains/nightly-2025-01-18-x86_64-unknown-linux-gnu/bin/rustc RUSTC_LINKER=/app/target/cpython-strict/cross/loongarch64-linux-musl-gcc RUSTDOC=/app/target/cpython-strict/host-tools/rustup/toolchains/nightly-2025-01-18-x86_64-unknown-linux-gnu/bin/rustdoc TARGET=loongarch64-unknown-linux-musl /app/target/cpython-strict/build/primp-0.15.0/target/release/build/icu_normalizer_data-bd03d235105417da/build-script-build`
   Compiling pkg-config v0.3.32
     Running `CARGO=/app/target/cpython-strict/host-tools/rustup/toolchains/nightly-2025-01-18-x86_64-unknown-linux-gnu/bin/cargo CARGO_CRATE_NAME=pkg_config CARGO_MANIFEST_DIR=/app/target/cpython-strict/host-tools/cargo/registry/src/index.crates.io-1949cf8c6b5b557f/pkg-config-0.3.32 CARGO_MANIFEST_PATH=/app/target/cpython-strict/host-tools/cargo/registry/src/index.crates.io-1949cf8c6b5b557f/pkg-config-0.3.32/Cargo.toml CARGO_PKG_AUTHORS='Alex Crichton <alex@alexcrichton.com>' CARGO_PKG_DESCRIPTION='A library to run the pkg-config system tool at build time in order to be used in
Cargo build scripts.
' CARGO_PKG_HOMEPAGE='' CARGO_PKG_LICENSE='MIT OR Apache-2.0' CARGO_PKG_LICENSE_FILE='' CARGO_PKG_NAME=pkg-config CARGO_PKG_README=README.md CARGO_PKG_REPOSITORY='https://github.com/rust-lang/pkg-config-rs' CARGO_PKG_RUST_VERSION=1.31 CARGO_PKG_VERSION=0.3.32 CARGO_PKG_VERSION_MAJOR=0 CARGO_PKG_VERSION_MINOR=3 CARGO_PKG_VERSION_PATCH=32 CARGO_PKG_VERSION_PRE='' LD_LIBRARY_PATH='/app/target/cpython-strict/build/primp-0.15.0/target/release/deps:/app/target/cpython-strict/host-tools/rustup/toolchains/nightly-2025-01-18-x86_64-unknown-linux-gnu/lib:/opt/kendryte-toolchain/bin/:' /app/target/cpython-strict/host-tools/rustup/toolchains/nightly-2025-01-18-x86_64-unknown-linux-gnu/bin/rustc --crate-name pkg_config --edition=2018 /app/target/cpython-strict/host-tools/cargo/registry/src/index.crates.io-1949cf8c6b5b557f/pkg-config-0.3.32/src/lib.rs --error-format=json --json=diagnostic-rendered-ansi,artifacts,future-incompat --crate-type lib --emit=dep-info,metadata,link -C embed-bitcode=no -C debug-assertions=off --check-cfg 'cfg(docsrs,test)' --check-cfg 'cfg(feature, values())' -C metadata=17ecc3769ca4871c -C extra-filename=-f3e663dede66f4d9 --out-dir /app/target/cpython-strict/build/primp-0.15.0/target/release/deps -C strip=symbols -L dependency=/app/target/cpython-strict/build/primp-0.15.0/target/release/deps --cap-lints warn`
warning: unexpected `cfg` condition name: `icu4x_custom_data`
  --> /app/target/cpython-strict/host-tools/cargo/registry/src/index.crates.io-1949cf8c6b5b557f/icu_properties_data-1.5.1/src/lib.rs:14:7
   |
14 | #[cfg(icu4x_custom_data)]
   |       ^^^^^^^^^^^^^^^^^
   |
   = help: expected names are: `clippy`, `debug_assertions`, `doc`, `docsrs`, `doctest`, `feature`, `fmt_debug`, `miri`, `overflow_checks`, `panic`, `proc_macro`, `relocation_model`, `rustfmt`, `sanitize`, `sanitizer_cfi_generalize_pointers`, `sanitizer_cfi_normalize_integers`, `target_abi`, `target_arch`, `target_endian`, `target_env`, `target_family`, `target_feature`, `target_has_atomic`, `target_has_atomic_equal_alignment`, `target_has_atomic_load_store`, `target_os`, `target_pointer_width`, `target_thread_local`, `target_vendor`, `test`, `ub_checks`, `unix`, and `windows`
   = help: consider using a Cargo feature instead
   = help: or consider adding in `Cargo.toml` the `check-cfg` lint config for the lint:
            [lints.rust]
            unexpected_cfgs = { level = "warn", check-cfg = ['cfg(icu4x_custom_data)'] }
   = help: or consider adding `println!("cargo::rustc-check-cfg=cfg(icu4x_custom_data)");` to the top of the `build.rs`
   = note: see <https://doc.rust-lang.org/nightly/rustc/check-cfg/cargo-specifics.html> for more information about checking conditional configuration
   = note: `#[warn(unexpected_cfgs)]` on by default

warning: unexpected `cfg` condition name: `icu4x_custom_data`
  --> /app/target/cpython-strict/host-tools/cargo/registry/src/index.crates.io-1949cf8c6b5b557f/icu_properties_data-1.5.1/src/lib.rs:16:11
   |
16 | #[cfg(not(icu4x_custom_data))]
   |           ^^^^^^^^^^^^^^^^^
   |
   = help: consider using a Cargo feature instead
   = help: or consider adding in `Cargo.toml` the `check-cfg` lint config for the lint:
            [lints.rust]
            unexpected_cfgs = { level = "warn", check-cfg = ['cfg(icu4x_custom_data)'] }
   = help: or consider adding `println!("cargo::rustc-check-cfg=cfg(icu4x_custom_data)");` to the top of the `build.rs`
   = note: see <https://doc.rust-lang.org/nightly/rustc/check-cfg/cargo-specifics.html> for more information about checking conditional configuration

warning: unexpected `cfg` condition value: `cargo-clippy`
   --> /app/target/cpython-strict/host-tools/cargo/registry/src/index.crates.io-1949cf8c6b5b557f/nom-7.1.3/src/lib.rs:375:13
    |
375 | #![cfg_attr(feature = "cargo-clippy", allow(clippy::doc_markdown))]
    |             ^^^^^^^^^^^^^^^^^^^^^^^^
    |
    = note: expected values for `feature` are: `alloc`, `default`, `docsrs`, and `std`
    = help: consider adding `cargo-clippy` as a feature in `Cargo.toml`
    = note: see <https://doc.rust-lang.org/nightly/rustc/check-cfg/cargo-specifics.html> for more information about checking conditional configuration
    = note: `#[warn(unexpected_cfgs)]` on by default

warning: unexpected `cfg` condition name: `nightly`
   --> /app/target/cpython-strict/host-tools/cargo/registry/src/index.crates.io-1949cf8c6b5b557f/nom-7.1.3/src/lib.rs:379:12
    |
379 | #[cfg_attr(nightly, warn(rustdoc::missing_doc_code_examples))]
    |            ^^^^^^^
    |
    = help: expected names are: `clippy`, `debug_assertions`, `doc`, `docsrs`, `doctest`, `feature`, `fmt_debug`, `miri`, `overflow_checks`, `panic`, `proc_macro`, `relocation_model`, `rustfmt`, `sanitize`, `sanitizer_cfi_generalize_pointers`, `sanitizer_cfi_normalize_integers`, `target_abi`, `target_arch`, `target_endian`, `target_env`, `target_family`, `target_feature`, `target_has_atomic`, `target_has_atomic_equal_alignment`, `target_has_atomic_load_store`, `target_os`, `target_pointer_width`, `target_thread_local`, `target_vendor`, `test`, `ub_checks`, `unix`, and `windows`
    = help: consider using a Cargo feature instead
    = help: or consider adding in `Cargo.toml` the `check-cfg` lint config for the lint:
             [lints.rust]
             unexpected_cfgs = { level = "warn", check-cfg = ['cfg(nightly)'] }
    = help: or consider adding `println!("cargo::rustc-check-cfg=cfg(nightly)");` to the top of the `build.rs`
    = note: see <https://doc.rust-lang.org/nightly/rustc/check-cfg/cargo-specifics.html> for more information about checking conditional configuration

warning: unexpected `cfg` condition name: `nightly`
   --> /app/target/cpython-strict/host-tools/cargo/registry/src/index.crates.io-1949cf8c6b5b557f/nom-7.1.3/src/lib.rs:391:12
    |
391 | #[cfg_attr(nightly, allow(rustdoc::missing_doc_code_examples))]
    |            ^^^^^^^
    |
    = help: consider using a Cargo feature instead
    = help: or consider adding in `Cargo.toml` the `check-cfg` lint config for the lint:
             [lints.rust]
             unexpected_cfgs = { level = "warn", check-cfg = ['cfg(nightly)'] }
    = help: or consider adding `println!("cargo::rustc-check-cfg=cfg(nightly)");` to the top of the `build.rs`
    = note: see <https://doc.rust-lang.org/nightly/rustc/check-cfg/cargo-specifics.html> for more information about checking conditional configuration

warning: unexpected `cfg` condition name: `nightly`
   --> /app/target/cpython-strict/host-tools/cargo/registry/src/index.crates.io-1949cf8c6b5b557f/nom-7.1.3/src/lib.rs:418:14
    |
418 |   #[cfg_attr(nightly, allow(rustdoc::missing_doc_code_examples))]
    |              ^^^^^^^
    |
    = help: consider using a Cargo feature instead
    = help: or consider adding in `Cargo.toml` the `check-cfg` lint config for the lint:
             [lints.rust]
             unexpected_cfgs = { level = "warn", check-cfg = ['cfg(nightly)'] }
    = help: or consider adding `println!("cargo::rustc-check-cfg=cfg(nightly)");` to the top of the `build.rs`
    = note: see <https://doc.rust-lang.org/nightly/rustc/check-cfg/cargo-specifics.html> for more information about checking conditional configuration

warning: unused import: `self::str::*`
   --> /app/target/cpython-strict/host-tools/cargo/registry/src/index.crates.io-1949cf8c6b5b557f/nom-7.1.3/src/lib.rs:439:9
    |
439 | pub use self::str::*;
    |         ^^^^^^^^^^^^
    |
    = note: `#[warn(unused_imports)]` on by default

warning: unexpected `cfg` condition name: `nightly`
  --> /app/target/cpython-strict/host-tools/cargo/registry/src/index.crates.io-1949cf8c6b5b557f/nom-7.1.3/src/internal.rs:49:12
   |
49 | #[cfg_attr(nightly, warn(rustdoc::missing_doc_code_examples))]
   |            ^^^^^^^
   |
   = help: consider using a Cargo feature instead
   = help: or consider adding in `Cargo.toml` the `check-cfg` lint config for the lint:
            [lints.rust]
            unexpected_cfgs = { level = "warn", check-cfg = ['cfg(nightly)'] }
   = help: or consider adding `println!("cargo::rustc-check-cfg=cfg(nightly)");` to the top of the `build.rs`
   = note: see <https://doc.rust-lang.org/nightly/rustc/check-cfg/cargo-specifics.html> for more information about checking conditional configuration

warning: unexpected `cfg` condition name: `nightly`
  --> /app/target/cpython-strict/host-tools/cargo/registry/src/index.crates.io-1949cf8c6b5b557f/nom-7.1.3/src/internal.rs:96:12
   |
96 | #[cfg_attr(nightly, warn(rustdoc::missing_doc_code_examples))]
   |            ^^^^^^^
   |
   = help: consider using a Cargo feature instead
   = help: or consider adding in `Cargo.toml` the `check-cfg` lint config for the lint:
            [lints.rust]
            unexpected_cfgs = { level = "warn", check-cfg = ['cfg(nightly)'] }
   = help: or consider adding `println!("cargo::rustc-check-cfg=cfg(nightly)");` to the top of the `build.rs`
   = note: see <https://doc.rust-lang.org/nightly/rustc/check-cfg/cargo-specifics.html> for more information about checking conditional configuration

warning: unexpected `cfg` condition name: `nightly`
   --> /app/target/cpython-strict/host-tools/cargo/registry/src/index.crates.io-1949cf8c6b5b557f/nom-7.1.3/src/internal.rs:340:12
    |
340 | #[cfg_attr(nightly, warn(rustdoc::missing_doc_code_examples))]
    |            ^^^^^^^
    |
    = help: consider using a Cargo feature instead
    = help: or consider adding in `Cargo.toml` the `check-cfg` lint config for the lint:
             [lints.rust]
             unexpected_cfgs = { level = "warn", check-cfg = ['cfg(nightly)'] }
    = help: or consider adding `println!("cargo::rustc-check-cfg=cfg(nightly)");` to the top of the `build.rs`
    = note: see <https://doc.rust-lang.org/nightly/rustc/check-cfg/cargo-specifics.html> for more information about checking conditional configuration

warning: unexpected `cfg` condition name: `nightly`
   --> /app/target/cpython-strict/host-tools/cargo/registry/src/index.crates.io-1949cf8c6b5b557f/nom-7.1.3/src/internal.rs:357:12
    |
357 | #[cfg_attr(nightly, warn(rustdoc::missing_doc_code_examples))]
    |            ^^^^^^^
    |
    = help: consider using a Cargo feature instead
    = help: or consider adding in `Cargo.toml` the `check-cfg` lint config for the lint:
             [lints.rust]
             unexpected_cfgs = { level = "warn", check-cfg = ['cfg(nightly)'] }
    = help: or consider adding `println!("cargo::rustc-check-cfg=cfg(nightly)");` to the top of the `build.rs`
    = note: see <https://doc.rust-lang.org/nightly/rustc/check-cfg/cargo-specifics.html> for more information about checking conditional configuration

warning: unexpected `cfg` condition name: `nightly`
   --> /app/target/cpython-strict/host-tools/cargo/registry/src/index.crates.io-1949cf8c6b5b557f/nom-7.1.3/src/internal.rs:374:12
    |
374 | #[cfg_attr(nightly, warn(rustdoc::missing_doc_code_examples))]
    |            ^^^^^^^
    |
    = help: consider using a Cargo feature instead
    = help: or consider adding in `Cargo.toml` the `check-cfg` lint config for the lint:
             [lints.rust]
             unexpected_cfgs = { level = "warn", check-cfg = ['cfg(nightly)'] }
    = help: or consider adding `println!("cargo::rustc-check-cfg=cfg(nightly)");` to the top of the `build.rs`
    = note: see <https://doc.rust-lang.org/nightly/rustc/check-cfg/cargo-specifics.html> for more information about checking conditional configuration

warning: unexpected `cfg` condition name: `nightly`
   --> /app/target/cpython-strict/host-tools/cargo/registry/src/index.crates.io-1949cf8c6b5b557f/nom-7.1.3/src/internal.rs:392:12
    |
392 | #[cfg_attr(nightly, warn(rustdoc::missing_doc_code_examples))]
    |            ^^^^^^^
    |
    = help: consider using a Cargo feature instead
    = help: or consider adding in `Cargo.toml` the `check-cfg` lint config for the lint:
             [lints.rust]
             unexpected_cfgs = { level = "warn", check-cfg = ['cfg(nightly)'] }
    = help: or consider adding `println!("cargo::rustc-check-cfg=cfg(nightly)");` to the top of the `build.rs`
    = note: see <https://doc.rust-lang.org/nightly/rustc/check-cfg/cargo-specifics.html> for more information about checking conditional configuration

warning: unexpected `cfg` condition name: `nightly`
   --> /app/target/cpython-strict/host-tools/cargo/registry/src/index.crates.io-1949cf8c6b5b557f/nom-7.1.3/src/internal.rs:409:12
    |
409 | #[cfg_attr(nightly, warn(rustdoc::missing_doc_code_examples))]
    |            ^^^^^^^
    |
    = help: consider using a Cargo feature instead
    = help: or consider adding in `Cargo.toml` the `check-cfg` lint config for the lint:
             [lints.rust]
             unexpected_cfgs = { level = "warn", check-cfg = ['cfg(nightly)'] }
    = help: or consider adding `println!("cargo::rustc-check-cfg=cfg(nightly)");` to the top of the `build.rs`
    = note: see <https://doc.rust-lang.org/nightly/rustc/check-cfg/cargo-specifics.html> for more information about checking conditional configuration

warning: unexpected `cfg` condition name: `nightly`
   --> /app/target/cpython-strict/host-tools/cargo/registry/src/index.crates.io-1949cf8c6b5b557f/nom-7.1.3/src/internal.rs:430:12
    |
430 | #[cfg_attr(nightly, warn(rustdoc::missing_doc_code_examples))]
    |            ^^^^^^^
    |
    = help: consider using a Cargo feature instead
    = help: or consider adding in `Cargo.toml` the `check-cfg` lint config for the lint:
             [lints.rust]
             unexpected_cfgs = { level = "warn", check-cfg = ['cfg(nightly)'] }
    = help: or consider adding `println!("cargo::rustc-check-cfg=cfg(nightly)");` to the top of the `build.rs`
    = note: see <https://doc.rust-lang.org/nightly/rustc/check-cfg/cargo-specifics.html> for more information about checking conditional configuration

warning: `rand_core` (lib) generated 1 warning
   Compiling rand v0.8.5
     Running `CARGO=/app/target/cpython-strict/host-tools/rustup/toolchains/nightly-2025-01-18-x86_64-unknown-linux-gnu/bin/cargo CARGO_CRATE_NAME=rand CARGO_MANIFEST_DIR=/app/target/cpython-strict/host-tools/cargo/registry/src/index.crates.io-1949cf8c6b5b557f/rand-0.8.5 CARGO_MANIFEST_PATH=/app/target/cpython-strict/host-tools/cargo/registry/src/index.crates.io-1949cf8c6b5b557f/rand-0.8.5/Cargo.toml CARGO_PKG_AUTHORS='The Rand Project Developers:The Rust Project Developers' CARGO_PKG_DESCRIPTION='Random number generators and other randomness functionality.
' CARGO_PKG_HOMEPAGE='https://rust-random.github.io/book' CARGO_PKG_LICENSE='MIT OR Apache-2.0' CARGO_PKG_LICENSE_FILE='' CARGO_PKG_NAME=rand CARGO_PKG_README=README.md CARGO_PKG_REPOSITORY='https://github.com/rust-random/rand' CARGO_PKG_RUST_VERSION='' CARGO_PKG_VERSION=0.8.5 CARGO_PKG_VERSION_MAJOR=0 CARGO_PKG_VERSION_MINOR=8 CARGO_PKG_VERSION_PATCH=5 CARGO_PKG_VERSION_PRE='' LD_LIBRARY_PATH='/app/target/cpython-strict/build/primp-0.15.0/target/release/deps:/app/target/cpython-strict/host-tools/rustup/toolchains/nightly-2025-01-18-x86_64-unknown-linux-gnu/lib:/opt/kendryte-toolchain/bin/:' /app/target/cpython-strict/host-tools/rustup/toolchains/nightly-2025-01-18-x86_64-unknown-linux-gnu/bin/rustc --crate-name rand --edition=2018 /app/target/cpython-strict/host-tools/cargo/registry/src/index.crates.io-1949cf8c6b5b557f/rand-0.8.5/src/lib.rs --error-format=json --json=diagnostic-rendered-ansi,artifacts,future-incompat --crate-type lib --emit=dep-info,metadata,link -C embed-bitcode=no -C debug-assertions=off --cfg 'feature="small_rng"' --check-cfg 'cfg(docsrs,test)' --check-cfg 'cfg(feature, values("alloc", "default", "getrandom", "libc", "log", "min_const_gen", "nightly", "packed_simd", "rand_chacha", "serde", "serde1", "simd_support", "small_rng", "std", "std_rng"))' -C metadata=6c25fe19028c9e75 -C extra-filename=-38ce05204f160397 --out-dir /app/target/cpython-strict/build/primp-0.15.0/target/release/deps -C strip=symbols -L dependency=/app/target/cpython-strict/build/primp-0.15.0/target/release/deps --extern rand_core=/app/target/cpython-strict/build/primp-0.15.0/target/release/deps/librand_core-bccb87410cfb3d65.rmeta --cap-lints warn`
warning: `icu_properties_data` (lib) generated 3 warnings (1 duplicate)
   Compiling bindgen v0.70.1
     Running `CARGO=/app/target/cpython-strict/host-tools/rustup/toolchains/nightly-2025-01-18-x86_64-unknown-linux-gnu/bin/cargo CARGO_CRATE_NAME=build_script_build CARGO_MANIFEST_DIR=/app/target/cpython-strict/host-tools/cargo/registry/src/index.crates.io-1949cf8c6b5b557f/bindgen-0.70.1 CARGO_MANIFEST_PATH=/app/target/cpython-strict/host-tools/cargo/registry/src/index.crates.io-1949cf8c6b5b557f/bindgen-0.70.1/Cargo.toml CARGO_PKG_AUTHORS='Jyun-Yan You <jyyou.tw@gmail.com>:Emilio Cobos Álvarez <emilio@crisal.io>:Nick Fitzgerald <fitzgen@gmail.com>:The Servo project developers' CARGO_PKG_DESCRIPTION='Automatically generates Rust FFI bindings to C and C++ libraries.' CARGO_PKG_HOMEPAGE='https://rust-lang.github.io/rust-bindgen/' CARGO_PKG_LICENSE=BSD-3-Clause CARGO_PKG_LICENSE_FILE='' CARGO_PKG_NAME=bindgen CARGO_PKG_README=README.md CARGO_PKG_REPOSITORY='https://github.com/rust-lang/rust-bindgen' CARGO_PKG_RUST_VERSION=1.70.0 CARGO_PKG_VERSION=0.70.1 CARGO_PKG_VERSION_MAJOR=0 CARGO_PKG_VERSION_MINOR=70 CARGO_PKG_VERSION_PATCH=1 CARGO_PKG_VERSION_PRE='' LD_LIBRARY_PATH='/app/target/cpython-strict/build/primp-0.15.0/target/release/deps:/app/target/cpython-strict/host-tools/rustup/toolchains/nightly-2025-01-18-x86_64-unknown-linux-gnu/lib:/opt/kendryte-toolchain/bin/:' /app/target/cpython-strict/host-tools/rustup/toolchains/nightly-2025-01-18-x86_64-unknown-linux-gnu/bin/rustc --crate-name build_script_build --edition=2018 /app/target/cpython-strict/host-tools/cargo/registry/src/index.crates.io-1949cf8c6b5b557f/bindgen-0.70.1/build.rs --error-format=json --json=diagnostic-rendered-ansi,artifacts,future-incompat --crate-type bin --emit=dep-info,link -C embed-bitcode=no -C debug-assertions=off --cfg 'feature="runtime"' --check-cfg 'cfg(docsrs,test)' --check-cfg 'cfg(feature, values("__cli", "__testing_only_extra_assertions", "__testing_only_libclang_16", "__testing_only_libclang_9", "default", "experimental", "logging", "prettyplease", "runtime", "static", "which-rustfmt"))' -C metadata=96a01586c27ed3b0 -C extra-filename=-a362287c5fd80e19 --out-dir /app/target/cpython-strict/build/primp-0.15.0/target/release/build/bindgen-a362287c5fd80e19 -C strip=symbols -L dependency=/app/target/cpython-strict/build/primp-0.15.0/target/release/deps --cap-lints warn`
   Compiling either v1.15.0
     Running `CARGO=/app/target/cpython-strict/host-tools/rustup/toolchains/nightly-2025-01-18-x86_64-unknown-linux-gnu/bin/cargo CARGO_CRATE_NAME=either CARGO_MANIFEST_DIR=/app/target/cpython-strict/host-tools/cargo/registry/src/index.crates.io-1949cf8c6b5b557f/either-1.15.0 CARGO_MANIFEST_PATH=/app/target/cpython-strict/host-tools/cargo/registry/src/index.crates.io-1949cf8c6b5b557f/either-1.15.0/Cargo.toml CARGO_PKG_AUTHORS=bluss CARGO_PKG_DESCRIPTION='The enum `Either` with variants `Left` and `Right` is a general purpose sum type with two cases.
' CARGO_PKG_HOMEPAGE='' CARGO_PKG_LICENSE='MIT OR Apache-2.0' CARGO_PKG_LICENSE_FILE='' CARGO_PKG_NAME=either CARGO_PKG_README=README-crates.io.md CARGO_PKG_REPOSITORY='https://github.com/rayon-rs/either' CARGO_PKG_RUST_VERSION=1.63.0 CARGO_PKG_VERSION=1.15.0 CARGO_PKG_VERSION_MAJOR=1 CARGO_PKG_VERSION_MINOR=15 CARGO_PKG_VERSION_PATCH=0 CARGO_PKG_VERSION_PRE='' LD_LIBRARY_PATH='/app/target/cpython-strict/build/primp-0.15.0/target/release/deps:/app/target/cpython-strict/host-tools/rustup/toolchains/nightly-2025-01-18-x86_64-unknown-linux-gnu/lib:/opt/kendryte-toolchain/bin/:' /app/target/cpython-strict/host-tools/rustup/toolchains/nightly-2025-01-18-x86_64-unknown-linux-gnu/bin/rustc --crate-name either --edition=2021 /app/target/cpython-strict/host-tools/cargo/registry/src/index.crates.io-1949cf8c6b5b557f/either-1.15.0/src/lib.rs --error-format=json --json=diagnostic-rendered-ansi,artifacts,future-incompat --crate-type lib --emit=dep-info,metadata,link -C embed-bitcode=no -C debug-assertions=off --check-cfg 'cfg(docsrs,test)' --check-cfg 'cfg(feature, values("default", "serde", "std", "use_std"))' -C metadata=42057587b3778222 -C extra-filename=-c461b6723c482a79 --out-dir /app/target/cpython-strict/build/primp-0.15.0/target/release/deps -C strip=symbols -L dependency=/app/target/cpython-strict/build/primp-0.15.0/target/release/deps --cap-lints warn`
     Running `CARGO=/app/target/cpython-strict/host-tools/rustup/toolchains/nightly-2025-01-18-x86_64-unknown-linux-gnu/bin/cargo CARGO_CRATE_NAME=clang_sys CARGO_MANIFEST_DIR=/app/target/cpython-strict/host-tools/cargo/registry/src/index.crates.io-1949cf8c6b5b557f/clang-sys-1.8.1 CARGO_MANIFEST_PATH=/app/target/cpython-strict/host-tools/cargo/registry/src/index.crates.io-1949cf8c6b5b557f/clang-sys-1.8.1/Cargo.toml CARGO_PKG_AUTHORS='Kyle Mayes <kyle@mayeses.com>' CARGO_PKG_DESCRIPTION='Rust bindings for libclang.' CARGO_PKG_HOMEPAGE='' CARGO_PKG_LICENSE=Apache-2.0 CARGO_PKG_LICENSE_FILE='' CARGO_PKG_NAME=clang-sys CARGO_PKG_README=README.md CARGO_PKG_REPOSITORY='https://github.com/KyleMayes/clang-sys' CARGO_PKG_RUST_VERSION='' CARGO_PKG_VERSION=1.8.1 CARGO_PKG_VERSION_MAJOR=1 CARGO_PKG_VERSION_MINOR=8 CARGO_PKG_VERSION_PATCH=1 CARGO_PKG_VERSION_PRE='' LD_LIBRARY_PATH='/app/target/cpython-strict/build/primp-0.15.0/target/release/deps:/app/target/cpython-strict/host-tools/rustup/toolchains/nightly-2025-01-18-x86_64-unknown-linux-gnu/lib:/opt/kendryte-toolchain/bin/:' OUT_DIR=/app/target/cpython-strict/build/primp-0.15.0/target/release/build/clang-sys-aed36a3e5585f884/out /app/target/cpython-strict/host-tools/rustup/toolchains/nightly-2025-01-18-x86_64-unknown-linux-gnu/bin/rustc --crate-name clang_sys --edition=2021 /app/target/cpython-strict/host-tools/cargo/registry/src/index.crates.io-1949cf8c6b5b557f/clang-sys-1.8.1/src/lib.rs --error-format=json --json=diagnostic-rendered-ansi,artifacts,future-incompat --crate-type lib --emit=dep-info,metadata,link -C embed-bitcode=no -C debug-assertions=off --cfg 'feature="clang_3_5"' --cfg 'feature="clang_3_6"' --cfg 'feature="clang_3_7"' --cfg 'feature="clang_3_8"' --cfg 'feature="clang_3_9"' --cfg 'feature="clang_4_0"' --cfg 'feature="clang_5_0"' --cfg 'feature="clang_6_0"' --cfg 'feature="libloading"' --cfg 'feature="runtime"' --check-cfg 'cfg(docsrs,test)' --check-cfg 'cfg(feature, values("clang_10_0", "clang_11_0", "clang_12_0", "clang_13_0", "clang_14_0", "clang_15_0", "clang_16_0", "clang_17_0", "clang_18_0", "clang_3_5", "clang_3_6", "clang_3_7", "clang_3_8", "clang_3_9", "clang_4_0", "clang_5_0", "clang_6_0", "clang_7_0", "clang_8_0", "clang_9_0", "libcpp", "libloading", "runtime", "static"))' -C metadata=28ffcc2bf84445f0 -C extra-filename=-d6b569f13ae8529c --out-dir /app/target/cpython-strict/build/primp-0.15.0/target/release/deps -C strip=symbols -L dependency=/app/target/cpython-strict/build/primp-0.15.0/target/release/deps --extern glob=/app/target/cpython-strict/build/primp-0.15.0/target/release/deps/libglob-c9794cebc823a11e.rmeta --extern libc=/app/target/cpython-strict/build/primp-0.15.0/target/release/deps/liblibc-d907941c51b714b7.rmeta --extern libloading=/app/target/cpython-strict/build/primp-0.15.0/target/release/deps/liblibloading-77a472405319a718.rmeta --cap-lints warn`
warning: `libloading` (lib) generated 15 warnings
     Running `CARGO=/app/target/cpython-strict/host-tools/rustup/toolchains/nightly-2025-01-18-x86_64-unknown-linux-gnu/bin/cargo CARGO_CRATE_NAME=icu_normalizer_data CARGO_MANIFEST_DIR=/app/target/cpython-strict/host-tools/cargo/registry/src/index.crates.io-1949cf8c6b5b557f/icu_normalizer_data-1.5.1 CARGO_MANIFEST_PATH=/app/target/cpython-strict/host-tools/cargo/registry/src/index.crates.io-1949cf8c6b5b557f/icu_normalizer_data-1.5.1/Cargo.toml CARGO_PKG_AUTHORS='The ICU4X Project Developers' CARGO_PKG_DESCRIPTION='Data for the icu_normalizer crate' CARGO_PKG_HOMEPAGE='https://icu4x.unicode.org' CARGO_PKG_LICENSE=Unicode-3.0 CARGO_PKG_LICENSE_FILE='' CARGO_PKG_NAME=icu_normalizer_data CARGO_PKG_README=README.md CARGO_PKG_REPOSITORY='https://github.com/unicode-org/icu4x' CARGO_PKG_RUST_VERSION=1.67 CARGO_PKG_VERSION=1.5.1 CARGO_PKG_VERSION_MAJOR=1 CARGO_PKG_VERSION_MINOR=5 CARGO_PKG_VERSION_PATCH=1 CARGO_PKG_VERSION_PRE='' LD_LIBRARY_PATH='/app/target/cpython-strict/build/primp-0.15.0/target/release/deps:/app/target/cpython-strict/host-tools/rustup/toolchains/nightly-2025-01-18-x86_64-unknown-linux-gnu/lib:/opt/kendryte-toolchain/bin/:' OUT_DIR=/app/target/cpython-strict/build/primp-0.15.0/target/loongarch64-unknown-linux-musl/release/build/icu_normalizer_data-c057298c4f7c191c/out /app/target/cpython-strict/host-tools/rustup/toolchains/nightly-2025-01-18-x86_64-unknown-linux-gnu/bin/rustc --crate-name icu_normalizer_data --edition=2021 /app/target/cpython-strict/host-tools/cargo/registry/src/index.crates.io-1949cf8c6b5b557f/icu_normalizer_data-1.5.1/src/lib.rs --error-format=json --json=diagnostic-rendered-ansi,artifacts,future-incompat --crate-type lib --emit=dep-info,metadata,link -C opt-level=3 -C panic=abort -C linker-plugin-lto -C codegen-units=1 --check-cfg 'cfg(docsrs,test)' --check-cfg 'cfg(feature, values())' -C metadata=a1031918aa5ecc7e -C extra-filename=-22159ba3df7c96ef --out-dir /app/target/cpython-strict/build/primp-0.15.0/target/loongarch64-unknown-linux-musl/release/deps --target loongarch64-unknown-linux-musl -C linker=/app/target/cpython-strict/cross/loongarch64-linux-musl-gcc -C strip=symbols -L dependency=/app/target/cpython-strict/build/primp-0.15.0/target/loongarch64-unknown-linux-musl/release/deps -L dependency=/app/target/cpython-strict/build/primp-0.15.0/target/release/deps --cap-lints warn -C target-feature=-ual -C target-feature=-crt-static`
warning: unexpected `cfg` condition name: `doc_cfg`
  --> /app/target/cpython-strict/host-tools/cargo/registry/src/index.crates.io-1949cf8c6b5b557f/rand-0.8.5/src/lib.rs:53:13
   |
53 | #![cfg_attr(doc_cfg, feature(doc_cfg))]
   |             ^^^^^^^
   |
   = help: expected names are: `clippy`, `debug_assertions`, `doc`, `docsrs`, `doctest`, `feature`, `fmt_debug`, `miri`, `overflow_checks`, `panic`, `proc_macro`, `relocation_model`, `rustfmt`, `sanitize`, `sanitizer_cfi_generalize_pointers`, `sanitizer_cfi_normalize_integers`, `target_abi`, `target_arch`, `target_endian`, `target_env`, `target_family`, `target_feature`, `target_has_atomic`, `target_has_atomic_equal_alignment`, `target_has_atomic_load_store`, `target_os`, `target_pointer_width`, `target_thread_local`, `target_vendor`, `test`, `ub_checks`, `unix`, and `windows`
   = help: consider using a Cargo feature instead
   = help: or consider adding in `Cargo.toml` the `check-cfg` lint config for the lint:
            [lints.rust]
            unexpected_cfgs = { level = "warn", check-cfg = ['cfg(doc_cfg)'] }
   = help: or consider adding `println!("cargo::rustc-check-cfg=cfg(doc_cfg)");` to the top of the `build.rs`
   = note: see <https://doc.rust-lang.org/nightly/rustc/check-cfg/cargo-specifics.html> for more information about checking conditional configuration
   = note: `#[warn(unexpected_cfgs)]` on by default

warning: unexpected `cfg` condition name: `features`
   --> /app/target/cpython-strict/host-tools/cargo/registry/src/index.crates.io-1949cf8c6b5b557f/rand-0.8.5/src/distributions/distribution.rs:162:7
    |
162 | #[cfg(features = "nightly")]
    |       ^^^^^^^^^^^^^^^^^^^^
    |
    = note: see <https://doc.rust-lang.org/nightly/rustc/check-cfg/cargo-specifics.html> for more information about checking conditional configuration
help: there is a config with a similar name and value
    |
162 | #[cfg(feature = "nightly")]
    |       ~~~~~~~

warning: unexpected `cfg` condition name: `std`
   --> /app/target/cpython-strict/host-tools/cargo/registry/src/index.crates.io-1949cf8c6b5b557f/rand-0.8.5/src/distributions/utils.rs:235:11
    |
235 | #[cfg(not(std))]
    |           ^^^ help: found config with similar value: `feature = "std"`
    |
    = help: consider using a Cargo feature instead
    = help: or consider adding in `Cargo.toml` the `check-cfg` lint config for the lint:
             [lints.rust]
             unexpected_cfgs = { level = "warn", check-cfg = ['cfg(std)'] }
    = help: or consider adding `println!("cargo::rustc-check-cfg=cfg(std)");` to the top of the `build.rs`
    = note: see <https://doc.rust-lang.org/nightly/rustc/check-cfg/cargo-specifics.html> for more information about checking conditional configuration

warning: unexpected `cfg` condition name: `std`
   --> /app/target/cpython-strict/host-tools/cargo/registry/src/index.crates.io-1949cf8c6b5b557f/rand-0.8.5/src/distributions/utils.rs:291:19
    |
291 |         #[cfg(not(std))]
    |                   ^^^ help: found config with similar value: `feature = "std"`
...
359 | scalar_float_impl!(f32, u32);
    | ---------------------------- in this macro invocation
    |
    = help: consider using a Cargo feature instead
    = help: or consider adding in `Cargo.toml` the `check-cfg` lint config for the lint:
             [lints.rust]
             unexpected_cfgs = { level = "warn", check-cfg = ['cfg(std)'] }
    = help: or consider adding `println!("cargo::rustc-check-cfg=cfg(std)");` to the top of the `build.rs`
    = note: see <https://doc.rust-lang.org/nightly/rustc/check-cfg/cargo-specifics.html> for more information about checking conditional configuration
    = note: this warning originates in the macro `scalar_float_impl` (in Nightly builds, run with -Z macro-backtrace for more info)

warning: unexpected `cfg` condition name: `std`
   --> /app/target/cpython-strict/host-tools/cargo/registry/src/index.crates.io-1949cf8c6b5b557f/rand-0.8.5/src/distributions/utils.rs:291:19
    |
291 |         #[cfg(not(std))]
    |                   ^^^ help: found config with similar value: `feature = "std"`
...
360 | scalar_float_impl!(f64, u64);
    | ---------------------------- in this macro invocation
    |
    = help: consider using a Cargo feature instead
    = help: or consider adding in `Cargo.toml` the `check-cfg` lint config for the lint:
             [lints.rust]
             unexpected_cfgs = { level = "warn", check-cfg = ['cfg(std)'] }
    = help: or consider adding `println!("cargo::rustc-check-cfg=cfg(std)");` to the top of the `build.rs`
    = note: see <https://doc.rust-lang.org/nightly/rustc/check-cfg/cargo-specifics.html> for more information about checking conditional configuration
    = note: this warning originates in the macro `scalar_float_impl` (in Nightly builds, run with -Z macro-backtrace for more info)

warning: unexpected `cfg` condition name: `doc_cfg`
   --> /app/target/cpython-strict/host-tools/cargo/registry/src/index.crates.io-1949cf8c6b5b557f/rand-0.8.5/src/rng.rs:395:12
    |
395 | #[cfg_attr(doc_cfg, doc(cfg(feature = "min_const_gen")))]
    |            ^^^^^^^
    |
    = help: consider using a Cargo feature instead
    = help: or consider adding in `Cargo.toml` the `check-cfg` lint config for the lint:
             [lints.rust]
             unexpected_cfgs = { level = "warn", check-cfg = ['cfg(doc_cfg)'] }
    = help: or consider adding `println!("cargo::rustc-check-cfg=cfg(doc_cfg)");` to the top of the `build.rs`
    = note: see <https://doc.rust-lang.org/nightly/rustc/check-cfg/cargo-specifics.html> for more information about checking conditional configuration

warning: unexpected `cfg` condition name: `doc_cfg`
  --> /app/target/cpython-strict/host-tools/cargo/registry/src/index.crates.io-1949cf8c6b5b557f/rand-0.8.5/src/rngs/mod.rs:99:12
   |
99 | #[cfg_attr(doc_cfg, doc(cfg(feature = "std")))]
   |            ^^^^^^^
   |
   = help: consider using a Cargo feature instead
   = help: or consider adding in `Cargo.toml` the `check-cfg` lint config for the lint:
            [lints.rust]
            unexpected_cfgs = { level = "warn", check-cfg = ['cfg(doc_cfg)'] }
   = help: or consider adding `println!("cargo::rustc-check-cfg=cfg(doc_cfg)");` to the top of the `build.rs`
   = note: see <https://doc.rust-lang.org/nightly/rustc/check-cfg/cargo-specifics.html> for more information about checking conditional configuration

warning: unexpected `cfg` condition name: `doc_cfg`
   --> /app/target/cpython-strict/host-tools/cargo/registry/src/index.crates.io-1949cf8c6b5b557f/rand-0.8.5/src/rngs/mod.rs:118:12
    |
118 | #[cfg_attr(doc_cfg, doc(cfg(feature = "getrandom")))]
    |            ^^^^^^^
    |
    = help: consider using a Cargo feature instead
    = help: or consider adding in `Cargo.toml` the `check-cfg` lint config for the lint:
             [lints.rust]
             unexpected_cfgs = { level = "warn", check-cfg = ['cfg(doc_cfg)'] }
    = help: or consider adding `println!("cargo::rustc-check-cfg=cfg(doc_cfg)");` to the top of the `build.rs`
    = note: see <https://doc.rust-lang.org/nightly/rustc/check-cfg/cargo-specifics.html> for more information about checking conditional configuration

warning: unexpected `cfg` condition name: `doc_cfg`
  --> /app/target/cpython-strict/host-tools/cargo/registry/src/index.crates.io-1949cf8c6b5b557f/rand-0.8.5/src/rngs/small.rs:79:12
   |
79 | #[cfg_attr(doc_cfg, doc(cfg(feature = "small_rng")))]
   |            ^^^^^^^
   |
   = help: consider using a Cargo feature instead
   = help: or consider adding in `Cargo.toml` the `check-cfg` lint config for the lint:
            [lints.rust]
            unexpected_cfgs = { level = "warn", check-cfg = ['cfg(doc_cfg)'] }
   = help: or consider adding `println!("cargo::rustc-check-cfg=cfg(doc_cfg)");` to the top of the `build.rs`
   = note: see <https://doc.rust-lang.org/nightly/rustc/check-cfg/cargo-specifics.html> for more information about checking conditional configuration

warning: unexpected `cfg` condition name: `icu4x_custom_data`
  --> /app/target/cpython-strict/host-tools/cargo/registry/src/index.crates.io-1949cf8c6b5b557f/icu_normalizer_data-1.5.1/src/lib.rs:14:7
   |
14 | #[cfg(icu4x_custom_data)]
   |       ^^^^^^^^^^^^^^^^^
   |
   = help: expected names are: `clippy`, `debug_assertions`, `doc`, `docsrs`, `doctest`, `feature`, `fmt_debug`, `miri`, `overflow_checks`, `panic`, `proc_macro`, `relocation_model`, `rustfmt`, `sanitize`, `sanitizer_cfi_generalize_pointers`, `sanitizer_cfi_normalize_integers`, `target_abi`, `target_arch`, `target_endian`, `target_env`, `target_family`, `target_feature`, `target_has_atomic`, `target_has_atomic_equal_alignment`, `target_has_atomic_load_store`, `target_os`, `target_pointer_width`, `target_thread_local`, `target_vendor`, `test`, `ub_checks`, `unix`, and `windows`
   = help: consider using a Cargo feature instead
   = help: or consider adding in `Cargo.toml` the `check-cfg` lint config for the lint:
            [lints.rust]
            unexpected_cfgs = { level = "warn", check-cfg = ['cfg(icu4x_custom_data)'] }
   = help: or consider adding `println!("cargo::rustc-check-cfg=cfg(icu4x_custom_data)");` to the top of the `build.rs`
   = note: see <https://doc.rust-lang.org/nightly/rustc/check-cfg/cargo-specifics.html> for more information about checking conditional configuration
   = note: `#[warn(unexpected_cfgs)]` on by default

warning: unexpected `cfg` condition name: `icu4x_custom_data`
  --> /app/target/cpython-strict/host-tools/cargo/registry/src/index.crates.io-1949cf8c6b5b557f/icu_normalizer_data-1.5.1/src/lib.rs:16:11
   |
16 | #[cfg(not(icu4x_custom_data))]
   |           ^^^^^^^^^^^^^^^^^
   |
   = help: consider using a Cargo feature instead
   = help: or consider adding in `Cargo.toml` the `check-cfg` lint config for the lint:
            [lints.rust]
            unexpected_cfgs = { level = "warn", check-cfg = ['cfg(icu4x_custom_data)'] }
   = help: or consider adding `println!("cargo::rustc-check-cfg=cfg(icu4x_custom_data)");` to the top of the `build.rs`
   = note: see <https://doc.rust-lang.org/nightly/rustc/check-cfg/cargo-specifics.html> for more information about checking conditional configuration

warning: unexpected `cfg` condition value: `cargo-clippy`
  --> /app/target/cpython-strict/host-tools/cargo/registry/src/index.crates.io-1949cf8c6b5b557f/clang-sys-1.8.1/src/lib.rs:23:13
   |
23 | #![cfg_attr(feature = "cargo-clippy", allow(clippy::unreadable_literal))]
   |             ^^^^^^^^^^^^^^^^^^^^^^^^
   |
   = note: expected values for `feature` are: `clang_10_0`, `clang_11_0`, `clang_12_0`, `clang_13_0`, `clang_14_0`, `clang_15_0`, `clang_16_0`, `clang_17_0`, `clang_18_0`, `clang_3_5`, `clang_3_6`, `clang_3_7`, `clang_3_8`, `clang_3_9`, `clang_4_0`, `clang_5_0`, `clang_6_0`, `clang_7_0`, `clang_8_0`, `clang_9_0`, `libcpp`, `libloading`, `runtime`, and `static`
   = help: consider adding `cargo-clippy` as a feature in `Cargo.toml`
   = note: see <https://doc.rust-lang.org/nightly/rustc/check-cfg/cargo-specifics.html> for more information about checking conditional configuration
   = note: `#[warn(unexpected_cfgs)]` on by default

warning: unexpected `cfg` condition value: `cargo-clippy`
    --> /app/target/cpython-strict/host-tools/cargo/registry/src/index.crates.io-1949cf8c6b5b557f/clang-sys-1.8.1/src/link.rs:173:24
     |
173  |               #[cfg_attr(feature="cargo-clippy", allow(clippy::missing_safety_doc))]
     |                          ^^^^^^^^^^^^^^^^^^^^^^
     |
    ::: /app/target/cpython-strict/host-tools/cargo/registry/src/index.crates.io-1949cf8c6b5b557f/clang-sys-1.8.1/src/lib.rs:1859:1
     |
1859 | / link! {
1860 | |     pub fn clang_CXCursorSet_contains(set: CXCursorSet, cursor: CXCursor) -> c_uint;
1861 | |     pub fn clang_CXCursorSet_insert(set: CXCursorSet, cursor: CXCursor) -> c_uint;
1862 | |     pub fn clang_CXIndex_getGlobalOptions(index: CXIndex) -> CXGlobalOptFlags;
...    |
2432 | |     pub fn clang_VerbatimLineComment_getText(comment: CXComment) -> CXString;
2433 | | }
     | |_- in this macro invocation
     |
     = note: expected values for `feature` are: `clang_10_0`, `clang_11_0`, `clang_12_0`, `clang_13_0`, `clang_14_0`, `clang_15_0`, `clang_16_0`, `clang_17_0`, `clang_18_0`, `clang_3_5`, `clang_3_6`, `clang_3_7`, `clang_3_8`, `clang_3_9`, `clang_4_0`, `clang_5_0`, `clang_6_0`, `clang_7_0`, `clang_8_0`, `clang_9_0`, `libcpp`, `libloading`, `runtime`, and `static`
     = help: consider adding `cargo-clippy` as a feature in `Cargo.toml`
     = note: see <https://doc.rust-lang.org/nightly/rustc/check-cfg/cargo-specifics.html> for more information about checking conditional configuration
     = note: this warning originates in the macro `link` (in Nightly builds, run with -Z macro-backtrace for more info)

warning: unexpected `cfg` condition value: `cargo-clippy`
    --> /app/target/cpython-strict/host-tools/cargo/registry/src/index.crates.io-1949cf8c6b5b557f/clang-sys-1.8.1/src/link.rs:174:24
     |
174  |               #[cfg_attr(feature="cargo-clippy", allow(clippy::too_many_arguments))]
     |                          ^^^^^^^^^^^^^^^^^^^^^^
     |
    ::: /app/target/cpython-strict/host-tools/cargo/registry/src/index.crates.io-1949cf8c6b5b557f/clang-sys-1.8.1/src/lib.rs:1859:1
     |
1859 | / link! {
1860 | |     pub fn clang_CXCursorSet_contains(set: CXCursorSet, cursor: CXCursor) -> c_uint;
1861 | |     pub fn clang_CXCursorSet_insert(set: CXCursorSet, cursor: CXCursor) -> c_uint;
1862 | |     pub fn clang_CXIndex_getGlobalOptions(index: CXIndex) -> CXGlobalOptFlags;
...    |
2432 | |     pub fn clang_VerbatimLineComment_getText(comment: CXComment) -> CXString;
2433 | | }
     | |_- in this macro invocation
     |
     = note: expected values for `feature` are: `clang_10_0`, `clang_11_0`, `clang_12_0`, `clang_13_0`, `clang_14_0`, `clang_15_0`, `clang_16_0`, `clang_17_0`, `clang_18_0`, `clang_3_5`, `clang_3_6`, `clang_3_7`, `clang_3_8`, `clang_3_9`, `clang_4_0`, `clang_5_0`, `clang_6_0`, `clang_7_0`, `clang_8_0`, `clang_9_0`, `libcpp`, `libloading`, `runtime`, and `static`
     = help: consider adding `cargo-clippy` as a feature in `Cargo.toml`
     = note: see <https://doc.rust-lang.org/nightly/rustc/check-cfg/cargo-specifics.html> for more information about checking conditional configuration
     = note: this warning originates in the macro `link` (in Nightly builds, run with -Z macro-backtrace for more info)

warning: extern declarations without an explicit ABI are deprecated
    --> /app/target/cpython-strict/host-tools/cargo/registry/src/index.crates.io-1949cf8c6b5b557f/clang-sys-1.8.1/src/link.rs:96:42
     |
96   |                   pub $name: Option<unsafe extern fn($($pname: $pty), *) $(-> $ret)*>,
     |                                            ^^^^^^ help: explicitly specify the C ABI: `extern "C"`
     |
    ::: /app/target/cpython-strict/host-tools/cargo/registry/src/index.crates.io-1949cf8c6b5b557f/clang-sys-1.8.1/src/lib.rs:1859:1
     |
1859 | / link! {
1860 | |     pub fn clang_CXCursorSet_contains(set: CXCursorSet, cursor: CXCursor) -> c_uint;
1861 | |     pub fn clang_CXCursorSet_insert(set: CXCursorSet, cursor: CXCursor) -> c_uint;
1862 | |     pub fn clang_CXIndex_getGlobalOptions(index: CXIndex) -> CXGlobalOptFlags;
...    |
2432 | |     pub fn clang_VerbatimLineComment_getText(comment: CXComment) -> CXString;
2433 | | }
     | |_- in this macro invocation
     |
     = note: `#[warn(missing_abi)]` on by default
     = note: this warning originates in the macro `link` (in Nightly builds, run with -Z macro-backtrace for more info)

warning: extern declarations without an explicit ABI are deprecated
    --> /app/target/cpython-strict/host-tools/cargo/registry/src/index.crates.io-1949cf8c6b5b557f/clang-sys-1.8.1/src/lib.rs:2166:44
     |
2166 |     pub fn clang_executeOnThread(function: extern fn(*mut c_void), data: *mut c_void, stack: c_uint);
     |                                            ^^^^^^ help: explicitly specify the C ABI: `extern "C"`

warning: extern declarations without an explicit ABI are deprecated
    --> /app/target/cpython-strict/host-tools/cargo/registry/src/index.crates.io-1949cf8c6b5b557f/clang-sys-1.8.1/src/link.rs:128:54
     |
128  |                           if self.library.get::<unsafe extern fn()>($fn).is_ok() {
     |                                                        ^^^^^^ help: explicitly specify the C ABI: `extern "C"`
     |
    ::: /app/target/cpython-strict/host-tools/cargo/registry/src/index.crates.io-1949cf8c6b5b557f/clang-sys-1.8.1/src/lib.rs:1859:1
     |
1859 | / link! {
1860 | |     pub fn clang_CXCursorSet_contains(set: CXCursorSet, cursor: CXCursor) -> c_uint;
1861 | |     pub fn clang_CXCursorSet_insert(set: CXCursorSet, cursor: CXCursor) -> c_uint;
1862 | |     pub fn clang_CXIndex_getGlobalOptions(index: CXIndex) -> CXGlobalOptFlags;
...    |
2432 | |     pub fn clang_VerbatimLineComment_getText(comment: CXComment) -> CXString;
2433 | | }
     | |_- in this macro invocation
     |
     = note: this warning originates in the macro `check` which comes from the expansion of the macro `link` (in Nightly builds, run with -Z macro-backtrace for more info)

warning: `icu_normalizer_data` (lib) generated 3 warnings (1 duplicate)
   Compiling hashbrown v0.15.2
     Running `CARGO=/app/target/cpython-strict/host-tools/rustup/toolchains/nightly-2025-01-18-x86_64-unknown-linux-gnu/bin/cargo CARGO_CRATE_NAME=hashbrown CARGO_MANIFEST_DIR=/app/target/cpython-strict/host-tools/cargo/registry/src/index.crates.io-1949cf8c6b5b557f/hashbrown-0.15.2 CARGO_MANIFEST_PATH=/app/target/cpython-strict/host-tools/cargo/registry/src/index.crates.io-1949cf8c6b5b557f/hashbrown-0.15.2/Cargo.toml CARGO_PKG_AUTHORS='Amanieu d'\''Antras <amanieu@gmail.com>' CARGO_PKG_DESCRIPTION='A Rust port of Google'\''s SwissTable hash map' CARGO_PKG_HOMEPAGE='' CARGO_PKG_LICENSE='MIT OR Apache-2.0' CARGO_PKG_LICENSE_FILE='' CARGO_PKG_NAME=hashbrown CARGO_PKG_README=README.md CARGO_PKG_REPOSITORY='https://github.com/rust-lang/hashbrown' CARGO_PKG_RUST_VERSION=1.65.0 CARGO_PKG_VERSION=0.15.2 CARGO_PKG_VERSION_MAJOR=0 CARGO_PKG_VERSION_MINOR=15 CARGO_PKG_VERSION_PATCH=2 CARGO_PKG_VERSION_PRE='' LD_LIBRARY_PATH='/app/target/cpython-strict/build/primp-0.15.0/target/release/deps:/app/target/cpython-strict/host-tools/rustup/toolchains/nightly-2025-01-18-x86_64-unknown-linux-gnu/lib:/opt/kendryte-toolchain/bin/:' /app/target/cpython-strict/host-tools/rustup/toolchains/nightly-2025-01-18-x86_64-unknown-linux-gnu/bin/rustc --crate-name hashbrown --edition=2021 /app/target/cpython-strict/host-tools/cargo/registry/src/index.crates.io-1949cf8c6b5b557f/hashbrown-0.15.2/src/lib.rs --error-format=json --json=diagnostic-rendered-ansi,artifacts,future-incompat --crate-type lib --emit=dep-info,metadata,link -C opt-level=3 -C panic=abort -C linker-plugin-lto -C codegen-units=1 --check-cfg 'cfg(docsrs,test)' --check-cfg 'cfg(feature, values("alloc", "allocator-api2", "compiler_builtins", "core", "default", "default-hasher", "equivalent", "inline-more", "nightly", "raw-entry", "rayon", "rustc-dep-of-std", "rustc-internal-api", "serde"))' -C metadata=bfcce2259e20df02 -C extra-filename=-8cfe4b8f7415f2a8 --out-dir /app/target/cpython-strict/build/primp-0.15.0/target/loongarch64-unknown-linux-musl/release/deps --target loongarch64-unknown-linux-musl -C linker=/app/target/cpython-strict/cross/loongarch64-linux-musl-gcc -C strip=symbols -L dependency=/app/target/cpython-strict/build/primp-0.15.0/target/loongarch64-unknown-linux-musl/release/deps -L dependency=/app/target/cpython-strict/build/primp-0.15.0/target/release/deps --cap-lints warn -C target-feature=-ual -C target-feature=-crt-static`
   Compiling itertools v0.13.0
     Running `CARGO=/app/target/cpython-strict/host-tools/rustup/toolchains/nightly-2025-01-18-x86_64-unknown-linux-gnu/bin/cargo CARGO_CRATE_NAME=itertools CARGO_MANIFEST_DIR=/app/target/cpython-strict/host-tools/cargo/registry/src/index.crates.io-1949cf8c6b5b557f/itertools-0.13.0 CARGO_MANIFEST_PATH=/app/target/cpython-strict/host-tools/cargo/registry/src/index.crates.io-1949cf8c6b5b557f/itertools-0.13.0/Cargo.toml CARGO_PKG_AUTHORS=bluss CARGO_PKG_DESCRIPTION='Extra iterator adaptors, iterator methods, free functions, and macros.' CARGO_PKG_HOMEPAGE='' CARGO_PKG_LICENSE='MIT OR Apache-2.0' CARGO_PKG_LICENSE_FILE='' CARGO_PKG_NAME=itertools CARGO_PKG_README=README.md CARGO_PKG_REPOSITORY='https://github.com/rust-itertools/itertools' CARGO_PKG_RUST_VERSION=1.43.1 CARGO_PKG_VERSION=0.13.0 CARGO_PKG_VERSION_MAJOR=0 CARGO_PKG_VERSION_MINOR=13 CARGO_PKG_VERSION_PATCH=0 CARGO_PKG_VERSION_PRE='' LD_LIBRARY_PATH='/app/target/cpython-strict/build/primp-0.15.0/target/release/deps:/app/target/cpython-strict/host-tools/rustup/toolchains/nightly-2025-01-18-x86_64-unknown-linux-gnu/lib:/opt/kendryte-toolchain/bin/:' /app/target/cpython-strict/host-tools/rustup/toolchains/nightly-2025-01-18-x86_64-unknown-linux-gnu/bin/rustc --crate-name itertools --edition=2018 /app/target/cpython-strict/host-tools/cargo/registry/src/index.crates.io-1949cf8c6b5b557f/itertools-0.13.0/src/lib.rs --error-format=json --json=diagnostic-rendered-ansi,artifacts,future-incompat --crate-type lib --emit=dep-info,metadata,link -C embed-bitcode=no -C debug-assertions=off --check-cfg 'cfg(docsrs,test)' --check-cfg 'cfg(feature, values("default", "use_alloc", "use_std"))' -C metadata=fd328ee93821df8c -C extra-filename=-b2ffa82d16f3a0b6 --out-dir /app/target/cpython-strict/build/primp-0.15.0/target/release/deps -C strip=symbols -L dependency=/app/target/cpython-strict/build/primp-0.15.0/target/release/deps --extern either=/app/target/cpython-strict/build/primp-0.15.0/target/release/deps/libeither-c461b6723c482a79.rmeta --cap-lints warn`
   Compiling regex-automata v0.4.9
     Running `CARGO=/app/target/cpython-strict/host-tools/rustup/toolchains/nightly-2025-01-18-x86_64-unknown-linux-gnu/bin/cargo CARGO_CRATE_NAME=regex_automata CARGO_MANIFEST_DIR=/app/target/cpython-strict/host-tools/cargo/registry/src/index.crates.io-1949cf8c6b5b557f/regex-automata-0.4.9 CARGO_MANIFEST_PATH=/app/target/cpython-strict/host-tools/cargo/registry/src/index.crates.io-1949cf8c6b5b557f/regex-automata-0.4.9/Cargo.toml CARGO_PKG_AUTHORS='The Rust Project Developers:Andrew Gallant <jamslam@gmail.com>' CARGO_PKG_DESCRIPTION='Automata construction and matching using regular expressions.' CARGO_PKG_HOMEPAGE='' CARGO_PKG_LICENSE='MIT OR Apache-2.0' CARGO_PKG_LICENSE_FILE='' CARGO_PKG_NAME=regex-automata CARGO_PKG_README=README.md CARGO_PKG_REPOSITORY='https://github.com/rust-lang/regex/tree/master/regex-automata' CARGO_PKG_RUST_VERSION=1.65 CARGO_PKG_VERSION=0.4.9 CARGO_PKG_VERSION_MAJOR=0 CARGO_PKG_VERSION_MINOR=4 CARGO_PKG_VERSION_PATCH=9 CARGO_PKG_VERSION_PRE='' LD_LIBRARY_PATH='/app/target/cpython-strict/build/primp-0.15.0/target/release/deps:/app/target/cpython-strict/host-tools/rustup/toolchains/nightly-2025-01-18-x86_64-unknown-linux-gnu/lib:/opt/kendryte-toolchain/bin/:' /app/target/cpython-strict/host-tools/rustup/toolchains/nightly-2025-01-18-x86_64-unknown-linux-gnu/bin/rustc --crate-name regex_automata --edition=2021 /app/target/cpython-strict/host-tools/cargo/registry/src/index.crates.io-1949cf8c6b5b557f/regex-automata-0.4.9/src/lib.rs --error-format=json --json=diagnostic-rendered-ansi,artifacts,future-incompat --crate-type lib --emit=dep-info,metadata,link -C embed-bitcode=no -C debug-assertions=off --cfg 'feature="alloc"' --cfg 'feature="meta"' --cfg 'feature="nfa-pikevm"' --cfg 'feature="nfa-thompson"' --cfg 'feature="std"' --cfg 'feature="syntax"' --cfg 'feature="unicode-perl"' --cfg 'feature="unicode-word-boundary"' --check-cfg 'cfg(docsrs,test)' --check-cfg 'cfg(feature, values("alloc", "default", "dfa", "dfa-build", "dfa-onepass", "dfa-search", "hybrid", "internal-instrument", "internal-instrument-pikevm", "logging", "meta", "nfa", "nfa-backtrack", "nfa-pikevm", "nfa-thompson", "perf", "perf-inline", "perf-literal", "perf-literal-multisubstring", "perf-literal-substring", "std", "syntax", "unicode", "unicode-age", "unicode-bool", "unicode-case", "unicode-gencat", "unicode-perl", "unicode-script", "unicode-segment", "unicode-word-boundary"))' -C metadata=cefa3f025046cadd -C extra-filename=-0b61a34f44b13d64 --out-dir /app/target/cpython-strict/build/primp-0.15.0/target/release/deps -C strip=symbols -L dependency=/app/target/cpython-strict/build/primp-0.15.0/target/release/deps --extern regex_syntax=/app/target/cpython-strict/build/primp-0.15.0/target/release/deps/libregex_syntax-ee06830fc055df81.rmeta --cap-lints warn`
warning: trait `Float` is never used
   --> /app/target/cpython-strict/host-tools/cargo/registry/src/index.crates.io-1949cf8c6b5b557f/rand-0.8.5/src/distributions/utils.rs:238:18
    |
238 | pub(crate) trait Float: Sized {
    |                  ^^^^^
    |
    = note: `#[warn(dead_code)]` on by default

warning: associated items `lanes`, `extract`, and `replace` are never used
   --> /app/target/cpython-strict/host-tools/cargo/registry/src/index.crates.io-1949cf8c6b5b557f/rand-0.8.5/src/distributions/utils.rs:247:8
    |
245 | pub(crate) trait FloatAsSIMD: Sized {
    |                  ----------- associated items in this trait
246 |     #[inline(always)]
247 |     fn lanes() -> usize {
    |        ^^^^^
...
255 |     fn extract(self, index: usize) -> Self {
    |        ^^^^^^^
...
260 |     fn replace(self, index: usize, new_value: Self) -> Self {
    |        ^^^^^^^

warning: method `all` is never used
   --> /app/target/cpython-strict/host-tools/cargo/registry/src/index.crates.io-1949cf8c6b5b557f/rand-0.8.5/src/distributions/utils.rs:268:8
    |
266 | pub(crate) trait BoolAsSIMD: Sized {
    |                  ---------- method in this trait
267 |     fn any(self) -> bool;
268 |     fn all(self) -> bool;
    |        ^^^

   Compiling zstd-sys v2.0.15+zstd.1.5.7
     Running `CARGO=/app/target/cpython-strict/host-tools/rustup/toolchains/nightly-2025-01-18-x86_64-unknown-linux-gnu/bin/cargo CARGO_CRATE_NAME=build_script_build CARGO_MANIFEST_DIR=/app/target/cpython-strict/host-tools/cargo/registry/src/index.crates.io-1949cf8c6b5b557f/zstd-sys-2.0.15+zstd.1.5.7 CARGO_MANIFEST_PATH=/app/target/cpython-strict/host-tools/cargo/registry/src/index.crates.io-1949cf8c6b5b557f/zstd-sys-2.0.15+zstd.1.5.7/Cargo.toml CARGO_PKG_AUTHORS='Alexandre Bury <alexandre.bury@gmail.com>' CARGO_PKG_DESCRIPTION='Low-level bindings for the zstd compression library.' CARGO_PKG_HOMEPAGE='' CARGO_PKG_LICENSE=MIT/Apache-2.0 CARGO_PKG_LICENSE_FILE='' CARGO_PKG_NAME=zstd-sys CARGO_PKG_README=Readme.md CARGO_PKG_REPOSITORY='https://github.com/gyscos/zstd-rs' CARGO_PKG_RUST_VERSION=1.64 CARGO_PKG_VERSION=2.0.15+zstd.1.5.7 CARGO_PKG_VERSION_MAJOR=2 CARGO_PKG_VERSION_MINOR=0 CARGO_PKG_VERSION_PATCH=15 CARGO_PKG_VERSION_PRE='' LD_LIBRARY_PATH='/app/target/cpython-strict/build/primp-0.15.0/target/release/deps:/app/target/cpython-strict/host-tools/rustup/toolchains/nightly-2025-01-18-x86_64-unknown-linux-gnu/lib:/opt/kendryte-toolchain/bin/:' /app/target/cpython-strict/host-tools/rustup/toolchains/nightly-2025-01-18-x86_64-unknown-linux-gnu/bin/rustc --crate-name build_script_build --edition=2018 /app/target/cpython-strict/host-tools/cargo/registry/src/index.crates.io-1949cf8c6b5b557f/zstd-sys-2.0.15+zstd.1.5.7/build.rs --error-format=json --json=diagnostic-rendered-ansi,artifacts,future-incompat --crate-type bin --emit=dep-info,link -C embed-bitcode=no --allow=non_upper_case_globals -C debug-assertions=off --cfg 'feature="legacy"' --cfg 'feature="std"' --cfg 'feature="zdict_builder"' --check-cfg 'cfg(docsrs,test)' --check-cfg 'cfg(feature, values("bindgen", "debug", "default", "experimental", "fat-lto", "legacy", "no_asm", "no_wasm_shim", "non-cargo", "pkg-config", "seekable", "std", "thin", "thin-lto", "zdict_builder", "zstdmt"))' -C metadata=94ea980fd677851e -C extra-filename=-beca08398bc3a544 --out-dir /app/target/cpython-strict/build/primp-0.15.0/target/release/build/zstd-sys-beca08398bc3a544 -C strip=symbols -L dependency=/app/target/cpython-strict/build/primp-0.15.0/target/release/deps --extern cc=/app/target/cpython-strict/build/primp-0.15.0/target/release/deps/libcc-987fbd91ed379719.rlib --extern pkg_config=/app/target/cpython-strict/build/primp-0.15.0/target/release/deps/libpkg_config-f3e663dede66f4d9.rlib --cap-lints warn`
     Running `CARGO=/app/target/cpython-strict/host-tools/rustup/toolchains/nightly-2025-01-18-x86_64-unknown-linux-gnu/bin/cargo CARGO_CFG_FEATURE=runtime CARGO_CFG_FMT_DEBUG=full CARGO_CFG_OVERFLOW_CHECKS='' CARGO_CFG_PANIC=unwind CARGO_CFG_RELOCATION_MODEL=pic CARGO_CFG_TARGET_ABI='' CARGO_CFG_TARGET_ARCH=x86_64 CARGO_CFG_TARGET_ENDIAN=little CARGO_CFG_TARGET_ENV=gnu CARGO_CFG_TARGET_FAMILY=unix CARGO_CFG_TARGET_FEATURE=fxsr,sse,sse2,x87 CARGO_CFG_TARGET_HAS_ATOMIC=16,32,64,8,ptr CARGO_CFG_TARGET_HAS_ATOMIC_EQUAL_ALIGNMENT=16,32,64,8,ptr CARGO_CFG_TARGET_HAS_ATOMIC_LOAD_STORE=16,32,64,8,ptr CARGO_CFG_TARGET_OS=linux CARGO_CFG_TARGET_POINTER_WIDTH=64 CARGO_CFG_TARGET_THREAD_LOCAL='' CARGO_CFG_TARGET_VENDOR=unknown CARGO_CFG_UB_CHECKS='' CARGO_CFG_UNIX='' CARGO_ENCODED_RUSTFLAGS='' CARGO_FEATURE_RUNTIME=1 CARGO_MANIFEST_DIR=/app/target/cpython-strict/host-tools/cargo/registry/src/index.crates.io-1949cf8c6b5b557f/bindgen-0.70.1 CARGO_MANIFEST_PATH=/app/target/cpython-strict/host-tools/cargo/registry/src/index.crates.io-1949cf8c6b5b557f/bindgen-0.70.1/Cargo.toml CARGO_PKG_AUTHORS='Jyun-Yan You <jyyou.tw@gmail.com>:Emilio Cobos Álvarez <emilio@crisal.io>:Nick Fitzgerald <fitzgen@gmail.com>:The Servo project developers' CARGO_PKG_DESCRIPTION='Automatically generates Rust FFI bindings to C and C++ libraries.' CARGO_PKG_HOMEPAGE='https://rust-lang.github.io/rust-bindgen/' CARGO_PKG_LICENSE=BSD-3-Clause CARGO_PKG_LICENSE_FILE='' CARGO_PKG_NAME=bindgen CARGO_PKG_README=README.md CARGO_PKG_REPOSITORY='https://github.com/rust-lang/rust-bindgen' CARGO_PKG_RUST_VERSION=1.70.0 CARGO_PKG_VERSION=0.70.1 CARGO_PKG_VERSION_MAJOR=0 CARGO_PKG_VERSION_MINOR=70 CARGO_PKG_VERSION_PATCH=1 CARGO_PKG_VERSION_PRE='' DEBUG=false HOST=x86_64-unknown-linux-gnu LD_LIBRARY_PATH='/app/target/cpython-strict/build/primp-0.15.0/target/release/deps:/app/target/cpython-strict/build/primp-0.15.0/target/release:/app/target/cpython-strict/host-tools/rustup/toolchains/nightly-2025-01-18-x86_64-unknown-linux-gnu/lib/rustlib/x86_64-unknown-linux-gnu/lib:/app/target/cpython-strict/host-tools/rustup/toolchains/nightly-2025-01-18-x86_64-unknown-linux-gnu/lib:/opt/kendryte-toolchain/bin/:' NUM_JOBS=10 OPT_LEVEL=0 OUT_DIR=/app/target/cpython-strict/build/primp-0.15.0/target/release/build/bindgen-a791edc00fdbcbe1/out PROFILE=release RUSTC=/app/target/cpython-strict/host-tools/rustup/toolchains/nightly-2025-01-18-x86_64-unknown-linux-gnu/bin/rustc RUSTDOC=/app/target/cpython-strict/host-tools/rustup/toolchains/nightly-2025-01-18-x86_64-unknown-linux-gnu/bin/rustdoc TARGET=x86_64-unknown-linux-gnu /app/target/cpython-strict/build/primp-0.15.0/target/release/build/bindgen-a362287c5fd80e19/build-script-build`
   Compiling log v0.4.27
     Running `CARGO=/app/target/cpython-strict/host-tools/rustup/toolchains/nightly-2025-01-18-x86_64-unknown-linux-gnu/bin/cargo CARGO_CRATE_NAME=log CARGO_MANIFEST_DIR=/app/target/cpython-strict/host-tools/cargo/registry/src/index.crates.io-1949cf8c6b5b557f/log-0.4.27 CARGO_MANIFEST_PATH=/app/target/cpython-strict/host-tools/cargo/registry/src/index.crates.io-1949cf8c6b5b557f/log-0.4.27/Cargo.toml CARGO_PKG_AUTHORS='The Rust Project Developers' CARGO_PKG_DESCRIPTION='A lightweight logging facade for Rust
' CARGO_PKG_HOMEPAGE='' CARGO_PKG_LICENSE='MIT OR Apache-2.0' CARGO_PKG_LICENSE_FILE='' CARGO_PKG_NAME=log CARGO_PKG_README=README.md CARGO_PKG_REPOSITORY='https://github.com/rust-lang/log' CARGO_PKG_RUST_VERSION=1.60.0 CARGO_PKG_VERSION=0.4.27 CARGO_PKG_VERSION_MAJOR=0 CARGO_PKG_VERSION_MINOR=4 CARGO_PKG_VERSION_PATCH=27 CARGO_PKG_VERSION_PRE='' LD_LIBRARY_PATH='/app/target/cpython-strict/build/primp-0.15.0/target/release/deps:/app/target/cpython-strict/host-tools/rustup/toolchains/nightly-2025-01-18-x86_64-unknown-linux-gnu/lib:/opt/kendryte-toolchain/bin/:' /app/target/cpython-strict/host-tools/rustup/toolchains/nightly-2025-01-18-x86_64-unknown-linux-gnu/bin/rustc --crate-name log --edition=2021 /app/target/cpython-strict/host-tools/cargo/registry/src/index.crates.io-1949cf8c6b5b557f/log-0.4.27/src/lib.rs --error-format=json --json=diagnostic-rendered-ansi,artifacts,future-incompat --crate-type lib --emit=dep-info,metadata,link -C opt-level=3 -C panic=abort -C linker-plugin-lto -C codegen-units=1 --cfg 'feature="std"' --check-cfg 'cfg(docsrs,test)' --check-cfg 'cfg(feature, values("kv", "kv_serde", "kv_std", "kv_sval", "kv_unstable", "kv_unstable_serde", "kv_unstable_std", "kv_unstable_sval", "max_level_debug", "max_level_error", "max_level_info", "max_level_off", "max_level_trace", "max_level_warn", "release_max_level_debug", "release_max_level_error", "release_max_level_info", "release_max_level_off", "release_max_level_trace", "release_max_level_warn", "serde", "std", "sval", "sval_ref", "value-bag"))' -C metadata=ce2fddd5dddbeb0f -C extra-filename=-98eb0ac78b64de9a --out-dir /app/target/cpython-strict/build/primp-0.15.0/target/loongarch64-unknown-linux-musl/release/deps --target loongarch64-unknown-linux-musl -C linker=/app/target/cpython-strict/cross/loongarch64-linux-musl-gcc -C strip=symbols -L dependency=/app/target/cpython-strict/build/primp-0.15.0/target/loongarch64-unknown-linux-musl/release/deps -L dependency=/app/target/cpython-strict/build/primp-0.15.0/target/release/deps --cap-lints warn -C target-feature=-ual -C target-feature=-crt-static`
warning: `rand` (lib) generated 12 warnings
   Compiling synstructure v0.13.1
     Running `CARGO=/app/target/cpython-strict/host-tools/rustup/toolchains/nightly-2025-01-18-x86_64-unknown-linux-gnu/bin/cargo CARGO_CRATE_NAME=synstructure CARGO_MANIFEST_DIR=/app/target/cpython-strict/host-tools/cargo/registry/src/index.crates.io-1949cf8c6b5b557f/synstructure-0.13.1 CARGO_MANIFEST_PATH=/app/target/cpython-strict/host-tools/cargo/registry/src/index.crates.io-1949cf8c6b5b557f/synstructure-0.13.1/Cargo.toml CARGO_PKG_AUTHORS='Nika Layzell <nika@thelayzells.com>' CARGO_PKG_DESCRIPTION='Helper methods and macros for custom derives' CARGO_PKG_HOMEPAGE='' CARGO_PKG_LICENSE=MIT CARGO_PKG_LICENSE_FILE='' CARGO_PKG_NAME=synstructure CARGO_PKG_README=README.md CARGO_PKG_REPOSITORY='https://github.com/mystor/synstructure' CARGO_PKG_RUST_VERSION='' CARGO_PKG_VERSION=0.13.1 CARGO_PKG_VERSION_MAJOR=0 CARGO_PKG_VERSION_MINOR=13 CARGO_PKG_VERSION_PATCH=1 CARGO_PKG_VERSION_PRE='' LD_LIBRARY_PATH='/app/target/cpython-strict/build/primp-0.15.0/target/release/deps:/app/target/cpython-strict/host-tools/rustup/toolchains/nightly-2025-01-18-x86_64-unknown-linux-gnu/lib:/opt/kendryte-toolchain/bin/:' /app/target/cpython-strict/host-tools/rustup/toolchains/nightly-2025-01-18-x86_64-unknown-linux-gnu/bin/rustc --crate-name synstructure --edition=2018 /app/target/cpython-strict/host-tools/cargo/registry/src/index.crates.io-1949cf8c6b5b557f/synstructure-0.13.1/src/lib.rs --error-format=json --json=diagnostic-rendered-ansi,artifacts,future-incompat --crate-type lib --emit=dep-info,metadata,link -C embed-bitcode=no -C debug-assertions=off --cfg 'feature="default"' --cfg 'feature="proc-macro"' --check-cfg 'cfg(docsrs,test)' --check-cfg 'cfg(feature, values("default", "proc-macro"))' -C metadata=f96baf750f88ab42 -C extra-filename=-a6cc2635ca60b4a0 --out-dir /app/target/cpython-strict/build/primp-0.15.0/target/release/deps -C strip=symbols -L dependency=/app/target/cpython-strict/build/primp-0.15.0/target/release/deps --extern proc_macro2=/app/target/cpython-strict/build/primp-0.15.0/target/release/deps/libproc_macro2-9db364b059323b41.rmeta --extern quote=/app/target/cpython-strict/build/primp-0.15.0/target/release/deps/libquote-430fd29c5f10253f.rmeta --extern syn=/app/target/cpython-strict/build/primp-0.15.0/target/release/deps/libsyn-4f64c6980b94321d.rmeta --cap-lints warn`
   Compiling cexpr v0.6.0
     Running `CARGO=/app/target/cpython-strict/host-tools/rustup/toolchains/nightly-2025-01-18-x86_64-unknown-linux-gnu/bin/cargo CARGO_CRATE_NAME=cexpr CARGO_MANIFEST_DIR=/app/target/cpython-strict/host-tools/cargo/registry/src/index.crates.io-1949cf8c6b5b557f/cexpr-0.6.0 CARGO_MANIFEST_PATH=/app/target/cpython-strict/host-tools/cargo/registry/src/index.crates.io-1949cf8c6b5b557f/cexpr-0.6.0/Cargo.toml CARGO_PKG_AUTHORS='Jethro Beekman <jethro@jbeekman.nl>' CARGO_PKG_DESCRIPTION='A C expression parser and evaluator' CARGO_PKG_HOMEPAGE='' CARGO_PKG_LICENSE=Apache-2.0/MIT CARGO_PKG_LICENSE_FILE='' CARGO_PKG_NAME=cexpr CARGO_PKG_README='' CARGO_PKG_REPOSITORY='https://github.com/jethrogb/rust-cexpr' CARGO_PKG_RUST_VERSION='' CARGO_PKG_VERSION=0.6.0 CARGO_PKG_VERSION_MAJOR=0 CARGO_PKG_VERSION_MINOR=6 CARGO_PKG_VERSION_PATCH=0 CARGO_PKG_VERSION_PRE='' LD_LIBRARY_PATH='/app/target/cpython-strict/build/primp-0.15.0/target/release/deps:/app/target/cpython-strict/host-tools/rustup/toolchains/nightly-2025-01-18-x86_64-unknown-linux-gnu/lib:/opt/kendryte-toolchain/bin/:' /app/target/cpython-strict/host-tools/rustup/toolchains/nightly-2025-01-18-x86_64-unknown-linux-gnu/bin/rustc --crate-name cexpr --edition=2018 /app/target/cpython-strict/host-tools/cargo/registry/src/index.crates.io-1949cf8c6b5b557f/cexpr-0.6.0/src/lib.rs --error-format=json --json=diagnostic-rendered-ansi,artifacts,future-incompat --crate-type lib --emit=dep-info,metadata,link -C embed-bitcode=no -C debug-assertions=off --check-cfg 'cfg(docsrs,test)' --check-cfg 'cfg(feature, values())' -C metadata=e9998c285e324ec3 -C extra-filename=-717f720735519d44 --out-dir /app/target/cpython-strict/build/primp-0.15.0/target/release/deps -C strip=symbols -L dependency=/app/target/cpython-strict/build/primp-0.15.0/target/release/deps --extern nom=/app/target/cpython-strict/build/primp-0.15.0/target/release/deps/libnom-71f933875c92491c.rmeta --cap-lints warn`
warning: `nom` (lib) generated 13 warnings
   Compiling phf_generator v0.11.3
     Running `CARGO=/app/target/cpython-strict/host-tools/rustup/toolchains/nightly-2025-01-18-x86_64-unknown-linux-gnu/bin/cargo CARGO_CRATE_NAME=phf_generator CARGO_MANIFEST_DIR=/app/target/cpython-strict/host-tools/cargo/registry/src/index.crates.io-1949cf8c6b5b557f/phf_generator-0.11.3 CARGO_MANIFEST_PATH=/app/target/cpython-strict/host-tools/cargo/registry/src/index.crates.io-1949cf8c6b5b557f/phf_generator-0.11.3/Cargo.toml CARGO_PKG_AUTHORS='Steven Fackler <sfackler@gmail.com>' CARGO_PKG_DESCRIPTION='PHF generation logic' CARGO_PKG_HOMEPAGE='' CARGO_PKG_LICENSE=MIT CARGO_PKG_LICENSE_FILE='' CARGO_PKG_NAME=phf_generator CARGO_PKG_README=README.md CARGO_PKG_REPOSITORY='https://github.com/rust-phf/rust-phf' CARGO_PKG_RUST_VERSION=1.61 CARGO_PKG_VERSION=0.11.3 CARGO_PKG_VERSION_MAJOR=0 CARGO_PKG_VERSION_MINOR=11 CARGO_PKG_VERSION_PATCH=3 CARGO_PKG_VERSION_PRE='' LD_LIBRARY_PATH='/app/target/cpython-strict/build/primp-0.15.0/target/release/deps:/app/target/cpython-strict/host-tools/rustup/toolchains/nightly-2025-01-18-x86_64-unknown-linux-gnu/lib:/opt/kendryte-toolchain/bin/:' /app/target/cpython-strict/host-tools/rustup/toolchains/nightly-2025-01-18-x86_64-unknown-linux-gnu/bin/rustc --crate-name phf_generator --edition=2021 /app/target/cpython-strict/host-tools/cargo/registry/src/index.crates.io-1949cf8c6b5b557f/phf_generator-0.11.3/src/lib.rs --error-format=json --json=diagnostic-rendered-ansi,artifacts,future-incompat --crate-type lib --emit=dep-info,metadata,link -C embed-bitcode=no -C debug-assertions=off --check-cfg 'cfg(docsrs,test)' --check-cfg 'cfg(feature, values("criterion"))' -C metadata=629c8a90a37daa02 -C extra-filename=-cd8b201b225cc6d3 --out-dir /app/target/cpython-strict/build/primp-0.15.0/target/release/deps -C strip=symbols -L dependency=/app/target/cpython-strict/build/primp-0.15.0/target/release/deps --extern phf_shared=/app/target/cpython-strict/build/primp-0.15.0/target/release/deps/libphf_shared-57d8ede5d8ac8ea2.rmeta --extern rand=/app/target/cpython-strict/build/primp-0.15.0/target/release/deps/librand-38ce05204f160397.rmeta --cap-lints warn`
warning: `log` (lib) generated 1 warning (1 duplicate)
   Compiling write16 v1.0.0
     Running `CARGO=/app/target/cpython-strict/host-tools/rustup/toolchains/nightly-2025-01-18-x86_64-unknown-linux-gnu/bin/cargo CARGO_CRATE_NAME=write16 CARGO_MANIFEST_DIR=/app/target/cpython-strict/host-tools/cargo/registry/src/index.crates.io-1949cf8c6b5b557f/write16-1.0.0 CARGO_MANIFEST_PATH=/app/target/cpython-strict/host-tools/cargo/registry/src/index.crates.io-1949cf8c6b5b557f/write16-1.0.0/Cargo.toml CARGO_PKG_AUTHORS='' CARGO_PKG_DESCRIPTION='A UTF-16 analog of the Write trait' CARGO_PKG_HOMEPAGE='https://docs.rs/write16/' CARGO_PKG_LICENSE='Apache-2.0 OR MIT' CARGO_PKG_LICENSE_FILE='' CARGO_PKG_NAME=write16 CARGO_PKG_README=README.md CARGO_PKG_REPOSITORY='https://github.com/hsivonen/write16' CARGO_PKG_RUST_VERSION='' CARGO_PKG_VERSION=1.0.0 CARGO_PKG_VERSION_MAJOR=1 CARGO_PKG_VERSION_MINOR=0 CARGO_PKG_VERSION_PATCH=0 CARGO_PKG_VERSION_PRE='' LD_LIBRARY_PATH='/app/target/cpython-strict/build/primp-0.15.0/target/release/deps:/app/target/cpython-strict/host-tools/rustup/toolchains/nightly-2025-01-18-x86_64-unknown-linux-gnu/lib:/opt/kendryte-toolchain/bin/:' /app/target/cpython-strict/host-tools/rustup/toolchains/nightly-2025-01-18-x86_64-unknown-linux-gnu/bin/rustc --crate-name write16 --edition=2021 /app/target/cpython-strict/host-tools/cargo/registry/src/index.crates.io-1949cf8c6b5b557f/write16-1.0.0/src/lib.rs --error-format=json --json=diagnostic-rendered-ansi,artifacts,future-incompat --crate-type lib --emit=dep-info,metadata,link -C opt-level=3 -C panic=abort -C linker-plugin-lto -C codegen-units=1 --cfg 'feature="alloc"' --check-cfg 'cfg(docsrs,test)' --check-cfg 'cfg(feature, values("alloc", "arrayvec", "smallvec"))' -C metadata=d1ed0d62ec4b6f0c -C extra-filename=-689b7fbcdf165c3b --out-dir /app/target/cpython-strict/build/primp-0.15.0/target/loongarch64-unknown-linux-musl/release/deps --target loongarch64-unknown-linux-musl -C linker=/app/target/cpython-strict/cross/loongarch64-linux-musl-gcc -C strip=symbols -L dependency=/app/target/cpython-strict/build/primp-0.15.0/target/loongarch64-unknown-linux-musl/release/deps -L dependency=/app/target/cpython-strict/build/primp-0.15.0/target/release/deps --cap-lints warn -C target-feature=-ual -C target-feature=-crt-static`
warning: `hashbrown` (lib) generated 1 warning (1 duplicate)
   Compiling utf8_iter v1.0.4
     Running `CARGO=/app/target/cpython-strict/host-tools/rustup/toolchains/nightly-2025-01-18-x86_64-unknown-linux-gnu/bin/cargo CARGO_CRATE_NAME=utf8_iter CARGO_MANIFEST_DIR=/app/target/cpython-strict/host-tools/cargo/registry/src/index.crates.io-1949cf8c6b5b557f/utf8_iter-1.0.4 CARGO_MANIFEST_PATH=/app/target/cpython-strict/host-tools/cargo/registry/src/index.crates.io-1949cf8c6b5b557f/utf8_iter-1.0.4/Cargo.toml CARGO_PKG_AUTHORS='Henri Sivonen <hsivonen@hsivonen.fi>' CARGO_PKG_DESCRIPTION='Iterator by char over potentially-invalid UTF-8 in &[u8]' CARGO_PKG_HOMEPAGE='https://docs.rs/utf8_iter/' CARGO_PKG_LICENSE='Apache-2.0 OR MIT' CARGO_PKG_LICENSE_FILE='' CARGO_PKG_NAME=utf8_iter CARGO_PKG_README=README.md CARGO_PKG_REPOSITORY='https://github.com/hsivonen/utf8_iter' CARGO_PKG_RUST_VERSION='' CARGO_PKG_VERSION=1.0.4 CARGO_PKG_VERSION_MAJOR=1 CARGO_PKG_VERSION_MINOR=0 CARGO_PKG_VERSION_PATCH=4 CARGO_PKG_VERSION_PRE='' LD_LIBRARY_PATH='/app/target/cpython-strict/build/primp-0.15.0/target/release/deps:/app/target/cpython-strict/host-tools/rustup/toolchains/nightly-2025-01-18-x86_64-unknown-linux-gnu/lib:/opt/kendryte-toolchain/bin/:' /app/target/cpython-strict/host-tools/rustup/toolchains/nightly-2025-01-18-x86_64-unknown-linux-gnu/bin/rustc --crate-name utf8_iter --edition=2021 /app/target/cpython-strict/host-tools/cargo/registry/src/index.crates.io-1949cf8c6b5b557f/utf8_iter-1.0.4/src/lib.rs --error-format=json --json=diagnostic-rendered-ansi,artifacts,future-incompat --crate-type lib --emit=dep-info,metadata,link -C opt-level=3 -C panic=abort -C linker-plugin-lto -C codegen-units=1 --check-cfg 'cfg(docsrs,test)' --check-cfg 'cfg(feature, values())' -C metadata=cc4db6a76512c966 -C extra-filename=-71a4887e5173af1f --out-dir /app/target/cpython-strict/build/primp-0.15.0/target/loongarch64-unknown-linux-musl/release/deps --target loongarch64-unknown-linux-musl -C linker=/app/target/cpython-strict/cross/loongarch64-linux-musl-gcc -C strip=symbols -L dependency=/app/target/cpython-strict/build/primp-0.15.0/target/loongarch64-unknown-linux-musl/release/deps -L dependency=/app/target/cpython-strict/build/primp-0.15.0/target/release/deps --cap-lints warn -C target-feature=-ual -C target-feature=-crt-static`
   Compiling bitflags v2.9.0
     Running `CARGO=/app/target/cpython-strict/host-tools/rustup/toolchains/nightly-2025-01-18-x86_64-unknown-linux-gnu/bin/cargo CARGO_CRATE_NAME=bitflags CARGO_MANIFEST_DIR=/app/target/cpython-strict/host-tools/cargo/registry/src/index.crates.io-1949cf8c6b5b557f/bitflags-2.9.0 CARGO_MANIFEST_PATH=/app/target/cpython-strict/host-tools/cargo/registry/src/index.crates.io-1949cf8c6b5b557f/bitflags-2.9.0/Cargo.toml CARGO_PKG_AUTHORS='The Rust Project Developers' CARGO_PKG_DESCRIPTION='A macro to generate structures which behave like bitflags.
' CARGO_PKG_HOMEPAGE='https://github.com/bitflags/bitflags' CARGO_PKG_LICENSE='MIT OR Apache-2.0' CARGO_PKG_LICENSE_FILE='' CARGO_PKG_NAME=bitflags CARGO_PKG_README=README.md CARGO_PKG_REPOSITORY='https://github.com/bitflags/bitflags' CARGO_PKG_RUST_VERSION=1.56.0 CARGO_PKG_VERSION=2.9.0 CARGO_PKG_VERSION_MAJOR=2 CARGO_PKG_VERSION_MINOR=9 CARGO_PKG_VERSION_PATCH=0 CARGO_PKG_VERSION_PRE='' LD_LIBRARY_PATH='/app/target/cpython-strict/build/primp-0.15.0/target/release/deps:/app/target/cpython-strict/host-tools/rustup/toolchains/nightly-2025-01-18-x86_64-unknown-linux-gnu/lib:/opt/kendryte-toolchain/bin/:' /app/target/cpython-strict/host-tools/rustup/toolchains/nightly-2025-01-18-x86_64-unknown-linux-gnu/bin/rustc --crate-name bitflags --edition=2021 /app/target/cpython-strict/host-tools/cargo/registry/src/index.crates.io-1949cf8c6b5b557f/bitflags-2.9.0/src/lib.rs --error-format=json --json=diagnostic-rendered-ansi,artifacts,future-incompat --crate-type lib --emit=dep-info,metadata,link -C embed-bitcode=no -C debug-assertions=off --check-cfg 'cfg(docsrs,test)' --check-cfg 'cfg(feature, values("arbitrary", "bytemuck", "compiler_builtins", "core", "example_generated", "rustc-dep-of-std", "serde", "std"))' -C metadata=9945bde3c7b6a64d -C extra-filename=-d4b8afea580c0149 --out-dir /app/target/cpython-strict/build/primp-0.15.0/target/release/deps -C strip=symbols -L dependency=/app/target/cpython-strict/build/primp-0.15.0/target/release/deps --cap-lints warn`
   Compiling serde_derive v1.0.219
     Running `CARGO=/app/target/cpython-strict/host-tools/rustup/toolchains/nightly-2025-01-18-x86_64-unknown-linux-gnu/bin/cargo CARGO_CRATE_NAME=serde_derive CARGO_MANIFEST_DIR=/app/target/cpython-strict/host-tools/cargo/registry/src/index.crates.io-1949cf8c6b5b557f/serde_derive-1.0.219 CARGO_MANIFEST_PATH=/app/target/cpython-strict/host-tools/cargo/registry/src/index.crates.io-1949cf8c6b5b557f/serde_derive-1.0.219/Cargo.toml CARGO_PKG_AUTHORS='Erick Tryzelaar <erick.tryzelaar@gmail.com>:David Tolnay <dtolnay@gmail.com>' CARGO_PKG_DESCRIPTION='Macros 1.1 implementation of #[derive(Serialize, Deserialize)]' CARGO_PKG_HOMEPAGE='https://serde.rs' CARGO_PKG_LICENSE='MIT OR Apache-2.0' CARGO_PKG_LICENSE_FILE='' CARGO_PKG_NAME=serde_derive CARGO_PKG_README=crates-io.md CARGO_PKG_REPOSITORY='https://github.com/serde-rs/serde' CARGO_PKG_RUST_VERSION=1.61 CARGO_PKG_VERSION=1.0.219 CARGO_PKG_VERSION_MAJOR=1 CARGO_PKG_VERSION_MINOR=0 CARGO_PKG_VERSION_PATCH=219 CARGO_PKG_VERSION_PRE='' LD_LIBRARY_PATH='/app/target/cpython-strict/build/primp-0.15.0/target/release/deps:/app/target/cpython-strict/host-tools/rustup/toolchains/nightly-2025-01-18-x86_64-unknown-linux-gnu/lib:/opt/kendryte-toolchain/bin/:' /app/target/cpython-strict/host-tools/rustup/toolchains/nightly-2025-01-18-x86_64-unknown-linux-gnu/bin/rustc --crate-name serde_derive --edition=2015 /app/target/cpython-strict/host-tools/cargo/registry/src/index.crates.io-1949cf8c6b5b557f/serde_derive-1.0.219/src/lib.rs --error-format=json --json=diagnostic-rendered-ansi,artifacts,future-incompat --crate-type proc-macro --emit=dep-info,link -C prefer-dynamic -C embed-bitcode=no -C debug-assertions=off --cfg 'feature="default"' --check-cfg 'cfg(docsrs,test)' --check-cfg 'cfg(feature, values("default", "deserialize_in_place"))' -C metadata=59e864d669158320 -C extra-filename=-0fba17b3540eb3e3 --out-dir /app/target/cpython-strict/build/primp-0.15.0/target/release/deps -C strip=symbols -L dependency=/app/target/cpython-strict/build/primp-0.15.0/target/release/deps --extern proc_macro2=/app/target/cpython-strict/build/primp-0.15.0/target/release/deps/libproc_macro2-9db364b059323b41.rlib --extern quote=/app/target/cpython-strict/build/primp-0.15.0/target/release/deps/libquote-430fd29c5f10253f.rlib --extern syn=/app/target/cpython-strict/build/primp-0.15.0/target/release/deps/libsyn-4f64c6980b94321d.rlib --extern proc_macro --cap-lints warn`
   Compiling zerovec-derive v0.10.3
     Running `CARGO=/app/target/cpython-strict/host-tools/rustup/toolchains/nightly-2025-01-18-x86_64-unknown-linux-gnu/bin/cargo CARGO_CRATE_NAME=zerovec_derive CARGO_MANIFEST_DIR=/app/target/cpython-strict/host-tools/cargo/registry/src/index.crates.io-1949cf8c6b5b557f/zerovec-derive-0.10.3 CARGO_MANIFEST_PATH=/app/target/cpython-strict/host-tools/cargo/registry/src/index.crates.io-1949cf8c6b5b557f/zerovec-derive-0.10.3/Cargo.toml CARGO_PKG_AUTHORS='Manish Goregaokar <manishsmail@gmail.com>' CARGO_PKG_DESCRIPTION='Custom derive for the zerovec crate' CARGO_PKG_HOMEPAGE='' CARGO_PKG_LICENSE=Unicode-3.0 CARGO_PKG_LICENSE_FILE='' CARGO_PKG_NAME=zerovec-derive CARGO_PKG_README=README.md CARGO_PKG_REPOSITORY='https://github.com/unicode-org/icu4x' CARGO_PKG_RUST_VERSION='' CARGO_PKG_VERSION=0.10.3 CARGO_PKG_VERSION_MAJOR=0 CARGO_PKG_VERSION_MINOR=10 CARGO_PKG_VERSION_PATCH=3 CARGO_PKG_VERSION_PRE='' LD_LIBRARY_PATH='/app/target/cpython-strict/build/primp-0.15.0/target/release/deps:/app/target/cpython-strict/host-tools/rustup/toolchains/nightly-2025-01-18-x86_64-unknown-linux-gnu/lib:/opt/kendryte-toolchain/bin/:' /app/target/cpython-strict/host-tools/rustup/toolchains/nightly-2025-01-18-x86_64-unknown-linux-gnu/bin/rustc --crate-name zerovec_derive --edition=2021 /app/target/cpython-strict/host-tools/cargo/registry/src/index.crates.io-1949cf8c6b5b557f/zerovec-derive-0.10.3/src/lib.rs --error-format=json --json=diagnostic-rendered-ansi,artifacts,future-incompat --crate-type proc-macro --emit=dep-info,link -C prefer-dynamic -C embed-bitcode=no -C debug-assertions=off --check-cfg 'cfg(docsrs,test)' --check-cfg 'cfg(feature, values())' -C metadata=073d46fc54bdbd20 -C extra-filename=-d7f2bcde36da91a7 --out-dir /app/target/cpython-strict/build/primp-0.15.0/target/release/deps -C strip=symbols -L dependency=/app/target/cpython-strict/build/primp-0.15.0/target/release/deps --extern proc_macro2=/app/target/cpython-strict/build/primp-0.15.0/target/release/deps/libproc_macro2-9db364b059323b41.rlib --extern quote=/app/target/cpython-strict/build/primp-0.15.0/target/release/deps/libquote-430fd29c5f10253f.rlib --extern syn=/app/target/cpython-strict/build/primp-0.15.0/target/release/deps/libsyn-4f64c6980b94321d.rlib --extern proc_macro --cap-lints warn`
   Compiling zerofrom-derive v0.1.6
     Running `CARGO=/app/target/cpython-strict/host-tools/rustup/toolchains/nightly-2025-01-18-x86_64-unknown-linux-gnu/bin/cargo CARGO_CRATE_NAME=zerofrom_derive CARGO_MANIFEST_DIR=/app/target/cpython-strict/host-tools/cargo/registry/src/index.crates.io-1949cf8c6b5b557f/zerofrom-derive-0.1.6 CARGO_MANIFEST_PATH=/app/target/cpython-strict/host-tools/cargo/registry/src/index.crates.io-1949cf8c6b5b557f/zerofrom-derive-0.1.6/Cargo.toml CARGO_PKG_AUTHORS='Manish Goregaokar <manishsmail@gmail.com>' CARGO_PKG_DESCRIPTION='Custom derive for the zerofrom crate' CARGO_PKG_HOMEPAGE='' CARGO_PKG_LICENSE=Unicode-3.0 CARGO_PKG_LICENSE_FILE='' CARGO_PKG_NAME=zerofrom-derive CARGO_PKG_README=README.md CARGO_PKG_REPOSITORY='https://github.com/unicode-org/icu4x' CARGO_PKG_RUST_VERSION='' CARGO_PKG_VERSION=0.1.6 CARGO_PKG_VERSION_MAJOR=0 CARGO_PKG_VERSION_MINOR=1 CARGO_PKG_VERSION_PATCH=6 CARGO_PKG_VERSION_PRE='' LD_LIBRARY_PATH='/app/target/cpython-strict/build/primp-0.15.0/target/release/deps:/app/target/cpython-strict/host-tools/rustup/toolchains/nightly-2025-01-18-x86_64-unknown-linux-gnu/lib:/opt/kendryte-toolchain/bin/:' /app/target/cpython-strict/host-tools/rustup/toolchains/nightly-2025-01-18-x86_64-unknown-linux-gnu/bin/rustc --crate-name zerofrom_derive --edition=2021 /app/target/cpython-strict/host-tools/cargo/registry/src/index.crates.io-1949cf8c6b5b557f/zerofrom-derive-0.1.6/src/lib.rs --error-format=json --json=diagnostic-rendered-ansi,artifacts,future-incompat --crate-type proc-macro --emit=dep-info,link -C prefer-dynamic -C embed-bitcode=no -C debug-assertions=off --check-cfg 'cfg(docsrs,test)' --check-cfg 'cfg(feature, values())' -C metadata=fa162a537b324ef6 -C extra-filename=-2d344c6c5ae0e30b --out-dir /app/target/cpython-strict/build/primp-0.15.0/target/release/deps -C strip=symbols -L dependency=/app/target/cpython-strict/build/primp-0.15.0/target/release/deps --extern proc_macro2=/app/target/cpython-strict/build/primp-0.15.0/target/release/deps/libproc_macro2-9db364b059323b41.rlib --extern quote=/app/target/cpython-strict/build/primp-0.15.0/target/release/deps/libquote-430fd29c5f10253f.rlib --extern syn=/app/target/cpython-strict/build/primp-0.15.0/target/release/deps/libsyn-4f64c6980b94321d.rlib --extern synstructure=/app/target/cpython-strict/build/primp-0.15.0/target/release/deps/libsynstructure-a6cc2635ca60b4a0.rlib --extern proc_macro --cap-lints warn`
   Compiling yoke-derive v0.7.5
     Running `CARGO=/app/target/cpython-strict/host-tools/rustup/toolchains/nightly-2025-01-18-x86_64-unknown-linux-gnu/bin/cargo CARGO_CRATE_NAME=yoke_derive CARGO_MANIFEST_DIR=/app/target/cpython-strict/host-tools/cargo/registry/src/index.crates.io-1949cf8c6b5b557f/yoke-derive-0.7.5 CARGO_MANIFEST_PATH=/app/target/cpython-strict/host-tools/cargo/registry/src/index.crates.io-1949cf8c6b5b557f/yoke-derive-0.7.5/Cargo.toml CARGO_PKG_AUTHORS='Manish Goregaokar <manishsmail@gmail.com>' CARGO_PKG_DESCRIPTION='Custom derive for the yoke crate' CARGO_PKG_HOMEPAGE='' CARGO_PKG_LICENSE=Unicode-3.0 CARGO_PKG_LICENSE_FILE='' CARGO_PKG_NAME=yoke-derive CARGO_PKG_README=README.md CARGO_PKG_REPOSITORY='https://github.com/unicode-org/icu4x' CARGO_PKG_RUST_VERSION='' CARGO_PKG_VERSION=0.7.5 CARGO_PKG_VERSION_MAJOR=0 CARGO_PKG_VERSION_MINOR=7 CARGO_PKG_VERSION_PATCH=5 CARGO_PKG_VERSION_PRE='' LD_LIBRARY_PATH='/app/target/cpython-strict/build/primp-0.15.0/target/release/deps:/app/target/cpython-strict/host-tools/rustup/toolchains/nightly-2025-01-18-x86_64-unknown-linux-gnu/lib:/opt/kendryte-toolchain/bin/:' /app/target/cpython-strict/host-tools/rustup/toolchains/nightly-2025-01-18-x86_64-unknown-linux-gnu/bin/rustc --crate-name yoke_derive --edition=2021 /app/target/cpython-strict/host-tools/cargo/registry/src/index.crates.io-1949cf8c6b5b557f/yoke-derive-0.7.5/src/lib.rs --error-format=json --json=diagnostic-rendered-ansi,artifacts,future-incompat --crate-type proc-macro --emit=dep-info,link -C prefer-dynamic -C embed-bitcode=no -C debug-assertions=off --check-cfg 'cfg(docsrs,test)' --check-cfg 'cfg(feature, values())' -C metadata=502b6c018e80f634 -C extra-filename=-b02b3bbbf65cff0b --out-dir /app/target/cpython-strict/build/primp-0.15.0/target/release/deps -C strip=symbols -L dependency=/app/target/cpython-strict/build/primp-0.15.0/target/release/deps --extern proc_macro2=/app/target/cpython-strict/build/primp-0.15.0/target/release/deps/libproc_macro2-9db364b059323b41.rlib --extern quote=/app/target/cpython-strict/build/primp-0.15.0/target/release/deps/libquote-430fd29c5f10253f.rlib --extern syn=/app/target/cpython-strict/build/primp-0.15.0/target/release/deps/libsyn-4f64c6980b94321d.rlib --extern synstructure=/app/target/cpython-strict/build/primp-0.15.0/target/release/deps/libsynstructure-a6cc2635ca60b4a0.rlib --extern proc_macro --cap-lints warn`
warning: `write16` (lib) generated 1 warning (1 duplicate)
   Compiling displaydoc v0.2.5
     Running `CARGO=/app/target/cpython-strict/host-tools/rustup/toolchains/nightly-2025-01-18-x86_64-unknown-linux-gnu/bin/cargo CARGO_CRATE_NAME=displaydoc CARGO_MANIFEST_DIR=/app/target/cpython-strict/host-tools/cargo/registry/src/index.crates.io-1949cf8c6b5b557f/displaydoc-0.2.5 CARGO_MANIFEST_PATH=/app/target/cpython-strict/host-tools/cargo/registry/src/index.crates.io-1949cf8c6b5b557f/displaydoc-0.2.5/Cargo.toml CARGO_PKG_AUTHORS='Jane Lusby <jlusby@yaah.dev>' CARGO_PKG_DESCRIPTION='A derive macro for implementing the display Trait via a doc comment and string interpolation
' CARGO_PKG_HOMEPAGE='https://github.com/yaahc/displaydoc' CARGO_PKG_LICENSE='MIT OR Apache-2.0' CARGO_PKG_LICENSE_FILE='' CARGO_PKG_NAME=displaydoc CARGO_PKG_README=README.md CARGO_PKG_REPOSITORY='https://github.com/yaahc/displaydoc' CARGO_PKG_RUST_VERSION=1.56.0 CARGO_PKG_VERSION=0.2.5 CARGO_PKG_VERSION_MAJOR=0 CARGO_PKG_VERSION_MINOR=2 CARGO_PKG_VERSION_PATCH=5 CARGO_PKG_VERSION_PRE='' LD_LIBRARY_PATH='/app/target/cpython-strict/build/primp-0.15.0/target/release/deps:/app/target/cpython-strict/host-tools/rustup/toolchains/nightly-2025-01-18-x86_64-unknown-linux-gnu/lib:/opt/kendryte-toolchain/bin/:' /app/target/cpython-strict/host-tools/rustup/toolchains/nightly-2025-01-18-x86_64-unknown-linux-gnu/bin/rustc --crate-name displaydoc --edition=2021 /app/target/cpython-strict/host-tools/cargo/registry/src/index.crates.io-1949cf8c6b5b557f/displaydoc-0.2.5/src/lib.rs --error-format=json --json=diagnostic-rendered-ansi,artifacts,future-incompat --crate-type proc-macro --emit=dep-info,link -C prefer-dynamic -C embed-bitcode=no -C debug-assertions=off --check-cfg 'cfg(docsrs,test)' --check-cfg 'cfg(feature, values("default", "std"))' -C metadata=58f4084f8583231a -C extra-filename=-79a507322597fbb7 --out-dir /app/target/cpython-strict/build/primp-0.15.0/target/release/deps -C strip=symbols -L dependency=/app/target/cpython-strict/build/primp-0.15.0/target/release/deps --extern proc_macro2=/app/target/cpython-strict/build/primp-0.15.0/target/release/deps/libproc_macro2-9db364b059323b41.rlib --extern quote=/app/target/cpython-strict/build/primp-0.15.0/target/release/deps/libquote-430fd29c5f10253f.rlib --extern syn=/app/target/cpython-strict/build/primp-0.15.0/target/release/deps/libsyn-4f64c6980b94321d.rlib --extern proc_macro --cap-lints warn`
   Compiling icu_provider_macros v1.5.0
     Running `CARGO=/app/target/cpython-strict/host-tools/rustup/toolchains/nightly-2025-01-18-x86_64-unknown-linux-gnu/bin/cargo CARGO_CRATE_NAME=icu_provider_macros CARGO_MANIFEST_DIR=/app/target/cpython-strict/host-tools/cargo/registry/src/index.crates.io-1949cf8c6b5b557f/icu_provider_macros-1.5.0 CARGO_MANIFEST_PATH=/app/target/cpython-strict/host-tools/cargo/registry/src/index.crates.io-1949cf8c6b5b557f/icu_provider_macros-1.5.0/Cargo.toml CARGO_PKG_AUTHORS='The ICU4X Project Developers' CARGO_PKG_DESCRIPTION='Proc macros for ICU data providers' CARGO_PKG_HOMEPAGE='https://icu4x.unicode.org' CARGO_PKG_LICENSE=Unicode-3.0 CARGO_PKG_LICENSE_FILE='' CARGO_PKG_NAME=icu_provider_macros CARGO_PKG_README=README.md CARGO_PKG_REPOSITORY='https://github.com/unicode-org/icu4x' CARGO_PKG_RUST_VERSION=1.67 CARGO_PKG_VERSION=1.5.0 CARGO_PKG_VERSION_MAJOR=1 CARGO_PKG_VERSION_MINOR=5 CARGO_PKG_VERSION_PATCH=0 CARGO_PKG_VERSION_PRE='' LD_LIBRARY_PATH='/app/target/cpython-strict/build/primp-0.15.0/target/release/deps:/app/target/cpython-strict/host-tools/rustup/toolchains/nightly-2025-01-18-x86_64-unknown-linux-gnu/lib:/opt/kendryte-toolchain/bin/:' /app/target/cpython-strict/host-tools/rustup/toolchains/nightly-2025-01-18-x86_64-unknown-linux-gnu/bin/rustc --crate-name icu_provider_macros --edition=2021 /app/target/cpython-strict/host-tools/cargo/registry/src/index.crates.io-1949cf8c6b5b557f/icu_provider_macros-1.5.0/src/lib.rs --error-format=json --json=diagnostic-rendered-ansi,artifacts,future-incompat --crate-type proc-macro --emit=dep-info,link -C prefer-dynamic -C embed-bitcode=no -C debug-assertions=off --check-cfg 'cfg(docsrs,test)' --check-cfg 'cfg(feature, values())' -C metadata=13245bd06ea25809 -C extra-filename=-0029e46e16b99569 --out-dir /app/target/cpython-strict/build/primp-0.15.0/target/release/deps -C strip=symbols -L dependency=/app/target/cpython-strict/build/primp-0.15.0/target/release/deps --extern proc_macro2=/app/target/cpython-strict/build/primp-0.15.0/target/release/deps/libproc_macro2-9db364b059323b41.rlib --extern quote=/app/target/cpython-strict/build/primp-0.15.0/target/release/deps/libquote-430fd29c5f10253f.rlib --extern syn=/app/target/cpython-strict/build/primp-0.15.0/target/release/deps/libsyn-4f64c6980b94321d.rlib --extern proc_macro --cap-lints warn`
   Compiling tokio-macros v2.5.0
     Running `CARGO=/app/target/cpython-strict/host-tools/rustup/toolchains/nightly-2025-01-18-x86_64-unknown-linux-gnu/bin/cargo CARGO_CRATE_NAME=tokio_macros CARGO_MANIFEST_DIR=/app/target/cpython-strict/host-tools/cargo/registry/src/index.crates.io-1949cf8c6b5b557f/tokio-macros-2.5.0 CARGO_MANIFEST_PATH=/app/target/cpython-strict/host-tools/cargo/registry/src/index.crates.io-1949cf8c6b5b557f/tokio-macros-2.5.0/Cargo.toml CARGO_PKG_AUTHORS='Tokio Contributors <team@tokio.rs>' CARGO_PKG_DESCRIPTION='Tokio'\''s proc macros.
' CARGO_PKG_HOMEPAGE='https://tokio.rs' CARGO_PKG_LICENSE=MIT CARGO_PKG_LICENSE_FILE='' CARGO_PKG_NAME=tokio-macros CARGO_PKG_README=README.md CARGO_PKG_REPOSITORY='https://github.com/tokio-rs/tokio' CARGO_PKG_RUST_VERSION=1.70 CARGO_PKG_VERSION=2.5.0 CARGO_PKG_VERSION_MAJOR=2 CARGO_PKG_VERSION_MINOR=5 CARGO_PKG_VERSION_PATCH=0 CARGO_PKG_VERSION_PRE='' LD_LIBRARY_PATH='/app/target/cpython-strict/build/primp-0.15.0/target/release/deps:/app/target/cpython-strict/host-tools/rustup/toolchains/nightly-2025-01-18-x86_64-unknown-linux-gnu/lib:/opt/kendryte-toolchain/bin/:' /app/target/cpython-strict/host-tools/rustup/toolchains/nightly-2025-01-18-x86_64-unknown-linux-gnu/bin/rustc --crate-name tokio_macros --edition=2021 /app/target/cpython-strict/host-tools/cargo/registry/src/index.crates.io-1949cf8c6b5b557f/tokio-macros-2.5.0/src/lib.rs --error-format=json --json=diagnostic-rendered-ansi,artifacts,future-incompat --crate-type proc-macro --emit=dep-info,link -C prefer-dynamic -C embed-bitcode=no -C debug-assertions=off --check-cfg 'cfg(docsrs,test)' --check-cfg 'cfg(feature, values())' -C metadata=d68eee0edf0335c7 -C extra-filename=-4940411a938b78d9 --out-dir /app/target/cpython-strict/build/primp-0.15.0/target/release/deps -C strip=symbols -L dependency=/app/target/cpython-strict/build/primp-0.15.0/target/release/deps --extern proc_macro2=/app/target/cpython-strict/build/primp-0.15.0/target/release/deps/libproc_macro2-9db364b059323b41.rlib --extern quote=/app/target/cpython-strict/build/primp-0.15.0/target/release/deps/libquote-430fd29c5f10253f.rlib --extern syn=/app/target/cpython-strict/build/primp-0.15.0/target/release/deps/libsyn-4f64c6980b94321d.rlib --extern proc_macro --cap-lints warn`
warning: `utf8_iter` (lib) generated 1 warning (1 duplicate)
   Compiling regex v1.11.1
     Running `CARGO=/app/target/cpython-strict/host-tools/rustup/toolchains/nightly-2025-01-18-x86_64-unknown-linux-gnu/bin/cargo CARGO_CRATE_NAME=regex CARGO_MANIFEST_DIR=/app/target/cpython-strict/host-tools/cargo/registry/src/index.crates.io-1949cf8c6b5b557f/regex-1.11.1 CARGO_MANIFEST_PATH=/app/target/cpython-strict/host-tools/cargo/registry/src/index.crates.io-1949cf8c6b5b557f/regex-1.11.1/Cargo.toml CARGO_PKG_AUTHORS='The Rust Project Developers:Andrew Gallant <jamslam@gmail.com>' CARGO_PKG_DESCRIPTION='An implementation of regular expressions for Rust. This implementation uses
finite automata and guarantees linear time matching on all inputs.
' CARGO_PKG_HOMEPAGE='https://github.com/rust-lang/regex' CARGO_PKG_LICENSE='MIT OR Apache-2.0' CARGO_PKG_LICENSE_FILE='' CARGO_PKG_NAME=regex CARGO_PKG_README=README.md CARGO_PKG_REPOSITORY='https://github.com/rust-lang/regex' CARGO_PKG_RUST_VERSION=1.65 CARGO_PKG_VERSION=1.11.1 CARGO_PKG_VERSION_MAJOR=1 CARGO_PKG_VERSION_MINOR=11 CARGO_PKG_VERSION_PATCH=1 CARGO_PKG_VERSION_PRE='' LD_LIBRARY_PATH='/app/target/cpython-strict/build/primp-0.15.0/target/release/deps:/app/target/cpython-strict/host-tools/rustup/toolchains/nightly-2025-01-18-x86_64-unknown-linux-gnu/lib:/opt/kendryte-toolchain/bin/:' /app/target/cpython-strict/host-tools/rustup/toolchains/nightly-2025-01-18-x86_64-unknown-linux-gnu/bin/rustc --crate-name regex --edition=2021 /app/target/cpython-strict/host-tools/cargo/registry/src/index.crates.io-1949cf8c6b5b557f/regex-1.11.1/src/lib.rs --error-format=json --json=diagnostic-rendered-ansi,artifacts,future-incompat --crate-type lib --emit=dep-info,metadata,link -C embed-bitcode=no -C debug-assertions=off --cfg 'feature="std"' --cfg 'feature="unicode-perl"' --check-cfg 'cfg(docsrs,test)' --check-cfg 'cfg(feature, values("default", "logging", "pattern", "perf", "perf-backtrack", "perf-cache", "perf-dfa", "perf-dfa-full", "perf-inline", "perf-literal", "perf-onepass", "std", "unicode", "unicode-age", "unicode-bool", "unicode-case", "unicode-gencat", "unicode-perl", "unicode-script", "unicode-segment", "unstable", "use_std"))' -C metadata=5e4529cd31f9eb65 -C extra-filename=-31727ee429e4d5f1 --out-dir /app/target/cpython-strict/build/primp-0.15.0/target/release/deps -C strip=symbols -L dependency=/app/target/cpython-strict/build/primp-0.15.0/target/release/deps --extern regex_automata=/app/target/cpython-strict/build/primp-0.15.0/target/release/deps/libregex_automata-0b61a34f44b13d64.rmeta --extern regex_syntax=/app/target/cpython-strict/build/primp-0.15.0/target/release/deps/libregex_syntax-ee06830fc055df81.rmeta --cap-lints warn`
   Compiling equivalent v1.0.2
     Running `CARGO=/app/target/cpython-strict/host-tools/rustup/toolchains/nightly-2025-01-18-x86_64-unknown-linux-gnu/bin/cargo CARGO_CRATE_NAME=equivalent CARGO_MANIFEST_DIR=/app/target/cpython-strict/host-tools/cargo/registry/src/index.crates.io-1949cf8c6b5b557f/equivalent-1.0.2 CARGO_MANIFEST_PATH=/app/target/cpython-strict/host-tools/cargo/registry/src/index.crates.io-1949cf8c6b5b557f/equivalent-1.0.2/Cargo.toml CARGO_PKG_AUTHORS='' CARGO_PKG_DESCRIPTION='Traits for key comparison in maps.' CARGO_PKG_HOMEPAGE='' CARGO_PKG_LICENSE='Apache-2.0 OR MIT' CARGO_PKG_LICENSE_FILE='' CARGO_PKG_NAME=equivalent CARGO_PKG_README=README.md CARGO_PKG_REPOSITORY='https://github.com/indexmap-rs/equivalent' CARGO_PKG_RUST_VERSION=1.6 CARGO_PKG_VERSION=1.0.2 CARGO_PKG_VERSION_MAJOR=1 CARGO_PKG_VERSION_MINOR=0 CARGO_PKG_VERSION_PATCH=2 CARGO_PKG_VERSION_PRE='' LD_LIBRARY_PATH='/app/target/cpython-strict/build/primp-0.15.0/target/release/deps:/app/target/cpython-strict/host-tools/rustup/toolchains/nightly-2025-01-18-x86_64-unknown-linux-gnu/lib:/opt/kendryte-toolchain/bin/:' /app/target/cpython-strict/host-tools/rustup/toolchains/nightly-2025-01-18-x86_64-unknown-linux-gnu/bin/rustc --crate-name equivalent --edition=2015 /app/target/cpython-strict/host-tools/cargo/registry/src/index.crates.io-1949cf8c6b5b557f/equivalent-1.0.2/src/lib.rs --error-format=json --json=diagnostic-rendered-ansi,artifacts,future-incompat --crate-type lib --emit=dep-info,metadata,link -C opt-level=3 -C panic=abort -C linker-plugin-lto -C codegen-units=1 --check-cfg 'cfg(docsrs,test)' --check-cfg 'cfg(feature, values())' -C metadata=7a0a07bc090e9df3 -C extra-filename=-22742395088ca423 --out-dir /app/target/cpython-strict/build/primp-0.15.0/target/loongarch64-unknown-linux-musl/release/deps --target loongarch64-unknown-linux-musl -C linker=/app/target/cpython-strict/cross/loongarch64-linux-musl-gcc -C strip=symbols -L dependency=/app/target/cpython-strict/build/primp-0.15.0/target/loongarch64-unknown-linux-musl/release/deps -L dependency=/app/target/cpython-strict/build/primp-0.15.0/target/release/deps --cap-lints warn -C target-feature=-ual -C target-feature=-crt-static`
warning: `clang-sys` (lib) generated 20 warnings (14 duplicates)
   Compiling rustc-hash v1.1.0
     Running `CARGO=/app/target/cpython-strict/host-tools/rustup/toolchains/nightly-2025-01-18-x86_64-unknown-linux-gnu/bin/cargo CARGO_CRATE_NAME=rustc_hash CARGO_MANIFEST_DIR=/app/target/cpython-strict/host-tools/cargo/registry/src/index.crates.io-1949cf8c6b5b557f/rustc-hash-1.1.0 CARGO_MANIFEST_PATH=/app/target/cpython-strict/host-tools/cargo/registry/src/index.crates.io-1949cf8c6b5b557f/rustc-hash-1.1.0/Cargo.toml CARGO_PKG_AUTHORS='The Rust Project Developers' CARGO_PKG_DESCRIPTION='speed, non-cryptographic hash used in rustc' CARGO_PKG_HOMEPAGE='' CARGO_PKG_LICENSE=Apache-2.0/MIT CARGO_PKG_LICENSE_FILE='' CARGO_PKG_NAME=rustc-hash CARGO_PKG_README=README.md CARGO_PKG_REPOSITORY='https://github.com/rust-lang-nursery/rustc-hash' CARGO_PKG_RUST_VERSION='' CARGO_PKG_VERSION=1.1.0 CARGO_PKG_VERSION_MAJOR=1 CARGO_PKG_VERSION_MINOR=1 CARGO_PKG_VERSION_PATCH=0 CARGO_PKG_VERSION_PRE='' LD_LIBRARY_PATH='/app/target/cpython-strict/build/primp-0.15.0/target/release/deps:/app/target/cpython-strict/host-tools/rustup/toolchains/nightly-2025-01-18-x86_64-unknown-linux-gnu/lib:/opt/kendryte-toolchain/bin/:' /app/target/cpython-strict/host-tools/rustup/toolchains/nightly-2025-01-18-x86_64-unknown-linux-gnu/bin/rustc --crate-name rustc_hash --edition=2015 /app/target/cpython-strict/host-tools/cargo/registry/src/index.crates.io-1949cf8c6b5b557f/rustc-hash-1.1.0/src/lib.rs --error-format=json --json=diagnostic-rendered-ansi,artifacts,future-incompat --crate-type lib --emit=dep-info,metadata,link -C embed-bitcode=no -C debug-assertions=off --cfg 'feature="default"' --cfg 'feature="std"' --check-cfg 'cfg(docsrs,test)' --check-cfg 'cfg(feature, values("default", "std"))' -C metadata=c61578d94468c227 -C extra-filename=-441037ba054d4fd2 --out-dir /app/target/cpython-strict/build/primp-0.15.0/target/release/deps -C strip=symbols -L dependency=/app/target/cpython-strict/build/primp-0.15.0/target/release/deps --cap-lints warn`
warning: `equivalent` (lib) generated 1 warning (1 duplicate)
   Compiling utf16_iter v1.0.5
     Running `CARGO=/app/target/cpython-strict/host-tools/rustup/toolchains/nightly-2025-01-18-x86_64-unknown-linux-gnu/bin/cargo CARGO_CRATE_NAME=utf16_iter CARGO_MANIFEST_DIR=/app/target/cpython-strict/host-tools/cargo/registry/src/index.crates.io-1949cf8c6b5b557f/utf16_iter-1.0.5 CARGO_MANIFEST_PATH=/app/target/cpython-strict/host-tools/cargo/registry/src/index.crates.io-1949cf8c6b5b557f/utf16_iter-1.0.5/Cargo.toml CARGO_PKG_AUTHORS='Henri Sivonen <hsivonen@hsivonen.fi>' CARGO_PKG_DESCRIPTION='Iterator by char over potentially-invalid UTF-16 in &[u16]' CARGO_PKG_HOMEPAGE='https://docs.rs/utf16_iter/' CARGO_PKG_LICENSE='Apache-2.0 OR MIT' CARGO_PKG_LICENSE_FILE='' CARGO_PKG_NAME=utf16_iter CARGO_PKG_README=README.md CARGO_PKG_REPOSITORY='https://github.com/hsivonen/utf16_iter' CARGO_PKG_RUST_VERSION='' CARGO_PKG_VERSION=1.0.5 CARGO_PKG_VERSION_MAJOR=1 CARGO_PKG_VERSION_MINOR=0 CARGO_PKG_VERSION_PATCH=5 CARGO_PKG_VERSION_PRE='' LD_LIBRARY_PATH='/app/target/cpython-strict/build/primp-0.15.0/target/release/deps:/app/target/cpython-strict/host-tools/rustup/toolchains/nightly-2025-01-18-x86_64-unknown-linux-gnu/lib:/opt/kendryte-toolchain/bin/:' /app/target/cpython-strict/host-tools/rustup/toolchains/nightly-2025-01-18-x86_64-unknown-linux-gnu/bin/rustc --crate-name utf16_iter --edition=2021 /app/target/cpython-strict/host-tools/cargo/registry/src/index.crates.io-1949cf8c6b5b557f/utf16_iter-1.0.5/src/lib.rs --error-format=json --json=diagnostic-rendered-ansi,artifacts,future-incompat --crate-type lib --emit=dep-info,metadata,link -C opt-level=3 -C panic=abort -C linker-plugin-lto -C codegen-units=1 --check-cfg 'cfg(docsrs,test)' --check-cfg 'cfg(feature, values())' -C metadata=27e1abe8abff5390 -C extra-filename=-72fc560319bac5eb --out-dir /app/target/cpython-strict/build/primp-0.15.0/target/loongarch64-unknown-linux-musl/release/deps --target loongarch64-unknown-linux-musl -C linker=/app/target/cpython-strict/cross/loongarch64-linux-musl-gcc -C strip=symbols -L dependency=/app/target/cpython-strict/build/primp-0.15.0/target/loongarch64-unknown-linux-musl/release/deps -L dependency=/app/target/cpython-strict/build/primp-0.15.0/target/release/deps --cap-lints warn -C target-feature=-ual -C target-feature=-crt-static`
     Running `CARGO=/app/target/cpython-strict/host-tools/rustup/toolchains/nightly-2025-01-18-x86_64-unknown-linux-gnu/bin/cargo CARGO_CFG_FEATURE=legacy,std,zdict_builder CARGO_CFG_FMT_DEBUG=full CARGO_CFG_OVERFLOW_CHECKS='' CARGO_CFG_PANIC=unwind CARGO_CFG_RELOCATION_MODEL=pic CARGO_CFG_TARGET_ABI='' CARGO_CFG_TARGET_ARCH=loongarch64 CARGO_CFG_TARGET_ENDIAN=little CARGO_CFG_TARGET_ENV=musl CARGO_CFG_TARGET_FAMILY=unix CARGO_CFG_TARGET_FEATURE=d,f,lsx CARGO_CFG_TARGET_HAS_ATOMIC=16,32,64,8,ptr CARGO_CFG_TARGET_HAS_ATOMIC_EQUAL_ALIGNMENT=16,32,64,8,ptr CARGO_CFG_TARGET_HAS_ATOMIC_LOAD_STORE=16,32,64,8,ptr CARGO_CFG_TARGET_OS=linux CARGO_CFG_TARGET_POINTER_WIDTH=64 CARGO_CFG_TARGET_THREAD_LOCAL='' CARGO_CFG_TARGET_VENDOR=unknown CARGO_CFG_UB_CHECKS='' CARGO_CFG_UNIX='' CARGO_ENCODED_RUSTFLAGS='-Ctarget-feature=-ual-Ctarget-feature=-crt-static' CARGO_FEATURE_LEGACY=1 CARGO_FEATURE_STD=1 CARGO_FEATURE_ZDICT_BUILDER=1 CARGO_MANIFEST_DIR=/app/target/cpython-strict/host-tools/cargo/registry/src/index.crates.io-1949cf8c6b5b557f/zstd-sys-2.0.15+zstd.1.5.7 CARGO_MANIFEST_LINKS=zstd CARGO_MANIFEST_PATH=/app/target/cpython-strict/host-tools/cargo/registry/src/index.crates.io-1949cf8c6b5b557f/zstd-sys-2.0.15+zstd.1.5.7/Cargo.toml CARGO_PKG_AUTHORS='Alexandre Bury <alexandre.bury@gmail.com>' CARGO_PKG_DESCRIPTION='Low-level bindings for the zstd compression library.' CARGO_PKG_HOMEPAGE='' CARGO_PKG_LICENSE=MIT/Apache-2.0 CARGO_PKG_LICENSE_FILE='' CARGO_PKG_NAME=zstd-sys CARGO_PKG_README=Readme.md CARGO_PKG_REPOSITORY='https://github.com/gyscos/zstd-rs' CARGO_PKG_RUST_VERSION=1.64 CARGO_PKG_VERSION=2.0.15+zstd.1.5.7 CARGO_PKG_VERSION_MAJOR=2 CARGO_PKG_VERSION_MINOR=0 CARGO_PKG_VERSION_PATCH=15 CARGO_PKG_VERSION_PRE='' DEBUG=false HOST=x86_64-unknown-linux-gnu LD_LIBRARY_PATH='/app/target/cpython-strict/build/primp-0.15.0/target/release/deps:/app/target/cpython-strict/build/primp-0.15.0/target/release:/app/target/cpython-strict/host-tools/rustup/toolchains/nightly-2025-01-18-x86_64-unknown-linux-gnu/lib/rustlib/x86_64-unknown-linux-gnu/lib:/app/target/cpython-strict/host-tools/rustup/toolchains/nightly-2025-01-18-x86_64-unknown-linux-gnu/lib:/opt/kendryte-toolchain/bin/:' NUM_JOBS=10 OPT_LEVEL=3 OUT_DIR=/app/target/cpython-strict/build/primp-0.15.0/target/loongarch64-unknown-linux-musl/release/build/zstd-sys-292d0356197036f9/out PROFILE=release RUSTC=/app/target/cpython-strict/host-tools/rustup/toolchains/nightly-2025-01-18-x86_64-unknown-linux-gnu/bin/rustc RUSTC_LINKER=/app/target/cpython-strict/cross/loongarch64-linux-musl-gcc RUSTDOC=/app/target/cpython-strict/host-tools/rustup/toolchains/nightly-2025-01-18-x86_64-unknown-linux-gnu/bin/rustdoc TARGET=loongarch64-unknown-linux-musl /app/target/cpython-strict/build/primp-0.15.0/target/release/build/zstd-sys-beca08398bc3a544/build-script-build`
     Running `CARGO=/app/target/cpython-strict/host-tools/rustup/toolchains/nightly-2025-01-18-x86_64-unknown-linux-gnu/bin/cargo CARGO_CRATE_NAME=bindgen CARGO_MANIFEST_DIR=/app/target/cpython-strict/host-tools/cargo/registry/src/index.crates.io-1949cf8c6b5b557f/bindgen-0.70.1 CARGO_MANIFEST_PATH=/app/target/cpython-strict/host-tools/cargo/registry/src/index.crates.io-1949cf8c6b5b557f/bindgen-0.70.1/Cargo.toml CARGO_PKG_AUTHORS='Jyun-Yan You <jyyou.tw@gmail.com>:Emilio Cobos Álvarez <emilio@crisal.io>:Nick Fitzgerald <fitzgen@gmail.com>:The Servo project developers' CARGO_PKG_DESCRIPTION='Automatically generates Rust FFI bindings to C and C++ libraries.' CARGO_PKG_HOMEPAGE='https://rust-lang.github.io/rust-bindgen/' CARGO_PKG_LICENSE=BSD-3-Clause CARGO_PKG_LICENSE_FILE='' CARGO_PKG_NAME=bindgen CARGO_PKG_README=README.md CARGO_PKG_REPOSITORY='https://github.com/rust-lang/rust-bindgen' CARGO_PKG_RUST_VERSION=1.70.0 CARGO_PKG_VERSION=0.70.1 CARGO_PKG_VERSION_MAJOR=0 CARGO_PKG_VERSION_MINOR=70 CARGO_PKG_VERSION_PATCH=1 CARGO_PKG_VERSION_PRE='' LD_LIBRARY_PATH='/app/target/cpython-strict/build/primp-0.15.0/target/release/deps:/app/target/cpython-strict/host-tools/rustup/toolchains/nightly-2025-01-18-x86_64-unknown-linux-gnu/lib:/opt/kendryte-toolchain/bin/:' OUT_DIR=/app/target/cpython-strict/build/primp-0.15.0/target/release/build/bindgen-a791edc00fdbcbe1/out /app/target/cpython-strict/host-tools/rustup/toolchains/nightly-2025-01-18-x86_64-unknown-linux-gnu/bin/rustc --crate-name bindgen --edition=2018 /app/target/cpython-strict/host-tools/cargo/registry/src/index.crates.io-1949cf8c6b5b557f/bindgen-0.70.1/lib.rs --error-format=json --json=diagnostic-rendered-ansi,artifacts,future-incompat --crate-type lib --emit=dep-info,metadata,link -C embed-bitcode=no -C debug-assertions=off --cfg 'feature="runtime"' --check-cfg 'cfg(docsrs,test)' --check-cfg 'cfg(feature, values("__cli", "__testing_only_extra_assertions", "__testing_only_libclang_16", "__testing_only_libclang_9", "default", "experimental", "logging", "prettyplease", "runtime", "static", "which-rustfmt"))' -C metadata=053f56ab43536bf4 -C extra-filename=-9f6772412de02e5e --out-dir /app/target/cpython-strict/build/primp-0.15.0/target/release/deps -C strip=symbols -L dependency=/app/target/cpython-strict/build/primp-0.15.0/target/release/deps --extern bitflags=/app/target/cpython-strict/build/primp-0.15.0/target/release/deps/libbitflags-d4b8afea580c0149.rmeta --extern cexpr=/app/target/cpython-strict/build/primp-0.15.0/target/release/deps/libcexpr-717f720735519d44.rmeta --extern clang_sys=/app/target/cpython-strict/build/primp-0.15.0/target/release/deps/libclang_sys-d6b569f13ae8529c.rmeta --extern itertools=/app/target/cpython-strict/build/primp-0.15.0/target/release/deps/libitertools-b2ffa82d16f3a0b6.rmeta --extern proc_macro2=/app/target/cpython-strict/build/primp-0.15.0/target/release/deps/libproc_macro2-9db364b059323b41.rmeta --extern quote=/app/target/cpython-strict/build/primp-0.15.0/target/release/deps/libquote-430fd29c5f10253f.rmeta --extern regex=/app/target/cpython-strict/build/primp-0.15.0/target/release/deps/libregex-31727ee429e4d5f1.rmeta --extern rustc_hash=/app/target/cpython-strict/build/primp-0.15.0/target/release/deps/librustc_hash-441037ba054d4fd2.rmeta --extern shlex=/app/target/cpython-strict/build/primp-0.15.0/target/release/deps/libshlex-0a52e9259d25247b.rmeta --extern syn=/app/target/cpython-strict/build/primp-0.15.0/target/release/deps/libsyn-4f64c6980b94321d.rmeta --cap-lints warn`
   Compiling pyo3-ffi v0.24.1
     Running `CARGO=/app/target/cpython-strict/host-tools/rustup/toolchains/nightly-2025-01-18-x86_64-unknown-linux-gnu/bin/cargo CARGO_CRATE_NAME=build_script_build CARGO_MANIFEST_DIR=/app/target/cpython-strict/host-tools/cargo/registry/src/index.crates.io-1949cf8c6b5b557f/pyo3-ffi-0.24.1 CARGO_MANIFEST_PATH=/app/target/cpython-strict/host-tools/cargo/registry/src/index.crates.io-1949cf8c6b5b557f/pyo3-ffi-0.24.1/Cargo.toml CARGO_PKG_AUTHORS='PyO3 Project and Contributors <https://github.com/PyO3>' CARGO_PKG_DESCRIPTION='Python-API bindings for the PyO3 ecosystem' CARGO_PKG_HOMEPAGE='https://github.com/pyo3/pyo3' CARGO_PKG_LICENSE='MIT OR Apache-2.0' CARGO_PKG_LICENSE_FILE='' CARGO_PKG_NAME=pyo3-ffi CARGO_PKG_README=README.md CARGO_PKG_REPOSITORY='https://github.com/pyo3/pyo3' CARGO_PKG_RUST_VERSION=1.63 CARGO_PKG_VERSION=0.24.1 CARGO_PKG_VERSION_MAJOR=0 CARGO_PKG_VERSION_MINOR=24 CARGO_PKG_VERSION_PATCH=1 CARGO_PKG_VERSION_PRE='' LD_LIBRARY_PATH='/app/target/cpython-strict/build/primp-0.15.0/target/release/deps:/app/target/cpython-strict/host-tools/rustup/toolchains/nightly-2025-01-18-x86_64-unknown-linux-gnu/lib:/opt/kendryte-toolchain/bin/:' /app/target/cpython-strict/host-tools/rustup/toolchains/nightly-2025-01-18-x86_64-unknown-linux-gnu/bin/rustc --crate-name build_script_build --edition=2021 /app/target/cpython-strict/host-tools/cargo/registry/src/index.crates.io-1949cf8c6b5b557f/pyo3-ffi-0.24.1/build.rs --error-format=json --json=diagnostic-rendered-ansi,artifacts,future-incompat --crate-type bin --emit=dep-info,link -C embed-bitcode=no --warn=rust_2018_idioms '--warn=clippy::useless_transmute' '--warn=clippy::used_underscore_binding' --warn=unused_lifetimes --warn=unsafe_op_in_unsafe_fn '--warn=clippy::unnecessary_wraps' '--warn=clippy::todo' --warn=rust_2021_prelude_collisions '--warn=clippy::manual_ok_or' '--warn=clippy::manual_assert' '--warn=clippy::let_unit_value' --warn=invalid_doc_attributes '--warn=clippy::flat_map_option' '--warn=clippy::filter_map_next' '--warn=clippy::explicit_iter_loop' '--warn=clippy::explicit_into_iter_loop' --warn=elided_lifetimes_in_paths '--warn=clippy::dbg_macro' '--warn=clippy::checked_conversions' '--warn=rustdoc::broken_intra_doc_links' '--warn=rustdoc::bare_urls' -C debug-assertions=off --cfg 'feature="abi3"' --cfg 'feature="abi3-py310"' --cfg 'feature="abi3-py311"' --cfg 'feature="abi3-py312"' --cfg 'feature="abi3-py313"' --cfg 'feature="abi3-py38"' --cfg 'feature="abi3-py39"' --cfg 'feature="default"' --cfg 'feature="extension-module"' --check-cfg 'cfg(docsrs,test)' --check-cfg 'cfg(feature, values("abi3", "abi3-py310", "abi3-py311", "abi3-py312", "abi3-py313", "abi3-py37", "abi3-py38", "abi3-py39", "default", "extension-module", "generate-import-lib"))' -C metadata=d710ddcf61668cce -C extra-filename=-1985391159549d76 --out-dir /app/target/cpython-strict/build/primp-0.15.0/target/release/build/pyo3-ffi-1985391159549d76 -C strip=symbols -L dependency=/app/target/cpython-strict/build/primp-0.15.0/target/release/deps --extern pyo3_build_config=/app/target/cpython-strict/build/primp-0.15.0/target/release/deps/libpyo3_build_config-daf58e5897111b40.rlib --cap-lints warn`
   Compiling pyo3-macros-backend v0.24.1
     Running `CARGO=/app/target/cpython-strict/host-tools/rustup/toolchains/nightly-2025-01-18-x86_64-unknown-linux-gnu/bin/cargo CARGO_CRATE_NAME=build_script_build CARGO_MANIFEST_DIR=/app/target/cpython-strict/host-tools/cargo/registry/src/index.crates.io-1949cf8c6b5b557f/pyo3-macros-backend-0.24.1 CARGO_MANIFEST_PATH=/app/target/cpython-strict/host-tools/cargo/registry/src/index.crates.io-1949cf8c6b5b557f/pyo3-macros-backend-0.24.1/Cargo.toml CARGO_PKG_AUTHORS='PyO3 Project and Contributors <https://github.com/PyO3>' CARGO_PKG_DESCRIPTION='Code generation for PyO3 package' CARGO_PKG_HOMEPAGE='https://github.com/pyo3/pyo3' CARGO_PKG_LICENSE='MIT OR Apache-2.0' CARGO_PKG_LICENSE_FILE='' CARGO_PKG_NAME=pyo3-macros-backend CARGO_PKG_README='' CARGO_PKG_REPOSITORY='https://github.com/pyo3/pyo3' CARGO_PKG_RUST_VERSION=1.63 CARGO_PKG_VERSION=0.24.1 CARGO_PKG_VERSION_MAJOR=0 CARGO_PKG_VERSION_MINOR=24 CARGO_PKG_VERSION_PATCH=1 CARGO_PKG_VERSION_PRE='' LD_LIBRARY_PATH='/app/target/cpython-strict/build/primp-0.15.0/target/release/deps:/app/target/cpython-strict/host-tools/rustup/toolchains/nightly-2025-01-18-x86_64-unknown-linux-gnu/lib:/opt/kendryte-toolchain/bin/:' /app/target/cpython-strict/host-tools/rustup/toolchains/nightly-2025-01-18-x86_64-unknown-linux-gnu/bin/rustc --crate-name build_script_build --edition=2021 /app/target/cpython-strict/host-tools/cargo/registry/src/index.crates.io-1949cf8c6b5b557f/pyo3-macros-backend-0.24.1/build.rs --error-format=json --json=diagnostic-rendered-ansi,artifacts,future-incompat --crate-type bin --emit=dep-info,link -C embed-bitcode=no --warn=rust_2018_idioms '--warn=clippy::useless_transmute' '--warn=clippy::used_underscore_binding' --warn=unused_lifetimes --warn=unsafe_op_in_unsafe_fn '--warn=clippy::unnecessary_wraps' '--warn=clippy::todo' --warn=rust_2021_prelude_collisions '--warn=clippy::manual_ok_or' '--warn=clippy::manual_assert' '--warn=clippy::let_unit_value' --warn=invalid_doc_attributes '--warn=clippy::flat_map_option' '--warn=clippy::filter_map_next' '--warn=clippy::explicit_iter_loop' '--warn=clippy::explicit_into_iter_loop' --warn=elided_lifetimes_in_paths '--warn=clippy::dbg_macro' '--warn=clippy::checked_conversions' '--warn=rustdoc::broken_intra_doc_links' '--warn=rustdoc::bare_urls' -C debug-assertions=off --check-cfg 'cfg(docsrs,test)' --check-cfg 'cfg(feature, values("experimental-async"))' -C metadata=6cdf5c7ebd7e17fb -C extra-filename=-0dba86e87292ab77 --out-dir /app/target/cpython-strict/build/primp-0.15.0/target/release/build/pyo3-macros-backend-0dba86e87292ab77 -C strip=symbols -L dependency=/app/target/cpython-strict/build/primp-0.15.0/target/release/deps --extern pyo3_build_config=/app/target/cpython-strict/build/primp-0.15.0/target/release/deps/libpyo3_build_config-daf58e5897111b40.rlib --cap-lints warn`
   Compiling cmake v0.1.54
     Running `CARGO=/app/target/cpython-strict/host-tools/rustup/toolchains/nightly-2025-01-18-x86_64-unknown-linux-gnu/bin/cargo CARGO_CRATE_NAME=cmake CARGO_MANIFEST_DIR=/app/target/cpython-strict/host-tools/cargo/registry/src/index.crates.io-1949cf8c6b5b557f/cmake-0.1.54 CARGO_MANIFEST_PATH=/app/target/cpython-strict/host-tools/cargo/registry/src/index.crates.io-1949cf8c6b5b557f/cmake-0.1.54/Cargo.toml CARGO_PKG_AUTHORS='Alex Crichton <alex@alexcrichton.com>' CARGO_PKG_DESCRIPTION='A build dependency for running `cmake` to build a native library
' CARGO_PKG_HOMEPAGE='https://github.com/rust-lang/cmake-rs' CARGO_PKG_LICENSE='MIT OR Apache-2.0' CARGO_PKG_LICENSE_FILE='' CARGO_PKG_NAME=cmake CARGO_PKG_README=README.md CARGO_PKG_REPOSITORY='https://github.com/rust-lang/cmake-rs' CARGO_PKG_RUST_VERSION='' CARGO_PKG_VERSION=0.1.54 CARGO_PKG_VERSION_MAJOR=0 CARGO_PKG_VERSION_MINOR=1 CARGO_PKG_VERSION_PATCH=54 CARGO_PKG_VERSION_PRE='' LD_LIBRARY_PATH='/app/target/cpython-strict/build/primp-0.15.0/target/release/deps:/app/target/cpython-strict/host-tools/rustup/toolchains/nightly-2025-01-18-x86_64-unknown-linux-gnu/lib:/opt/kendryte-toolchain/bin/:' /app/target/cpython-strict/host-tools/rustup/toolchains/nightly-2025-01-18-x86_64-unknown-linux-gnu/bin/rustc --crate-name cmake --edition=2021 /app/target/cpython-strict/host-tools/cargo/registry/src/index.crates.io-1949cf8c6b5b557f/cmake-0.1.54/src/lib.rs --error-format=json --json=diagnostic-rendered-ansi,artifacts,future-incompat --crate-type lib --emit=dep-info,metadata,link -C embed-bitcode=no -C debug-assertions=off --check-cfg 'cfg(docsrs,test)' --check-cfg 'cfg(feature, values())' -C metadata=a2957ee34c69e6c9 -C extra-filename=-b1a6fc2138a20eb4 --out-dir /app/target/cpython-strict/build/primp-0.15.0/target/release/deps -C strip=symbols -L dependency=/app/target/cpython-strict/build/primp-0.15.0/target/release/deps --extern cc=/app/target/cpython-strict/build/primp-0.15.0/target/release/deps/libcc-987fbd91ed379719.rmeta --cap-lints warn`
   Compiling fslock v0.2.1
     Running `CARGO=/app/target/cpython-strict/host-tools/rustup/toolchains/nightly-2025-01-18-x86_64-unknown-linux-gnu/bin/cargo CARGO_CRATE_NAME=fslock CARGO_MANIFEST_DIR=/app/target/cpython-strict/host-tools/cargo/registry/src/index.crates.io-1949cf8c6b5b557f/fslock-0.2.1 CARGO_MANIFEST_PATH=/app/target/cpython-strict/host-tools/cargo/registry/src/index.crates.io-1949cf8c6b5b557f/fslock-0.2.1/Cargo.toml CARGO_PKG_AUTHORS='' CARGO_PKG_DESCRIPTION='A library to use files as locks' CARGO_PKG_HOMEPAGE='' CARGO_PKG_LICENSE=MIT CARGO_PKG_LICENSE_FILE='' CARGO_PKG_NAME=fslock CARGO_PKG_README=README.md CARGO_PKG_REPOSITORY='https://github.com/brunoczim/fslock' CARGO_PKG_RUST_VERSION='' CARGO_PKG_VERSION=0.2.1 CARGO_PKG_VERSION_MAJOR=0 CARGO_PKG_VERSION_MINOR=2 CARGO_PKG_VERSION_PATCH=1 CARGO_PKG_VERSION_PRE='' LD_LIBRARY_PATH='/app/target/cpython-strict/build/primp-0.15.0/target/release/deps:/app/target/cpython-strict/host-tools/rustup/toolchains/nightly-2025-01-18-x86_64-unknown-linux-gnu/lib:/opt/kendryte-toolchain/bin/:' /app/target/cpython-strict/host-tools/rustup/toolchains/nightly-2025-01-18-x86_64-unknown-linux-gnu/bin/rustc --crate-name fslock --edition=2018 /app/target/cpython-strict/host-tools/cargo/registry/src/index.crates.io-1949cf8c6b5b557f/fslock-0.2.1/src/lib.rs --error-format=json --json=diagnostic-rendered-ansi,artifacts,future-incompat --crate-type lib --emit=dep-info,metadata,link -C embed-bitcode=no -C debug-assertions=off --cfg 'feature="default"' --cfg 'feature="std"' --check-cfg 'cfg(docsrs,test)' --check-cfg 'cfg(feature, values("default", "std"))' -C metadata=794d15f5be0ce405 -C extra-filename=-4ca166ac55aa0613 --out-dir /app/target/cpython-strict/build/primp-0.15.0/target/release/deps -C strip=symbols -L dependency=/app/target/cpython-strict/build/primp-0.15.0/target/release/deps --extern libc=/app/target/cpython-strict/build/primp-0.15.0/target/release/deps/liblibc-d907941c51b714b7.rmeta --cap-lints warn`
   Compiling tokio v1.44.2
     Running `CARGO=/app/target/cpython-strict/host-tools/rustup/toolchains/nightly-2025-01-18-x86_64-unknown-linux-gnu/bin/cargo CARGO_CRATE_NAME=tokio CARGO_MANIFEST_DIR=/app/target/cpython-strict/host-tools/cargo/registry/src/index.crates.io-1949cf8c6b5b557f/tokio-1.44.2 CARGO_MANIFEST_PATH=/app/target/cpython-strict/host-tools/cargo/registry/src/index.crates.io-1949cf8c6b5b557f/tokio-1.44.2/Cargo.toml CARGO_PKG_AUTHORS='Tokio Contributors <team@tokio.rs>' CARGO_PKG_DESCRIPTION='An event-driven, non-blocking I/O platform for writing asynchronous I/O
backed applications.
' CARGO_PKG_HOMEPAGE='https://tokio.rs' CARGO_PKG_LICENSE=MIT CARGO_PKG_LICENSE_FILE='' CARGO_PKG_NAME=tokio CARGO_PKG_README=README.md CARGO_PKG_REPOSITORY='https://github.com/tokio-rs/tokio' CARGO_PKG_RUST_VERSION=1.70 CARGO_PKG_VERSION=1.44.2 CARGO_PKG_VERSION_MAJOR=1 CARGO_PKG_VERSION_MINOR=44 CARGO_PKG_VERSION_PATCH=2 CARGO_PKG_VERSION_PRE='' LD_LIBRARY_PATH='/app/target/cpython-strict/build/primp-0.15.0/target/release/deps:/app/target/cpython-strict/host-tools/rustup/toolchains/nightly-2025-01-18-x86_64-unknown-linux-gnu/lib:/opt/kendryte-toolchain/bin/:' /app/target/cpython-strict/host-tools/rustup/toolchains/nightly-2025-01-18-x86_64-unknown-linux-gnu/bin/rustc --crate-name tokio --edition=2021 /app/target/cpython-strict/host-tools/cargo/registry/src/index.crates.io-1949cf8c6b5b557f/tokio-1.44.2/src/lib.rs --error-format=json --json=diagnostic-rendered-ansi,artifacts,future-incompat --crate-type lib --emit=dep-info,metadata,link -C opt-level=3 -C panic=abort -C linker-plugin-lto -C codegen-units=1 --warn=unexpected_cfgs --check-cfg 'cfg(fuzzing)' --check-cfg 'cfg(loom)' --check-cfg 'cfg(mio_unsupported_force_poll_poll)' --check-cfg 'cfg(tokio_allow_from_blocking_fd)' --check-cfg 'cfg(tokio_internal_mt_counters)' --check-cfg 'cfg(tokio_no_parking_lot)' --check-cfg 'cfg(tokio_no_tuning_tests)' --check-cfg 'cfg(tokio_taskdump)' --check-cfg 'cfg(tokio_unstable)' --cfg 'feature="bytes"' --cfg 'feature="default"' --cfg 'feature="fs"' --cfg 'feature="full"' --cfg 'feature="io-std"' --cfg 'feature="io-util"' --cfg 'feature="libc"' --cfg 'feature="macros"' --cfg 'feature="mio"' --cfg 'feature="net"' --cfg 'feature="parking_lot"' --cfg 'feature="process"' --cfg 'feature="rt"' --cfg 'feature="rt-multi-thread"' --cfg 'feature="signal"' --cfg 'feature="signal-hook-registry"' --cfg 'feature="socket2"' --cfg 'feature="sync"' --cfg 'feature="time"' --cfg 'feature="tokio-macros"' --check-cfg 'cfg(docsrs,test)' --check-cfg 'cfg(feature, values("bytes", "default", "fs", "full", "io-std", "io-util", "libc", "macros", "mio", "net", "parking_lot", "process", "rt", "rt-multi-thread", "signal", "signal-hook-registry", "socket2", "sync", "test-util", "time", "tokio-macros", "tracing", "windows-sys"))' -C metadata=5d37f9c47253152b -C extra-filename=-a9e1076261fd66b2 --out-dir /app/target/cpython-strict/build/primp-0.15.0/target/loongarch64-unknown-linux-musl/release/deps --target loongarch64-unknown-linux-musl -C linker=/app/target/cpython-strict/cross/loongarch64-linux-musl-gcc -C strip=symbols -L dependency=/app/target/cpython-strict/build/primp-0.15.0/target/loongarch64-unknown-linux-musl/release/deps -L dependency=/app/target/cpython-strict/build/primp-0.15.0/target/release/deps --extern bytes=/app/target/cpython-strict/build/primp-0.15.0/target/loongarch64-unknown-linux-musl/release/deps/libbytes-1ddf7578ed688089.rmeta --extern libc=/app/target/cpython-strict/build/primp-0.15.0/target/loongarch64-unknown-linux-musl/release/deps/liblibc-528e33ec45ba290f.rmeta --extern mio=/app/target/cpython-strict/build/primp-0.15.0/target/loongarch64-unknown-linux-musl/release/deps/libmio-b2b5a08e82d9ad4a.rmeta --extern parking_lot=/app/target/cpython-strict/build/primp-0.15.0/target/loongarch64-unknown-linux-musl/release/deps/libparking_lot-367baf77b5c66b29.rmeta --extern pin_project_lite=/app/target/cpython-strict/build/primp-0.15.0/target/loongarch64-unknown-linux-musl/release/deps/libpin_project_lite-50dcae2c8ff1a98e.rmeta --extern signal_hook_registry=/app/target/cpython-strict/build/primp-0.15.0/target/loongarch64-unknown-linux-musl/release/deps/libsignal_hook_registry-fbcc1b6b1ae9f935.rmeta --extern socket2=/app/target/cpython-strict/build/primp-0.15.0/target/loongarch64-unknown-linux-musl/release/deps/libsocket2-f9fffe543c2c54e9.rmeta --extern tokio_macros=/app/target/cpython-strict/build/primp-0.15.0/target/release/deps/libtokio_macros-4940411a938b78d9.so --cap-lints warn -C target-feature=-ual -C target-feature=-crt-static`
   Compiling zerofrom v0.1.6
     Running `CARGO=/app/target/cpython-strict/host-tools/rustup/toolchains/nightly-2025-01-18-x86_64-unknown-linux-gnu/bin/cargo CARGO_CRATE_NAME=zerofrom CARGO_MANIFEST_DIR=/app/target/cpython-strict/host-tools/cargo/registry/src/index.crates.io-1949cf8c6b5b557f/zerofrom-0.1.6 CARGO_MANIFEST_PATH=/app/target/cpython-strict/host-tools/cargo/registry/src/index.crates.io-1949cf8c6b5b557f/zerofrom-0.1.6/Cargo.toml CARGO_PKG_AUTHORS='Manish Goregaokar <manishsmail@gmail.com>' CARGO_PKG_DESCRIPTION='ZeroFrom trait for constructing' CARGO_PKG_HOMEPAGE='' CARGO_PKG_LICENSE=Unicode-3.0 CARGO_PKG_LICENSE_FILE='' CARGO_PKG_NAME=zerofrom CARGO_PKG_README=README.md CARGO_PKG_REPOSITORY='https://github.com/unicode-org/icu4x' CARGO_PKG_RUST_VERSION=1.81 CARGO_PKG_VERSION=0.1.6 CARGO_PKG_VERSION_MAJOR=0 CARGO_PKG_VERSION_MINOR=1 CARGO_PKG_VERSION_PATCH=6 CARGO_PKG_VERSION_PRE='' LD_LIBRARY_PATH='/app/target/cpython-strict/build/primp-0.15.0/target/release/deps:/app/target/cpython-strict/host-tools/rustup/toolchains/nightly-2025-01-18-x86_64-unknown-linux-gnu/lib:/opt/kendryte-toolchain/bin/:' /app/target/cpython-strict/host-tools/rustup/toolchains/nightly-2025-01-18-x86_64-unknown-linux-gnu/bin/rustc --crate-name zerofrom --edition=2021 /app/target/cpython-strict/host-tools/cargo/registry/src/index.crates.io-1949cf8c6b5b557f/zerofrom-0.1.6/src/lib.rs --error-format=json --json=diagnostic-rendered-ansi,artifacts,future-incompat --crate-type lib --emit=dep-info,metadata,link -C opt-level=3 -C panic=abort -C linker-plugin-lto -C codegen-units=1 --cfg 'feature="alloc"' --cfg 'feature="derive"' --check-cfg 'cfg(docsrs,test)' --check-cfg 'cfg(feature, values("alloc", "default", "derive"))' -C metadata=bff4ec44fc5ebf4c -C extra-filename=-5bc1b0a558c71dd6 --out-dir /app/target/cpython-strict/build/primp-0.15.0/target/loongarch64-unknown-linux-musl/release/deps --target loongarch64-unknown-linux-musl -C linker=/app/target/cpython-strict/cross/loongarch64-linux-musl-gcc -C strip=symbols -L dependency=/app/target/cpython-strict/build/primp-0.15.0/target/loongarch64-unknown-linux-musl/release/deps -L dependency=/app/target/cpython-strict/build/primp-0.15.0/target/release/deps --extern zerofrom_derive=/app/target/cpython-strict/build/primp-0.15.0/target/release/deps/libzerofrom_derive-2d344c6c5ae0e30b.so --cap-lints warn -C target-feature=-ual -C target-feature=-crt-static`
warning: `utf16_iter` (lib) generated 1 warning (1 duplicate)
   Compiling fs_extra v1.3.0
     Running `CARGO=/app/target/cpython-strict/host-tools/rustup/toolchains/nightly-2025-01-18-x86_64-unknown-linux-gnu/bin/cargo CARGO_CRATE_NAME=fs_extra CARGO_MANIFEST_DIR=/app/target/cpython-strict/host-tools/cargo/registry/src/index.crates.io-1949cf8c6b5b557f/fs_extra-1.3.0 CARGO_MANIFEST_PATH=/app/target/cpython-strict/host-tools/cargo/registry/src/index.crates.io-1949cf8c6b5b557f/fs_extra-1.3.0/Cargo.toml CARGO_PKG_AUTHORS='Denis Kurilenko <webdesus@gmail.com>' CARGO_PKG_DESCRIPTION='Expanding std::fs and std::io. Recursively copy folders with information about process and much more.' CARGO_PKG_HOMEPAGE='https://github.com/webdesus/fs_extra' CARGO_PKG_LICENSE=MIT CARGO_PKG_LICENSE_FILE='' CARGO_PKG_NAME=fs_extra CARGO_PKG_README=README.md CARGO_PKG_REPOSITORY='https://github.com/webdesus/fs_extra' CARGO_PKG_RUST_VERSION='' CARGO_PKG_VERSION=1.3.0 CARGO_PKG_VERSION_MAJOR=1 CARGO_PKG_VERSION_MINOR=3 CARGO_PKG_VERSION_PATCH=0 CARGO_PKG_VERSION_PRE='' LD_LIBRARY_PATH='/app/target/cpython-strict/build/primp-0.15.0/target/release/deps:/app/target/cpython-strict/host-tools/rustup/toolchains/nightly-2025-01-18-x86_64-unknown-linux-gnu/lib:/opt/kendryte-toolchain/bin/:' /app/target/cpython-strict/host-tools/rustup/toolchains/nightly-2025-01-18-x86_64-unknown-linux-gnu/bin/rustc --crate-name fs_extra --edition=2018 /app/target/cpython-strict/host-tools/cargo/registry/src/index.crates.io-1949cf8c6b5b557f/fs_extra-1.3.0/src/lib.rs --error-format=json --json=diagnostic-rendered-ansi,artifacts,future-incompat --crate-type lib --emit=dep-info,metadata,link -C embed-bitcode=no -C debug-assertions=off --check-cfg 'cfg(docsrs,test)' --check-cfg 'cfg(feature, values())' -C metadata=f84457a8a154529b -C extra-filename=-288e1a69a1717024 --out-dir /app/target/cpython-strict/build/primp-0.15.0/target/release/deps -C strip=symbols -L dependency=/app/target/cpython-strict/build/primp-0.15.0/target/release/deps --cap-lints warn`
   Compiling fnv v1.0.7
     Running `CARGO=/app/target/cpython-strict/host-tools/rustup/toolchains/nightly-2025-01-18-x86_64-unknown-linux-gnu/bin/cargo CARGO_CRATE_NAME=fnv CARGO_MANIFEST_DIR=/app/target/cpython-strict/host-tools/cargo/registry/src/index.crates.io-1949cf8c6b5b557f/fnv-1.0.7 CARGO_MANIFEST_PATH=/app/target/cpython-strict/host-tools/cargo/registry/src/index.crates.io-1949cf8c6b5b557f/fnv-1.0.7/Cargo.toml CARGO_PKG_AUTHORS='Alex Crichton <alex@alexcrichton.com>' CARGO_PKG_DESCRIPTION='Fowler–Noll–Vo hash function' CARGO_PKG_HOMEPAGE='' CARGO_PKG_LICENSE='Apache-2.0 / MIT' CARGO_PKG_LICENSE_FILE='' CARGO_PKG_NAME=fnv CARGO_PKG_README=README.md CARGO_PKG_REPOSITORY='https://github.com/servo/rust-fnv' CARGO_PKG_RUST_VERSION='' CARGO_PKG_VERSION=1.0.7 CARGO_PKG_VERSION_MAJOR=1 CARGO_PKG_VERSION_MINOR=0 CARGO_PKG_VERSION_PATCH=7 CARGO_PKG_VERSION_PRE='' LD_LIBRARY_PATH='/app/target/cpython-strict/build/primp-0.15.0/target/release/deps:/app/target/cpython-strict/host-tools/rustup/toolchains/nightly-2025-01-18-x86_64-unknown-linux-gnu/lib:/opt/kendryte-toolchain/bin/:' /app/target/cpython-strict/host-tools/rustup/toolchains/nightly-2025-01-18-x86_64-unknown-linux-gnu/bin/rustc --crate-name fnv --edition=2015 /app/target/cpython-strict/host-tools/cargo/registry/src/index.crates.io-1949cf8c6b5b557f/fnv-1.0.7/lib.rs --error-format=json --json=diagnostic-rendered-ansi,artifacts,future-incompat --crate-type lib --emit=dep-info,metadata,link -C opt-level=3 -C panic=abort -C linker-plugin-lto -C codegen-units=1 --cfg 'feature="default"' --cfg 'feature="std"' --check-cfg 'cfg(docsrs,test)' --check-cfg 'cfg(feature, values("default", "std"))' -C metadata=2eeed028945bce1a -C extra-filename=-e7d784fd36e2f20c --out-dir /app/target/cpython-strict/build/primp-0.15.0/target/loongarch64-unknown-linux-musl/release/deps --target loongarch64-unknown-linux-musl -C linker=/app/target/cpython-strict/cross/loongarch64-linux-musl-gcc -C strip=symbols -L dependency=/app/target/cpython-strict/build/primp-0.15.0/target/loongarch64-unknown-linux-musl/release/deps -L dependency=/app/target/cpython-strict/build/primp-0.15.0/target/release/deps --cap-lints warn -C target-feature=-ual -C target-feature=-crt-static`
warning: `zerofrom` (lib) generated 1 warning (1 duplicate)
   Compiling yoke v0.7.5
     Running `CARGO=/app/target/cpython-strict/host-tools/rustup/toolchains/nightly-2025-01-18-x86_64-unknown-linux-gnu/bin/cargo CARGO_CRATE_NAME=yoke CARGO_MANIFEST_DIR=/app/target/cpython-strict/host-tools/cargo/registry/src/index.crates.io-1949cf8c6b5b557f/yoke-0.7.5 CARGO_MANIFEST_PATH=/app/target/cpython-strict/host-tools/cargo/registry/src/index.crates.io-1949cf8c6b5b557f/yoke-0.7.5/Cargo.toml CARGO_PKG_AUTHORS='Manish Goregaokar <manishsmail@gmail.com>' CARGO_PKG_DESCRIPTION='Abstraction allowing borrowed data to be carried along with the backing data it borrows from' CARGO_PKG_HOMEPAGE='' CARGO_PKG_LICENSE=Unicode-3.0 CARGO_PKG_LICENSE_FILE='' CARGO_PKG_NAME=yoke CARGO_PKG_README=README.md CARGO_PKG_REPOSITORY='https://github.com/unicode-org/icu4x' CARGO_PKG_RUST_VERSION=1.71.1 CARGO_PKG_VERSION=0.7.5 CARGO_PKG_VERSION_MAJOR=0 CARGO_PKG_VERSION_MINOR=7 CARGO_PKG_VERSION_PATCH=5 CARGO_PKG_VERSION_PRE='' LD_LIBRARY_PATH='/app/target/cpython-strict/build/primp-0.15.0/target/release/deps:/app/target/cpython-strict/host-tools/rustup/toolchains/nightly-2025-01-18-x86_64-unknown-linux-gnu/lib:/opt/kendryte-toolchain/bin/:' /app/target/cpython-strict/host-tools/rustup/toolchains/nightly-2025-01-18-x86_64-unknown-linux-gnu/bin/rustc --crate-name yoke --edition=2021 /app/target/cpython-strict/host-tools/cargo/registry/src/index.crates.io-1949cf8c6b5b557f/yoke-0.7.5/src/lib.rs --error-format=json --json=diagnostic-rendered-ansi,artifacts,future-incompat --crate-type lib --emit=dep-info,metadata,link -C opt-level=3 -C panic=abort -C linker-plugin-lto -C codegen-units=1 --cfg 'feature="alloc"' --cfg 'feature="default"' --cfg 'feature="derive"' --cfg 'feature="zerofrom"' --check-cfg 'cfg(docsrs,test)' --check-cfg 'cfg(feature, values("alloc", "default", "derive", "serde", "zerofrom"))' -C metadata=32cb94928039d3cf -C extra-filename=-0e1d747cb3390c61 --out-dir /app/target/cpython-strict/build/primp-0.15.0/target/loongarch64-unknown-linux-musl/release/deps --target loongarch64-unknown-linux-musl -C linker=/app/target/cpython-strict/cross/loongarch64-linux-musl-gcc -C strip=symbols -L dependency=/app/target/cpython-strict/build/primp-0.15.0/target/loongarch64-unknown-linux-musl/release/deps -L dependency=/app/target/cpython-strict/build/primp-0.15.0/target/release/deps --extern stable_deref_trait=/app/target/cpython-strict/build/primp-0.15.0/target/loongarch64-unknown-linux-musl/release/deps/libstable_deref_trait-76f1baf4e034bd08.rmeta --extern yoke_derive=/app/target/cpython-strict/build/primp-0.15.0/target/release/deps/libyoke_derive-b02b3bbbf65cff0b.so --extern zerofrom=/app/target/cpython-strict/build/primp-0.15.0/target/loongarch64-unknown-linux-musl/release/deps/libzerofrom-5bc1b0a558c71dd6.rmeta --cap-lints warn -C target-feature=-ual -C target-feature=-crt-static`
   Compiling percent-encoding v2.3.1
     Running `CARGO=/app/target/cpython-strict/host-tools/rustup/toolchains/nightly-2025-01-18-x86_64-unknown-linux-gnu/bin/cargo CARGO_CRATE_NAME=percent_encoding CARGO_MANIFEST_DIR=/app/target/cpython-strict/host-tools/cargo/registry/src/index.crates.io-1949cf8c6b5b557f/percent-encoding-2.3.1 CARGO_MANIFEST_PATH=/app/target/cpython-strict/host-tools/cargo/registry/src/index.crates.io-1949cf8c6b5b557f/percent-encoding-2.3.1/Cargo.toml CARGO_PKG_AUTHORS='The rust-url developers' CARGO_PKG_DESCRIPTION='Percent encoding and decoding' CARGO_PKG_HOMEPAGE='' CARGO_PKG_LICENSE='MIT OR Apache-2.0' CARGO_PKG_LICENSE_FILE='' CARGO_PKG_NAME=percent-encoding CARGO_PKG_README='' CARGO_PKG_REPOSITORY='https://github.com/servo/rust-url/' CARGO_PKG_RUST_VERSION=1.51 CARGO_PKG_VERSION=2.3.1 CARGO_PKG_VERSION_MAJOR=2 CARGO_PKG_VERSION_MINOR=3 CARGO_PKG_VERSION_PATCH=1 CARGO_PKG_VERSION_PRE='' LD_LIBRARY_PATH='/app/target/cpython-strict/build/primp-0.15.0/target/release/deps:/app/target/cpython-strict/host-tools/rustup/toolchains/nightly-2025-01-18-x86_64-unknown-linux-gnu/lib:/opt/kendryte-toolchain/bin/:' /app/target/cpython-strict/host-tools/rustup/toolchains/nightly-2025-01-18-x86_64-unknown-linux-gnu/bin/rustc --crate-name percent_encoding --edition=2018 /app/target/cpython-strict/host-tools/cargo/registry/src/index.crates.io-1949cf8c6b5b557f/percent-encoding-2.3.1/src/lib.rs --error-format=json --json=diagnostic-rendered-ansi,artifacts,future-incompat --crate-type lib --emit=dep-info,metadata,link -C opt-level=3 -C panic=abort -C linker-plugin-lto -C codegen-units=1 --cfg 'feature="alloc"' --cfg 'feature="default"' --cfg 'feature="std"' --check-cfg 'cfg(docsrs,test)' --check-cfg 'cfg(feature, values("alloc", "default", "std"))' -C metadata=b92190d815fdf1f6 -C extra-filename=-8eb9336de638337c --out-dir /app/target/cpython-strict/build/primp-0.15.0/target/loongarch64-unknown-linux-musl/release/deps --target loongarch64-unknown-linux-musl -C linker=/app/target/cpython-strict/cross/loongarch64-linux-musl-gcc -C strip=symbols -L dependency=/app/target/cpython-strict/build/primp-0.15.0/target/loongarch64-unknown-linux-musl/release/deps -L dependency=/app/target/cpython-strict/build/primp-0.15.0/target/release/deps --cap-lints warn -C target-feature=-ual -C target-feature=-crt-static`
   Compiling new_debug_unreachable v1.0.6
     Running `CARGO=/app/target/cpython-strict/host-tools/rustup/toolchains/nightly-2025-01-18-x86_64-unknown-linux-gnu/bin/cargo CARGO_CRATE_NAME=debug_unreachable CARGO_MANIFEST_DIR=/app/target/cpython-strict/host-tools/cargo/registry/src/index.crates.io-1949cf8c6b5b557f/new_debug_unreachable-1.0.6 CARGO_MANIFEST_PATH=/app/target/cpython-strict/host-tools/cargo/registry/src/index.crates.io-1949cf8c6b5b557f/new_debug_unreachable-1.0.6/Cargo.toml CARGO_PKG_AUTHORS='Matt Brubeck <mbrubeck@limpet.net>:Jonathan Reem <jonathan.reem@gmail.com>' CARGO_PKG_DESCRIPTION='panic in debug, intrinsics::unreachable() in release (fork of debug_unreachable)' CARGO_PKG_HOMEPAGE='' CARGO_PKG_LICENSE=MIT CARGO_PKG_LICENSE_FILE='' CARGO_PKG_NAME=new_debug_unreachable CARGO_PKG_README=README.md CARGO_PKG_REPOSITORY='https://github.com/mbrubeck/rust-debug-unreachable' CARGO_PKG_RUST_VERSION='' CARGO_PKG_VERSION=1.0.6 CARGO_PKG_VERSION_MAJOR=1 CARGO_PKG_VERSION_MINOR=0 CARGO_PKG_VERSION_PATCH=6 CARGO_PKG_VERSION_PRE='' LD_LIBRARY_PATH='/app/target/cpython-strict/build/primp-0.15.0/target/release/deps:/app/target/cpython-strict/host-tools/rustup/toolchains/nightly-2025-01-18-x86_64-unknown-linux-gnu/lib:/opt/kendryte-toolchain/bin/:' /app/target/cpython-strict/host-tools/rustup/toolchains/nightly-2025-01-18-x86_64-unknown-linux-gnu/bin/rustc --crate-name debug_unreachable --edition=2021 /app/target/cpython-strict/host-tools/cargo/registry/src/index.crates.io-1949cf8c6b5b557f/new_debug_unreachable-1.0.6/src/lib.rs --error-format=json --json=diagnostic-rendered-ansi,artifacts,future-incompat --crate-type lib --emit=dep-info,metadata,link -C opt-level=3 -C panic=abort -C linker-plugin-lto -C codegen-units=1 --check-cfg 'cfg(docsrs,test)' --check-cfg 'cfg(feature, values())' -C metadata=c8a081ef9af32913 -C extra-filename=-f701305602fc5440 --out-dir /app/target/cpython-strict/build/primp-0.15.0/target/loongarch64-unknown-linux-musl/release/deps --target loongarch64-unknown-linux-musl -C linker=/app/target/cpython-strict/cross/loongarch64-linux-musl-gcc -C strip=symbols -L dependency=/app/target/cpython-strict/build/primp-0.15.0/target/loongarch64-unknown-linux-musl/release/deps -L dependency=/app/target/cpython-strict/build/primp-0.15.0/target/release/deps --cap-lints warn -C target-feature=-ual -C target-feature=-crt-static`
     Running `CARGO=/app/target/cpython-strict/host-tools/rustup/toolchains/nightly-2025-01-18-x86_64-unknown-linux-gnu/bin/cargo CARGO_CRATE_NAME=siphasher CARGO_MANIFEST_DIR=/app/target/cpython-strict/host-tools/cargo/registry/src/index.crates.io-1949cf8c6b5b557f/siphasher-1.0.1 CARGO_MANIFEST_PATH=/app/target/cpython-strict/host-tools/cargo/registry/src/index.crates.io-1949cf8c6b5b557f/siphasher-1.0.1/Cargo.toml CARGO_PKG_AUTHORS='Frank Denis <github@pureftpd.org>' CARGO_PKG_DESCRIPTION='SipHash-2-4, SipHash-1-3 and 128-bit variants in pure Rust' CARGO_PKG_HOMEPAGE='https://docs.rs/siphasher' CARGO_PKG_LICENSE=MIT/Apache-2.0 CARGO_PKG_LICENSE_FILE='' CARGO_PKG_NAME=siphasher CARGO_PKG_README=README.md CARGO_PKG_REPOSITORY='https://github.com/jedisct1/rust-siphash' CARGO_PKG_RUST_VERSION='' CARGO_PKG_VERSION=1.0.1 CARGO_PKG_VERSION_MAJOR=1 CARGO_PKG_VERSION_MINOR=0 CARGO_PKG_VERSION_PATCH=1 CARGO_PKG_VERSION_PRE='' LD_LIBRARY_PATH='/app/target/cpython-strict/build/primp-0.15.0/target/release/deps:/app/target/cpython-strict/host-tools/rustup/toolchains/nightly-2025-01-18-x86_64-unknown-linux-gnu/lib:/opt/kendryte-toolchain/bin/:' /app/target/cpython-strict/host-tools/rustup/toolchains/nightly-2025-01-18-x86_64-unknown-linux-gnu/bin/rustc --crate-name siphasher --edition=2018 /app/target/cpython-strict/host-tools/cargo/registry/src/index.crates.io-1949cf8c6b5b557f/siphasher-1.0.1/src/lib.rs --error-format=json --json=diagnostic-rendered-ansi,artifacts,future-incompat --crate-type lib --emit=dep-info,metadata,link -C opt-level=3 -C panic=abort -C linker-plugin-lto -C codegen-units=1 --cfg 'feature="default"' --cfg 'feature="std"' --check-cfg 'cfg(docsrs,test)' --check-cfg 'cfg(feature, values("default", "serde", "serde_json", "serde_no_std", "serde_std", "std"))' -C metadata=4d47636120a3cb6d -C extra-filename=-9c87a4b74a5f0628 --out-dir /app/target/cpython-strict/build/primp-0.15.0/target/loongarch64-unknown-linux-musl/release/deps --target loongarch64-unknown-linux-musl -C linker=/app/target/cpython-strict/cross/loongarch64-linux-musl-gcc -C strip=symbols -L dependency=/app/target/cpython-strict/build/primp-0.15.0/target/loongarch64-unknown-linux-musl/release/deps -L dependency=/app/target/cpython-strict/build/primp-0.15.0/target/release/deps --cap-lints warn -C target-feature=-ual -C target-feature=-crt-static`
warning: `fnv` (lib) generated 1 warning (1 duplicate)
   Compiling http v1.3.1
     Running `CARGO=/app/target/cpython-strict/host-tools/rustup/toolchains/nightly-2025-01-18-x86_64-unknown-linux-gnu/bin/cargo CARGO_CRATE_NAME=http CARGO_MANIFEST_DIR=/app/target/cpython-strict/host-tools/cargo/registry/src/index.crates.io-1949cf8c6b5b557f/http-1.3.1 CARGO_MANIFEST_PATH=/app/target/cpython-strict/host-tools/cargo/registry/src/index.crates.io-1949cf8c6b5b557f/http-1.3.1/Cargo.toml CARGO_PKG_AUTHORS='Alex Crichton <alex@alexcrichton.com>:Carl Lerche <me@carllerche.com>:Sean McArthur <sean@seanmonstar.com>' CARGO_PKG_DESCRIPTION='A set of types for representing HTTP requests and responses.
' CARGO_PKG_HOMEPAGE='' CARGO_PKG_LICENSE='MIT OR Apache-2.0' CARGO_PKG_LICENSE_FILE='' CARGO_PKG_NAME=http CARGO_PKG_README=README.md CARGO_PKG_REPOSITORY='https://github.com/hyperium/http' CARGO_PKG_RUST_VERSION=1.49.0 CARGO_PKG_VERSION=1.3.1 CARGO_PKG_VERSION_MAJOR=1 CARGO_PKG_VERSION_MINOR=3 CARGO_PKG_VERSION_PATCH=1 CARGO_PKG_VERSION_PRE='' LD_LIBRARY_PATH='/app/target/cpython-strict/build/primp-0.15.0/target/release/deps:/app/target/cpython-strict/host-tools/rustup/toolchains/nightly-2025-01-18-x86_64-unknown-linux-gnu/lib:/opt/kendryte-toolchain/bin/:' /app/target/cpython-strict/host-tools/rustup/toolchains/nightly-2025-01-18-x86_64-unknown-linux-gnu/bin/rustc --crate-name http --edition=2018 /app/target/cpython-strict/host-tools/cargo/registry/src/index.crates.io-1949cf8c6b5b557f/http-1.3.1/src/lib.rs --error-format=json --json=diagnostic-rendered-ansi,artifacts,future-incompat --crate-type lib --emit=dep-info,metadata,link -C opt-level=3 -C panic=abort -C linker-plugin-lto -C codegen-units=1 --cfg 'feature="default"' --cfg 'feature="std"' --check-cfg 'cfg(docsrs,test)' --check-cfg 'cfg(feature, values("default", "std"))' -C metadata=306389e8fb814d23 -C extra-filename=-b4e6733cf463dcb5 --out-dir /app/target/cpython-strict/build/primp-0.15.0/target/loongarch64-unknown-linux-musl/release/deps --target loongarch64-unknown-linux-musl -C linker=/app/target/cpython-strict/cross/loongarch64-linux-musl-gcc -C strip=symbols -L dependency=/app/target/cpython-strict/build/primp-0.15.0/target/loongarch64-unknown-linux-musl/release/deps -L dependency=/app/target/cpython-strict/build/primp-0.15.0/target/release/deps --extern bytes=/app/target/cpython-strict/build/primp-0.15.0/target/loongarch64-unknown-linux-musl/release/deps/libbytes-1ddf7578ed688089.rmeta --extern fnv=/app/target/cpython-strict/build/primp-0.15.0/target/loongarch64-unknown-linux-musl/release/deps/libfnv-e7d784fd36e2f20c.rmeta --extern itoa=/app/target/cpython-strict/build/primp-0.15.0/target/loongarch64-unknown-linux-musl/release/deps/libitoa-5dae556133d5e013.rmeta --cap-lints warn -C target-feature=-ual -C target-feature=-crt-static`
warning: `new_debug_unreachable` (lib) generated 1 warning (1 duplicate)
     Running `CARGO=/app/target/cpython-strict/host-tools/rustup/toolchains/nightly-2025-01-18-x86_64-unknown-linux-gnu/bin/cargo CARGO_CFG_FEATURE=abi3,abi3-py310,abi3-py311,abi3-py312,abi3-py313,abi3-py38,abi3-py39,default,extension-module CARGO_CFG_FMT_DEBUG=full CARGO_CFG_OVERFLOW_CHECKS='' CARGO_CFG_PANIC=unwind CARGO_CFG_RELOCATION_MODEL=pic CARGO_CFG_TARGET_ABI='' CARGO_CFG_TARGET_ARCH=loongarch64 CARGO_CFG_TARGET_ENDIAN=little CARGO_CFG_TARGET_ENV=musl CARGO_CFG_TARGET_FAMILY=unix CARGO_CFG_TARGET_FEATURE=d,f,lsx CARGO_CFG_TARGET_HAS_ATOMIC=16,32,64,8,ptr CARGO_CFG_TARGET_HAS_ATOMIC_EQUAL_ALIGNMENT=16,32,64,8,ptr CARGO_CFG_TARGET_HAS_ATOMIC_LOAD_STORE=16,32,64,8,ptr CARGO_CFG_TARGET_OS=linux CARGO_CFG_TARGET_POINTER_WIDTH=64 CARGO_CFG_TARGET_THREAD_LOCAL='' CARGO_CFG_TARGET_VENDOR=unknown CARGO_CFG_UB_CHECKS='' CARGO_CFG_UNIX='' CARGO_ENCODED_RUSTFLAGS='-Ctarget-feature=-ual-Ctarget-feature=-crt-static' CARGO_FEATURE_ABI3=1 CARGO_FEATURE_ABI3_PY310=1 CARGO_FEATURE_ABI3_PY311=1 CARGO_FEATURE_ABI3_PY312=1 CARGO_FEATURE_ABI3_PY313=1 CARGO_FEATURE_ABI3_PY38=1 CARGO_FEATURE_ABI3_PY39=1 CARGO_FEATURE_DEFAULT=1 CARGO_FEATURE_EXTENSION_MODULE=1 CARGO_MANIFEST_DIR=/app/target/cpython-strict/host-tools/cargo/registry/src/index.crates.io-1949cf8c6b5b557f/pyo3-ffi-0.24.1 CARGO_MANIFEST_LINKS=python CARGO_MANIFEST_PATH=/app/target/cpython-strict/host-tools/cargo/registry/src/index.crates.io-1949cf8c6b5b557f/pyo3-ffi-0.24.1/Cargo.toml CARGO_PKG_AUTHORS='PyO3 Project and Contributors <https://github.com/PyO3>' CARGO_PKG_DESCRIPTION='Python-API bindings for the PyO3 ecosystem' CARGO_PKG_HOMEPAGE='https://github.com/pyo3/pyo3' CARGO_PKG_LICENSE='MIT OR Apache-2.0' CARGO_PKG_LICENSE_FILE='' CARGO_PKG_NAME=pyo3-ffi CARGO_PKG_README=README.md CARGO_PKG_REPOSITORY='https://github.com/pyo3/pyo3' CARGO_PKG_RUST_VERSION=1.63 CARGO_PKG_VERSION=0.24.1 CARGO_PKG_VERSION_MAJOR=0 CARGO_PKG_VERSION_MINOR=24 CARGO_PKG_VERSION_PATCH=1 CARGO_PKG_VERSION_PRE='' DEBUG=false HOST=x86_64-unknown-linux-gnu LD_LIBRARY_PATH='/app/target/cpython-strict/build/primp-0.15.0/target/release/deps:/app/target/cpython-strict/build/primp-0.15.0/target/release:/app/target/cpython-strict/host-tools/rustup/toolchains/nightly-2025-01-18-x86_64-unknown-linux-gnu/lib/rustlib/x86_64-unknown-linux-gnu/lib:/app/target/cpython-strict/host-tools/rustup/toolchains/nightly-2025-01-18-x86_64-unknown-linux-gnu/lib:/opt/kendryte-toolchain/bin/:' NUM_JOBS=10 OPT_LEVEL=3 OUT_DIR=/app/target/cpython-strict/build/primp-0.15.0/target/loongarch64-unknown-linux-musl/release/build/pyo3-ffi-33c8c5d896c25430/out PROFILE=release RUSTC=/app/target/cpython-strict/host-tools/rustup/toolchains/nightly-2025-01-18-x86_64-unknown-linux-gnu/bin/rustc RUSTC_LINKER=/app/target/cpython-strict/cross/loongarch64-linux-musl-gcc RUSTDOC=/app/target/cpython-strict/host-tools/rustup/toolchains/nightly-2025-01-18-x86_64-unknown-linux-gnu/bin/rustdoc TARGET=loongarch64-unknown-linux-musl /app/target/cpython-strict/build/primp-0.15.0/target/release/build/pyo3-ffi-1985391159549d76/build-script-build`
     Running `CARGO=/app/target/cpython-strict/host-tools/rustup/toolchains/nightly-2025-01-18-x86_64-unknown-linux-gnu/bin/cargo CARGO_CFG_FEATURE='' CARGO_CFG_FMT_DEBUG=full CARGO_CFG_OVERFLOW_CHECKS='' CARGO_CFG_PANIC=unwind CARGO_CFG_RELOCATION_MODEL=pic CARGO_CFG_TARGET_ABI='' CARGO_CFG_TARGET_ARCH=x86_64 CARGO_CFG_TARGET_ENDIAN=little CARGO_CFG_TARGET_ENV=gnu CARGO_CFG_TARGET_FAMILY=unix CARGO_CFG_TARGET_FEATURE=fxsr,sse,sse2,x87 CARGO_CFG_TARGET_HAS_ATOMIC=16,32,64,8,ptr CARGO_CFG_TARGET_HAS_ATOMIC_EQUAL_ALIGNMENT=16,32,64,8,ptr CARGO_CFG_TARGET_HAS_ATOMIC_LOAD_STORE=16,32,64,8,ptr CARGO_CFG_TARGET_OS=linux CARGO_CFG_TARGET_POINTER_WIDTH=64 CARGO_CFG_TARGET_THREAD_LOCAL='' CARGO_CFG_TARGET_VENDOR=unknown CARGO_CFG_UB_CHECKS='' CARGO_CFG_UNIX='' CARGO_ENCODED_RUSTFLAGS='' CARGO_MANIFEST_DIR=/app/target/cpython-strict/host-tools/cargo/registry/src/index.crates.io-1949cf8c6b5b557f/pyo3-macros-backend-0.24.1 CARGO_MANIFEST_PATH=/app/target/cpython-strict/host-tools/cargo/registry/src/index.crates.io-1949cf8c6b5b557f/pyo3-macros-backend-0.24.1/Cargo.toml CARGO_PKG_AUTHORS='PyO3 Project and Contributors <https://github.com/PyO3>' CARGO_PKG_DESCRIPTION='Code generation for PyO3 package' CARGO_PKG_HOMEPAGE='https://github.com/pyo3/pyo3' CARGO_PKG_LICENSE='MIT OR Apache-2.0' CARGO_PKG_LICENSE_FILE='' CARGO_PKG_NAME=pyo3-macros-backend CARGO_PKG_README='' CARGO_PKG_REPOSITORY='https://github.com/pyo3/pyo3' CARGO_PKG_RUST_VERSION=1.63 CARGO_PKG_VERSION=0.24.1 CARGO_PKG_VERSION_MAJOR=0 CARGO_PKG_VERSION_MINOR=24 CARGO_PKG_VERSION_PATCH=1 CARGO_PKG_VERSION_PRE='' DEBUG=false HOST=x86_64-unknown-linux-gnu LD_LIBRARY_PATH='/app/target/cpython-strict/build/primp-0.15.0/target/release/deps:/app/target/cpython-strict/build/primp-0.15.0/target/release:/app/target/cpython-strict/host-tools/rustup/toolchains/nightly-2025-01-18-x86_64-unknown-linux-gnu/lib/rustlib/x86_64-unknown-linux-gnu/lib:/app/target/cpython-strict/host-tools/rustup/toolchains/nightly-2025-01-18-x86_64-unknown-linux-gnu/lib:/opt/kendryte-toolchain/bin/:' NUM_JOBS=10 OPT_LEVEL=0 OUT_DIR=/app/target/cpython-strict/build/primp-0.15.0/target/release/build/pyo3-macros-backend-e01ffbbfca5fd042/out PROFILE=release RUSTC=/app/target/cpython-strict/host-tools/rustup/toolchains/nightly-2025-01-18-x86_64-unknown-linux-gnu/bin/rustc RUSTDOC=/app/target/cpython-strict/host-tools/rustup/toolchains/nightly-2025-01-18-x86_64-unknown-linux-gnu/bin/rustdoc TARGET=x86_64-unknown-linux-gnu /app/target/cpython-strict/build/primp-0.15.0/target/release/build/pyo3-macros-backend-0dba86e87292ab77/build-script-build`
   Compiling phf_codegen v0.11.3
     Running `CARGO=/app/target/cpython-strict/host-tools/rustup/toolchains/nightly-2025-01-18-x86_64-unknown-linux-gnu/bin/cargo CARGO_CRATE_NAME=phf_codegen CARGO_MANIFEST_DIR=/app/target/cpython-strict/host-tools/cargo/registry/src/index.crates.io-1949cf8c6b5b557f/phf_codegen-0.11.3 CARGO_MANIFEST_PATH=/app/target/cpython-strict/host-tools/cargo/registry/src/index.crates.io-1949cf8c6b5b557f/phf_codegen-0.11.3/Cargo.toml CARGO_PKG_AUTHORS='Steven Fackler <sfackler@gmail.com>' CARGO_PKG_DESCRIPTION='Codegen library for PHF types' CARGO_PKG_HOMEPAGE='' CARGO_PKG_LICENSE=MIT CARGO_PKG_LICENSE_FILE='' CARGO_PKG_NAME=phf_codegen CARGO_PKG_README=README.md CARGO_PKG_REPOSITORY='https://github.com/rust-phf/rust-phf' CARGO_PKG_RUST_VERSION=1.61 CARGO_PKG_VERSION=0.11.3 CARGO_PKG_VERSION_MAJOR=0 CARGO_PKG_VERSION_MINOR=11 CARGO_PKG_VERSION_PATCH=3 CARGO_PKG_VERSION_PRE='' LD_LIBRARY_PATH='/app/target/cpython-strict/build/primp-0.15.0/target/release/deps:/app/target/cpython-strict/host-tools/rustup/toolchains/nightly-2025-01-18-x86_64-unknown-linux-gnu/lib:/opt/kendryte-toolchain/bin/:' /app/target/cpython-strict/host-tools/rustup/toolchains/nightly-2025-01-18-x86_64-unknown-linux-gnu/bin/rustc --crate-name phf_codegen --edition=2021 /app/target/cpython-strict/host-tools/cargo/registry/src/index.crates.io-1949cf8c6b5b557f/phf_codegen-0.11.3/src/lib.rs --error-format=json --json=diagnostic-rendered-ansi,artifacts,future-incompat --crate-type lib --emit=dep-info,metadata,link -C embed-bitcode=no -C debug-assertions=off --check-cfg 'cfg(docsrs,test)' --check-cfg 'cfg(feature, values())' -C metadata=5a735567dc18240d -C extra-filename=-51e567f231b22904 --out-dir /app/target/cpython-strict/build/primp-0.15.0/target/release/deps -C strip=symbols -L dependency=/app/target/cpython-strict/build/primp-0.15.0/target/release/deps --extern phf_generator=/app/target/cpython-strict/build/primp-0.15.0/target/release/deps/libphf_generator-cd8b201b225cc6d3.rmeta --extern phf_shared=/app/target/cpython-strict/build/primp-0.15.0/target/release/deps/libphf_shared-57d8ede5d8ac8ea2.rmeta --cap-lints warn`
   Compiling string_cache_codegen v0.5.4
     Running `CARGO=/app/target/cpython-strict/host-tools/rustup/toolchains/nightly-2025-01-18-x86_64-unknown-linux-gnu/bin/cargo CARGO_CRATE_NAME=string_cache_codegen CARGO_MANIFEST_DIR=/app/target/cpython-strict/host-tools/cargo/registry/src/index.crates.io-1949cf8c6b5b557f/string_cache_codegen-0.5.4 CARGO_MANIFEST_PATH=/app/target/cpython-strict/host-tools/cargo/registry/src/index.crates.io-1949cf8c6b5b557f/string_cache_codegen-0.5.4/Cargo.toml CARGO_PKG_AUTHORS='The Servo Project Developers' CARGO_PKG_DESCRIPTION='A codegen library for string-cache, developed as part of the Servo project.' CARGO_PKG_HOMEPAGE='' CARGO_PKG_LICENSE='MIT OR Apache-2.0' CARGO_PKG_LICENSE_FILE='' CARGO_PKG_NAME=string_cache_codegen CARGO_PKG_README='' CARGO_PKG_REPOSITORY='https://github.com/servo/string-cache' CARGO_PKG_RUST_VERSION='' CARGO_PKG_VERSION=0.5.4 CARGO_PKG_VERSION_MAJOR=0 CARGO_PKG_VERSION_MINOR=5 CARGO_PKG_VERSION_PATCH=4 CARGO_PKG_VERSION_PRE='' LD_LIBRARY_PATH='/app/target/cpython-strict/build/primp-0.15.0/target/release/deps:/app/target/cpython-strict/host-tools/rustup/toolchains/nightly-2025-01-18-x86_64-unknown-linux-gnu/lib:/opt/kendryte-toolchain/bin/:' /app/target/cpython-strict/host-tools/rustup/toolchains/nightly-2025-01-18-x86_64-unknown-linux-gnu/bin/rustc --crate-name string_cache_codegen --edition=2018 /app/target/cpython-strict/host-tools/cargo/registry/src/index.crates.io-1949cf8c6b5b557f/string_cache_codegen-0.5.4/lib.rs --error-format=json --json=diagnostic-rendered-ansi,artifacts,future-incompat --crate-type lib --emit=dep-info,metadata,link -C embed-bitcode=no -C debug-assertions=off --check-cfg 'cfg(docsrs,test)' --check-cfg 'cfg(feature, values())' -C metadata=79b9a1d2672b1c47 -C extra-filename=-d98075e58404c9bb --out-dir /app/target/cpython-strict/build/primp-0.15.0/target/release/deps -C strip=symbols -L dependency=/app/target/cpython-strict/build/primp-0.15.0/target/release/deps --extern phf_generator=/app/target/cpython-strict/build/primp-0.15.0/target/release/deps/libphf_generator-cd8b201b225cc6d3.rmeta --extern phf_shared=/app/target/cpython-strict/build/primp-0.15.0/target/release/deps/libphf_shared-57d8ede5d8ac8ea2.rmeta --extern proc_macro2=/app/target/cpython-strict/build/primp-0.15.0/target/release/deps/libproc_macro2-9db364b059323b41.rmeta --extern quote=/app/target/cpython-strict/build/primp-0.15.0/target/release/deps/libquote-430fd29c5f10253f.rmeta --cap-lints warn`
warning: ambiguous wide pointer comparison, the comparison includes metadata which may not be expected
   --> /app/target/cpython-strict/host-tools/cargo/registry/src/index.crates.io-1949cf8c6b5b557f/percent-encoding-2.3.1/src/lib.rs:466:35
    |
466 |                     debug_assert!(raw_utf8 == &*bytes as *const [u8]);
    |                                   ^^^^^^^^^^^^^^^^^^^^^^^^^^^^^^^^^^
    |
    = note: `#[warn(ambiguous_wide_pointer_comparisons)]` on by default
help: use `std::ptr::addr_eq` or untyped pointers to only compare their addresses
    |
466 |                     debug_assert!(std::ptr::addr_eq(raw_utf8, &*bytes as *const [u8]));
    |                                   ++++++++++++++++++        ~                       +
help: use explicit `std::ptr::eq` method to compare metadata and addresses
    |
466 |                     debug_assert!(std::ptr::eq(raw_utf8, &*bytes as *const [u8]));
    |                                   +++++++++++++        ~                       +

     Running `CARGO=/app/target/cpython-strict/host-tools/rustup/toolchains/nightly-2025-01-18-x86_64-unknown-linux-gnu/bin/cargo CARGO_CRATE_NAME=serde CARGO_MANIFEST_DIR=/app/target/cpython-strict/host-tools/cargo/registry/src/index.crates.io-1949cf8c6b5b557f/serde-1.0.219 CARGO_MANIFEST_PATH=/app/target/cpython-strict/host-tools/cargo/registry/src/index.crates.io-1949cf8c6b5b557f/serde-1.0.219/Cargo.toml CARGO_PKG_AUTHORS='Erick Tryzelaar <erick.tryzelaar@gmail.com>:David Tolnay <dtolnay@gmail.com>' CARGO_PKG_DESCRIPTION='A generic serialization/deserialization framework' CARGO_PKG_HOMEPAGE='https://serde.rs' CARGO_PKG_LICENSE='MIT OR Apache-2.0' CARGO_PKG_LICENSE_FILE='' CARGO_PKG_NAME=serde CARGO_PKG_README=crates-io.md CARGO_PKG_REPOSITORY='https://github.com/serde-rs/serde' CARGO_PKG_RUST_VERSION=1.31 CARGO_PKG_VERSION=1.0.219 CARGO_PKG_VERSION_MAJOR=1 CARGO_PKG_VERSION_MINOR=0 CARGO_PKG_VERSION_PATCH=219 CARGO_PKG_VERSION_PRE='' LD_LIBRARY_PATH='/app/target/cpython-strict/build/primp-0.15.0/target/release/deps:/app/target/cpython-strict/host-tools/rustup/toolchains/nightly-2025-01-18-x86_64-unknown-linux-gnu/lib:/opt/kendryte-toolchain/bin/:' OUT_DIR=/app/target/cpython-strict/build/primp-0.15.0/target/loongarch64-unknown-linux-musl/release/build/serde-0bea009fb155c3ef/out /app/target/cpython-strict/host-tools/rustup/toolchains/nightly-2025-01-18-x86_64-unknown-linux-gnu/bin/rustc --crate-name serde --edition=2018 /app/target/cpython-strict/host-tools/cargo/registry/src/index.crates.io-1949cf8c6b5b557f/serde-1.0.219/src/lib.rs --error-format=json --json=diagnostic-rendered-ansi,artifacts,future-incompat --crate-type lib --emit=dep-info,metadata,link -C opt-level=3 -C panic=abort -C linker-plugin-lto -C codegen-units=1 --cfg 'feature="default"' --cfg 'feature="derive"' --cfg 'feature="serde_derive"' --cfg 'feature="std"' --check-cfg 'cfg(docsrs,test)' --check-cfg 'cfg(feature, values("alloc", "default", "derive", "rc", "serde_derive", "std", "unstable"))' -C metadata=2a884d1f3bbe8075 -C extra-filename=-42659d74a8c85009 --out-dir /app/target/cpython-strict/build/primp-0.15.0/target/loongarch64-unknown-linux-musl/release/deps --target loongarch64-unknown-linux-musl -C linker=/app/target/cpython-strict/cross/loongarch64-linux-musl-gcc -C strip=symbols -L dependency=/app/target/cpython-strict/build/primp-0.15.0/target/loongarch64-unknown-linux-musl/release/deps -L dependency=/app/target/cpython-strict/build/primp-0.15.0/target/release/deps --extern serde_derive=/app/target/cpython-strict/build/primp-0.15.0/target/release/deps/libserde_derive-0fba17b3540eb3e3.so --cap-lints warn -C target-feature=-ual -C target-feature=-crt-static --check-cfg 'cfg(no_core_cstr)' --check-cfg 'cfg(no_core_error)' --check-cfg 'cfg(no_core_net)' --check-cfg 'cfg(no_core_num_saturating)' --check-cfg 'cfg(no_core_try_from)' --check-cfg 'cfg(no_diagnostic_namespace)' --check-cfg 'cfg(no_float_copysign)' --check-cfg 'cfg(no_num_nonzero_signed)' --check-cfg 'cfg(no_relaxed_trait_bounds)' --check-cfg 'cfg(no_serde_derive)' --check-cfg 'cfg(no_std_atomic)' --check-cfg 'cfg(no_std_atomic64)' --check-cfg 'cfg(no_systemtime_checked_add)' --check-cfg 'cfg(no_target_has_atomic)'`
warning: `yoke` (lib) generated 1 warning (1 duplicate)
   Compiling zerovec v0.10.4
     Running `CARGO=/app/target/cpython-strict/host-tools/rustup/toolchains/nightly-2025-01-18-x86_64-unknown-linux-gnu/bin/cargo CARGO_CRATE_NAME=zerovec CARGO_MANIFEST_DIR=/app/target/cpython-strict/host-tools/cargo/registry/src/index.crates.io-1949cf8c6b5b557f/zerovec-0.10.4 CARGO_MANIFEST_PATH=/app/target/cpython-strict/host-tools/cargo/registry/src/index.crates.io-1949cf8c6b5b557f/zerovec-0.10.4/Cargo.toml CARGO_PKG_AUTHORS='The ICU4X Project Developers' CARGO_PKG_DESCRIPTION='Zero-copy vector backed by a byte array' CARGO_PKG_HOMEPAGE='' CARGO_PKG_LICENSE=Unicode-3.0 CARGO_PKG_LICENSE_FILE='' CARGO_PKG_NAME=zerovec CARGO_PKG_README=README.md CARGO_PKG_REPOSITORY='https://github.com/unicode-org/icu4x' CARGO_PKG_RUST_VERSION=1.67 CARGO_PKG_VERSION=0.10.4 CARGO_PKG_VERSION_MAJOR=0 CARGO_PKG_VERSION_MINOR=10 CARGO_PKG_VERSION_PATCH=4 CARGO_PKG_VERSION_PRE='' LD_LIBRARY_PATH='/app/target/cpython-strict/build/primp-0.15.0/target/release/deps:/app/target/cpython-strict/host-tools/rustup/toolchains/nightly-2025-01-18-x86_64-unknown-linux-gnu/lib:/opt/kendryte-toolchain/bin/:' /app/target/cpython-strict/host-tools/rustup/toolchains/nightly-2025-01-18-x86_64-unknown-linux-gnu/bin/rustc --crate-name zerovec --edition=2021 /app/target/cpython-strict/host-tools/cargo/registry/src/index.crates.io-1949cf8c6b5b557f/zerovec-0.10.4/src/lib.rs --error-format=json --json=diagnostic-rendered-ansi,artifacts,future-incompat --crate-type lib --emit=dep-info,metadata,link -C opt-level=3 -C panic=abort -C linker-plugin-lto -C codegen-units=1 --cfg 'feature="derive"' --cfg 'feature="yoke"' --check-cfg 'cfg(docsrs,test)' --check-cfg 'cfg(feature, values("bench", "databake", "derive", "hashmap", "serde", "std", "yoke"))' -C metadata=33462a0facf18553 -C extra-filename=-242002c21e466685 --out-dir /app/target/cpython-strict/build/primp-0.15.0/target/loongarch64-unknown-linux-musl/release/deps --target loongarch64-unknown-linux-musl -C linker=/app/target/cpython-strict/cross/loongarch64-linux-musl-gcc -C strip=symbols -L dependency=/app/target/cpython-strict/build/primp-0.15.0/target/loongarch64-unknown-linux-musl/release/deps -L dependency=/app/target/cpython-strict/build/primp-0.15.0/target/release/deps --extern yoke=/app/target/cpython-strict/build/primp-0.15.0/target/loongarch64-unknown-linux-musl/release/deps/libyoke-0e1d747cb3390c61.rmeta --extern zerofrom=/app/target/cpython-strict/build/primp-0.15.0/target/loongarch64-unknown-linux-musl/release/deps/libzerofrom-5bc1b0a558c71dd6.rmeta --extern zerovec_derive=/app/target/cpython-strict/build/primp-0.15.0/target/release/deps/libzerovec_derive-d7f2bcde36da91a7.so --cap-lints warn -C target-feature=-ual -C target-feature=-crt-static`
warning: `siphasher` (lib) generated 1 warning (1 duplicate)
     Running `CARGO=/app/target/cpython-strict/host-tools/rustup/toolchains/nightly-2025-01-18-x86_64-unknown-linux-gnu/bin/cargo CARGO_CRATE_NAME=phf_shared CARGO_MANIFEST_DIR=/app/target/cpython-strict/host-tools/cargo/registry/src/index.crates.io-1949cf8c6b5b557f/phf_shared-0.11.3 CARGO_MANIFEST_PATH=/app/target/cpython-strict/host-tools/cargo/registry/src/index.crates.io-1949cf8c6b5b557f/phf_shared-0.11.3/Cargo.toml CARGO_PKG_AUTHORS='Steven Fackler <sfackler@gmail.com>' CARGO_PKG_DESCRIPTION='Support code shared by PHF libraries' CARGO_PKG_HOMEPAGE='' CARGO_PKG_LICENSE=MIT CARGO_PKG_LICENSE_FILE='' CARGO_PKG_NAME=phf_shared CARGO_PKG_README=README.md CARGO_PKG_REPOSITORY='https://github.com/rust-phf/rust-phf' CARGO_PKG_RUST_VERSION=1.61 CARGO_PKG_VERSION=0.11.3 CARGO_PKG_VERSION_MAJOR=0 CARGO_PKG_VERSION_MINOR=11 CARGO_PKG_VERSION_PATCH=3 CARGO_PKG_VERSION_PRE='' LD_LIBRARY_PATH='/app/target/cpython-strict/build/primp-0.15.0/target/release/deps:/app/target/cpython-strict/host-tools/rustup/toolchains/nightly-2025-01-18-x86_64-unknown-linux-gnu/lib:/opt/kendryte-toolchain/bin/:' /app/target/cpython-strict/host-tools/rustup/toolchains/nightly-2025-01-18-x86_64-unknown-linux-gnu/bin/rustc --crate-name phf_shared --edition=2021 /app/target/cpython-strict/host-tools/cargo/registry/src/index.crates.io-1949cf8c6b5b557f/phf_shared-0.11.3/src/lib.rs --error-format=json --json=diagnostic-rendered-ansi,artifacts,future-incompat --crate-type lib --emit=dep-info,metadata,link -C opt-level=3 -C panic=abort -C linker-plugin-lto -C codegen-units=1 --cfg 'feature="default"' --cfg 'feature="std"' --check-cfg 'cfg(docsrs,test)' --check-cfg 'cfg(feature, values("default", "std", "uncased", "unicase"))' -C metadata=122bcda11140cd43 -C extra-filename=-5d13426395a83afb --out-dir /app/target/cpython-strict/build/primp-0.15.0/target/loongarch64-unknown-linux-musl/release/deps --target loongarch64-unknown-linux-musl -C linker=/app/target/cpython-strict/cross/loongarch64-linux-musl-gcc -C strip=symbols -L dependency=/app/target/cpython-strict/build/primp-0.15.0/target/loongarch64-unknown-linux-musl/release/deps -L dependency=/app/target/cpython-strict/build/primp-0.15.0/target/release/deps --extern siphasher=/app/target/cpython-strict/build/primp-0.15.0/target/loongarch64-unknown-linux-musl/release/deps/libsiphasher-9c87a4b74a5f0628.rmeta --cap-lints warn -C target-feature=-ual -C target-feature=-crt-static`
warning: elided lifetime has a name
   --> /app/target/cpython-strict/host-tools/cargo/registry/src/index.crates.io-1949cf8c6b5b557f/zerovec-0.10.4/src/map2d/borrowed.rs:277:94
    |
277 |     pub fn iter0<'l>(&'l self) -> impl Iterator<Item = ZeroMap2dCursor<'a, 'a, K0, K1, V>> + '_ {
    |                  -- lifetime `'l` declared here                                              ^^ this elided lifetime gets resolved as `'l`
    |
    = note: `#[warn(elided_named_lifetimes)]` on by default

warning: `percent-encoding` (lib) generated 2 warnings (1 duplicate)
   Compiling slab v0.4.9
     Running `CARGO=/app/target/cpython-strict/host-tools/rustup/toolchains/nightly-2025-01-18-x86_64-unknown-linux-gnu/bin/cargo CARGO_CRATE_NAME=build_script_build CARGO_MANIFEST_DIR=/app/target/cpython-strict/host-tools/cargo/registry/src/index.crates.io-1949cf8c6b5b557f/slab-0.4.9 CARGO_MANIFEST_PATH=/app/target/cpython-strict/host-tools/cargo/registry/src/index.crates.io-1949cf8c6b5b557f/slab-0.4.9/Cargo.toml CARGO_PKG_AUTHORS='Carl Lerche <me@carllerche.com>' CARGO_PKG_DESCRIPTION='Pre-allocated storage for a uniform data type' CARGO_PKG_HOMEPAGE='' CARGO_PKG_LICENSE=MIT CARGO_PKG_LICENSE_FILE='' CARGO_PKG_NAME=slab CARGO_PKG_README=README.md CARGO_PKG_REPOSITORY='https://github.com/tokio-rs/slab' CARGO_PKG_RUST_VERSION=1.31 CARGO_PKG_VERSION=0.4.9 CARGO_PKG_VERSION_MAJOR=0 CARGO_PKG_VERSION_MINOR=4 CARGO_PKG_VERSION_PATCH=9 CARGO_PKG_VERSION_PRE='' LD_LIBRARY_PATH='/app/target/cpython-strict/build/primp-0.15.0/target/release/deps:/app/target/cpython-strict/host-tools/rustup/toolchains/nightly-2025-01-18-x86_64-unknown-linux-gnu/lib:/opt/kendryte-toolchain/bin/:' /app/target/cpython-strict/host-tools/rustup/toolchains/nightly-2025-01-18-x86_64-unknown-linux-gnu/bin/rustc --crate-name build_script_build --edition=2018 /app/target/cpython-strict/host-tools/cargo/registry/src/index.crates.io-1949cf8c6b5b557f/slab-0.4.9/build.rs --error-format=json --json=diagnostic-rendered-ansi,artifacts,future-incompat --crate-type bin --emit=dep-info,link -C embed-bitcode=no -C debug-assertions=off --cfg 'feature="default"' --cfg 'feature="std"' --check-cfg 'cfg(docsrs,test)' --check-cfg 'cfg(feature, values("default", "serde", "std"))' -C metadata=36b6cec6f4286283 -C extra-filename=-4ed2866b98b6d698 --out-dir /app/target/cpython-strict/build/primp-0.15.0/target/release/build/slab-4ed2866b98b6d698 -C strip=symbols -L dependency=/app/target/cpython-strict/build/primp-0.15.0/target/release/deps --extern autocfg=/app/target/cpython-strict/build/primp-0.15.0/target/release/deps/libautocfg-918a7c8fc0d04dc5.rlib --cap-lints warn`
   Compiling memoffset v0.9.1
     Running `CARGO=/app/target/cpython-strict/host-tools/rustup/toolchains/nightly-2025-01-18-x86_64-unknown-linux-gnu/bin/cargo CARGO_CRATE_NAME=build_script_build CARGO_MANIFEST_DIR=/app/target/cpython-strict/host-tools/cargo/registry/src/index.crates.io-1949cf8c6b5b557f/memoffset-0.9.1 CARGO_MANIFEST_PATH=/app/target/cpython-strict/host-tools/cargo/registry/src/index.crates.io-1949cf8c6b5b557f/memoffset-0.9.1/Cargo.toml CARGO_PKG_AUTHORS='Gilad Naaman <gilad.naaman@gmail.com>' CARGO_PKG_DESCRIPTION='offset_of functionality for Rust structs.' CARGO_PKG_HOMEPAGE='' CARGO_PKG_LICENSE=MIT CARGO_PKG_LICENSE_FILE='' CARGO_PKG_NAME=memoffset CARGO_PKG_README=README.md CARGO_PKG_REPOSITORY='https://github.com/Gilnaa/memoffset' CARGO_PKG_RUST_VERSION='' CARGO_PKG_VERSION=0.9.1 CARGO_PKG_VERSION_MAJOR=0 CARGO_PKG_VERSION_MINOR=9 CARGO_PKG_VERSION_PATCH=1 CARGO_PKG_VERSION_PRE='' LD_LIBRARY_PATH='/app/target/cpython-strict/build/primp-0.15.0/target/release/deps:/app/target/cpython-strict/host-tools/rustup/toolchains/nightly-2025-01-18-x86_64-unknown-linux-gnu/lib:/opt/kendryte-toolchain/bin/:' /app/target/cpython-strict/host-tools/rustup/toolchains/nightly-2025-01-18-x86_64-unknown-linux-gnu/bin/rustc --crate-name build_script_build --edition=2015 /app/target/cpython-strict/host-tools/cargo/registry/src/index.crates.io-1949cf8c6b5b557f/memoffset-0.9.1/build.rs --error-format=json --json=diagnostic-rendered-ansi,artifacts,future-incompat --crate-type bin --emit=dep-info,link -C embed-bitcode=no -C debug-assertions=off --cfg 'feature="default"' --check-cfg 'cfg(docsrs,test)' --check-cfg 'cfg(feature, values("default", "unstable_const", "unstable_offset_of"))' -C metadata=ca1e99b8b1fe88e3 -C extra-filename=-3802a17d7af2b621 --out-dir /app/target/cpython-strict/build/primp-0.15.0/target/release/build/memoffset-3802a17d7af2b621 -C strip=symbols -L dependency=/app/target/cpython-strict/build/primp-0.15.0/target/release/deps --extern autocfg=/app/target/cpython-strict/build/primp-0.15.0/target/release/deps/libautocfg-918a7c8fc0d04dc5.rlib --cap-lints warn`
   Compiling mac v0.1.1
     Running `CARGO=/app/target/cpython-strict/host-tools/rustup/toolchains/nightly-2025-01-18-x86_64-unknown-linux-gnu/bin/cargo CARGO_CRATE_NAME=mac CARGO_MANIFEST_DIR=/app/target/cpython-strict/host-tools/cargo/registry/src/index.crates.io-1949cf8c6b5b557f/mac-0.1.1 CARGO_MANIFEST_PATH=/app/target/cpython-strict/host-tools/cargo/registry/src/index.crates.io-1949cf8c6b5b557f/mac-0.1.1/Cargo.toml CARGO_PKG_AUTHORS='Jonathan Reem <jonathan.reem@gmail.com>' CARGO_PKG_DESCRIPTION='A collection of great and ubiqutitous macros.' CARGO_PKG_HOMEPAGE='' CARGO_PKG_LICENSE=MIT/Apache-2.0 CARGO_PKG_LICENSE_FILE='' CARGO_PKG_NAME=mac CARGO_PKG_README=README.md CARGO_PKG_REPOSITORY='https://github.com/reem/rust-mac.git' CARGO_PKG_RUST_VERSION='' CARGO_PKG_VERSION=0.1.1 CARGO_PKG_VERSION_MAJOR=0 CARGO_PKG_VERSION_MINOR=1 CARGO_PKG_VERSION_PATCH=1 CARGO_PKG_VERSION_PRE='' LD_LIBRARY_PATH='/app/target/cpython-strict/build/primp-0.15.0/target/release/deps:/app/target/cpython-strict/host-tools/rustup/toolchains/nightly-2025-01-18-x86_64-unknown-linux-gnu/lib:/opt/kendryte-toolchain/bin/:' /app/target/cpython-strict/host-tools/rustup/toolchains/nightly-2025-01-18-x86_64-unknown-linux-gnu/bin/rustc --crate-name mac --edition=2015 /app/target/cpython-strict/host-tools/cargo/registry/src/index.crates.io-1949cf8c6b5b557f/mac-0.1.1/src/lib.rs --error-format=json --json=diagnostic-rendered-ansi,artifacts,future-incompat --crate-type lib --emit=dep-info,metadata,link -C opt-level=3 -C panic=abort -C linker-plugin-lto -C codegen-units=1 --check-cfg 'cfg(docsrs,test)' --check-cfg 'cfg(feature, values())' -C metadata=ded675a7cb7f3c96 -C extra-filename=-cd56cee1c9f451f6 --out-dir /app/target/cpython-strict/build/primp-0.15.0/target/loongarch64-unknown-linux-musl/release/deps --target loongarch64-unknown-linux-musl -C linker=/app/target/cpython-strict/cross/loongarch64-linux-musl-gcc -C strip=symbols -L dependency=/app/target/cpython-strict/build/primp-0.15.0/target/loongarch64-unknown-linux-musl/release/deps -L dependency=/app/target/cpython-strict/build/primp-0.15.0/target/release/deps --cap-lints warn -C target-feature=-ual -C target-feature=-crt-static`
   Compiling powerfmt v0.2.0
     Running `CARGO=/app/target/cpython-strict/host-tools/rustup/toolchains/nightly-2025-01-18-x86_64-unknown-linux-gnu/bin/cargo CARGO_CRATE_NAME=powerfmt CARGO_MANIFEST_DIR=/app/target/cpython-strict/host-tools/cargo/registry/src/index.crates.io-1949cf8c6b5b557f/powerfmt-0.2.0 CARGO_MANIFEST_PATH=/app/target/cpython-strict/host-tools/cargo/registry/src/index.crates.io-1949cf8c6b5b557f/powerfmt-0.2.0/Cargo.toml CARGO_PKG_AUTHORS='Jacob Pratt <jacob@jhpratt.dev>' CARGO_PKG_DESCRIPTION='    `powerfmt` is a library that provides utilities for formatting values. This crate makes it
    significantly easier to support filling to a minimum width with alignment, avoid heap
    allocation, and avoid repetitive calculations.
' CARGO_PKG_HOMEPAGE='' CARGO_PKG_LICENSE='MIT OR Apache-2.0' CARGO_PKG_LICENSE_FILE='' CARGO_PKG_NAME=powerfmt CARGO_PKG_README=README.md CARGO_PKG_REPOSITORY='https://github.com/jhpratt/powerfmt' CARGO_PKG_RUST_VERSION=1.67.0 CARGO_PKG_VERSION=0.2.0 CARGO_PKG_VERSION_MAJOR=0 CARGO_PKG_VERSION_MINOR=2 CARGO_PKG_VERSION_PATCH=0 CARGO_PKG_VERSION_PRE='' LD_LIBRARY_PATH='/app/target/cpython-strict/build/primp-0.15.0/target/release/deps:/app/target/cpython-strict/host-tools/rustup/toolchains/nightly-2025-01-18-x86_64-unknown-linux-gnu/lib:/opt/kendryte-toolchain/bin/:' /app/target/cpython-strict/host-tools/rustup/toolchains/nightly-2025-01-18-x86_64-unknown-linux-gnu/bin/rustc --crate-name powerfmt --edition=2021 /app/target/cpython-strict/host-tools/cargo/registry/src/index.crates.io-1949cf8c6b5b557f/powerfmt-0.2.0/src/lib.rs --error-format=json --json=diagnostic-rendered-ansi,artifacts,future-incompat --crate-type lib --emit=dep-info,metadata,link -C opt-level=3 -C panic=abort -C linker-plugin-lto -C codegen-units=1 --check-cfg 'cfg(docsrs,test)' --check-cfg 'cfg(feature, values("alloc", "default", "macros", "std"))' -C metadata=651ddc702d18df08 -C extra-filename=-84a0a2adf54132d6 --out-dir /app/target/cpython-strict/build/primp-0.15.0/target/loongarch64-unknown-linux-musl/release/deps --target loongarch64-unknown-linux-musl -C linker=/app/target/cpython-strict/cross/loongarch64-linux-musl-gcc -C strip=symbols -L dependency=/app/target/cpython-strict/build/primp-0.15.0/target/loongarch64-unknown-linux-musl/release/deps -L dependency=/app/target/cpython-strict/build/primp-0.15.0/target/release/deps --cap-lints warn -C target-feature=-ual -C target-feature=-crt-static`
warning: `phf_shared` (lib) generated 1 warning (1 duplicate)
   Compiling version_check v0.9.5
     Running `CARGO=/app/target/cpython-strict/host-tools/rustup/toolchains/nightly-2025-01-18-x86_64-unknown-linux-gnu/bin/cargo CARGO_CRATE_NAME=version_check CARGO_MANIFEST_DIR=/app/target/cpython-strict/host-tools/cargo/registry/src/index.crates.io-1949cf8c6b5b557f/version_check-0.9.5 CARGO_MANIFEST_PATH=/app/target/cpython-strict/host-tools/cargo/registry/src/index.crates.io-1949cf8c6b5b557f/version_check-0.9.5/Cargo.toml CARGO_PKG_AUTHORS='Sergio Benitez <sb@sergio.bz>' CARGO_PKG_DESCRIPTION='Tiny crate to check the version of the installed/running rustc.' CARGO_PKG_HOMEPAGE='' CARGO_PKG_LICENSE=MIT/Apache-2.0 CARGO_PKG_LICENSE_FILE='' CARGO_PKG_NAME=version_check CARGO_PKG_README=README.md CARGO_PKG_REPOSITORY='https://github.com/SergioBenitez/version_check' CARGO_PKG_RUST_VERSION='' CARGO_PKG_VERSION=0.9.5 CARGO_PKG_VERSION_MAJOR=0 CARGO_PKG_VERSION_MINOR=9 CARGO_PKG_VERSION_PATCH=5 CARGO_PKG_VERSION_PRE='' LD_LIBRARY_PATH='/app/target/cpython-strict/build/primp-0.15.0/target/release/deps:/app/target/cpython-strict/host-tools/rustup/toolchains/nightly-2025-01-18-x86_64-unknown-linux-gnu/lib:/opt/kendryte-toolchain/bin/:' /app/target/cpython-strict/host-tools/rustup/toolchains/nightly-2025-01-18-x86_64-unknown-linux-gnu/bin/rustc --crate-name version_check --edition=2015 /app/target/cpython-strict/host-tools/cargo/registry/src/index.crates.io-1949cf8c6b5b557f/version_check-0.9.5/src/lib.rs --error-format=json --json=diagnostic-rendered-ansi,artifacts,future-incompat --crate-type lib --emit=dep-info,metadata,link -C embed-bitcode=no -C debug-assertions=off --check-cfg 'cfg(docsrs,test)' --check-cfg 'cfg(feature, values())' -C metadata=9d0f88734f8d0ba0 -C extra-filename=-a52364eda26712a9 --out-dir /app/target/cpython-strict/build/primp-0.15.0/target/release/deps -C strip=symbols -L dependency=/app/target/cpython-strict/build/primp-0.15.0/target/release/deps --cap-lints warn`
     Running `CARGO=/app/target/cpython-strict/host-tools/rustup/toolchains/nightly-2025-01-18-x86_64-unknown-linux-gnu/bin/cargo CARGO_CRATE_NAME=once_cell CARGO_MANIFEST_DIR=/app/target/cpython-strict/host-tools/cargo/registry/src/index.crates.io-1949cf8c6b5b557f/once_cell-1.21.3 CARGO_MANIFEST_PATH=/app/target/cpython-strict/host-tools/cargo/registry/src/index.crates.io-1949cf8c6b5b557f/once_cell-1.21.3/Cargo.toml CARGO_PKG_AUTHORS='Aleksey Kladov <aleksey.kladov@gmail.com>' CARGO_PKG_DESCRIPTION='Single assignment cells and lazy values.' CARGO_PKG_HOMEPAGE='' CARGO_PKG_LICENSE='MIT OR Apache-2.0' CARGO_PKG_LICENSE_FILE='' CARGO_PKG_NAME=once_cell CARGO_PKG_README=README.md CARGO_PKG_REPOSITORY='https://github.com/matklad/once_cell' CARGO_PKG_RUST_VERSION=1.65 CARGO_PKG_VERSION=1.21.3 CARGO_PKG_VERSION_MAJOR=1 CARGO_PKG_VERSION_MINOR=21 CARGO_PKG_VERSION_PATCH=3 CARGO_PKG_VERSION_PRE='' LD_LIBRARY_PATH='/app/target/cpython-strict/build/primp-0.15.0/target/release/deps:/app/target/cpython-strict/host-tools/rustup/toolchains/nightly-2025-01-18-x86_64-unknown-linux-gnu/lib:/opt/kendryte-toolchain/bin/:' /app/target/cpython-strict/host-tools/rustup/toolchains/nightly-2025-01-18-x86_64-unknown-linux-gnu/bin/rustc --crate-name once_cell --edition=2021 /app/target/cpython-strict/host-tools/cargo/registry/src/index.crates.io-1949cf8c6b5b557f/once_cell-1.21.3/src/lib.rs --error-format=json --json=diagnostic-rendered-ansi,artifacts,future-incompat --crate-type lib --emit=dep-info,metadata,link -C opt-level=3 -C panic=abort -C linker-plugin-lto -C codegen-units=1 --cfg 'feature="alloc"' --cfg 'feature="default"' --cfg 'feature="race"' --cfg 'feature="std"' --check-cfg 'cfg(docsrs,test)' --check-cfg 'cfg(feature, values("alloc", "atomic-polyfill", "critical-section", "default", "parking_lot", "portable-atomic", "race", "std", "unstable"))' -C metadata=1c531343f564863d -C extra-filename=-3b243e42074b5c38 --out-dir /app/target/cpython-strict/build/primp-0.15.0/target/loongarch64-unknown-linux-musl/release/deps --target loongarch64-unknown-linux-musl -C linker=/app/target/cpython-strict/cross/loongarch64-linux-musl-gcc -C strip=symbols -L dependency=/app/target/cpython-strict/build/primp-0.15.0/target/loongarch64-unknown-linux-musl/release/deps -L dependency=/app/target/cpython-strict/build/primp-0.15.0/target/release/deps --cap-lints warn -C target-feature=-ual -C target-feature=-crt-static`
warning: `mac` (lib) generated 1 warning (1 duplicate)
   Compiling futures-task v0.3.31
     Running `CARGO=/app/target/cpython-strict/host-tools/rustup/toolchains/nightly-2025-01-18-x86_64-unknown-linux-gnu/bin/cargo CARGO_CRATE_NAME=futures_task CARGO_MANIFEST_DIR=/app/target/cpython-strict/host-tools/cargo/registry/src/index.crates.io-1949cf8c6b5b557f/futures-task-0.3.31 CARGO_MANIFEST_PATH=/app/target/cpython-strict/host-tools/cargo/registry/src/index.crates.io-1949cf8c6b5b557f/futures-task-0.3.31/Cargo.toml CARGO_PKG_AUTHORS='' CARGO_PKG_DESCRIPTION='Tools for working with tasks.
' CARGO_PKG_HOMEPAGE='https://rust-lang.github.io/futures-rs' CARGO_PKG_LICENSE='MIT OR Apache-2.0' CARGO_PKG_LICENSE_FILE='' CARGO_PKG_NAME=futures-task CARGO_PKG_README=README.md CARGO_PKG_REPOSITORY='https://github.com/rust-lang/futures-rs' CARGO_PKG_RUST_VERSION=1.56 CARGO_PKG_VERSION=0.3.31 CARGO_PKG_VERSION_MAJOR=0 CARGO_PKG_VERSION_MINOR=3 CARGO_PKG_VERSION_PATCH=31 CARGO_PKG_VERSION_PRE='' LD_LIBRARY_PATH='/app/target/cpython-strict/build/primp-0.15.0/target/release/deps:/app/target/cpython-strict/host-tools/rustup/toolchains/nightly-2025-01-18-x86_64-unknown-linux-gnu/lib:/opt/kendryte-toolchain/bin/:' /app/target/cpython-strict/host-tools/rustup/toolchains/nightly-2025-01-18-x86_64-unknown-linux-gnu/bin/rustc --crate-name futures_task --edition=2018 /app/target/cpython-strict/host-tools/cargo/registry/src/index.crates.io-1949cf8c6b5b557f/futures-task-0.3.31/src/lib.rs --error-format=json --json=diagnostic-rendered-ansi,artifacts,future-incompat --crate-type lib --emit=dep-info,metadata,link -C opt-level=3 -C panic=abort -C linker-plugin-lto -C codegen-units=1 --warn=unreachable_pub --warn=unexpected_cfgs --warn=single_use_lifetimes --warn=rust_2018_idioms --warn=missing_debug_implementations --check-cfg 'cfg(futures_sanitizer)' --cfg 'feature="alloc"' --check-cfg 'cfg(docsrs,test)' --check-cfg 'cfg(feature, values("alloc", "cfg-target-has-atomic", "default", "std", "unstable"))' -C metadata=23009393c4101120 -C extra-filename=-e6ee0685bfd1d1c4 --out-dir /app/target/cpython-strict/build/primp-0.15.0/target/loongarch64-unknown-linux-musl/release/deps --target loongarch64-unknown-linux-musl -C linker=/app/target/cpython-strict/cross/loongarch64-linux-musl-gcc -C strip=symbols -L dependency=/app/target/cpython-strict/build/primp-0.15.0/target/loongarch64-unknown-linux-musl/release/deps -L dependency=/app/target/cpython-strict/build/primp-0.15.0/target/release/deps --cap-lints warn -C target-feature=-ual -C target-feature=-crt-static`
warning: unexpected `cfg` condition name: `__powerfmt_docs`
 --> /app/target/cpython-strict/host-tools/cargo/registry/src/index.crates.io-1949cf8c6b5b557f/powerfmt-0.2.0/src/lib.rs:6:13
  |
6 | #![cfg_attr(__powerfmt_docs, feature(doc_auto_cfg, rustc_attrs))]
  |             ^^^^^^^^^^^^^^^
  |
  = help: expected names are: `clippy`, `debug_assertions`, `doc`, `docsrs`, `doctest`, `feature`, `fmt_debug`, `miri`, `overflow_checks`, `panic`, `proc_macro`, `relocation_model`, `rustfmt`, `sanitize`, `sanitizer_cfi_generalize_pointers`, `sanitizer_cfi_normalize_integers`, `target_abi`, `target_arch`, `target_endian`, `target_env`, `target_family`, `target_feature`, `target_has_atomic`, `target_has_atomic_equal_alignment`, `target_has_atomic_load_store`, `target_os`, `target_pointer_width`, `target_thread_local`, `target_vendor`, `test`, `ub_checks`, `unix`, and `windows`
  = help: consider using a Cargo feature instead
  = help: or consider adding in `Cargo.toml` the `check-cfg` lint config for the lint:
           [lints.rust]
           unexpected_cfgs = { level = "warn", check-cfg = ['cfg(__powerfmt_docs)'] }
  = help: or consider adding `println!("cargo::rustc-check-cfg=cfg(__powerfmt_docs)");` to the top of the `build.rs`
  = note: see <https://doc.rust-lang.org/nightly/rustc/check-cfg/cargo-specifics.html> for more information about checking conditional configuration
  = note: `#[warn(unexpected_cfgs)]` on by default

warning: unexpected `cfg` condition name: `__powerfmt_docs`
 --> /app/target/cpython-strict/host-tools/cargo/registry/src/index.crates.io-1949cf8c6b5b557f/powerfmt-0.2.0/src/lib.rs:7:13
  |
7 | #![cfg_attr(__powerfmt_docs, allow(internal_features))]
  |             ^^^^^^^^^^^^^^^
  |
  = help: consider using a Cargo feature instead
  = help: or consider adding in `Cargo.toml` the `check-cfg` lint config for the lint:
           [lints.rust]
           unexpected_cfgs = { level = "warn", check-cfg = ['cfg(__powerfmt_docs)'] }
  = help: or consider adding `println!("cargo::rustc-check-cfg=cfg(__powerfmt_docs)");` to the top of the `build.rs`
  = note: see <https://doc.rust-lang.org/nightly/rustc/check-cfg/cargo-specifics.html> for more information about checking conditional configuration

warning: unexpected `cfg` condition name: `__powerfmt_docs`
   --> /app/target/cpython-strict/host-tools/cargo/registry/src/index.crates.io-1949cf8c6b5b557f/powerfmt-0.2.0/src/smart_display.rs:629:12
    |
629 | #[cfg_attr(__powerfmt_docs, rustc_must_implement_one_of(fmt, fmt_with_metadata))]
    |            ^^^^^^^^^^^^^^^
    |
    = help: consider using a Cargo feature instead
    = help: or consider adding in `Cargo.toml` the `check-cfg` lint config for the lint:
             [lints.rust]
             unexpected_cfgs = { level = "warn", check-cfg = ['cfg(__powerfmt_docs)'] }
    = help: or consider adding `println!("cargo::rustc-check-cfg=cfg(__powerfmt_docs)");` to the top of the `build.rs`
    = note: see <https://doc.rust-lang.org/nightly/rustc/check-cfg/cargo-specifics.html> for more information about checking conditional configuration

warning: `http` (lib) generated 1 warning (1 duplicate)
   Compiling tinystr v0.7.6
     Running `CARGO=/app/target/cpython-strict/host-tools/rustup/toolchains/nightly-2025-01-18-x86_64-unknown-linux-gnu/bin/cargo CARGO_CRATE_NAME=tinystr CARGO_MANIFEST_DIR=/app/target/cpython-strict/host-tools/cargo/registry/src/index.crates.io-1949cf8c6b5b557f/tinystr-0.7.6 CARGO_MANIFEST_PATH=/app/target/cpython-strict/host-tools/cargo/registry/src/index.crates.io-1949cf8c6b5b557f/tinystr-0.7.6/Cargo.toml CARGO_PKG_AUTHORS='The ICU4X Project Developers' CARGO_PKG_DESCRIPTION='A small ASCII-only bounded length string representation.' CARGO_PKG_HOMEPAGE='' CARGO_PKG_LICENSE=Unicode-3.0 CARGO_PKG_LICENSE_FILE='' CARGO_PKG_NAME=tinystr CARGO_PKG_README=README.md CARGO_PKG_REPOSITORY='https://github.com/unicode-org/icu4x' CARGO_PKG_RUST_VERSION=1.67 CARGO_PKG_VERSION=0.7.6 CARGO_PKG_VERSION_MAJOR=0 CARGO_PKG_VERSION_MINOR=7 CARGO_PKG_VERSION_PATCH=6 CARGO_PKG_VERSION_PRE='' LD_LIBRARY_PATH='/app/target/cpython-strict/build/primp-0.15.0/target/release/deps:/app/target/cpython-strict/host-tools/rustup/toolchains/nightly-2025-01-18-x86_64-unknown-linux-gnu/lib:/opt/kendryte-toolchain/bin/:' /app/target/cpython-strict/host-tools/rustup/toolchains/nightly-2025-01-18-x86_64-unknown-linux-gnu/bin/rustc --crate-name tinystr --edition=2021 /app/target/cpython-strict/host-tools/cargo/registry/src/index.crates.io-1949cf8c6b5b557f/tinystr-0.7.6/src/lib.rs --error-format=json --json=diagnostic-rendered-ansi,artifacts,future-incompat --crate-type lib --emit=dep-info,metadata,link -C opt-level=3 -C panic=abort -C linker-plugin-lto -C codegen-units=1 --cfg 'feature="alloc"' --cfg 'feature="zerovec"' --check-cfg 'cfg(docsrs,test)' --check-cfg 'cfg(feature, values("alloc", "bench", "databake", "default", "serde", "std", "zerovec"))' -C metadata=036f8c9064165721 -C extra-filename=-4bd486d607ea2626 --out-dir /app/target/cpython-strict/build/primp-0.15.0/target/loongarch64-unknown-linux-musl/release/deps --target loongarch64-unknown-linux-musl -C linker=/app/target/cpython-strict/cross/loongarch64-linux-musl-gcc -C strip=symbols -L dependency=/app/target/cpython-strict/build/primp-0.15.0/target/loongarch64-unknown-linux-musl/release/deps -L dependency=/app/target/cpython-strict/build/primp-0.15.0/target/release/deps --extern displaydoc=/app/target/cpython-strict/build/primp-0.15.0/target/release/deps/libdisplaydoc-79a507322597fbb7.so --extern zerovec=/app/target/cpython-strict/build/primp-0.15.0/target/loongarch64-unknown-linux-musl/release/deps/libzerovec-242002c21e466685.rmeta --cap-lints warn -C target-feature=-ual -C target-feature=-crt-static`
   Compiling icu_collections v1.5.0
     Running `CARGO=/app/target/cpython-strict/host-tools/rustup/toolchains/nightly-2025-01-18-x86_64-unknown-linux-gnu/bin/cargo CARGO_CRATE_NAME=icu_collections CARGO_MANIFEST_DIR=/app/target/cpython-strict/host-tools/cargo/registry/src/index.crates.io-1949cf8c6b5b557f/icu_collections-1.5.0 CARGO_MANIFEST_PATH=/app/target/cpython-strict/host-tools/cargo/registry/src/index.crates.io-1949cf8c6b5b557f/icu_collections-1.5.0/Cargo.toml CARGO_PKG_AUTHORS='The ICU4X Project Developers' CARGO_PKG_DESCRIPTION='Collection of API for use in ICU libraries.' CARGO_PKG_HOMEPAGE='https://icu4x.unicode.org' CARGO_PKG_LICENSE=Unicode-3.0 CARGO_PKG_LICENSE_FILE='' CARGO_PKG_NAME=icu_collections CARGO_PKG_README=README.md CARGO_PKG_REPOSITORY='https://github.com/unicode-org/icu4x' CARGO_PKG_RUST_VERSION=1.67 CARGO_PKG_VERSION=1.5.0 CARGO_PKG_VERSION_MAJOR=1 CARGO_PKG_VERSION_MINOR=5 CARGO_PKG_VERSION_PATCH=0 CARGO_PKG_VERSION_PRE='' LD_LIBRARY_PATH='/app/target/cpython-strict/build/primp-0.15.0/target/release/deps:/app/target/cpython-strict/host-tools/rustup/toolchains/nightly-2025-01-18-x86_64-unknown-linux-gnu/lib:/opt/kendryte-toolchain/bin/:' /app/target/cpython-strict/host-tools/rustup/toolchains/nightly-2025-01-18-x86_64-unknown-linux-gnu/bin/rustc --crate-name icu_collections --edition=2021 /app/target/cpython-strict/host-tools/cargo/registry/src/index.crates.io-1949cf8c6b5b557f/icu_collections-1.5.0/src/lib.rs --error-format=json --json=diagnostic-rendered-ansi,artifacts,future-incompat --crate-type lib --emit=dep-info,metadata,link -C opt-level=3 -C panic=abort -C linker-plugin-lto -C codegen-units=1 --check-cfg 'cfg(docsrs,test)' --check-cfg 'cfg(feature, values("bench", "databake", "serde", "std"))' -C metadata=9cfe5f3fbb2875f9 -C extra-filename=-e38625debaf27534 --out-dir /app/target/cpython-strict/build/primp-0.15.0/target/loongarch64-unknown-linux-musl/release/deps --target loongarch64-unknown-linux-musl -C linker=/app/target/cpython-strict/cross/loongarch64-linux-musl-gcc -C strip=symbols -L dependency=/app/target/cpython-strict/build/primp-0.15.0/target/loongarch64-unknown-linux-musl/release/deps -L dependency=/app/target/cpython-strict/build/primp-0.15.0/target/release/deps --extern displaydoc=/app/target/cpython-strict/build/primp-0.15.0/target/release/deps/libdisplaydoc-79a507322597fbb7.so --extern yoke=/app/target/cpython-strict/build/primp-0.15.0/target/loongarch64-unknown-linux-musl/release/deps/libyoke-0e1d747cb3390c61.rmeta --extern zerofrom=/app/target/cpython-strict/build/primp-0.15.0/target/loongarch64-unknown-linux-musl/release/deps/libzerofrom-5bc1b0a558c71dd6.rmeta --extern zerovec=/app/target/cpython-strict/build/primp-0.15.0/target/loongarch64-unknown-linux-musl/release/deps/libzerovec-242002c21e466685.rmeta --cap-lints warn -C target-feature=-ual -C target-feature=-crt-static`
warning: `once_cell` (lib) generated 1 warning (1 duplicate)
   Compiling alloc-no-stdlib v2.0.4
     Running `CARGO=/app/target/cpython-strict/host-tools/rustup/toolchains/nightly-2025-01-18-x86_64-unknown-linux-gnu/bin/cargo CARGO_CRATE_NAME=alloc_no_stdlib CARGO_MANIFEST_DIR=/app/target/cpython-strict/host-tools/cargo/registry/src/index.crates.io-1949cf8c6b5b557f/alloc-no-stdlib-2.0.4 CARGO_MANIFEST_PATH=/app/target/cpython-strict/host-tools/cargo/registry/src/index.crates.io-1949cf8c6b5b557f/alloc-no-stdlib-2.0.4/Cargo.toml CARGO_PKG_AUTHORS='Daniel Reiter Horn <danielrh@dropbox.com>' CARGO_PKG_DESCRIPTION='A dynamic allocator that may be used with or without the stdlib. This allows a package with nostd to allocate memory dynamically and be used either with a custom allocator, items on the stack, or by a package that wishes to simply use Box<>. It also provides options to use calloc or a mutable global variable for pre-zeroed memory' CARGO_PKG_HOMEPAGE='https://github.com/dropbox/rust-alloc-no-stdlib' CARGO_PKG_LICENSE=BSD-3-Clause CARGO_PKG_LICENSE_FILE='' CARGO_PKG_NAME=alloc-no-stdlib CARGO_PKG_README=README.md CARGO_PKG_REPOSITORY='https://github.com/dropbox/rust-alloc-no-stdlib' CARGO_PKG_RUST_VERSION='' CARGO_PKG_VERSION=2.0.4 CARGO_PKG_VERSION_MAJOR=2 CARGO_PKG_VERSION_MINOR=0 CARGO_PKG_VERSION_PATCH=4 CARGO_PKG_VERSION_PRE='' LD_LIBRARY_PATH='/app/target/cpython-strict/build/primp-0.15.0/target/release/deps:/app/target/cpython-strict/host-tools/rustup/toolchains/nightly-2025-01-18-x86_64-unknown-linux-gnu/lib:/opt/kendryte-toolchain/bin/:' /app/target/cpython-strict/host-tools/rustup/toolchains/nightly-2025-01-18-x86_64-unknown-linux-gnu/bin/rustc --crate-name alloc_no_stdlib --edition=2015 /app/target/cpython-strict/host-tools/cargo/registry/src/index.crates.io-1949cf8c6b5b557f/alloc-no-stdlib-2.0.4/src/lib.rs --error-format=json --json=diagnostic-rendered-ansi,artifacts,future-incompat --crate-type lib --emit=dep-info,metadata,link -C opt-level=3 -C panic=abort -C linker-plugin-lto -C codegen-units=1 --check-cfg 'cfg(docsrs,test)' --check-cfg 'cfg(feature, values("unsafe"))' -C metadata=6807e1252a3c130f -C extra-filename=-d9df55b40edf87bc --out-dir /app/target/cpython-strict/build/primp-0.15.0/target/loongarch64-unknown-linux-musl/release/deps --target loongarch64-unknown-linux-musl -C linker=/app/target/cpython-strict/cross/loongarch64-linux-musl-gcc -C strip=symbols -L dependency=/app/target/cpython-strict/build/primp-0.15.0/target/loongarch64-unknown-linux-musl/release/deps -L dependency=/app/target/cpython-strict/build/primp-0.15.0/target/release/deps --cap-lints warn -C target-feature=-ual -C target-feature=-crt-static`
warning: `powerfmt` (lib) generated 4 warnings (1 duplicate)
   Compiling zerocopy v0.8.24
     Running `CARGO=/app/target/cpython-strict/host-tools/rustup/toolchains/nightly-2025-01-18-x86_64-unknown-linux-gnu/bin/cargo CARGO_CRATE_NAME=build_script_build CARGO_MANIFEST_DIR=/app/target/cpython-strict/host-tools/cargo/registry/src/index.crates.io-1949cf8c6b5b557f/zerocopy-0.8.24 CARGO_MANIFEST_PATH=/app/target/cpython-strict/host-tools/cargo/registry/src/index.crates.io-1949cf8c6b5b557f/zerocopy-0.8.24/Cargo.toml CARGO_PKG_AUTHORS='Joshua Liebow-Feeser <joshlf@google.com>:Jack Wrenn <jswrenn@amazon.com>' CARGO_PKG_DESCRIPTION='Zerocopy makes zero-cost memory manipulation effortless. We write "unsafe" so you don'\''t have to.' CARGO_PKG_HOMEPAGE='' CARGO_PKG_LICENSE='BSD-2-Clause OR Apache-2.0 OR MIT' CARGO_PKG_LICENSE_FILE='' CARGO_PKG_NAME=zerocopy CARGO_PKG_README=README.md CARGO_PKG_REPOSITORY='https://github.com/google/zerocopy' CARGO_PKG_RUST_VERSION=1.56.0 CARGO_PKG_VERSION=0.8.24 CARGO_PKG_VERSION_MAJOR=0 CARGO_PKG_VERSION_MINOR=8 CARGO_PKG_VERSION_PATCH=24 CARGO_PKG_VERSION_PRE='' LD_LIBRARY_PATH='/app/target/cpython-strict/build/primp-0.15.0/target/release/deps:/app/target/cpython-strict/host-tools/rustup/toolchains/nightly-2025-01-18-x86_64-unknown-linux-gnu/lib:/opt/kendryte-toolchain/bin/:' /app/target/cpython-strict/host-tools/rustup/toolchains/nightly-2025-01-18-x86_64-unknown-linux-gnu/bin/rustc --crate-name build_script_build --edition=2021 /app/target/cpython-strict/host-tools/cargo/registry/src/index.crates.io-1949cf8c6b5b557f/zerocopy-0.8.24/build.rs --error-format=json --json=diagnostic-rendered-ansi,artifacts,future-incompat --crate-type bin --emit=dep-info,link -C embed-bitcode=no -C debug-assertions=off --cfg 'feature="simd"' --check-cfg 'cfg(docsrs,test)' --check-cfg 'cfg(feature, values("__internal_use_only_features_that_work_on_stable", "alloc", "derive", "float-nightly", "simd", "simd-nightly", "std", "zerocopy-derive"))' -C metadata=e70731113adc0aeb -C extra-filename=-04f5c19eeb10842f --out-dir /app/target/cpython-strict/build/primp-0.15.0/target/release/build/zerocopy-04f5c19eeb10842f -C strip=symbols -L dependency=/app/target/cpython-strict/build/primp-0.15.0/target/release/deps --cap-lints warn`
warning: `futures-task` (lib) generated 1 warning (1 duplicate)
   Compiling getrandom v0.3.2
     Running `CARGO=/app/target/cpython-strict/host-tools/rustup/toolchains/nightly-2025-01-18-x86_64-unknown-linux-gnu/bin/cargo CARGO_CRATE_NAME=build_script_build CARGO_MANIFEST_DIR=/app/target/cpython-strict/host-tools/cargo/registry/src/index.crates.io-1949cf8c6b5b557f/getrandom-0.3.2 CARGO_MANIFEST_PATH=/app/target/cpython-strict/host-tools/cargo/registry/src/index.crates.io-1949cf8c6b5b557f/getrandom-0.3.2/Cargo.toml CARGO_PKG_AUTHORS='The Rand Project Developers' CARGO_PKG_DESCRIPTION='A small cross-platform library for retrieving random data from system source' CARGO_PKG_HOMEPAGE='' CARGO_PKG_LICENSE='MIT OR Apache-2.0' CARGO_PKG_LICENSE_FILE='' CARGO_PKG_NAME=getrandom CARGO_PKG_README=README.md CARGO_PKG_REPOSITORY='https://github.com/rust-random/getrandom' CARGO_PKG_RUST_VERSION=1.63 CARGO_PKG_VERSION=0.3.2 CARGO_PKG_VERSION_MAJOR=0 CARGO_PKG_VERSION_MINOR=3 CARGO_PKG_VERSION_PATCH=2 CARGO_PKG_VERSION_PRE='' LD_LIBRARY_PATH='/app/target/cpython-strict/build/primp-0.15.0/target/release/deps:/app/target/cpython-strict/host-tools/rustup/toolchains/nightly-2025-01-18-x86_64-unknown-linux-gnu/lib:/opt/kendryte-toolchain/bin/:' /app/target/cpython-strict/host-tools/rustup/toolchains/nightly-2025-01-18-x86_64-unknown-linux-gnu/bin/rustc --crate-name build_script_build --edition=2021 /app/target/cpython-strict/host-tools/cargo/registry/src/index.crates.io-1949cf8c6b5b557f/getrandom-0.3.2/build.rs --error-format=json --json=diagnostic-rendered-ansi,artifacts,future-incompat --crate-type bin --emit=dep-info,link -C embed-bitcode=no --warn=unexpected_cfgs --check-cfg 'cfg(getrandom_backend, values("custom", "efi_rng", "rdrand", "rndr", "linux_getrandom", "linux_raw", "wasm_js"))' --check-cfg 'cfg(getrandom_msan)' --check-cfg 'cfg(getrandom_windows_legacy)' --check-cfg 'cfg(getrandom_test_linux_fallback)' --check-cfg 'cfg(getrandom_test_linux_without_fallback)' --check-cfg 'cfg(getrandom_test_netbsd_fallback)' --check-cfg 'cfg(target_os, values("cygwin"))' -C debug-assertions=off --cfg 'feature="std"' --check-cfg 'cfg(docsrs,test)' --check-cfg 'cfg(feature, values("rustc-dep-of-std", "std", "wasm_js"))' -C metadata=89973fea3ed2cc65 -C extra-filename=-79c447c6426833cf --out-dir /app/target/cpython-strict/build/primp-0.15.0/target/release/build/getrandom-79c447c6426833cf -C strip=symbols -L dependency=/app/target/cpython-strict/build/primp-0.15.0/target/release/deps --cap-lints warn`
warning: `zerovec` (lib) generated 2 warnings (1 duplicate)
   Compiling heck v0.5.0
     Running `CARGO=/app/target/cpython-strict/host-tools/rustup/toolchains/nightly-2025-01-18-x86_64-unknown-linux-gnu/bin/cargo CARGO_CRATE_NAME=heck CARGO_MANIFEST_DIR=/app/target/cpython-strict/host-tools/cargo/registry/src/index.crates.io-1949cf8c6b5b557f/heck-0.5.0 CARGO_MANIFEST_PATH=/app/target/cpython-strict/host-tools/cargo/registry/src/index.crates.io-1949cf8c6b5b557f/heck-0.5.0/Cargo.toml CARGO_PKG_AUTHORS='' CARGO_PKG_DESCRIPTION='heck is a case conversion library.' CARGO_PKG_HOMEPAGE='' CARGO_PKG_LICENSE='MIT OR Apache-2.0' CARGO_PKG_LICENSE_FILE='' CARGO_PKG_NAME=heck CARGO_PKG_README=README.md CARGO_PKG_REPOSITORY='https://github.com/withoutboats/heck' CARGO_PKG_RUST_VERSION=1.56 CARGO_PKG_VERSION=0.5.0 CARGO_PKG_VERSION_MAJOR=0 CARGO_PKG_VERSION_MINOR=5 CARGO_PKG_VERSION_PATCH=0 CARGO_PKG_VERSION_PRE='' LD_LIBRARY_PATH='/app/target/cpython-strict/build/primp-0.15.0/target/release/deps:/app/target/cpython-strict/host-tools/rustup/toolchains/nightly-2025-01-18-x86_64-unknown-linux-gnu/lib:/opt/kendryte-toolchain/bin/:' /app/target/cpython-strict/host-tools/rustup/toolchains/nightly-2025-01-18-x86_64-unknown-linux-gnu/bin/rustc --crate-name heck --edition=2021 /app/target/cpython-strict/host-tools/cargo/registry/src/index.crates.io-1949cf8c6b5b557f/heck-0.5.0/src/lib.rs --error-format=json --json=diagnostic-rendered-ansi,artifacts,future-incompat --crate-type lib --emit=dep-info,metadata,link -C embed-bitcode=no -C debug-assertions=off --check-cfg 'cfg(docsrs,test)' --check-cfg 'cfg(feature, values())' -C metadata=6247c8ff34cd0597 -C extra-filename=-4ceb96074c1762e1 --out-dir /app/target/cpython-strict/build/primp-0.15.0/target/release/deps -C strip=symbols -L dependency=/app/target/cpython-strict/build/primp-0.15.0/target/release/deps --cap-lints warn`
warning: unused import: `core::ops::IndexMut`
 --> /app/target/cpython-strict/host-tools/cargo/registry/src/index.crates.io-1949cf8c6b5b557f/alloc-no-stdlib-2.0.4/src/allocated_memory/mod.rs:5:9
  |
5 | pub use core::ops::IndexMut;
  |         ^^^^^^^^^^^^^^^^^^^
  |
  = note: `#[warn(unused_imports)]` on by default

warning: unused import: `core::ops::Index`
 --> /app/target/cpython-strict/host-tools/cargo/registry/src/index.crates.io-1949cf8c6b5b557f/alloc-no-stdlib-2.0.4/src/allocated_memory/mod.rs:6:9
  |
6 | pub use core::ops::Index;
  |         ^^^^^^^^^^^^^^^^

warning: unused import: `core::ops::Range`
 --> /app/target/cpython-strict/host-tools/cargo/registry/src/index.crates.io-1949cf8c6b5b557f/alloc-no-stdlib-2.0.4/src/allocated_memory/mod.rs:7:9
  |
7 | pub use core::ops::Range;
  |         ^^^^^^^^^^^^^^^^

warning: calls to `std::mem::forget` with a reference instead of an owned value does nothing
  --> /app/target/cpython-strict/host-tools/cargo/registry/src/index.crates.io-1949cf8c6b5b557f/alloc-no-stdlib-2.0.4/src/lib.rs:78:5
   |
78 |     core::mem::forget(core::mem::replace(&mut self.data, &mut[]));
   |     ^^^^^^^^^^^^^^^^^^------------------------------------------^
   |                       |
   |                       argument has type `&mut [T]`
   |
   = note: `#[warn(forgetting_references)]` on by default
help: use `let _ = ...` to ignore the expression or result
   |
78 -     core::mem::forget(core::mem::replace(&mut self.data, &mut[]));
78 +     let _ = core::mem::replace(&mut self.data, &mut[]);
   |

warning: `alloc-no-stdlib` (lib) generated 5 warnings (1 duplicate)
   Compiling indexmap v2.9.0
     Running `CARGO=/app/target/cpython-strict/host-tools/rustup/toolchains/nightly-2025-01-18-x86_64-unknown-linux-gnu/bin/cargo CARGO_CRATE_NAME=indexmap CARGO_MANIFEST_DIR=/app/target/cpython-strict/host-tools/cargo/registry/src/index.crates.io-1949cf8c6b5b557f/indexmap-2.9.0 CARGO_MANIFEST_PATH=/app/target/cpython-strict/host-tools/cargo/registry/src/index.crates.io-1949cf8c6b5b557f/indexmap-2.9.0/Cargo.toml CARGO_PKG_AUTHORS='' CARGO_PKG_DESCRIPTION='A hash table with consistent order and fast iteration.' CARGO_PKG_HOMEPAGE='' CARGO_PKG_LICENSE='Apache-2.0 OR MIT' CARGO_PKG_LICENSE_FILE='' CARGO_PKG_NAME=indexmap CARGO_PKG_README=README.md CARGO_PKG_REPOSITORY='https://github.com/indexmap-rs/indexmap' CARGO_PKG_RUST_VERSION=1.63 CARGO_PKG_VERSION=2.9.0 CARGO_PKG_VERSION_MAJOR=2 CARGO_PKG_VERSION_MINOR=9 CARGO_PKG_VERSION_PATCH=0 CARGO_PKG_VERSION_PRE='' LD_LIBRARY_PATH='/app/target/cpython-strict/build/primp-0.15.0/target/release/deps:/app/target/cpython-strict/host-tools/rustup/toolchains/nightly-2025-01-18-x86_64-unknown-linux-gnu/lib:/opt/kendryte-toolchain/bin/:' /app/target/cpython-strict/host-tools/rustup/toolchains/nightly-2025-01-18-x86_64-unknown-linux-gnu/bin/rustc --crate-name indexmap --edition=2021 /app/target/cpython-strict/host-tools/cargo/registry/src/index.crates.io-1949cf8c6b5b557f/indexmap-2.9.0/src/lib.rs --error-format=json --json=diagnostic-rendered-ansi,artifacts,future-incompat --crate-type lib --emit=dep-info,metadata,link -C opt-level=3 -C panic=abort -C linker-plugin-lto -C codegen-units=1 '--allow=clippy::style' --cfg 'feature="default"' --cfg 'feature="serde"' --cfg 'feature="std"' --check-cfg 'cfg(docsrs,test)' --check-cfg 'cfg(feature, values("arbitrary", "borsh", "default", "quickcheck", "rayon", "serde", "std", "test_debug"))' -C metadata=6188805ffecd835b -C extra-filename=-3fc938989565c5db --out-dir /app/target/cpython-strict/build/primp-0.15.0/target/loongarch64-unknown-linux-musl/release/deps --target loongarch64-unknown-linux-musl -C linker=/app/target/cpython-strict/cross/loongarch64-linux-musl-gcc -C strip=symbols -L dependency=/app/target/cpython-strict/build/primp-0.15.0/target/loongarch64-unknown-linux-musl/release/deps -L dependency=/app/target/cpython-strict/build/primp-0.15.0/target/release/deps --extern equivalent=/app/target/cpython-strict/build/primp-0.15.0/target/loongarch64-unknown-linux-musl/release/deps/libequivalent-22742395088ca423.rmeta --extern hashbrown=/app/target/cpython-strict/build/primp-0.15.0/target/loongarch64-unknown-linux-musl/release/deps/libhashbrown-8cfe4b8f7415f2a8.rmeta --extern serde=/app/target/cpython-strict/build/primp-0.15.0/target/loongarch64-unknown-linux-musl/release/deps/libserde-42659d74a8c85009.rmeta --cap-lints warn -C target-feature=-ual -C target-feature=-crt-static`
warning: `tinystr` (lib) generated 1 warning (1 duplicate)
   Compiling icu_locid v1.5.0
warning: `serde` (lib) generated 1 warning (1 duplicate)
   Compiling pin-utils v0.1.0
     Running `CARGO=/app/target/cpython-strict/host-tools/rustup/toolchains/nightly-2025-01-18-x86_64-unknown-linux-gnu/bin/cargo CARGO_CRATE_NAME=icu_locid CARGO_MANIFEST_DIR=/app/target/cpython-strict/host-tools/cargo/registry/src/index.crates.io-1949cf8c6b5b557f/icu_locid-1.5.0 CARGO_MANIFEST_PATH=/app/target/cpython-strict/host-tools/cargo/registry/src/index.crates.io-1949cf8c6b5b557f/icu_locid-1.5.0/Cargo.toml CARGO_PKG_AUTHORS='The ICU4X Project Developers' CARGO_PKG_DESCRIPTION='API for managing Unicode Language and Locale Identifiers' CARGO_PKG_HOMEPAGE='https://icu4x.unicode.org' CARGO_PKG_LICENSE=Unicode-3.0 CARGO_PKG_LICENSE_FILE='' CARGO_PKG_NAME=icu_locid CARGO_PKG_README=README.md CARGO_PKG_REPOSITORY='https://github.com/unicode-org/icu4x' CARGO_PKG_RUST_VERSION=1.67 CARGO_PKG_VERSION=1.5.0 CARGO_PKG_VERSION_MAJOR=1 CARGO_PKG_VERSION_MINOR=5 CARGO_PKG_VERSION_PATCH=0 CARGO_PKG_VERSION_PRE='' LD_LIBRARY_PATH='/app/target/cpython-strict/build/primp-0.15.0/target/release/deps:/app/target/cpython-strict/host-tools/rustup/toolchains/nightly-2025-01-18-x86_64-unknown-linux-gnu/lib:/opt/kendryte-toolchain/bin/:' /app/target/cpython-strict/host-tools/rustup/toolchains/nightly-2025-01-18-x86_64-unknown-linux-gnu/bin/rustc --crate-name icu_locid --edition=2021 /app/target/cpython-strict/host-tools/cargo/registry/src/index.crates.io-1949cf8c6b5b557f/icu_locid-1.5.0/src/lib.rs --error-format=json --json=diagnostic-rendered-ansi,artifacts,future-incompat --crate-type lib --emit=dep-info,metadata,link -C opt-level=3 -C panic=abort -C linker-plugin-lto -C codegen-units=1 --cfg 'feature="zerovec"' --check-cfg 'cfg(docsrs,test)' --check-cfg 'cfg(feature, values("bench", "databake", "serde", "std", "zerovec"))' -C metadata=6f44a6b23f802715 -C extra-filename=-2c83bccc3529aebb --out-dir /app/target/cpython-strict/build/primp-0.15.0/target/loongarch64-unknown-linux-musl/release/deps --target loongarch64-unknown-linux-musl -C linker=/app/target/cpython-strict/cross/loongarch64-linux-musl-gcc -C strip=symbols -L dependency=/app/target/cpython-strict/build/primp-0.15.0/target/loongarch64-unknown-linux-musl/release/deps -L dependency=/app/target/cpython-strict/build/primp-0.15.0/target/release/deps --extern displaydoc=/app/target/cpython-strict/build/primp-0.15.0/target/release/deps/libdisplaydoc-79a507322597fbb7.so --extern litemap=/app/target/cpython-strict/build/primp-0.15.0/target/loongarch64-unknown-linux-musl/release/deps/liblitemap-f65074df4a8136dd.rmeta --extern tinystr=/app/target/cpython-strict/build/primp-0.15.0/target/loongarch64-unknown-linux-musl/release/deps/libtinystr-4bd486d607ea2626.rmeta --extern writeable=/app/target/cpython-strict/build/primp-0.15.0/target/loongarch64-unknown-linux-musl/release/deps/libwriteable-faafe5d3af746b37.rmeta --extern zerovec=/app/target/cpython-strict/build/primp-0.15.0/target/loongarch64-unknown-linux-musl/release/deps/libzerovec-242002c21e466685.rmeta --cap-lints warn -C target-feature=-ual -C target-feature=-crt-static`
     Running `CARGO=/app/target/cpython-strict/host-tools/rustup/toolchains/nightly-2025-01-18-x86_64-unknown-linux-gnu/bin/cargo CARGO_CRATE_NAME=pin_utils CARGO_MANIFEST_DIR=/app/target/cpython-strict/host-tools/cargo/registry/src/index.crates.io-1949cf8c6b5b557f/pin-utils-0.1.0 CARGO_MANIFEST_PATH=/app/target/cpython-strict/host-tools/cargo/registry/src/index.crates.io-1949cf8c6b5b557f/pin-utils-0.1.0/Cargo.toml CARGO_PKG_AUTHORS='Josef Brandl <mail@josefbrandl.de>' CARGO_PKG_DESCRIPTION='Utilities for pinning
' CARGO_PKG_HOMEPAGE='' CARGO_PKG_LICENSE='MIT OR Apache-2.0' CARGO_PKG_LICENSE_FILE='' CARGO_PKG_NAME=pin-utils CARGO_PKG_README=README.md CARGO_PKG_REPOSITORY='https://github.com/rust-lang-nursery/pin-utils' CARGO_PKG_RUST_VERSION='' CARGO_PKG_VERSION=0.1.0 CARGO_PKG_VERSION_MAJOR=0 CARGO_PKG_VERSION_MINOR=1 CARGO_PKG_VERSION_PATCH=0 CARGO_PKG_VERSION_PRE='' LD_LIBRARY_PATH='/app/target/cpython-strict/build/primp-0.15.0/target/release/deps:/app/target/cpython-strict/host-tools/rustup/toolchains/nightly-2025-01-18-x86_64-unknown-linux-gnu/lib:/opt/kendryte-toolchain/bin/:' /app/target/cpython-strict/host-tools/rustup/toolchains/nightly-2025-01-18-x86_64-unknown-linux-gnu/bin/rustc --crate-name pin_utils --edition=2018 /app/target/cpython-strict/host-tools/cargo/registry/src/index.crates.io-1949cf8c6b5b557f/pin-utils-0.1.0/src/lib.rs --error-format=json --json=diagnostic-rendered-ansi,artifacts,future-incompat --crate-type lib --emit=dep-info,metadata,link -C opt-level=3 -C panic=abort -C linker-plugin-lto -C codegen-units=1 --check-cfg 'cfg(docsrs,test)' --check-cfg 'cfg(feature, values())' -C metadata=e2231946772fdb02 -C extra-filename=-010549643a8cb4bc --out-dir /app/target/cpython-strict/build/primp-0.15.0/target/loongarch64-unknown-linux-musl/release/deps --target loongarch64-unknown-linux-musl -C linker=/app/target/cpython-strict/cross/loongarch64-linux-musl-gcc -C strip=symbols -L dependency=/app/target/cpython-strict/build/primp-0.15.0/target/loongarch64-unknown-linux-musl/release/deps -L dependency=/app/target/cpython-strict/build/primp-0.15.0/target/release/deps --cap-lints warn -C target-feature=-ual -C target-feature=-crt-static`
   Compiling anyhow v1.0.98
     Running `CARGO=/app/target/cpython-strict/host-tools/rustup/toolchains/nightly-2025-01-18-x86_64-unknown-linux-gnu/bin/cargo CARGO_CRATE_NAME=build_script_build CARGO_MANIFEST_DIR=/app/target/cpython-strict/host-tools/cargo/registry/src/index.crates.io-1949cf8c6b5b557f/anyhow-1.0.98 CARGO_MANIFEST_PATH=/app/target/cpython-strict/host-tools/cargo/registry/src/index.crates.io-1949cf8c6b5b557f/anyhow-1.0.98/Cargo.toml CARGO_PKG_AUTHORS='David Tolnay <dtolnay@gmail.com>' CARGO_PKG_DESCRIPTION='Flexible concrete Error type built on std::error::Error' CARGO_PKG_HOMEPAGE='' CARGO_PKG_LICENSE='MIT OR Apache-2.0' CARGO_PKG_LICENSE_FILE='' CARGO_PKG_NAME=anyhow CARGO_PKG_README=README.md CARGO_PKG_REPOSITORY='https://github.com/dtolnay/anyhow' CARGO_PKG_RUST_VERSION=1.39 CARGO_PKG_VERSION=1.0.98 CARGO_PKG_VERSION_MAJOR=1 CARGO_PKG_VERSION_MINOR=0 CARGO_PKG_VERSION_PATCH=98 CARGO_PKG_VERSION_PRE='' LD_LIBRARY_PATH='/app/target/cpython-strict/build/primp-0.15.0/target/release/deps:/app/target/cpython-strict/host-tools/rustup/toolchains/nightly-2025-01-18-x86_64-unknown-linux-gnu/lib:/opt/kendryte-toolchain/bin/:' /app/target/cpython-strict/host-tools/rustup/toolchains/nightly-2025-01-18-x86_64-unknown-linux-gnu/bin/rustc --crate-name build_script_build --edition=2018 /app/target/cpython-strict/host-tools/cargo/registry/src/index.crates.io-1949cf8c6b5b557f/anyhow-1.0.98/build.rs --error-format=json --json=diagnostic-rendered-ansi,artifacts,future-incompat --crate-type bin --emit=dep-info,link -C embed-bitcode=no -C debug-assertions=off --cfg 'feature="default"' --cfg 'feature="std"' --check-cfg 'cfg(docsrs,test)' --check-cfg 'cfg(feature, values("backtrace", "default", "std"))' -C metadata=a14f788085a83cc4 -C extra-filename=-fb16eced45ca9511 --out-dir /app/target/cpython-strict/build/primp-0.15.0/target/release/build/anyhow-fb16eced45ca9511 -C strip=symbols -L dependency=/app/target/cpython-strict/build/primp-0.15.0/target/release/deps --cap-lints warn`
   Compiling boring-sys2 v4.15.11
     Running `CARGO=/app/target/cpython-strict/host-tools/rustup/toolchains/nightly-2025-01-18-x86_64-unknown-linux-gnu/bin/cargo CARGO_CRATE_NAME=build_script_main CARGO_MANIFEST_DIR=/app/target/cpython-strict/host-tools/cargo/registry/src/index.crates.io-1949cf8c6b5b557f/boring-sys2-4.15.11 CARGO_MANIFEST_PATH=/app/target/cpython-strict/host-tools/cargo/registry/src/index.crates.io-1949cf8c6b5b557f/boring-sys2-4.15.11/Cargo.toml CARGO_PKG_AUTHORS='Alex Crichton <alex@alexcrichton.com>:Steven Fackler <sfackler@gmail.com>:Ivan Nikulin <ifaaan@gmail.com>' CARGO_PKG_DESCRIPTION='FFI bindings to BoringSSL' CARGO_PKG_HOMEPAGE='' CARGO_PKG_LICENSE=MIT CARGO_PKG_LICENSE_FILE='' CARGO_PKG_NAME=boring-sys2 CARGO_PKG_README=README.md CARGO_PKG_REPOSITORY='https://github.com/0x676e67/boring2' CARGO_PKG_RUST_VERSION='' CARGO_PKG_VERSION=4.15.11 CARGO_PKG_VERSION_MAJOR=4 CARGO_PKG_VERSION_MINOR=15 CARGO_PKG_VERSION_PATCH=11 CARGO_PKG_VERSION_PRE='' LD_LIBRARY_PATH='/app/target/cpython-strict/build/primp-0.15.0/target/release/deps:/app/target/cpython-strict/host-tools/rustup/toolchains/nightly-2025-01-18-x86_64-unknown-linux-gnu/lib:/opt/kendryte-toolchain/bin/:' /app/target/cpython-strict/host-tools/rustup/toolchains/nightly-2025-01-18-x86_64-unknown-linux-gnu/bin/rustc --crate-name build_script_main --edition=2021 /app/target/cpython-strict/host-tools/cargo/registry/src/index.crates.io-1949cf8c6b5b557f/boring-sys2-4.15.11/build/main.rs --error-format=json --json=diagnostic-rendered-ansi,artifacts,future-incompat --crate-type bin --emit=dep-info,link -C embed-bitcode=no --allow=unexpected_cfgs --check-cfg 'cfg(const_fn)' -C debug-assertions=off --cfg 'feature="pq-experimental"' --check-cfg 'cfg(docsrs,test)' --check-cfg 'cfg(feature, values("fips", "fips-link-precompiled", "pq-experimental", "underscore-wildcards"))' -C metadata=005f70b8b135d892 -C extra-filename=-ed142f6e08af6ddb --out-dir /app/target/cpython-strict/build/primp-0.15.0/target/release/build/boring-sys2-ed142f6e08af6ddb -C strip=symbols -L dependency=/app/target/cpython-strict/build/primp-0.15.0/target/release/deps --extern autocfg=/app/target/cpython-strict/build/primp-0.15.0/target/release/deps/libautocfg-918a7c8fc0d04dc5.rlib --extern bindgen=/app/target/cpython-strict/build/primp-0.15.0/target/release/deps/libbindgen-9f6772412de02e5e.rlib --extern cmake=/app/target/cpython-strict/build/primp-0.15.0/target/release/deps/libcmake-b1a6fc2138a20eb4.rlib --extern fs_extra=/app/target/cpython-strict/build/primp-0.15.0/target/release/deps/libfs_extra-288e1a69a1717024.rlib --extern fslock=/app/target/cpython-strict/build/primp-0.15.0/target/release/deps/libfslock-4ca166ac55aa0613.rlib --cap-lints warn`
   Compiling time-core v0.1.4
     Running `CARGO=/app/target/cpython-strict/host-tools/rustup/toolchains/nightly-2025-01-18-x86_64-unknown-linux-gnu/bin/cargo CARGO_CRATE_NAME=time_core CARGO_MANIFEST_DIR=/app/target/cpython-strict/host-tools/cargo/registry/src/index.crates.io-1949cf8c6b5b557f/time-core-0.1.4 CARGO_MANIFEST_PATH=/app/target/cpython-strict/host-tools/cargo/registry/src/index.crates.io-1949cf8c6b5b557f/time-core-0.1.4/Cargo.toml CARGO_PKG_AUTHORS='Jacob Pratt <open-source@jhpratt.dev>:Time contributors' CARGO_PKG_DESCRIPTION='This crate is an implementation detail and should not be relied upon directly.' CARGO_PKG_HOMEPAGE='' CARGO_PKG_LICENSE='MIT OR Apache-2.0' CARGO_PKG_LICENSE_FILE='' CARGO_PKG_NAME=time-core CARGO_PKG_README='' CARGO_PKG_REPOSITORY='https://github.com/time-rs/time' CARGO_PKG_RUST_VERSION=1.67.1 CARGO_PKG_VERSION=0.1.4 CARGO_PKG_VERSION_MAJOR=0 CARGO_PKG_VERSION_MINOR=1 CARGO_PKG_VERSION_PATCH=4 CARGO_PKG_VERSION_PRE='' LD_LIBRARY_PATH='/app/target/cpython-strict/build/primp-0.15.0/target/release/deps:/app/target/cpython-strict/host-tools/rustup/toolchains/nightly-2025-01-18-x86_64-unknown-linux-gnu/lib:/opt/kendryte-toolchain/bin/:' /app/target/cpython-strict/host-tools/rustup/toolchains/nightly-2025-01-18-x86_64-unknown-linux-gnu/bin/rustc --crate-name time_core --edition=2021 /app/target/cpython-strict/host-tools/cargo/registry/src/index.crates.io-1949cf8c6b5b557f/time-core-0.1.4/src/lib.rs --error-format=json --json=diagnostic-rendered-ansi,artifacts,future-incompat --crate-type lib --emit=dep-info,metadata,link -C embed-bitcode=no --warn=unused '--warn=clippy::nursery' '--warn=clippy::all' --warn=variant-size-differences '--warn=clippy::use-debug' '--warn=clippy::unwrap-used' '--warn=clippy::unwrap-in-result' --warn=unused-qualifications --warn=unused-lifetimes --warn=unused-import-braces --deny=unstable-syntax-pre-expansion --deny=unsafe-op-in-unsafe-fn --warn=unreachable-pub '--warn=clippy::unnested-or-patterns' --deny=unnameable-test-items '--warn=clippy::uninlined-format-args' '--warn=clippy::unimplemented' --deny=unexpected_cfgs '--warn=rustdoc::unescaped-backticks' '--deny=clippy::undocumented-unsafe-blocks' --deny=unconditional-recursion --warn=trivial-numeric-casts --warn=trivial-casts '--warn=clippy::todo' --deny=suspicious-double-ref-op '--deny=clippy::std-instead-of-core' --warn=single-use-lifetimes '--warn=clippy::semicolon-outside-block' '--warn=rustdoc::private-doc-tests' '--warn=clippy::print-stdout' --deny=overlapping-range-endpoints --deny=opaque-hidden-inferred-bound '--warn=clippy::obfuscated-if-else' --warn=noop-method-call --deny=non-ascii-idents --deny=named-arguments-used-positionally '--warn=clippy::missing-enforced-import-renames' '--warn=clippy::missing-docs-in-private-items' --warn=missing-docs --warn=missing-debug-implementations --warn=missing-copy-implementations --warn=missing-abi --warn=meta-variable-misuse '--warn=clippy::manual-let-else' --warn=macro-use-extern-crate --warn=let-underscore --warn=keyword-idents --deny=invalid-value --deny=invalid-reference-casting --deny=invalid-nan-comparisons --deny=invalid-macro-export-arguments --deny=invalid-from-utf8 --deny=improper-ctypes-definitions --deny=improper-ctypes --deny=hidden-glob-reexports '--warn=clippy::get-unwrap' --deny=future-incompatible '--warn=clippy::explicit-auto-deref' --deny=drop-bounds --deny=deref-nullptr '--warn=clippy::decimal-literal-representation' '--warn=clippy::dbg-macro' --deny=dangling-pointers-from-temporaries --deny=const-item-mutation --deny=clashing-extern-declarations --deny=ambiguous-glob-reexports '--deny=clippy::alloc-instead-of-core' --allow=unstable-name-collisions '--allow=clippy::uninhabited-references' '--allow=clippy::redundant-pub-crate' '--allow=clippy::option-if-let-else' --check-cfg 'cfg(__ui_tests)' --check-cfg 'cfg(bench)' -C debug-assertions=off --check-cfg 'cfg(docsrs,test)' --check-cfg 'cfg(feature, values())' -C metadata=a55ad9237f0989a2 -C extra-filename=-951b4166cf8fc38d --out-dir /app/target/cpython-strict/build/primp-0.15.0/target/release/deps -C strip=symbols -L dependency=/app/target/cpython-strict/build/primp-0.15.0/target/release/deps --cap-lints warn`
   Compiling num-conv v0.1.0
     Running `CARGO=/app/target/cpython-strict/host-tools/rustup/toolchains/nightly-2025-01-18-x86_64-unknown-linux-gnu/bin/cargo CARGO_CRATE_NAME=num_conv CARGO_MANIFEST_DIR=/app/target/cpython-strict/host-tools/cargo/registry/src/index.crates.io-1949cf8c6b5b557f/num-conv-0.1.0 CARGO_MANIFEST_PATH=/app/target/cpython-strict/host-tools/cargo/registry/src/index.crates.io-1949cf8c6b5b557f/num-conv-0.1.0/Cargo.toml CARGO_PKG_AUTHORS='Jacob Pratt <jacob@jhpratt.dev>' CARGO_PKG_DESCRIPTION='`num_conv` is a crate to convert between integer types without using `as` casts. This provides
better certainty when refactoring, makes the exact behavior of code more explicit, and allows using
turbofish syntax.
' CARGO_PKG_HOMEPAGE='' CARGO_PKG_LICENSE='MIT OR Apache-2.0' CARGO_PKG_LICENSE_FILE='' CARGO_PKG_NAME=num-conv CARGO_PKG_README=README.md CARGO_PKG_REPOSITORY='https://github.com/jhpratt/num-conv' CARGO_PKG_RUST_VERSION=1.57.0 CARGO_PKG_VERSION=0.1.0 CARGO_PKG_VERSION_MAJOR=0 CARGO_PKG_VERSION_MINOR=1 CARGO_PKG_VERSION_PATCH=0 CARGO_PKG_VERSION_PRE='' LD_LIBRARY_PATH='/app/target/cpython-strict/build/primp-0.15.0/target/release/deps:/app/target/cpython-strict/host-tools/rustup/toolchains/nightly-2025-01-18-x86_64-unknown-linux-gnu/lib:/opt/kendryte-toolchain/bin/:' /app/target/cpython-strict/host-tools/rustup/toolchains/nightly-2025-01-18-x86_64-unknown-linux-gnu/bin/rustc --crate-name num_conv --edition=2021 /app/target/cpython-strict/host-tools/cargo/registry/src/index.crates.io-1949cf8c6b5b557f/num-conv-0.1.0/src/lib.rs --error-format=json --json=diagnostic-rendered-ansi,artifacts,future-incompat --crate-type lib --emit=dep-info,metadata,link -C embed-bitcode=no --warn=unused --warn=unreachable-pub '--deny=clippy::std-instead-of-core' --warn=missing-docs '--deny=clippy::alloc-instead-of-core' -C debug-assertions=off --check-cfg 'cfg(docsrs,test)' --check-cfg 'cfg(feature, values())' -C metadata=1fe9a52cf36bda72 -C extra-filename=-2426488783ffaf59 --out-dir /app/target/cpython-strict/build/primp-0.15.0/target/release/deps -C strip=symbols -L dependency=/app/target/cpython-strict/build/primp-0.15.0/target/release/deps --cap-lints warn`
warning: `pin-utils` (lib) generated 1 warning (1 duplicate)
   Compiling zstd-safe v7.2.4
     Running `CARGO=/app/target/cpython-strict/host-tools/rustup/toolchains/nightly-2025-01-18-x86_64-unknown-linux-gnu/bin/cargo CARGO_CRATE_NAME=build_script_build CARGO_MANIFEST_DIR=/app/target/cpython-strict/host-tools/cargo/registry/src/index.crates.io-1949cf8c6b5b557f/zstd-safe-7.2.4 CARGO_MANIFEST_PATH=/app/target/cpython-strict/host-tools/cargo/registry/src/index.crates.io-1949cf8c6b5b557f/zstd-safe-7.2.4/Cargo.toml CARGO_PKG_AUTHORS='Alexandre Bury <alexandre.bury@gmail.com>' CARGO_PKG_DESCRIPTION='Safe low-level bindings for the zstd compression library.' CARGO_PKG_HOMEPAGE='' CARGO_PKG_LICENSE='MIT OR Apache-2.0' CARGO_PKG_LICENSE_FILE='' CARGO_PKG_NAME=zstd-safe CARGO_PKG_README=Readme.md CARGO_PKG_REPOSITORY='https://github.com/gyscos/zstd-rs' CARGO_PKG_RUST_VERSION=1.64 CARGO_PKG_VERSION=7.2.4 CARGO_PKG_VERSION_MAJOR=7 CARGO_PKG_VERSION_MINOR=2 CARGO_PKG_VERSION_PATCH=4 CARGO_PKG_VERSION_PRE='' LD_LIBRARY_PATH='/app/target/cpython-strict/build/primp-0.15.0/target/release/deps:/app/target/cpython-strict/host-tools/rustup/toolchains/nightly-2025-01-18-x86_64-unknown-linux-gnu/lib:/opt/kendryte-toolchain/bin/:' /app/target/cpython-strict/host-tools/rustup/toolchains/nightly-2025-01-18-x86_64-unknown-linux-gnu/bin/rustc --crate-name build_script_build --edition=2018 /app/target/cpython-strict/host-tools/cargo/registry/src/index.crates.io-1949cf8c6b5b557f/zstd-safe-7.2.4/build.rs --error-format=json --json=diagnostic-rendered-ansi,artifacts,future-incompat --crate-type bin --emit=dep-info,link -C embed-bitcode=no --allow=non_upper_case_globals -C debug-assertions=off --cfg 'feature="arrays"' --cfg 'feature="legacy"' --cfg 'feature="std"' --cfg 'feature="zdict_builder"' --check-cfg 'cfg(docsrs,test)' --check-cfg 'cfg(feature, values("arrays", "bindgen", "debug", "default", "doc-cfg", "experimental", "fat-lto", "legacy", "no_asm", "pkg-config", "seekable", "std", "thin", "thin-lto", "zdict_builder", "zstdmt"))' -C metadata=8ad00cfac4e5a6c0 -C extra-filename=-c9b49febf710ec64 --out-dir /app/target/cpython-strict/build/primp-0.15.0/target/release/build/zstd-safe-c9b49febf710ec64 -C strip=symbols -L dependency=/app/target/cpython-strict/build/primp-0.15.0/target/release/deps --cap-lints warn`
     Running `CARGO=/app/target/cpython-strict/host-tools/rustup/toolchains/nightly-2025-01-18-x86_64-unknown-linux-gnu/bin/cargo CARGO_CFG_FEATURE=std CARGO_CFG_FMT_DEBUG=full CARGO_CFG_OVERFLOW_CHECKS='' CARGO_CFG_PANIC=unwind CARGO_CFG_RELOCATION_MODEL=pic CARGO_CFG_TARGET_ABI='' CARGO_CFG_TARGET_ARCH=loongarch64 CARGO_CFG_TARGET_ENDIAN=little CARGO_CFG_TARGET_ENV=musl CARGO_CFG_TARGET_FAMILY=unix CARGO_CFG_TARGET_FEATURE=d,f,lsx CARGO_CFG_TARGET_HAS_ATOMIC=16,32,64,8,ptr CARGO_CFG_TARGET_HAS_ATOMIC_EQUAL_ALIGNMENT=16,32,64,8,ptr CARGO_CFG_TARGET_HAS_ATOMIC_LOAD_STORE=16,32,64,8,ptr CARGO_CFG_TARGET_OS=linux CARGO_CFG_TARGET_POINTER_WIDTH=64 CARGO_CFG_TARGET_THREAD_LOCAL='' CARGO_CFG_TARGET_VENDOR=unknown CARGO_CFG_UB_CHECKS='' CARGO_CFG_UNIX='' CARGO_ENCODED_RUSTFLAGS='-Ctarget-feature=-ual-Ctarget-feature=-crt-static' CARGO_FEATURE_STD=1 CARGO_MANIFEST_DIR=/app/target/cpython-strict/host-tools/cargo/registry/src/index.crates.io-1949cf8c6b5b557f/getrandom-0.3.2 CARGO_MANIFEST_PATH=/app/target/cpython-strict/host-tools/cargo/registry/src/index.crates.io-1949cf8c6b5b557f/getrandom-0.3.2/Cargo.toml CARGO_PKG_AUTHORS='The Rand Project Developers' CARGO_PKG_DESCRIPTION='A small cross-platform library for retrieving random data from system source' CARGO_PKG_HOMEPAGE='' CARGO_PKG_LICENSE='MIT OR Apache-2.0' CARGO_PKG_LICENSE_FILE='' CARGO_PKG_NAME=getrandom CARGO_PKG_README=README.md CARGO_PKG_REPOSITORY='https://github.com/rust-random/getrandom' CARGO_PKG_RUST_VERSION=1.63 CARGO_PKG_VERSION=0.3.2 CARGO_PKG_VERSION_MAJOR=0 CARGO_PKG_VERSION_MINOR=3 CARGO_PKG_VERSION_PATCH=2 CARGO_PKG_VERSION_PRE='' DEBUG=false HOST=x86_64-unknown-linux-gnu LD_LIBRARY_PATH='/app/target/cpython-strict/build/primp-0.15.0/target/release/deps:/app/target/cpython-strict/build/primp-0.15.0/target/release:/app/target/cpython-strict/host-tools/rustup/toolchains/nightly-2025-01-18-x86_64-unknown-linux-gnu/lib/rustlib/x86_64-unknown-linux-gnu/lib:/app/target/cpython-strict/host-tools/rustup/toolchains/nightly-2025-01-18-x86_64-unknown-linux-gnu/lib:/opt/kendryte-toolchain/bin/:' NUM_JOBS=10 OPT_LEVEL=3 OUT_DIR=/app/target/cpython-strict/build/primp-0.15.0/target/loongarch64-unknown-linux-musl/release/build/getrandom-4a887a5703b30427/out PROFILE=release RUSTC=/app/target/cpython-strict/host-tools/rustup/toolchains/nightly-2025-01-18-x86_64-unknown-linux-gnu/bin/rustc RUSTC_LINKER=/app/target/cpython-strict/cross/loongarch64-linux-musl-gcc RUSTDOC=/app/target/cpython-strict/host-tools/rustup/toolchains/nightly-2025-01-18-x86_64-unknown-linux-gnu/bin/rustdoc TARGET=loongarch64-unknown-linux-musl /app/target/cpython-strict/build/primp-0.15.0/target/release/build/getrandom-79c447c6426833cf/build-script-build`
   Compiling time-macros v0.2.22
     Running `CARGO=/app/target/cpython-strict/host-tools/rustup/toolchains/nightly-2025-01-18-x86_64-unknown-linux-gnu/bin/cargo CARGO_CRATE_NAME=time_macros CARGO_MANIFEST_DIR=/app/target/cpython-strict/host-tools/cargo/registry/src/index.crates.io-1949cf8c6b5b557f/time-macros-0.2.22 CARGO_MANIFEST_PATH=/app/target/cpython-strict/host-tools/cargo/registry/src/index.crates.io-1949cf8c6b5b557f/time-macros-0.2.22/Cargo.toml CARGO_PKG_AUTHORS='Jacob Pratt <open-source@jhpratt.dev>:Time contributors' CARGO_PKG_DESCRIPTION='    Procedural macros for the time crate.
    This crate is an implementation detail and should not be relied upon directly.
' CARGO_PKG_HOMEPAGE='' CARGO_PKG_LICENSE='MIT OR Apache-2.0' CARGO_PKG_LICENSE_FILE='' CARGO_PKG_NAME=time-macros CARGO_PKG_README='' CARGO_PKG_REPOSITORY='https://github.com/time-rs/time' CARGO_PKG_RUST_VERSION=1.67.1 CARGO_PKG_VERSION=0.2.22 CARGO_PKG_VERSION_MAJOR=0 CARGO_PKG_VERSION_MINOR=2 CARGO_PKG_VERSION_PATCH=22 CARGO_PKG_VERSION_PRE='' LD_LIBRARY_PATH='/app/target/cpython-strict/build/primp-0.15.0/target/release/deps:/app/target/cpython-strict/host-tools/rustup/toolchains/nightly-2025-01-18-x86_64-unknown-linux-gnu/lib:/opt/kendryte-toolchain/bin/:' /app/target/cpython-strict/host-tools/rustup/toolchains/nightly-2025-01-18-x86_64-unknown-linux-gnu/bin/rustc --crate-name time_macros --edition=2021 /app/target/cpython-strict/host-tools/cargo/registry/src/index.crates.io-1949cf8c6b5b557f/time-macros-0.2.22/src/lib.rs --error-format=json --json=diagnostic-rendered-ansi,artifacts,future-incompat --crate-type proc-macro --emit=dep-info,link -C prefer-dynamic -C embed-bitcode=no --warn=unused '--warn=clippy::nursery' '--warn=clippy::all' --warn=variant-size-differences '--warn=clippy::use-debug' '--warn=clippy::unwrap-used' '--warn=clippy::unwrap-in-result' --warn=unused-qualifications --warn=unused-lifetimes --warn=unused-import-braces --deny=unstable-syntax-pre-expansion --deny=unsafe-op-in-unsafe-fn --warn=unreachable-pub '--warn=clippy::unnested-or-patterns' --deny=unnameable-test-items '--warn=clippy::uninlined-format-args' '--warn=clippy::unimplemented' --deny=unexpected_cfgs '--warn=rustdoc::unescaped-backticks' '--deny=clippy::undocumented-unsafe-blocks' --deny=unconditional-recursion --warn=trivial-numeric-casts --warn=trivial-casts '--warn=clippy::todo' --deny=suspicious-double-ref-op '--deny=clippy::std-instead-of-core' --warn=single-use-lifetimes '--warn=clippy::semicolon-outside-block' '--warn=rustdoc::private-doc-tests' '--warn=clippy::print-stdout' --deny=overlapping-range-endpoints --deny=opaque-hidden-inferred-bound '--warn=clippy::obfuscated-if-else' --warn=noop-method-call --deny=non-ascii-idents --deny=named-arguments-used-positionally '--warn=clippy::missing-enforced-import-renames' '--warn=clippy::missing-docs-in-private-items' --warn=missing-docs --warn=missing-debug-implementations --warn=missing-copy-implementations --warn=missing-abi --warn=meta-variable-misuse '--warn=clippy::manual-let-else' --warn=macro-use-extern-crate --warn=let-underscore --warn=keyword-idents --deny=invalid-value --deny=invalid-reference-casting --deny=invalid-nan-comparisons --deny=invalid-macro-export-arguments --deny=invalid-from-utf8 --deny=improper-ctypes-definitions --deny=improper-ctypes --deny=hidden-glob-reexports '--warn=clippy::get-unwrap' --deny=future-incompatible '--warn=clippy::explicit-auto-deref' --deny=drop-bounds --deny=deref-nullptr '--warn=clippy::decimal-literal-representation' '--warn=clippy::dbg-macro' --deny=dangling-pointers-from-temporaries --deny=const-item-mutation --deny=clashing-extern-declarations '--warn=clippy::as-underscore' --deny=ambiguous-glob-reexports '--deny=clippy::alloc-instead-of-core' --allow=unstable-name-collisions '--allow=clippy::uninhabited-references' '--allow=clippy::redundant-pub-crate' '--allow=clippy::option-if-let-else' --check-cfg 'cfg(__ui_tests)' --check-cfg 'cfg(bench)' -C debug-assertions=off --cfg 'feature="formatting"' --cfg 'feature="parsing"' --check-cfg 'cfg(docsrs,test)' --check-cfg 'cfg(feature, values("formatting", "large-dates", "parsing", "serde"))' -C metadata=95edc0ef2199c21c -C extra-filename=-577a1951bab9ed15 --out-dir /app/target/cpython-strict/build/primp-0.15.0/target/release/deps -C strip=symbols -L dependency=/app/target/cpython-strict/build/primp-0.15.0/target/release/deps --extern num_conv=/app/target/cpython-strict/build/primp-0.15.0/target/release/deps/libnum_conv-2426488783ffaf59.rlib --extern time_core=/app/target/cpython-strict/build/primp-0.15.0/target/release/deps/libtime_core-951b4166cf8fc38d.rlib --extern proc_macro --cap-lints warn`
     Running `CARGO=/app/target/cpython-strict/host-tools/rustup/toolchains/nightly-2025-01-18-x86_64-unknown-linux-gnu/bin/cargo CARGO_CFG_FEATURE=simd CARGO_CFG_FMT_DEBUG=full CARGO_CFG_OVERFLOW_CHECKS='' CARGO_CFG_PANIC=unwind CARGO_CFG_RELOCATION_MODEL=pic CARGO_CFG_TARGET_ABI='' CARGO_CFG_TARGET_ARCH=loongarch64 CARGO_CFG_TARGET_ENDIAN=little CARGO_CFG_TARGET_ENV=musl CARGO_CFG_TARGET_FAMILY=unix CARGO_CFG_TARGET_FEATURE=d,f,lsx CARGO_CFG_TARGET_HAS_ATOMIC=16,32,64,8,ptr CARGO_CFG_TARGET_HAS_ATOMIC_EQUAL_ALIGNMENT=16,32,64,8,ptr CARGO_CFG_TARGET_HAS_ATOMIC_LOAD_STORE=16,32,64,8,ptr CARGO_CFG_TARGET_OS=linux CARGO_CFG_TARGET_POINTER_WIDTH=64 CARGO_CFG_TARGET_THREAD_LOCAL='' CARGO_CFG_TARGET_VENDOR=unknown CARGO_CFG_UB_CHECKS='' CARGO_CFG_UNIX='' CARGO_ENCODED_RUSTFLAGS='-Ctarget-feature=-ual-Ctarget-feature=-crt-static' CARGO_FEATURE_SIMD=1 CARGO_MANIFEST_DIR=/app/target/cpython-strict/host-tools/cargo/registry/src/index.crates.io-1949cf8c6b5b557f/zerocopy-0.8.24 CARGO_MANIFEST_PATH=/app/target/cpython-strict/host-tools/cargo/registry/src/index.crates.io-1949cf8c6b5b557f/zerocopy-0.8.24/Cargo.toml CARGO_PKG_AUTHORS='Joshua Liebow-Feeser <joshlf@google.com>:Jack Wrenn <jswrenn@amazon.com>' CARGO_PKG_DESCRIPTION='Zerocopy makes zero-cost memory manipulation effortless. We write "unsafe" so you don'\''t have to.' CARGO_PKG_HOMEPAGE='' CARGO_PKG_LICENSE='BSD-2-Clause OR Apache-2.0 OR MIT' CARGO_PKG_LICENSE_FILE='' CARGO_PKG_NAME=zerocopy CARGO_PKG_README=README.md CARGO_PKG_REPOSITORY='https://github.com/google/zerocopy' CARGO_PKG_RUST_VERSION=1.56.0 CARGO_PKG_VERSION=0.8.24 CARGO_PKG_VERSION_MAJOR=0 CARGO_PKG_VERSION_MINOR=8 CARGO_PKG_VERSION_PATCH=24 CARGO_PKG_VERSION_PRE='' DEBUG=false HOST=x86_64-unknown-linux-gnu LD_LIBRARY_PATH='/app/target/cpython-strict/build/primp-0.15.0/target/release/deps:/app/target/cpython-strict/build/primp-0.15.0/target/release:/app/target/cpython-strict/host-tools/rustup/toolchains/nightly-2025-01-18-x86_64-unknown-linux-gnu/lib/rustlib/x86_64-unknown-linux-gnu/lib:/app/target/cpython-strict/host-tools/rustup/toolchains/nightly-2025-01-18-x86_64-unknown-linux-gnu/lib:/opt/kendryte-toolchain/bin/:' NUM_JOBS=10 OPT_LEVEL=3 OUT_DIR=/app/target/cpython-strict/build/primp-0.15.0/target/loongarch64-unknown-linux-musl/release/build/zerocopy-c2aa4254effa6e61/out PROFILE=release RUSTC=/app/target/cpython-strict/host-tools/rustup/toolchains/nightly-2025-01-18-x86_64-unknown-linux-gnu/bin/rustc RUSTC_LINKER=/app/target/cpython-strict/cross/loongarch64-linux-musl-gcc RUSTDOC=/app/target/cpython-strict/host-tools/rustup/toolchains/nightly-2025-01-18-x86_64-unknown-linux-gnu/bin/rustdoc TARGET=loongarch64-unknown-linux-musl /app/target/cpython-strict/build/primp-0.15.0/target/release/build/zerocopy-04f5c19eeb10842f/build-script-build`
   Compiling futures-util v0.3.31
     Running `CARGO=/app/target/cpython-strict/host-tools/rustup/toolchains/nightly-2025-01-18-x86_64-unknown-linux-gnu/bin/cargo CARGO_CRATE_NAME=futures_util CARGO_MANIFEST_DIR=/app/target/cpython-strict/host-tools/cargo/registry/src/index.crates.io-1949cf8c6b5b557f/futures-util-0.3.31 CARGO_MANIFEST_PATH=/app/target/cpython-strict/host-tools/cargo/registry/src/index.crates.io-1949cf8c6b5b557f/futures-util-0.3.31/Cargo.toml CARGO_PKG_AUTHORS='' CARGO_PKG_DESCRIPTION='Common utilities and extension traits for the futures-rs library.
' CARGO_PKG_HOMEPAGE='https://rust-lang.github.io/futures-rs' CARGO_PKG_LICENSE='MIT OR Apache-2.0' CARGO_PKG_LICENSE_FILE='' CARGO_PKG_NAME=futures-util CARGO_PKG_README=README.md CARGO_PKG_REPOSITORY='https://github.com/rust-lang/futures-rs' CARGO_PKG_RUST_VERSION=1.56 CARGO_PKG_VERSION=0.3.31 CARGO_PKG_VERSION_MAJOR=0 CARGO_PKG_VERSION_MINOR=3 CARGO_PKG_VERSION_PATCH=31 CARGO_PKG_VERSION_PRE='' LD_LIBRARY_PATH='/app/target/cpython-strict/build/primp-0.15.0/target/release/deps:/app/target/cpython-strict/host-tools/rustup/toolchains/nightly-2025-01-18-x86_64-unknown-linux-gnu/lib:/opt/kendryte-toolchain/bin/:' /app/target/cpython-strict/host-tools/rustup/toolchains/nightly-2025-01-18-x86_64-unknown-linux-gnu/bin/rustc --crate-name futures_util --edition=2018 /app/target/cpython-strict/host-tools/cargo/registry/src/index.crates.io-1949cf8c6b5b557f/futures-util-0.3.31/src/lib.rs --error-format=json --json=diagnostic-rendered-ansi,artifacts,future-incompat --crate-type lib --emit=dep-info,metadata,link -C opt-level=3 -C panic=abort -C linker-plugin-lto -C codegen-units=1 --warn=unreachable_pub --warn=unexpected_cfgs --warn=single_use_lifetimes --warn=rust_2018_idioms --warn=missing_debug_implementations --check-cfg 'cfg(futures_sanitizer)' --cfg 'feature="alloc"' --check-cfg 'cfg(docsrs,test)' --check-cfg 'cfg(feature, values("alloc", "async-await", "async-await-macro", "bilock", "cfg-target-has-atomic", "channel", "compat", "default", "futures-channel", "futures-io", "futures-macro", "futures-sink", "futures_01", "io", "io-compat", "memchr", "portable-atomic", "sink", "slab", "std", "tokio-io", "unstable", "write-all-vectored"))' -C metadata=2824ba76dfbcda54 -C extra-filename=-56480fb66acd07d6 --out-dir /app/target/cpython-strict/build/primp-0.15.0/target/loongarch64-unknown-linux-musl/release/deps --target loongarch64-unknown-linux-musl -C linker=/app/target/cpython-strict/cross/loongarch64-linux-musl-gcc -C strip=symbols -L dependency=/app/target/cpython-strict/build/primp-0.15.0/target/loongarch64-unknown-linux-musl/release/deps -L dependency=/app/target/cpython-strict/build/primp-0.15.0/target/release/deps --extern futures_core=/app/target/cpython-strict/build/primp-0.15.0/target/loongarch64-unknown-linux-musl/release/deps/libfutures_core-daefa865b4c0a4f1.rmeta --extern futures_task=/app/target/cpython-strict/build/primp-0.15.0/target/loongarch64-unknown-linux-musl/release/deps/libfutures_task-e6ee0685bfd1d1c4.rmeta --extern pin_project_lite=/app/target/cpython-strict/build/primp-0.15.0/target/loongarch64-unknown-linux-musl/release/deps/libpin_project_lite-50dcae2c8ff1a98e.rmeta --extern pin_utils=/app/target/cpython-strict/build/primp-0.15.0/target/loongarch64-unknown-linux-musl/release/deps/libpin_utils-010549643a8cb4bc.rmeta --cap-lints warn -C target-feature=-ual -C target-feature=-crt-static`
     Running `CARGO=/app/target/cpython-strict/host-tools/rustup/toolchains/nightly-2025-01-18-x86_64-unknown-linux-gnu/bin/cargo CARGO_CRATE_NAME=pyo3_macros_backend CARGO_MANIFEST_DIR=/app/target/cpython-strict/host-tools/cargo/registry/src/index.crates.io-1949cf8c6b5b557f/pyo3-macros-backend-0.24.1 CARGO_MANIFEST_PATH=/app/target/cpython-strict/host-tools/cargo/registry/src/index.crates.io-1949cf8c6b5b557f/pyo3-macros-backend-0.24.1/Cargo.toml CARGO_PKG_AUTHORS='PyO3 Project and Contributors <https://github.com/PyO3>' CARGO_PKG_DESCRIPTION='Code generation for PyO3 package' CARGO_PKG_HOMEPAGE='https://github.com/pyo3/pyo3' CARGO_PKG_LICENSE='MIT OR Apache-2.0' CARGO_PKG_LICENSE_FILE='' CARGO_PKG_NAME=pyo3-macros-backend CARGO_PKG_README='' CARGO_PKG_REPOSITORY='https://github.com/pyo3/pyo3' CARGO_PKG_RUST_VERSION=1.63 CARGO_PKG_VERSION=0.24.1 CARGO_PKG_VERSION_MAJOR=0 CARGO_PKG_VERSION_MINOR=24 CARGO_PKG_VERSION_PATCH=1 CARGO_PKG_VERSION_PRE='' LD_LIBRARY_PATH='/app/target/cpython-strict/build/primp-0.15.0/target/release/deps:/app/target/cpython-strict/host-tools/rustup/toolchains/nightly-2025-01-18-x86_64-unknown-linux-gnu/lib:/opt/kendryte-toolchain/bin/:' OUT_DIR=/app/target/cpython-strict/build/primp-0.15.0/target/release/build/pyo3-macros-backend-e01ffbbfca5fd042/out /app/target/cpython-strict/host-tools/rustup/toolchains/nightly-2025-01-18-x86_64-unknown-linux-gnu/bin/rustc --crate-name pyo3_macros_backend --edition=2021 /app/target/cpython-strict/host-tools/cargo/registry/src/index.crates.io-1949cf8c6b5b557f/pyo3-macros-backend-0.24.1/src/lib.rs --error-format=json --json=diagnostic-rendered-ansi,artifacts,future-incompat --crate-type lib --emit=dep-info,metadata,link -C embed-bitcode=no --warn=rust_2018_idioms '--warn=clippy::useless_transmute' '--warn=clippy::used_underscore_binding' --warn=unused_lifetimes --warn=unsafe_op_in_unsafe_fn '--warn=clippy::unnecessary_wraps' '--warn=clippy::todo' --warn=rust_2021_prelude_collisions '--warn=clippy::manual_ok_or' '--warn=clippy::manual_assert' '--warn=clippy::let_unit_value' --warn=invalid_doc_attributes '--warn=clippy::flat_map_option' '--warn=clippy::filter_map_next' '--warn=clippy::explicit_iter_loop' '--warn=clippy::explicit_into_iter_loop' --warn=elided_lifetimes_in_paths '--warn=clippy::dbg_macro' '--warn=clippy::checked_conversions' '--warn=rustdoc::broken_intra_doc_links' '--warn=rustdoc::bare_urls' -C debug-assertions=off --check-cfg 'cfg(docsrs,test)' --check-cfg 'cfg(feature, values("experimental-async"))' -C metadata=1d1b38da9c7ae780 -C extra-filename=-1979fd148ab8be0c --out-dir /app/target/cpython-strict/build/primp-0.15.0/target/release/deps -C strip=symbols -L dependency=/app/target/cpython-strict/build/primp-0.15.0/target/release/deps --extern heck=/app/target/cpython-strict/build/primp-0.15.0/target/release/deps/libheck-4ceb96074c1762e1.rmeta --extern proc_macro2=/app/target/cpython-strict/build/primp-0.15.0/target/release/deps/libproc_macro2-9db364b059323b41.rmeta --extern pyo3_build_config=/app/target/cpython-strict/build/primp-0.15.0/target/release/deps/libpyo3_build_config-daf58e5897111b40.rmeta --extern quote=/app/target/cpython-strict/build/primp-0.15.0/target/release/deps/libquote-430fd29c5f10253f.rmeta --extern syn=/app/target/cpython-strict/build/primp-0.15.0/target/release/deps/libsyn-4f64c6980b94321d.rmeta --cap-lints warn --cfg rustc_has_once_lock --cfg cargo_toml_lints --cfg rustc_has_extern_c_unwind --cfg invalid_from_utf8_lint --cfg c_str_lit --cfg diagnostic_namespace --cfg io_error_more --cfg fn_ptr_eq --check-cfg 'cfg(Py_LIMITED_API)' --check-cfg 'cfg(Py_GIL_DISABLED)' --check-cfg 'cfg(PyPy)' --check-cfg 'cfg(GraalPy)' --check-cfg 'cfg(py_sys_config, values("Py_DEBUG", "Py_REF_DEBUG", "Py_TRACE_REFS", "COUNT_ALLOCS"))' --check-cfg 'cfg(pyo3_disable_reference_pool)' --check-cfg 'cfg(pyo3_leak_on_drop_without_reference_pool)' --check-cfg 'cfg(Py_3_7)' --check-cfg 'cfg(Py_3_8)' --check-cfg 'cfg(Py_3_9)' --check-cfg 'cfg(Py_3_10)' --check-cfg 'cfg(Py_3_11)' --check-cfg 'cfg(Py_3_12)' --check-cfg 'cfg(Py_3_13)' --check-cfg 'cfg(Py_3_14)' --check-cfg 'cfg(rustc_has_once_lock)' --check-cfg 'cfg(cargo_toml_lints)' --check-cfg 'cfg(rustc_has_extern_c_unwind)' --check-cfg 'cfg(invalid_from_utf8_lint)' --check-cfg 'cfg(c_str_lit)' --check-cfg 'cfg(diagnostic_namespace)' --check-cfg 'cfg(io_error_more)' --check-cfg 'cfg(fn_ptr_eq)'`
     Running `CARGO=/app/target/cpython-strict/host-tools/rustup/toolchains/nightly-2025-01-18-x86_64-unknown-linux-gnu/bin/cargo CARGO_CFG_FEATURE=default,std CARGO_CFG_FMT_DEBUG=full CARGO_CFG_OVERFLOW_CHECKS='' CARGO_CFG_PANIC=unwind CARGO_CFG_RELOCATION_MODEL=pic CARGO_CFG_TARGET_ABI='' CARGO_CFG_TARGET_ARCH=loongarch64 CARGO_CFG_TARGET_ENDIAN=little CARGO_CFG_TARGET_ENV=musl CARGO_CFG_TARGET_FAMILY=unix CARGO_CFG_TARGET_FEATURE=d,f,lsx CARGO_CFG_TARGET_HAS_ATOMIC=16,32,64,8,ptr CARGO_CFG_TARGET_HAS_ATOMIC_EQUAL_ALIGNMENT=16,32,64,8,ptr CARGO_CFG_TARGET_HAS_ATOMIC_LOAD_STORE=16,32,64,8,ptr CARGO_CFG_TARGET_OS=linux CARGO_CFG_TARGET_POINTER_WIDTH=64 CARGO_CFG_TARGET_THREAD_LOCAL='' CARGO_CFG_TARGET_VENDOR=unknown CARGO_CFG_UB_CHECKS='' CARGO_CFG_UNIX='' CARGO_ENCODED_RUSTFLAGS='-Ctarget-feature=-ual-Ctarget-feature=-crt-static' CARGO_FEATURE_DEFAULT=1 CARGO_FEATURE_STD=1 CARGO_MANIFEST_DIR=/app/target/cpython-strict/host-tools/cargo/registry/src/index.crates.io-1949cf8c6b5b557f/anyhow-1.0.98 CARGO_MANIFEST_PATH=/app/target/cpython-strict/host-tools/cargo/registry/src/index.crates.io-1949cf8c6b5b557f/anyhow-1.0.98/Cargo.toml CARGO_PKG_AUTHORS='David Tolnay <dtolnay@gmail.com>' CARGO_PKG_DESCRIPTION='Flexible concrete Error type built on std::error::Error' CARGO_PKG_HOMEPAGE='' CARGO_PKG_LICENSE='MIT OR Apache-2.0' CARGO_PKG_LICENSE_FILE='' CARGO_PKG_NAME=anyhow CARGO_PKG_README=README.md CARGO_PKG_REPOSITORY='https://github.com/dtolnay/anyhow' CARGO_PKG_RUST_VERSION=1.39 CARGO_PKG_VERSION=1.0.98 CARGO_PKG_VERSION_MAJOR=1 CARGO_PKG_VERSION_MINOR=0 CARGO_PKG_VERSION_PATCH=98 CARGO_PKG_VERSION_PRE='' DEBUG=false HOST=x86_64-unknown-linux-gnu LD_LIBRARY_PATH='/app/target/cpython-strict/build/primp-0.15.0/target/release/deps:/app/target/cpython-strict/build/primp-0.15.0/target/release:/app/target/cpython-strict/host-tools/rustup/toolchains/nightly-2025-01-18-x86_64-unknown-linux-gnu/lib/rustlib/x86_64-unknown-linux-gnu/lib:/app/target/cpython-strict/host-tools/rustup/toolchains/nightly-2025-01-18-x86_64-unknown-linux-gnu/lib:/opt/kendryte-toolchain/bin/:' NUM_JOBS=10 OPT_LEVEL=3 OUT_DIR=/app/target/cpython-strict/build/primp-0.15.0/target/loongarch64-unknown-linux-musl/release/build/anyhow-132f57c26283eb7c/out PROFILE=release RUSTC=/app/target/cpython-strict/host-tools/rustup/toolchains/nightly-2025-01-18-x86_64-unknown-linux-gnu/bin/rustc RUSTC_LINKER=/app/target/cpython-strict/cross/loongarch64-linux-musl-gcc RUSTDOC=/app/target/cpython-strict/host-tools/rustup/toolchains/nightly-2025-01-18-x86_64-unknown-linux-gnu/bin/rustdoc TARGET=loongarch64-unknown-linux-musl /app/target/cpython-strict/build/primp-0.15.0/target/release/build/anyhow-fb16eced45ca9511/build-script-build`
warning: `icu_collections` (lib) generated 1 warning (1 duplicate)
   Compiling alloc-stdlib v0.2.2
     Running `CARGO=/app/target/cpython-strict/host-tools/rustup/toolchains/nightly-2025-01-18-x86_64-unknown-linux-gnu/bin/cargo CARGO_CRATE_NAME=alloc_stdlib CARGO_MANIFEST_DIR=/app/target/cpython-strict/host-tools/cargo/registry/src/index.crates.io-1949cf8c6b5b557f/alloc-stdlib-0.2.2 CARGO_MANIFEST_PATH=/app/target/cpython-strict/host-tools/cargo/registry/src/index.crates.io-1949cf8c6b5b557f/alloc-stdlib-0.2.2/Cargo.toml CARGO_PKG_AUTHORS='Daniel Reiter Horn <danielrh@dropbox.com>' CARGO_PKG_DESCRIPTION='A dynamic allocator example that may be used with the stdlib' CARGO_PKG_HOMEPAGE='https://github.com/dropbox/rust-alloc-no-stdlib' CARGO_PKG_LICENSE=BSD-3-Clause CARGO_PKG_LICENSE_FILE='' CARGO_PKG_NAME=alloc-stdlib CARGO_PKG_README=README.md CARGO_PKG_REPOSITORY='https://github.com/dropbox/rust-alloc-no-stdlib' CARGO_PKG_RUST_VERSION='' CARGO_PKG_VERSION=0.2.2 CARGO_PKG_VERSION_MAJOR=0 CARGO_PKG_VERSION_MINOR=2 CARGO_PKG_VERSION_PATCH=2 CARGO_PKG_VERSION_PRE='' LD_LIBRARY_PATH='/app/target/cpython-strict/build/primp-0.15.0/target/release/deps:/app/target/cpython-strict/host-tools/rustup/toolchains/nightly-2025-01-18-x86_64-unknown-linux-gnu/lib:/opt/kendryte-toolchain/bin/:' /app/target/cpython-strict/host-tools/rustup/toolchains/nightly-2025-01-18-x86_64-unknown-linux-gnu/bin/rustc --crate-name alloc_stdlib --edition=2015 /app/target/cpython-strict/host-tools/cargo/registry/src/index.crates.io-1949cf8c6b5b557f/alloc-stdlib-0.2.2/src/lib.rs --error-format=json --json=diagnostic-rendered-ansi,artifacts,future-incompat --crate-type lib --emit=dep-info,metadata,link -C opt-level=3 -C panic=abort -C linker-plugin-lto -C codegen-units=1 --check-cfg 'cfg(docsrs,test)' --check-cfg 'cfg(feature, values("unsafe"))' -C metadata=7591e1ff4e0558df -C extra-filename=-4c2738bdd03695c6 --out-dir /app/target/cpython-strict/build/primp-0.15.0/target/loongarch64-unknown-linux-musl/release/deps --target loongarch64-unknown-linux-musl -C linker=/app/target/cpython-strict/cross/loongarch64-linux-musl-gcc -C strip=symbols -L dependency=/app/target/cpython-strict/build/primp-0.15.0/target/loongarch64-unknown-linux-musl/release/deps -L dependency=/app/target/cpython-strict/build/primp-0.15.0/target/release/deps --extern alloc_no_stdlib=/app/target/cpython-strict/build/primp-0.15.0/target/loongarch64-unknown-linux-musl/release/deps/liballoc_no_stdlib-d9df55b40edf87bc.rmeta --cap-lints warn -C target-feature=-ual -C target-feature=-crt-static`
warning: `indexmap` (lib) generated 1 warning (1 duplicate)
   Compiling icu_provider v1.5.0
     Running `CARGO=/app/target/cpython-strict/host-tools/rustup/toolchains/nightly-2025-01-18-x86_64-unknown-linux-gnu/bin/cargo CARGO_CRATE_NAME=icu_provider CARGO_MANIFEST_DIR=/app/target/cpython-strict/host-tools/cargo/registry/src/index.crates.io-1949cf8c6b5b557f/icu_provider-1.5.0 CARGO_MANIFEST_PATH=/app/target/cpython-strict/host-tools/cargo/registry/src/index.crates.io-1949cf8c6b5b557f/icu_provider-1.5.0/Cargo.toml CARGO_PKG_AUTHORS='The ICU4X Project Developers' CARGO_PKG_DESCRIPTION='Trait and struct definitions for the ICU data provider' CARGO_PKG_HOMEPAGE='https://icu4x.unicode.org' CARGO_PKG_LICENSE=Unicode-3.0 CARGO_PKG_LICENSE_FILE='' CARGO_PKG_NAME=icu_provider CARGO_PKG_README=README.md CARGO_PKG_REPOSITORY='https://github.com/unicode-org/icu4x' CARGO_PKG_RUST_VERSION=1.67 CARGO_PKG_VERSION=1.5.0 CARGO_PKG_VERSION_MAJOR=1 CARGO_PKG_VERSION_MINOR=5 CARGO_PKG_VERSION_PATCH=0 CARGO_PKG_VERSION_PRE='' LD_LIBRARY_PATH='/app/target/cpython-strict/build/primp-0.15.0/target/release/deps:/app/target/cpython-strict/host-tools/rustup/toolchains/nightly-2025-01-18-x86_64-unknown-linux-gnu/lib:/opt/kendryte-toolchain/bin/:' /app/target/cpython-strict/host-tools/rustup/toolchains/nightly-2025-01-18-x86_64-unknown-linux-gnu/bin/rustc --crate-name icu_provider --edition=2021 /app/target/cpython-strict/host-tools/cargo/registry/src/index.crates.io-1949cf8c6b5b557f/icu_provider-1.5.0/src/lib.rs --error-format=json --json=diagnostic-rendered-ansi,artifacts,future-incompat --crate-type lib --emit=dep-info,metadata,link -C opt-level=3 -C panic=abort -C linker-plugin-lto -C codegen-units=1 --cfg 'feature="macros"' --check-cfg 'cfg(docsrs,test)' --check-cfg 'cfg(feature, values("bench", "datagen", "deserialize_bincode_1", "deserialize_json", "deserialize_postcard_1", "experimental", "log_error_context", "logging", "macros", "serde", "std", "sync"))' -C metadata=24c0bfcc6658e50b -C extra-filename=-7eb6664f6c11cc24 --out-dir /app/target/cpython-strict/build/primp-0.15.0/target/loongarch64-unknown-linux-musl/release/deps --target loongarch64-unknown-linux-musl -C linker=/app/target/cpython-strict/cross/loongarch64-linux-musl-gcc -C strip=symbols -L dependency=/app/target/cpython-strict/build/primp-0.15.0/target/loongarch64-unknown-linux-musl/release/deps -L dependency=/app/target/cpython-strict/build/primp-0.15.0/target/release/deps --extern displaydoc=/app/target/cpython-strict/build/primp-0.15.0/target/release/deps/libdisplaydoc-79a507322597fbb7.so --extern icu_locid=/app/target/cpython-strict/build/primp-0.15.0/target/loongarch64-unknown-linux-musl/release/deps/libicu_locid-2c83bccc3529aebb.rmeta --extern icu_provider_macros=/app/target/cpython-strict/build/primp-0.15.0/target/release/deps/libicu_provider_macros-0029e46e16b99569.so --extern stable_deref_trait=/app/target/cpython-strict/build/primp-0.15.0/target/loongarch64-unknown-linux-musl/release/deps/libstable_deref_trait-76f1baf4e034bd08.rmeta --extern tinystr=/app/target/cpython-strict/build/primp-0.15.0/target/loongarch64-unknown-linux-musl/release/deps/libtinystr-4bd486d607ea2626.rmeta --extern writeable=/app/target/cpython-strict/build/primp-0.15.0/target/loongarch64-unknown-linux-musl/release/deps/libwriteable-faafe5d3af746b37.rmeta --extern yoke=/app/target/cpython-strict/build/primp-0.15.0/target/loongarch64-unknown-linux-musl/release/deps/libyoke-0e1d747cb3390c61.rmeta --extern zerofrom=/app/target/cpython-strict/build/primp-0.15.0/target/loongarch64-unknown-linux-musl/release/deps/libzerofrom-5bc1b0a558c71dd6.rmeta --extern zerovec=/app/target/cpython-strict/build/primp-0.15.0/target/loongarch64-unknown-linux-musl/release/deps/libzerovec-242002c21e466685.rmeta --cap-lints warn -C target-feature=-ual -C target-feature=-crt-static`
   Compiling cookie v0.18.1
     Running `CARGO=/app/target/cpython-strict/host-tools/rustup/toolchains/nightly-2025-01-18-x86_64-unknown-linux-gnu/bin/cargo CARGO_CRATE_NAME=build_script_build CARGO_MANIFEST_DIR=/app/target/cpython-strict/host-tools/cargo/registry/src/index.crates.io-1949cf8c6b5b557f/cookie-0.18.1 CARGO_MANIFEST_PATH=/app/target/cpython-strict/host-tools/cargo/registry/src/index.crates.io-1949cf8c6b5b557f/cookie-0.18.1/Cargo.toml CARGO_PKG_AUTHORS='Sergio Benitez <sb@sergio.bz>:Alex Crichton <alex@alexcrichton.com>' CARGO_PKG_DESCRIPTION='HTTP cookie parsing and cookie jar management. Supports signed and private
(encrypted, authenticated) jars.
' CARGO_PKG_HOMEPAGE='' CARGO_PKG_LICENSE='MIT OR Apache-2.0' CARGO_PKG_LICENSE_FILE='' CARGO_PKG_NAME=cookie CARGO_PKG_README=README.md CARGO_PKG_REPOSITORY='https://github.com/SergioBenitez/cookie-rs' CARGO_PKG_RUST_VERSION='' CARGO_PKG_VERSION=0.18.1 CARGO_PKG_VERSION_MAJOR=0 CARGO_PKG_VERSION_MINOR=18 CARGO_PKG_VERSION_PATCH=1 CARGO_PKG_VERSION_PRE='' LD_LIBRARY_PATH='/app/target/cpython-strict/build/primp-0.15.0/target/release/deps:/app/target/cpython-strict/host-tools/rustup/toolchains/nightly-2025-01-18-x86_64-unknown-linux-gnu/lib:/opt/kendryte-toolchain/bin/:' /app/target/cpython-strict/host-tools/rustup/toolchains/nightly-2025-01-18-x86_64-unknown-linux-gnu/bin/rustc --crate-name build_script_build --edition=2018 /app/target/cpython-strict/host-tools/cargo/registry/src/index.crates.io-1949cf8c6b5b557f/cookie-0.18.1/build.rs --error-format=json --json=diagnostic-rendered-ansi,artifacts,future-incompat --crate-type bin --emit=dep-info,link -C embed-bitcode=no -C debug-assertions=off --cfg 'feature="percent-encode"' --cfg 'feature="percent-encoding"' --check-cfg 'cfg(docsrs,test)' --check-cfg 'cfg(feature, values("aes-gcm", "base64", "hkdf", "hmac", "key-expansion", "percent-encode", "percent-encoding", "private", "rand", "secure", "sha2", "signed", "subtle"))' -C metadata=4acd313c391f9d4a -C extra-filename=-a2b548367bf62e6b --out-dir /app/target/cpython-strict/build/primp-0.15.0/target/release/build/cookie-a2b548367bf62e6b -C strip=symbols -L dependency=/app/target/cpython-strict/build/primp-0.15.0/target/release/deps --extern version_check=/app/target/cpython-strict/build/primp-0.15.0/target/release/deps/libversion_check-a52364eda26712a9.rlib --cap-lints warn`
warning: `alloc-stdlib` (lib) generated 1 warning (1 duplicate)
   Compiling deranged v0.4.0
     Running `CARGO=/app/target/cpython-strict/host-tools/rustup/toolchains/nightly-2025-01-18-x86_64-unknown-linux-gnu/bin/cargo CARGO_CRATE_NAME=deranged CARGO_MANIFEST_DIR=/app/target/cpython-strict/host-tools/cargo/registry/src/index.crates.io-1949cf8c6b5b557f/deranged-0.4.0 CARGO_MANIFEST_PATH=/app/target/cpython-strict/host-tools/cargo/registry/src/index.crates.io-1949cf8c6b5b557f/deranged-0.4.0/Cargo.toml CARGO_PKG_AUTHORS='Jacob Pratt <jacob@jhpratt.dev>' CARGO_PKG_DESCRIPTION='Ranged integers' CARGO_PKG_HOMEPAGE='' CARGO_PKG_LICENSE='MIT OR Apache-2.0' CARGO_PKG_LICENSE_FILE='' CARGO_PKG_NAME=deranged CARGO_PKG_README=README.md CARGO_PKG_REPOSITORY='https://github.com/jhpratt/deranged' CARGO_PKG_RUST_VERSION=1.67.0 CARGO_PKG_VERSION=0.4.0 CARGO_PKG_VERSION_MAJOR=0 CARGO_PKG_VERSION_MINOR=4 CARGO_PKG_VERSION_PATCH=0 CARGO_PKG_VERSION_PRE='' LD_LIBRARY_PATH='/app/target/cpython-strict/build/primp-0.15.0/target/release/deps:/app/target/cpython-strict/host-tools/rustup/toolchains/nightly-2025-01-18-x86_64-unknown-linux-gnu/lib:/opt/kendryte-toolchain/bin/:' /app/target/cpython-strict/host-tools/rustup/toolchains/nightly-2025-01-18-x86_64-unknown-linux-gnu/bin/rustc --crate-name deranged --edition=2021 /app/target/cpython-strict/host-tools/cargo/registry/src/index.crates.io-1949cf8c6b5b557f/deranged-0.4.0/src/lib.rs --error-format=json --json=diagnostic-rendered-ansi,artifacts,future-incompat --crate-type lib --emit=dep-info,metadata,link -C opt-level=3 -C panic=abort -C linker-plugin-lto -C codegen-units=1 --warn=unused '--warn=clippy::nursery' '--warn=clippy::all' --warn=variant-size-differences '--warn=clippy::use-debug' '--warn=clippy::unwrap-used' '--warn=clippy::unwrap-in-result' --warn=unused-qualifications --warn=unused-lifetimes --warn=unused-import-braces --deny=unstable-syntax-pre-expansion --deny=unsafe-op-in-unsafe-fn --warn=unreachable-pub '--warn=clippy::unnested-or-patterns' --deny=unnameable-test-items '--warn=clippy::uninlined-format-args' '--warn=clippy::unimplemented' '--warn=rustdoc::unescaped-backticks' '--deny=clippy::undocumented-unsafe-blocks' --deny=unconditional-recursion --warn=trivial-numeric-casts --warn=trivial-casts '--warn=clippy::todo' --deny=suspicious-double-ref-op '--deny=clippy::std-instead-of-core' --warn=single-use-lifetimes '--warn=clippy::semicolon-outside-block' '--allow=clippy::redundant-pub-crate' '--warn=rustdoc::private-doc-tests' '--warn=clippy::print-stdout' --deny=overlapping-range-endpoints '--allow=clippy::option-if-let-else' --deny=opaque-hidden-inferred-bound '--warn=clippy::obfuscated-if-else' --warn=noop-method-call --deny=non-ascii-idents --deny=named-arguments-used-positionally '--warn=clippy::missing-enforced-import-renames' '--warn=clippy::missing-docs-in-private-items' --warn=missing-docs --warn=missing-debug-implementations --warn=missing-copy-implementations --warn=missing-abi --warn=meta-variable-misuse '--warn=clippy::manual-let-else' --warn=macro-use-extern-crate --warn=let-underscore --warn=keyword-idents --deny=invalid-value --deny=invalid-reference-casting --deny=invalid-nan-comparisons --deny=invalid-macro-export-arguments --deny=invalid-from-utf8 --deny=improper-ctypes-definitions --deny=improper-ctypes --deny=hidden-glob-reexports '--warn=clippy::get-unwrap' --deny=future-incompatible '--warn=clippy::explicit-auto-deref' --deny=drop-bounds --deny=deref-nullptr '--warn=clippy::decimal-literal-representation' '--warn=clippy::dbg-macro' --deny=dangling-pointers-from-temporaries --deny=const-item-mutation --deny=clashing-extern-declarations --deny=ambiguous-glob-reexports '--deny=clippy::alloc-instead-of-core' --warn=unstable-name-collisions --allow=path-statements --cfg 'feature="alloc"' --cfg 'feature="powerfmt"' --cfg 'feature="std"' --check-cfg 'cfg(docsrs,test)' --check-cfg 'cfg(feature, values("alloc", "default", "macros", "num", "powerfmt", "quickcheck", "rand", "rand08", "rand09", "serde", "std"))' -C metadata=5894f52d0d6f38db -C extra-filename=-5092d7f55f3ef706 --out-dir /app/target/cpython-strict/build/primp-0.15.0/target/loongarch64-unknown-linux-musl/release/deps --target loongarch64-unknown-linux-musl -C linker=/app/target/cpython-strict/cross/loongarch64-linux-musl-gcc -C strip=symbols -L dependency=/app/target/cpython-strict/build/primp-0.15.0/target/loongarch64-unknown-linux-musl/release/deps -L dependency=/app/target/cpython-strict/build/primp-0.15.0/target/release/deps --extern powerfmt=/app/target/cpython-strict/build/primp-0.15.0/target/loongarch64-unknown-linux-musl/release/deps/libpowerfmt-84a0a2adf54132d6.rmeta --cap-lints warn -C target-feature=-ual -C target-feature=-crt-static`
warning: unexpected `cfg` condition value: `compiled_data`
   --> /app/target/cpython-strict/host-tools/cargo/registry/src/index.crates.io-1949cf8c6b5b557f/icu_provider-1.5.0/src/constructors.rs:275:15
    |
275 |           #[cfg(feature = "compiled_data")]
    |                 ^^^^^^^^^^^^^^^^^^^^^^^^^
    |
   ::: /app/target/cpython-strict/host-tools/cargo/registry/src/index.crates.io-1949cf8c6b5b557f/icu_provider-1.5.0/src/hello_world.rs:270:5
    |
270 | /     icu_provider::gen_any_buffer_data_constructors!(locale: include, options: skip, error: DataError,
271 | |         #[cfg(skip)]
272 | |         functions: [
273 | |             try_new,
...   |
277 | |             Self,
278 | |     ]);
    | |______- in this macro invocation
    |
    = note: expected values for `feature` are: `bench`, `datagen`, `deserialize_bincode_1`, `deserialize_json`, `deserialize_postcard_1`, `experimental`, `log_error_context`, `logging`, `macros`, `serde`, `std`, and `sync`
    = help: consider adding `compiled_data` as a feature in `Cargo.toml`
    = note: see <https://doc.rust-lang.org/nightly/rustc/check-cfg/cargo-specifics.html> for more information about checking conditional configuration
    = note: `#[warn(unexpected_cfgs)]` on by default
    = note: this warning originates in the macro `icu_provider::gen_any_buffer_data_constructors` (in Nightly builds, run with -Z macro-backtrace for more info)

     Running `CARGO=/app/target/cpython-strict/host-tools/rustup/toolchains/nightly-2025-01-18-x86_64-unknown-linux-gnu/bin/cargo CARGO_CFG_FEATURE=pq-experimental CARGO_CFG_FMT_DEBUG=full CARGO_CFG_OVERFLOW_CHECKS='' CARGO_CFG_PANIC=unwind CARGO_CFG_RELOCATION_MODEL=pic CARGO_CFG_TARGET_ABI='' CARGO_CFG_TARGET_ARCH=loongarch64 CARGO_CFG_TARGET_ENDIAN=little CARGO_CFG_TARGET_ENV=musl CARGO_CFG_TARGET_FAMILY=unix CARGO_CFG_TARGET_FEATURE=d,f,lsx CARGO_CFG_TARGET_HAS_ATOMIC=16,32,64,8,ptr CARGO_CFG_TARGET_HAS_ATOMIC_EQUAL_ALIGNMENT=16,32,64,8,ptr CARGO_CFG_TARGET_HAS_ATOMIC_LOAD_STORE=16,32,64,8,ptr CARGO_CFG_TARGET_OS=linux CARGO_CFG_TARGET_POINTER_WIDTH=64 CARGO_CFG_TARGET_THREAD_LOCAL='' CARGO_CFG_TARGET_VENDOR=unknown CARGO_CFG_UB_CHECKS='' CARGO_CFG_UNIX='' CARGO_ENCODED_RUSTFLAGS='-Ctarget-feature=-ual-Ctarget-feature=-crt-static' CARGO_FEATURE_PQ_EXPERIMENTAL=1 CARGO_MANIFEST_DIR=/app/target/cpython-strict/host-tools/cargo/registry/src/index.crates.io-1949cf8c6b5b557f/boring-sys2-4.15.11 CARGO_MANIFEST_LINKS=boringssl CARGO_MANIFEST_PATH=/app/target/cpython-strict/host-tools/cargo/registry/src/index.crates.io-1949cf8c6b5b557f/boring-sys2-4.15.11/Cargo.toml CARGO_PKG_AUTHORS='Alex Crichton <alex@alexcrichton.com>:Steven Fackler <sfackler@gmail.com>:Ivan Nikulin <ifaaan@gmail.com>' CARGO_PKG_DESCRIPTION='FFI bindings to BoringSSL' CARGO_PKG_HOMEPAGE='' CARGO_PKG_LICENSE=MIT CARGO_PKG_LICENSE_FILE='' CARGO_PKG_NAME=boring-sys2 CARGO_PKG_README=README.md CARGO_PKG_REPOSITORY='https://github.com/0x676e67/boring2' CARGO_PKG_RUST_VERSION='' CARGO_PKG_VERSION=4.15.11 CARGO_PKG_VERSION_MAJOR=4 CARGO_PKG_VERSION_MINOR=15 CARGO_PKG_VERSION_PATCH=11 CARGO_PKG_VERSION_PRE='' DEBUG=false HOST=x86_64-unknown-linux-gnu LD_LIBRARY_PATH='/app/target/cpython-strict/build/primp-0.15.0/target/release/deps:/app/target/cpython-strict/build/primp-0.15.0/target/release:/app/target/cpython-strict/host-tools/rustup/toolchains/nightly-2025-01-18-x86_64-unknown-linux-gnu/lib/rustlib/x86_64-unknown-linux-gnu/lib:/app/target/cpython-strict/host-tools/rustup/toolchains/nightly-2025-01-18-x86_64-unknown-linux-gnu/lib:/opt/kendryte-toolchain/bin/:' NUM_JOBS=10 OPT_LEVEL=3 OUT_DIR=/app/target/cpython-strict/build/primp-0.15.0/target/loongarch64-unknown-linux-musl/release/build/boring-sys2-8323dabab925218a/out PROFILE=release RUSTC=/app/target/cpython-strict/host-tools/rustup/toolchains/nightly-2025-01-18-x86_64-unknown-linux-gnu/bin/rustc RUSTC_LINKER=/app/target/cpython-strict/cross/loongarch64-linux-musl-gcc RUSTDOC=/app/target/cpython-strict/host-tools/rustup/toolchains/nightly-2025-01-18-x86_64-unknown-linux-gnu/bin/rustdoc TARGET=loongarch64-unknown-linux-musl /app/target/cpython-strict/build/primp-0.15.0/target/release/build/boring-sys2-ed142f6e08af6ddb/build-script-main`
[boring-sys2 4.15.11] warning: no toolchain file configured by boring-sys for loongarch64-unknown-linux-musl
   Compiling futf v0.1.5
     Running `CARGO=/app/target/cpython-strict/host-tools/rustup/toolchains/nightly-2025-01-18-x86_64-unknown-linux-gnu/bin/cargo CARGO_CRATE_NAME=futf CARGO_MANIFEST_DIR=/app/target/cpython-strict/host-tools/cargo/registry/src/index.crates.io-1949cf8c6b5b557f/futf-0.1.5 CARGO_MANIFEST_PATH=/app/target/cpython-strict/host-tools/cargo/registry/src/index.crates.io-1949cf8c6b5b557f/futf-0.1.5/Cargo.toml CARGO_PKG_AUTHORS='Keegan McAllister <kmcallister@mozilla.com>' CARGO_PKG_DESCRIPTION='Handling fragments of UTF-8' CARGO_PKG_HOMEPAGE='' CARGO_PKG_LICENSE='MIT / Apache-2.0' CARGO_PKG_LICENSE_FILE='' CARGO_PKG_NAME=futf CARGO_PKG_README=README.md CARGO_PKG_REPOSITORY='https://github.com/servo/futf' CARGO_PKG_RUST_VERSION='' CARGO_PKG_VERSION=0.1.5 CARGO_PKG_VERSION_MAJOR=0 CARGO_PKG_VERSION_MINOR=1 CARGO_PKG_VERSION_PATCH=5 CARGO_PKG_VERSION_PRE='' LD_LIBRARY_PATH='/app/target/cpython-strict/build/primp-0.15.0/target/release/deps:/app/target/cpython-strict/host-tools/rustup/toolchains/nightly-2025-01-18-x86_64-unknown-linux-gnu/lib:/opt/kendryte-toolchain/bin/:' /app/target/cpython-strict/host-tools/rustup/toolchains/nightly-2025-01-18-x86_64-unknown-linux-gnu/bin/rustc --crate-name futf --edition=2015 /app/target/cpython-strict/host-tools/cargo/registry/src/index.crates.io-1949cf8c6b5b557f/futf-0.1.5/src/lib.rs --error-format=json --json=diagnostic-rendered-ansi,artifacts,future-incompat --crate-type lib --emit=dep-info,metadata,link -C opt-level=3 -C panic=abort -C linker-plugin-lto -C codegen-units=1 --check-cfg 'cfg(docsrs,test)' --check-cfg 'cfg(feature, values())' -C metadata=465e4c90394ba8cd -C extra-filename=-235baf83ad4776c2 --out-dir /app/target/cpython-strict/build/primp-0.15.0/target/loongarch64-unknown-linux-musl/release/deps --target loongarch64-unknown-linux-musl -C linker=/app/target/cpython-strict/cross/loongarch64-linux-musl-gcc -C strip=symbols -L dependency=/app/target/cpython-strict/build/primp-0.15.0/target/loongarch64-unknown-linux-musl/release/deps -L dependency=/app/target/cpython-strict/build/primp-0.15.0/target/release/deps --extern mac=/app/target/cpython-strict/build/primp-0.15.0/target/loongarch64-unknown-linux-musl/release/deps/libmac-cd56cee1c9f451f6.rmeta --extern debug_unreachable=/app/target/cpython-strict/build/primp-0.15.0/target/loongarch64-unknown-linux-musl/release/deps/libdebug_unreachable-f701305602fc5440.rmeta --cap-lints warn -C target-feature=-ual -C target-feature=-crt-static`
warning: `...` range patterns are deprecated
   --> /app/target/cpython-strict/host-tools/cargo/registry/src/index.crates.io-1949cf8c6b5b557f/futf-0.1.5/src/lib.rs:123:24
    |
123 |                 0x0000 ... 0x07FF => return None,  // Overlong
    |                        ^^^ help: use `..=` for an inclusive range
    |
    = warning: this is accepted in the current edition (Rust 2015) but is a hard error in Rust 2021!
    = note: for more information, see <https://doc.rust-lang.org/nightly/edition-guide/rust-2021/warnings-promoted-to-error.html>
    = note: `#[warn(ellipsis_inclusive_range_patterns)]` on by default

warning: `...` range patterns are deprecated
   --> /app/target/cpython-strict/host-tools/cargo/registry/src/index.crates.io-1949cf8c6b5b557f/futf-0.1.5/src/lib.rs:124:24
    |
124 |                 0xD800 ... 0xDBFF => return Some(Meaning::LeadSurrogate(n as u16 - 0xD800)),
    |                        ^^^ help: use `..=` for an inclusive range
    |
    = warning: this is accepted in the current edition (Rust 2015) but is a hard error in Rust 2021!
    = note: for more information, see <https://doc.rust-lang.org/nightly/edition-guide/rust-2021/warnings-promoted-to-error.html>

warning: `...` range patterns are deprecated
   --> /app/target/cpython-strict/host-tools/cargo/registry/src/index.crates.io-1949cf8c6b5b557f/futf-0.1.5/src/lib.rs:125:24
    |
125 |                 0xDC00 ... 0xDFFF => return Some(Meaning::TrailSurrogate(n as u16 - 0xDC00)),
    |                        ^^^ help: use `..=` for an inclusive range
    |
    = warning: this is accepted in the current edition (Rust 2015) but is a hard error in Rust 2021!
    = note: for more information, see <https://doc.rust-lang.org/nightly/edition-guide/rust-2021/warnings-promoted-to-error.html>

warning: `icu_locid` (lib) generated 1 warning (1 duplicate)
   Compiling icu_locid_transform v1.5.0
     Running `CARGO=/app/target/cpython-strict/host-tools/rustup/toolchains/nightly-2025-01-18-x86_64-unknown-linux-gnu/bin/cargo CARGO_CRATE_NAME=icu_locid_transform CARGO_MANIFEST_DIR=/app/target/cpython-strict/host-tools/cargo/registry/src/index.crates.io-1949cf8c6b5b557f/icu_locid_transform-1.5.0 CARGO_MANIFEST_PATH=/app/target/cpython-strict/host-tools/cargo/registry/src/index.crates.io-1949cf8c6b5b557f/icu_locid_transform-1.5.0/Cargo.toml CARGO_PKG_AUTHORS='The ICU4X Project Developers' CARGO_PKG_DESCRIPTION='API for Unicode Language and Locale Identifiers canonicalization' CARGO_PKG_HOMEPAGE='https://icu4x.unicode.org' CARGO_PKG_LICENSE=Unicode-3.0 CARGO_PKG_LICENSE_FILE='' CARGO_PKG_NAME=icu_locid_transform CARGO_PKG_README=README.md CARGO_PKG_REPOSITORY='https://github.com/unicode-org/icu4x' CARGO_PKG_RUST_VERSION=1.67 CARGO_PKG_VERSION=1.5.0 CARGO_PKG_VERSION_MAJOR=1 CARGO_PKG_VERSION_MINOR=5 CARGO_PKG_VERSION_PATCH=0 CARGO_PKG_VERSION_PRE='' LD_LIBRARY_PATH='/app/target/cpython-strict/build/primp-0.15.0/target/release/deps:/app/target/cpython-strict/host-tools/rustup/toolchains/nightly-2025-01-18-x86_64-unknown-linux-gnu/lib:/opt/kendryte-toolchain/bin/:' /app/target/cpython-strict/host-tools/rustup/toolchains/nightly-2025-01-18-x86_64-unknown-linux-gnu/bin/rustc --crate-name icu_locid_transform --edition=2021 /app/target/cpython-strict/host-tools/cargo/registry/src/index.crates.io-1949cf8c6b5b557f/icu_locid_transform-1.5.0/src/lib.rs --error-format=json --json=diagnostic-rendered-ansi,artifacts,future-incompat --crate-type lib --emit=dep-info,metadata,link -C opt-level=3 -C panic=abort -C linker-plugin-lto -C codegen-units=1 --cfg 'feature="compiled_data"' --check-cfg 'cfg(docsrs,test)' --check-cfg 'cfg(feature, values("bench", "compiled_data", "datagen", "default", "serde", "std"))' -C metadata=0e13f3fdfb5f60a9 -C extra-filename=-419e8e849fcfa7f0 --out-dir /app/target/cpython-strict/build/primp-0.15.0/target/loongarch64-unknown-linux-musl/release/deps --target loongarch64-unknown-linux-musl -C linker=/app/target/cpython-strict/cross/loongarch64-linux-musl-gcc -C strip=symbols -L dependency=/app/target/cpython-strict/build/primp-0.15.0/target/loongarch64-unknown-linux-musl/release/deps -L dependency=/app/target/cpython-strict/build/primp-0.15.0/target/release/deps --extern displaydoc=/app/target/cpython-strict/build/primp-0.15.0/target/release/deps/libdisplaydoc-79a507322597fbb7.so --extern icu_locid=/app/target/cpython-strict/build/primp-0.15.0/target/loongarch64-unknown-linux-musl/release/deps/libicu_locid-2c83bccc3529aebb.rmeta --extern icu_locid_transform_data=/app/target/cpython-strict/build/primp-0.15.0/target/loongarch64-unknown-linux-musl/release/deps/libicu_locid_transform_data-e75db0dec2803d5b.rmeta --extern icu_provider=/app/target/cpython-strict/build/primp-0.15.0/target/loongarch64-unknown-linux-musl/release/deps/libicu_provider-7eb6664f6c11cc24.rmeta --extern tinystr=/app/target/cpython-strict/build/primp-0.15.0/target/loongarch64-unknown-linux-musl/release/deps/libtinystr-4bd486d607ea2626.rmeta --extern zerovec=/app/target/cpython-strict/build/primp-0.15.0/target/loongarch64-unknown-linux-musl/release/deps/libzerovec-242002c21e466685.rmeta --cap-lints warn -C target-feature=-ual -C target-feature=-crt-static`
warning: `deranged` (lib) generated 1 warning (1 duplicate)
     Running `CARGO=/app/target/cpython-strict/host-tools/rustup/toolchains/nightly-2025-01-18-x86_64-unknown-linux-gnu/bin/cargo CARGO_CFG_FEATURE=default,std CARGO_CFG_FMT_DEBUG=full CARGO_CFG_OVERFLOW_CHECKS='' CARGO_CFG_PANIC=unwind CARGO_CFG_RELOCATION_MODEL=pic CARGO_CFG_TARGET_ABI='' CARGO_CFG_TARGET_ARCH=loongarch64 CARGO_CFG_TARGET_ENDIAN=little CARGO_CFG_TARGET_ENV=musl CARGO_CFG_TARGET_FAMILY=unix CARGO_CFG_TARGET_FEATURE=d,f,lsx CARGO_CFG_TARGET_HAS_ATOMIC=16,32,64,8,ptr CARGO_CFG_TARGET_HAS_ATOMIC_EQUAL_ALIGNMENT=16,32,64,8,ptr CARGO_CFG_TARGET_HAS_ATOMIC_LOAD_STORE=16,32,64,8,ptr CARGO_CFG_TARGET_OS=linux CARGO_CFG_TARGET_POINTER_WIDTH=64 CARGO_CFG_TARGET_THREAD_LOCAL='' CARGO_CFG_TARGET_VENDOR=unknown CARGO_CFG_UB_CHECKS='' CARGO_CFG_UNIX='' CARGO_ENCODED_RUSTFLAGS='-Ctarget-feature=-ual-Ctarget-feature=-crt-static' CARGO_FEATURE_DEFAULT=1 CARGO_FEATURE_STD=1 CARGO_MANIFEST_DIR=/app/target/cpython-strict/host-tools/cargo/registry/src/index.crates.io-1949cf8c6b5b557f/slab-0.4.9 CARGO_MANIFEST_PATH=/app/target/cpython-strict/host-tools/cargo/registry/src/index.crates.io-1949cf8c6b5b557f/slab-0.4.9/Cargo.toml CARGO_PKG_AUTHORS='Carl Lerche <me@carllerche.com>' CARGO_PKG_DESCRIPTION='Pre-allocated storage for a uniform data type' CARGO_PKG_HOMEPAGE='' CARGO_PKG_LICENSE=MIT CARGO_PKG_LICENSE_FILE='' CARGO_PKG_NAME=slab CARGO_PKG_README=README.md CARGO_PKG_REPOSITORY='https://github.com/tokio-rs/slab' CARGO_PKG_RUST_VERSION=1.31 CARGO_PKG_VERSION=0.4.9 CARGO_PKG_VERSION_MAJOR=0 CARGO_PKG_VERSION_MINOR=4 CARGO_PKG_VERSION_PATCH=9 CARGO_PKG_VERSION_PRE='' DEBUG=false HOST=x86_64-unknown-linux-gnu LD_LIBRARY_PATH='/app/target/cpython-strict/build/primp-0.15.0/target/release/deps:/app/target/cpython-strict/build/primp-0.15.0/target/release:/app/target/cpython-strict/host-tools/rustup/toolchains/nightly-2025-01-18-x86_64-unknown-linux-gnu/lib/rustlib/x86_64-unknown-linux-gnu/lib:/app/target/cpython-strict/host-tools/rustup/toolchains/nightly-2025-01-18-x86_64-unknown-linux-gnu/lib:/opt/kendryte-toolchain/bin/:' NUM_JOBS=10 OPT_LEVEL=3 OUT_DIR=/app/target/cpython-strict/build/primp-0.15.0/target/loongarch64-unknown-linux-musl/release/build/slab-09d97573e3e26dd1/out PROFILE=release RUSTC=/app/target/cpython-strict/host-tools/rustup/toolchains/nightly-2025-01-18-x86_64-unknown-linux-gnu/bin/rustc RUSTC_LINKER=/app/target/cpython-strict/cross/loongarch64-linux-musl-gcc RUSTDOC=/app/target/cpython-strict/host-tools/rustup/toolchains/nightly-2025-01-18-x86_64-unknown-linux-gnu/bin/rustdoc TARGET=loongarch64-unknown-linux-musl /app/target/cpython-strict/build/primp-0.15.0/target/release/build/slab-4ed2866b98b6d698/build-script-build`
warning: `futf` (lib) generated 4 warnings (1 duplicate)
     Running `CARGO=/app/target/cpython-strict/host-tools/rustup/toolchains/nightly-2025-01-18-x86_64-unknown-linux-gnu/bin/cargo CARGO_CFG_FEATURE=default CARGO_CFG_FMT_DEBUG=full CARGO_CFG_OVERFLOW_CHECKS='' CARGO_CFG_PANIC=unwind CARGO_CFG_RELOCATION_MODEL=pic CARGO_CFG_TARGET_ABI='' CARGO_CFG_TARGET_ARCH=loongarch64 CARGO_CFG_TARGET_ENDIAN=little CARGO_CFG_TARGET_ENV=musl CARGO_CFG_TARGET_FAMILY=unix CARGO_CFG_TARGET_FEATURE=d,f,lsx CARGO_CFG_TARGET_HAS_ATOMIC=16,32,64,8,ptr CARGO_CFG_TARGET_HAS_ATOMIC_EQUAL_ALIGNMENT=16,32,64,8,ptr CARGO_CFG_TARGET_HAS_ATOMIC_LOAD_STORE=16,32,64,8,ptr CARGO_CFG_TARGET_OS=linux CARGO_CFG_TARGET_POINTER_WIDTH=64 CARGO_CFG_TARGET_THREAD_LOCAL='' CARGO_CFG_TARGET_VENDOR=unknown CARGO_CFG_UB_CHECKS='' CARGO_CFG_UNIX='' CARGO_ENCODED_RUSTFLAGS='-Ctarget-feature=-ual-Ctarget-feature=-crt-static' CARGO_FEATURE_DEFAULT=1 CARGO_MANIFEST_DIR=/app/target/cpython-strict/host-tools/cargo/registry/src/index.crates.io-1949cf8c6b5b557f/memoffset-0.9.1 CARGO_MANIFEST_PATH=/app/target/cpython-strict/host-tools/cargo/registry/src/index.crates.io-1949cf8c6b5b557f/memoffset-0.9.1/Cargo.toml CARGO_PKG_AUTHORS='Gilad Naaman <gilad.naaman@gmail.com>' CARGO_PKG_DESCRIPTION='offset_of functionality for Rust structs.' CARGO_PKG_HOMEPAGE='' CARGO_PKG_LICENSE=MIT CARGO_PKG_LICENSE_FILE='' CARGO_PKG_NAME=memoffset CARGO_PKG_README=README.md CARGO_PKG_REPOSITORY='https://github.com/Gilnaa/memoffset' CARGO_PKG_RUST_VERSION='' CARGO_PKG_VERSION=0.9.1 CARGO_PKG_VERSION_MAJOR=0 CARGO_PKG_VERSION_MINOR=9 CARGO_PKG_VERSION_PATCH=1 CARGO_PKG_VERSION_PRE='' DEBUG=false HOST=x86_64-unknown-linux-gnu LD_LIBRARY_PATH='/app/target/cpython-strict/build/primp-0.15.0/target/release/deps:/app/target/cpython-strict/build/primp-0.15.0/target/release:/app/target/cpython-strict/host-tools/rustup/toolchains/nightly-2025-01-18-x86_64-unknown-linux-gnu/lib/rustlib/x86_64-unknown-linux-gnu/lib:/app/target/cpython-strict/host-tools/rustup/toolchains/nightly-2025-01-18-x86_64-unknown-linux-gnu/lib:/opt/kendryte-toolchain/bin/:' NUM_JOBS=10 OPT_LEVEL=3 OUT_DIR=/app/target/cpython-strict/build/primp-0.15.0/target/loongarch64-unknown-linux-musl/release/build/memoffset-03e41919ab698f99/out PROFILE=release RUSTC=/app/target/cpython-strict/host-tools/rustup/toolchains/nightly-2025-01-18-x86_64-unknown-linux-gnu/bin/rustc RUSTC_LINKER=/app/target/cpython-strict/cross/loongarch64-linux-musl-gcc RUSTDOC=/app/target/cpython-strict/host-tools/rustup/toolchains/nightly-2025-01-18-x86_64-unknown-linux-gnu/bin/rustdoc TARGET=loongarch64-unknown-linux-musl /app/target/cpython-strict/build/primp-0.15.0/target/release/build/memoffset-3802a17d7af2b621/build-script-build`
warning: unexpected `cfg` condition name: `skip`
   --> /app/target/cpython-strict/host-tools/cargo/registry/src/index.crates.io-1949cf8c6b5b557f/icu_locid_transform-1.5.0/src/expander.rs:292:15
    |
292 |         #[cfg(skip)]
    |               ^^^^
    |
    = help: expected names are: `clippy`, `debug_assertions`, `doc`, `docsrs`, `doctest`, `feature`, `fmt_debug`, `miri`, `overflow_checks`, `panic`, `proc_macro`, `relocation_model`, `rustfmt`, `sanitize`, `sanitizer_cfi_generalize_pointers`, `sanitizer_cfi_normalize_integers`, `target_abi`, `target_arch`, `target_endian`, `target_env`, `target_family`, `target_feature`, `target_has_atomic`, `target_has_atomic_equal_alignment`, `target_has_atomic_load_store`, `target_os`, `target_pointer_width`, `target_thread_local`, `target_vendor`, `test`, `ub_checks`, `unix`, and `windows`
    = help: consider using a Cargo feature instead
    = help: or consider adding in `Cargo.toml` the `check-cfg` lint config for the lint:
             [lints.rust]
             unexpected_cfgs = { level = "warn", check-cfg = ['cfg(skip)'] }
    = help: or consider adding `println!("cargo::rustc-check-cfg=cfg(skip)");` to the top of the `build.rs`
    = note: see <https://doc.rust-lang.org/nightly/rustc/check-cfg/cargo-specifics.html> for more information about checking conditional configuration
    = note: `#[warn(unexpected_cfgs)]` on by default

warning: unexpected `cfg` condition name: `skip`
   --> /app/target/cpython-strict/host-tools/cargo/registry/src/index.crates.io-1949cf8c6b5b557f/icu_locid_transform-1.5.0/src/fallback/mod.rs:129:15
    |
129 |         #[cfg(skip)]
    |               ^^^^
    |
    = help: consider using a Cargo feature instead
    = help: or consider adding in `Cargo.toml` the `check-cfg` lint config for the lint:
             [lints.rust]
             unexpected_cfgs = { level = "warn", check-cfg = ['cfg(skip)'] }
    = help: or consider adding `println!("cargo::rustc-check-cfg=cfg(skip)");` to the top of the `build.rs`
    = note: see <https://doc.rust-lang.org/nightly/rustc/check-cfg/cargo-specifics.html> for more information about checking conditional configuration

[slab 0.4.9] warning: unstable feature specified for `-Ctarget-feature`: `ual`
[slab 0.4.9]   |
[slab 0.4.9]   = note: this feature is not stably supported; its behavior can change in the future
[slab 0.4.9] 
warning: `icu_provider` (lib) generated 2 warnings (1 duplicate)
   Compiling markup5ever v0.16.0
     Running `CARGO=/app/target/cpython-strict/host-tools/rustup/toolchains/nightly-2025-01-18-x86_64-unknown-linux-gnu/bin/cargo CARGO_CRATE_NAME=build_script_build CARGO_MANIFEST_DIR=/app/target/cpython-strict/host-tools/cargo/registry/src/index.crates.io-1949cf8c6b5b557f/markup5ever-0.16.0 CARGO_MANIFEST_PATH=/app/target/cpython-strict/host-tools/cargo/registry/src/index.crates.io-1949cf8c6b5b557f/markup5ever-0.16.0/Cargo.toml CARGO_PKG_AUTHORS='The html5ever Project Developers' CARGO_PKG_DESCRIPTION='Common code for xml5ever and html5ever' CARGO_PKG_HOMEPAGE='' CARGO_PKG_LICENSE='MIT OR Apache-2.0' CARGO_PKG_LICENSE_FILE='' CARGO_PKG_NAME=markup5ever CARGO_PKG_README='' CARGO_PKG_REPOSITORY='https://github.com/servo/html5ever' CARGO_PKG_RUST_VERSION=1.70.0 CARGO_PKG_VERSION=0.16.0 CARGO_PKG_VERSION_MAJOR=0 CARGO_PKG_VERSION_MINOR=16 CARGO_PKG_VERSION_PATCH=0 CARGO_PKG_VERSION_PRE='' LD_LIBRARY_PATH='/app/target/cpython-strict/build/primp-0.15.0/target/release/deps:/app/target/cpython-strict/host-tools/rustup/toolchains/nightly-2025-01-18-x86_64-unknown-linux-gnu/lib:/opt/kendryte-toolchain/bin/:' /app/target/cpython-strict/host-tools/rustup/toolchains/nightly-2025-01-18-x86_64-unknown-linux-gnu/bin/rustc --crate-name build_script_build --edition=2021 /app/target/cpython-strict/host-tools/cargo/registry/src/index.crates.io-1949cf8c6b5b557f/markup5ever-0.16.0/build.rs --error-format=json --json=diagnostic-rendered-ansi,artifacts,future-incompat --crate-type bin --emit=dep-info,link -C embed-bitcode=no -C debug-assertions=off --check-cfg 'cfg(docsrs,test)' --check-cfg 'cfg(feature, values())' -C metadata=53fe5577e1fc4ded -C extra-filename=-a368f4f0296cbc0b --out-dir /app/target/cpython-strict/build/primp-0.15.0/target/release/build/markup5ever-a368f4f0296cbc0b -C strip=symbols -L dependency=/app/target/cpython-strict/build/primp-0.15.0/target/release/deps --extern phf_codegen=/app/target/cpython-strict/build/primp-0.15.0/target/release/deps/libphf_codegen-51e567f231b22904.rlib --extern string_cache_codegen=/app/target/cpython-strict/build/primp-0.15.0/target/release/deps/libstring_cache_codegen-d98075e58404c9bb.rlib --cap-lints warn`
[slab 0.4.9] warning: 1 warning emitted
[slab 0.4.9] 
   Compiling form_urlencoded v1.2.1
     Running `CARGO=/app/target/cpython-strict/host-tools/rustup/toolchains/nightly-2025-01-18-x86_64-unknown-linux-gnu/bin/cargo CARGO_CRATE_NAME=form_urlencoded CARGO_MANIFEST_DIR=/app/target/cpython-strict/host-tools/cargo/registry/src/index.crates.io-1949cf8c6b5b557f/form_urlencoded-1.2.1 CARGO_MANIFEST_PATH=/app/target/cpython-strict/host-tools/cargo/registry/src/index.crates.io-1949cf8c6b5b557f/form_urlencoded-1.2.1/Cargo.toml CARGO_PKG_AUTHORS='The rust-url developers' CARGO_PKG_DESCRIPTION='Parser and serializer for the application/x-www-form-urlencoded syntax, as used by HTML forms.' CARGO_PKG_HOMEPAGE='' CARGO_PKG_LICENSE='MIT OR Apache-2.0' CARGO_PKG_LICENSE_FILE='' CARGO_PKG_NAME=form_urlencoded CARGO_PKG_README='' CARGO_PKG_REPOSITORY='https://github.com/servo/rust-url' CARGO_PKG_RUST_VERSION=1.51 CARGO_PKG_VERSION=1.2.1 CARGO_PKG_VERSION_MAJOR=1 CARGO_PKG_VERSION_MINOR=2 CARGO_PKG_VERSION_PATCH=1 CARGO_PKG_VERSION_PRE='' LD_LIBRARY_PATH='/app/target/cpython-strict/build/primp-0.15.0/target/release/deps:/app/target/cpython-strict/host-tools/rustup/toolchains/nightly-2025-01-18-x86_64-unknown-linux-gnu/lib:/opt/kendryte-toolchain/bin/:' /app/target/cpython-strict/host-tools/rustup/toolchains/nightly-2025-01-18-x86_64-unknown-linux-gnu/bin/rustc --crate-name form_urlencoded --edition=2018 /app/target/cpython-strict/host-tools/cargo/registry/src/index.crates.io-1949cf8c6b5b557f/form_urlencoded-1.2.1/src/lib.rs --error-format=json --json=diagnostic-rendered-ansi,artifacts,future-incompat --crate-type lib --emit=dep-info,metadata,link -C opt-level=3 -C panic=abort -C linker-plugin-lto -C codegen-units=1 --cfg 'feature="alloc"' --cfg 'feature="default"' --cfg 'feature="std"' --check-cfg 'cfg(docsrs,test)' --check-cfg 'cfg(feature, values("alloc", "default", "std"))' -C metadata=407ee7b66ea7b4e4 -C extra-filename=-da9a544d290d9383 --out-dir /app/target/cpython-strict/build/primp-0.15.0/target/loongarch64-unknown-linux-musl/release/deps --target loongarch64-unknown-linux-musl -C linker=/app/target/cpython-strict/cross/loongarch64-linux-musl-gcc -C strip=symbols -L dependency=/app/target/cpython-strict/build/primp-0.15.0/target/loongarch64-unknown-linux-musl/release/deps -L dependency=/app/target/cpython-strict/build/primp-0.15.0/target/release/deps --extern percent_encoding=/app/target/cpython-strict/build/primp-0.15.0/target/loongarch64-unknown-linux-musl/release/deps/libpercent_encoding-8eb9336de638337c.rmeta --cap-lints warn -C target-feature=-ual -C target-feature=-crt-static`
[memoffset 0.9.1] warning: unstable feature specified for `-Ctarget-feature`: `ual`
[memoffset 0.9.1]   |
[memoffset 0.9.1]   = note: this feature is not stably supported; its behavior can change in the future
[memoffset 0.9.1] 
[memoffset 0.9.1] warning: 1 warning emitted
[memoffset 0.9.1] 
   Compiling foreign-types-macros v0.2.3
     Running `CARGO=/app/target/cpython-strict/host-tools/rustup/toolchains/nightly-2025-01-18-x86_64-unknown-linux-gnu/bin/cargo CARGO_CRATE_NAME=foreign_types_macros CARGO_MANIFEST_DIR=/app/target/cpython-strict/host-tools/cargo/registry/src/index.crates.io-1949cf8c6b5b557f/foreign-types-macros-0.2.3 CARGO_MANIFEST_PATH=/app/target/cpython-strict/host-tools/cargo/registry/src/index.crates.io-1949cf8c6b5b557f/foreign-types-macros-0.2.3/Cargo.toml CARGO_PKG_AUTHORS='Steven Fackler <sfackler@gmail.com>' CARGO_PKG_DESCRIPTION='An internal crate used by foreign-types' CARGO_PKG_HOMEPAGE='' CARGO_PKG_LICENSE=MIT/Apache-2.0 CARGO_PKG_LICENSE_FILE='' CARGO_PKG_NAME=foreign-types-macros CARGO_PKG_README='' CARGO_PKG_REPOSITORY='https://github.com/sfackler/foreign-types' CARGO_PKG_RUST_VERSION='' CARGO_PKG_VERSION=0.2.3 CARGO_PKG_VERSION_MAJOR=0 CARGO_PKG_VERSION_MINOR=2 CARGO_PKG_VERSION_PATCH=3 CARGO_PKG_VERSION_PRE='' LD_LIBRARY_PATH='/app/target/cpython-strict/build/primp-0.15.0/target/release/deps:/app/target/cpython-strict/host-tools/rustup/toolchains/nightly-2025-01-18-x86_64-unknown-linux-gnu/lib:/opt/kendryte-toolchain/bin/:' /app/target/cpython-strict/host-tools/rustup/toolchains/nightly-2025-01-18-x86_64-unknown-linux-gnu/bin/rustc --crate-name foreign_types_macros --edition=2018 /app/target/cpython-strict/host-tools/cargo/registry/src/index.crates.io-1949cf8c6b5b557f/foreign-types-macros-0.2.3/src/lib.rs --error-format=json --json=diagnostic-rendered-ansi,artifacts,future-incompat --crate-type proc-macro --emit=dep-info,link -C prefer-dynamic -C embed-bitcode=no -C debug-assertions=off --cfg 'feature="std"' --check-cfg 'cfg(docsrs,test)' --check-cfg 'cfg(feature, values("std"))' -C metadata=a25d13f42b69fdc2 -C extra-filename=-f8bfb9483671064a --out-dir /app/target/cpython-strict/build/primp-0.15.0/target/release/deps -C strip=symbols -L dependency=/app/target/cpython-strict/build/primp-0.15.0/target/release/deps --extern proc_macro2=/app/target/cpython-strict/build/primp-0.15.0/target/release/deps/libproc_macro2-9db364b059323b41.rlib --extern quote=/app/target/cpython-strict/build/primp-0.15.0/target/release/deps/libquote-430fd29c5f10253f.rlib --extern syn=/app/target/cpython-strict/build/primp-0.15.0/target/release/deps/libsyn-4f64c6980b94321d.rlib --extern proc_macro --cap-lints warn`
warning: `futures-util` (lib) generated 1 warning (1 duplicate)
   Compiling pyo3 v0.24.1
     Running `CARGO=/app/target/cpython-strict/host-tools/rustup/toolchains/nightly-2025-01-18-x86_64-unknown-linux-gnu/bin/cargo CARGO_CRATE_NAME=build_script_build CARGO_MANIFEST_DIR=/app/target/cpython-strict/host-tools/cargo/registry/src/index.crates.io-1949cf8c6b5b557f/pyo3-0.24.1 CARGO_MANIFEST_PATH=/app/target/cpython-strict/host-tools/cargo/registry/src/index.crates.io-1949cf8c6b5b557f/pyo3-0.24.1/Cargo.toml CARGO_PKG_AUTHORS='PyO3 Project and Contributors <https://github.com/PyO3>' CARGO_PKG_DESCRIPTION='Bindings to Python interpreter' CARGO_PKG_HOMEPAGE='https://github.com/pyo3/pyo3' CARGO_PKG_LICENSE='MIT OR Apache-2.0' CARGO_PKG_LICENSE_FILE='' CARGO_PKG_NAME=pyo3 CARGO_PKG_README=README.md CARGO_PKG_REPOSITORY='https://github.com/pyo3/pyo3' CARGO_PKG_RUST_VERSION=1.63 CARGO_PKG_VERSION=0.24.1 CARGO_PKG_VERSION_MAJOR=0 CARGO_PKG_VERSION_MINOR=24 CARGO_PKG_VERSION_PATCH=1 CARGO_PKG_VERSION_PRE='' LD_LIBRARY_PATH='/app/target/cpython-strict/build/primp-0.15.0/target/release/deps:/app/target/cpython-strict/host-tools/rustup/toolchains/nightly-2025-01-18-x86_64-unknown-linux-gnu/lib:/opt/kendryte-toolchain/bin/:' /app/target/cpython-strict/host-tools/rustup/toolchains/nightly-2025-01-18-x86_64-unknown-linux-gnu/bin/rustc --crate-name build_script_build --edition=2021 /app/target/cpython-strict/host-tools/cargo/registry/src/index.crates.io-1949cf8c6b5b557f/pyo3-0.24.1/build.rs --error-format=json --json=diagnostic-rendered-ansi,artifacts,future-incompat --crate-type bin --emit=dep-info,link -C embed-bitcode=no --warn=rust_2018_idioms '--warn=clippy::useless_transmute' '--warn=clippy::used_underscore_binding' --warn=unused_lifetimes --warn=unsafe_op_in_unsafe_fn '--warn=clippy::unnecessary_wraps' '--warn=clippy::todo' --warn=rust_2021_prelude_collisions '--warn=clippy::manual_ok_or' '--warn=clippy::manual_assert' '--warn=clippy::let_unit_value' --warn=invalid_doc_attributes '--warn=clippy::flat_map_option' '--warn=clippy::filter_map_next' '--warn=clippy::explicit_iter_loop' '--warn=clippy::explicit_into_iter_loop' --warn=elided_lifetimes_in_paths '--warn=clippy::dbg_macro' '--warn=clippy::checked_conversions' '--warn=rustdoc::broken_intra_doc_links' '--warn=rustdoc::bare_urls' -C debug-assertions=off --cfg 'feature="abi3"' --cfg 'feature="abi3-py310"' --cfg 'feature="abi3-py311"' --cfg 'feature="abi3-py312"' --cfg 'feature="abi3-py313"' --cfg 'feature="abi3-py38"' --cfg 'feature="abi3-py39"' --cfg 'feature="anyhow"' --cfg 'feature="default"' --cfg 'feature="extension-module"' --cfg 'feature="indexmap"' --cfg 'feature="indoc"' --cfg 'feature="inventory"' --cfg 'feature="macros"' --cfg 'feature="multiple-pymethods"' --cfg 'feature="pyo3-macros"' --cfg 'feature="unindent"' --check-cfg 'cfg(docsrs,test)' --check-cfg 'cfg(feature, values("abi3", "abi3-py310", "abi3-py311", "abi3-py312", "abi3-py313", "abi3-py37", "abi3-py38", "abi3-py39", "anyhow", "auto-initialize", "chrono", "chrono-tz", "default", "either", "experimental-async", "experimental-inspect", "extension-module", "eyre", "full", "generate-import-lib", "hashbrown", "indexmap", "indoc", "inventory", "jiff-02", "macros", "multiple-pymethods", "nightly", "num-bigint", "num-complex", "num-rational", "py-clone", "pyo3-macros", "rust_decimal", "serde", "smallvec", "unindent", "uuid"))' -C metadata=e9236e05bf641cb3 -C extra-filename=-8247f747a05fdbfe --out-dir /app/target/cpython-strict/build/primp-0.15.0/target/release/build/pyo3-8247f747a05fdbfe -C strip=symbols -L dependency=/app/target/cpython-strict/build/primp-0.15.0/target/release/deps --extern pyo3_build_config=/app/target/cpython-strict/build/primp-0.15.0/target/release/deps/libpyo3_build_config-daf58e5897111b40.rlib --cap-lints warn`
warning: `tokio` (lib) generated 1 warning (1 duplicate)
   Compiling ryu v1.0.20
     Running `CARGO=/app/target/cpython-strict/host-tools/rustup/toolchains/nightly-2025-01-18-x86_64-unknown-linux-gnu/bin/cargo CARGO_CRATE_NAME=ryu CARGO_MANIFEST_DIR=/app/target/cpython-strict/host-tools/cargo/registry/src/index.crates.io-1949cf8c6b5b557f/ryu-1.0.20 CARGO_MANIFEST_PATH=/app/target/cpython-strict/host-tools/cargo/registry/src/index.crates.io-1949cf8c6b5b557f/ryu-1.0.20/Cargo.toml CARGO_PKG_AUTHORS='David Tolnay <dtolnay@gmail.com>' CARGO_PKG_DESCRIPTION='Fast floating point to string conversion' CARGO_PKG_HOMEPAGE='' CARGO_PKG_LICENSE='Apache-2.0 OR BSL-1.0' CARGO_PKG_LICENSE_FILE='' CARGO_PKG_NAME=ryu CARGO_PKG_README=README.md CARGO_PKG_REPOSITORY='https://github.com/dtolnay/ryu' CARGO_PKG_RUST_VERSION=1.36 CARGO_PKG_VERSION=1.0.20 CARGO_PKG_VERSION_MAJOR=1 CARGO_PKG_VERSION_MINOR=0 CARGO_PKG_VERSION_PATCH=20 CARGO_PKG_VERSION_PRE='' LD_LIBRARY_PATH='/app/target/cpython-strict/build/primp-0.15.0/target/release/deps:/app/target/cpython-strict/host-tools/rustup/toolchains/nightly-2025-01-18-x86_64-unknown-linux-gnu/lib:/opt/kendryte-toolchain/bin/:' /app/target/cpython-strict/host-tools/rustup/toolchains/nightly-2025-01-18-x86_64-unknown-linux-gnu/bin/rustc --crate-name ryu --edition=2018 /app/target/cpython-strict/host-tools/cargo/registry/src/index.crates.io-1949cf8c6b5b557f/ryu-1.0.20/src/lib.rs --error-format=json --json=diagnostic-rendered-ansi,artifacts,future-incompat --crate-type lib --emit=dep-info,metadata,link -C opt-level=3 -C panic=abort -C linker-plugin-lto -C codegen-units=1 --check-cfg 'cfg(docsrs,test)' --check-cfg 'cfg(feature, values("no-panic", "small"))' -C metadata=2a9db1c3f6f03ddb -C extra-filename=-6ec04600ff24461a --out-dir /app/target/cpython-strict/build/primp-0.15.0/target/loongarch64-unknown-linux-musl/release/deps --target loongarch64-unknown-linux-musl -C linker=/app/target/cpython-strict/cross/loongarch64-linux-musl-gcc -C strip=symbols -L dependency=/app/target/cpython-strict/build/primp-0.15.0/target/loongarch64-unknown-linux-musl/release/deps -L dependency=/app/target/cpython-strict/build/primp-0.15.0/target/release/deps --cap-lints warn -C target-feature=-ual -C target-feature=-crt-static`
warning: ambiguous wide pointer comparison, the comparison includes metadata which may not be expected
   --> /app/target/cpython-strict/host-tools/cargo/registry/src/index.crates.io-1949cf8c6b5b557f/form_urlencoded-1.2.1/src/lib.rs:414:35
    |
414 |                     debug_assert!(raw_utf8 == &*bytes as *const [u8]);
    |                                   ^^^^^^^^^^^^^^^^^^^^^^^^^^^^^^^^^^
    |
    = note: `#[warn(ambiguous_wide_pointer_comparisons)]` on by default
help: use `std::ptr::addr_eq` or untyped pointers to only compare their addresses
    |
414 |                     debug_assert!(std::ptr::addr_eq(raw_utf8, &*bytes as *const [u8]));
    |                                   ++++++++++++++++++        ~                       +
help: use explicit `std::ptr::eq` method to compare metadata and addresses
    |
414 |                     debug_assert!(std::ptr::eq(raw_utf8, &*bytes as *const [u8]));
    |                                   +++++++++++++        ~                       +

warning: `form_urlencoded` (lib) generated 2 warnings (1 duplicate)
   Compiling icu_properties v1.5.1
   Compiling unicase v2.8.1
     Running `CARGO=/app/target/cpython-strict/host-tools/rustup/toolchains/nightly-2025-01-18-x86_64-unknown-linux-gnu/bin/cargo CARGO_CRATE_NAME=icu_properties CARGO_MANIFEST_DIR=/app/target/cpython-strict/host-tools/cargo/registry/src/index.crates.io-1949cf8c6b5b557f/icu_properties-1.5.1 CARGO_MANIFEST_PATH=/app/target/cpython-strict/host-tools/cargo/registry/src/index.crates.io-1949cf8c6b5b557f/icu_properties-1.5.1/Cargo.toml CARGO_PKG_AUTHORS='The ICU4X Project Developers' CARGO_PKG_DESCRIPTION='Definitions for Unicode properties' CARGO_PKG_HOMEPAGE='https://icu4x.unicode.org' CARGO_PKG_LICENSE=Unicode-3.0 CARGO_PKG_LICENSE_FILE='' CARGO_PKG_NAME=icu_properties CARGO_PKG_README=README.md CARGO_PKG_REPOSITORY='https://github.com/unicode-org/icu4x' CARGO_PKG_RUST_VERSION=1.67 CARGO_PKG_VERSION=1.5.1 CARGO_PKG_VERSION_MAJOR=1 CARGO_PKG_VERSION_MINOR=5 CARGO_PKG_VERSION_PATCH=1 CARGO_PKG_VERSION_PRE='' LD_LIBRARY_PATH='/app/target/cpython-strict/build/primp-0.15.0/target/release/deps:/app/target/cpython-strict/host-tools/rustup/toolchains/nightly-2025-01-18-x86_64-unknown-linux-gnu/lib:/opt/kendryte-toolchain/bin/:' /app/target/cpython-strict/host-tools/rustup/toolchains/nightly-2025-01-18-x86_64-unknown-linux-gnu/bin/rustc --crate-name icu_properties --edition=2021 /app/target/cpython-strict/host-tools/cargo/registry/src/index.crates.io-1949cf8c6b5b557f/icu_properties-1.5.1/src/lib.rs --error-format=json --json=diagnostic-rendered-ansi,artifacts,future-incompat --crate-type lib --emit=dep-info,metadata,link -C opt-level=3 -C panic=abort -C linker-plugin-lto -C codegen-units=1 --cfg 'feature="compiled_data"' --cfg 'feature="default"' --check-cfg 'cfg(docsrs,test)' --check-cfg 'cfg(feature, values("bidi", "compiled_data", "datagen", "default", "serde", "std"))' -C metadata=5d4c3d73db078281 -C extra-filename=-4fbd353d7a2052be --out-dir /app/target/cpython-strict/build/primp-0.15.0/target/loongarch64-unknown-linux-musl/release/deps --target loongarch64-unknown-linux-musl -C linker=/app/target/cpython-strict/cross/loongarch64-linux-musl-gcc -C strip=symbols -L dependency=/app/target/cpython-strict/build/primp-0.15.0/target/loongarch64-unknown-linux-musl/release/deps -L dependency=/app/target/cpython-strict/build/primp-0.15.0/target/release/deps --extern displaydoc=/app/target/cpython-strict/build/primp-0.15.0/target/release/deps/libdisplaydoc-79a507322597fbb7.so --extern icu_collections=/app/target/cpython-strict/build/primp-0.15.0/target/loongarch64-unknown-linux-musl/release/deps/libicu_collections-e38625debaf27534.rmeta --extern icu_locid_transform=/app/target/cpython-strict/build/primp-0.15.0/target/loongarch64-unknown-linux-musl/release/deps/libicu_locid_transform-419e8e849fcfa7f0.rmeta --extern icu_properties_data=/app/target/cpython-strict/build/primp-0.15.0/target/loongarch64-unknown-linux-musl/release/deps/libicu_properties_data-8ad457cc3ac65f1d.rmeta --extern icu_provider=/app/target/cpython-strict/build/primp-0.15.0/target/loongarch64-unknown-linux-musl/release/deps/libicu_provider-7eb6664f6c11cc24.rmeta --extern tinystr=/app/target/cpython-strict/build/primp-0.15.0/target/loongarch64-unknown-linux-musl/release/deps/libtinystr-4bd486d607ea2626.rmeta --extern zerovec=/app/target/cpython-strict/build/primp-0.15.0/target/loongarch64-unknown-linux-musl/release/deps/libzerovec-242002c21e466685.rmeta --cap-lints warn -C target-feature=-ual -C target-feature=-crt-static`
     Running `CARGO=/app/target/cpython-strict/host-tools/rustup/toolchains/nightly-2025-01-18-x86_64-unknown-linux-gnu/bin/cargo CARGO_CRATE_NAME=unicase CARGO_MANIFEST_DIR=/app/target/cpython-strict/host-tools/cargo/registry/src/index.crates.io-1949cf8c6b5b557f/unicase-2.8.1 CARGO_MANIFEST_PATH=/app/target/cpython-strict/host-tools/cargo/registry/src/index.crates.io-1949cf8c6b5b557f/unicase-2.8.1/Cargo.toml CARGO_PKG_AUTHORS='Sean McArthur <sean@seanmonstar.com>' CARGO_PKG_DESCRIPTION='A case-insensitive wrapper around strings.' CARGO_PKG_HOMEPAGE='' CARGO_PKG_LICENSE='MIT OR Apache-2.0' CARGO_PKG_LICENSE_FILE='' CARGO_PKG_NAME=unicase CARGO_PKG_README=README.md CARGO_PKG_REPOSITORY='https://github.com/seanmonstar/unicase' CARGO_PKG_RUST_VERSION='' CARGO_PKG_VERSION=2.8.1 CARGO_PKG_VERSION_MAJOR=2 CARGO_PKG_VERSION_MINOR=8 CARGO_PKG_VERSION_PATCH=1 CARGO_PKG_VERSION_PRE='' LD_LIBRARY_PATH='/app/target/cpython-strict/build/primp-0.15.0/target/release/deps:/app/target/cpython-strict/host-tools/rustup/toolchains/nightly-2025-01-18-x86_64-unknown-linux-gnu/lib:/opt/kendryte-toolchain/bin/:' /app/target/cpython-strict/host-tools/rustup/toolchains/nightly-2025-01-18-x86_64-unknown-linux-gnu/bin/rustc --crate-name unicase --edition=2018 /app/target/cpython-strict/host-tools/cargo/registry/src/index.crates.io-1949cf8c6b5b557f/unicase-2.8.1/src/lib.rs --error-format=json --json=diagnostic-rendered-ansi,artifacts,future-incompat --crate-type lib --emit=dep-info,metadata,link -C embed-bitcode=no -C debug-assertions=off --check-cfg 'cfg(docsrs,test)' --check-cfg 'cfg(feature, values("nightly"))' -C metadata=c9860dffb1267643 -C extra-filename=-19538e091f9daa25 --out-dir /app/target/cpython-strict/build/primp-0.15.0/target/release/deps -C strip=symbols -L dependency=/app/target/cpython-strict/build/primp-0.15.0/target/release/deps --cap-lints warn`
     Running `CARGO=/app/target/cpython-strict/host-tools/rustup/toolchains/nightly-2025-01-18-x86_64-unknown-linux-gnu/bin/cargo CARGO_CRATE_NAME=num_conv CARGO_MANIFEST_DIR=/app/target/cpython-strict/host-tools/cargo/registry/src/index.crates.io-1949cf8c6b5b557f/num-conv-0.1.0 CARGO_MANIFEST_PATH=/app/target/cpython-strict/host-tools/cargo/registry/src/index.crates.io-1949cf8c6b5b557f/num-conv-0.1.0/Cargo.toml CARGO_PKG_AUTHORS='Jacob Pratt <jacob@jhpratt.dev>' CARGO_PKG_DESCRIPTION='`num_conv` is a crate to convert between integer types without using `as` casts. This provides
better certainty when refactoring, makes the exact behavior of code more explicit, and allows using
turbofish syntax.
' CARGO_PKG_HOMEPAGE='' CARGO_PKG_LICENSE='MIT OR Apache-2.0' CARGO_PKG_LICENSE_FILE='' CARGO_PKG_NAME=num-conv CARGO_PKG_README=README.md CARGO_PKG_REPOSITORY='https://github.com/jhpratt/num-conv' CARGO_PKG_RUST_VERSION=1.57.0 CARGO_PKG_VERSION=0.1.0 CARGO_PKG_VERSION_MAJOR=0 CARGO_PKG_VERSION_MINOR=1 CARGO_PKG_VERSION_PATCH=0 CARGO_PKG_VERSION_PRE='' LD_LIBRARY_PATH='/app/target/cpython-strict/build/primp-0.15.0/target/release/deps:/app/target/cpython-strict/host-tools/rustup/toolchains/nightly-2025-01-18-x86_64-unknown-linux-gnu/lib:/opt/kendryte-toolchain/bin/:' /app/target/cpython-strict/host-tools/rustup/toolchains/nightly-2025-01-18-x86_64-unknown-linux-gnu/bin/rustc --crate-name num_conv --edition=2021 /app/target/cpython-strict/host-tools/cargo/registry/src/index.crates.io-1949cf8c6b5b557f/num-conv-0.1.0/src/lib.rs --error-format=json --json=diagnostic-rendered-ansi,artifacts,future-incompat --crate-type lib --emit=dep-info,metadata,link -C opt-level=3 -C panic=abort -C linker-plugin-lto -C codegen-units=1 --warn=unused --warn=unreachable-pub '--deny=clippy::std-instead-of-core' --warn=missing-docs '--deny=clippy::alloc-instead-of-core' --check-cfg 'cfg(docsrs,test)' --check-cfg 'cfg(feature, values())' -C metadata=4f1c551a7bccac3e -C extra-filename=-cca41ade6361fc4a --out-dir /app/target/cpython-strict/build/primp-0.15.0/target/loongarch64-unknown-linux-musl/release/deps --target loongarch64-unknown-linux-musl -C linker=/app/target/cpython-strict/cross/loongarch64-linux-musl-gcc -C strip=symbols -L dependency=/app/target/cpython-strict/build/primp-0.15.0/target/loongarch64-unknown-linux-musl/release/deps -L dependency=/app/target/cpython-strict/build/primp-0.15.0/target/release/deps --cap-lints warn -C target-feature=-ual -C target-feature=-crt-static`
warning: `ryu` (lib) generated 1 warning (1 duplicate)
   Compiling precomputed-hash v0.1.1
     Running `CARGO=/app/target/cpython-strict/host-tools/rustup/toolchains/nightly-2025-01-18-x86_64-unknown-linux-gnu/bin/cargo CARGO_CRATE_NAME=precomputed_hash CARGO_MANIFEST_DIR=/app/target/cpython-strict/host-tools/cargo/registry/src/index.crates.io-1949cf8c6b5b557f/precomputed-hash-0.1.1 CARGO_MANIFEST_PATH=/app/target/cpython-strict/host-tools/cargo/registry/src/index.crates.io-1949cf8c6b5b557f/precomputed-hash-0.1.1/Cargo.toml CARGO_PKG_AUTHORS='Emilio Cobos Álvarez <emilio@crisal.io>' CARGO_PKG_DESCRIPTION='A library intending to be a base dependency to expose a precomputed hash' CARGO_PKG_HOMEPAGE='' CARGO_PKG_LICENSE=MIT CARGO_PKG_LICENSE_FILE='' CARGO_PKG_NAME=precomputed-hash CARGO_PKG_README='' CARGO_PKG_REPOSITORY='https://github.com/emilio/precomputed-hash' CARGO_PKG_RUST_VERSION='' CARGO_PKG_VERSION=0.1.1 CARGO_PKG_VERSION_MAJOR=0 CARGO_PKG_VERSION_MINOR=1 CARGO_PKG_VERSION_PATCH=1 CARGO_PKG_VERSION_PRE='' LD_LIBRARY_PATH='/app/target/cpython-strict/build/primp-0.15.0/target/release/deps:/app/target/cpython-strict/host-tools/rustup/toolchains/nightly-2025-01-18-x86_64-unknown-linux-gnu/lib:/opt/kendryte-toolchain/bin/:' /app/target/cpython-strict/host-tools/rustup/toolchains/nightly-2025-01-18-x86_64-unknown-linux-gnu/bin/rustc --crate-name precomputed_hash --edition=2015 /app/target/cpython-strict/host-tools/cargo/registry/src/index.crates.io-1949cf8c6b5b557f/precomputed-hash-0.1.1/src/lib.rs --error-format=json --json=diagnostic-rendered-ansi,artifacts,future-incompat --crate-type lib --emit=dep-info,metadata,link -C opt-level=3 -C panic=abort -C linker-plugin-lto -C codegen-units=1 --check-cfg 'cfg(docsrs,test)' --check-cfg 'cfg(feature, values())' -C metadata=2a38d92d2c2effba -C extra-filename=-04220b9bacc280a3 --out-dir /app/target/cpython-strict/build/primp-0.15.0/target/loongarch64-unknown-linux-musl/release/deps --target loongarch64-unknown-linux-musl -C linker=/app/target/cpython-strict/cross/loongarch64-linux-musl-gcc -C strip=symbols -L dependency=/app/target/cpython-strict/build/primp-0.15.0/target/loongarch64-unknown-linux-musl/release/deps -L dependency=/app/target/cpython-strict/build/primp-0.15.0/target/release/deps --cap-lints warn -C target-feature=-ual -C target-feature=-crt-static`
   Compiling foreign-types-shared v0.3.1
     Running `CARGO=/app/target/cpython-strict/host-tools/rustup/toolchains/nightly-2025-01-18-x86_64-unknown-linux-gnu/bin/cargo CARGO_CRATE_NAME=foreign_types_shared CARGO_MANIFEST_DIR=/app/target/cpython-strict/host-tools/cargo/registry/src/index.crates.io-1949cf8c6b5b557f/foreign-types-shared-0.3.1 CARGO_MANIFEST_PATH=/app/target/cpython-strict/host-tools/cargo/registry/src/index.crates.io-1949cf8c6b5b557f/foreign-types-shared-0.3.1/Cargo.toml CARGO_PKG_AUTHORS='Steven Fackler <sfackler@gmail.com>' CARGO_PKG_DESCRIPTION='An internal crate used by foreign-types' CARGO_PKG_HOMEPAGE='' CARGO_PKG_LICENSE=MIT/Apache-2.0 CARGO_PKG_LICENSE_FILE='' CARGO_PKG_NAME=foreign-types-shared CARGO_PKG_README='' CARGO_PKG_REPOSITORY='https://github.com/sfackler/foreign-types' CARGO_PKG_RUST_VERSION='' CARGO_PKG_VERSION=0.3.1 CARGO_PKG_VERSION_MAJOR=0 CARGO_PKG_VERSION_MINOR=3 CARGO_PKG_VERSION_PATCH=1 CARGO_PKG_VERSION_PRE='' LD_LIBRARY_PATH='/app/target/cpython-strict/build/primp-0.15.0/target/release/deps:/app/target/cpython-strict/host-tools/rustup/toolchains/nightly-2025-01-18-x86_64-unknown-linux-gnu/lib:/opt/kendryte-toolchain/bin/:' /app/target/cpython-strict/host-tools/rustup/toolchains/nightly-2025-01-18-x86_64-unknown-linux-gnu/bin/rustc --crate-name foreign_types_shared --edition=2018 /app/target/cpython-strict/host-tools/cargo/registry/src/index.crates.io-1949cf8c6b5b557f/foreign-types-shared-0.3.1/src/lib.rs --error-format=json --json=diagnostic-rendered-ansi,artifacts,future-incompat --crate-type lib --emit=dep-info,metadata,link -C opt-level=3 -C panic=abort -C linker-plugin-lto -C codegen-units=1 --check-cfg 'cfg(docsrs,test)' --check-cfg 'cfg(feature, values())' -C metadata=77b5cf5209e12586 -C extra-filename=-61951e5b7697fe7a --out-dir /app/target/cpython-strict/build/primp-0.15.0/target/loongarch64-unknown-linux-musl/release/deps --target loongarch64-unknown-linux-musl -C linker=/app/target/cpython-strict/cross/loongarch64-linux-musl-gcc -C strip=symbols -L dependency=/app/target/cpython-strict/build/primp-0.15.0/target/loongarch64-unknown-linux-musl/release/deps -L dependency=/app/target/cpython-strict/build/primp-0.15.0/target/release/deps --cap-lints warn -C target-feature=-ual -C target-feature=-crt-static`
   Compiling utf-8 v0.7.6
     Running `CARGO=/app/target/cpython-strict/host-tools/rustup/toolchains/nightly-2025-01-18-x86_64-unknown-linux-gnu/bin/cargo CARGO_CRATE_NAME=utf8 CARGO_MANIFEST_DIR=/app/target/cpython-strict/host-tools/cargo/registry/src/index.crates.io-1949cf8c6b5b557f/utf-8-0.7.6 CARGO_MANIFEST_PATH=/app/target/cpython-strict/host-tools/cargo/registry/src/index.crates.io-1949cf8c6b5b557f/utf-8-0.7.6/Cargo.toml CARGO_PKG_AUTHORS='Simon Sapin <simon.sapin@exyr.org>' CARGO_PKG_DESCRIPTION='Incremental, zero-copy UTF-8 decoding with error handling' CARGO_PKG_HOMEPAGE='' CARGO_PKG_LICENSE='MIT OR Apache-2.0' CARGO_PKG_LICENSE_FILE='' CARGO_PKG_NAME=utf-8 CARGO_PKG_README=README.md CARGO_PKG_REPOSITORY='https://github.com/SimonSapin/rust-utf8' CARGO_PKG_RUST_VERSION='' CARGO_PKG_VERSION=0.7.6 CARGO_PKG_VERSION_MAJOR=0 CARGO_PKG_VERSION_MINOR=7 CARGO_PKG_VERSION_PATCH=6 CARGO_PKG_VERSION_PRE='' LD_LIBRARY_PATH='/app/target/cpython-strict/build/primp-0.15.0/target/release/deps:/app/target/cpython-strict/host-tools/rustup/toolchains/nightly-2025-01-18-x86_64-unknown-linux-gnu/lib:/opt/kendryte-toolchain/bin/:' /app/target/cpython-strict/host-tools/rustup/toolchains/nightly-2025-01-18-x86_64-unknown-linux-gnu/bin/rustc --crate-name utf8 --edition=2015 /app/target/cpython-strict/host-tools/cargo/registry/src/index.crates.io-1949cf8c6b5b557f/utf-8-0.7.6/src/lib.rs --error-format=json --json=diagnostic-rendered-ansi,artifacts,future-incompat --crate-type lib --emit=dep-info,metadata,link -C opt-level=3 -C panic=abort -C linker-plugin-lto -C codegen-units=1 --check-cfg 'cfg(docsrs,test)' --check-cfg 'cfg(feature, values())' -C metadata=19dae3d00ffba98b -C extra-filename=-9323159ad4545f4f --out-dir /app/target/cpython-strict/build/primp-0.15.0/target/loongarch64-unknown-linux-musl/release/deps --target loongarch64-unknown-linux-musl -C linker=/app/target/cpython-strict/cross/loongarch64-linux-musl-gcc -C strip=symbols -L dependency=/app/target/cpython-strict/build/primp-0.15.0/target/loongarch64-unknown-linux-musl/release/deps -L dependency=/app/target/cpython-strict/build/primp-0.15.0/target/release/deps --cap-lints warn -C target-feature=-ual -C target-feature=-crt-static`
   Compiling adler2 v2.0.0
     Running `CARGO=/app/target/cpython-strict/host-tools/rustup/toolchains/nightly-2025-01-18-x86_64-unknown-linux-gnu/bin/cargo CARGO_CRATE_NAME=adler2 CARGO_MANIFEST_DIR=/app/target/cpython-strict/host-tools/cargo/registry/src/index.crates.io-1949cf8c6b5b557f/adler2-2.0.0 CARGO_MANIFEST_PATH=/app/target/cpython-strict/host-tools/cargo/registry/src/index.crates.io-1949cf8c6b5b557f/adler2-2.0.0/Cargo.toml CARGO_PKG_AUTHORS='Jonas Schievink <jonasschievink@gmail.com>:oyvindln <oyvindln@users.noreply.github.com>' CARGO_PKG_DESCRIPTION='A simple clean-room implementation of the Adler-32 checksum' CARGO_PKG_HOMEPAGE='' CARGO_PKG_LICENSE='0BSD OR MIT OR Apache-2.0' CARGO_PKG_LICENSE_FILE='' CARGO_PKG_NAME=adler2 CARGO_PKG_README=README.md CARGO_PKG_REPOSITORY='https://github.com/oyvindln/adler2' CARGO_PKG_RUST_VERSION='' CARGO_PKG_VERSION=2.0.0 CARGO_PKG_VERSION_MAJOR=2 CARGO_PKG_VERSION_MINOR=0 CARGO_PKG_VERSION_PATCH=0 CARGO_PKG_VERSION_PRE='' LD_LIBRARY_PATH='/app/target/cpython-strict/build/primp-0.15.0/target/release/deps:/app/target/cpython-strict/host-tools/rustup/toolchains/nightly-2025-01-18-x86_64-unknown-linux-gnu/lib:/opt/kendryte-toolchain/bin/:' /app/target/cpython-strict/host-tools/rustup/toolchains/nightly-2025-01-18-x86_64-unknown-linux-gnu/bin/rustc --crate-name adler2 --edition=2021 /app/target/cpython-strict/host-tools/cargo/registry/src/index.crates.io-1949cf8c6b5b557f/adler2-2.0.0/src/lib.rs --error-format=json --json=diagnostic-rendered-ansi,artifacts,future-incompat --crate-type lib --emit=dep-info,metadata,link -C opt-level=3 -C panic=abort -C linker-plugin-lto -C codegen-units=1 --check-cfg 'cfg(docsrs,test)' --check-cfg 'cfg(feature, values("compiler_builtins", "core", "default", "rustc-dep-of-std", "std"))' -C metadata=fc0f0fb1552ade24 -C extra-filename=-05b6bf648a132ecd --out-dir /app/target/cpython-strict/build/primp-0.15.0/target/loongarch64-unknown-linux-musl/release/deps --target loongarch64-unknown-linux-musl -C linker=/app/target/cpython-strict/cross/loongarch64-linux-musl-gcc -C strip=symbols -L dependency=/app/target/cpython-strict/build/primp-0.15.0/target/loongarch64-unknown-linux-musl/release/deps -L dependency=/app/target/cpython-strict/build/primp-0.15.0/target/release/deps --cap-lints warn -C target-feature=-ual -C target-feature=-crt-static`
warning: unexpected `cfg` condition name: `skip`
   --> /app/target/cpython-strict/host-tools/cargo/registry/src/index.crates.io-1949cf8c6b5b557f/icu_properties-1.5.1/src/bidi_data.rs:202:11
    |
202 |     #[cfg(skip)]
    |           ^^^^
    |
    = help: expected names are: `clippy`, `debug_assertions`, `doc`, `docsrs`, `doctest`, `feature`, `fmt_debug`, `miri`, `overflow_checks`, `panic`, `proc_macro`, `relocation_model`, `rustfmt`, `sanitize`, `sanitizer_cfi_generalize_pointers`, `sanitizer_cfi_normalize_integers`, `target_abi`, `target_arch`, `target_endian`, `target_env`, `target_family`, `target_feature`, `target_has_atomic`, `target_has_atomic_equal_alignment`, `target_has_atomic_load_store`, `target_os`, `target_pointer_width`, `target_thread_local`, `target_vendor`, `test`, `ub_checks`, `unix`, and `windows`
    = help: consider using a Cargo feature instead
    = help: or consider adding in `Cargo.toml` the `check-cfg` lint config for the lint:
             [lints.rust]
             unexpected_cfgs = { level = "warn", check-cfg = ['cfg(skip)'] }
    = help: or consider adding `println!("cargo::rustc-check-cfg=cfg(skip)");` to the top of the `build.rs`
    = note: see <https://doc.rust-lang.org/nightly/rustc/check-cfg/cargo-specifics.html> for more information about checking conditional configuration
    = note: `#[warn(unexpected_cfgs)]` on by default

warning: unexpected `cfg` condition name: `skip`
   --> /app/target/cpython-strict/host-tools/cargo/registry/src/index.crates.io-1949cf8c6b5b557f/icu_properties-1.5.1/src/script.rs:633:11
    |
633 |     #[cfg(skip)]
    |           ^^^^
    |
    = help: consider using a Cargo feature instead
    = help: or consider adding in `Cargo.toml` the `check-cfg` lint config for the lint:
             [lints.rust]
             unexpected_cfgs = { level = "warn", check-cfg = ['cfg(skip)'] }
    = help: or consider adding `println!("cargo::rustc-check-cfg=cfg(skip)");` to the top of the `build.rs`
    = note: see <https://doc.rust-lang.org/nightly/rustc/check-cfg/cargo-specifics.html> for more information about checking conditional configuration

warning: unexpected `cfg` condition name: `skip`
    --> /app/target/cpython-strict/host-tools/cargo/registry/src/index.crates.io-1949cf8c6b5b557f/icu_properties-1.5.1/src/sets.rs:2115:11
     |
2115 |     #[cfg(skip)]
     |           ^^^^
     |
     = help: consider using a Cargo feature instead
     = help: or consider adding in `Cargo.toml` the `check-cfg` lint config for the lint:
              [lints.rust]
              unexpected_cfgs = { level = "warn", check-cfg = ['cfg(skip)'] }
     = help: or consider adding `println!("cargo::rustc-check-cfg=cfg(skip)");` to the top of the `build.rs`
     = note: see <https://doc.rust-lang.org/nightly/rustc/check-cfg/cargo-specifics.html> for more information about checking conditional configuration

warning: `precomputed-hash` (lib) generated 1 warning (1 duplicate)
   Compiling thiserror v1.0.69
     Running `CARGO=/app/target/cpython-strict/host-tools/rustup/toolchains/nightly-2025-01-18-x86_64-unknown-linux-gnu/bin/cargo CARGO_CRATE_NAME=build_script_build CARGO_MANIFEST_DIR=/app/target/cpython-strict/host-tools/cargo/registry/src/index.crates.io-1949cf8c6b5b557f/thiserror-1.0.69 CARGO_MANIFEST_PATH=/app/target/cpython-strict/host-tools/cargo/registry/src/index.crates.io-1949cf8c6b5b557f/thiserror-1.0.69/Cargo.toml CARGO_PKG_AUTHORS='David Tolnay <dtolnay@gmail.com>' CARGO_PKG_DESCRIPTION='derive(Error)' CARGO_PKG_HOMEPAGE='' CARGO_PKG_LICENSE='MIT OR Apache-2.0' CARGO_PKG_LICENSE_FILE='' CARGO_PKG_NAME=thiserror CARGO_PKG_README=README.md CARGO_PKG_REPOSITORY='https://github.com/dtolnay/thiserror' CARGO_PKG_RUST_VERSION=1.61 CARGO_PKG_VERSION=1.0.69 CARGO_PKG_VERSION_MAJOR=1 CARGO_PKG_VERSION_MINOR=0 CARGO_PKG_VERSION_PATCH=69 CARGO_PKG_VERSION_PRE='' LD_LIBRARY_PATH='/app/target/cpython-strict/build/primp-0.15.0/target/release/deps:/app/target/cpython-strict/host-tools/rustup/toolchains/nightly-2025-01-18-x86_64-unknown-linux-gnu/lib:/opt/kendryte-toolchain/bin/:' /app/target/cpython-strict/host-tools/rustup/toolchains/nightly-2025-01-18-x86_64-unknown-linux-gnu/bin/rustc --crate-name build_script_build --edition=2021 /app/target/cpython-strict/host-tools/cargo/registry/src/index.crates.io-1949cf8c6b5b557f/thiserror-1.0.69/build.rs --error-format=json --json=diagnostic-rendered-ansi,artifacts,future-incompat --crate-type bin --emit=dep-info,link -C embed-bitcode=no -C debug-assertions=off --check-cfg 'cfg(docsrs,test)' --check-cfg 'cfg(feature, values())' -C metadata=88992fb69faef99c -C extra-filename=-cf3f8ef0faa539c4 --out-dir /app/target/cpython-strict/build/primp-0.15.0/target/release/build/thiserror-cf3f8ef0faa539c4 -C strip=symbols -L dependency=/app/target/cpython-strict/build/primp-0.15.0/target/release/deps --cap-lints warn`
warning: `num-conv` (lib) generated 1 warning (1 duplicate)
   Compiling httparse v1.10.1
     Running `CARGO=/app/target/cpython-strict/host-tools/rustup/toolchains/nightly-2025-01-18-x86_64-unknown-linux-gnu/bin/cargo CARGO_CRATE_NAME=build_script_build CARGO_MANIFEST_DIR=/app/target/cpython-strict/host-tools/cargo/registry/src/index.crates.io-1949cf8c6b5b557f/httparse-1.10.1 CARGO_MANIFEST_PATH=/app/target/cpython-strict/host-tools/cargo/registry/src/index.crates.io-1949cf8c6b5b557f/httparse-1.10.1/Cargo.toml CARGO_PKG_AUTHORS='Sean McArthur <sean@seanmonstar.com>' CARGO_PKG_DESCRIPTION='A tiny, safe, speedy, zero-copy HTTP/1.x parser.' CARGO_PKG_HOMEPAGE='' CARGO_PKG_LICENSE='MIT OR Apache-2.0' CARGO_PKG_LICENSE_FILE='' CARGO_PKG_NAME=httparse CARGO_PKG_README=README.md CARGO_PKG_REPOSITORY='https://github.com/seanmonstar/httparse' CARGO_PKG_RUST_VERSION='' CARGO_PKG_VERSION=1.10.1 CARGO_PKG_VERSION_MAJOR=1 CARGO_PKG_VERSION_MINOR=10 CARGO_PKG_VERSION_PATCH=1 CARGO_PKG_VERSION_PRE='' LD_LIBRARY_PATH='/app/target/cpython-strict/build/primp-0.15.0/target/release/deps:/app/target/cpython-strict/host-tools/rustup/toolchains/nightly-2025-01-18-x86_64-unknown-linux-gnu/lib:/opt/kendryte-toolchain/bin/:' /app/target/cpython-strict/host-tools/rustup/toolchains/nightly-2025-01-18-x86_64-unknown-linux-gnu/bin/rustc --crate-name build_script_build --edition=2018 /app/target/cpython-strict/host-tools/cargo/registry/src/index.crates.io-1949cf8c6b5b557f/httparse-1.10.1/build.rs --error-format=json --json=diagnostic-rendered-ansi,artifacts,future-incompat --crate-type bin --emit=dep-info,link -C embed-bitcode=no --warn=unexpected_cfgs --check-cfg 'cfg(httparse_simd)' --check-cfg 'cfg(httparse_simd_target_feature_avx2)' --check-cfg 'cfg(httparse_simd_target_feature_sse42)' --check-cfg 'cfg(httparse_simd_neon_intrinsics)' -C debug-assertions=off --cfg 'feature="default"' --cfg 'feature="std"' --check-cfg 'cfg(docsrs,test)' --check-cfg 'cfg(feature, values("default", "std"))' -C metadata=10f8ef45b1237e23 -C extra-filename=-47f635e362c16c64 --out-dir /app/target/cpython-strict/build/primp-0.15.0/target/release/build/httparse-47f635e362c16c64 -C strip=symbols -L dependency=/app/target/cpython-strict/build/primp-0.15.0/target/release/deps --cap-lints warn`
warning: `foreign-types-shared` (lib) generated 1 warning (1 duplicate)
     Running `CARGO=/app/target/cpython-strict/host-tools/rustup/toolchains/nightly-2025-01-18-x86_64-unknown-linux-gnu/bin/cargo CARGO_CRATE_NAME=time_core CARGO_MANIFEST_DIR=/app/target/cpython-strict/host-tools/cargo/registry/src/index.crates.io-1949cf8c6b5b557f/time-core-0.1.4 CARGO_MANIFEST_PATH=/app/target/cpython-strict/host-tools/cargo/registry/src/index.crates.io-1949cf8c6b5b557f/time-core-0.1.4/Cargo.toml CARGO_PKG_AUTHORS='Jacob Pratt <open-source@jhpratt.dev>:Time contributors' CARGO_PKG_DESCRIPTION='This crate is an implementation detail and should not be relied upon directly.' CARGO_PKG_HOMEPAGE='' CARGO_PKG_LICENSE='MIT OR Apache-2.0' CARGO_PKG_LICENSE_FILE='' CARGO_PKG_NAME=time-core CARGO_PKG_README='' CARGO_PKG_REPOSITORY='https://github.com/time-rs/time' CARGO_PKG_RUST_VERSION=1.67.1 CARGO_PKG_VERSION=0.1.4 CARGO_PKG_VERSION_MAJOR=0 CARGO_PKG_VERSION_MINOR=1 CARGO_PKG_VERSION_PATCH=4 CARGO_PKG_VERSION_PRE='' LD_LIBRARY_PATH='/app/target/cpython-strict/build/primp-0.15.0/target/release/deps:/app/target/cpython-strict/host-tools/rustup/toolchains/nightly-2025-01-18-x86_64-unknown-linux-gnu/lib:/opt/kendryte-toolchain/bin/:' /app/target/cpython-strict/host-tools/rustup/toolchains/nightly-2025-01-18-x86_64-unknown-linux-gnu/bin/rustc --crate-name time_core --edition=2021 /app/target/cpython-strict/host-tools/cargo/registry/src/index.crates.io-1949cf8c6b5b557f/time-core-0.1.4/src/lib.rs --error-format=json --json=diagnostic-rendered-ansi,artifacts,future-incompat --crate-type lib --emit=dep-info,metadata,link -C opt-level=3 -C panic=abort -C linker-plugin-lto -C codegen-units=1 --warn=unused '--warn=clippy::nursery' '--warn=clippy::all' --warn=variant-size-differences '--warn=clippy::use-debug' '--warn=clippy::unwrap-used' '--warn=clippy::unwrap-in-result' --warn=unused-qualifications --warn=unused-lifetimes --warn=unused-import-braces --deny=unstable-syntax-pre-expansion --deny=unsafe-op-in-unsafe-fn --warn=unreachable-pub '--warn=clippy::unnested-or-patterns' --deny=unnameable-test-items '--warn=clippy::uninlined-format-args' '--warn=clippy::unimplemented' --deny=unexpected_cfgs '--warn=rustdoc::unescaped-backticks' '--deny=clippy::undocumented-unsafe-blocks' --deny=unconditional-recursion --warn=trivial-numeric-casts --warn=trivial-casts '--warn=clippy::todo' --deny=suspicious-double-ref-op '--deny=clippy::std-instead-of-core' --warn=single-use-lifetimes '--warn=clippy::semicolon-outside-block' '--warn=rustdoc::private-doc-tests' '--warn=clippy::print-stdout' --deny=overlapping-range-endpoints --deny=opaque-hidden-inferred-bound '--warn=clippy::obfuscated-if-else' --warn=noop-method-call --deny=non-ascii-idents --deny=named-arguments-used-positionally '--warn=clippy::missing-enforced-import-renames' '--warn=clippy::missing-docs-in-private-items' --warn=missing-docs --warn=missing-debug-implementations --warn=missing-copy-implementations --warn=missing-abi --warn=meta-variable-misuse '--warn=clippy::manual-let-else' --warn=macro-use-extern-crate --warn=let-underscore --warn=keyword-idents --deny=invalid-value --deny=invalid-reference-casting --deny=invalid-nan-comparisons --deny=invalid-macro-export-arguments --deny=invalid-from-utf8 --deny=improper-ctypes-definitions --deny=improper-ctypes --deny=hidden-glob-reexports '--warn=clippy::get-unwrap' --deny=future-incompatible '--warn=clippy::explicit-auto-deref' --deny=drop-bounds --deny=deref-nullptr '--warn=clippy::decimal-literal-representation' '--warn=clippy::dbg-macro' --deny=dangling-pointers-from-temporaries --deny=const-item-mutation --deny=clashing-extern-declarations --deny=ambiguous-glob-reexports '--deny=clippy::alloc-instead-of-core' --allow=unstable-name-collisions '--allow=clippy::uninhabited-references' '--allow=clippy::redundant-pub-crate' '--allow=clippy::option-if-let-else' --check-cfg 'cfg(__ui_tests)' --check-cfg 'cfg(bench)' --check-cfg 'cfg(docsrs,test)' --check-cfg 'cfg(feature, values())' -C metadata=2c380108d9223e95 -C extra-filename=-98a31e0a0306d623 --out-dir /app/target/cpython-strict/build/primp-0.15.0/target/loongarch64-unknown-linux-musl/release/deps --target loongarch64-unknown-linux-musl -C linker=/app/target/cpython-strict/cross/loongarch64-linux-musl-gcc -C strip=symbols -L dependency=/app/target/cpython-strict/build/primp-0.15.0/target/loongarch64-unknown-linux-musl/release/deps -L dependency=/app/target/cpython-strict/build/primp-0.15.0/target/release/deps --cap-lints warn -C target-feature=-ual -C target-feature=-crt-static`
   Compiling serde_json v1.0.140
     Running `CARGO=/app/target/cpython-strict/host-tools/rustup/toolchains/nightly-2025-01-18-x86_64-unknown-linux-gnu/bin/cargo CARGO_CRATE_NAME=build_script_build CARGO_MANIFEST_DIR=/app/target/cpython-strict/host-tools/cargo/registry/src/index.crates.io-1949cf8c6b5b557f/serde_json-1.0.140 CARGO_MANIFEST_PATH=/app/target/cpython-strict/host-tools/cargo/registry/src/index.crates.io-1949cf8c6b5b557f/serde_json-1.0.140/Cargo.toml CARGO_PKG_AUTHORS='Erick Tryzelaar <erick.tryzelaar@gmail.com>:David Tolnay <dtolnay@gmail.com>' CARGO_PKG_DESCRIPTION='A JSON serialization file format' CARGO_PKG_HOMEPAGE='' CARGO_PKG_LICENSE='MIT OR Apache-2.0' CARGO_PKG_LICENSE_FILE='' CARGO_PKG_NAME=serde_json CARGO_PKG_README=README.md CARGO_PKG_REPOSITORY='https://github.com/serde-rs/json' CARGO_PKG_RUST_VERSION=1.56 CARGO_PKG_VERSION=1.0.140 CARGO_PKG_VERSION_MAJOR=1 CARGO_PKG_VERSION_MINOR=0 CARGO_PKG_VERSION_PATCH=140 CARGO_PKG_VERSION_PRE='' LD_LIBRARY_PATH='/app/target/cpython-strict/build/primp-0.15.0/target/release/deps:/app/target/cpython-strict/host-tools/rustup/toolchains/nightly-2025-01-18-x86_64-unknown-linux-gnu/lib:/opt/kendryte-toolchain/bin/:' /app/target/cpython-strict/host-tools/rustup/toolchains/nightly-2025-01-18-x86_64-unknown-linux-gnu/bin/rustc --crate-name build_script_build --edition=2021 /app/target/cpython-strict/host-tools/cargo/registry/src/index.crates.io-1949cf8c6b5b557f/serde_json-1.0.140/build.rs --error-format=json --json=diagnostic-rendered-ansi,artifacts,future-incompat --crate-type bin --emit=dep-info,link -C embed-bitcode=no -C debug-assertions=off --cfg 'feature="default"' --cfg 'feature="std"' --check-cfg 'cfg(docsrs,test)' --check-cfg 'cfg(feature, values("alloc", "arbitrary_precision", "default", "float_roundtrip", "indexmap", "preserve_order", "raw_value", "std", "unbounded_depth"))' -C metadata=eaa5e53147e4b8fb -C extra-filename=-901a976caaccf5aa --out-dir /app/target/cpython-strict/build/primp-0.15.0/target/release/build/serde_json-901a976caaccf5aa -C strip=symbols -L dependency=/app/target/cpython-strict/build/primp-0.15.0/target/release/deps --cap-lints warn`
warning: `icu_locid_transform` (lib) generated 3 warnings (1 duplicate)
     Running `CARGO=/app/target/cpython-strict/host-tools/rustup/toolchains/nightly-2025-01-18-x86_64-unknown-linux-gnu/bin/cargo CARGO_CRATE_NAME=memchr CARGO_MANIFEST_DIR=/app/target/cpython-strict/host-tools/cargo/registry/src/index.crates.io-1949cf8c6b5b557f/memchr-2.7.4 CARGO_MANIFEST_PATH=/app/target/cpython-strict/host-tools/cargo/registry/src/index.crates.io-1949cf8c6b5b557f/memchr-2.7.4/Cargo.toml CARGO_PKG_AUTHORS='Andrew Gallant <jamslam@gmail.com>:bluss' CARGO_PKG_DESCRIPTION='Provides extremely fast (uses SIMD on x86_64, aarch64 and wasm32) routines for
1, 2 or 3 byte search and single substring search.
' CARGO_PKG_HOMEPAGE='https://github.com/BurntSushi/memchr' CARGO_PKG_LICENSE='Unlicense OR MIT' CARGO_PKG_LICENSE_FILE='' CARGO_PKG_NAME=memchr CARGO_PKG_README=README.md CARGO_PKG_REPOSITORY='https://github.com/BurntSushi/memchr' CARGO_PKG_RUST_VERSION=1.61 CARGO_PKG_VERSION=2.7.4 CARGO_PKG_VERSION_MAJOR=2 CARGO_PKG_VERSION_MINOR=7 CARGO_PKG_VERSION_PATCH=4 CARGO_PKG_VERSION_PRE='' LD_LIBRARY_PATH='/app/target/cpython-strict/build/primp-0.15.0/target/release/deps:/app/target/cpython-strict/host-tools/rustup/toolchains/nightly-2025-01-18-x86_64-unknown-linux-gnu/lib:/opt/kendryte-toolchain/bin/:' /app/target/cpython-strict/host-tools/rustup/toolchains/nightly-2025-01-18-x86_64-unknown-linux-gnu/bin/rustc --crate-name memchr --edition=2021 /app/target/cpython-strict/host-tools/cargo/registry/src/index.crates.io-1949cf8c6b5b557f/memchr-2.7.4/src/lib.rs --error-format=json --json=diagnostic-rendered-ansi,artifacts,future-incompat --crate-type lib --emit=dep-info,metadata,link -C opt-level=3 -C panic=abort -C linker-plugin-lto -C codegen-units=1 --cfg 'feature="alloc"' --cfg 'feature="default"' --cfg 'feature="std"' --check-cfg 'cfg(docsrs,test)' --check-cfg 'cfg(feature, values("alloc", "compiler_builtins", "core", "default", "libc", "logging", "rustc-dep-of-std", "std", "use_std"))' -C metadata=bb2c84f4087c7488 -C extra-filename=-0ad87afc821d8371 --out-dir /app/target/cpython-strict/build/primp-0.15.0/target/loongarch64-unknown-linux-musl/release/deps --target loongarch64-unknown-linux-musl -C linker=/app/target/cpython-strict/cross/loongarch64-linux-musl-gcc -C strip=symbols -L dependency=/app/target/cpython-strict/build/primp-0.15.0/target/loongarch64-unknown-linux-musl/release/deps -L dependency=/app/target/cpython-strict/build/primp-0.15.0/target/release/deps --cap-lints warn -C target-feature=-ual -C target-feature=-crt-static`
warning: `adler2` (lib) generated 1 warning (1 duplicate)
   Compiling futures-sink v0.3.31
     Running `CARGO=/app/target/cpython-strict/host-tools/rustup/toolchains/nightly-2025-01-18-x86_64-unknown-linux-gnu/bin/cargo CARGO_CRATE_NAME=futures_sink CARGO_MANIFEST_DIR=/app/target/cpython-strict/host-tools/cargo/registry/src/index.crates.io-1949cf8c6b5b557f/futures-sink-0.3.31 CARGO_MANIFEST_PATH=/app/target/cpython-strict/host-tools/cargo/registry/src/index.crates.io-1949cf8c6b5b557f/futures-sink-0.3.31/Cargo.toml CARGO_PKG_AUTHORS='' CARGO_PKG_DESCRIPTION='The asynchronous `Sink` trait for the futures-rs library.
' CARGO_PKG_HOMEPAGE='https://rust-lang.github.io/futures-rs' CARGO_PKG_LICENSE='MIT OR Apache-2.0' CARGO_PKG_LICENSE_FILE='' CARGO_PKG_NAME=futures-sink CARGO_PKG_README=README.md CARGO_PKG_REPOSITORY='https://github.com/rust-lang/futures-rs' CARGO_PKG_RUST_VERSION=1.36 CARGO_PKG_VERSION=0.3.31 CARGO_PKG_VERSION_MAJOR=0 CARGO_PKG_VERSION_MINOR=3 CARGO_PKG_VERSION_PATCH=31 CARGO_PKG_VERSION_PRE='' LD_LIBRARY_PATH='/app/target/cpython-strict/build/primp-0.15.0/target/release/deps:/app/target/cpython-strict/host-tools/rustup/toolchains/nightly-2025-01-18-x86_64-unknown-linux-gnu/lib:/opt/kendryte-toolchain/bin/:' /app/target/cpython-strict/host-tools/rustup/toolchains/nightly-2025-01-18-x86_64-unknown-linux-gnu/bin/rustc --crate-name futures_sink --edition=2018 /app/target/cpython-strict/host-tools/cargo/registry/src/index.crates.io-1949cf8c6b5b557f/futures-sink-0.3.31/src/lib.rs --error-format=json --json=diagnostic-rendered-ansi,artifacts,future-incompat --crate-type lib --emit=dep-info,metadata,link -C opt-level=3 -C panic=abort -C linker-plugin-lto -C codegen-units=1 --warn=unreachable_pub --warn=unexpected_cfgs --warn=single_use_lifetimes --warn=rust_2018_idioms --warn=missing_debug_implementations --check-cfg 'cfg(futures_sanitizer)' --cfg 'feature="alloc"' --cfg 'feature="default"' --cfg 'feature="std"' --check-cfg 'cfg(docsrs,test)' --check-cfg 'cfg(feature, values("alloc", "default", "std"))' -C metadata=46c47b330ba0b8e4 -C extra-filename=-28a25ad543ac0124 --out-dir /app/target/cpython-strict/build/primp-0.15.0/target/loongarch64-unknown-linux-musl/release/deps --target loongarch64-unknown-linux-musl -C linker=/app/target/cpython-strict/cross/loongarch64-linux-musl-gcc -C strip=symbols -L dependency=/app/target/cpython-strict/build/primp-0.15.0/target/loongarch64-unknown-linux-musl/release/deps -L dependency=/app/target/cpython-strict/build/primp-0.15.0/target/release/deps --cap-lints warn -C target-feature=-ual -C target-feature=-crt-static`
warning: `time-core` (lib) generated 1 warning (1 duplicate)
   Compiling time v0.3.41
warning: `utf-8` (lib) generated 1 warning (1 duplicate)
   Compiling tendril v0.4.3
     Running `CARGO=/app/target/cpython-strict/host-tools/rustup/toolchains/nightly-2025-01-18-x86_64-unknown-linux-gnu/bin/cargo CARGO_CRATE_NAME=time CARGO_MANIFEST_DIR=/app/target/cpython-strict/host-tools/cargo/registry/src/index.crates.io-1949cf8c6b5b557f/time-0.3.41 CARGO_MANIFEST_PATH=/app/target/cpython-strict/host-tools/cargo/registry/src/index.crates.io-1949cf8c6b5b557f/time-0.3.41/Cargo.toml CARGO_PKG_AUTHORS='Jacob Pratt <open-source@jhpratt.dev>:Time contributors' CARGO_PKG_DESCRIPTION='Date and time library. Fully interoperable with the standard library. Mostly compatible with #'\!'[no_std].' CARGO_PKG_HOMEPAGE='https://time-rs.github.io' CARGO_PKG_LICENSE='MIT OR Apache-2.0' CARGO_PKG_LICENSE_FILE='' CARGO_PKG_NAME=time CARGO_PKG_README=README.md CARGO_PKG_REPOSITORY='https://github.com/time-rs/time' CARGO_PKG_RUST_VERSION=1.67.1 CARGO_PKG_VERSION=0.3.41 CARGO_PKG_VERSION_MAJOR=0 CARGO_PKG_VERSION_MINOR=3 CARGO_PKG_VERSION_PATCH=41 CARGO_PKG_VERSION_PRE='' LD_LIBRARY_PATH='/app/target/cpython-strict/build/primp-0.15.0/target/release/deps:/app/target/cpython-strict/host-tools/rustup/toolchains/nightly-2025-01-18-x86_64-unknown-linux-gnu/lib:/opt/kendryte-toolchain/bin/:' /app/target/cpython-strict/host-tools/rustup/toolchains/nightly-2025-01-18-x86_64-unknown-linux-gnu/bin/rustc --crate-name time --edition=2021 /app/target/cpython-strict/host-tools/cargo/registry/src/index.crates.io-1949cf8c6b5b557f/time-0.3.41/src/lib.rs --error-format=json --json=diagnostic-rendered-ansi,artifacts,future-incompat --crate-type lib --emit=dep-info,metadata,link -C opt-level=3 -C panic=abort -C linker-plugin-lto -C codegen-units=1 --warn=unused '--warn=clippy::nursery' '--warn=clippy::all' --warn=variant-size-differences '--warn=clippy::use-debug' '--warn=clippy::unwrap-used' '--warn=clippy::unwrap-in-result' --warn=unused-qualifications --warn=unused-lifetimes --warn=unused-import-braces --deny=unstable-syntax-pre-expansion --deny=unsafe-op-in-unsafe-fn --warn=unreachable-pub '--warn=clippy::unnested-or-patterns' --deny=unnameable-test-items '--warn=clippy::uninlined-format-args' '--warn=clippy::unimplemented' --deny=unexpected_cfgs '--warn=rustdoc::unescaped-backticks' '--deny=clippy::undocumented-unsafe-blocks' --deny=unconditional-recursion --warn=trivial-numeric-casts --warn=trivial-casts '--warn=clippy::todo' --deny=suspicious-double-ref-op '--deny=clippy::std-instead-of-core' --warn=single-use-lifetimes '--warn=clippy::semicolon-outside-block' '--warn=rustdoc::private-doc-tests' '--warn=clippy::print-stdout' --deny=overlapping-range-endpoints --deny=opaque-hidden-inferred-bound '--warn=clippy::obfuscated-if-else' --warn=noop-method-call --deny=non-ascii-idents --deny=named-arguments-used-positionally '--warn=clippy::missing-enforced-import-renames' '--warn=clippy::missing-docs-in-private-items' --warn=missing-docs --warn=missing-debug-implementations --warn=missing-copy-implementations --warn=missing-abi --warn=meta-variable-misuse '--warn=clippy::manual-let-else' --warn=macro-use-extern-crate --warn=let-underscore --warn=keyword-idents --deny=invalid-value --deny=invalid-reference-casting --deny=invalid-nan-comparisons --deny=invalid-macro-export-arguments --deny=invalid-from-utf8 --deny=improper-ctypes-definitions --deny=improper-ctypes --deny=hidden-glob-reexports '--warn=clippy::get-unwrap' --deny=future-incompatible '--warn=clippy::explicit-auto-deref' --deny=drop-bounds --deny=deref-nullptr '--warn=clippy::decimal-literal-representation' '--warn=clippy::dbg-macro' --deny=dangling-pointers-from-temporaries --deny=const-item-mutation --deny=clashing-extern-declarations '--warn=clippy::as-underscore' --deny=ambiguous-glob-reexports '--deny=clippy::alloc-instead-of-core' --allow=unstable-name-collisions '--allow=clippy::uninhabited-references' '--allow=clippy::redundant-pub-crate' '--allow=clippy::option-if-let-else' --check-cfg 'cfg(__ui_tests)' --check-cfg 'cfg(bench)' --cfg 'feature="alloc"' --cfg 'feature="default"' --cfg 'feature="formatting"' --cfg 'feature="macros"' --cfg 'feature="parsing"' --cfg 'feature="std"' --check-cfg 'cfg(docsrs,test)' --check-cfg 'cfg(feature, values("alloc", "default", "formatting", "large-dates", "local-offset", "macros", "parsing", "quickcheck", "rand", "serde", "serde-human-readable", "serde-well-known", "std", "wasm-bindgen"))' -C metadata=2961047aeb46f9a2 -C extra-filename=-a58156efd23d8f2a --out-dir /app/target/cpython-strict/build/primp-0.15.0/target/loongarch64-unknown-linux-musl/release/deps --target loongarch64-unknown-linux-musl -C linker=/app/target/cpython-strict/cross/loongarch64-linux-musl-gcc -C strip=symbols -L dependency=/app/target/cpython-strict/build/primp-0.15.0/target/loongarch64-unknown-linux-musl/release/deps -L dependency=/app/target/cpython-strict/build/primp-0.15.0/target/release/deps --extern deranged=/app/target/cpython-strict/build/primp-0.15.0/target/loongarch64-unknown-linux-musl/release/deps/libderanged-5092d7f55f3ef706.rmeta --extern itoa=/app/target/cpython-strict/build/primp-0.15.0/target/loongarch64-unknown-linux-musl/release/deps/libitoa-5dae556133d5e013.rmeta --extern num_conv=/app/target/cpython-strict/build/primp-0.15.0/target/loongarch64-unknown-linux-musl/release/deps/libnum_conv-cca41ade6361fc4a.rmeta --extern powerfmt=/app/target/cpython-strict/build/primp-0.15.0/target/loongarch64-unknown-linux-musl/release/deps/libpowerfmt-84a0a2adf54132d6.rmeta --extern time_core=/app/target/cpython-strict/build/primp-0.15.0/target/loongarch64-unknown-linux-musl/release/deps/libtime_core-98a31e0a0306d623.rmeta --extern time_macros=/app/target/cpython-strict/build/primp-0.15.0/target/release/deps/libtime_macros-577a1951bab9ed15.so --cap-lints warn -C target-feature=-ual -C target-feature=-crt-static`
     Running `CARGO=/app/target/cpython-strict/host-tools/rustup/toolchains/nightly-2025-01-18-x86_64-unknown-linux-gnu/bin/cargo CARGO_CRATE_NAME=tendril CARGO_MANIFEST_DIR=/app/target/cpython-strict/host-tools/cargo/registry/src/index.crates.io-1949cf8c6b5b557f/tendril-0.4.3 CARGO_MANIFEST_PATH=/app/target/cpython-strict/host-tools/cargo/registry/src/index.crates.io-1949cf8c6b5b557f/tendril-0.4.3/Cargo.toml CARGO_PKG_AUTHORS='Keegan McAllister <mcallister.keegan@gmail.com>:Simon Sapin <simon.sapin@exyr.org>:Chris Morgan <me@chrismorgan.info>' CARGO_PKG_DESCRIPTION='Compact buffer/string type for zero-copy parsing' CARGO_PKG_HOMEPAGE='' CARGO_PKG_LICENSE=MIT/Apache-2.0 CARGO_PKG_LICENSE_FILE='' CARGO_PKG_NAME=tendril CARGO_PKG_README=README.md CARGO_PKG_REPOSITORY='https://github.com/servo/tendril' CARGO_PKG_RUST_VERSION='' CARGO_PKG_VERSION=0.4.3 CARGO_PKG_VERSION_MAJOR=0 CARGO_PKG_VERSION_MINOR=4 CARGO_PKG_VERSION_PATCH=3 CARGO_PKG_VERSION_PRE='' LD_LIBRARY_PATH='/app/target/cpython-strict/build/primp-0.15.0/target/release/deps:/app/target/cpython-strict/host-tools/rustup/toolchains/nightly-2025-01-18-x86_64-unknown-linux-gnu/lib:/opt/kendryte-toolchain/bin/:' /app/target/cpython-strict/host-tools/rustup/toolchains/nightly-2025-01-18-x86_64-unknown-linux-gnu/bin/rustc --crate-name tendril --edition=2015 /app/target/cpython-strict/host-tools/cargo/registry/src/index.crates.io-1949cf8c6b5b557f/tendril-0.4.3/src/lib.rs --error-format=json --json=diagnostic-rendered-ansi,artifacts,future-incompat --crate-type lib --emit=dep-info,metadata,link -C opt-level=3 -C panic=abort -C linker-plugin-lto -C codegen-units=1 --check-cfg 'cfg(docsrs,test)' --check-cfg 'cfg(feature, values("bench", "encoding", "encoding_rs"))' -C metadata=9ea7146da5c868e4 -C extra-filename=-1be59cce2300f199 --out-dir /app/target/cpython-strict/build/primp-0.15.0/target/loongarch64-unknown-linux-musl/release/deps --target loongarch64-unknown-linux-musl -C linker=/app/target/cpython-strict/cross/loongarch64-linux-musl-gcc -C strip=symbols -L dependency=/app/target/cpython-strict/build/primp-0.15.0/target/loongarch64-unknown-linux-musl/release/deps -L dependency=/app/target/cpython-strict/build/primp-0.15.0/target/release/deps --extern futf=/app/target/cpython-strict/build/primp-0.15.0/target/loongarch64-unknown-linux-musl/release/deps/libfutf-235baf83ad4776c2.rmeta --extern mac=/app/target/cpython-strict/build/primp-0.15.0/target/loongarch64-unknown-linux-musl/release/deps/libmac-cd56cee1c9f451f6.rmeta --extern utf8=/app/target/cpython-strict/build/primp-0.15.0/target/loongarch64-unknown-linux-musl/release/deps/libutf8-9323159ad4545f4f.rmeta --cap-lints warn -C target-feature=-ual -C target-feature=-crt-static`
     Running `CARGO=/app/target/cpython-strict/host-tools/rustup/toolchains/nightly-2025-01-18-x86_64-unknown-linux-gnu/bin/cargo CARGO_CFG_FEATURE=default,std CARGO_CFG_FMT_DEBUG=full CARGO_CFG_OVERFLOW_CHECKS='' CARGO_CFG_PANIC=unwind CARGO_CFG_RELOCATION_MODEL=pic CARGO_CFG_TARGET_ABI='' CARGO_CFG_TARGET_ARCH=loongarch64 CARGO_CFG_TARGET_ENDIAN=little CARGO_CFG_TARGET_ENV=musl CARGO_CFG_TARGET_FAMILY=unix CARGO_CFG_TARGET_FEATURE=d,f,lsx CARGO_CFG_TARGET_HAS_ATOMIC=16,32,64,8,ptr CARGO_CFG_TARGET_HAS_ATOMIC_EQUAL_ALIGNMENT=16,32,64,8,ptr CARGO_CFG_TARGET_HAS_ATOMIC_LOAD_STORE=16,32,64,8,ptr CARGO_CFG_TARGET_OS=linux CARGO_CFG_TARGET_POINTER_WIDTH=64 CARGO_CFG_TARGET_THREAD_LOCAL='' CARGO_CFG_TARGET_VENDOR=unknown CARGO_CFG_UB_CHECKS='' CARGO_CFG_UNIX='' CARGO_ENCODED_RUSTFLAGS='-Ctarget-feature=-ual-Ctarget-feature=-crt-static' CARGO_FEATURE_DEFAULT=1 CARGO_FEATURE_STD=1 CARGO_MANIFEST_DIR=/app/target/cpython-strict/host-tools/cargo/registry/src/index.crates.io-1949cf8c6b5b557f/serde_json-1.0.140 CARGO_MANIFEST_PATH=/app/target/cpython-strict/host-tools/cargo/registry/src/index.crates.io-1949cf8c6b5b557f/serde_json-1.0.140/Cargo.toml CARGO_PKG_AUTHORS='Erick Tryzelaar <erick.tryzelaar@gmail.com>:David Tolnay <dtolnay@gmail.com>' CARGO_PKG_DESCRIPTION='A JSON serialization file format' CARGO_PKG_HOMEPAGE='' CARGO_PKG_LICENSE='MIT OR Apache-2.0' CARGO_PKG_LICENSE_FILE='' CARGO_PKG_NAME=serde_json CARGO_PKG_README=README.md CARGO_PKG_REPOSITORY='https://github.com/serde-rs/json' CARGO_PKG_RUST_VERSION=1.56 CARGO_PKG_VERSION=1.0.140 CARGO_PKG_VERSION_MAJOR=1 CARGO_PKG_VERSION_MINOR=0 CARGO_PKG_VERSION_PATCH=140 CARGO_PKG_VERSION_PRE='' DEBUG=false HOST=x86_64-unknown-linux-gnu LD_LIBRARY_PATH='/app/target/cpython-strict/build/primp-0.15.0/target/release/deps:/app/target/cpython-strict/build/primp-0.15.0/target/release:/app/target/cpython-strict/host-tools/rustup/toolchains/nightly-2025-01-18-x86_64-unknown-linux-gnu/lib/rustlib/x86_64-unknown-linux-gnu/lib:/app/target/cpython-strict/host-tools/rustup/toolchains/nightly-2025-01-18-x86_64-unknown-linux-gnu/lib:/opt/kendryte-toolchain/bin/:' NUM_JOBS=10 OPT_LEVEL=3 OUT_DIR=/app/target/cpython-strict/build/primp-0.15.0/target/loongarch64-unknown-linux-musl/release/build/serde_json-2c4a08084b201f0e/out PROFILE=release RUSTC=/app/target/cpython-strict/host-tools/rustup/toolchains/nightly-2025-01-18-x86_64-unknown-linux-gnu/bin/rustc RUSTC_LINKER=/app/target/cpython-strict/cross/loongarch64-linux-musl-gcc RUSTDOC=/app/target/cpython-strict/host-tools/rustup/toolchains/nightly-2025-01-18-x86_64-unknown-linux-gnu/bin/rustdoc TARGET=loongarch64-unknown-linux-musl /app/target/cpython-strict/build/primp-0.15.0/target/release/build/serde_json-901a976caaccf5aa/build-script-build`
     Running `CARGO=/app/target/cpython-strict/host-tools/rustup/toolchains/nightly-2025-01-18-x86_64-unknown-linux-gnu/bin/cargo CARGO_CFG_FEATURE='' CARGO_CFG_FMT_DEBUG=full CARGO_CFG_OVERFLOW_CHECKS='' CARGO_CFG_PANIC=unwind CARGO_CFG_RELOCATION_MODEL=pic CARGO_CFG_TARGET_ABI='' CARGO_CFG_TARGET_ARCH=loongarch64 CARGO_CFG_TARGET_ENDIAN=little CARGO_CFG_TARGET_ENV=musl CARGO_CFG_TARGET_FAMILY=unix CARGO_CFG_TARGET_FEATURE=d,f,lsx CARGO_CFG_TARGET_HAS_ATOMIC=16,32,64,8,ptr CARGO_CFG_TARGET_HAS_ATOMIC_EQUAL_ALIGNMENT=16,32,64,8,ptr CARGO_CFG_TARGET_HAS_ATOMIC_LOAD_STORE=16,32,64,8,ptr CARGO_CFG_TARGET_OS=linux CARGO_CFG_TARGET_POINTER_WIDTH=64 CARGO_CFG_TARGET_THREAD_LOCAL='' CARGO_CFG_TARGET_VENDOR=unknown CARGO_CFG_UB_CHECKS='' CARGO_CFG_UNIX='' CARGO_ENCODED_RUSTFLAGS='-Ctarget-feature=-ual-Ctarget-feature=-crt-static' CARGO_MANIFEST_DIR=/app/target/cpython-strict/host-tools/cargo/registry/src/index.crates.io-1949cf8c6b5b557f/thiserror-1.0.69 CARGO_MANIFEST_PATH=/app/target/cpython-strict/host-tools/cargo/registry/src/index.crates.io-1949cf8c6b5b557f/thiserror-1.0.69/Cargo.toml CARGO_PKG_AUTHORS='David Tolnay <dtolnay@gmail.com>' CARGO_PKG_DESCRIPTION='derive(Error)' CARGO_PKG_HOMEPAGE='' CARGO_PKG_LICENSE='MIT OR Apache-2.0' CARGO_PKG_LICENSE_FILE='' CARGO_PKG_NAME=thiserror CARGO_PKG_README=README.md CARGO_PKG_REPOSITORY='https://github.com/dtolnay/thiserror' CARGO_PKG_RUST_VERSION=1.61 CARGO_PKG_VERSION=1.0.69 CARGO_PKG_VERSION_MAJOR=1 CARGO_PKG_VERSION_MINOR=0 CARGO_PKG_VERSION_PATCH=69 CARGO_PKG_VERSION_PRE='' DEBUG=false HOST=x86_64-unknown-linux-gnu LD_LIBRARY_PATH='/app/target/cpython-strict/build/primp-0.15.0/target/release/deps:/app/target/cpython-strict/build/primp-0.15.0/target/release:/app/target/cpython-strict/host-tools/rustup/toolchains/nightly-2025-01-18-x86_64-unknown-linux-gnu/lib/rustlib/x86_64-unknown-linux-gnu/lib:/app/target/cpython-strict/host-tools/rustup/toolchains/nightly-2025-01-18-x86_64-unknown-linux-gnu/lib:/opt/kendryte-toolchain/bin/:' NUM_JOBS=10 OPT_LEVEL=3 OUT_DIR=/app/target/cpython-strict/build/primp-0.15.0/target/loongarch64-unknown-linux-musl/release/build/thiserror-6e2564793c4bb0af/out PROFILE=release RUSTC=/app/target/cpython-strict/host-tools/rustup/toolchains/nightly-2025-01-18-x86_64-unknown-linux-gnu/bin/rustc RUSTC_LINKER=/app/target/cpython-strict/cross/loongarch64-linux-musl-gcc RUSTDOC=/app/target/cpython-strict/host-tools/rustup/toolchains/nightly-2025-01-18-x86_64-unknown-linux-gnu/bin/rustdoc TARGET=loongarch64-unknown-linux-musl /app/target/cpython-strict/build/primp-0.15.0/target/release/build/thiserror-cf3f8ef0faa539c4/build-script-build`
   Compiling miniz_oxide v0.8.8
     Running `CARGO=/app/target/cpython-strict/host-tools/rustup/toolchains/nightly-2025-01-18-x86_64-unknown-linux-gnu/bin/cargo CARGO_CRATE_NAME=miniz_oxide CARGO_MANIFEST_DIR=/app/target/cpython-strict/host-tools/cargo/registry/src/index.crates.io-1949cf8c6b5b557f/miniz_oxide-0.8.8 CARGO_MANIFEST_PATH=/app/target/cpython-strict/host-tools/cargo/registry/src/index.crates.io-1949cf8c6b5b557f/miniz_oxide-0.8.8/Cargo.toml CARGO_PKG_AUTHORS='Frommi <daniil.liferenko@gmail.com>:oyvindln <oyvindln@users.noreply.github.com>:Rich Geldreich richgel99@gmail.com' CARGO_PKG_DESCRIPTION='DEFLATE compression and decompression library rewritten in Rust based on miniz' CARGO_PKG_HOMEPAGE='https://github.com/Frommi/miniz_oxide/tree/master/miniz_oxide' CARGO_PKG_LICENSE='MIT OR Zlib OR Apache-2.0' CARGO_PKG_LICENSE_FILE='' CARGO_PKG_NAME=miniz_oxide CARGO_PKG_README=Readme.md CARGO_PKG_REPOSITORY='https://github.com/Frommi/miniz_oxide/tree/master/miniz_oxide' CARGO_PKG_RUST_VERSION='' CARGO_PKG_VERSION=0.8.8 CARGO_PKG_VERSION_MAJOR=0 CARGO_PKG_VERSION_MINOR=8 CARGO_PKG_VERSION_PATCH=8 CARGO_PKG_VERSION_PRE='' LD_LIBRARY_PATH='/app/target/cpython-strict/build/primp-0.15.0/target/release/deps:/app/target/cpython-strict/host-tools/rustup/toolchains/nightly-2025-01-18-x86_64-unknown-linux-gnu/lib:/opt/kendryte-toolchain/bin/:' /app/target/cpython-strict/host-tools/rustup/toolchains/nightly-2025-01-18-x86_64-unknown-linux-gnu/bin/rustc --crate-name miniz_oxide --edition=2021 /app/target/cpython-strict/host-tools/cargo/registry/src/index.crates.io-1949cf8c6b5b557f/miniz_oxide-0.8.8/src/lib.rs --error-format=json --json=diagnostic-rendered-ansi,artifacts,future-incompat --crate-type lib --emit=dep-info,metadata,link -C opt-level=3 -C panic=abort -C linker-plugin-lto -C codegen-units=1 --warn=unexpected_cfgs --check-cfg 'cfg(fuzzing)' --cfg 'feature="with-alloc"' --check-cfg 'cfg(docsrs,test)' --check-cfg 'cfg(feature, values("alloc", "block-boundary", "compiler_builtins", "core", "default", "rustc-dep-of-std", "serde", "simd", "simd-adler32", "std", "with-alloc"))' -C metadata=68b091ad8bbac4ce -C extra-filename=-90d7129e5659b1a2 --out-dir /app/target/cpython-strict/build/primp-0.15.0/target/loongarch64-unknown-linux-musl/release/deps --target loongarch64-unknown-linux-musl -C linker=/app/target/cpython-strict/cross/loongarch64-linux-musl-gcc -C strip=symbols -L dependency=/app/target/cpython-strict/build/primp-0.15.0/target/loongarch64-unknown-linux-musl/release/deps -L dependency=/app/target/cpython-strict/build/primp-0.15.0/target/release/deps --extern adler2=/app/target/cpython-strict/build/primp-0.15.0/target/loongarch64-unknown-linux-musl/release/deps/libadler2-05b6bf648a132ecd.rmeta --cap-lints warn -C target-feature=-ual -C target-feature=-crt-static`
     Running `CARGO=/app/target/cpython-strict/host-tools/rustup/toolchains/nightly-2025-01-18-x86_64-unknown-linux-gnu/bin/cargo CARGO_CFG_FEATURE=default,std CARGO_CFG_FMT_DEBUG=full CARGO_CFG_OVERFLOW_CHECKS='' CARGO_CFG_PANIC=unwind CARGO_CFG_RELOCATION_MODEL=pic CARGO_CFG_TARGET_ABI='' CARGO_CFG_TARGET_ARCH=loongarch64 CARGO_CFG_TARGET_ENDIAN=little CARGO_CFG_TARGET_ENV=musl CARGO_CFG_TARGET_FAMILY=unix CARGO_CFG_TARGET_FEATURE=d,f,lsx CARGO_CFG_TARGET_HAS_ATOMIC=16,32,64,8,ptr CARGO_CFG_TARGET_HAS_ATOMIC_EQUAL_ALIGNMENT=16,32,64,8,ptr CARGO_CFG_TARGET_HAS_ATOMIC_LOAD_STORE=16,32,64,8,ptr CARGO_CFG_TARGET_OS=linux CARGO_CFG_TARGET_POINTER_WIDTH=64 CARGO_CFG_TARGET_THREAD_LOCAL='' CARGO_CFG_TARGET_VENDOR=unknown CARGO_CFG_UB_CHECKS='' CARGO_CFG_UNIX='' CARGO_ENCODED_RUSTFLAGS='-Ctarget-feature=-ual-Ctarget-feature=-crt-static' CARGO_FEATURE_DEFAULT=1 CARGO_FEATURE_STD=1 CARGO_MANIFEST_DIR=/app/target/cpython-strict/host-tools/cargo/registry/src/index.crates.io-1949cf8c6b5b557f/httparse-1.10.1 CARGO_MANIFEST_PATH=/app/target/cpython-strict/host-tools/cargo/registry/src/index.crates.io-1949cf8c6b5b557f/httparse-1.10.1/Cargo.toml CARGO_PKG_AUTHORS='Sean McArthur <sean@seanmonstar.com>' CARGO_PKG_DESCRIPTION='A tiny, safe, speedy, zero-copy HTTP/1.x parser.' CARGO_PKG_HOMEPAGE='' CARGO_PKG_LICENSE='MIT OR Apache-2.0' CARGO_PKG_LICENSE_FILE='' CARGO_PKG_NAME=httparse CARGO_PKG_README=README.md CARGO_PKG_REPOSITORY='https://github.com/seanmonstar/httparse' CARGO_PKG_RUST_VERSION='' CARGO_PKG_VERSION=1.10.1 CARGO_PKG_VERSION_MAJOR=1 CARGO_PKG_VERSION_MINOR=10 CARGO_PKG_VERSION_PATCH=1 CARGO_PKG_VERSION_PRE='' DEBUG=false HOST=x86_64-unknown-linux-gnu LD_LIBRARY_PATH='/app/target/cpython-strict/build/primp-0.15.0/target/release/deps:/app/target/cpython-strict/build/primp-0.15.0/target/release:/app/target/cpython-strict/host-tools/rustup/toolchains/nightly-2025-01-18-x86_64-unknown-linux-gnu/lib/rustlib/x86_64-unknown-linux-gnu/lib:/app/target/cpython-strict/host-tools/rustup/toolchains/nightly-2025-01-18-x86_64-unknown-linux-gnu/lib:/opt/kendryte-toolchain/bin/:' NUM_JOBS=10 OPT_LEVEL=3 OUT_DIR=/app/target/cpython-strict/build/primp-0.15.0/target/loongarch64-unknown-linux-musl/release/build/httparse-1e1b6fda2e4e0320/out PROFILE=release RUSTC=/app/target/cpython-strict/host-tools/rustup/toolchains/nightly-2025-01-18-x86_64-unknown-linux-gnu/bin/rustc RUSTC_LINKER=/app/target/cpython-strict/cross/loongarch64-linux-musl-gcc RUSTDOC=/app/target/cpython-strict/host-tools/rustup/toolchains/nightly-2025-01-18-x86_64-unknown-linux-gnu/bin/rustdoc TARGET=loongarch64-unknown-linux-musl /app/target/cpython-strict/build/primp-0.15.0/target/release/build/httparse-47f635e362c16c64/build-script-build`
warning: `futures-sink` (lib) generated 1 warning (1 duplicate)
   Compiling tokio-util v0.7.14
     Running `CARGO=/app/target/cpython-strict/host-tools/rustup/toolchains/nightly-2025-01-18-x86_64-unknown-linux-gnu/bin/cargo CARGO_CRATE_NAME=tokio_util CARGO_MANIFEST_DIR=/app/target/cpython-strict/host-tools/cargo/registry/src/index.crates.io-1949cf8c6b5b557f/tokio-util-0.7.14 CARGO_MANIFEST_PATH=/app/target/cpython-strict/host-tools/cargo/registry/src/index.crates.io-1949cf8c6b5b557f/tokio-util-0.7.14/Cargo.toml CARGO_PKG_AUTHORS='Tokio Contributors <team@tokio.rs>' CARGO_PKG_DESCRIPTION='Additional utilities for working with Tokio.
' CARGO_PKG_HOMEPAGE='https://tokio.rs' CARGO_PKG_LICENSE=MIT CARGO_PKG_LICENSE_FILE='' CARGO_PKG_NAME=tokio-util CARGO_PKG_README=README.md CARGO_PKG_REPOSITORY='https://github.com/tokio-rs/tokio' CARGO_PKG_RUST_VERSION=1.70 CARGO_PKG_VERSION=0.7.14 CARGO_PKG_VERSION_MAJOR=0 CARGO_PKG_VERSION_MINOR=7 CARGO_PKG_VERSION_PATCH=14 CARGO_PKG_VERSION_PRE='' LD_LIBRARY_PATH='/app/target/cpython-strict/build/primp-0.15.0/target/release/deps:/app/target/cpython-strict/host-tools/rustup/toolchains/nightly-2025-01-18-x86_64-unknown-linux-gnu/lib:/opt/kendryte-toolchain/bin/:' /app/target/cpython-strict/host-tools/rustup/toolchains/nightly-2025-01-18-x86_64-unknown-linux-gnu/bin/rustc --crate-name tokio_util --edition=2021 /app/target/cpython-strict/host-tools/cargo/registry/src/index.crates.io-1949cf8c6b5b557f/tokio-util-0.7.14/src/lib.rs --error-format=json --json=diagnostic-rendered-ansi,artifacts,future-incompat --crate-type lib --emit=dep-info,metadata,link -C opt-level=3 -C panic=abort -C linker-plugin-lto -C codegen-units=1 --warn=unexpected_cfgs --check-cfg 'cfg(fuzzing)' --check-cfg 'cfg(loom)' --check-cfg 'cfg(mio_unsupported_force_poll_poll)' --check-cfg 'cfg(tokio_allow_from_blocking_fd)' --check-cfg 'cfg(tokio_internal_mt_counters)' --check-cfg 'cfg(tokio_no_parking_lot)' --check-cfg 'cfg(tokio_no_tuning_tests)' --check-cfg 'cfg(tokio_taskdump)' --check-cfg 'cfg(tokio_unstable)' --cfg 'feature="codec"' --cfg 'feature="default"' --cfg 'feature="io"' --check-cfg 'cfg(docsrs,test)' --check-cfg 'cfg(feature, values("__docs_rs", "codec", "compat", "default", "full", "futures-io", "futures-util", "hashbrown", "io", "io-util", "net", "rt", "slab", "time", "tracing"))' -C metadata=0709d48e01584047 -C extra-filename=-feca4f0f0ee3e67f --out-dir /app/target/cpython-strict/build/primp-0.15.0/target/loongarch64-unknown-linux-musl/release/deps --target loongarch64-unknown-linux-musl -C linker=/app/target/cpython-strict/cross/loongarch64-linux-musl-gcc -C strip=symbols -L dependency=/app/target/cpython-strict/build/primp-0.15.0/target/loongarch64-unknown-linux-musl/release/deps -L dependency=/app/target/cpython-strict/build/primp-0.15.0/target/release/deps --extern bytes=/app/target/cpython-strict/build/primp-0.15.0/target/loongarch64-unknown-linux-musl/release/deps/libbytes-1ddf7578ed688089.rmeta --extern futures_core=/app/target/cpython-strict/build/primp-0.15.0/target/loongarch64-unknown-linux-musl/release/deps/libfutures_core-daefa865b4c0a4f1.rmeta --extern futures_sink=/app/target/cpython-strict/build/primp-0.15.0/target/loongarch64-unknown-linux-musl/release/deps/libfutures_sink-28a25ad543ac0124.rmeta --extern pin_project_lite=/app/target/cpython-strict/build/primp-0.15.0/target/loongarch64-unknown-linux-musl/release/deps/libpin_project_lite-50dcae2c8ff1a98e.rmeta --extern tokio=/app/target/cpython-strict/build/primp-0.15.0/target/loongarch64-unknown-linux-musl/release/deps/libtokio-a9e1076261fd66b2.rmeta --cap-lints warn -C target-feature=-ual -C target-feature=-crt-static`
   Compiling mime_guess v2.0.5
     Running `CARGO=/app/target/cpython-strict/host-tools/rustup/toolchains/nightly-2025-01-18-x86_64-unknown-linux-gnu/bin/cargo CARGO_CRATE_NAME=build_script_build CARGO_MANIFEST_DIR=/app/target/cpython-strict/host-tools/cargo/registry/src/index.crates.io-1949cf8c6b5b557f/mime_guess-2.0.5 CARGO_MANIFEST_PATH=/app/target/cpython-strict/host-tools/cargo/registry/src/index.crates.io-1949cf8c6b5b557f/mime_guess-2.0.5/Cargo.toml CARGO_PKG_AUTHORS='Austin Bonander <austin.bonander@gmail.com>' CARGO_PKG_DESCRIPTION='A simple crate for detection of a file'\''s MIME type by its extension.' CARGO_PKG_HOMEPAGE='' CARGO_PKG_LICENSE=MIT CARGO_PKG_LICENSE_FILE='' CARGO_PKG_NAME=mime_guess CARGO_PKG_README=README.md CARGO_PKG_REPOSITORY='https://github.com/abonander/mime_guess' CARGO_PKG_RUST_VERSION='' CARGO_PKG_VERSION=2.0.5 CARGO_PKG_VERSION_MAJOR=2 CARGO_PKG_VERSION_MINOR=0 CARGO_PKG_VERSION_PATCH=5 CARGO_PKG_VERSION_PRE='' LD_LIBRARY_PATH='/app/target/cpython-strict/build/primp-0.15.0/target/release/deps:/app/target/cpython-strict/host-tools/rustup/toolchains/nightly-2025-01-18-x86_64-unknown-linux-gnu/lib:/opt/kendryte-toolchain/bin/:' /app/target/cpython-strict/host-tools/rustup/toolchains/nightly-2025-01-18-x86_64-unknown-linux-gnu/bin/rustc --crate-name build_script_build --edition=2015 /app/target/cpython-strict/host-tools/cargo/registry/src/index.crates.io-1949cf8c6b5b557f/mime_guess-2.0.5/build.rs --error-format=json --json=diagnostic-rendered-ansi,artifacts,future-incompat --crate-type bin --emit=dep-info,link -C embed-bitcode=no -C debug-assertions=off --check-cfg 'cfg(docsrs,test)' --check-cfg 'cfg(feature, values("default", "rev-mappings"))' -C metadata=c34e2bd355da859f -C extra-filename=-039885ad876b1a37 --out-dir /app/target/cpython-strict/build/primp-0.15.0/target/release/build/mime_guess-039885ad876b1a37 -C strip=symbols -L dependency=/app/target/cpython-strict/build/primp-0.15.0/target/release/deps --extern unicase=/app/target/cpython-strict/build/primp-0.15.0/target/release/deps/libunicase-19538e091f9daa25.rlib --cap-lints warn`
warning: unexpected `cfg` condition value: `phf`
 --> /app/target/cpython-strict/host-tools/cargo/registry/src/index.crates.io-1949cf8c6b5b557f/mime_guess-2.0.5/build.rs:1:7
  |
1 | #[cfg(feature = "phf")]
  |       ^^^^^^^^^^^^^^^
  |
  = note: expected values for `feature` are: `default` and `rev-mappings`
  = help: consider adding `phf` as a feature in `Cargo.toml`
  = note: see <https://doc.rust-lang.org/nightly/rustc/check-cfg/cargo-specifics.html> for more information about checking conditional configuration
  = note: `#[warn(unexpected_cfgs)]` on by default

warning: unexpected `cfg` condition value: `phf`
  --> /app/target/cpython-strict/host-tools/cargo/registry/src/index.crates.io-1949cf8c6b5b557f/mime_guess-2.0.5/build.rs:20:7
   |
20 | #[cfg(feature = "phf")]
   |       ^^^^^^^^^^^^^^^
   |
   = note: expected values for `feature` are: `default` and `rev-mappings`
   = help: consider adding `phf` as a feature in `Cargo.toml`
   = note: see <https://doc.rust-lang.org/nightly/rustc/check-cfg/cargo-specifics.html> for more information about checking conditional configuration

warning: unexpected `cfg` condition value: `phf`
  --> /app/target/cpython-strict/host-tools/cargo/registry/src/index.crates.io-1949cf8c6b5b557f/mime_guess-2.0.5/build.rs:41:7
   |
41 | #[cfg(feature = "phf")]
   |       ^^^^^^^^^^^^^^^
   |
   = note: expected values for `feature` are: `default` and `rev-mappings`
   = help: consider adding `phf` as a feature in `Cargo.toml`
   = note: see <https://doc.rust-lang.org/nightly/rustc/check-cfg/cargo-specifics.html> for more information about checking conditional configuration

warning: unexpected `cfg` condition value: `phf`
  --> /app/target/cpython-strict/host-tools/cargo/registry/src/index.crates.io-1949cf8c6b5b557f/mime_guess-2.0.5/build.rs:78:11
   |
78 | #[cfg(all(feature = "phf", feature = "rev-mappings"))]
   |           ^^^^^^^^^^^^^^^
   |
   = note: expected values for `feature` are: `default` and `rev-mappings`
   = help: consider adding `phf` as a feature in `Cargo.toml`
   = note: see <https://doc.rust-lang.org/nightly/rustc/check-cfg/cargo-specifics.html> for more information about checking conditional configuration

warning: unexpected `cfg` condition value: `phf`
   --> /app/target/cpython-strict/host-tools/cargo/registry/src/index.crates.io-1949cf8c6b5b557f/mime_guess-2.0.5/build.rs:123:15
    |
123 | #[cfg(all(not(feature = "phf"), feature = "rev-mappings"))]
    |               ^^^^^^^^^^^^^^^
    |
    = note: expected values for `feature` are: `default` and `rev-mappings`
    = help: consider adding `phf` as a feature in `Cargo.toml`
    = note: see <https://doc.rust-lang.org/nightly/rustc/check-cfg/cargo-specifics.html> for more information about checking conditional configuration

warning: unused import: `unicase::UniCase`
 --> /app/target/cpython-strict/host-tools/cargo/registry/src/index.crates.io-1949cf8c6b5b557f/mime_guess-2.0.5/build.rs:5:5
  |
5 | use unicase::UniCase;
  |     ^^^^^^^^^^^^^^^^
  |
  = note: `#[warn(unused_imports)]` on by default

warning: unused import: `std::io::prelude::*`
 --> /app/target/cpython-strict/host-tools/cargo/registry/src/index.crates.io-1949cf8c6b5b557f/mime_guess-2.0.5/build.rs:9:5
  |
9 | use std::io::prelude::*;
  |     ^^^^^^^^^^^^^^^^^^^

warning: unused import: `std::collections::BTreeMap`
  --> /app/target/cpython-strict/host-tools/cargo/registry/src/index.crates.io-1949cf8c6b5b557f/mime_guess-2.0.5/build.rs:13:5
   |
13 | use std::collections::BTreeMap;
   |     ^^^^^^^^^^^^^^^^^^^^^^^^^^

warning: unused import: `mime_types::MIME_TYPES`
  --> /app/target/cpython-strict/host-tools/cargo/registry/src/index.crates.io-1949cf8c6b5b557f/mime_guess-2.0.5/build.rs:15:5
   |
15 | use mime_types::MIME_TYPES;
   |     ^^^^^^^^^^^^^^^^^^^^^^

warning: unexpected `cfg` condition value: `phf`
  --> /app/target/cpython-strict/host-tools/cargo/registry/src/index.crates.io-1949cf8c6b5b557f/mime_guess-2.0.5/build.rs:33:11
   |
33 |     #[cfg(feature = "phf")]
   |           ^^^^^^^^^^^^^^^
   |
   = note: expected values for `feature` are: `default` and `rev-mappings`
   = help: consider adding `phf` as a feature in `Cargo.toml`
   = note: see <https://doc.rust-lang.org/nightly/rustc/check-cfg/cargo-specifics.html> for more information about checking conditional configuration

   Compiling foreign-types v0.5.0
     Running `CARGO=/app/target/cpython-strict/host-tools/rustup/toolchains/nightly-2025-01-18-x86_64-unknown-linux-gnu/bin/cargo CARGO_CRATE_NAME=foreign_types CARGO_MANIFEST_DIR=/app/target/cpython-strict/host-tools/cargo/registry/src/index.crates.io-1949cf8c6b5b557f/foreign-types-0.5.0 CARGO_MANIFEST_PATH=/app/target/cpython-strict/host-tools/cargo/registry/src/index.crates.io-1949cf8c6b5b557f/foreign-types-0.5.0/Cargo.toml CARGO_PKG_AUTHORS='Steven Fackler <sfackler@gmail.com>' CARGO_PKG_DESCRIPTION='A framework for Rust wrappers over C APIs' CARGO_PKG_HOMEPAGE='' CARGO_PKG_LICENSE=MIT/Apache-2.0 CARGO_PKG_LICENSE_FILE='' CARGO_PKG_NAME=foreign-types CARGO_PKG_README=README.md CARGO_PKG_REPOSITORY='https://github.com/sfackler/foreign-types' CARGO_PKG_RUST_VERSION='' CARGO_PKG_VERSION=0.5.0 CARGO_PKG_VERSION_MAJOR=0 CARGO_PKG_VERSION_MINOR=5 CARGO_PKG_VERSION_PATCH=0 CARGO_PKG_VERSION_PRE='' LD_LIBRARY_PATH='/app/target/cpython-strict/build/primp-0.15.0/target/release/deps:/app/target/cpython-strict/host-tools/rustup/toolchains/nightly-2025-01-18-x86_64-unknown-linux-gnu/lib:/opt/kendryte-toolchain/bin/:' /app/target/cpython-strict/host-tools/rustup/toolchains/nightly-2025-01-18-x86_64-unknown-linux-gnu/bin/rustc --crate-name foreign_types --edition=2018 /app/target/cpython-strict/host-tools/cargo/registry/src/index.crates.io-1949cf8c6b5b557f/foreign-types-0.5.0/src/lib.rs --error-format=json --json=diagnostic-rendered-ansi,artifacts,future-incompat --crate-type lib --emit=dep-info,metadata,link -C opt-level=3 -C panic=abort -C linker-plugin-lto -C codegen-units=1 --cfg 'feature="default"' --cfg 'feature="std"' --check-cfg 'cfg(docsrs,test)' --check-cfg 'cfg(feature, values("default", "std"))' -C metadata=8c8b5fe9ec833d80 -C extra-filename=-b62dd449e7a4d1ca --out-dir /app/target/cpython-strict/build/primp-0.15.0/target/loongarch64-unknown-linux-musl/release/deps --target loongarch64-unknown-linux-musl -C linker=/app/target/cpython-strict/cross/loongarch64-linux-musl-gcc -C strip=symbols -L dependency=/app/target/cpython-strict/build/primp-0.15.0/target/loongarch64-unknown-linux-musl/release/deps -L dependency=/app/target/cpython-strict/build/primp-0.15.0/target/release/deps --extern foreign_types_macros=/app/target/cpython-strict/build/primp-0.15.0/target/release/deps/libforeign_types_macros-f8bfb9483671064a.so --extern foreign_types_shared=/app/target/cpython-strict/build/primp-0.15.0/target/loongarch64-unknown-linux-musl/release/deps/libforeign_types_shared-61951e5b7697fe7a.rmeta --cap-lints warn -C target-feature=-ual -C target-feature=-crt-static`
warning: unused variable: `outfile`
  --> /app/target/cpython-strict/host-tools/cargo/registry/src/index.crates.io-1949cf8c6b5b557f/mime_guess-2.0.5/build.rs:26:13
   |
26 |     let mut outfile = BufWriter::new(File::create(&dest_path).unwrap());
   |             ^^^^^^^ help: if this is intentional, prefix it with an underscore: `_outfile`
   |
   = note: `#[warn(unused_variables)]` on by default

warning: variable does not need to be mutable
  --> /app/target/cpython-strict/host-tools/cargo/registry/src/index.crates.io-1949cf8c6b5b557f/mime_guess-2.0.5/build.rs:26:9
   |
26 |     let mut outfile = BufWriter::new(File::create(&dest_path).unwrap());
   |         ----^^^^^^^
   |         |
   |         help: remove this `mut`
   |
   = note: `#[warn(unused_mut)]` on by default

warning: function `split_mime` is never used
   --> /app/target/cpython-strict/host-tools/cargo/registry/src/index.crates.io-1949cf8c6b5b557f/mime_guess-2.0.5/build.rs:193:4
    |
193 | fn split_mime(mime: &str) -> (&str, &str) {
    |    ^^^^^^^^^^
    |
    = note: `#[warn(dead_code)]` on by default

warning: static `MIME_TYPES` is never used
  --> /app/target/cpython-strict/host-tools/cargo/registry/src/index.crates.io-1949cf8c6b5b557f/mime_guess-2.0.5/src/mime_types.rs:20:12
   |
20 | pub static MIME_TYPES: &[(&str, &[&str])] = &[
   |            ^^^^^^^^^^

warning: `tendril` (lib) generated 1 warning (1 duplicate)
   Compiling icu_normalizer v1.5.0
     Running `CARGO=/app/target/cpython-strict/host-tools/rustup/toolchains/nightly-2025-01-18-x86_64-unknown-linux-gnu/bin/cargo CARGO_CRATE_NAME=icu_normalizer CARGO_MANIFEST_DIR=/app/target/cpython-strict/host-tools/cargo/registry/src/index.crates.io-1949cf8c6b5b557f/icu_normalizer-1.5.0 CARGO_MANIFEST_PATH=/app/target/cpython-strict/host-tools/cargo/registry/src/index.crates.io-1949cf8c6b5b557f/icu_normalizer-1.5.0/Cargo.toml CARGO_PKG_AUTHORS='The ICU4X Project Developers' CARGO_PKG_DESCRIPTION='API for normalizing text into Unicode Normalization Forms' CARGO_PKG_HOMEPAGE='https://icu4x.unicode.org' CARGO_PKG_LICENSE=Unicode-3.0 CARGO_PKG_LICENSE_FILE='' CARGO_PKG_NAME=icu_normalizer CARGO_PKG_README=README.md CARGO_PKG_REPOSITORY='https://github.com/unicode-org/icu4x' CARGO_PKG_RUST_VERSION=1.67 CARGO_PKG_VERSION=1.5.0 CARGO_PKG_VERSION_MAJOR=1 CARGO_PKG_VERSION_MINOR=5 CARGO_PKG_VERSION_PATCH=0 CARGO_PKG_VERSION_PRE='' LD_LIBRARY_PATH='/app/target/cpython-strict/build/primp-0.15.0/target/release/deps:/app/target/cpython-strict/host-tools/rustup/toolchains/nightly-2025-01-18-x86_64-unknown-linux-gnu/lib:/opt/kendryte-toolchain/bin/:' /app/target/cpython-strict/host-tools/rustup/toolchains/nightly-2025-01-18-x86_64-unknown-linux-gnu/bin/rustc --crate-name icu_normalizer --edition=2021 /app/target/cpython-strict/host-tools/cargo/registry/src/index.crates.io-1949cf8c6b5b557f/icu_normalizer-1.5.0/src/lib.rs --error-format=json --json=diagnostic-rendered-ansi,artifacts,future-incompat --crate-type lib --emit=dep-info,metadata,link -C opt-level=3 -C panic=abort -C linker-plugin-lto -C codegen-units=1 --cfg 'feature="compiled_data"' --cfg 'feature="default"' --check-cfg 'cfg(docsrs,test)' --check-cfg 'cfg(feature, values("compiled_data", "datagen", "default", "experimental", "serde", "std"))' -C metadata=d461f82196bba629 -C extra-filename=-2792c8e635ffe618 --out-dir /app/target/cpython-strict/build/primp-0.15.0/target/loongarch64-unknown-linux-musl/release/deps --target loongarch64-unknown-linux-musl -C linker=/app/target/cpython-strict/cross/loongarch64-linux-musl-gcc -C strip=symbols -L dependency=/app/target/cpython-strict/build/primp-0.15.0/target/loongarch64-unknown-linux-musl/release/deps -L dependency=/app/target/cpython-strict/build/primp-0.15.0/target/release/deps --extern displaydoc=/app/target/cpython-strict/build/primp-0.15.0/target/release/deps/libdisplaydoc-79a507322597fbb7.so --extern icu_collections=/app/target/cpython-strict/build/primp-0.15.0/target/loongarch64-unknown-linux-musl/release/deps/libicu_collections-e38625debaf27534.rmeta --extern icu_normalizer_data=/app/target/cpython-strict/build/primp-0.15.0/target/loongarch64-unknown-linux-musl/release/deps/libicu_normalizer_data-22159ba3df7c96ef.rmeta --extern icu_properties=/app/target/cpython-strict/build/primp-0.15.0/target/loongarch64-unknown-linux-musl/release/deps/libicu_properties-4fbd353d7a2052be.rmeta --extern icu_provider=/app/target/cpython-strict/build/primp-0.15.0/target/loongarch64-unknown-linux-musl/release/deps/libicu_provider-7eb6664f6c11cc24.rmeta --extern smallvec=/app/target/cpython-strict/build/primp-0.15.0/target/loongarch64-unknown-linux-musl/release/deps/libsmallvec-11d62a66e49144d9.rmeta --extern utf16_iter=/app/target/cpython-strict/build/primp-0.15.0/target/loongarch64-unknown-linux-musl/release/deps/libutf16_iter-72fc560319bac5eb.rmeta --extern utf8_iter=/app/target/cpython-strict/build/primp-0.15.0/target/loongarch64-unknown-linux-musl/release/deps/libutf8_iter-71a4887e5173af1f.rmeta --extern write16=/app/target/cpython-strict/build/primp-0.15.0/target/loongarch64-unknown-linux-musl/release/deps/libwrite16-689b7fbcdf165c3b.rmeta --extern zerovec=/app/target/cpython-strict/build/primp-0.15.0/target/loongarch64-unknown-linux-musl/release/deps/libzerovec-242002c21e466685.rmeta --cap-lints warn -C target-feature=-ual -C target-feature=-crt-static`
warning: `foreign-types` (lib) generated 1 warning (1 duplicate)
   Compiling string_cache v0.8.9
     Running `CARGO=/app/target/cpython-strict/host-tools/rustup/toolchains/nightly-2025-01-18-x86_64-unknown-linux-gnu/bin/cargo CARGO_CRATE_NAME=string_cache CARGO_MANIFEST_DIR=/app/target/cpython-strict/host-tools/cargo/registry/src/index.crates.io-1949cf8c6b5b557f/string_cache-0.8.9 CARGO_MANIFEST_PATH=/app/target/cpython-strict/host-tools/cargo/registry/src/index.crates.io-1949cf8c6b5b557f/string_cache-0.8.9/Cargo.toml CARGO_PKG_AUTHORS='The Servo Project Developers' CARGO_PKG_DESCRIPTION='A string interning library for Rust, developed as part of the Servo project.' CARGO_PKG_HOMEPAGE='' CARGO_PKG_LICENSE='MIT OR Apache-2.0' CARGO_PKG_LICENSE_FILE='' CARGO_PKG_NAME=string_cache CARGO_PKG_README=README.md CARGO_PKG_REPOSITORY='https://github.com/servo/string-cache' CARGO_PKG_RUST_VERSION=1.70.0 CARGO_PKG_VERSION=0.8.9 CARGO_PKG_VERSION_MAJOR=0 CARGO_PKG_VERSION_MINOR=8 CARGO_PKG_VERSION_PATCH=9 CARGO_PKG_VERSION_PRE='' LD_LIBRARY_PATH='/app/target/cpython-strict/build/primp-0.15.0/target/release/deps:/app/target/cpython-strict/host-tools/rustup/toolchains/nightly-2025-01-18-x86_64-unknown-linux-gnu/lib:/opt/kendryte-toolchain/bin/:' /app/target/cpython-strict/host-tools/rustup/toolchains/nightly-2025-01-18-x86_64-unknown-linux-gnu/bin/rustc --crate-name string_cache --edition=2018 /app/target/cpython-strict/host-tools/cargo/registry/src/index.crates.io-1949cf8c6b5b557f/string_cache-0.8.9/src/lib.rs --error-format=json --json=diagnostic-rendered-ansi,artifacts,future-incompat --crate-type lib --emit=dep-info,metadata,link -C opt-level=3 -C panic=abort -C linker-plugin-lto -C codegen-units=1 --cfg 'feature="default"' --cfg 'feature="serde"' --cfg 'feature="serde_support"' --check-cfg 'cfg(docsrs,test)' --check-cfg 'cfg(feature, values("default", "malloc_size_of", "serde", "serde_support"))' -C metadata=52358d040bc63c3b -C extra-filename=-b71ddb5ecfb90f92 --out-dir /app/target/cpython-strict/build/primp-0.15.0/target/loongarch64-unknown-linux-musl/release/deps --target loongarch64-unknown-linux-musl -C linker=/app/target/cpython-strict/cross/loongarch64-linux-musl-gcc -C strip=symbols -L dependency=/app/target/cpython-strict/build/primp-0.15.0/target/loongarch64-unknown-linux-musl/release/deps -L dependency=/app/target/cpython-strict/build/primp-0.15.0/target/release/deps --extern debug_unreachable=/app/target/cpython-strict/build/primp-0.15.0/target/loongarch64-unknown-linux-musl/release/deps/libdebug_unreachable-f701305602fc5440.rmeta --extern parking_lot=/app/target/cpython-strict/build/primp-0.15.0/target/loongarch64-unknown-linux-musl/release/deps/libparking_lot-367baf77b5c66b29.rmeta --extern phf_shared=/app/target/cpython-strict/build/primp-0.15.0/target/loongarch64-unknown-linux-musl/release/deps/libphf_shared-5d13426395a83afb.rmeta --extern precomputed_hash=/app/target/cpython-strict/build/primp-0.15.0/target/loongarch64-unknown-linux-musl/release/deps/libprecomputed_hash-04220b9bacc280a3.rmeta --extern serde=/app/target/cpython-strict/build/primp-0.15.0/target/loongarch64-unknown-linux-musl/release/deps/libserde-42659d74a8c85009.rmeta --cap-lints warn -C target-feature=-ual -C target-feature=-crt-static`
warning: `memchr` (lib) generated 1 warning (1 duplicate)
   Compiling pyo3-macros v0.24.1
     Running `CARGO=/app/target/cpython-strict/host-tools/rustup/toolchains/nightly-2025-01-18-x86_64-unknown-linux-gnu/bin/cargo CARGO_CRATE_NAME=pyo3_macros CARGO_MANIFEST_DIR=/app/target/cpython-strict/host-tools/cargo/registry/src/index.crates.io-1949cf8c6b5b557f/pyo3-macros-0.24.1 CARGO_MANIFEST_PATH=/app/target/cpython-strict/host-tools/cargo/registry/src/index.crates.io-1949cf8c6b5b557f/pyo3-macros-0.24.1/Cargo.toml CARGO_PKG_AUTHORS='PyO3 Project and Contributors <https://github.com/PyO3>' CARGO_PKG_DESCRIPTION='Proc macros for PyO3 package' CARGO_PKG_HOMEPAGE='https://github.com/pyo3/pyo3' CARGO_PKG_LICENSE='MIT OR Apache-2.0' CARGO_PKG_LICENSE_FILE='' CARGO_PKG_NAME=pyo3-macros CARGO_PKG_README='' CARGO_PKG_REPOSITORY='https://github.com/pyo3/pyo3' CARGO_PKG_RUST_VERSION=1.63 CARGO_PKG_VERSION=0.24.1 CARGO_PKG_VERSION_MAJOR=0 CARGO_PKG_VERSION_MINOR=24 CARGO_PKG_VERSION_PATCH=1 CARGO_PKG_VERSION_PRE='' LD_LIBRARY_PATH='/app/target/cpython-strict/build/primp-0.15.0/target/release/deps:/app/target/cpython-strict/host-tools/rustup/toolchains/nightly-2025-01-18-x86_64-unknown-linux-gnu/lib:/opt/kendryte-toolchain/bin/:' /app/target/cpython-strict/host-tools/rustup/toolchains/nightly-2025-01-18-x86_64-unknown-linux-gnu/bin/rustc --crate-name pyo3_macros --edition=2021 /app/target/cpython-strict/host-tools/cargo/registry/src/index.crates.io-1949cf8c6b5b557f/pyo3-macros-0.24.1/src/lib.rs --error-format=json --json=diagnostic-rendered-ansi,artifacts,future-incompat --crate-type proc-macro --emit=dep-info,link -C prefer-dynamic -C embed-bitcode=no --warn=rust_2018_idioms '--warn=clippy::useless_transmute' '--warn=clippy::used_underscore_binding' --warn=unused_lifetimes --warn=unsafe_op_in_unsafe_fn '--warn=clippy::unnecessary_wraps' '--warn=clippy::todo' --warn=rust_2021_prelude_collisions '--warn=clippy::manual_ok_or' '--warn=clippy::manual_assert' '--warn=clippy::let_unit_value' --warn=invalid_doc_attributes '--warn=clippy::flat_map_option' '--warn=clippy::filter_map_next' '--warn=clippy::explicit_iter_loop' '--warn=clippy::explicit_into_iter_loop' --warn=elided_lifetimes_in_paths '--warn=clippy::dbg_macro' '--warn=clippy::checked_conversions' '--warn=rustdoc::broken_intra_doc_links' '--warn=rustdoc::bare_urls' -C debug-assertions=off --cfg 'feature="multiple-pymethods"' --check-cfg 'cfg(docsrs,test)' --check-cfg 'cfg(feature, values("experimental-async", "multiple-pymethods"))' -C metadata=0edfd8ef76c7a922 -C extra-filename=-df07ccc6e7dff130 --out-dir /app/target/cpython-strict/build/primp-0.15.0/target/release/deps -C strip=symbols -L dependency=/app/target/cpython-strict/build/primp-0.15.0/target/release/deps --extern proc_macro2=/app/target/cpython-strict/build/primp-0.15.0/target/release/deps/libproc_macro2-9db364b059323b41.rlib --extern pyo3_macros_backend=/app/target/cpython-strict/build/primp-0.15.0/target/release/deps/libpyo3_macros_backend-1979fd148ab8be0c.rlib --extern quote=/app/target/cpython-strict/build/primp-0.15.0/target/release/deps/libquote-430fd29c5f10253f.rlib --extern syn=/app/target/cpython-strict/build/primp-0.15.0/target/release/deps/libsyn-4f64c6980b94321d.rlib --extern proc_macro --cap-lints warn`
warning: unexpected `cfg` condition name: `skip`
   --> /app/target/cpython-strict/host-tools/cargo/registry/src/index.crates.io-1949cf8c6b5b557f/icu_normalizer-1.5.0/src/properties.rs:102:15
    |
102 |         #[cfg(skip)]
    |               ^^^^
    |
    = help: expected names are: `clippy`, `debug_assertions`, `doc`, `docsrs`, `doctest`, `feature`, `fmt_debug`, `miri`, `overflow_checks`, `panic`, `proc_macro`, `relocation_model`, `rustfmt`, `sanitize`, `sanitizer_cfi_generalize_pointers`, `sanitizer_cfi_normalize_integers`, `target_abi`, `target_arch`, `target_endian`, `target_env`, `target_family`, `target_feature`, `target_has_atomic`, `target_has_atomic_equal_alignment`, `target_has_atomic_load_store`, `target_os`, `target_pointer_width`, `target_thread_local`, `target_vendor`, `test`, `ub_checks`, `unix`, and `windows`
    = help: consider using a Cargo feature instead
    = help: or consider adding in `Cargo.toml` the `check-cfg` lint config for the lint:
             [lints.rust]
             unexpected_cfgs = { level = "warn", check-cfg = ['cfg(skip)'] }
    = help: or consider adding `println!("cargo::rustc-check-cfg=cfg(skip)");` to the top of the `build.rs`
    = note: see <https://doc.rust-lang.org/nightly/rustc/check-cfg/cargo-specifics.html> for more information about checking conditional configuration
    = note: `#[warn(unexpected_cfgs)]` on by default

warning: unexpected `cfg` condition name: `skip`
   --> /app/target/cpython-strict/host-tools/cargo/registry/src/index.crates.io-1949cf8c6b5b557f/icu_normalizer-1.5.0/src/properties.rs:394:15
    |
394 |         #[cfg(skip)]
    |               ^^^^
    |
    = help: consider using a Cargo feature instead
    = help: or consider adding in `Cargo.toml` the `check-cfg` lint config for the lint:
             [lints.rust]
             unexpected_cfgs = { level = "warn", check-cfg = ['cfg(skip)'] }
    = help: or consider adding `println!("cargo::rustc-check-cfg=cfg(skip)");` to the top of the `build.rs`
    = note: see <https://doc.rust-lang.org/nightly/rustc/check-cfg/cargo-specifics.html> for more information about checking conditional configuration

warning: unexpected `cfg` condition name: `skip`
   --> /app/target/cpython-strict/host-tools/cargo/registry/src/index.crates.io-1949cf8c6b5b557f/icu_normalizer-1.5.0/src/properties.rs:502:15
    |
502 |         #[cfg(skip)]
    |               ^^^^
    |
    = help: consider using a Cargo feature instead
    = help: or consider adding in `Cargo.toml` the `check-cfg` lint config for the lint:
             [lints.rust]
             unexpected_cfgs = { level = "warn", check-cfg = ['cfg(skip)'] }
    = help: or consider adding `println!("cargo::rustc-check-cfg=cfg(skip)");` to the top of the `build.rs`
    = note: see <https://doc.rust-lang.org/nightly/rustc/check-cfg/cargo-specifics.html> for more information about checking conditional configuration

warning: unexpected `cfg` condition name: `skip`
    --> /app/target/cpython-strict/host-tools/cargo/registry/src/index.crates.io-1949cf8c6b5b557f/icu_normalizer-1.5.0/src/lib.rs:1615:15
     |
1615 |         #[cfg(skip)]
     |               ^^^^
     |
     = help: consider using a Cargo feature instead
     = help: or consider adding in `Cargo.toml` the `check-cfg` lint config for the lint:
              [lints.rust]
              unexpected_cfgs = { level = "warn", check-cfg = ['cfg(skip)'] }
     = help: or consider adding `println!("cargo::rustc-check-cfg=cfg(skip)");` to the top of the `build.rs`
     = note: see <https://doc.rust-lang.org/nightly/rustc/check-cfg/cargo-specifics.html> for more information about checking conditional configuration

warning: unexpected `cfg` condition name: `skip`
    --> /app/target/cpython-strict/host-tools/cargo/registry/src/index.crates.io-1949cf8c6b5b557f/icu_normalizer-1.5.0/src/lib.rs:1721:15
     |
1721 |         #[cfg(skip)]
     |               ^^^^
     |
     = help: consider using a Cargo feature instead
     = help: or consider adding in `Cargo.toml` the `check-cfg` lint config for the lint:
              [lints.rust]
              unexpected_cfgs = { level = "warn", check-cfg = ['cfg(skip)'] }
     = help: or consider adding `println!("cargo::rustc-check-cfg=cfg(skip)");` to the top of the `build.rs`
     = note: see <https://doc.rust-lang.org/nightly/rustc/check-cfg/cargo-specifics.html> for more information about checking conditional configuration

warning: unexpected `cfg` condition name: `skip`
    --> /app/target/cpython-strict/host-tools/cargo/registry/src/index.crates.io-1949cf8c6b5b557f/icu_normalizer-1.5.0/src/lib.rs:2217:15
     |
2217 |         #[cfg(skip)]
     |               ^^^^
     |
     = help: consider using a Cargo feature instead
     = help: or consider adding in `Cargo.toml` the `check-cfg` lint config for the lint:
              [lints.rust]
              unexpected_cfgs = { level = "warn", check-cfg = ['cfg(skip)'] }
     = help: or consider adding `println!("cargo::rustc-check-cfg=cfg(skip)");` to the top of the `build.rs`
     = note: see <https://doc.rust-lang.org/nightly/rustc/check-cfg/cargo-specifics.html> for more information about checking conditional configuration

warning: unexpected `cfg` condition name: `skip`
    --> /app/target/cpython-strict/host-tools/cargo/registry/src/index.crates.io-1949cf8c6b5b557f/icu_normalizer-1.5.0/src/lib.rs:2265:15
     |
2265 |         #[cfg(skip)]
     |               ^^^^
     |
     = help: consider using a Cargo feature instead
     = help: or consider adding in `Cargo.toml` the `check-cfg` lint config for the lint:
              [lints.rust]
              unexpected_cfgs = { level = "warn", check-cfg = ['cfg(skip)'] }
     = help: or consider adding `println!("cargo::rustc-check-cfg=cfg(skip)");` to the top of the `build.rs`
     = note: see <https://doc.rust-lang.org/nightly/rustc/check-cfg/cargo-specifics.html> for more information about checking conditional configuration

warning: `mime_guess` (build script) generated 14 warnings
     Running `CARGO=/app/target/cpython-strict/host-tools/rustup/toolchains/nightly-2025-01-18-x86_64-unknown-linux-gnu/bin/cargo CARGO_CFG_FEATURE='' CARGO_CFG_FMT_DEBUG=full CARGO_CFG_OVERFLOW_CHECKS='' CARGO_CFG_PANIC=unwind CARGO_CFG_RELOCATION_MODEL=pic CARGO_CFG_TARGET_ABI='' CARGO_CFG_TARGET_ARCH=loongarch64 CARGO_CFG_TARGET_ENDIAN=little CARGO_CFG_TARGET_ENV=musl CARGO_CFG_TARGET_FAMILY=unix CARGO_CFG_TARGET_FEATURE=d,f,lsx CARGO_CFG_TARGET_HAS_ATOMIC=16,32,64,8,ptr CARGO_CFG_TARGET_HAS_ATOMIC_EQUAL_ALIGNMENT=16,32,64,8,ptr CARGO_CFG_TARGET_HAS_ATOMIC_LOAD_STORE=16,32,64,8,ptr CARGO_CFG_TARGET_OS=linux CARGO_CFG_TARGET_POINTER_WIDTH=64 CARGO_CFG_TARGET_THREAD_LOCAL='' CARGO_CFG_TARGET_VENDOR=unknown CARGO_CFG_UB_CHECKS='' CARGO_CFG_UNIX='' CARGO_ENCODED_RUSTFLAGS='-Ctarget-feature=-ual-Ctarget-feature=-crt-static' CARGO_MANIFEST_DIR=/app/target/cpython-strict/host-tools/cargo/registry/src/index.crates.io-1949cf8c6b5b557f/markup5ever-0.16.0 CARGO_MANIFEST_PATH=/app/target/cpython-strict/host-tools/cargo/registry/src/index.crates.io-1949cf8c6b5b557f/markup5ever-0.16.0/Cargo.toml CARGO_PKG_AUTHORS='The html5ever Project Developers' CARGO_PKG_DESCRIPTION='Common code for xml5ever and html5ever' CARGO_PKG_HOMEPAGE='' CARGO_PKG_LICENSE='MIT OR Apache-2.0' CARGO_PKG_LICENSE_FILE='' CARGO_PKG_NAME=markup5ever CARGO_PKG_README='' CARGO_PKG_REPOSITORY='https://github.com/servo/html5ever' CARGO_PKG_RUST_VERSION=1.70.0 CARGO_PKG_VERSION=0.16.0 CARGO_PKG_VERSION_MAJOR=0 CARGO_PKG_VERSION_MINOR=16 CARGO_PKG_VERSION_PATCH=0 CARGO_PKG_VERSION_PRE='' DEBUG=false HOST=x86_64-unknown-linux-gnu LD_LIBRARY_PATH='/app/target/cpython-strict/build/primp-0.15.0/target/release/deps:/app/target/cpython-strict/build/primp-0.15.0/target/release:/app/target/cpython-strict/host-tools/rustup/toolchains/nightly-2025-01-18-x86_64-unknown-linux-gnu/lib/rustlib/x86_64-unknown-linux-gnu/lib:/app/target/cpython-strict/host-tools/rustup/toolchains/nightly-2025-01-18-x86_64-unknown-linux-gnu/lib:/opt/kendryte-toolchain/bin/:' NUM_JOBS=10 OPT_LEVEL=3 OUT_DIR=/app/target/cpython-strict/build/primp-0.15.0/target/loongarch64-unknown-linux-musl/release/build/markup5ever-9ca211d10d1996ba/out PROFILE=release RUSTC=/app/target/cpython-strict/host-tools/rustup/toolchains/nightly-2025-01-18-x86_64-unknown-linux-gnu/bin/rustc RUSTC_LINKER=/app/target/cpython-strict/cross/loongarch64-linux-musl-gcc RUSTDOC=/app/target/cpython-strict/host-tools/rustup/toolchains/nightly-2025-01-18-x86_64-unknown-linux-gnu/bin/rustdoc TARGET=loongarch64-unknown-linux-musl /app/target/cpython-strict/build/primp-0.15.0/target/release/build/markup5ever-a368f4f0296cbc0b/build-script-build`
[boring-sys2 4.15.11] CMake Warning:
[boring-sys2 4.15.11]   Manually-specified variables were not used by the project:
[boring-sys2 4.15.11] 
[boring-sys2 4.15.11]     CMAKE_ASM_COMPILER
[boring-sys2 4.15.11]     CMAKE_ASM_COMPILER_TARGET
[boring-sys2 4.15.11]     CMAKE_ASM_FLAGS
[boring-sys2 4.15.11] 
[boring-sys2 4.15.11] 
warning: `icu_properties` (lib) generated 4 warnings (1 duplicate)
     Running `CARGO=/app/target/cpython-strict/host-tools/rustup/toolchains/nightly-2025-01-18-x86_64-unknown-linux-gnu/bin/cargo CARGO_CFG_FEATURE=abi3,abi3-py310,abi3-py311,abi3-py312,abi3-py313,abi3-py38,abi3-py39,anyhow,default,extension-module,indexmap,indoc,inventory,macros,multiple-pymethods,pyo3-macros,unindent CARGO_CFG_FMT_DEBUG=full CARGO_CFG_OVERFLOW_CHECKS='' CARGO_CFG_PANIC=unwind CARGO_CFG_RELOCATION_MODEL=pic CARGO_CFG_TARGET_ABI='' CARGO_CFG_TARGET_ARCH=loongarch64 CARGO_CFG_TARGET_ENDIAN=little CARGO_CFG_TARGET_ENV=musl CARGO_CFG_TARGET_FAMILY=unix CARGO_CFG_TARGET_FEATURE=d,f,lsx CARGO_CFG_TARGET_HAS_ATOMIC=16,32,64,8,ptr CARGO_CFG_TARGET_HAS_ATOMIC_EQUAL_ALIGNMENT=16,32,64,8,ptr CARGO_CFG_TARGET_HAS_ATOMIC_LOAD_STORE=16,32,64,8,ptr CARGO_CFG_TARGET_OS=linux CARGO_CFG_TARGET_POINTER_WIDTH=64 CARGO_CFG_TARGET_THREAD_LOCAL='' CARGO_CFG_TARGET_VENDOR=unknown CARGO_CFG_UB_CHECKS='' CARGO_CFG_UNIX='' CARGO_ENCODED_RUSTFLAGS='-Ctarget-feature=-ual-Ctarget-feature=-crt-static' CARGO_FEATURE_ABI3=1 CARGO_FEATURE_ABI3_PY310=1 CARGO_FEATURE_ABI3_PY311=1 CARGO_FEATURE_ABI3_PY312=1 CARGO_FEATURE_ABI3_PY313=1 CARGO_FEATURE_ABI3_PY38=1 CARGO_FEATURE_ABI3_PY39=1 CARGO_FEATURE_ANYHOW=1 CARGO_FEATURE_DEFAULT=1 CARGO_FEATURE_EXTENSION_MODULE=1 CARGO_FEATURE_INDEXMAP=1 CARGO_FEATURE_INDOC=1 CARGO_FEATURE_INVENTORY=1 CARGO_FEATURE_MACROS=1 CARGO_FEATURE_MULTIPLE_PYMETHODS=1 CARGO_FEATURE_PYO3_MACROS=1 CARGO_FEATURE_UNINDENT=1 CARGO_MANIFEST_DIR=/app/target/cpython-strict/host-tools/cargo/registry/src/index.crates.io-1949cf8c6b5b557f/pyo3-0.24.1 CARGO_MANIFEST_PATH=/app/target/cpython-strict/host-tools/cargo/registry/src/index.crates.io-1949cf8c6b5b557f/pyo3-0.24.1/Cargo.toml CARGO_PKG_AUTHORS='PyO3 Project and Contributors <https://github.com/PyO3>' CARGO_PKG_DESCRIPTION='Bindings to Python interpreter' CARGO_PKG_HOMEPAGE='https://github.com/pyo3/pyo3' CARGO_PKG_LICENSE='MIT OR Apache-2.0' CARGO_PKG_LICENSE_FILE='' CARGO_PKG_NAME=pyo3 CARGO_PKG_README=README.md CARGO_PKG_REPOSITORY='https://github.com/pyo3/pyo3' CARGO_PKG_RUST_VERSION=1.63 CARGO_PKG_VERSION=0.24.1 CARGO_PKG_VERSION_MAJOR=0 CARGO_PKG_VERSION_MINOR=24 CARGO_PKG_VERSION_PATCH=1 CARGO_PKG_VERSION_PRE='' DEBUG=false DEP_PYTHON_PYO3_CONFIG=696d706c656d656e746174696f6e3d43507974686f6e0a76657273696f6e3d332e380a7368617265643d747275650a616269333d747275650a6275696c645f666c6167733d0a73757070726573735f6275696c645f7363726970745f6c696e6b5f6c696e65733d66616c73650a HOST=x86_64-unknown-linux-gnu LD_LIBRARY_PATH='/app/target/cpython-strict/build/primp-0.15.0/target/release/deps:/app/target/cpython-strict/build/primp-0.15.0/target/release:/app/target/cpython-strict/host-tools/rustup/toolchains/nightly-2025-01-18-x86_64-unknown-linux-gnu/lib/rustlib/x86_64-unknown-linux-gnu/lib:/app/target/cpython-strict/host-tools/rustup/toolchains/nightly-2025-01-18-x86_64-unknown-linux-gnu/lib:/opt/kendryte-toolchain/bin/:' NUM_JOBS=10 OPT_LEVEL=3 OUT_DIR=/app/target/cpython-strict/build/primp-0.15.0/target/loongarch64-unknown-linux-musl/release/build/pyo3-55678ad552c51e89/out PROFILE=release RUSTC=/app/target/cpython-strict/host-tools/rustup/toolchains/nightly-2025-01-18-x86_64-unknown-linux-gnu/bin/rustc RUSTC_LINKER=/app/target/cpython-strict/cross/loongarch64-linux-musl-gcc RUSTDOC=/app/target/cpython-strict/host-tools/rustup/toolchains/nightly-2025-01-18-x86_64-unknown-linux-gnu/bin/rustdoc TARGET=loongarch64-unknown-linux-musl /app/target/cpython-strict/build/primp-0.15.0/target/release/build/pyo3-8247f747a05fdbfe/build-script-build`
[boring-sys2 4.15.11] gmake: warning: -j10 forced in submake: resetting jobserver mode.
     Running `CARGO=/app/target/cpython-strict/host-tools/rustup/toolchains/nightly-2025-01-18-x86_64-unknown-linux-gnu/bin/cargo CARGO_CRATE_NAME=memoffset CARGO_MANIFEST_DIR=/app/target/cpython-strict/host-tools/cargo/registry/src/index.crates.io-1949cf8c6b5b557f/memoffset-0.9.1 CARGO_MANIFEST_PATH=/app/target/cpython-strict/host-tools/cargo/registry/src/index.crates.io-1949cf8c6b5b557f/memoffset-0.9.1/Cargo.toml CARGO_PKG_AUTHORS='Gilad Naaman <gilad.naaman@gmail.com>' CARGO_PKG_DESCRIPTION='offset_of functionality for Rust structs.' CARGO_PKG_HOMEPAGE='' CARGO_PKG_LICENSE=MIT CARGO_PKG_LICENSE_FILE='' CARGO_PKG_NAME=memoffset CARGO_PKG_README=README.md CARGO_PKG_REPOSITORY='https://github.com/Gilnaa/memoffset' CARGO_PKG_RUST_VERSION='' CARGO_PKG_VERSION=0.9.1 CARGO_PKG_VERSION_MAJOR=0 CARGO_PKG_VERSION_MINOR=9 CARGO_PKG_VERSION_PATCH=1 CARGO_PKG_VERSION_PRE='' LD_LIBRARY_PATH='/app/target/cpython-strict/build/primp-0.15.0/target/release/deps:/app/target/cpython-strict/host-tools/rustup/toolchains/nightly-2025-01-18-x86_64-unknown-linux-gnu/lib:/opt/kendryte-toolchain/bin/:' OUT_DIR=/app/target/cpython-strict/build/primp-0.15.0/target/loongarch64-unknown-linux-musl/release/build/memoffset-03e41919ab698f99/out /app/target/cpython-strict/host-tools/rustup/toolchains/nightly-2025-01-18-x86_64-unknown-linux-gnu/bin/rustc --crate-name memoffset --edition=2015 /app/target/cpython-strict/host-tools/cargo/registry/src/index.crates.io-1949cf8c6b5b557f/memoffset-0.9.1/src/lib.rs --error-format=json --json=diagnostic-rendered-ansi,artifacts,future-incompat --crate-type lib --emit=dep-info,metadata,link -C opt-level=3 -C panic=abort -C linker-plugin-lto -C codegen-units=1 --cfg 'feature="default"' --check-cfg 'cfg(docsrs,test)' --check-cfg 'cfg(feature, values("default", "unstable_const", "unstable_offset_of"))' -C metadata=22126d2c35d441ad -C extra-filename=-abd3452c672736e3 --out-dir /app/target/cpython-strict/build/primp-0.15.0/target/loongarch64-unknown-linux-musl/release/deps --target loongarch64-unknown-linux-musl -C linker=/app/target/cpython-strict/cross/loongarch64-linux-musl-gcc -C strip=symbols -L dependency=/app/target/cpython-strict/build/primp-0.15.0/target/loongarch64-unknown-linux-musl/release/deps -L dependency=/app/target/cpython-strict/build/primp-0.15.0/target/release/deps --cap-lints warn -C target-feature=-ual -C target-feature=-crt-static --cfg tuple_ty --cfg allow_clippy --cfg maybe_uninit --cfg doctests --cfg raw_ref_macros --cfg stable_const --cfg stable_offset_of`
warning: unexpected `cfg` condition name: `doctests`
  --> /app/target/cpython-strict/host-tools/cargo/registry/src/index.crates.io-1949cf8c6b5b557f/memoffset-0.9.1/src/lib.rs:59:7
   |
59 | #[cfg(doctests)]
   |       ^^^^^^^^ help: there is a config with a similar name: `doctest`
   |
   = help: consider using a Cargo feature instead
   = help: or consider adding in `Cargo.toml` the `check-cfg` lint config for the lint:
            [lints.rust]
            unexpected_cfgs = { level = "warn", check-cfg = ['cfg(doctests)'] }
   = help: or consider adding `println!("cargo::rustc-check-cfg=cfg(doctests)");` to the top of the `build.rs`
   = note: see <https://doc.rust-lang.org/nightly/rustc/check-cfg/cargo-specifics.html> for more information about checking conditional configuration
   = note: `#[warn(unexpected_cfgs)]` on by default

warning: unexpected `cfg` condition name: `doctests`
  --> /app/target/cpython-strict/host-tools/cargo/registry/src/index.crates.io-1949cf8c6b5b557f/memoffset-0.9.1/src/lib.rs:62:7
   |
62 | #[cfg(doctests)]
   |       ^^^^^^^^ help: there is a config with a similar name: `doctest`
   |
   = help: consider using a Cargo feature instead
   = help: or consider adding in `Cargo.toml` the `check-cfg` lint config for the lint:
            [lints.rust]
            unexpected_cfgs = { level = "warn", check-cfg = ['cfg(doctests)'] }
   = help: or consider adding `println!("cargo::rustc-check-cfg=cfg(doctests)");` to the top of the `build.rs`
   = note: see <https://doc.rust-lang.org/nightly/rustc/check-cfg/cargo-specifics.html> for more information about checking conditional configuration

warning: unexpected `cfg` condition name: `raw_ref_macros`
  --> /app/target/cpython-strict/host-tools/cargo/registry/src/index.crates.io-1949cf8c6b5b557f/memoffset-0.9.1/src/raw_field.rs:22:7
   |
22 | #[cfg(raw_ref_macros)]
   |       ^^^^^^^^^^^^^^
   |
   = help: expected names are: `clippy`, `debug_assertions`, `doc`, `docsrs`, `doctest`, `feature`, `fmt_debug`, `miri`, `overflow_checks`, `panic`, `proc_macro`, `relocation_model`, `rustfmt`, `sanitize`, `sanitizer_cfi_generalize_pointers`, `sanitizer_cfi_normalize_integers`, `target_abi`, `target_arch`, `target_endian`, `target_env`, `target_family`, `target_feature`, `target_has_atomic`, `target_has_atomic_equal_alignment`, `target_has_atomic_load_store`, `target_os`, `target_pointer_width`, `target_thread_local`, `target_vendor`, `test`, `ub_checks`, `unix`, and `windows`
   = help: consider using a Cargo feature instead
   = help: or consider adding in `Cargo.toml` the `check-cfg` lint config for the lint:
            [lints.rust]
            unexpected_cfgs = { level = "warn", check-cfg = ['cfg(raw_ref_macros)'] }
   = help: or consider adding `println!("cargo::rustc-check-cfg=cfg(raw_ref_macros)");` to the top of the `build.rs`
   = note: see <https://doc.rust-lang.org/nightly/rustc/check-cfg/cargo-specifics.html> for more information about checking conditional configuration

warning: unexpected `cfg` condition name: `raw_ref_macros`
  --> /app/target/cpython-strict/host-tools/cargo/registry/src/index.crates.io-1949cf8c6b5b557f/memoffset-0.9.1/src/raw_field.rs:30:11
   |
30 | #[cfg(not(raw_ref_macros))]
   |           ^^^^^^^^^^^^^^
   |
   = help: consider using a Cargo feature instead
   = help: or consider adding in `Cargo.toml` the `check-cfg` lint config for the lint:
            [lints.rust]
            unexpected_cfgs = { level = "warn", check-cfg = ['cfg(raw_ref_macros)'] }
   = help: or consider adding `println!("cargo::rustc-check-cfg=cfg(raw_ref_macros)");` to the top of the `build.rs`
   = note: see <https://doc.rust-lang.org/nightly/rustc/check-cfg/cargo-specifics.html> for more information about checking conditional configuration

warning: unexpected `cfg` condition name: `allow_clippy`
  --> /app/target/cpython-strict/host-tools/cargo/registry/src/index.crates.io-1949cf8c6b5b557f/memoffset-0.9.1/src/raw_field.rs:57:7
   |
57 | #[cfg(allow_clippy)]
   |       ^^^^^^^^^^^^
   |
   = help: consider using a Cargo feature instead
   = help: or consider adding in `Cargo.toml` the `check-cfg` lint config for the lint:
            [lints.rust]
            unexpected_cfgs = { level = "warn", check-cfg = ['cfg(allow_clippy)'] }
   = help: or consider adding `println!("cargo::rustc-check-cfg=cfg(allow_clippy)");` to the top of the `build.rs`
   = note: see <https://doc.rust-lang.org/nightly/rustc/check-cfg/cargo-specifics.html> for more information about checking conditional configuration

warning: unexpected `cfg` condition name: `allow_clippy`
  --> /app/target/cpython-strict/host-tools/cargo/registry/src/index.crates.io-1949cf8c6b5b557f/memoffset-0.9.1/src/raw_field.rs:69:11
   |
69 | #[cfg(not(allow_clippy))]
   |           ^^^^^^^^^^^^
   |
   = help: consider using a Cargo feature instead
   = help: or consider adding in `Cargo.toml` the `check-cfg` lint config for the lint:
            [lints.rust]
            unexpected_cfgs = { level = "warn", check-cfg = ['cfg(allow_clippy)'] }
   = help: or consider adding `println!("cargo::rustc-check-cfg=cfg(allow_clippy)");` to the top of the `build.rs`
   = note: see <https://doc.rust-lang.org/nightly/rustc/check-cfg/cargo-specifics.html> for more information about checking conditional configuration

warning: unexpected `cfg` condition name: `allow_clippy`
  --> /app/target/cpython-strict/host-tools/cargo/registry/src/index.crates.io-1949cf8c6b5b557f/memoffset-0.9.1/src/raw_field.rs:90:7
   |
90 | #[cfg(allow_clippy)]
   |       ^^^^^^^^^^^^
   |
   = help: consider using a Cargo feature instead
   = help: or consider adding in `Cargo.toml` the `check-cfg` lint config for the lint:
            [lints.rust]
            unexpected_cfgs = { level = "warn", check-cfg = ['cfg(allow_clippy)'] }
   = help: or consider adding `println!("cargo::rustc-check-cfg=cfg(allow_clippy)");` to the top of the `build.rs`
   = note: see <https://doc.rust-lang.org/nightly/rustc/check-cfg/cargo-specifics.html> for more information about checking conditional configuration

warning: unexpected `cfg` condition name: `allow_clippy`
   --> /app/target/cpython-strict/host-tools/cargo/registry/src/index.crates.io-1949cf8c6b5b557f/memoffset-0.9.1/src/raw_field.rs:100:11
    |
100 | #[cfg(not(allow_clippy))]
    |           ^^^^^^^^^^^^
    |
    = help: consider using a Cargo feature instead
    = help: or consider adding in `Cargo.toml` the `check-cfg` lint config for the lint:
             [lints.rust]
             unexpected_cfgs = { level = "warn", check-cfg = ['cfg(allow_clippy)'] }
    = help: or consider adding `println!("cargo::rustc-check-cfg=cfg(allow_clippy)");` to the top of the `build.rs`
    = note: see <https://doc.rust-lang.org/nightly/rustc/check-cfg/cargo-specifics.html> for more information about checking conditional configuration

warning: unexpected `cfg` condition name: `allow_clippy`
   --> /app/target/cpython-strict/host-tools/cargo/registry/src/index.crates.io-1949cf8c6b5b557f/memoffset-0.9.1/src/raw_field.rs:125:7
    |
125 | #[cfg(allow_clippy)]
    |       ^^^^^^^^^^^^
    |
    = help: consider using a Cargo feature instead
    = help: or consider adding in `Cargo.toml` the `check-cfg` lint config for the lint:
             [lints.rust]
             unexpected_cfgs = { level = "warn", check-cfg = ['cfg(allow_clippy)'] }
    = help: or consider adding `println!("cargo::rustc-check-cfg=cfg(allow_clippy)");` to the top of the `build.rs`
    = note: see <https://doc.rust-lang.org/nightly/rustc/check-cfg/cargo-specifics.html> for more information about checking conditional configuration

warning: unexpected `cfg` condition name: `allow_clippy`
   --> /app/target/cpython-strict/host-tools/cargo/registry/src/index.crates.io-1949cf8c6b5b557f/memoffset-0.9.1/src/raw_field.rs:141:11
    |
141 | #[cfg(not(allow_clippy))]
    |           ^^^^^^^^^^^^
    |
    = help: consider using a Cargo feature instead
    = help: or consider adding in `Cargo.toml` the `check-cfg` lint config for the lint:
             [lints.rust]
             unexpected_cfgs = { level = "warn", check-cfg = ['cfg(allow_clippy)'] }
    = help: or consider adding `println!("cargo::rustc-check-cfg=cfg(allow_clippy)");` to the top of the `build.rs`
    = note: see <https://doc.rust-lang.org/nightly/rustc/check-cfg/cargo-specifics.html> for more information about checking conditional configuration

warning: unexpected `cfg` condition name: `tuple_ty`
   --> /app/target/cpython-strict/host-tools/cargo/registry/src/index.crates.io-1949cf8c6b5b557f/memoffset-0.9.1/src/raw_field.rs:183:7
    |
183 | #[cfg(tuple_ty)]
    |       ^^^^^^^^
    |
    = help: consider using a Cargo feature instead
    = help: or consider adding in `Cargo.toml` the `check-cfg` lint config for the lint:
             [lints.rust]
             unexpected_cfgs = { level = "warn", check-cfg = ['cfg(tuple_ty)'] }
    = help: or consider adding `println!("cargo::rustc-check-cfg=cfg(tuple_ty)");` to the top of the `build.rs`
    = note: see <https://doc.rust-lang.org/nightly/rustc/check-cfg/cargo-specifics.html> for more information about checking conditional configuration

warning: unexpected `cfg` condition name: `maybe_uninit`
  --> /app/target/cpython-strict/host-tools/cargo/registry/src/index.crates.io-1949cf8c6b5b557f/memoffset-0.9.1/src/offset_of.rs:23:7
   |
23 | #[cfg(maybe_uninit)]
   |       ^^^^^^^^^^^^
   |
   = help: consider using a Cargo feature instead
   = help: or consider adding in `Cargo.toml` the `check-cfg` lint config for the lint:
            [lints.rust]
            unexpected_cfgs = { level = "warn", check-cfg = ['cfg(maybe_uninit)'] }
   = help: or consider adding `println!("cargo::rustc-check-cfg=cfg(maybe_uninit)");` to the top of the `build.rs`
   = note: see <https://doc.rust-lang.org/nightly/rustc/check-cfg/cargo-specifics.html> for more information about checking conditional configuration

warning: unexpected `cfg` condition name: `maybe_uninit`
  --> /app/target/cpython-strict/host-tools/cargo/registry/src/index.crates.io-1949cf8c6b5b557f/memoffset-0.9.1/src/offset_of.rs:37:11
   |
37 | #[cfg(not(maybe_uninit))]
   |           ^^^^^^^^^^^^
   |
   = help: consider using a Cargo feature instead
   = help: or consider adding in `Cargo.toml` the `check-cfg` lint config for the lint:
            [lints.rust]
            unexpected_cfgs = { level = "warn", check-cfg = ['cfg(maybe_uninit)'] }
   = help: or consider adding `println!("cargo::rustc-check-cfg=cfg(maybe_uninit)");` to the top of the `build.rs`
   = note: see <https://doc.rust-lang.org/nightly/rustc/check-cfg/cargo-specifics.html> for more information about checking conditional configuration

warning: unexpected `cfg` condition name: `stable_const`
  --> /app/target/cpython-strict/host-tools/cargo/registry/src/index.crates.io-1949cf8c6b5b557f/memoffset-0.9.1/src/offset_of.rs:49:7
   |
49 | #[cfg(stable_const)]
   |       ^^^^^^^^^^^^
   |
   = help: consider using a Cargo feature instead
   = help: or consider adding in `Cargo.toml` the `check-cfg` lint config for the lint:
            [lints.rust]
            unexpected_cfgs = { level = "warn", check-cfg = ['cfg(stable_const)'] }
   = help: or consider adding `println!("cargo::rustc-check-cfg=cfg(stable_const)");` to the top of the `build.rs`
   = note: see <https://doc.rust-lang.org/nightly/rustc/check-cfg/cargo-specifics.html> for more information about checking conditional configuration

warning: unexpected `cfg` condition name: `stable_const`
  --> /app/target/cpython-strict/host-tools/cargo/registry/src/index.crates.io-1949cf8c6b5b557f/memoffset-0.9.1/src/offset_of.rs:61:11
   |
61 | #[cfg(not(stable_const))]
   |           ^^^^^^^^^^^^
   |
   = help: consider using a Cargo feature instead
   = help: or consider adding in `Cargo.toml` the `check-cfg` lint config for the lint:
            [lints.rust]
            unexpected_cfgs = { level = "warn", check-cfg = ['cfg(stable_const)'] }
   = help: or consider adding `println!("cargo::rustc-check-cfg=cfg(stable_const)");` to the top of the `build.rs`
   = note: see <https://doc.rust-lang.org/nightly/rustc/check-cfg/cargo-specifics.html> for more information about checking conditional configuration

warning: unexpected `cfg` condition name: `stable_offset_of`
  --> /app/target/cpython-strict/host-tools/cargo/registry/src/index.crates.io-1949cf8c6b5b557f/memoffset-0.9.1/src/offset_of.rs:70:11
   |
70 | #[cfg(not(stable_offset_of))]
   |           ^^^^^^^^^^^^^^^^
   |
   = help: consider using a Cargo feature instead
   = help: or consider adding in `Cargo.toml` the `check-cfg` lint config for the lint:
            [lints.rust]
            unexpected_cfgs = { level = "warn", check-cfg = ['cfg(stable_offset_of)'] }
   = help: or consider adding `println!("cargo::rustc-check-cfg=cfg(stable_offset_of)");` to the top of the `build.rs`
   = note: see <https://doc.rust-lang.org/nightly/rustc/check-cfg/cargo-specifics.html> for more information about checking conditional configuration

warning: unexpected `cfg` condition name: `stable_offset_of`
  --> /app/target/cpython-strict/host-tools/cargo/registry/src/index.crates.io-1949cf8c6b5b557f/memoffset-0.9.1/src/offset_of.rs:83:7
   |
83 | #[cfg(stable_offset_of)]
   |       ^^^^^^^^^^^^^^^^
   |
   = help: consider using a Cargo feature instead
   = help: or consider adding in `Cargo.toml` the `check-cfg` lint config for the lint:
            [lints.rust]
            unexpected_cfgs = { level = "warn", check-cfg = ['cfg(stable_offset_of)'] }
   = help: or consider adding `println!("cargo::rustc-check-cfg=cfg(stable_offset_of)");` to the top of the `build.rs`
   = note: see <https://doc.rust-lang.org/nightly/rustc/check-cfg/cargo-specifics.html> for more information about checking conditional configuration

warning: unexpected `cfg` condition name: `tuple_ty`
   --> /app/target/cpython-strict/host-tools/cargo/registry/src/index.crates.io-1949cf8c6b5b557f/memoffset-0.9.1/src/offset_of.rs:127:7
    |
127 | #[cfg(tuple_ty)]
    |       ^^^^^^^^
    |
    = help: consider using a Cargo feature instead
    = help: or consider adding in `Cargo.toml` the `check-cfg` lint config for the lint:
             [lints.rust]
             unexpected_cfgs = { level = "warn", check-cfg = ['cfg(tuple_ty)'] }
    = help: or consider adding `println!("cargo::rustc-check-cfg=cfg(tuple_ty)");` to the top of the `build.rs`
    = note: see <https://doc.rust-lang.org/nightly/rustc/check-cfg/cargo-specifics.html> for more information about checking conditional configuration

warning: unexpected `cfg` condition name: `stable_offset_of`
   --> /app/target/cpython-strict/host-tools/cargo/registry/src/index.crates.io-1949cf8c6b5b557f/memoffset-0.9.1/src/offset_of.rs:128:11
    |
128 | #[cfg(not(stable_offset_of))]
    |           ^^^^^^^^^^^^^^^^
    |
    = help: consider using a Cargo feature instead
    = help: or consider adding in `Cargo.toml` the `check-cfg` lint config for the lint:
             [lints.rust]
             unexpected_cfgs = { level = "warn", check-cfg = ['cfg(stable_offset_of)'] }
    = help: or consider adding `println!("cargo::rustc-check-cfg=cfg(stable_offset_of)");` to the top of the `build.rs`
    = note: see <https://doc.rust-lang.org/nightly/rustc/check-cfg/cargo-specifics.html> for more information about checking conditional configuration

warning: unexpected `cfg` condition name: `tuple_ty`
   --> /app/target/cpython-strict/host-tools/cargo/registry/src/index.crates.io-1949cf8c6b5b557f/memoffset-0.9.1/src/offset_of.rs:142:7
    |
142 | #[cfg(tuple_ty)]
    |       ^^^^^^^^
    |
    = help: consider using a Cargo feature instead
    = help: or consider adding in `Cargo.toml` the `check-cfg` lint config for the lint:
             [lints.rust]
             unexpected_cfgs = { level = "warn", check-cfg = ['cfg(tuple_ty)'] }
    = help: or consider adding `println!("cargo::rustc-check-cfg=cfg(tuple_ty)");` to the top of the `build.rs`
    = note: see <https://doc.rust-lang.org/nightly/rustc/check-cfg/cargo-specifics.html> for more information about checking conditional configuration

warning: unexpected `cfg` condition name: `stable_offset_of`
   --> /app/target/cpython-strict/host-tools/cargo/registry/src/index.crates.io-1949cf8c6b5b557f/memoffset-0.9.1/src/offset_of.rs:143:7
    |
143 | #[cfg(stable_offset_of)]
    |       ^^^^^^^^^^^^^^^^
    |
    = help: consider using a Cargo feature instead
    = help: or consider adding in `Cargo.toml` the `check-cfg` lint config for the lint:
             [lints.rust]
             unexpected_cfgs = { level = "warn", check-cfg = ['cfg(stable_offset_of)'] }
    = help: or consider adding `println!("cargo::rustc-check-cfg=cfg(stable_offset_of)");` to the top of the `build.rs`
    = note: see <https://doc.rust-lang.org/nightly/rustc/check-cfg/cargo-specifics.html> for more information about checking conditional configuration

warning: unexpected `cfg` condition name: `tuple_ty`
   --> /app/target/cpython-strict/host-tools/cargo/registry/src/index.crates.io-1949cf8c6b5b557f/memoffset-0.9.1/src/offset_of.rs:160:7
    |
160 | #[cfg(tuple_ty)]
    |       ^^^^^^^^
    |
    = help: consider using a Cargo feature instead
    = help: or consider adding in `Cargo.toml` the `check-cfg` lint config for the lint:
             [lints.rust]
             unexpected_cfgs = { level = "warn", check-cfg = ['cfg(tuple_ty)'] }
    = help: or consider adding `println!("cargo::rustc-check-cfg=cfg(tuple_ty)");` to the top of the `build.rs`
    = note: see <https://doc.rust-lang.org/nightly/rustc/check-cfg/cargo-specifics.html> for more information about checking conditional configuration

warning: unexpected `cfg` condition name: `stable_offset_of`
   --> /app/target/cpython-strict/host-tools/cargo/registry/src/index.crates.io-1949cf8c6b5b557f/memoffset-0.9.1/src/offset_of.rs:170:11
    |
170 | #[cfg(not(stable_offset_of))]
    |           ^^^^^^^^^^^^^^^^
    |
    = help: consider using a Cargo feature instead
    = help: or consider adding in `Cargo.toml` the `check-cfg` lint config for the lint:
             [lints.rust]
             unexpected_cfgs = { level = "warn", check-cfg = ['cfg(stable_offset_of)'] }
    = help: or consider adding `println!("cargo::rustc-check-cfg=cfg(stable_offset_of)");` to the top of the `build.rs`
    = note: see <https://doc.rust-lang.org/nightly/rustc/check-cfg/cargo-specifics.html> for more information about checking conditional configuration

warning: unexpected `cfg` condition name: `stable_offset_of`
   --> /app/target/cpython-strict/host-tools/cargo/registry/src/index.crates.io-1949cf8c6b5b557f/memoffset-0.9.1/src/offset_of.rs:184:7
    |
184 | #[cfg(stable_offset_of)]
    |       ^^^^^^^^^^^^^^^^
    |
    = help: consider using a Cargo feature instead
    = help: or consider adding in `Cargo.toml` the `check-cfg` lint config for the lint:
             [lints.rust]
             unexpected_cfgs = { level = "warn", check-cfg = ['cfg(stable_offset_of)'] }
    = help: or consider adding `println!("cargo::rustc-check-cfg=cfg(stable_offset_of)");` to the top of the `build.rs`
    = note: see <https://doc.rust-lang.org/nightly/rustc/check-cfg/cargo-specifics.html> for more information about checking conditional configuration

warning: `string_cache` (lib) generated 1 warning (1 duplicate)
     Running `CARGO=/app/target/cpython-strict/host-tools/rustup/toolchains/nightly-2025-01-18-x86_64-unknown-linux-gnu/bin/cargo CARGO_CRATE_NAME=slab CARGO_MANIFEST_DIR=/app/target/cpython-strict/host-tools/cargo/registry/src/index.crates.io-1949cf8c6b5b557f/slab-0.4.9 CARGO_MANIFEST_PATH=/app/target/cpython-strict/host-tools/cargo/registry/src/index.crates.io-1949cf8c6b5b557f/slab-0.4.9/Cargo.toml CARGO_PKG_AUTHORS='Carl Lerche <me@carllerche.com>' CARGO_PKG_DESCRIPTION='Pre-allocated storage for a uniform data type' CARGO_PKG_HOMEPAGE='' CARGO_PKG_LICENSE=MIT CARGO_PKG_LICENSE_FILE='' CARGO_PKG_NAME=slab CARGO_PKG_README=README.md CARGO_PKG_REPOSITORY='https://github.com/tokio-rs/slab' CARGO_PKG_RUST_VERSION=1.31 CARGO_PKG_VERSION=0.4.9 CARGO_PKG_VERSION_MAJOR=0 CARGO_PKG_VERSION_MINOR=4 CARGO_PKG_VERSION_PATCH=9 CARGO_PKG_VERSION_PRE='' LD_LIBRARY_PATH='/app/target/cpython-strict/build/primp-0.15.0/target/release/deps:/app/target/cpython-strict/host-tools/rustup/toolchains/nightly-2025-01-18-x86_64-unknown-linux-gnu/lib:/opt/kendryte-toolchain/bin/:' OUT_DIR=/app/target/cpython-strict/build/primp-0.15.0/target/loongarch64-unknown-linux-musl/release/build/slab-09d97573e3e26dd1/out /app/target/cpython-strict/host-tools/rustup/toolchains/nightly-2025-01-18-x86_64-unknown-linux-gnu/bin/rustc --crate-name slab --edition=2018 /app/target/cpython-strict/host-tools/cargo/registry/src/index.crates.io-1949cf8c6b5b557f/slab-0.4.9/src/lib.rs --error-format=json --json=diagnostic-rendered-ansi,artifacts,future-incompat --crate-type lib --emit=dep-info,metadata,link -C opt-level=3 -C panic=abort -C linker-plugin-lto -C codegen-units=1 --cfg 'feature="default"' --cfg 'feature="std"' --check-cfg 'cfg(docsrs,test)' --check-cfg 'cfg(feature, values("default", "serde", "std"))' -C metadata=565da92454c925b1 -C extra-filename=-854410731e65f863 --out-dir /app/target/cpython-strict/build/primp-0.15.0/target/loongarch64-unknown-linux-musl/release/deps --target loongarch64-unknown-linux-musl -C linker=/app/target/cpython-strict/cross/loongarch64-linux-musl-gcc -C strip=symbols -L dependency=/app/target/cpython-strict/build/primp-0.15.0/target/loongarch64-unknown-linux-musl/release/deps -L dependency=/app/target/cpython-strict/build/primp-0.15.0/target/release/deps --cap-lints warn -C target-feature=-ual -C target-feature=-crt-static`
warning: `memoffset` (lib) generated 25 warnings (1 duplicate)
   Compiling idna_adapter v1.2.0
     Running `CARGO=/app/target/cpython-strict/host-tools/rustup/toolchains/nightly-2025-01-18-x86_64-unknown-linux-gnu/bin/cargo CARGO_CRATE_NAME=idna_adapter CARGO_MANIFEST_DIR=/app/target/cpython-strict/host-tools/cargo/registry/src/index.crates.io-1949cf8c6b5b557f/idna_adapter-1.2.0 CARGO_MANIFEST_PATH=/app/target/cpython-strict/host-tools/cargo/registry/src/index.crates.io-1949cf8c6b5b557f/idna_adapter-1.2.0/Cargo.toml CARGO_PKG_AUTHORS='The rust-url developers' CARGO_PKG_DESCRIPTION='Back end adapter for idna' CARGO_PKG_HOMEPAGE='https://docs.rs/crate/idna_adapter/latest' CARGO_PKG_LICENSE='Apache-2.0 OR MIT' CARGO_PKG_LICENSE_FILE='' CARGO_PKG_NAME=idna_adapter CARGO_PKG_README=README.md CARGO_PKG_REPOSITORY='https://github.com/hsivonen/idna_adapter' CARGO_PKG_RUST_VERSION=1.67.0 CARGO_PKG_VERSION=1.2.0 CARGO_PKG_VERSION_MAJOR=1 CARGO_PKG_VERSION_MINOR=2 CARGO_PKG_VERSION_PATCH=0 CARGO_PKG_VERSION_PRE='' LD_LIBRARY_PATH='/app/target/cpython-strict/build/primp-0.15.0/target/release/deps:/app/target/cpython-strict/host-tools/rustup/toolchains/nightly-2025-01-18-x86_64-unknown-linux-gnu/lib:/opt/kendryte-toolchain/bin/:' /app/target/cpython-strict/host-tools/rustup/toolchains/nightly-2025-01-18-x86_64-unknown-linux-gnu/bin/rustc --crate-name idna_adapter --edition=2021 /app/target/cpython-strict/host-tools/cargo/registry/src/index.crates.io-1949cf8c6b5b557f/idna_adapter-1.2.0/src/lib.rs --error-format=json --json=diagnostic-rendered-ansi,artifacts,future-incompat --crate-type lib --emit=dep-info,metadata,link -C opt-level=3 -C panic=abort -C linker-plugin-lto -C codegen-units=1 --cfg 'feature="compiled_data"' --check-cfg 'cfg(docsrs,test)' --check-cfg 'cfg(feature, values("compiled_data"))' -C metadata=a2acf74912abf8ef -C extra-filename=-7e9b29152d4a4a03 --out-dir /app/target/cpython-strict/build/primp-0.15.0/target/loongarch64-unknown-linux-musl/release/deps --target loongarch64-unknown-linux-musl -C linker=/app/target/cpython-strict/cross/loongarch64-linux-musl-gcc -C strip=symbols -L dependency=/app/target/cpython-strict/build/primp-0.15.0/target/loongarch64-unknown-linux-musl/release/deps -L dependency=/app/target/cpython-strict/build/primp-0.15.0/target/release/deps --extern icu_normalizer=/app/target/cpython-strict/build/primp-0.15.0/target/loongarch64-unknown-linux-musl/release/deps/libicu_normalizer-2792c8e635ffe618.rmeta --extern icu_properties=/app/target/cpython-strict/build/primp-0.15.0/target/loongarch64-unknown-linux-musl/release/deps/libicu_properties-4fbd353d7a2052be.rmeta --cap-lints warn -C target-feature=-ual -C target-feature=-crt-static`
warning: `miniz_oxide` (lib) generated 1 warning (1 duplicate)
     Running `CARGO=/app/target/cpython-strict/host-tools/rustup/toolchains/nightly-2025-01-18-x86_64-unknown-linux-gnu/bin/cargo CARGO_CFG_FEATURE=percent-encode,percent-encoding CARGO_CFG_FMT_DEBUG=full CARGO_CFG_OVERFLOW_CHECKS='' CARGO_CFG_PANIC=unwind CARGO_CFG_RELOCATION_MODEL=pic CARGO_CFG_TARGET_ABI='' CARGO_CFG_TARGET_ARCH=loongarch64 CARGO_CFG_TARGET_ENDIAN=little CARGO_CFG_TARGET_ENV=musl CARGO_CFG_TARGET_FAMILY=unix CARGO_CFG_TARGET_FEATURE=d,f,lsx CARGO_CFG_TARGET_HAS_ATOMIC=16,32,64,8,ptr CARGO_CFG_TARGET_HAS_ATOMIC_EQUAL_ALIGNMENT=16,32,64,8,ptr CARGO_CFG_TARGET_HAS_ATOMIC_LOAD_STORE=16,32,64,8,ptr CARGO_CFG_TARGET_OS=linux CARGO_CFG_TARGET_POINTER_WIDTH=64 CARGO_CFG_TARGET_THREAD_LOCAL='' CARGO_CFG_TARGET_VENDOR=unknown CARGO_CFG_UB_CHECKS='' CARGO_CFG_UNIX='' CARGO_ENCODED_RUSTFLAGS='-Ctarget-feature=-ual-Ctarget-feature=-crt-static' CARGO_FEATURE_PERCENT_ENCODE=1 CARGO_FEATURE_PERCENT_ENCODING=1 CARGO_MANIFEST_DIR=/app/target/cpython-strict/host-tools/cargo/registry/src/index.crates.io-1949cf8c6b5b557f/cookie-0.18.1 CARGO_MANIFEST_PATH=/app/target/cpython-strict/host-tools/cargo/registry/src/index.crates.io-1949cf8c6b5b557f/cookie-0.18.1/Cargo.toml CARGO_PKG_AUTHORS='Sergio Benitez <sb@sergio.bz>:Alex Crichton <alex@alexcrichton.com>' CARGO_PKG_DESCRIPTION='HTTP cookie parsing and cookie jar management. Supports signed and private
(encrypted, authenticated) jars.
' CARGO_PKG_HOMEPAGE='' CARGO_PKG_LICENSE='MIT OR Apache-2.0' CARGO_PKG_LICENSE_FILE='' CARGO_PKG_NAME=cookie CARGO_PKG_README=README.md CARGO_PKG_REPOSITORY='https://github.com/SergioBenitez/cookie-rs' CARGO_PKG_RUST_VERSION='' CARGO_PKG_VERSION=0.18.1 CARGO_PKG_VERSION_MAJOR=0 CARGO_PKG_VERSION_MINOR=18 CARGO_PKG_VERSION_PATCH=1 CARGO_PKG_VERSION_PRE='' DEBUG=false HOST=x86_64-unknown-linux-gnu LD_LIBRARY_PATH='/app/target/cpython-strict/build/primp-0.15.0/target/release/deps:/app/target/cpython-strict/build/primp-0.15.0/target/release:/app/target/cpython-strict/host-tools/rustup/toolchains/nightly-2025-01-18-x86_64-unknown-linux-gnu/lib/rustlib/x86_64-unknown-linux-gnu/lib:/app/target/cpython-strict/host-tools/rustup/toolchains/nightly-2025-01-18-x86_64-unknown-linux-gnu/lib:/opt/kendryte-toolchain/bin/:' NUM_JOBS=10 OPT_LEVEL=3 OUT_DIR=/app/target/cpython-strict/build/primp-0.15.0/target/loongarch64-unknown-linux-musl/release/build/cookie-85b2bd86333f78de/out PROFILE=release RUSTC=/app/target/cpython-strict/host-tools/rustup/toolchains/nightly-2025-01-18-x86_64-unknown-linux-gnu/bin/rustc RUSTC_LINKER=/app/target/cpython-strict/cross/loongarch64-linux-musl-gcc RUSTDOC=/app/target/cpython-strict/host-tools/rustup/toolchains/nightly-2025-01-18-x86_64-unknown-linux-gnu/bin/rustdoc TARGET=loongarch64-unknown-linux-musl /app/target/cpython-strict/build/primp-0.15.0/target/release/build/cookie-a2b548367bf62e6b/build-script-build`
warning: `tokio-util` (lib) generated 1 warning (1 duplicate)
   Compiling brotli-decompressor v4.0.2
     Running `CARGO=/app/target/cpython-strict/host-tools/rustup/toolchains/nightly-2025-01-18-x86_64-unknown-linux-gnu/bin/cargo CARGO_CRATE_NAME=brotli_decompressor CARGO_MANIFEST_DIR=/app/target/cpython-strict/host-tools/cargo/registry/src/index.crates.io-1949cf8c6b5b557f/brotli-decompressor-4.0.2 CARGO_MANIFEST_PATH=/app/target/cpython-strict/host-tools/cargo/registry/src/index.crates.io-1949cf8c6b5b557f/brotli-decompressor-4.0.2/Cargo.toml CARGO_PKG_AUTHORS='Daniel Reiter Horn <danielrh@dropbox.com>:The Brotli Authors' CARGO_PKG_DESCRIPTION='A brotli decompressor that with an interface avoiding the rust stdlib. This makes it suitable for embedded devices and kernels. It is designed with a pluggable allocator so that the standard lib'\''s allocator may be employed. The default build also includes a stdlib allocator and stream interface. Disable this with --features=no-stdlib. Alternatively, --features=unsafe turns off array bounds checks and memory initialization but provides a safe interface for the caller.  Without adding the --features=unsafe argument, all included code is safe. For compression in addition to this library, download https://github.com/dropbox/rust-brotli ' CARGO_PKG_HOMEPAGE='https://github.com/dropbox/rust-brotli-decompressor' CARGO_PKG_LICENSE=BSD-3-Clause/MIT CARGO_PKG_LICENSE_FILE='' CARGO_PKG_NAME=brotli-decompressor CARGO_PKG_README=README.md CARGO_PKG_REPOSITORY='https://github.com/dropbox/rust-brotli-decompressor' CARGO_PKG_RUST_VERSION='' CARGO_PKG_VERSION=4.0.2 CARGO_PKG_VERSION_MAJOR=4 CARGO_PKG_VERSION_MINOR=0 CARGO_PKG_VERSION_PATCH=2 CARGO_PKG_VERSION_PRE='' LD_LIBRARY_PATH='/app/target/cpython-strict/build/primp-0.15.0/target/release/deps:/app/target/cpython-strict/host-tools/rustup/toolchains/nightly-2025-01-18-x86_64-unknown-linux-gnu/lib:/opt/kendryte-toolchain/bin/:' /app/target/cpython-strict/host-tools/rustup/toolchains/nightly-2025-01-18-x86_64-unknown-linux-gnu/bin/rustc --crate-name brotli_decompressor --edition=2015 /app/target/cpython-strict/host-tools/cargo/registry/src/index.crates.io-1949cf8c6b5b557f/brotli-decompressor-4.0.2/src/lib.rs --error-format=json --json=diagnostic-rendered-ansi,artifacts,future-incompat --crate-type lib --emit=dep-info,metadata,link -C opt-level=3 -C panic=abort -C linker-plugin-lto -C codegen-units=1 --cfg 'feature="alloc-stdlib"' --cfg 'feature="std"' --check-cfg 'cfg(docsrs,test)' --check-cfg 'cfg(feature, values("alloc-stdlib", "benchmark", "default", "disable-timer", "ffi-api", "pass-through-ffi-panics", "seccomp", "std", "unsafe"))' -C metadata=1d64956ab2706dbb -C extra-filename=-f67f380d2d81f084 --out-dir /app/target/cpython-strict/build/primp-0.15.0/target/loongarch64-unknown-linux-musl/release/deps --target loongarch64-unknown-linux-musl -C linker=/app/target/cpython-strict/cross/loongarch64-linux-musl-gcc -C strip=symbols -L dependency=/app/target/cpython-strict/build/primp-0.15.0/target/loongarch64-unknown-linux-musl/release/deps -L dependency=/app/target/cpython-strict/build/primp-0.15.0/target/release/deps --extern alloc_no_stdlib=/app/target/cpython-strict/build/primp-0.15.0/target/loongarch64-unknown-linux-musl/release/deps/liballoc_no_stdlib-d9df55b40edf87bc.rmeta --extern alloc_stdlib=/app/target/cpython-strict/build/primp-0.15.0/target/loongarch64-unknown-linux-musl/release/deps/liballoc_stdlib-4c2738bdd03695c6.rmeta --cap-lints warn -C target-feature=-ual -C target-feature=-crt-static`
     Running `CARGO=/app/target/cpython-strict/host-tools/rustup/toolchains/nightly-2025-01-18-x86_64-unknown-linux-gnu/bin/cargo CARGO_CRATE_NAME=anyhow CARGO_MANIFEST_DIR=/app/target/cpython-strict/host-tools/cargo/registry/src/index.crates.io-1949cf8c6b5b557f/anyhow-1.0.98 CARGO_MANIFEST_PATH=/app/target/cpython-strict/host-tools/cargo/registry/src/index.crates.io-1949cf8c6b5b557f/anyhow-1.0.98/Cargo.toml CARGO_PKG_AUTHORS='David Tolnay <dtolnay@gmail.com>' CARGO_PKG_DESCRIPTION='Flexible concrete Error type built on std::error::Error' CARGO_PKG_HOMEPAGE='' CARGO_PKG_LICENSE='MIT OR Apache-2.0' CARGO_PKG_LICENSE_FILE='' CARGO_PKG_NAME=anyhow CARGO_PKG_README=README.md CARGO_PKG_REPOSITORY='https://github.com/dtolnay/anyhow' CARGO_PKG_RUST_VERSION=1.39 CARGO_PKG_VERSION=1.0.98 CARGO_PKG_VERSION_MAJOR=1 CARGO_PKG_VERSION_MINOR=0 CARGO_PKG_VERSION_PATCH=98 CARGO_PKG_VERSION_PRE='' LD_LIBRARY_PATH='/app/target/cpython-strict/build/primp-0.15.0/target/release/deps:/app/target/cpython-strict/host-tools/rustup/toolchains/nightly-2025-01-18-x86_64-unknown-linux-gnu/lib:/opt/kendryte-toolchain/bin/:' OUT_DIR=/app/target/cpython-strict/build/primp-0.15.0/target/loongarch64-unknown-linux-musl/release/build/anyhow-132f57c26283eb7c/out /app/target/cpython-strict/host-tools/rustup/toolchains/nightly-2025-01-18-x86_64-unknown-linux-gnu/bin/rustc --crate-name anyhow --edition=2018 /app/target/cpython-strict/host-tools/cargo/registry/src/index.crates.io-1949cf8c6b5b557f/anyhow-1.0.98/src/lib.rs --error-format=json --json=diagnostic-rendered-ansi,artifacts,future-incompat --crate-type lib --emit=dep-info,metadata,link -C opt-level=3 -C panic=abort -C linker-plugin-lto -C codegen-units=1 --cfg 'feature="default"' --cfg 'feature="std"' --check-cfg 'cfg(docsrs,test)' --check-cfg 'cfg(feature, values("backtrace", "default", "std"))' -C metadata=e2057c42105c4dac -C extra-filename=-34edc6584a8e4427 --out-dir /app/target/cpython-strict/build/primp-0.15.0/target/loongarch64-unknown-linux-musl/release/deps --target loongarch64-unknown-linux-musl -C linker=/app/target/cpython-strict/cross/loongarch64-linux-musl-gcc -C strip=symbols -L dependency=/app/target/cpython-strict/build/primp-0.15.0/target/loongarch64-unknown-linux-musl/release/deps -L dependency=/app/target/cpython-strict/build/primp-0.15.0/target/release/deps --cap-lints warn -C target-feature=-ual -C target-feature=-crt-static --cfg std_backtrace --cfg error_generic_member_access --check-cfg 'cfg(anyhow_build_probe)' --check-cfg 'cfg(anyhow_nightly_testing)' --check-cfg 'cfg(anyhow_no_core_error)' --check-cfg 'cfg(anyhow_no_core_unwind_safe)' --check-cfg 'cfg(anyhow_no_fmt_arguments_as_str)' --check-cfg 'cfg(anyhow_no_ptr_addr_of)' --check-cfg 'cfg(anyhow_no_unsafe_op_in_unsafe_fn_lint)' --check-cfg 'cfg(error_generic_member_access)' --check-cfg 'cfg(std_backtrace)'`
warning: unexpected `cfg` condition name: `slab_no_const_vec_new`
   --> /app/target/cpython-strict/host-tools/cargo/registry/src/index.crates.io-1949cf8c6b5b557f/slab-0.4.9/src/lib.rs:250:15
    |
250 |     #[cfg(not(slab_no_const_vec_new))]
    |               ^^^^^^^^^^^^^^^^^^^^^
    |
    = help: expected names are: `clippy`, `debug_assertions`, `doc`, `docsrs`, `doctest`, `feature`, `fmt_debug`, `miri`, `overflow_checks`, `panic`, `proc_macro`, `relocation_model`, `rustfmt`, `sanitize`, `sanitizer_cfi_generalize_pointers`, `sanitizer_cfi_normalize_integers`, `target_abi`, `target_arch`, `target_endian`, `target_env`, `target_family`, `target_feature`, `target_has_atomic`, `target_has_atomic_equal_alignment`, `target_has_atomic_load_store`, `target_os`, `target_pointer_width`, `target_thread_local`, `target_vendor`, `test`, `ub_checks`, `unix`, and `windows`
    = help: consider using a Cargo feature instead
    = help: or consider adding in `Cargo.toml` the `check-cfg` lint config for the lint:
             [lints.rust]
             unexpected_cfgs = { level = "warn", check-cfg = ['cfg(slab_no_const_vec_new)'] }
    = help: or consider adding `println!("cargo::rustc-check-cfg=cfg(slab_no_const_vec_new)");` to the top of the `build.rs`
    = note: see <https://doc.rust-lang.org/nightly/rustc/check-cfg/cargo-specifics.html> for more information about checking conditional configuration
    = note: `#[warn(unexpected_cfgs)]` on by default

warning: unexpected `cfg` condition name: `slab_no_const_vec_new`
   --> /app/target/cpython-strict/host-tools/cargo/registry/src/index.crates.io-1949cf8c6b5b557f/slab-0.4.9/src/lib.rs:264:11
    |
264 |     #[cfg(slab_no_const_vec_new)]
    |           ^^^^^^^^^^^^^^^^^^^^^
    |
    = help: consider using a Cargo feature instead
    = help: or consider adding in `Cargo.toml` the `check-cfg` lint config for the lint:
             [lints.rust]
             unexpected_cfgs = { level = "warn", check-cfg = ['cfg(slab_no_const_vec_new)'] }
    = help: or consider adding `println!("cargo::rustc-check-cfg=cfg(slab_no_const_vec_new)");` to the top of the `build.rs`
    = note: see <https://doc.rust-lang.org/nightly/rustc/check-cfg/cargo-specifics.html> for more information about checking conditional configuration

warning: unexpected `cfg` condition name: `slab_no_track_caller`
   --> /app/target/cpython-strict/host-tools/cargo/registry/src/index.crates.io-1949cf8c6b5b557f/slab-0.4.9/src/lib.rs:929:20
    |
929 |     #[cfg_attr(not(slab_no_track_caller), track_caller)]
    |                    ^^^^^^^^^^^^^^^^^^^^
    |
    = help: consider using a Cargo feature instead
    = help: or consider adding in `Cargo.toml` the `check-cfg` lint config for the lint:
             [lints.rust]
             unexpected_cfgs = { level = "warn", check-cfg = ['cfg(slab_no_track_caller)'] }
    = help: or consider adding `println!("cargo::rustc-check-cfg=cfg(slab_no_track_caller)");` to the top of the `build.rs`
    = note: see <https://doc.rust-lang.org/nightly/rustc/check-cfg/cargo-specifics.html> for more information about checking conditional configuration

warning: unexpected `cfg` condition name: `slab_no_track_caller`
    --> /app/target/cpython-strict/host-tools/cargo/registry/src/index.crates.io-1949cf8c6b5b557f/slab-0.4.9/src/lib.rs:1098:20
     |
1098 |     #[cfg_attr(not(slab_no_track_caller), track_caller)]
     |                    ^^^^^^^^^^^^^^^^^^^^
     |
     = help: consider using a Cargo feature instead
     = help: or consider adding in `Cargo.toml` the `check-cfg` lint config for the lint:
              [lints.rust]
              unexpected_cfgs = { level = "warn", check-cfg = ['cfg(slab_no_track_caller)'] }
     = help: or consider adding `println!("cargo::rustc-check-cfg=cfg(slab_no_track_caller)");` to the top of the `build.rs`
     = note: see <https://doc.rust-lang.org/nightly/rustc/check-cfg/cargo-specifics.html> for more information about checking conditional configuration

warning: unexpected `cfg` condition name: `slab_no_track_caller`
    --> /app/target/cpython-strict/host-tools/cargo/registry/src/index.crates.io-1949cf8c6b5b557f/slab-0.4.9/src/lib.rs:1206:20
     |
1206 |     #[cfg_attr(not(slab_no_track_caller), track_caller)]
     |                    ^^^^^^^^^^^^^^^^^^^^
     |
     = help: consider using a Cargo feature instead
     = help: or consider adding in `Cargo.toml` the `check-cfg` lint config for the lint:
              [lints.rust]
              unexpected_cfgs = { level = "warn", check-cfg = ['cfg(slab_no_track_caller)'] }
     = help: or consider adding `println!("cargo::rustc-check-cfg=cfg(slab_no_track_caller)");` to the top of the `build.rs`
     = note: see <https://doc.rust-lang.org/nightly/rustc/check-cfg/cargo-specifics.html> for more information about checking conditional configuration

warning: unexpected `cfg` condition name: `slab_no_track_caller`
    --> /app/target/cpython-strict/host-tools/cargo/registry/src/index.crates.io-1949cf8c6b5b557f/slab-0.4.9/src/lib.rs:1216:20
     |
1216 |     #[cfg_attr(not(slab_no_track_caller), track_caller)]
     |                    ^^^^^^^^^^^^^^^^^^^^
     |
     = help: consider using a Cargo feature instead
     = help: or consider adding in `Cargo.toml` the `check-cfg` lint config for the lint:
              [lints.rust]
              unexpected_cfgs = { level = "warn", check-cfg = ['cfg(slab_no_track_caller)'] }
     = help: or consider adding `println!("cargo::rustc-check-cfg=cfg(slab_no_track_caller)");` to the top of the `build.rs`
     = note: see <https://doc.rust-lang.org/nightly/rustc/check-cfg/cargo-specifics.html> for more information about checking conditional configuration

warning: unexpected `cfg` condition value: `no-stdlib-ffi-binding`
 --> /app/target/cpython-strict/host-tools/cargo/registry/src/index.crates.io-1949cf8c6b5b557f/brotli-decompressor-4.0.2/src/lib.rs:8:13
  |
8 | #![cfg_attr(feature="no-stdlib-ffi-binding",cfg_attr(not(feature="std"), feature(lang_items)))]
  |             ^^^^^^^^^^^^^^^^^^^^^^^^^^^^^^^
  |
  = note: expected values for `feature` are: `alloc-stdlib`, `benchmark`, `default`, `disable-timer`, `ffi-api`, `pass-through-ffi-panics`, `seccomp`, `std`, and `unsafe`
  = help: consider adding `no-stdlib-ffi-binding` as a feature in `Cargo.toml`
  = note: see <https://doc.rust-lang.org/nightly/rustc/check-cfg/cargo-specifics.html> for more information about checking conditional configuration
  = note: `#[warn(unexpected_cfgs)]` on by default

warning: unexpected `cfg` condition value: `no-stdlib-ffi-binding`
 --> /app/target/cpython-strict/host-tools/cargo/registry/src/index.crates.io-1949cf8c6b5b557f/brotli-decompressor-4.0.2/src/lib.rs:9:13
  |
9 | #![cfg_attr(feature="no-stdlib-ffi-binding",cfg_attr(not(feature="std"), feature(panic_handler)))]
  |             ^^^^^^^^^^^^^^^^^^^^^^^^^^^^^^^
  |
  = note: expected values for `feature` are: `alloc-stdlib`, `benchmark`, `default`, `disable-timer`, `ffi-api`, `pass-through-ffi-panics`, `seccomp`, `std`, and `unsafe`
  = help: consider adding `no-stdlib-ffi-binding` as a feature in `Cargo.toml`
  = note: see <https://doc.rust-lang.org/nightly/rustc/check-cfg/cargo-specifics.html> for more information about checking conditional configuration

     Running `CARGO=/app/target/cpython-strict/host-tools/rustup/toolchains/nightly-2025-01-18-x86_64-unknown-linux-gnu/bin/cargo CARGO_CRATE_NAME=zerocopy CARGO_MANIFEST_DIR=/app/target/cpython-strict/host-tools/cargo/registry/src/index.crates.io-1949cf8c6b5b557f/zerocopy-0.8.24 CARGO_MANIFEST_PATH=/app/target/cpython-strict/host-tools/cargo/registry/src/index.crates.io-1949cf8c6b5b557f/zerocopy-0.8.24/Cargo.toml CARGO_PKG_AUTHORS='Joshua Liebow-Feeser <joshlf@google.com>:Jack Wrenn <jswrenn@amazon.com>' CARGO_PKG_DESCRIPTION='Zerocopy makes zero-cost memory manipulation effortless. We write "unsafe" so you don'\''t have to.' CARGO_PKG_HOMEPAGE='' CARGO_PKG_LICENSE='BSD-2-Clause OR Apache-2.0 OR MIT' CARGO_PKG_LICENSE_FILE='' CARGO_PKG_NAME=zerocopy CARGO_PKG_README=README.md CARGO_PKG_REPOSITORY='https://github.com/google/zerocopy' CARGO_PKG_RUST_VERSION=1.56.0 CARGO_PKG_VERSION=0.8.24 CARGO_PKG_VERSION_MAJOR=0 CARGO_PKG_VERSION_MINOR=8 CARGO_PKG_VERSION_PATCH=24 CARGO_PKG_VERSION_PRE='' LD_LIBRARY_PATH='/app/target/cpython-strict/build/primp-0.15.0/target/release/deps:/app/target/cpython-strict/host-tools/rustup/toolchains/nightly-2025-01-18-x86_64-unknown-linux-gnu/lib:/opt/kendryte-toolchain/bin/:' OUT_DIR=/app/target/cpython-strict/build/primp-0.15.0/target/loongarch64-unknown-linux-musl/release/build/zerocopy-c2aa4254effa6e61/out /app/target/cpython-strict/host-tools/rustup/toolchains/nightly-2025-01-18-x86_64-unknown-linux-gnu/bin/rustc --crate-name zerocopy --edition=2021 /app/target/cpython-strict/host-tools/cargo/registry/src/index.crates.io-1949cf8c6b5b557f/zerocopy-0.8.24/src/lib.rs --error-format=json --json=diagnostic-rendered-ansi,artifacts,future-incompat --crate-type lib --emit=dep-info,metadata,link -C opt-level=3 -C panic=abort -C linker-plugin-lto -C codegen-units=1 --cfg 'feature="simd"' --check-cfg 'cfg(docsrs,test)' --check-cfg 'cfg(feature, values("__internal_use_only_features_that_work_on_stable", "alloc", "derive", "float-nightly", "simd", "simd-nightly", "std", "zerocopy-derive"))' -C metadata=ce6b65794c58754e -C extra-filename=-8297610cfba4e058 --out-dir /app/target/cpython-strict/build/primp-0.15.0/target/loongarch64-unknown-linux-musl/release/deps --target loongarch64-unknown-linux-musl -C linker=/app/target/cpython-strict/cross/loongarch64-linux-musl-gcc -C strip=symbols -L dependency=/app/target/cpython-strict/build/primp-0.15.0/target/loongarch64-unknown-linux-musl/release/deps -L dependency=/app/target/cpython-strict/build/primp-0.15.0/target/release/deps --cap-lints warn -C target-feature=-ual -C target-feature=-crt-static --cfg zerocopy_aarch64_simd_1_59_0 --cfg zerocopy_core_error_1_81_0 --cfg zerocopy_diagnostic_on_unimplemented_1_78_0 --cfg zerocopy_generic_bounds_in_const_fn_1_61_0 --cfg zerocopy_panic_in_const_and_vec_try_reserve_1_57_0 --cfg zerocopy_target_has_atomics_1_60_0 --check-cfg 'cfg(zerocopy_aarch64_simd_1_59_0)' --check-cfg 'cfg(zerocopy_core_error_1_81_0)' --check-cfg 'cfg(zerocopy_diagnostic_on_unimplemented_1_78_0)' --check-cfg 'cfg(zerocopy_generic_bounds_in_const_fn_1_61_0)' --check-cfg 'cfg(zerocopy_panic_in_const_and_vec_try_reserve_1_57_0)' --check-cfg 'cfg(zerocopy_target_has_atomics_1_60_0)' --check-cfg 'cfg(doc_cfg)' --check-cfg 'cfg(kani)' --check-cfg 'cfg(__ZEROCOPY_INTERNAL_USE_ONLY_NIGHTLY_FEATURES_IN_TESTS)' --check-cfg 'cfg(coverage_nightly)'`
warning: `idna_adapter` (lib) generated 1 warning (1 duplicate)
   Compiling idna v1.0.3
     Running `CARGO=/app/target/cpython-strict/host-tools/rustup/toolchains/nightly-2025-01-18-x86_64-unknown-linux-gnu/bin/cargo CARGO_CRATE_NAME=idna CARGO_MANIFEST_DIR=/app/target/cpython-strict/host-tools/cargo/registry/src/index.crates.io-1949cf8c6b5b557f/idna-1.0.3 CARGO_MANIFEST_PATH=/app/target/cpython-strict/host-tools/cargo/registry/src/index.crates.io-1949cf8c6b5b557f/idna-1.0.3/Cargo.toml CARGO_PKG_AUTHORS='The rust-url developers' CARGO_PKG_DESCRIPTION='IDNA (Internationalizing Domain Names in Applications) and Punycode.' CARGO_PKG_HOMEPAGE='' CARGO_PKG_LICENSE='MIT OR Apache-2.0' CARGO_PKG_LICENSE_FILE='' CARGO_PKG_NAME=idna CARGO_PKG_README=README.md CARGO_PKG_REPOSITORY='https://github.com/servo/rust-url/' CARGO_PKG_RUST_VERSION=1.57 CARGO_PKG_VERSION=1.0.3 CARGO_PKG_VERSION_MAJOR=1 CARGO_PKG_VERSION_MINOR=0 CARGO_PKG_VERSION_PATCH=3 CARGO_PKG_VERSION_PRE='' LD_LIBRARY_PATH='/app/target/cpython-strict/build/primp-0.15.0/target/release/deps:/app/target/cpython-strict/host-tools/rustup/toolchains/nightly-2025-01-18-x86_64-unknown-linux-gnu/lib:/opt/kendryte-toolchain/bin/:' /app/target/cpython-strict/host-tools/rustup/toolchains/nightly-2025-01-18-x86_64-unknown-linux-gnu/bin/rustc --crate-name idna --edition=2018 /app/target/cpython-strict/host-tools/cargo/registry/src/index.crates.io-1949cf8c6b5b557f/idna-1.0.3/src/lib.rs --error-format=json --json=diagnostic-rendered-ansi,artifacts,future-incompat --crate-type lib --emit=dep-info,metadata,link -C opt-level=3 -C panic=abort -C linker-plugin-lto -C codegen-units=1 --cfg 'feature="alloc"' --cfg 'feature="compiled_data"' --cfg 'feature="default"' --cfg 'feature="std"' --check-cfg 'cfg(docsrs,test)' --check-cfg 'cfg(feature, values("alloc", "compiled_data", "default", "std"))' -C metadata=b2fc5b071edcec5a -C extra-filename=-f6992c1f18aee4ab --out-dir /app/target/cpython-strict/build/primp-0.15.0/target/loongarch64-unknown-linux-musl/release/deps --target loongarch64-unknown-linux-musl -C linker=/app/target/cpython-strict/cross/loongarch64-linux-musl-gcc -C strip=symbols -L dependency=/app/target/cpython-strict/build/primp-0.15.0/target/loongarch64-unknown-linux-musl/release/deps -L dependency=/app/target/cpython-strict/build/primp-0.15.0/target/release/deps --extern idna_adapter=/app/target/cpython-strict/build/primp-0.15.0/target/loongarch64-unknown-linux-musl/release/deps/libidna_adapter-7e9b29152d4a4a03.rmeta --extern smallvec=/app/target/cpython-strict/build/primp-0.15.0/target/loongarch64-unknown-linux-musl/release/deps/libsmallvec-11d62a66e49144d9.rmeta --extern utf8_iter=/app/target/cpython-strict/build/primp-0.15.0/target/loongarch64-unknown-linux-musl/release/deps/libutf8_iter-71a4887e5173af1f.rmeta --cap-lints warn -C target-feature=-ual -C target-feature=-crt-static`
warning: `slab` (lib) generated 7 warnings (1 duplicate)
     Running `CARGO=/app/target/cpython-strict/host-tools/rustup/toolchains/nightly-2025-01-18-x86_64-unknown-linux-gnu/bin/cargo CARGO_CRATE_NAME=getrandom CARGO_MANIFEST_DIR=/app/target/cpython-strict/host-tools/cargo/registry/src/index.crates.io-1949cf8c6b5b557f/getrandom-0.3.2 CARGO_MANIFEST_PATH=/app/target/cpython-strict/host-tools/cargo/registry/src/index.crates.io-1949cf8c6b5b557f/getrandom-0.3.2/Cargo.toml CARGO_PKG_AUTHORS='The Rand Project Developers' CARGO_PKG_DESCRIPTION='A small cross-platform library for retrieving random data from system source' CARGO_PKG_HOMEPAGE='' CARGO_PKG_LICENSE='MIT OR Apache-2.0' CARGO_PKG_LICENSE_FILE='' CARGO_PKG_NAME=getrandom CARGO_PKG_README=README.md CARGO_PKG_REPOSITORY='https://github.com/rust-random/getrandom' CARGO_PKG_RUST_VERSION=1.63 CARGO_PKG_VERSION=0.3.2 CARGO_PKG_VERSION_MAJOR=0 CARGO_PKG_VERSION_MINOR=3 CARGO_PKG_VERSION_PATCH=2 CARGO_PKG_VERSION_PRE='' LD_LIBRARY_PATH='/app/target/cpython-strict/build/primp-0.15.0/target/release/deps:/app/target/cpython-strict/host-tools/rustup/toolchains/nightly-2025-01-18-x86_64-unknown-linux-gnu/lib:/opt/kendryte-toolchain/bin/:' OUT_DIR=/app/target/cpython-strict/build/primp-0.15.0/target/loongarch64-unknown-linux-musl/release/build/getrandom-4a887a5703b30427/out /app/target/cpython-strict/host-tools/rustup/toolchains/nightly-2025-01-18-x86_64-unknown-linux-gnu/bin/rustc --crate-name getrandom --edition=2021 /app/target/cpython-strict/host-tools/cargo/registry/src/index.crates.io-1949cf8c6b5b557f/getrandom-0.3.2/src/lib.rs --error-format=json --json=diagnostic-rendered-ansi,artifacts,future-incompat --crate-type lib --emit=dep-info,metadata,link -C opt-level=3 -C panic=abort -C linker-plugin-lto -C codegen-units=1 --warn=unexpected_cfgs --check-cfg 'cfg(getrandom_backend, values("custom", "efi_rng", "rdrand", "rndr", "linux_getrandom", "linux_raw", "wasm_js"))' --check-cfg 'cfg(getrandom_msan)' --check-cfg 'cfg(getrandom_windows_legacy)' --check-cfg 'cfg(getrandom_test_linux_fallback)' --check-cfg 'cfg(getrandom_test_linux_without_fallback)' --check-cfg 'cfg(getrandom_test_netbsd_fallback)' --check-cfg 'cfg(target_os, values("cygwin"))' --cfg 'feature="std"' --check-cfg 'cfg(docsrs,test)' --check-cfg 'cfg(feature, values("rustc-dep-of-std", "std", "wasm_js"))' -C metadata=4dc415b1d7bc8607 -C extra-filename=-c7bc5ea3c5240c31 --out-dir /app/target/cpython-strict/build/primp-0.15.0/target/loongarch64-unknown-linux-musl/release/deps --target loongarch64-unknown-linux-musl -C linker=/app/target/cpython-strict/cross/loongarch64-linux-musl-gcc -C strip=symbols -L dependency=/app/target/cpython-strict/build/primp-0.15.0/target/loongarch64-unknown-linux-musl/release/deps -L dependency=/app/target/cpython-strict/build/primp-0.15.0/target/release/deps --extern cfg_if=/app/target/cpython-strict/build/primp-0.15.0/target/loongarch64-unknown-linux-musl/release/deps/libcfg_if-9a56164e255f8351.rmeta --extern libc=/app/target/cpython-strict/build/primp-0.15.0/target/loongarch64-unknown-linux-musl/release/deps/liblibc-528e33ec45ba290f.rmeta --cap-lints warn -C target-feature=-ual -C target-feature=-crt-static`
warning: `icu_normalizer` (lib) generated 8 warnings (1 duplicate)
   Compiling http-body v1.0.1
     Running `CARGO=/app/target/cpython-strict/host-tools/rustup/toolchains/nightly-2025-01-18-x86_64-unknown-linux-gnu/bin/cargo CARGO_CRATE_NAME=http_body CARGO_MANIFEST_DIR=/app/target/cpython-strict/host-tools/cargo/registry/src/index.crates.io-1949cf8c6b5b557f/http-body-1.0.1 CARGO_MANIFEST_PATH=/app/target/cpython-strict/host-tools/cargo/registry/src/index.crates.io-1949cf8c6b5b557f/http-body-1.0.1/Cargo.toml CARGO_PKG_AUTHORS='Carl Lerche <me@carllerche.com>:Lucio Franco <luciofranco14@gmail.com>:Sean McArthur <sean@seanmonstar.com>' CARGO_PKG_DESCRIPTION='Trait representing an asynchronous, streaming, HTTP request or response body.
' CARGO_PKG_HOMEPAGE='' CARGO_PKG_LICENSE=MIT CARGO_PKG_LICENSE_FILE='' CARGO_PKG_NAME=http-body CARGO_PKG_README=README.md CARGO_PKG_REPOSITORY='https://github.com/hyperium/http-body' CARGO_PKG_RUST_VERSION=1.49 CARGO_PKG_VERSION=1.0.1 CARGO_PKG_VERSION_MAJOR=1 CARGO_PKG_VERSION_MINOR=0 CARGO_PKG_VERSION_PATCH=1 CARGO_PKG_VERSION_PRE='' LD_LIBRARY_PATH='/app/target/cpython-strict/build/primp-0.15.0/target/release/deps:/app/target/cpython-strict/host-tools/rustup/toolchains/nightly-2025-01-18-x86_64-unknown-linux-gnu/lib:/opt/kendryte-toolchain/bin/:' /app/target/cpython-strict/host-tools/rustup/toolchains/nightly-2025-01-18-x86_64-unknown-linux-gnu/bin/rustc --crate-name http_body --edition=2018 /app/target/cpython-strict/host-tools/cargo/registry/src/index.crates.io-1949cf8c6b5b557f/http-body-1.0.1/src/lib.rs --error-format=json --json=diagnostic-rendered-ansi,artifacts,future-incompat --crate-type lib --emit=dep-info,metadata,link -C opt-level=3 -C panic=abort -C linker-plugin-lto -C codegen-units=1 --check-cfg 'cfg(docsrs,test)' --check-cfg 'cfg(feature, values())' -C metadata=fd26eee71a7d2f27 -C extra-filename=-098692a4b21fd06c --out-dir /app/target/cpython-strict/build/primp-0.15.0/target/loongarch64-unknown-linux-musl/release/deps --target loongarch64-unknown-linux-musl -C linker=/app/target/cpython-strict/cross/loongarch64-linux-musl-gcc -C strip=symbols -L dependency=/app/target/cpython-strict/build/primp-0.15.0/target/loongarch64-unknown-linux-musl/release/deps -L dependency=/app/target/cpython-strict/build/primp-0.15.0/target/release/deps --extern bytes=/app/target/cpython-strict/build/primp-0.15.0/target/loongarch64-unknown-linux-musl/release/deps/libbytes-1ddf7578ed688089.rmeta --extern http=/app/target/cpython-strict/build/primp-0.15.0/target/loongarch64-unknown-linux-musl/release/deps/libhttp-b4e6733cf463dcb5.rmeta --cap-lints warn -C target-feature=-ual -C target-feature=-crt-static`
warning: `http-body` (lib) generated 1 warning (1 duplicate)
   Compiling phf v0.11.3
     Running `CARGO=/app/target/cpython-strict/host-tools/rustup/toolchains/nightly-2025-01-18-x86_64-unknown-linux-gnu/bin/cargo CARGO_CRATE_NAME=phf CARGO_MANIFEST_DIR=/app/target/cpython-strict/host-tools/cargo/registry/src/index.crates.io-1949cf8c6b5b557f/phf-0.11.3 CARGO_MANIFEST_PATH=/app/target/cpython-strict/host-tools/cargo/registry/src/index.crates.io-1949cf8c6b5b557f/phf-0.11.3/Cargo.toml CARGO_PKG_AUTHORS='Steven Fackler <sfackler@gmail.com>' CARGO_PKG_DESCRIPTION='Runtime support for perfect hash function data structures' CARGO_PKG_HOMEPAGE='' CARGO_PKG_LICENSE=MIT CARGO_PKG_LICENSE_FILE='' CARGO_PKG_NAME=phf CARGO_PKG_README=README.md CARGO_PKG_REPOSITORY='https://github.com/rust-phf/rust-phf' CARGO_PKG_RUST_VERSION=1.61 CARGO_PKG_VERSION=0.11.3 CARGO_PKG_VERSION_MAJOR=0 CARGO_PKG_VERSION_MINOR=11 CARGO_PKG_VERSION_PATCH=3 CARGO_PKG_VERSION_PRE='' LD_LIBRARY_PATH='/app/target/cpython-strict/build/primp-0.15.0/target/release/deps:/app/target/cpython-strict/host-tools/rustup/toolchains/nightly-2025-01-18-x86_64-unknown-linux-gnu/lib:/opt/kendryte-toolchain/bin/:' /app/target/cpython-strict/host-tools/rustup/toolchains/nightly-2025-01-18-x86_64-unknown-linux-gnu/bin/rustc --crate-name phf --edition=2021 /app/target/cpython-strict/host-tools/cargo/registry/src/index.crates.io-1949cf8c6b5b557f/phf-0.11.3/src/lib.rs --error-format=json --json=diagnostic-rendered-ansi,artifacts,future-incompat --crate-type lib --emit=dep-info,metadata,link -C opt-level=3 -C panic=abort -C linker-plugin-lto -C codegen-units=1 --cfg 'feature="default"' --cfg 'feature="std"' --check-cfg 'cfg(docsrs,test)' --check-cfg 'cfg(feature, values("default", "macros", "phf_macros", "serde", "std", "uncased", "unicase"))' -C metadata=0a51781aaa0c3d53 -C extra-filename=-33a11e964acca40f --out-dir /app/target/cpython-strict/build/primp-0.15.0/target/loongarch64-unknown-linux-musl/release/deps --target loongarch64-unknown-linux-musl -C linker=/app/target/cpython-strict/cross/loongarch64-linux-musl-gcc -C strip=symbols -L dependency=/app/target/cpython-strict/build/primp-0.15.0/target/loongarch64-unknown-linux-musl/release/deps -L dependency=/app/target/cpython-strict/build/primp-0.15.0/target/release/deps --extern phf_shared=/app/target/cpython-strict/build/primp-0.15.0/target/loongarch64-unknown-linux-musl/release/deps/libphf_shared-5d13426395a83afb.rmeta --cap-lints warn -C target-feature=-ual -C target-feature=-crt-static`
warning: `time` (lib) generated 1 warning (1 duplicate)
     Running `CARGO=/app/target/cpython-strict/host-tools/rustup/toolchains/nightly-2025-01-18-x86_64-unknown-linux-gnu/bin/cargo CARGO_CRATE_NAME=pyo3_ffi CARGO_MANIFEST_DIR=/app/target/cpython-strict/host-tools/cargo/registry/src/index.crates.io-1949cf8c6b5b557f/pyo3-ffi-0.24.1 CARGO_MANIFEST_PATH=/app/target/cpython-strict/host-tools/cargo/registry/src/index.crates.io-1949cf8c6b5b557f/pyo3-ffi-0.24.1/Cargo.toml CARGO_PKG_AUTHORS='PyO3 Project and Contributors <https://github.com/PyO3>' CARGO_PKG_DESCRIPTION='Python-API bindings for the PyO3 ecosystem' CARGO_PKG_HOMEPAGE='https://github.com/pyo3/pyo3' CARGO_PKG_LICENSE='MIT OR Apache-2.0' CARGO_PKG_LICENSE_FILE='' CARGO_PKG_NAME=pyo3-ffi CARGO_PKG_README=README.md CARGO_PKG_REPOSITORY='https://github.com/pyo3/pyo3' CARGO_PKG_RUST_VERSION=1.63 CARGO_PKG_VERSION=0.24.1 CARGO_PKG_VERSION_MAJOR=0 CARGO_PKG_VERSION_MINOR=24 CARGO_PKG_VERSION_PATCH=1 CARGO_PKG_VERSION_PRE='' LD_LIBRARY_PATH='/app/target/cpython-strict/build/primp-0.15.0/target/release/deps:/app/target/cpython-strict/host-tools/rustup/toolchains/nightly-2025-01-18-x86_64-unknown-linux-gnu/lib:/opt/kendryte-toolchain/bin/:' OUT_DIR=/app/target/cpython-strict/build/primp-0.15.0/target/loongarch64-unknown-linux-musl/release/build/pyo3-ffi-33c8c5d896c25430/out /app/target/cpython-strict/host-tools/rustup/toolchains/nightly-2025-01-18-x86_64-unknown-linux-gnu/bin/rustc --crate-name pyo3_ffi --edition=2021 /app/target/cpython-strict/host-tools/cargo/registry/src/index.crates.io-1949cf8c6b5b557f/pyo3-ffi-0.24.1/src/lib.rs --error-format=json --json=diagnostic-rendered-ansi,artifacts,future-incompat --crate-type lib --emit=dep-info,metadata,link -C opt-level=3 -C panic=abort -C linker-plugin-lto -C codegen-units=1 --warn=rust_2018_idioms '--warn=clippy::useless_transmute' '--warn=clippy::used_underscore_binding' --warn=unused_lifetimes --warn=unsafe_op_in_unsafe_fn '--warn=clippy::unnecessary_wraps' '--warn=clippy::todo' --warn=rust_2021_prelude_collisions '--warn=clippy::manual_ok_or' '--warn=clippy::manual_assert' '--warn=clippy::let_unit_value' --warn=invalid_doc_attributes '--warn=clippy::flat_map_option' '--warn=clippy::filter_map_next' '--warn=clippy::explicit_iter_loop' '--warn=clippy::explicit_into_iter_loop' --warn=elided_lifetimes_in_paths '--warn=clippy::dbg_macro' '--warn=clippy::checked_conversions' '--warn=rustdoc::broken_intra_doc_links' '--warn=rustdoc::bare_urls' --cfg 'feature="abi3"' --cfg 'feature="abi3-py310"' --cfg 'feature="abi3-py311"' --cfg 'feature="abi3-py312"' --cfg 'feature="abi3-py313"' --cfg 'feature="abi3-py38"' --cfg 'feature="abi3-py39"' --cfg 'feature="default"' --cfg 'feature="extension-module"' --check-cfg 'cfg(docsrs,test)' --check-cfg 'cfg(feature, values("abi3", "abi3-py310", "abi3-py311", "abi3-py312", "abi3-py313", "abi3-py37", "abi3-py38", "abi3-py39", "default", "extension-module", "generate-import-lib"))' -C metadata=91d98c677ab39f98 -C extra-filename=-f43d912e8bca172f --out-dir /app/target/cpython-strict/build/primp-0.15.0/target/loongarch64-unknown-linux-musl/release/deps --target loongarch64-unknown-linux-musl -C linker=/app/target/cpython-strict/cross/loongarch64-linux-musl-gcc -C strip=symbols -L dependency=/app/target/cpython-strict/build/primp-0.15.0/target/loongarch64-unknown-linux-musl/release/deps -L dependency=/app/target/cpython-strict/build/primp-0.15.0/target/release/deps --extern libc=/app/target/cpython-strict/build/primp-0.15.0/target/loongarch64-unknown-linux-musl/release/deps/liblibc-528e33ec45ba290f.rmeta --cap-lints warn -C target-feature=-ual -C target-feature=-crt-static --cfg Py_3_7 --cfg Py_3_8 --cfg Py_LIMITED_API --cfg rustc_has_once_lock --cfg cargo_toml_lints --cfg rustc_has_extern_c_unwind --cfg invalid_from_utf8_lint --cfg c_str_lit --cfg diagnostic_namespace --cfg io_error_more --cfg fn_ptr_eq --check-cfg 'cfg(Py_LIMITED_API)' --check-cfg 'cfg(Py_GIL_DISABLED)' --check-cfg 'cfg(PyPy)' --check-cfg 'cfg(GraalPy)' --check-cfg 'cfg(py_sys_config, values("Py_DEBUG", "Py_REF_DEBUG", "Py_TRACE_REFS", "COUNT_ALLOCS"))' --check-cfg 'cfg(pyo3_disable_reference_pool)' --check-cfg 'cfg(pyo3_leak_on_drop_without_reference_pool)' --check-cfg 'cfg(Py_3_7)' --check-cfg 'cfg(Py_3_8)' --check-cfg 'cfg(Py_3_9)' --check-cfg 'cfg(Py_3_10)' --check-cfg 'cfg(Py_3_11)' --check-cfg 'cfg(Py_3_12)' --check-cfg 'cfg(Py_3_13)' --check-cfg 'cfg(Py_3_14)' --check-cfg 'cfg(rustc_has_once_lock)' --check-cfg 'cfg(cargo_toml_lints)' --check-cfg 'cfg(rustc_has_extern_c_unwind)' --check-cfg 'cfg(invalid_from_utf8_lint)' --check-cfg 'cfg(c_str_lit)' --check-cfg 'cfg(diagnostic_namespace)' --check-cfg 'cfg(io_error_more)' --check-cfg 'cfg(fn_ptr_eq)'`
warning: `anyhow` (lib) generated 1 warning (1 duplicate)
   Compiling thiserror-impl v1.0.69
     Running `CARGO=/app/target/cpython-strict/host-tools/rustup/toolchains/nightly-2025-01-18-x86_64-unknown-linux-gnu/bin/cargo CARGO_CRATE_NAME=thiserror_impl CARGO_MANIFEST_DIR=/app/target/cpython-strict/host-tools/cargo/registry/src/index.crates.io-1949cf8c6b5b557f/thiserror-impl-1.0.69 CARGO_MANIFEST_PATH=/app/target/cpython-strict/host-tools/cargo/registry/src/index.crates.io-1949cf8c6b5b557f/thiserror-impl-1.0.69/Cargo.toml CARGO_PKG_AUTHORS='David Tolnay <dtolnay@gmail.com>' CARGO_PKG_DESCRIPTION='Implementation detail of the `thiserror` crate' CARGO_PKG_HOMEPAGE='' CARGO_PKG_LICENSE='MIT OR Apache-2.0' CARGO_PKG_LICENSE_FILE='' CARGO_PKG_NAME=thiserror-impl CARGO_PKG_README='' CARGO_PKG_REPOSITORY='https://github.com/dtolnay/thiserror' CARGO_PKG_RUST_VERSION=1.61 CARGO_PKG_VERSION=1.0.69 CARGO_PKG_VERSION_MAJOR=1 CARGO_PKG_VERSION_MINOR=0 CARGO_PKG_VERSION_PATCH=69 CARGO_PKG_VERSION_PRE='' LD_LIBRARY_PATH='/app/target/cpython-strict/build/primp-0.15.0/target/release/deps:/app/target/cpython-strict/host-tools/rustup/toolchains/nightly-2025-01-18-x86_64-unknown-linux-gnu/lib:/opt/kendryte-toolchain/bin/:' /app/target/cpython-strict/host-tools/rustup/toolchains/nightly-2025-01-18-x86_64-unknown-linux-gnu/bin/rustc --crate-name thiserror_impl --edition=2021 /app/target/cpython-strict/host-tools/cargo/registry/src/index.crates.io-1949cf8c6b5b557f/thiserror-impl-1.0.69/src/lib.rs --error-format=json --json=diagnostic-rendered-ansi,artifacts,future-incompat --crate-type proc-macro --emit=dep-info,link -C prefer-dynamic -C embed-bitcode=no -C debug-assertions=off --check-cfg 'cfg(docsrs,test)' --check-cfg 'cfg(feature, values())' -C metadata=6e6794895dc33700 -C extra-filename=-20de4121a229d0d8 --out-dir /app/target/cpython-strict/build/primp-0.15.0/target/release/deps -C strip=symbols -L dependency=/app/target/cpython-strict/build/primp-0.15.0/target/release/deps --extern proc_macro2=/app/target/cpython-strict/build/primp-0.15.0/target/release/deps/libproc_macro2-9db364b059323b41.rlib --extern quote=/app/target/cpython-strict/build/primp-0.15.0/target/release/deps/libquote-430fd29c5f10253f.rlib --extern syn=/app/target/cpython-strict/build/primp-0.15.0/target/release/deps/libsyn-4f64c6980b94321d.rlib --extern proc_macro --cap-lints warn`
warning: `getrandom` (lib) generated 1 warning (1 duplicate)
   Compiling openssl-macros v0.1.1
     Running `CARGO=/app/target/cpython-strict/host-tools/rustup/toolchains/nightly-2025-01-18-x86_64-unknown-linux-gnu/bin/cargo CARGO_CRATE_NAME=openssl_macros CARGO_MANIFEST_DIR=/app/target/cpython-strict/host-tools/cargo/registry/src/index.crates.io-1949cf8c6b5b557f/openssl-macros-0.1.1 CARGO_MANIFEST_PATH=/app/target/cpython-strict/host-tools/cargo/registry/src/index.crates.io-1949cf8c6b5b557f/openssl-macros-0.1.1/Cargo.toml CARGO_PKG_AUTHORS='' CARGO_PKG_DESCRIPTION='Internal macros used by the openssl crate.' CARGO_PKG_HOMEPAGE='' CARGO_PKG_LICENSE=MIT/Apache-2.0 CARGO_PKG_LICENSE_FILE='' CARGO_PKG_NAME=openssl-macros CARGO_PKG_README='' CARGO_PKG_REPOSITORY='' CARGO_PKG_RUST_VERSION='' CARGO_PKG_VERSION=0.1.1 CARGO_PKG_VERSION_MAJOR=0 CARGO_PKG_VERSION_MINOR=1 CARGO_PKG_VERSION_PATCH=1 CARGO_PKG_VERSION_PRE='' LD_LIBRARY_PATH='/app/target/cpython-strict/build/primp-0.15.0/target/release/deps:/app/target/cpython-strict/host-tools/rustup/toolchains/nightly-2025-01-18-x86_64-unknown-linux-gnu/lib:/opt/kendryte-toolchain/bin/:' /app/target/cpython-strict/host-tools/rustup/toolchains/nightly-2025-01-18-x86_64-unknown-linux-gnu/bin/rustc --crate-name openssl_macros --edition=2018 /app/target/cpython-strict/host-tools/cargo/registry/src/index.crates.io-1949cf8c6b5b557f/openssl-macros-0.1.1/src/lib.rs --error-format=json --json=diagnostic-rendered-ansi,artifacts,future-incompat --crate-type proc-macro --emit=dep-info,link -C prefer-dynamic -C embed-bitcode=no -C debug-assertions=off --check-cfg 'cfg(docsrs,test)' --check-cfg 'cfg(feature, values())' -C metadata=237fab9e130d10df -C extra-filename=-1947cef8adf1ffaa --out-dir /app/target/cpython-strict/build/primp-0.15.0/target/release/deps -C strip=symbols -L dependency=/app/target/cpython-strict/build/primp-0.15.0/target/release/deps --extern proc_macro2=/app/target/cpython-strict/build/primp-0.15.0/target/release/deps/libproc_macro2-9db364b059323b41.rlib --extern quote=/app/target/cpython-strict/build/primp-0.15.0/target/release/deps/libquote-430fd29c5f10253f.rlib --extern syn=/app/target/cpython-strict/build/primp-0.15.0/target/release/deps/libsyn-4f64c6980b94321d.rlib --extern proc_macro --cap-lints warn`
warning: `phf` (lib) generated 1 warning (1 duplicate)
   Compiling crc32fast v1.4.2
     Running `CARGO=/app/target/cpython-strict/host-tools/rustup/toolchains/nightly-2025-01-18-x86_64-unknown-linux-gnu/bin/cargo CARGO_CRATE_NAME=crc32fast CARGO_MANIFEST_DIR=/app/target/cpython-strict/host-tools/cargo/registry/src/index.crates.io-1949cf8c6b5b557f/crc32fast-1.4.2 CARGO_MANIFEST_PATH=/app/target/cpython-strict/host-tools/cargo/registry/src/index.crates.io-1949cf8c6b5b557f/crc32fast-1.4.2/Cargo.toml CARGO_PKG_AUTHORS='Sam Rijs <srijs@airpost.net>:Alex Crichton <alex@alexcrichton.com>' CARGO_PKG_DESCRIPTION='Fast, SIMD-accelerated CRC32 (IEEE) checksum computation' CARGO_PKG_HOMEPAGE='' CARGO_PKG_LICENSE='MIT OR Apache-2.0' CARGO_PKG_LICENSE_FILE='' CARGO_PKG_NAME=crc32fast CARGO_PKG_README=README.md CARGO_PKG_REPOSITORY='https://github.com/srijs/rust-crc32fast' CARGO_PKG_RUST_VERSION='' CARGO_PKG_VERSION=1.4.2 CARGO_PKG_VERSION_MAJOR=1 CARGO_PKG_VERSION_MINOR=4 CARGO_PKG_VERSION_PATCH=2 CARGO_PKG_VERSION_PRE='' LD_LIBRARY_PATH='/app/target/cpython-strict/build/primp-0.15.0/target/release/deps:/app/target/cpython-strict/host-tools/rustup/toolchains/nightly-2025-01-18-x86_64-unknown-linux-gnu/lib:/opt/kendryte-toolchain/bin/:' /app/target/cpython-strict/host-tools/rustup/toolchains/nightly-2025-01-18-x86_64-unknown-linux-gnu/bin/rustc --crate-name crc32fast --edition=2015 /app/target/cpython-strict/host-tools/cargo/registry/src/index.crates.io-1949cf8c6b5b557f/crc32fast-1.4.2/src/lib.rs --error-format=json --json=diagnostic-rendered-ansi,artifacts,future-incompat --crate-type lib --emit=dep-info,metadata,link -C opt-level=3 -C panic=abort -C linker-plugin-lto -C codegen-units=1 --cfg 'feature="default"' --cfg 'feature="std"' --check-cfg 'cfg(docsrs,test)' --check-cfg 'cfg(feature, values("default", "nightly", "std"))' -C metadata=4cbcd3d651585753 -C extra-filename=-19b1015fd1546d7b --out-dir /app/target/cpython-strict/build/primp-0.15.0/target/loongarch64-unknown-linux-musl/release/deps --target loongarch64-unknown-linux-musl -C linker=/app/target/cpython-strict/cross/loongarch64-linux-musl-gcc -C strip=symbols -L dependency=/app/target/cpython-strict/build/primp-0.15.0/target/loongarch64-unknown-linux-musl/release/deps -L dependency=/app/target/cpython-strict/build/primp-0.15.0/target/release/deps --extern cfg_if=/app/target/cpython-strict/build/primp-0.15.0/target/loongarch64-unknown-linux-musl/release/deps/libcfg_if-9a56164e255f8351.rmeta --cap-lints warn -C target-feature=-ual -C target-feature=-crt-static`
warning: `pyo3-ffi` (lib) generated 1 warning (1 duplicate)
   Compiling inventory v0.3.20
     Running `CARGO=/app/target/cpython-strict/host-tools/rustup/toolchains/nightly-2025-01-18-x86_64-unknown-linux-gnu/bin/cargo CARGO_CRATE_NAME=inventory CARGO_MANIFEST_DIR=/app/target/cpython-strict/host-tools/cargo/registry/src/index.crates.io-1949cf8c6b5b557f/inventory-0.3.20 CARGO_MANIFEST_PATH=/app/target/cpython-strict/host-tools/cargo/registry/src/index.crates.io-1949cf8c6b5b557f/inventory-0.3.20/Cargo.toml CARGO_PKG_AUTHORS='David Tolnay <dtolnay@gmail.com>' CARGO_PKG_DESCRIPTION='Typed distributed plugin registration' CARGO_PKG_HOMEPAGE='' CARGO_PKG_LICENSE='MIT OR Apache-2.0' CARGO_PKG_LICENSE_FILE='' CARGO_PKG_NAME=inventory CARGO_PKG_README=README.md CARGO_PKG_REPOSITORY='https://github.com/dtolnay/inventory' CARGO_PKG_RUST_VERSION=1.62 CARGO_PKG_VERSION=0.3.20 CARGO_PKG_VERSION_MAJOR=0 CARGO_PKG_VERSION_MINOR=3 CARGO_PKG_VERSION_PATCH=20 CARGO_PKG_VERSION_PRE='' LD_LIBRARY_PATH='/app/target/cpython-strict/build/primp-0.15.0/target/release/deps:/app/target/cpython-strict/host-tools/rustup/toolchains/nightly-2025-01-18-x86_64-unknown-linux-gnu/lib:/opt/kendryte-toolchain/bin/:' /app/target/cpython-strict/host-tools/rustup/toolchains/nightly-2025-01-18-x86_64-unknown-linux-gnu/bin/rustc --crate-name inventory --edition=2021 /app/target/cpython-strict/host-tools/cargo/registry/src/index.crates.io-1949cf8c6b5b557f/inventory-0.3.20/src/lib.rs --error-format=json --json=diagnostic-rendered-ansi,artifacts,future-incompat --crate-type lib --emit=dep-info,metadata,link -C opt-level=3 -C panic=abort -C linker-plugin-lto -C codegen-units=1 --check-cfg 'cfg(docsrs,test)' --check-cfg 'cfg(feature, values())' -C metadata=a68b06871a6a0cd0 -C extra-filename=-6eadd09614fc39b7 --out-dir /app/target/cpython-strict/build/primp-0.15.0/target/loongarch64-unknown-linux-musl/release/deps --target loongarch64-unknown-linux-musl -C linker=/app/target/cpython-strict/cross/loongarch64-linux-musl-gcc -C strip=symbols -L dependency=/app/target/cpython-strict/build/primp-0.15.0/target/loongarch64-unknown-linux-musl/release/deps -L dependency=/app/target/cpython-strict/build/primp-0.15.0/target/release/deps --cap-lints warn -C target-feature=-ual -C target-feature=-crt-static`
warning: `brotli-decompressor` (lib) generated 3 warnings (1 duplicate)
     Running `CARGO=/app/target/cpython-strict/host-tools/rustup/toolchains/nightly-2025-01-18-x86_64-unknown-linux-gnu/bin/cargo CARGO_CRATE_NAME=bitflags CARGO_MANIFEST_DIR=/app/target/cpython-strict/host-tools/cargo/registry/src/index.crates.io-1949cf8c6b5b557f/bitflags-2.9.0 CARGO_MANIFEST_PATH=/app/target/cpython-strict/host-tools/cargo/registry/src/index.crates.io-1949cf8c6b5b557f/bitflags-2.9.0/Cargo.toml CARGO_PKG_AUTHORS='The Rust Project Developers' CARGO_PKG_DESCRIPTION='A macro to generate structures which behave like bitflags.
' CARGO_PKG_HOMEPAGE='https://github.com/bitflags/bitflags' CARGO_PKG_LICENSE='MIT OR Apache-2.0' CARGO_PKG_LICENSE_FILE='' CARGO_PKG_NAME=bitflags CARGO_PKG_README=README.md CARGO_PKG_REPOSITORY='https://github.com/bitflags/bitflags' CARGO_PKG_RUST_VERSION=1.56.0 CARGO_PKG_VERSION=2.9.0 CARGO_PKG_VERSION_MAJOR=2 CARGO_PKG_VERSION_MINOR=9 CARGO_PKG_VERSION_PATCH=0 CARGO_PKG_VERSION_PRE='' LD_LIBRARY_PATH='/app/target/cpython-strict/build/primp-0.15.0/target/release/deps:/app/target/cpython-strict/host-tools/rustup/toolchains/nightly-2025-01-18-x86_64-unknown-linux-gnu/lib:/opt/kendryte-toolchain/bin/:' /app/target/cpython-strict/host-tools/rustup/toolchains/nightly-2025-01-18-x86_64-unknown-linux-gnu/bin/rustc --crate-name bitflags --edition=2021 /app/target/cpython-strict/host-tools/cargo/registry/src/index.crates.io-1949cf8c6b5b557f/bitflags-2.9.0/src/lib.rs --error-format=json --json=diagnostic-rendered-ansi,artifacts,future-incompat --crate-type lib --emit=dep-info,metadata,link -C opt-level=3 -C panic=abort -C linker-plugin-lto -C codegen-units=1 --check-cfg 'cfg(docsrs,test)' --check-cfg 'cfg(feature, values("arbitrary", "bytemuck", "compiler_builtins", "core", "example_generated", "rustc-dep-of-std", "serde", "std"))' -C metadata=d289a16ac249b0ed -C extra-filename=-8a5a1e2f06d96494 --out-dir /app/target/cpython-strict/build/primp-0.15.0/target/loongarch64-unknown-linux-musl/release/deps --target loongarch64-unknown-linux-musl -C linker=/app/target/cpython-strict/cross/loongarch64-linux-musl-gcc -C strip=symbols -L dependency=/app/target/cpython-strict/build/primp-0.15.0/target/loongarch64-unknown-linux-musl/release/deps -L dependency=/app/target/cpython-strict/build/primp-0.15.0/target/release/deps --cap-lints warn -C target-feature=-ual -C target-feature=-crt-static`
warning: `zerocopy` (lib) generated 1 warning (1 duplicate)
   Compiling psl-types v2.0.11
     Running `CARGO=/app/target/cpython-strict/host-tools/rustup/toolchains/nightly-2025-01-18-x86_64-unknown-linux-gnu/bin/cargo CARGO_CRATE_NAME=psl_types CARGO_MANIFEST_DIR=/app/target/cpython-strict/host-tools/cargo/registry/src/index.crates.io-1949cf8c6b5b557f/psl-types-2.0.11 CARGO_MANIFEST_PATH=/app/target/cpython-strict/host-tools/cargo/registry/src/index.crates.io-1949cf8c6b5b557f/psl-types-2.0.11/Cargo.toml CARGO_PKG_AUTHORS='rushmorem <rushmore@webenchanter.com>' CARGO_PKG_DESCRIPTION='Common types for the public suffix implementation crates' CARGO_PKG_HOMEPAGE='' CARGO_PKG_LICENSE=MIT/Apache-2.0 CARGO_PKG_LICENSE_FILE='' CARGO_PKG_NAME=psl-types CARGO_PKG_README=README.md CARGO_PKG_REPOSITORY='https://github.com/addr-rs/psl-types' CARGO_PKG_RUST_VERSION='' CARGO_PKG_VERSION=2.0.11 CARGO_PKG_VERSION_MAJOR=2 CARGO_PKG_VERSION_MINOR=0 CARGO_PKG_VERSION_PATCH=11 CARGO_PKG_VERSION_PRE='' LD_LIBRARY_PATH='/app/target/cpython-strict/build/primp-0.15.0/target/release/deps:/app/target/cpython-strict/host-tools/rustup/toolchains/nightly-2025-01-18-x86_64-unknown-linux-gnu/lib:/opt/kendryte-toolchain/bin/:' /app/target/cpython-strict/host-tools/rustup/toolchains/nightly-2025-01-18-x86_64-unknown-linux-gnu/bin/rustc --crate-name psl_types --edition=2018 /app/target/cpython-strict/host-tools/cargo/registry/src/index.crates.io-1949cf8c6b5b557f/psl-types-2.0.11/src/lib.rs --error-format=json --json=diagnostic-rendered-ansi,artifacts,future-incompat --crate-type lib --emit=dep-info,metadata,link -C opt-level=3 -C panic=abort -C linker-plugin-lto -C codegen-units=1 --check-cfg 'cfg(docsrs,test)' --check-cfg 'cfg(feature, values())' -C metadata=6124bfe62de5a48d -C extra-filename=-4cde6010b521c68c --out-dir /app/target/cpython-strict/build/primp-0.15.0/target/loongarch64-unknown-linux-musl/release/deps --target loongarch64-unknown-linux-musl -C linker=/app/target/cpython-strict/cross/loongarch64-linux-musl-gcc -C strip=symbols -L dependency=/app/target/cpython-strict/build/primp-0.15.0/target/loongarch64-unknown-linux-musl/release/deps -L dependency=/app/target/cpython-strict/build/primp-0.15.0/target/release/deps --cap-lints warn -C target-feature=-ual -C target-feature=-crt-static`
warning: `idna` (lib) generated 1 warning (1 duplicate)
   Compiling indoc v2.0.6
     Running `CARGO=/app/target/cpython-strict/host-tools/rustup/toolchains/nightly-2025-01-18-x86_64-unknown-linux-gnu/bin/cargo CARGO_CRATE_NAME=indoc CARGO_MANIFEST_DIR=/app/target/cpython-strict/host-tools/cargo/registry/src/index.crates.io-1949cf8c6b5b557f/indoc-2.0.6 CARGO_MANIFEST_PATH=/app/target/cpython-strict/host-tools/cargo/registry/src/index.crates.io-1949cf8c6b5b557f/indoc-2.0.6/Cargo.toml CARGO_PKG_AUTHORS='David Tolnay <dtolnay@gmail.com>' CARGO_PKG_DESCRIPTION='Indented document literals' CARGO_PKG_HOMEPAGE='' CARGO_PKG_LICENSE='MIT OR Apache-2.0' CARGO_PKG_LICENSE_FILE='' CARGO_PKG_NAME=indoc CARGO_PKG_README=README.md CARGO_PKG_REPOSITORY='https://github.com/dtolnay/indoc' CARGO_PKG_RUST_VERSION=1.56 CARGO_PKG_VERSION=2.0.6 CARGO_PKG_VERSION_MAJOR=2 CARGO_PKG_VERSION_MINOR=0 CARGO_PKG_VERSION_PATCH=6 CARGO_PKG_VERSION_PRE='' LD_LIBRARY_PATH='/app/target/cpython-strict/build/primp-0.15.0/target/release/deps:/app/target/cpython-strict/host-tools/rustup/toolchains/nightly-2025-01-18-x86_64-unknown-linux-gnu/lib:/opt/kendryte-toolchain/bin/:' /app/target/cpython-strict/host-tools/rustup/toolchains/nightly-2025-01-18-x86_64-unknown-linux-gnu/bin/rustc --crate-name indoc --edition=2021 /app/target/cpython-strict/host-tools/cargo/registry/src/index.crates.io-1949cf8c6b5b557f/indoc-2.0.6/src/lib.rs --error-format=json --json=diagnostic-rendered-ansi,artifacts,future-incompat --crate-type proc-macro --emit=dep-info,link -C prefer-dynamic -C embed-bitcode=no -C debug-assertions=off --check-cfg 'cfg(docsrs,test)' --check-cfg 'cfg(feature, values())' -C metadata=7889cc6b40038e5e -C extra-filename=-f67852b0f3d7936f --out-dir /app/target/cpython-strict/build/primp-0.15.0/target/release/deps -C strip=symbols -L dependency=/app/target/cpython-strict/build/primp-0.15.0/target/release/deps --extern proc_macro --cap-lints warn`
warning: `psl-types` (lib) generated 1 warning (1 duplicate)
   Compiling try-lock v0.2.5
     Running `CARGO=/app/target/cpython-strict/host-tools/rustup/toolchains/nightly-2025-01-18-x86_64-unknown-linux-gnu/bin/cargo CARGO_CRATE_NAME=try_lock CARGO_MANIFEST_DIR=/app/target/cpython-strict/host-tools/cargo/registry/src/index.crates.io-1949cf8c6b5b557f/try-lock-0.2.5 CARGO_MANIFEST_PATH=/app/target/cpython-strict/host-tools/cargo/registry/src/index.crates.io-1949cf8c6b5b557f/try-lock-0.2.5/Cargo.toml CARGO_PKG_AUTHORS='Sean McArthur <sean@seanmonstar.com>' CARGO_PKG_DESCRIPTION='A lightweight atomic lock.' CARGO_PKG_HOMEPAGE='https://github.com/seanmonstar/try-lock' CARGO_PKG_LICENSE=MIT CARGO_PKG_LICENSE_FILE='' CARGO_PKG_NAME=try-lock CARGO_PKG_README=README.md CARGO_PKG_REPOSITORY='https://github.com/seanmonstar/try-lock' CARGO_PKG_RUST_VERSION='' CARGO_PKG_VERSION=0.2.5 CARGO_PKG_VERSION_MAJOR=0 CARGO_PKG_VERSION_MINOR=2 CARGO_PKG_VERSION_PATCH=5 CARGO_PKG_VERSION_PRE='' LD_LIBRARY_PATH='/app/target/cpython-strict/build/primp-0.15.0/target/release/deps:/app/target/cpython-strict/host-tools/rustup/toolchains/nightly-2025-01-18-x86_64-unknown-linux-gnu/lib:/opt/kendryte-toolchain/bin/:' /app/target/cpython-strict/host-tools/rustup/toolchains/nightly-2025-01-18-x86_64-unknown-linux-gnu/bin/rustc --crate-name try_lock --edition=2015 /app/target/cpython-strict/host-tools/cargo/registry/src/index.crates.io-1949cf8c6b5b557f/try-lock-0.2.5/src/lib.rs --error-format=json --json=diagnostic-rendered-ansi,artifacts,future-incompat --crate-type lib --emit=dep-info,metadata,link -C opt-level=3 -C panic=abort -C linker-plugin-lto -C codegen-units=1 --check-cfg 'cfg(docsrs,test)' --check-cfg 'cfg(feature, values())' -C metadata=bd9258d4eee26724 -C extra-filename=-f24854076a1b69d3 --out-dir /app/target/cpython-strict/build/primp-0.15.0/target/loongarch64-unknown-linux-musl/release/deps --target loongarch64-unknown-linux-musl -C linker=/app/target/cpython-strict/cross/loongarch64-linux-musl-gcc -C strip=symbols -L dependency=/app/target/cpython-strict/build/primp-0.15.0/target/loongarch64-unknown-linux-musl/release/deps -L dependency=/app/target/cpython-strict/build/primp-0.15.0/target/release/deps --cap-lints warn -C target-feature=-ual -C target-feature=-crt-static`
warning: `inventory` (lib) generated 1 warning (1 duplicate)
   Compiling thiserror v2.0.12
     Running `CARGO=/app/target/cpython-strict/host-tools/rustup/toolchains/nightly-2025-01-18-x86_64-unknown-linux-gnu/bin/cargo CARGO_CRATE_NAME=build_script_build CARGO_MANIFEST_DIR=/app/target/cpython-strict/host-tools/cargo/registry/src/index.crates.io-1949cf8c6b5b557f/thiserror-2.0.12 CARGO_MANIFEST_PATH=/app/target/cpython-strict/host-tools/cargo/registry/src/index.crates.io-1949cf8c6b5b557f/thiserror-2.0.12/Cargo.toml CARGO_PKG_AUTHORS='David Tolnay <dtolnay@gmail.com>' CARGO_PKG_DESCRIPTION='derive(Error)' CARGO_PKG_HOMEPAGE='' CARGO_PKG_LICENSE='MIT OR Apache-2.0' CARGO_PKG_LICENSE_FILE='' CARGO_PKG_NAME=thiserror CARGO_PKG_README=README.md CARGO_PKG_REPOSITORY='https://github.com/dtolnay/thiserror' CARGO_PKG_RUST_VERSION=1.61 CARGO_PKG_VERSION=2.0.12 CARGO_PKG_VERSION_MAJOR=2 CARGO_PKG_VERSION_MINOR=0 CARGO_PKG_VERSION_PATCH=12 CARGO_PKG_VERSION_PRE='' LD_LIBRARY_PATH='/app/target/cpython-strict/build/primp-0.15.0/target/release/deps:/app/target/cpython-strict/host-tools/rustup/toolchains/nightly-2025-01-18-x86_64-unknown-linux-gnu/lib:/opt/kendryte-toolchain/bin/:' /app/target/cpython-strict/host-tools/rustup/toolchains/nightly-2025-01-18-x86_64-unknown-linux-gnu/bin/rustc --crate-name build_script_build --edition=2021 /app/target/cpython-strict/host-tools/cargo/registry/src/index.crates.io-1949cf8c6b5b557f/thiserror-2.0.12/build.rs --error-format=json --json=diagnostic-rendered-ansi,artifacts,future-incompat --crate-type bin --emit=dep-info,link -C embed-bitcode=no -C debug-assertions=off --cfg 'feature="default"' --cfg 'feature="std"' --check-cfg 'cfg(docsrs,test)' --check-cfg 'cfg(feature, values("default", "std"))' -C metadata=150de0899a6c3f38 -C extra-filename=-a6ae5face3d6c4f3 --out-dir /app/target/cpython-strict/build/primp-0.15.0/target/release/build/thiserror-a6ae5face3d6c4f3 -C strip=symbols -L dependency=/app/target/cpython-strict/build/primp-0.15.0/target/release/deps --cap-lints warn`
   Compiling unindent v0.2.4
     Running `CARGO=/app/target/cpython-strict/host-tools/rustup/toolchains/nightly-2025-01-18-x86_64-unknown-linux-gnu/bin/cargo CARGO_CRATE_NAME=unindent CARGO_MANIFEST_DIR=/app/target/cpython-strict/host-tools/cargo/registry/src/index.crates.io-1949cf8c6b5b557f/unindent-0.2.4 CARGO_MANIFEST_PATH=/app/target/cpython-strict/host-tools/cargo/registry/src/index.crates.io-1949cf8c6b5b557f/unindent-0.2.4/Cargo.toml CARGO_PKG_AUTHORS='David Tolnay <dtolnay@gmail.com>' CARGO_PKG_DESCRIPTION='Remove a column of leading whitespace from a string' CARGO_PKG_HOMEPAGE='' CARGO_PKG_LICENSE='MIT OR Apache-2.0' CARGO_PKG_LICENSE_FILE='' CARGO_PKG_NAME=unindent CARGO_PKG_README=README.md CARGO_PKG_REPOSITORY='https://github.com/dtolnay/indoc' CARGO_PKG_RUST_VERSION='' CARGO_PKG_VERSION=0.2.4 CARGO_PKG_VERSION_MAJOR=0 CARGO_PKG_VERSION_MINOR=2 CARGO_PKG_VERSION_PATCH=4 CARGO_PKG_VERSION_PRE='' LD_LIBRARY_PATH='/app/target/cpython-strict/build/primp-0.15.0/target/release/deps:/app/target/cpython-strict/host-tools/rustup/toolchains/nightly-2025-01-18-x86_64-unknown-linux-gnu/lib:/opt/kendryte-toolchain/bin/:' /app/target/cpython-strict/host-tools/rustup/toolchains/nightly-2025-01-18-x86_64-unknown-linux-gnu/bin/rustc --crate-name unindent --edition=2021 /app/target/cpython-strict/host-tools/cargo/registry/src/index.crates.io-1949cf8c6b5b557f/unindent-0.2.4/src/lib.rs --error-format=json --json=diagnostic-rendered-ansi,artifacts,future-incompat --crate-type lib --emit=dep-info,metadata,link -C opt-level=3 -C panic=abort -C linker-plugin-lto -C codegen-units=1 --check-cfg 'cfg(docsrs,test)' --check-cfg 'cfg(feature, values())' -C metadata=0bbace3b1c73336e -C extra-filename=-51cda3d0f6cd8c9c --out-dir /app/target/cpython-strict/build/primp-0.15.0/target/loongarch64-unknown-linux-musl/release/deps --target loongarch64-unknown-linux-musl -C linker=/app/target/cpython-strict/cross/loongarch64-linux-musl-gcc -C strip=symbols -L dependency=/app/target/cpython-strict/build/primp-0.15.0/target/loongarch64-unknown-linux-musl/release/deps -L dependency=/app/target/cpython-strict/build/primp-0.15.0/target/release/deps --cap-lints warn -C target-feature=-ual -C target-feature=-crt-static`
warning: `crc32fast` (lib) generated 1 warning (1 duplicate)
   Compiling atomic-waker v1.1.2
     Running `CARGO=/app/target/cpython-strict/host-tools/rustup/toolchains/nightly-2025-01-18-x86_64-unknown-linux-gnu/bin/cargo CARGO_CRATE_NAME=atomic_waker CARGO_MANIFEST_DIR=/app/target/cpython-strict/host-tools/cargo/registry/src/index.crates.io-1949cf8c6b5b557f/atomic-waker-1.1.2 CARGO_MANIFEST_PATH=/app/target/cpython-strict/host-tools/cargo/registry/src/index.crates.io-1949cf8c6b5b557f/atomic-waker-1.1.2/Cargo.toml CARGO_PKG_AUTHORS='Stjepan Glavina <stjepang@gmail.com>:Contributors to futures-rs' CARGO_PKG_DESCRIPTION='A synchronization primitive for task wakeup' CARGO_PKG_HOMEPAGE='' CARGO_PKG_LICENSE='Apache-2.0 OR MIT' CARGO_PKG_LICENSE_FILE='' CARGO_PKG_NAME=atomic-waker CARGO_PKG_README=README.md CARGO_PKG_REPOSITORY='https://github.com/smol-rs/atomic-waker' CARGO_PKG_RUST_VERSION=1.36 CARGO_PKG_VERSION=1.1.2 CARGO_PKG_VERSION_MAJOR=1 CARGO_PKG_VERSION_MINOR=1 CARGO_PKG_VERSION_PATCH=2 CARGO_PKG_VERSION_PRE='' LD_LIBRARY_PATH='/app/target/cpython-strict/build/primp-0.15.0/target/release/deps:/app/target/cpython-strict/host-tools/rustup/toolchains/nightly-2025-01-18-x86_64-unknown-linux-gnu/lib:/opt/kendryte-toolchain/bin/:' /app/target/cpython-strict/host-tools/rustup/toolchains/nightly-2025-01-18-x86_64-unknown-linux-gnu/bin/rustc --crate-name atomic_waker --edition=2018 /app/target/cpython-strict/host-tools/cargo/registry/src/index.crates.io-1949cf8c6b5b557f/atomic-waker-1.1.2/src/lib.rs --error-format=json --json=diagnostic-rendered-ansi,artifacts,future-incompat --crate-type lib --emit=dep-info,metadata,link -C opt-level=3 -C panic=abort -C linker-plugin-lto -C codegen-units=1 --check-cfg 'cfg(docsrs,test)' --check-cfg 'cfg(feature, values("portable-atomic"))' -C metadata=d6e8e50632a58d85 -C extra-filename=-e1d226b4aacb3cad --out-dir /app/target/cpython-strict/build/primp-0.15.0/target/loongarch64-unknown-linux-musl/release/deps --target loongarch64-unknown-linux-musl -C linker=/app/target/cpython-strict/cross/loongarch64-linux-musl-gcc -C strip=symbols -L dependency=/app/target/cpython-strict/build/primp-0.15.0/target/loongarch64-unknown-linux-musl/release/deps -L dependency=/app/target/cpython-strict/build/primp-0.15.0/target/release/deps --cap-lints warn -C target-feature=-ual -C target-feature=-crt-static`
warning: `bitflags` (lib) generated 1 warning (1 duplicate)
   Compiling litrs v0.4.1
     Running `CARGO=/app/target/cpython-strict/host-tools/rustup/toolchains/nightly-2025-01-18-x86_64-unknown-linux-gnu/bin/cargo CARGO_CRATE_NAME=litrs CARGO_MANIFEST_DIR=/app/target/cpython-strict/host-tools/cargo/registry/src/index.crates.io-1949cf8c6b5b557f/litrs-0.4.1 CARGO_MANIFEST_PATH=/app/target/cpython-strict/host-tools/cargo/registry/src/index.crates.io-1949cf8c6b5b557f/litrs-0.4.1/Cargo.toml CARGO_PKG_AUTHORS='Lukas Kalbertodt <lukas.kalbertodt@gmail.com>' CARGO_PKG_DESCRIPTION='Parse and inspect Rust literals (i.e. tokens in the Rust programming language
representing fixed values). Particularly useful for proc macros, but can also
be used outside of a proc-macro context.
' CARGO_PKG_HOMEPAGE='' CARGO_PKG_LICENSE=MIT/Apache-2.0 CARGO_PKG_LICENSE_FILE='' CARGO_PKG_NAME=litrs CARGO_PKG_README=README.md CARGO_PKG_REPOSITORY='https://github.com/LukasKalbertodt/litrs/' CARGO_PKG_RUST_VERSION=1.54 CARGO_PKG_VERSION=0.4.1 CARGO_PKG_VERSION_MAJOR=0 CARGO_PKG_VERSION_MINOR=4 CARGO_PKG_VERSION_PATCH=1 CARGO_PKG_VERSION_PRE='' LD_LIBRARY_PATH='/app/target/cpython-strict/build/primp-0.15.0/target/release/deps:/app/target/cpython-strict/host-tools/rustup/toolchains/nightly-2025-01-18-x86_64-unknown-linux-gnu/lib:/opt/kendryte-toolchain/bin/:' /app/target/cpython-strict/host-tools/rustup/toolchains/nightly-2025-01-18-x86_64-unknown-linux-gnu/bin/rustc --crate-name litrs --edition=2018 /app/target/cpython-strict/host-tools/cargo/registry/src/index.crates.io-1949cf8c6b5b557f/litrs-0.4.1/src/lib.rs --error-format=json --json=diagnostic-rendered-ansi,artifacts,future-incompat --crate-type lib --emit=dep-info,metadata,link -C embed-bitcode=no -C debug-assertions=off --check-cfg 'cfg(docsrs,test)' --check-cfg 'cfg(feature, values("check_suffix", "default", "proc-macro2", "unicode-xid"))' -C metadata=c619d85dfd36e0aa -C extra-filename=-79a082c34e5d605a --out-dir /app/target/cpython-strict/build/primp-0.15.0/target/release/deps -C strip=symbols -L dependency=/app/target/cpython-strict/build/primp-0.15.0/target/release/deps --cap-lints warn`
warning: trait `AssertSync` is never used
   --> /app/target/cpython-strict/host-tools/cargo/registry/src/index.crates.io-1949cf8c6b5b557f/atomic-waker-1.1.2/src/lib.rs:226:15
    |
226 |         trait AssertSync: Sync {}
    |               ^^^^^^^^^^
    |
    = note: `#[warn(dead_code)]` on by default

warning: `try-lock` (lib) generated 1 warning (1 duplicate)
   Compiling http2 v0.4.21
     Running `CARGO=/app/target/cpython-strict/host-tools/rustup/toolchains/nightly-2025-01-18-x86_64-unknown-linux-gnu/bin/cargo CARGO_CRATE_NAME=http2 CARGO_MANIFEST_DIR=/app/target/cpython-strict/host-tools/cargo/registry/src/index.crates.io-1949cf8c6b5b557f/http2-0.4.21 CARGO_MANIFEST_PATH=/app/target/cpython-strict/host-tools/cargo/registry/src/index.crates.io-1949cf8c6b5b557f/http2-0.4.21/Cargo.toml CARGO_PKG_AUTHORS='0x676e67 <gngppz@gmail.com>' CARGO_PKG_DESCRIPTION='An HTTP/2 client and server' CARGO_PKG_HOMEPAGE='' CARGO_PKG_LICENSE=MIT CARGO_PKG_LICENSE_FILE='' CARGO_PKG_NAME=http2 CARGO_PKG_README=README.md CARGO_PKG_REPOSITORY='https://github.com/0x676e67/http2' CARGO_PKG_RUST_VERSION=1.63 CARGO_PKG_VERSION=0.4.21 CARGO_PKG_VERSION_MAJOR=0 CARGO_PKG_VERSION_MINOR=4 CARGO_PKG_VERSION_PATCH=21 CARGO_PKG_VERSION_PRE='' LD_LIBRARY_PATH='/app/target/cpython-strict/build/primp-0.15.0/target/release/deps:/app/target/cpython-strict/host-tools/rustup/toolchains/nightly-2025-01-18-x86_64-unknown-linux-gnu/lib:/opt/kendryte-toolchain/bin/:' /app/target/cpython-strict/host-tools/rustup/toolchains/nightly-2025-01-18-x86_64-unknown-linux-gnu/bin/rustc --crate-name http2 --edition=2021 /app/target/cpython-strict/host-tools/cargo/registry/src/index.crates.io-1949cf8c6b5b557f/http2-0.4.21/src/lib.rs --error-format=json --json=diagnostic-rendered-ansi,artifacts,future-incompat --crate-type lib --emit=dep-info,metadata,link -C opt-level=3 -C panic=abort -C linker-plugin-lto -C codegen-units=1 --warn=unexpected_cfgs --check-cfg 'cfg(fuzzing)' --cfg 'feature="unstable"' --check-cfg 'cfg(docsrs,test)' --check-cfg 'cfg(feature, values("stream", "tracing", "unstable"))' -C metadata=55ccf449fddba18a -C extra-filename=-ac4289703f53d007 --out-dir /app/target/cpython-strict/build/primp-0.15.0/target/loongarch64-unknown-linux-musl/release/deps --target loongarch64-unknown-linux-musl -C linker=/app/target/cpython-strict/cross/loongarch64-linux-musl-gcc -C strip=symbols -L dependency=/app/target/cpython-strict/build/primp-0.15.0/target/loongarch64-unknown-linux-musl/release/deps -L dependency=/app/target/cpython-strict/build/primp-0.15.0/target/release/deps --extern atomic_waker=/app/target/cpython-strict/build/primp-0.15.0/target/loongarch64-unknown-linux-musl/release/deps/libatomic_waker-e1d226b4aacb3cad.rmeta --extern bytes=/app/target/cpython-strict/build/primp-0.15.0/target/loongarch64-unknown-linux-musl/release/deps/libbytes-1ddf7578ed688089.rmeta --extern fnv=/app/target/cpython-strict/build/primp-0.15.0/target/loongarch64-unknown-linux-musl/release/deps/libfnv-e7d784fd36e2f20c.rmeta --extern futures_core=/app/target/cpython-strict/build/primp-0.15.0/target/loongarch64-unknown-linux-musl/release/deps/libfutures_core-daefa865b4c0a4f1.rmeta --extern futures_sink=/app/target/cpython-strict/build/primp-0.15.0/target/loongarch64-unknown-linux-musl/release/deps/libfutures_sink-28a25ad543ac0124.rmeta --extern http=/app/target/cpython-strict/build/primp-0.15.0/target/loongarch64-unknown-linux-musl/release/deps/libhttp-b4e6733cf463dcb5.rmeta --extern indexmap=/app/target/cpython-strict/build/primp-0.15.0/target/loongarch64-unknown-linux-musl/release/deps/libindexmap-3fc938989565c5db.rmeta --extern slab=/app/target/cpython-strict/build/primp-0.15.0/target/loongarch64-unknown-linux-musl/release/deps/libslab-854410731e65f863.rmeta --extern tokio=/app/target/cpython-strict/build/primp-0.15.0/target/loongarch64-unknown-linux-musl/release/deps/libtokio-a9e1076261fd66b2.rmeta --extern tokio_util=/app/target/cpython-strict/build/primp-0.15.0/target/loongarch64-unknown-linux-musl/release/deps/libtokio_util-feca4f0f0ee3e67f.rmeta --cap-lints warn -C target-feature=-ual -C target-feature=-crt-static`
warning: `atomic-waker` (lib) generated 2 warnings (1 duplicate)
   Compiling want v0.3.1
     Running `CARGO=/app/target/cpython-strict/host-tools/rustup/toolchains/nightly-2025-01-18-x86_64-unknown-linux-gnu/bin/cargo CARGO_CRATE_NAME=want CARGO_MANIFEST_DIR=/app/target/cpython-strict/host-tools/cargo/registry/src/index.crates.io-1949cf8c6b5b557f/want-0.3.1 CARGO_MANIFEST_PATH=/app/target/cpython-strict/host-tools/cargo/registry/src/index.crates.io-1949cf8c6b5b557f/want-0.3.1/Cargo.toml CARGO_PKG_AUTHORS='Sean McArthur <sean@seanmonstar.com>' CARGO_PKG_DESCRIPTION='Detect when another Future wants a result.' CARGO_PKG_HOMEPAGE='' CARGO_PKG_LICENSE=MIT CARGO_PKG_LICENSE_FILE='' CARGO_PKG_NAME=want CARGO_PKG_README=README.md CARGO_PKG_REPOSITORY='https://github.com/seanmonstar/want' CARGO_PKG_RUST_VERSION='' CARGO_PKG_VERSION=0.3.1 CARGO_PKG_VERSION_MAJOR=0 CARGO_PKG_VERSION_MINOR=3 CARGO_PKG_VERSION_PATCH=1 CARGO_PKG_VERSION_PRE='' LD_LIBRARY_PATH='/app/target/cpython-strict/build/primp-0.15.0/target/release/deps:/app/target/cpython-strict/host-tools/rustup/toolchains/nightly-2025-01-18-x86_64-unknown-linux-gnu/lib:/opt/kendryte-toolchain/bin/:' /app/target/cpython-strict/host-tools/rustup/toolchains/nightly-2025-01-18-x86_64-unknown-linux-gnu/bin/rustc --crate-name want --edition=2018 /app/target/cpython-strict/host-tools/cargo/registry/src/index.crates.io-1949cf8c6b5b557f/want-0.3.1/src/lib.rs --error-format=json --json=diagnostic-rendered-ansi,artifacts,future-incompat --crate-type lib --emit=dep-info,metadata,link -C opt-level=3 -C panic=abort -C linker-plugin-lto -C codegen-units=1 --check-cfg 'cfg(docsrs,test)' --check-cfg 'cfg(feature, values())' -C metadata=58a40b1609b955c3 -C extra-filename=-4cc823a8f1b71dba --out-dir /app/target/cpython-strict/build/primp-0.15.0/target/loongarch64-unknown-linux-musl/release/deps --target loongarch64-unknown-linux-musl -C linker=/app/target/cpython-strict/cross/loongarch64-linux-musl-gcc -C strip=symbols -L dependency=/app/target/cpython-strict/build/primp-0.15.0/target/loongarch64-unknown-linux-musl/release/deps -L dependency=/app/target/cpython-strict/build/primp-0.15.0/target/release/deps --extern try_lock=/app/target/cpython-strict/build/primp-0.15.0/target/loongarch64-unknown-linux-musl/release/deps/libtry_lock-f24854076a1b69d3.rmeta --cap-lints warn -C target-feature=-ual -C target-feature=-crt-static`
     Running `CARGO=/app/target/cpython-strict/host-tools/rustup/toolchains/nightly-2025-01-18-x86_64-unknown-linux-gnu/bin/cargo CARGO_CRATE_NAME=thiserror CARGO_MANIFEST_DIR=/app/target/cpython-strict/host-tools/cargo/registry/src/index.crates.io-1949cf8c6b5b557f/thiserror-1.0.69 CARGO_MANIFEST_PATH=/app/target/cpython-strict/host-tools/cargo/registry/src/index.crates.io-1949cf8c6b5b557f/thiserror-1.0.69/Cargo.toml CARGO_PKG_AUTHORS='David Tolnay <dtolnay@gmail.com>' CARGO_PKG_DESCRIPTION='derive(Error)' CARGO_PKG_HOMEPAGE='' CARGO_PKG_LICENSE='MIT OR Apache-2.0' CARGO_PKG_LICENSE_FILE='' CARGO_PKG_NAME=thiserror CARGO_PKG_README=README.md CARGO_PKG_REPOSITORY='https://github.com/dtolnay/thiserror' CARGO_PKG_RUST_VERSION=1.61 CARGO_PKG_VERSION=1.0.69 CARGO_PKG_VERSION_MAJOR=1 CARGO_PKG_VERSION_MINOR=0 CARGO_PKG_VERSION_PATCH=69 CARGO_PKG_VERSION_PRE='' LD_LIBRARY_PATH='/app/target/cpython-strict/build/primp-0.15.0/target/release/deps:/app/target/cpython-strict/host-tools/rustup/toolchains/nightly-2025-01-18-x86_64-unknown-linux-gnu/lib:/opt/kendryte-toolchain/bin/:' OUT_DIR=/app/target/cpython-strict/build/primp-0.15.0/target/loongarch64-unknown-linux-musl/release/build/thiserror-6e2564793c4bb0af/out /app/target/cpython-strict/host-tools/rustup/toolchains/nightly-2025-01-18-x86_64-unknown-linux-gnu/bin/rustc --crate-name thiserror --edition=2021 /app/target/cpython-strict/host-tools/cargo/registry/src/index.crates.io-1949cf8c6b5b557f/thiserror-1.0.69/src/lib.rs --error-format=json --json=diagnostic-rendered-ansi,artifacts,future-incompat --crate-type lib --emit=dep-info,metadata,link -C opt-level=3 -C panic=abort -C linker-plugin-lto -C codegen-units=1 --check-cfg 'cfg(docsrs,test)' --check-cfg 'cfg(feature, values())' -C metadata=8120a6ede65475f2 -C extra-filename=-807fc4d68546c270 --out-dir /app/target/cpython-strict/build/primp-0.15.0/target/loongarch64-unknown-linux-musl/release/deps --target loongarch64-unknown-linux-musl -C linker=/app/target/cpython-strict/cross/loongarch64-linux-musl-gcc -C strip=symbols -L dependency=/app/target/cpython-strict/build/primp-0.15.0/target/loongarch64-unknown-linux-musl/release/deps -L dependency=/app/target/cpython-strict/build/primp-0.15.0/target/release/deps --extern thiserror_impl=/app/target/cpython-strict/build/primp-0.15.0/target/release/deps/libthiserror_impl-20de4121a229d0d8.so --cap-lints warn -C target-feature=-ual -C target-feature=-crt-static --cfg error_generic_member_access --check-cfg 'cfg(error_generic_member_access)' --check-cfg 'cfg(thiserror_nightly_testing)'`
warning: `unindent` (lib) generated 1 warning (1 duplicate)
   Compiling publicsuffix v2.3.0
     Running `CARGO=/app/target/cpython-strict/host-tools/rustup/toolchains/nightly-2025-01-18-x86_64-unknown-linux-gnu/bin/cargo CARGO_CRATE_NAME=publicsuffix CARGO_MANIFEST_DIR=/app/target/cpython-strict/host-tools/cargo/registry/src/index.crates.io-1949cf8c6b5b557f/publicsuffix-2.3.0 CARGO_MANIFEST_PATH=/app/target/cpython-strict/host-tools/cargo/registry/src/index.crates.io-1949cf8c6b5b557f/publicsuffix-2.3.0/Cargo.toml CARGO_PKG_AUTHORS='rushmorem <rushmore@webenchanter.com>' CARGO_PKG_DESCRIPTION='Extract root domain and suffix from a domain name' CARGO_PKG_HOMEPAGE='' CARGO_PKG_LICENSE=MIT/Apache-2.0 CARGO_PKG_LICENSE_FILE='' CARGO_PKG_NAME=publicsuffix CARGO_PKG_README=README.md CARGO_PKG_REPOSITORY='https://github.com/rushmorem/publicsuffix' CARGO_PKG_RUST_VERSION='' CARGO_PKG_VERSION=2.3.0 CARGO_PKG_VERSION_MAJOR=2 CARGO_PKG_VERSION_MINOR=3 CARGO_PKG_VERSION_PATCH=0 CARGO_PKG_VERSION_PRE='' LD_LIBRARY_PATH='/app/target/cpython-strict/build/primp-0.15.0/target/release/deps:/app/target/cpython-strict/host-tools/rustup/toolchains/nightly-2025-01-18-x86_64-unknown-linux-gnu/lib:/opt/kendryte-toolchain/bin/:' /app/target/cpython-strict/host-tools/rustup/toolchains/nightly-2025-01-18-x86_64-unknown-linux-gnu/bin/rustc --crate-name publicsuffix --edition=2018 /app/target/cpython-strict/host-tools/cargo/registry/src/index.crates.io-1949cf8c6b5b557f/publicsuffix-2.3.0/src/lib.rs --error-format=json --json=diagnostic-rendered-ansi,artifacts,future-incompat --crate-type lib --emit=dep-info,metadata,link -C opt-level=3 -C panic=abort -C linker-plugin-lto -C codegen-units=1 --cfg 'feature="default"' --cfg 'feature="idna"' --cfg 'feature="punycode"' --check-cfg 'cfg(docsrs,test)' --check-cfg 'cfg(feature, values("anycase", "default", "hashbrown", "idna", "punycode", "std", "unicase"))' -C metadata=3c6c2dc5c8c32726 -C extra-filename=-5f8d4f250ea04247 --out-dir /app/target/cpython-strict/build/primp-0.15.0/target/loongarch64-unknown-linux-musl/release/deps --target loongarch64-unknown-linux-musl -C linker=/app/target/cpython-strict/cross/loongarch64-linux-musl-gcc -C strip=symbols -L dependency=/app/target/cpython-strict/build/primp-0.15.0/target/loongarch64-unknown-linux-musl/release/deps -L dependency=/app/target/cpython-strict/build/primp-0.15.0/target/release/deps --extern idna=/app/target/cpython-strict/build/primp-0.15.0/target/loongarch64-unknown-linux-musl/release/deps/libidna-f6992c1f18aee4ab.rmeta --extern psl_types=/app/target/cpython-strict/build/primp-0.15.0/target/loongarch64-unknown-linux-musl/release/deps/libpsl_types-4cde6010b521c68c.rmeta --cap-lints warn -C target-feature=-ual -C target-feature=-crt-static`
     Running `CARGO=/app/target/cpython-strict/host-tools/rustup/toolchains/nightly-2025-01-18-x86_64-unknown-linux-gnu/bin/cargo CARGO_CFG_FEATURE=default,std CARGO_CFG_FMT_DEBUG=full CARGO_CFG_OVERFLOW_CHECKS='' CARGO_CFG_PANIC=unwind CARGO_CFG_RELOCATION_MODEL=pic CARGO_CFG_TARGET_ABI='' CARGO_CFG_TARGET_ARCH=loongarch64 CARGO_CFG_TARGET_ENDIAN=little CARGO_CFG_TARGET_ENV=musl CARGO_CFG_TARGET_FAMILY=unix CARGO_CFG_TARGET_FEATURE=d,f,lsx CARGO_CFG_TARGET_HAS_ATOMIC=16,32,64,8,ptr CARGO_CFG_TARGET_HAS_ATOMIC_EQUAL_ALIGNMENT=16,32,64,8,ptr CARGO_CFG_TARGET_HAS_ATOMIC_LOAD_STORE=16,32,64,8,ptr CARGO_CFG_TARGET_OS=linux CARGO_CFG_TARGET_POINTER_WIDTH=64 CARGO_CFG_TARGET_THREAD_LOCAL='' CARGO_CFG_TARGET_VENDOR=unknown CARGO_CFG_UB_CHECKS='' CARGO_CFG_UNIX='' CARGO_ENCODED_RUSTFLAGS='-Ctarget-feature=-ual-Ctarget-feature=-crt-static' CARGO_FEATURE_DEFAULT=1 CARGO_FEATURE_STD=1 CARGO_MANIFEST_DIR=/app/target/cpython-strict/host-tools/cargo/registry/src/index.crates.io-1949cf8c6b5b557f/thiserror-2.0.12 CARGO_MANIFEST_PATH=/app/target/cpython-strict/host-tools/cargo/registry/src/index.crates.io-1949cf8c6b5b557f/thiserror-2.0.12/Cargo.toml CARGO_PKG_AUTHORS='David Tolnay <dtolnay@gmail.com>' CARGO_PKG_DESCRIPTION='derive(Error)' CARGO_PKG_HOMEPAGE='' CARGO_PKG_LICENSE='MIT OR Apache-2.0' CARGO_PKG_LICENSE_FILE='' CARGO_PKG_NAME=thiserror CARGO_PKG_README=README.md CARGO_PKG_REPOSITORY='https://github.com/dtolnay/thiserror' CARGO_PKG_RUST_VERSION=1.61 CARGO_PKG_VERSION=2.0.12 CARGO_PKG_VERSION_MAJOR=2 CARGO_PKG_VERSION_MINOR=0 CARGO_PKG_VERSION_PATCH=12 CARGO_PKG_VERSION_PRE='' DEBUG=false HOST=x86_64-unknown-linux-gnu LD_LIBRARY_PATH='/app/target/cpython-strict/build/primp-0.15.0/target/release/deps:/app/target/cpython-strict/build/primp-0.15.0/target/release:/app/target/cpython-strict/host-tools/rustup/toolchains/nightly-2025-01-18-x86_64-unknown-linux-gnu/lib/rustlib/x86_64-unknown-linux-gnu/lib:/app/target/cpython-strict/host-tools/rustup/toolchains/nightly-2025-01-18-x86_64-unknown-linux-gnu/lib:/opt/kendryte-toolchain/bin/:' NUM_JOBS=10 OPT_LEVEL=3 OUT_DIR=/app/target/cpython-strict/build/primp-0.15.0/target/loongarch64-unknown-linux-musl/release/build/thiserror-470556d77347c823/out PROFILE=release RUSTC=/app/target/cpython-strict/host-tools/rustup/toolchains/nightly-2025-01-18-x86_64-unknown-linux-gnu/bin/rustc RUSTC_LINKER=/app/target/cpython-strict/cross/loongarch64-linux-musl-gcc RUSTDOC=/app/target/cpython-strict/host-tools/rustup/toolchains/nightly-2025-01-18-x86_64-unknown-linux-gnu/bin/rustdoc TARGET=loongarch64-unknown-linux-musl /app/target/cpython-strict/build/primp-0.15.0/target/release/build/thiserror-a6ae5face3d6c4f3/build-script-build`
     Running `CARGO=/app/target/cpython-strict/host-tools/rustup/toolchains/nightly-2025-01-18-x86_64-unknown-linux-gnu/bin/cargo CARGO_CRATE_NAME=pyo3 CARGO_MANIFEST_DIR=/app/target/cpython-strict/host-tools/cargo/registry/src/index.crates.io-1949cf8c6b5b557f/pyo3-0.24.1 CARGO_MANIFEST_PATH=/app/target/cpython-strict/host-tools/cargo/registry/src/index.crates.io-1949cf8c6b5b557f/pyo3-0.24.1/Cargo.toml CARGO_PKG_AUTHORS='PyO3 Project and Contributors <https://github.com/PyO3>' CARGO_PKG_DESCRIPTION='Bindings to Python interpreter' CARGO_PKG_HOMEPAGE='https://github.com/pyo3/pyo3' CARGO_PKG_LICENSE='MIT OR Apache-2.0' CARGO_PKG_LICENSE_FILE='' CARGO_PKG_NAME=pyo3 CARGO_PKG_README=README.md CARGO_PKG_REPOSITORY='https://github.com/pyo3/pyo3' CARGO_PKG_RUST_VERSION=1.63 CARGO_PKG_VERSION=0.24.1 CARGO_PKG_VERSION_MAJOR=0 CARGO_PKG_VERSION_MINOR=24 CARGO_PKG_VERSION_PATCH=1 CARGO_PKG_VERSION_PRE='' LD_LIBRARY_PATH='/app/target/cpython-strict/build/primp-0.15.0/target/release/deps:/app/target/cpython-strict/host-tools/rustup/toolchains/nightly-2025-01-18-x86_64-unknown-linux-gnu/lib:/opt/kendryte-toolchain/bin/:' OUT_DIR=/app/target/cpython-strict/build/primp-0.15.0/target/loongarch64-unknown-linux-musl/release/build/pyo3-55678ad552c51e89/out /app/target/cpython-strict/host-tools/rustup/toolchains/nightly-2025-01-18-x86_64-unknown-linux-gnu/bin/rustc --crate-name pyo3 --edition=2021 /app/target/cpython-strict/host-tools/cargo/registry/src/index.crates.io-1949cf8c6b5b557f/pyo3-0.24.1/src/lib.rs --error-format=json --json=diagnostic-rendered-ansi,artifacts,future-incompat --crate-type lib --emit=dep-info,metadata,link -C opt-level=3 -C panic=abort -C linker-plugin-lto -C codegen-units=1 --warn=rust_2018_idioms '--warn=clippy::useless_transmute' '--warn=clippy::used_underscore_binding' --warn=unused_lifetimes --warn=unsafe_op_in_unsafe_fn '--warn=clippy::unnecessary_wraps' '--warn=clippy::todo' --warn=rust_2021_prelude_collisions '--warn=clippy::manual_ok_or' '--warn=clippy::manual_assert' '--warn=clippy::let_unit_value' --warn=invalid_doc_attributes '--warn=clippy::flat_map_option' '--warn=clippy::filter_map_next' '--warn=clippy::explicit_iter_loop' '--warn=clippy::explicit_into_iter_loop' --warn=elided_lifetimes_in_paths '--warn=clippy::dbg_macro' '--warn=clippy::checked_conversions' '--warn=rustdoc::broken_intra_doc_links' '--warn=rustdoc::bare_urls' --cfg 'feature="abi3"' --cfg 'feature="abi3-py310"' --cfg 'feature="abi3-py311"' --cfg 'feature="abi3-py312"' --cfg 'feature="abi3-py313"' --cfg 'feature="abi3-py38"' --cfg 'feature="abi3-py39"' --cfg 'feature="anyhow"' --cfg 'feature="default"' --cfg 'feature="extension-module"' --cfg 'feature="indexmap"' --cfg 'feature="indoc"' --cfg 'feature="inventory"' --cfg 'feature="macros"' --cfg 'feature="multiple-pymethods"' --cfg 'feature="pyo3-macros"' --cfg 'feature="unindent"' --check-cfg 'cfg(docsrs,test)' --check-cfg 'cfg(feature, values("abi3", "abi3-py310", "abi3-py311", "abi3-py312", "abi3-py313", "abi3-py37", "abi3-py38", "abi3-py39", "anyhow", "auto-initialize", "chrono", "chrono-tz", "default", "either", "experimental-async", "experimental-inspect", "extension-module", "eyre", "full", "generate-import-lib", "hashbrown", "indexmap", "indoc", "inventory", "jiff-02", "macros", "multiple-pymethods", "nightly", "num-bigint", "num-complex", "num-rational", "py-clone", "pyo3-macros", "rust_decimal", "serde", "smallvec", "unindent", "uuid"))' -C metadata=7f6a81e74e06986b -C extra-filename=-484a1bdc78bc574b --out-dir /app/target/cpython-strict/build/primp-0.15.0/target/loongarch64-unknown-linux-musl/release/deps --target loongarch64-unknown-linux-musl -C linker=/app/target/cpython-strict/cross/loongarch64-linux-musl-gcc -C strip=symbols -L dependency=/app/target/cpython-strict/build/primp-0.15.0/target/loongarch64-unknown-linux-musl/release/deps -L dependency=/app/target/cpython-strict/build/primp-0.15.0/target/release/deps --extern anyhow=/app/target/cpython-strict/build/primp-0.15.0/target/loongarch64-unknown-linux-musl/release/deps/libanyhow-34edc6584a8e4427.rmeta --extern cfg_if=/app/target/cpython-strict/build/primp-0.15.0/target/loongarch64-unknown-linux-musl/release/deps/libcfg_if-9a56164e255f8351.rmeta --extern indexmap=/app/target/cpython-strict/build/primp-0.15.0/target/loongarch64-unknown-linux-musl/release/deps/libindexmap-3fc938989565c5db.rmeta --extern indoc=/app/target/cpython-strict/build/primp-0.15.0/target/release/deps/libindoc-f67852b0f3d7936f.so --extern inventory=/app/target/cpython-strict/build/primp-0.15.0/target/loongarch64-unknown-linux-musl/release/deps/libinventory-6eadd09614fc39b7.rmeta --extern libc=/app/target/cpython-strict/build/primp-0.15.0/target/loongarch64-unknown-linux-musl/release/deps/liblibc-528e33ec45ba290f.rmeta --extern memoffset=/app/target/cpython-strict/build/primp-0.15.0/target/loongarch64-unknown-linux-musl/release/deps/libmemoffset-abd3452c672736e3.rmeta --extern once_cell=/app/target/cpython-strict/build/primp-0.15.0/target/loongarch64-unknown-linux-musl/release/deps/libonce_cell-3b243e42074b5c38.rmeta --extern pyo3_ffi=/app/target/cpython-strict/build/primp-0.15.0/target/loongarch64-unknown-linux-musl/release/deps/libpyo3_ffi-f43d912e8bca172f.rmeta --extern pyo3_macros=/app/target/cpython-strict/build/primp-0.15.0/target/release/deps/libpyo3_macros-df07ccc6e7dff130.so --extern unindent=/app/target/cpython-strict/build/primp-0.15.0/target/loongarch64-unknown-linux-musl/release/deps/libunindent-51cda3d0f6cd8c9c.rmeta --cap-lints warn -C target-feature=-ual -C target-feature=-crt-static --cfg Py_3_7 --cfg Py_3_8 --cfg Py_LIMITED_API --cfg rustc_has_once_lock --cfg cargo_toml_lints --cfg rustc_has_extern_c_unwind --cfg invalid_from_utf8_lint --cfg c_str_lit --cfg diagnostic_namespace --cfg io_error_more --cfg fn_ptr_eq --check-cfg 'cfg(Py_LIMITED_API)' --check-cfg 'cfg(Py_GIL_DISABLED)' --check-cfg 'cfg(PyPy)' --check-cfg 'cfg(GraalPy)' --check-cfg 'cfg(py_sys_config, values("Py_DEBUG", "Py_REF_DEBUG", "Py_TRACE_REFS", "COUNT_ALLOCS"))' --check-cfg 'cfg(pyo3_disable_reference_pool)' --check-cfg 'cfg(pyo3_leak_on_drop_without_reference_pool)' --check-cfg 'cfg(Py_3_7)' --check-cfg 'cfg(Py_3_8)' --check-cfg 'cfg(Py_3_9)' --check-cfg 'cfg(Py_3_10)' --check-cfg 'cfg(Py_3_11)' --check-cfg 'cfg(Py_3_12)' --check-cfg 'cfg(Py_3_13)' --check-cfg 'cfg(Py_3_14)' --check-cfg 'cfg(rustc_has_once_lock)' --check-cfg 'cfg(cargo_toml_lints)' --check-cfg 'cfg(rustc_has_extern_c_unwind)' --check-cfg 'cfg(invalid_from_utf8_lint)' --check-cfg 'cfg(c_str_lit)' --check-cfg 'cfg(diagnostic_namespace)' --check-cfg 'cfg(io_error_more)' --check-cfg 'cfg(fn_ptr_eq)'`
warning: `thiserror` (lib) generated 1 warning (1 duplicate)
   Compiling flate2 v1.1.1
     Running `CARGO=/app/target/cpython-strict/host-tools/rustup/toolchains/nightly-2025-01-18-x86_64-unknown-linux-gnu/bin/cargo CARGO_CRATE_NAME=flate2 CARGO_MANIFEST_DIR=/app/target/cpython-strict/host-tools/cargo/registry/src/index.crates.io-1949cf8c6b5b557f/flate2-1.1.1 CARGO_MANIFEST_PATH=/app/target/cpython-strict/host-tools/cargo/registry/src/index.crates.io-1949cf8c6b5b557f/flate2-1.1.1/Cargo.toml CARGO_PKG_AUTHORS='Alex Crichton <alex@alexcrichton.com>:Josh Triplett <josh@joshtriplett.org>' CARGO_PKG_DESCRIPTION='DEFLATE compression and decompression exposed as Read/BufRead/Write streams.
Supports miniz_oxide and multiple zlib implementations. Supports zlib, gzip,
and raw deflate streams.
' CARGO_PKG_HOMEPAGE='https://github.com/rust-lang/flate2-rs' CARGO_PKG_LICENSE='MIT OR Apache-2.0' CARGO_PKG_LICENSE_FILE='' CARGO_PKG_NAME=flate2 CARGO_PKG_README=README.md CARGO_PKG_REPOSITORY='https://github.com/rust-lang/flate2-rs' CARGO_PKG_RUST_VERSION=1.67.0 CARGO_PKG_VERSION=1.1.1 CARGO_PKG_VERSION_MAJOR=1 CARGO_PKG_VERSION_MINOR=1 CARGO_PKG_VERSION_PATCH=1 CARGO_PKG_VERSION_PRE='' LD_LIBRARY_PATH='/app/target/cpython-strict/build/primp-0.15.0/target/release/deps:/app/target/cpython-strict/host-tools/rustup/toolchains/nightly-2025-01-18-x86_64-unknown-linux-gnu/lib:/opt/kendryte-toolchain/bin/:' /app/target/cpython-strict/host-tools/rustup/toolchains/nightly-2025-01-18-x86_64-unknown-linux-gnu/bin/rustc --crate-name flate2 --edition=2018 /app/target/cpython-strict/host-tools/cargo/registry/src/index.crates.io-1949cf8c6b5b557f/flate2-1.1.1/src/lib.rs --error-format=json --json=diagnostic-rendered-ansi,artifacts,future-incompat --crate-type lib --emit=dep-info,metadata,link -C opt-level=3 -C panic=abort -C linker-plugin-lto -C codegen-units=1 --cfg 'feature="any_impl"' --cfg 'feature="default"' --cfg 'feature="miniz_oxide"' --cfg 'feature="rust_backend"' --check-cfg 'cfg(docsrs,test)' --check-cfg 'cfg(feature, values("any_impl", "any_zlib", "cloudflare-zlib-sys", "cloudflare_zlib", "default", "libz-ng-sys", "libz-rs-sys", "libz-sys", "miniz-sys", "miniz_oxide", "rust_backend", "zlib", "zlib-default", "zlib-ng", "zlib-ng-compat", "zlib-rs"))' -C metadata=5a5ce1cca0943f46 -C extra-filename=-4f466070cf988cda --out-dir /app/target/cpython-strict/build/primp-0.15.0/target/loongarch64-unknown-linux-musl/release/deps --target loongarch64-unknown-linux-musl -C linker=/app/target/cpython-strict/cross/loongarch64-linux-musl-gcc -C strip=symbols -L dependency=/app/target/cpython-strict/build/primp-0.15.0/target/loongarch64-unknown-linux-musl/release/deps -L dependency=/app/target/cpython-strict/build/primp-0.15.0/target/release/deps --extern crc32fast=/app/target/cpython-strict/build/primp-0.15.0/target/loongarch64-unknown-linux-musl/release/deps/libcrc32fast-19b1015fd1546d7b.rmeta --extern miniz_oxide=/app/target/cpython-strict/build/primp-0.15.0/target/loongarch64-unknown-linux-musl/release/deps/libminiz_oxide-90d7129e5659b1a2.rmeta --cap-lints warn -C target-feature=-ual -C target-feature=-crt-static`
   Compiling ppv-lite86 v0.2.21
     Running `CARGO=/app/target/cpython-strict/host-tools/rustup/toolchains/nightly-2025-01-18-x86_64-unknown-linux-gnu/bin/cargo CARGO_CRATE_NAME=ppv_lite86 CARGO_MANIFEST_DIR=/app/target/cpython-strict/host-tools/cargo/registry/src/index.crates.io-1949cf8c6b5b557f/ppv-lite86-0.2.21 CARGO_MANIFEST_PATH=/app/target/cpython-strict/host-tools/cargo/registry/src/index.crates.io-1949cf8c6b5b557f/ppv-lite86-0.2.21/Cargo.toml CARGO_PKG_AUTHORS='The CryptoCorrosion Contributors' CARGO_PKG_DESCRIPTION='Cross-platform cryptography-oriented low-level SIMD library.' CARGO_PKG_HOMEPAGE='' CARGO_PKG_LICENSE='MIT OR Apache-2.0' CARGO_PKG_LICENSE_FILE='' CARGO_PKG_NAME=ppv-lite86 CARGO_PKG_README='' CARGO_PKG_REPOSITORY='https://github.com/cryptocorrosion/cryptocorrosion' CARGO_PKG_RUST_VERSION=1.61 CARGO_PKG_VERSION=0.2.21 CARGO_PKG_VERSION_MAJOR=0 CARGO_PKG_VERSION_MINOR=2 CARGO_PKG_VERSION_PATCH=21 CARGO_PKG_VERSION_PRE='' LD_LIBRARY_PATH='/app/target/cpython-strict/build/primp-0.15.0/target/release/deps:/app/target/cpython-strict/host-tools/rustup/toolchains/nightly-2025-01-18-x86_64-unknown-linux-gnu/lib:/opt/kendryte-toolchain/bin/:' /app/target/cpython-strict/host-tools/rustup/toolchains/nightly-2025-01-18-x86_64-unknown-linux-gnu/bin/rustc --crate-name ppv_lite86 --edition=2021 /app/target/cpython-strict/host-tools/cargo/registry/src/index.crates.io-1949cf8c6b5b557f/ppv-lite86-0.2.21/src/lib.rs --error-format=json --json=diagnostic-rendered-ansi,artifacts,future-incompat --crate-type lib --emit=dep-info,metadata,link -C opt-level=3 -C panic=abort -C linker-plugin-lto -C codegen-units=1 --cfg 'feature="simd"' --cfg 'feature="std"' --check-cfg 'cfg(docsrs,test)' --check-cfg 'cfg(feature, values("default", "no_simd", "simd", "std"))' -C metadata=f4e8e8b729b92ddd -C extra-filename=-ef34f01bf20c5ced --out-dir /app/target/cpython-strict/build/primp-0.15.0/target/loongarch64-unknown-linux-musl/release/deps --target loongarch64-unknown-linux-musl -C linker=/app/target/cpython-strict/cross/loongarch64-linux-musl-gcc -C strip=symbols -L dependency=/app/target/cpython-strict/build/primp-0.15.0/target/loongarch64-unknown-linux-musl/release/deps -L dependency=/app/target/cpython-strict/build/primp-0.15.0/target/release/deps --extern zerocopy=/app/target/cpython-strict/build/primp-0.15.0/target/loongarch64-unknown-linux-musl/release/deps/libzerocopy-8297610cfba4e058.rmeta --cap-lints warn -C target-feature=-ual -C target-feature=-crt-static`
warning: `want` (lib) generated 1 warning (1 duplicate)
   Compiling url v2.5.4
     Running `CARGO=/app/target/cpython-strict/host-tools/rustup/toolchains/nightly-2025-01-18-x86_64-unknown-linux-gnu/bin/cargo CARGO_CRATE_NAME=url CARGO_MANIFEST_DIR=/app/target/cpython-strict/host-tools/cargo/registry/src/index.crates.io-1949cf8c6b5b557f/url-2.5.4 CARGO_MANIFEST_PATH=/app/target/cpython-strict/host-tools/cargo/registry/src/index.crates.io-1949cf8c6b5b557f/url-2.5.4/Cargo.toml CARGO_PKG_AUTHORS='The rust-url developers' CARGO_PKG_DESCRIPTION='URL library for Rust, based on the WHATWG URL Standard' CARGO_PKG_HOMEPAGE='' CARGO_PKG_LICENSE='MIT OR Apache-2.0' CARGO_PKG_LICENSE_FILE='' CARGO_PKG_NAME=url CARGO_PKG_README=README.md CARGO_PKG_REPOSITORY='https://github.com/servo/rust-url' CARGO_PKG_RUST_VERSION=1.63 CARGO_PKG_VERSION=2.5.4 CARGO_PKG_VERSION_MAJOR=2 CARGO_PKG_VERSION_MINOR=5 CARGO_PKG_VERSION_PATCH=4 CARGO_PKG_VERSION_PRE='' LD_LIBRARY_PATH='/app/target/cpython-strict/build/primp-0.15.0/target/release/deps:/app/target/cpython-strict/host-tools/rustup/toolchains/nightly-2025-01-18-x86_64-unknown-linux-gnu/lib:/opt/kendryte-toolchain/bin/:' /app/target/cpython-strict/host-tools/rustup/toolchains/nightly-2025-01-18-x86_64-unknown-linux-gnu/bin/rustc --crate-name url --edition=2018 /app/target/cpython-strict/host-tools/cargo/registry/src/index.crates.io-1949cf8c6b5b557f/url-2.5.4/src/lib.rs --error-format=json --json=diagnostic-rendered-ansi,artifacts,future-incompat --crate-type lib --emit=dep-info,metadata,link -C opt-level=3 -C panic=abort -C linker-plugin-lto -C codegen-units=1 --cfg 'feature="default"' --cfg 'feature="std"' --check-cfg 'cfg(docsrs,test)' --check-cfg 'cfg(feature, values("debugger_visualizer", "default", "expose_internals", "serde", "std"))' -C metadata=b1f68e675d73f71a -C extra-filename=-32c77a4f76a664af --out-dir /app/target/cpython-strict/build/primp-0.15.0/target/loongarch64-unknown-linux-musl/release/deps --target loongarch64-unknown-linux-musl -C linker=/app/target/cpython-strict/cross/loongarch64-linux-musl-gcc -C strip=symbols -L dependency=/app/target/cpython-strict/build/primp-0.15.0/target/loongarch64-unknown-linux-musl/release/deps -L dependency=/app/target/cpython-strict/build/primp-0.15.0/target/release/deps --extern form_urlencoded=/app/target/cpython-strict/build/primp-0.15.0/target/loongarch64-unknown-linux-musl/release/deps/libform_urlencoded-da9a544d290d9383.rmeta --extern idna=/app/target/cpython-strict/build/primp-0.15.0/target/loongarch64-unknown-linux-musl/release/deps/libidna-f6992c1f18aee4ab.rmeta --extern percent_encoding=/app/target/cpython-strict/build/primp-0.15.0/target/loongarch64-unknown-linux-musl/release/deps/libpercent_encoding-8eb9336de638337c.rmeta --cap-lints warn -C target-feature=-ual -C target-feature=-crt-static`
   Compiling document-features v0.2.11
     Running `CARGO=/app/target/cpython-strict/host-tools/rustup/toolchains/nightly-2025-01-18-x86_64-unknown-linux-gnu/bin/cargo CARGO_CRATE_NAME=document_features CARGO_MANIFEST_DIR=/app/target/cpython-strict/host-tools/cargo/registry/src/index.crates.io-1949cf8c6b5b557f/document-features-0.2.11 CARGO_MANIFEST_PATH=/app/target/cpython-strict/host-tools/cargo/registry/src/index.crates.io-1949cf8c6b5b557f/document-features-0.2.11/Cargo.toml CARGO_PKG_AUTHORS='Slint Developers <info@slint.dev>' CARGO_PKG_DESCRIPTION='Extract documentation for the feature flags from comments in Cargo.toml' CARGO_PKG_HOMEPAGE='https://slint.rs' CARGO_PKG_LICENSE='MIT OR Apache-2.0' CARGO_PKG_LICENSE_FILE='' CARGO_PKG_NAME=document-features CARGO_PKG_README=README.md CARGO_PKG_REPOSITORY='https://github.com/slint-ui/document-features' CARGO_PKG_RUST_VERSION='' CARGO_PKG_VERSION=0.2.11 CARGO_PKG_VERSION_MAJOR=0 CARGO_PKG_VERSION_MINOR=2 CARGO_PKG_VERSION_PATCH=11 CARGO_PKG_VERSION_PRE='' LD_LIBRARY_PATH='/app/target/cpython-strict/build/primp-0.15.0/target/release/deps:/app/target/cpython-strict/host-tools/rustup/toolchains/nightly-2025-01-18-x86_64-unknown-linux-gnu/lib:/opt/kendryte-toolchain/bin/:' /app/target/cpython-strict/host-tools/rustup/toolchains/nightly-2025-01-18-x86_64-unknown-linux-gnu/bin/rustc --crate-name document_features --edition=2018 /app/target/cpython-strict/host-tools/cargo/registry/src/index.crates.io-1949cf8c6b5b557f/document-features-0.2.11/lib.rs --error-format=json --json=diagnostic-rendered-ansi,artifacts,future-incompat --crate-type proc-macro --emit=dep-info,link -C prefer-dynamic -C embed-bitcode=no -C debug-assertions=off --cfg 'feature="default"' --check-cfg 'cfg(docsrs,test)' --check-cfg 'cfg(feature, values("default", "self-test"))' -C metadata=a546edae22029a1b -C extra-filename=-2d582365afe43c95 --out-dir /app/target/cpython-strict/build/primp-0.15.0/target/release/deps -C strip=symbols -L dependency=/app/target/cpython-strict/build/primp-0.15.0/target/release/deps --extern litrs=/app/target/cpython-strict/build/primp-0.15.0/target/release/deps/liblitrs-79a082c34e5d605a.rlib --extern proc_macro --cap-lints warn`
warning: `publicsuffix` (lib) generated 1 warning (1 duplicate)
   Compiling rand_core v0.9.3
     Running `CARGO=/app/target/cpython-strict/host-tools/rustup/toolchains/nightly-2025-01-18-x86_64-unknown-linux-gnu/bin/cargo CARGO_CRATE_NAME=rand_core CARGO_MANIFEST_DIR=/app/target/cpython-strict/host-tools/cargo/registry/src/index.crates.io-1949cf8c6b5b557f/rand_core-0.9.3 CARGO_MANIFEST_PATH=/app/target/cpython-strict/host-tools/cargo/registry/src/index.crates.io-1949cf8c6b5b557f/rand_core-0.9.3/Cargo.toml CARGO_PKG_AUTHORS='The Rand Project Developers:The Rust Project Developers' CARGO_PKG_DESCRIPTION='Core random number generator traits and tools for implementation.
' CARGO_PKG_HOMEPAGE='https://rust-random.github.io/book' CARGO_PKG_LICENSE='MIT OR Apache-2.0' CARGO_PKG_LICENSE_FILE='' CARGO_PKG_NAME=rand_core CARGO_PKG_README=README.md CARGO_PKG_REPOSITORY='https://github.com/rust-random/rand' CARGO_PKG_RUST_VERSION=1.63 CARGO_PKG_VERSION=0.9.3 CARGO_PKG_VERSION_MAJOR=0 CARGO_PKG_VERSION_MINOR=9 CARGO_PKG_VERSION_PATCH=3 CARGO_PKG_VERSION_PRE='' LD_LIBRARY_PATH='/app/target/cpython-strict/build/primp-0.15.0/target/release/deps:/app/target/cpython-strict/host-tools/rustup/toolchains/nightly-2025-01-18-x86_64-unknown-linux-gnu/lib:/opt/kendryte-toolchain/bin/:' /app/target/cpython-strict/host-tools/rustup/toolchains/nightly-2025-01-18-x86_64-unknown-linux-gnu/bin/rustc --crate-name rand_core --edition=2021 /app/target/cpython-strict/host-tools/cargo/registry/src/index.crates.io-1949cf8c6b5b557f/rand_core-0.9.3/src/lib.rs --error-format=json --json=diagnostic-rendered-ansi,artifacts,future-incompat --crate-type lib --emit=dep-info,metadata,link -C opt-level=3 -C panic=abort -C linker-plugin-lto -C codegen-units=1 --cfg 'feature="os_rng"' --cfg 'feature="std"' --check-cfg 'cfg(docsrs,test)' --check-cfg 'cfg(feature, values("os_rng", "serde", "std"))' -C metadata=b921689a2e9b8d77 -C extra-filename=-e7b02113325f6c95 --out-dir /app/target/cpython-strict/build/primp-0.15.0/target/loongarch64-unknown-linux-musl/release/deps --target loongarch64-unknown-linux-musl -C linker=/app/target/cpython-strict/cross/loongarch64-linux-musl-gcc -C strip=symbols -L dependency=/app/target/cpython-strict/build/primp-0.15.0/target/loongarch64-unknown-linux-musl/release/deps -L dependency=/app/target/cpython-strict/build/primp-0.15.0/target/release/deps --extern getrandom=/app/target/cpython-strict/build/primp-0.15.0/target/loongarch64-unknown-linux-musl/release/deps/libgetrandom-c7bc5ea3c5240c31.rmeta --cap-lints warn -C target-feature=-ual -C target-feature=-crt-static`
warning: `ppv-lite86` (lib) generated 1 warning (1 duplicate)
   Compiling brotli v7.0.0
     Running `CARGO=/app/target/cpython-strict/host-tools/rustup/toolchains/nightly-2025-01-18-x86_64-unknown-linux-gnu/bin/cargo CARGO_CRATE_NAME=brotli CARGO_MANIFEST_DIR=/app/target/cpython-strict/host-tools/cargo/registry/src/index.crates.io-1949cf8c6b5b557f/brotli-7.0.0 CARGO_MANIFEST_PATH=/app/target/cpython-strict/host-tools/cargo/registry/src/index.crates.io-1949cf8c6b5b557f/brotli-7.0.0/Cargo.toml CARGO_PKG_AUTHORS='Daniel Reiter Horn <danielrh@dropbox.com>:The Brotli Authors' CARGO_PKG_DESCRIPTION='A brotli compressor and decompressor that with an interface avoiding the rust stdlib. This makes it suitable for embedded devices and kernels. It is designed with a pluggable allocator so that the standard lib'\''s allocator may be employed. The default build also includes a stdlib allocator and stream interface. Disable this with --features=no-stdlib. All included code is safe.' CARGO_PKG_HOMEPAGE='https://github.com/dropbox/rust-brotli' CARGO_PKG_LICENSE='BSD-3-Clause AND MIT' CARGO_PKG_LICENSE_FILE='' CARGO_PKG_NAME=brotli CARGO_PKG_README=README.md CARGO_PKG_REPOSITORY='https://github.com/dropbox/rust-brotli' CARGO_PKG_RUST_VERSION=1.59.0 CARGO_PKG_VERSION=7.0.0 CARGO_PKG_VERSION_MAJOR=7 CARGO_PKG_VERSION_MINOR=0 CARGO_PKG_VERSION_PATCH=0 CARGO_PKG_VERSION_PRE='' LD_LIBRARY_PATH='/app/target/cpython-strict/build/primp-0.15.0/target/release/deps:/app/target/cpython-strict/host-tools/rustup/toolchains/nightly-2025-01-18-x86_64-unknown-linux-gnu/lib:/opt/kendryte-toolchain/bin/:' /app/target/cpython-strict/host-tools/rustup/toolchains/nightly-2025-01-18-x86_64-unknown-linux-gnu/bin/rustc --crate-name brotli --edition=2015 /app/target/cpython-strict/host-tools/cargo/registry/src/index.crates.io-1949cf8c6b5b557f/brotli-7.0.0/src/lib.rs --error-format=json --json=diagnostic-rendered-ansi,artifacts,future-incompat --crate-type lib --emit=dep-info,metadata,link -C opt-level=3 -C panic=abort -C linker-plugin-lto -C codegen-units=1 --cfg 'feature="alloc-stdlib"' --cfg 'feature="default"' --cfg 'feature="std"' --check-cfg 'cfg(docsrs,test)' --check-cfg 'cfg(feature, values("alloc-stdlib", "benchmark", "billing", "default", "disable-timer", "disallow_large_window_size", "external-literal-probability", "ffi-api", "float64", "floating_point_context_mixing", "no-stdlib-ffi-binding", "pass-through-ffi-panics", "seccomp", "sha2", "simd", "std", "validation", "vector_scratch_space"))' -C metadata=ff4a3c30dcab9d29 -C extra-filename=-2b9706ff18fc6d22 --out-dir /app/target/cpython-strict/build/primp-0.15.0/target/loongarch64-unknown-linux-musl/release/deps --target loongarch64-unknown-linux-musl -C linker=/app/target/cpython-strict/cross/loongarch64-linux-musl-gcc -C strip=symbols -L dependency=/app/target/cpython-strict/build/primp-0.15.0/target/loongarch64-unknown-linux-musl/release/deps -L dependency=/app/target/cpython-strict/build/primp-0.15.0/target/release/deps --extern alloc_no_stdlib=/app/target/cpython-strict/build/primp-0.15.0/target/loongarch64-unknown-linux-musl/release/deps/liballoc_no_stdlib-d9df55b40edf87bc.rmeta --extern alloc_stdlib=/app/target/cpython-strict/build/primp-0.15.0/target/loongarch64-unknown-linux-musl/release/deps/liballoc_stdlib-4c2738bdd03695c6.rmeta --extern brotli_decompressor=/app/target/cpython-strict/build/primp-0.15.0/target/loongarch64-unknown-linux-musl/release/deps/libbrotli_decompressor-f67f380d2d81f084.rmeta --cap-lints warn -C target-feature=-ual -C target-feature=-crt-static`
     Running `CARGO=/app/target/cpython-strict/host-tools/rustup/toolchains/nightly-2025-01-18-x86_64-unknown-linux-gnu/bin/cargo CARGO_CRATE_NAME=markup5ever CARGO_MANIFEST_DIR=/app/target/cpython-strict/host-tools/cargo/registry/src/index.crates.io-1949cf8c6b5b557f/markup5ever-0.16.0 CARGO_MANIFEST_PATH=/app/target/cpython-strict/host-tools/cargo/registry/src/index.crates.io-1949cf8c6b5b557f/markup5ever-0.16.0/Cargo.toml CARGO_PKG_AUTHORS='The html5ever Project Developers' CARGO_PKG_DESCRIPTION='Common code for xml5ever and html5ever' CARGO_PKG_HOMEPAGE='' CARGO_PKG_LICENSE='MIT OR Apache-2.0' CARGO_PKG_LICENSE_FILE='' CARGO_PKG_NAME=markup5ever CARGO_PKG_README='' CARGO_PKG_REPOSITORY='https://github.com/servo/html5ever' CARGO_PKG_RUST_VERSION=1.70.0 CARGO_PKG_VERSION=0.16.0 CARGO_PKG_VERSION_MAJOR=0 CARGO_PKG_VERSION_MINOR=16 CARGO_PKG_VERSION_PATCH=0 CARGO_PKG_VERSION_PRE='' LD_LIBRARY_PATH='/app/target/cpython-strict/build/primp-0.15.0/target/release/deps:/app/target/cpython-strict/host-tools/rustup/toolchains/nightly-2025-01-18-x86_64-unknown-linux-gnu/lib:/opt/kendryte-toolchain/bin/:' OUT_DIR=/app/target/cpython-strict/build/primp-0.15.0/target/loongarch64-unknown-linux-musl/release/build/markup5ever-9ca211d10d1996ba/out /app/target/cpython-strict/host-tools/rustup/toolchains/nightly-2025-01-18-x86_64-unknown-linux-gnu/bin/rustc --crate-name markup5ever --edition=2021 /app/target/cpython-strict/host-tools/cargo/registry/src/index.crates.io-1949cf8c6b5b557f/markup5ever-0.16.0/lib.rs --error-format=json --json=diagnostic-rendered-ansi,artifacts,future-incompat --crate-type lib --emit=dep-info,metadata,link -C opt-level=3 -C panic=abort -C linker-plugin-lto -C codegen-units=1 --check-cfg 'cfg(docsrs,test)' --check-cfg 'cfg(feature, values())' -C metadata=f79ac3b15bdd67b0 -C extra-filename=-e913f101817fbab3 --out-dir /app/target/cpython-strict/build/primp-0.15.0/target/loongarch64-unknown-linux-musl/release/deps --target loongarch64-unknown-linux-musl -C linker=/app/target/cpython-strict/cross/loongarch64-linux-musl-gcc -C strip=symbols -L dependency=/app/target/cpython-strict/build/primp-0.15.0/target/loongarch64-unknown-linux-musl/release/deps -L dependency=/app/target/cpython-strict/build/primp-0.15.0/target/release/deps --extern log=/app/target/cpython-strict/build/primp-0.15.0/target/loongarch64-unknown-linux-musl/release/deps/liblog-98eb0ac78b64de9a.rmeta --extern phf=/app/target/cpython-strict/build/primp-0.15.0/target/loongarch64-unknown-linux-musl/release/deps/libphf-33a11e964acca40f.rmeta --extern string_cache=/app/target/cpython-strict/build/primp-0.15.0/target/loongarch64-unknown-linux-musl/release/deps/libstring_cache-b71ddb5ecfb90f92.rmeta --extern tendril=/app/target/cpython-strict/build/primp-0.15.0/target/loongarch64-unknown-linux-musl/release/deps/libtendril-1be59cce2300f199.rmeta --cap-lints warn -C target-feature=-ual -C target-feature=-crt-static`
warning: `rand_core` (lib) generated 1 warning (1 duplicate)
     Running `CARGO=/app/target/cpython-strict/host-tools/rustup/toolchains/nightly-2025-01-18-x86_64-unknown-linux-gnu/bin/cargo CARGO_CRATE_NAME=cookie CARGO_MANIFEST_DIR=/app/target/cpython-strict/host-tools/cargo/registry/src/index.crates.io-1949cf8c6b5b557f/cookie-0.18.1 CARGO_MANIFEST_PATH=/app/target/cpython-strict/host-tools/cargo/registry/src/index.crates.io-1949cf8c6b5b557f/cookie-0.18.1/Cargo.toml CARGO_PKG_AUTHORS='Sergio Benitez <sb@sergio.bz>:Alex Crichton <alex@alexcrichton.com>' CARGO_PKG_DESCRIPTION='HTTP cookie parsing and cookie jar management. Supports signed and private
(encrypted, authenticated) jars.
' CARGO_PKG_HOMEPAGE='' CARGO_PKG_LICENSE='MIT OR Apache-2.0' CARGO_PKG_LICENSE_FILE='' CARGO_PKG_NAME=cookie CARGO_PKG_README=README.md CARGO_PKG_REPOSITORY='https://github.com/SergioBenitez/cookie-rs' CARGO_PKG_RUST_VERSION='' CARGO_PKG_VERSION=0.18.1 CARGO_PKG_VERSION_MAJOR=0 CARGO_PKG_VERSION_MINOR=18 CARGO_PKG_VERSION_PATCH=1 CARGO_PKG_VERSION_PRE='' LD_LIBRARY_PATH='/app/target/cpython-strict/build/primp-0.15.0/target/release/deps:/app/target/cpython-strict/host-tools/rustup/toolchains/nightly-2025-01-18-x86_64-unknown-linux-gnu/lib:/opt/kendryte-toolchain/bin/:' OUT_DIR=/app/target/cpython-strict/build/primp-0.15.0/target/loongarch64-unknown-linux-musl/release/build/cookie-85b2bd86333f78de/out /app/target/cpython-strict/host-tools/rustup/toolchains/nightly-2025-01-18-x86_64-unknown-linux-gnu/bin/rustc --crate-name cookie --edition=2018 /app/target/cpython-strict/host-tools/cargo/registry/src/index.crates.io-1949cf8c6b5b557f/cookie-0.18.1/src/lib.rs --error-format=json --json=diagnostic-rendered-ansi,artifacts,future-incompat --crate-type lib --emit=dep-info,metadata,link -C opt-level=3 -C panic=abort -C linker-plugin-lto -C codegen-units=1 --cfg 'feature="percent-encode"' --cfg 'feature="percent-encoding"' --check-cfg 'cfg(docsrs,test)' --check-cfg 'cfg(feature, values("aes-gcm", "base64", "hkdf", "hmac", "key-expansion", "percent-encode", "percent-encoding", "private", "rand", "secure", "sha2", "signed", "subtle"))' -C metadata=56f3b260e76a53b7 -C extra-filename=-e4e9b34f679dab02 --out-dir /app/target/cpython-strict/build/primp-0.15.0/target/loongarch64-unknown-linux-musl/release/deps --target loongarch64-unknown-linux-musl -C linker=/app/target/cpython-strict/cross/loongarch64-linux-musl-gcc -C strip=symbols -L dependency=/app/target/cpython-strict/build/primp-0.15.0/target/loongarch64-unknown-linux-musl/release/deps -L dependency=/app/target/cpython-strict/build/primp-0.15.0/target/release/deps --extern percent_encoding=/app/target/cpython-strict/build/primp-0.15.0/target/loongarch64-unknown-linux-musl/release/deps/libpercent_encoding-8eb9336de638337c.rmeta --extern time=/app/target/cpython-strict/build/primp-0.15.0/target/loongarch64-unknown-linux-musl/release/deps/libtime-a58156efd23d8f2a.rmeta --cap-lints warn -C target-feature=-ual -C target-feature=-crt-static --cfg nightly`
warning: `flate2` (lib) generated 1 warning (1 duplicate)
     Running `CARGO=/app/target/cpython-strict/host-tools/rustup/toolchains/nightly-2025-01-18-x86_64-unknown-linux-gnu/bin/cargo CARGO_CFG_FEATURE='' CARGO_CFG_FMT_DEBUG=full CARGO_CFG_OVERFLOW_CHECKS='' CARGO_CFG_PANIC=unwind CARGO_CFG_RELOCATION_MODEL=pic CARGO_CFG_TARGET_ABI='' CARGO_CFG_TARGET_ARCH=loongarch64 CARGO_CFG_TARGET_ENDIAN=little CARGO_CFG_TARGET_ENV=musl CARGO_CFG_TARGET_FAMILY=unix CARGO_CFG_TARGET_FEATURE=d,f,lsx CARGO_CFG_TARGET_HAS_ATOMIC=16,32,64,8,ptr CARGO_CFG_TARGET_HAS_ATOMIC_EQUAL_ALIGNMENT=16,32,64,8,ptr CARGO_CFG_TARGET_HAS_ATOMIC_LOAD_STORE=16,32,64,8,ptr CARGO_CFG_TARGET_OS=linux CARGO_CFG_TARGET_POINTER_WIDTH=64 CARGO_CFG_TARGET_THREAD_LOCAL='' CARGO_CFG_TARGET_VENDOR=unknown CARGO_CFG_UB_CHECKS='' CARGO_CFG_UNIX='' CARGO_ENCODED_RUSTFLAGS='-Ctarget-feature=-ual-Ctarget-feature=-crt-static' CARGO_MANIFEST_DIR=/app/target/cpython-strict/host-tools/cargo/registry/src/index.crates.io-1949cf8c6b5b557f/mime_guess-2.0.5 CARGO_MANIFEST_PATH=/app/target/cpython-strict/host-tools/cargo/registry/src/index.crates.io-1949cf8c6b5b557f/mime_guess-2.0.5/Cargo.toml CARGO_PKG_AUTHORS='Austin Bonander <austin.bonander@gmail.com>' CARGO_PKG_DESCRIPTION='A simple crate for detection of a file'\''s MIME type by its extension.' CARGO_PKG_HOMEPAGE='' CARGO_PKG_LICENSE=MIT CARGO_PKG_LICENSE_FILE='' CARGO_PKG_NAME=mime_guess CARGO_PKG_README=README.md CARGO_PKG_REPOSITORY='https://github.com/abonander/mime_guess' CARGO_PKG_RUST_VERSION='' CARGO_PKG_VERSION=2.0.5 CARGO_PKG_VERSION_MAJOR=2 CARGO_PKG_VERSION_MINOR=0 CARGO_PKG_VERSION_PATCH=5 CARGO_PKG_VERSION_PRE='' DEBUG=false HOST=x86_64-unknown-linux-gnu LD_LIBRARY_PATH='/app/target/cpython-strict/build/primp-0.15.0/target/release/deps:/app/target/cpython-strict/build/primp-0.15.0/target/release:/app/target/cpython-strict/host-tools/rustup/toolchains/nightly-2025-01-18-x86_64-unknown-linux-gnu/lib/rustlib/x86_64-unknown-linux-gnu/lib:/app/target/cpython-strict/host-tools/rustup/toolchains/nightly-2025-01-18-x86_64-unknown-linux-gnu/lib:/opt/kendryte-toolchain/bin/:' NUM_JOBS=10 OPT_LEVEL=3 OUT_DIR=/app/target/cpython-strict/build/primp-0.15.0/target/loongarch64-unknown-linux-musl/release/build/mime_guess-925311655ac87943/out PROFILE=release RUSTC=/app/target/cpython-strict/host-tools/rustup/toolchains/nightly-2025-01-18-x86_64-unknown-linux-gnu/bin/rustc RUSTC_LINKER=/app/target/cpython-strict/cross/loongarch64-linux-musl-gcc RUSTDOC=/app/target/cpython-strict/host-tools/rustup/toolchains/nightly-2025-01-18-x86_64-unknown-linux-gnu/bin/rustdoc TARGET=loongarch64-unknown-linux-musl /app/target/cpython-strict/build/primp-0.15.0/target/release/build/mime_guess-039885ad876b1a37/build-script-build`
     Running `CARGO=/app/target/cpython-strict/host-tools/rustup/toolchains/nightly-2025-01-18-x86_64-unknown-linux-gnu/bin/cargo CARGO_CRATE_NAME=serde_json CARGO_MANIFEST_DIR=/app/target/cpython-strict/host-tools/cargo/registry/src/index.crates.io-1949cf8c6b5b557f/serde_json-1.0.140 CARGO_MANIFEST_PATH=/app/target/cpython-strict/host-tools/cargo/registry/src/index.crates.io-1949cf8c6b5b557f/serde_json-1.0.140/Cargo.toml CARGO_PKG_AUTHORS='Erick Tryzelaar <erick.tryzelaar@gmail.com>:David Tolnay <dtolnay@gmail.com>' CARGO_PKG_DESCRIPTION='A JSON serialization file format' CARGO_PKG_HOMEPAGE='' CARGO_PKG_LICENSE='MIT OR Apache-2.0' CARGO_PKG_LICENSE_FILE='' CARGO_PKG_NAME=serde_json CARGO_PKG_README=README.md CARGO_PKG_REPOSITORY='https://github.com/serde-rs/json' CARGO_PKG_RUST_VERSION=1.56 CARGO_PKG_VERSION=1.0.140 CARGO_PKG_VERSION_MAJOR=1 CARGO_PKG_VERSION_MINOR=0 CARGO_PKG_VERSION_PATCH=140 CARGO_PKG_VERSION_PRE='' LD_LIBRARY_PATH='/app/target/cpython-strict/build/primp-0.15.0/target/release/deps:/app/target/cpython-strict/host-tools/rustup/toolchains/nightly-2025-01-18-x86_64-unknown-linux-gnu/lib:/opt/kendryte-toolchain/bin/:' OUT_DIR=/app/target/cpython-strict/build/primp-0.15.0/target/loongarch64-unknown-linux-musl/release/build/serde_json-2c4a08084b201f0e/out /app/target/cpython-strict/host-tools/rustup/toolchains/nightly-2025-01-18-x86_64-unknown-linux-gnu/bin/rustc --crate-name serde_json --edition=2021 /app/target/cpython-strict/host-tools/cargo/registry/src/index.crates.io-1949cf8c6b5b557f/serde_json-1.0.140/src/lib.rs --error-format=json --json=diagnostic-rendered-ansi,artifacts,future-incompat --crate-type lib --emit=dep-info,metadata,link -C opt-level=3 -C panic=abort -C linker-plugin-lto -C codegen-units=1 --cfg 'feature="default"' --cfg 'feature="std"' --check-cfg 'cfg(docsrs,test)' --check-cfg 'cfg(feature, values("alloc", "arbitrary_precision", "default", "float_roundtrip", "indexmap", "preserve_order", "raw_value", "std", "unbounded_depth"))' -C metadata=7d3a87d2ab47c180 -C extra-filename=-1346b9d3ad8901dc --out-dir /app/target/cpython-strict/build/primp-0.15.0/target/loongarch64-unknown-linux-musl/release/deps --target loongarch64-unknown-linux-musl -C linker=/app/target/cpython-strict/cross/loongarch64-linux-musl-gcc -C strip=symbols -L dependency=/app/target/cpython-strict/build/primp-0.15.0/target/loongarch64-unknown-linux-musl/release/deps -L dependency=/app/target/cpython-strict/build/primp-0.15.0/target/release/deps --extern itoa=/app/target/cpython-strict/build/primp-0.15.0/target/loongarch64-unknown-linux-musl/release/deps/libitoa-5dae556133d5e013.rmeta --extern memchr=/app/target/cpython-strict/build/primp-0.15.0/target/loongarch64-unknown-linux-musl/release/deps/libmemchr-0ad87afc821d8371.rmeta --extern ryu=/app/target/cpython-strict/build/primp-0.15.0/target/loongarch64-unknown-linux-musl/release/deps/libryu-6ec04600ff24461a.rmeta --extern serde=/app/target/cpython-strict/build/primp-0.15.0/target/loongarch64-unknown-linux-musl/release/deps/libserde-42659d74a8c85009.rmeta --cap-lints warn -C target-feature=-ual -C target-feature=-crt-static --cfg 'fast_arithmetic="64"' --check-cfg 'cfg(fast_arithmetic, values("32", "64"))'`
warning[E0133]: call to unsafe function `std::hint::unreachable_unchecked` is unsafe and requires unsafe block
   --> /app/target/cpython-strict/host-tools/cargo/registry/src/index.crates.io-1949cf8c6b5b557f/pyo3-0.24.1/src/impl_/extract_argument.rs:228:17
    |
228 |         None => std::hint::unreachable_unchecked(),
    |                 ^^^^^^^^^^^^^^^^^^^^^^^^^^^^^^^^^^ call to unsafe function
    |
    = note: for more information, see <https://doc.rust-lang.org/nightly/edition-guide/rust-2024/unsafe-op-in-unsafe-fn.html>
    = note: consult the function's documentation for information on how to avoid undefined behavior
note: an unsafe function restricts its caller, but its body is safe by default
   --> /app/target/cpython-strict/host-tools/cargo/registry/src/index.crates.io-1949cf8c6b5b557f/pyo3-0.24.1/src/impl_/extract_argument.rs:220:1
    |
220 | / pub unsafe fn unwrap_required_argument<'a, 'py>(
221 | |     argument: Option<&'a Bound<'py, PyAny>>,
222 | | ) -> &'a Bound<'py, PyAny> {
    | |__________________________^
    = note: requested on the command line with `-W unsafe-op-in-unsafe-fn`

warning: unexpected `cfg` condition name: `nightly`
  --> /app/target/cpython-strict/host-tools/cargo/registry/src/index.crates.io-1949cf8c6b5b557f/cookie-0.18.1/src/lib.rs:71:17
   |
71 | #![cfg_attr(all(nightly, doc), feature(doc_cfg))]
   |                 ^^^^^^^
   |
   = help: expected names are: `clippy`, `debug_assertions`, `doc`, `docsrs`, `doctest`, `feature`, `fmt_debug`, `miri`, `overflow_checks`, `panic`, `proc_macro`, `relocation_model`, `rustfmt`, `sanitize`, `sanitizer_cfi_generalize_pointers`, `sanitizer_cfi_normalize_integers`, `target_abi`, `target_arch`, `target_endian`, `target_env`, `target_family`, `target_feature`, `target_has_atomic`, `target_has_atomic_equal_alignment`, `target_has_atomic_load_store`, `target_os`, `target_pointer_width`, `target_thread_local`, `target_vendor`, `test`, `ub_checks`, `unix`, and `windows`
   = help: consider using a Cargo feature instead
   = help: or consider adding in `Cargo.toml` the `check-cfg` lint config for the lint:
            [lints.rust]
            unexpected_cfgs = { level = "warn", check-cfg = ['cfg(nightly)'] }
   = help: or consider adding `println!("cargo::rustc-check-cfg=cfg(nightly)");` to the top of the `build.rs`
   = note: see <https://doc.rust-lang.org/nightly/rustc/check-cfg/cargo-specifics.html> for more information about checking conditional configuration
   = note: `#[warn(unexpected_cfgs)]` on by default

warning: unexpected `cfg` condition name: `nightly`
   --> /app/target/cpython-strict/host-tools/cargo/registry/src/index.crates.io-1949cf8c6b5b557f/cookie-0.18.1/src/lib.rs:365:20
    |
365 |     #[cfg_attr(all(nightly, doc), doc(cfg(feature = "percent-encode")))]
    |                    ^^^^^^^
    |
    = help: consider using a Cargo feature instead
    = help: or consider adding in `Cargo.toml` the `check-cfg` lint config for the lint:
             [lints.rust]
             unexpected_cfgs = { level = "warn", check-cfg = ['cfg(nightly)'] }
    = help: or consider adding `println!("cargo::rustc-check-cfg=cfg(nightly)");` to the top of the `build.rs`
    = note: see <https://doc.rust-lang.org/nightly/rustc/check-cfg/cargo-specifics.html> for more information about checking conditional configuration

warning: unexpected `cfg` condition name: `nightly`
   --> /app/target/cpython-strict/host-tools/cargo/registry/src/index.crates.io-1949cf8c6b5b557f/cookie-0.18.1/src/lib.rs:440:20
    |
440 |     #[cfg_attr(all(nightly, doc), doc(cfg(feature = "percent-encode")))]
    |                    ^^^^^^^
    |
    = help: consider using a Cargo feature instead
    = help: or consider adding in `Cargo.toml` the `check-cfg` lint config for the lint:
             [lints.rust]
             unexpected_cfgs = { level = "warn", check-cfg = ['cfg(nightly)'] }
    = help: or consider adding `println!("cargo::rustc-check-cfg=cfg(nightly)");` to the top of the `build.rs`
    = note: see <https://doc.rust-lang.org/nightly/rustc/check-cfg/cargo-specifics.html> for more information about checking conditional configuration

warning: unexpected `cfg` condition name: `nightly`
    --> /app/target/cpython-strict/host-tools/cargo/registry/src/index.crates.io-1949cf8c6b5b557f/cookie-0.18.1/src/lib.rs:1389:20
     |
1389 |     #[cfg_attr(all(nightly, doc), doc(cfg(feature = "percent-encode")))]
     |                    ^^^^^^^
     |
     = help: consider using a Cargo feature instead
     = help: or consider adding in `Cargo.toml` the `check-cfg` lint config for the lint:
              [lints.rust]
              unexpected_cfgs = { level = "warn", check-cfg = ['cfg(nightly)'] }
     = help: or consider adding `println!("cargo::rustc-check-cfg=cfg(nightly)");` to the top of the `build.rs`
     = note: see <https://doc.rust-lang.org/nightly/rustc/check-cfg/cargo-specifics.html> for more information about checking conditional configuration

warning: unexpected `cfg` condition name: `nightly`
    --> /app/target/cpython-strict/host-tools/cargo/registry/src/index.crates.io-1949cf8c6b5b557f/cookie-0.18.1/src/lib.rs:1568:20
     |
1568 |     #[cfg_attr(all(nightly, doc), doc(cfg(feature = "percent-encode")))]
     |                    ^^^^^^^
     |
     = help: consider using a Cargo feature instead
     = help: or consider adding in `Cargo.toml` the `check-cfg` lint config for the lint:
              [lints.rust]
              unexpected_cfgs = { level = "warn", check-cfg = ['cfg(nightly)'] }
     = help: or consider adding `println!("cargo::rustc-check-cfg=cfg(nightly)");` to the top of the `build.rs`
     = note: see <https://doc.rust-lang.org/nightly/rustc/check-cfg/cargo-specifics.html> for more information about checking conditional configuration

     Running `CARGO=/app/target/cpython-strict/host-tools/rustup/toolchains/nightly-2025-01-18-x86_64-unknown-linux-gnu/bin/cargo CARGO_CRATE_NAME=httparse CARGO_MANIFEST_DIR=/app/target/cpython-strict/host-tools/cargo/registry/src/index.crates.io-1949cf8c6b5b557f/httparse-1.10.1 CARGO_MANIFEST_PATH=/app/target/cpython-strict/host-tools/cargo/registry/src/index.crates.io-1949cf8c6b5b557f/httparse-1.10.1/Cargo.toml CARGO_PKG_AUTHORS='Sean McArthur <sean@seanmonstar.com>' CARGO_PKG_DESCRIPTION='A tiny, safe, speedy, zero-copy HTTP/1.x parser.' CARGO_PKG_HOMEPAGE='' CARGO_PKG_LICENSE='MIT OR Apache-2.0' CARGO_PKG_LICENSE_FILE='' CARGO_PKG_NAME=httparse CARGO_PKG_README=README.md CARGO_PKG_REPOSITORY='https://github.com/seanmonstar/httparse' CARGO_PKG_RUST_VERSION='' CARGO_PKG_VERSION=1.10.1 CARGO_PKG_VERSION_MAJOR=1 CARGO_PKG_VERSION_MINOR=10 CARGO_PKG_VERSION_PATCH=1 CARGO_PKG_VERSION_PRE='' LD_LIBRARY_PATH='/app/target/cpython-strict/build/primp-0.15.0/target/release/deps:/app/target/cpython-strict/host-tools/rustup/toolchains/nightly-2025-01-18-x86_64-unknown-linux-gnu/lib:/opt/kendryte-toolchain/bin/:' OUT_DIR=/app/target/cpython-strict/build/primp-0.15.0/target/loongarch64-unknown-linux-musl/release/build/httparse-1e1b6fda2e4e0320/out /app/target/cpython-strict/host-tools/rustup/toolchains/nightly-2025-01-18-x86_64-unknown-linux-gnu/bin/rustc --crate-name httparse --edition=2018 /app/target/cpython-strict/host-tools/cargo/registry/src/index.crates.io-1949cf8c6b5b557f/httparse-1.10.1/src/lib.rs --error-format=json --json=diagnostic-rendered-ansi,artifacts,future-incompat --crate-type lib --emit=dep-info,metadata,link -C opt-level=3 -C panic=abort -C linker-plugin-lto -C codegen-units=1 --warn=unexpected_cfgs --check-cfg 'cfg(httparse_simd)' --check-cfg 'cfg(httparse_simd_target_feature_avx2)' --check-cfg 'cfg(httparse_simd_target_feature_sse42)' --check-cfg 'cfg(httparse_simd_neon_intrinsics)' --cfg 'feature="default"' --cfg 'feature="std"' --check-cfg 'cfg(docsrs,test)' --check-cfg 'cfg(feature, values("default", "std"))' -C metadata=791a74adc0999abf -C extra-filename=-3d6b6b1ce764a295 --out-dir /app/target/cpython-strict/build/primp-0.15.0/target/loongarch64-unknown-linux-musl/release/deps --target loongarch64-unknown-linux-musl -C linker=/app/target/cpython-strict/cross/loongarch64-linux-musl-gcc -C strip=symbols -L dependency=/app/target/cpython-strict/build/primp-0.15.0/target/loongarch64-unknown-linux-musl/release/deps -L dependency=/app/target/cpython-strict/build/primp-0.15.0/target/release/deps --cap-lints warn -C target-feature=-ual -C target-feature=-crt-static --cfg httparse_simd_neon_intrinsics --cfg httparse_simd`
warning: `url` (lib) generated 1 warning (1 duplicate)
   Compiling typed-builder-macro v0.20.1
     Running `CARGO=/app/target/cpython-strict/host-tools/rustup/toolchains/nightly-2025-01-18-x86_64-unknown-linux-gnu/bin/cargo CARGO_CRATE_NAME=typed_builder_macro CARGO_MANIFEST_DIR=/app/target/cpython-strict/host-tools/cargo/registry/src/index.crates.io-1949cf8c6b5b557f/typed-builder-macro-0.20.1 CARGO_MANIFEST_PATH=/app/target/cpython-strict/host-tools/cargo/registry/src/index.crates.io-1949cf8c6b5b557f/typed-builder-macro-0.20.1/Cargo.toml CARGO_PKG_AUTHORS='IdanArye <idanarye@gmail.com>:Chris Morgan <me@chrismorgan.info>' CARGO_PKG_DESCRIPTION='Compile-time type-checked builder derive' CARGO_PKG_HOMEPAGE='' CARGO_PKG_LICENSE='MIT OR Apache-2.0' CARGO_PKG_LICENSE_FILE='' CARGO_PKG_NAME=typed-builder-macro CARGO_PKG_README=README.md CARGO_PKG_REPOSITORY='https://github.com/idanarye/rust-typed-builder' CARGO_PKG_RUST_VERSION='' CARGO_PKG_VERSION=0.20.1 CARGO_PKG_VERSION_MAJOR=0 CARGO_PKG_VERSION_MINOR=20 CARGO_PKG_VERSION_PATCH=1 CARGO_PKG_VERSION_PRE='' LD_LIBRARY_PATH='/app/target/cpython-strict/build/primp-0.15.0/target/release/deps:/app/target/cpython-strict/host-tools/rustup/toolchains/nightly-2025-01-18-x86_64-unknown-linux-gnu/lib:/opt/kendryte-toolchain/bin/:' /app/target/cpython-strict/host-tools/rustup/toolchains/nightly-2025-01-18-x86_64-unknown-linux-gnu/bin/rustc --crate-name typed_builder_macro --edition=2021 /app/target/cpython-strict/host-tools/cargo/registry/src/index.crates.io-1949cf8c6b5b557f/typed-builder-macro-0.20.1/src/lib.rs --error-format=json --json=diagnostic-rendered-ansi,artifacts,future-incompat --crate-type proc-macro --emit=dep-info,link -C prefer-dynamic -C embed-bitcode=no -C debug-assertions=off --check-cfg 'cfg(docsrs,test)' --check-cfg 'cfg(feature, values())' -C metadata=5aab86179ba361c4 -C extra-filename=-1c2a77c8da820f08 --out-dir /app/target/cpython-strict/build/primp-0.15.0/target/release/deps -C strip=symbols -L dependency=/app/target/cpython-strict/build/primp-0.15.0/target/release/deps --extern proc_macro2=/app/target/cpython-strict/build/primp-0.15.0/target/release/deps/libproc_macro2-9db364b059323b41.rlib --extern quote=/app/target/cpython-strict/build/primp-0.15.0/target/release/deps/libquote-430fd29c5f10253f.rlib --extern syn=/app/target/cpython-strict/build/primp-0.15.0/target/release/deps/libsyn-4f64c6980b94321d.rlib --extern proc_macro --cap-lints warn`
warning: `markup5ever` (lib) generated 1 warning (1 duplicate)
   Compiling thiserror-impl v2.0.12
     Running `CARGO=/app/target/cpython-strict/host-tools/rustup/toolchains/nightly-2025-01-18-x86_64-unknown-linux-gnu/bin/cargo CARGO_CRATE_NAME=thiserror_impl CARGO_MANIFEST_DIR=/app/target/cpython-strict/host-tools/cargo/registry/src/index.crates.io-1949cf8c6b5b557f/thiserror-impl-2.0.12 CARGO_MANIFEST_PATH=/app/target/cpython-strict/host-tools/cargo/registry/src/index.crates.io-1949cf8c6b5b557f/thiserror-impl-2.0.12/Cargo.toml CARGO_PKG_AUTHORS='David Tolnay <dtolnay@gmail.com>' CARGO_PKG_DESCRIPTION='Implementation detail of the `thiserror` crate' CARGO_PKG_HOMEPAGE='' CARGO_PKG_LICENSE='MIT OR Apache-2.0' CARGO_PKG_LICENSE_FILE='' CARGO_PKG_NAME=thiserror-impl CARGO_PKG_README='' CARGO_PKG_REPOSITORY='https://github.com/dtolnay/thiserror' CARGO_PKG_RUST_VERSION=1.61 CARGO_PKG_VERSION=2.0.12 CARGO_PKG_VERSION_MAJOR=2 CARGO_PKG_VERSION_MINOR=0 CARGO_PKG_VERSION_PATCH=12 CARGO_PKG_VERSION_PRE='' LD_LIBRARY_PATH='/app/target/cpython-strict/build/primp-0.15.0/target/release/deps:/app/target/cpython-strict/host-tools/rustup/toolchains/nightly-2025-01-18-x86_64-unknown-linux-gnu/lib:/opt/kendryte-toolchain/bin/:' /app/target/cpython-strict/host-tools/rustup/toolchains/nightly-2025-01-18-x86_64-unknown-linux-gnu/bin/rustc --crate-name thiserror_impl --edition=2021 /app/target/cpython-strict/host-tools/cargo/registry/src/index.crates.io-1949cf8c6b5b557f/thiserror-impl-2.0.12/src/lib.rs --error-format=json --json=diagnostic-rendered-ansi,artifacts,future-incompat --crate-type proc-macro --emit=dep-info,link -C prefer-dynamic -C embed-bitcode=no -C debug-assertions=off --check-cfg 'cfg(docsrs,test)' --check-cfg 'cfg(feature, values())' -C metadata=90b260909fc4c019 -C extra-filename=-72d3489b2a217ba6 --out-dir /app/target/cpython-strict/build/primp-0.15.0/target/release/deps -C strip=symbols -L dependency=/app/target/cpython-strict/build/primp-0.15.0/target/release/deps --extern proc_macro2=/app/target/cpython-strict/build/primp-0.15.0/target/release/deps/libproc_macro2-9db364b059323b41.rlib --extern quote=/app/target/cpython-strict/build/primp-0.15.0/target/release/deps/libquote-430fd29c5f10253f.rlib --extern syn=/app/target/cpython-strict/build/primp-0.15.0/target/release/deps/libsyn-4f64c6980b94321d.rlib --extern proc_macro --cap-lints warn`
warning: `http2` (lib) generated 1 warning (1 duplicate)
   Compiling match_token v0.1.0
     Running `CARGO=/app/target/cpython-strict/host-tools/rustup/toolchains/nightly-2025-01-18-x86_64-unknown-linux-gnu/bin/cargo CARGO_CRATE_NAME=match_token CARGO_MANIFEST_DIR=/app/target/cpython-strict/host-tools/cargo/registry/src/index.crates.io-1949cf8c6b5b557f/match_token-0.1.0 CARGO_MANIFEST_PATH=/app/target/cpython-strict/host-tools/cargo/registry/src/index.crates.io-1949cf8c6b5b557f/match_token-0.1.0/Cargo.toml CARGO_PKG_AUTHORS='' CARGO_PKG_DESCRIPTION='Procedural macro for html5ever.' CARGO_PKG_HOMEPAGE='' CARGO_PKG_LICENSE='MIT OR Apache-2.0' CARGO_PKG_LICENSE_FILE='' CARGO_PKG_NAME=match_token CARGO_PKG_README='' CARGO_PKG_REPOSITORY='https://github.com/servo/html5ever' CARGO_PKG_RUST_VERSION='' CARGO_PKG_VERSION=0.1.0 CARGO_PKG_VERSION_MAJOR=0 CARGO_PKG_VERSION_MINOR=1 CARGO_PKG_VERSION_PATCH=0 CARGO_PKG_VERSION_PRE='' LD_LIBRARY_PATH='/app/target/cpython-strict/build/primp-0.15.0/target/release/deps:/app/target/cpython-strict/host-tools/rustup/toolchains/nightly-2025-01-18-x86_64-unknown-linux-gnu/lib:/opt/kendryte-toolchain/bin/:' /app/target/cpython-strict/host-tools/rustup/toolchains/nightly-2025-01-18-x86_64-unknown-linux-gnu/bin/rustc --crate-name match_token --edition=2021 /app/target/cpython-strict/host-tools/cargo/registry/src/index.crates.io-1949cf8c6b5b557f/match_token-0.1.0/src/lib.rs --error-format=json --json=diagnostic-rendered-ansi,artifacts,future-incompat --crate-type proc-macro --emit=dep-info,link -C prefer-dynamic -C embed-bitcode=no -C debug-assertions=off --check-cfg 'cfg(docsrs,test)' --check-cfg 'cfg(feature, values())' -C metadata=7ac68bc4ea52e1f7 -C extra-filename=-9f3755337ccd005f --out-dir /app/target/cpython-strict/build/primp-0.15.0/target/release/deps -C strip=symbols -L dependency=/app/target/cpython-strict/build/primp-0.15.0/target/release/deps --extern proc_macro2=/app/target/cpython-strict/build/primp-0.15.0/target/release/deps/libproc_macro2-9db364b059323b41.rlib --extern quote=/app/target/cpython-strict/build/primp-0.15.0/target/release/deps/libquote-430fd29c5f10253f.rlib --extern syn=/app/target/cpython-strict/build/primp-0.15.0/target/release/deps/libsyn-4f64c6980b94321d.rlib --extern proc_macro --cap-lints warn`
warning: `cookie` (lib) generated 6 warnings (1 duplicate)
   Compiling sync_wrapper v1.0.2
     Running `CARGO=/app/target/cpython-strict/host-tools/rustup/toolchains/nightly-2025-01-18-x86_64-unknown-linux-gnu/bin/cargo CARGO_CRATE_NAME=sync_wrapper CARGO_MANIFEST_DIR=/app/target/cpython-strict/host-tools/cargo/registry/src/index.crates.io-1949cf8c6b5b557f/sync_wrapper-1.0.2 CARGO_MANIFEST_PATH=/app/target/cpython-strict/host-tools/cargo/registry/src/index.crates.io-1949cf8c6b5b557f/sync_wrapper-1.0.2/Cargo.toml CARGO_PKG_AUTHORS='Actyx AG <developer@actyx.io>' CARGO_PKG_DESCRIPTION='A tool for enlisting the compiler'\''s help in proving the absence of concurrency' CARGO_PKG_HOMEPAGE='https://docs.rs/sync_wrapper' CARGO_PKG_LICENSE=Apache-2.0 CARGO_PKG_LICENSE_FILE='' CARGO_PKG_NAME=sync_wrapper CARGO_PKG_README=README.md CARGO_PKG_REPOSITORY='https://github.com/Actyx/sync_wrapper' CARGO_PKG_RUST_VERSION='' CARGO_PKG_VERSION=1.0.2 CARGO_PKG_VERSION_MAJOR=1 CARGO_PKG_VERSION_MINOR=0 CARGO_PKG_VERSION_PATCH=2 CARGO_PKG_VERSION_PRE='' LD_LIBRARY_PATH='/app/target/cpython-strict/build/primp-0.15.0/target/release/deps:/app/target/cpython-strict/host-tools/rustup/toolchains/nightly-2025-01-18-x86_64-unknown-linux-gnu/lib:/opt/kendryte-toolchain/bin/:' /app/target/cpython-strict/host-tools/rustup/toolchains/nightly-2025-01-18-x86_64-unknown-linux-gnu/bin/rustc --crate-name sync_wrapper --edition=2021 /app/target/cpython-strict/host-tools/cargo/registry/src/index.crates.io-1949cf8c6b5b557f/sync_wrapper-1.0.2/src/lib.rs --error-format=json --json=diagnostic-rendered-ansi,artifacts,future-incompat --crate-type lib --emit=dep-info,metadata,link -C opt-level=3 -C panic=abort -C linker-plugin-lto -C codegen-units=1 --cfg 'feature="futures"' --cfg 'feature="futures-core"' --check-cfg 'cfg(docsrs,test)' --check-cfg 'cfg(feature, values("futures", "futures-core"))' -C metadata=2b40ed4fbec6cb76 -C extra-filename=-7dbf6c82341057de --out-dir /app/target/cpython-strict/build/primp-0.15.0/target/loongarch64-unknown-linux-musl/release/deps --target loongarch64-unknown-linux-musl -C linker=/app/target/cpython-strict/cross/loongarch64-linux-musl-gcc -C strip=symbols -L dependency=/app/target/cpython-strict/build/primp-0.15.0/target/loongarch64-unknown-linux-musl/release/deps -L dependency=/app/target/cpython-strict/build/primp-0.15.0/target/release/deps --extern futures_core=/app/target/cpython-strict/build/primp-0.15.0/target/loongarch64-unknown-linux-musl/release/deps/libfutures_core-daefa865b4c0a4f1.rmeta --cap-lints warn -C target-feature=-ual -C target-feature=-crt-static`
warning: `httparse` (lib) generated 1 warning (1 duplicate)
   Compiling futures-channel v0.3.31
     Running `CARGO=/app/target/cpython-strict/host-tools/rustup/toolchains/nightly-2025-01-18-x86_64-unknown-linux-gnu/bin/cargo CARGO_CRATE_NAME=futures_channel CARGO_MANIFEST_DIR=/app/target/cpython-strict/host-tools/cargo/registry/src/index.crates.io-1949cf8c6b5b557f/futures-channel-0.3.31 CARGO_MANIFEST_PATH=/app/target/cpython-strict/host-tools/cargo/registry/src/index.crates.io-1949cf8c6b5b557f/futures-channel-0.3.31/Cargo.toml CARGO_PKG_AUTHORS='' CARGO_PKG_DESCRIPTION='Channels for asynchronous communication using futures-rs.
' CARGO_PKG_HOMEPAGE='https://rust-lang.github.io/futures-rs' CARGO_PKG_LICENSE='MIT OR Apache-2.0' CARGO_PKG_LICENSE_FILE='' CARGO_PKG_NAME=futures-channel CARGO_PKG_README=README.md CARGO_PKG_REPOSITORY='https://github.com/rust-lang/futures-rs' CARGO_PKG_RUST_VERSION=1.56 CARGO_PKG_VERSION=0.3.31 CARGO_PKG_VERSION_MAJOR=0 CARGO_PKG_VERSION_MINOR=3 CARGO_PKG_VERSION_PATCH=31 CARGO_PKG_VERSION_PRE='' LD_LIBRARY_PATH='/app/target/cpython-strict/build/primp-0.15.0/target/release/deps:/app/target/cpython-strict/host-tools/rustup/toolchains/nightly-2025-01-18-x86_64-unknown-linux-gnu/lib:/opt/kendryte-toolchain/bin/:' /app/target/cpython-strict/host-tools/rustup/toolchains/nightly-2025-01-18-x86_64-unknown-linux-gnu/bin/rustc --crate-name futures_channel --edition=2018 /app/target/cpython-strict/host-tools/cargo/registry/src/index.crates.io-1949cf8c6b5b557f/futures-channel-0.3.31/src/lib.rs --error-format=json --json=diagnostic-rendered-ansi,artifacts,future-incompat --crate-type lib --emit=dep-info,metadata,link -C opt-level=3 -C panic=abort -C linker-plugin-lto -C codegen-units=1 --warn=unreachable_pub --warn=unexpected_cfgs --warn=single_use_lifetimes --warn=rust_2018_idioms --warn=missing_debug_implementations --check-cfg 'cfg(futures_sanitizer)' --cfg 'feature="alloc"' --cfg 'feature="default"' --cfg 'feature="std"' --check-cfg 'cfg(docsrs,test)' --check-cfg 'cfg(feature, values("alloc", "cfg-target-has-atomic", "default", "futures-sink", "sink", "std", "unstable"))' -C metadata=99e5d2269b017cec -C extra-filename=-bb6f3034f0b2e8ee --out-dir /app/target/cpython-strict/build/primp-0.15.0/target/loongarch64-unknown-linux-musl/release/deps --target loongarch64-unknown-linux-musl -C linker=/app/target/cpython-strict/cross/loongarch64-linux-musl-gcc -C strip=symbols -L dependency=/app/target/cpython-strict/build/primp-0.15.0/target/loongarch64-unknown-linux-musl/release/deps -L dependency=/app/target/cpython-strict/build/primp-0.15.0/target/release/deps --extern futures_core=/app/target/cpython-strict/build/primp-0.15.0/target/loongarch64-unknown-linux-musl/release/deps/libfutures_core-daefa865b4c0a4f1.rmeta --cap-lints warn -C target-feature=-ual -C target-feature=-crt-static`
warning: `sync_wrapper` (lib) generated 1 warning (1 duplicate)
   Compiling mime v0.3.17
     Running `CARGO=/app/target/cpython-strict/host-tools/rustup/toolchains/nightly-2025-01-18-x86_64-unknown-linux-gnu/bin/cargo CARGO_CRATE_NAME=mime CARGO_MANIFEST_DIR=/app/target/cpython-strict/host-tools/cargo/registry/src/index.crates.io-1949cf8c6b5b557f/mime-0.3.17 CARGO_MANIFEST_PATH=/app/target/cpython-strict/host-tools/cargo/registry/src/index.crates.io-1949cf8c6b5b557f/mime-0.3.17/Cargo.toml CARGO_PKG_AUTHORS='Sean McArthur <sean@seanmonstar.com>' CARGO_PKG_DESCRIPTION='Strongly Typed Mimes' CARGO_PKG_HOMEPAGE='' CARGO_PKG_LICENSE='MIT OR Apache-2.0' CARGO_PKG_LICENSE_FILE='' CARGO_PKG_NAME=mime CARGO_PKG_README=README.md CARGO_PKG_REPOSITORY='https://github.com/hyperium/mime' CARGO_PKG_RUST_VERSION='' CARGO_PKG_VERSION=0.3.17 CARGO_PKG_VERSION_MAJOR=0 CARGO_PKG_VERSION_MINOR=3 CARGO_PKG_VERSION_PATCH=17 CARGO_PKG_VERSION_PRE='' LD_LIBRARY_PATH='/app/target/cpython-strict/build/primp-0.15.0/target/release/deps:/app/target/cpython-strict/host-tools/rustup/toolchains/nightly-2025-01-18-x86_64-unknown-linux-gnu/lib:/opt/kendryte-toolchain/bin/:' /app/target/cpython-strict/host-tools/rustup/toolchains/nightly-2025-01-18-x86_64-unknown-linux-gnu/bin/rustc --crate-name mime --edition=2015 /app/target/cpython-strict/host-tools/cargo/registry/src/index.crates.io-1949cf8c6b5b557f/mime-0.3.17/src/lib.rs --error-format=json --json=diagnostic-rendered-ansi,artifacts,future-incompat --crate-type lib --emit=dep-info,metadata,link -C opt-level=3 -C panic=abort -C linker-plugin-lto -C codegen-units=1 --check-cfg 'cfg(docsrs,test)' --check-cfg 'cfg(feature, values())' -C metadata=e8f50e36e0bfea4f -C extra-filename=-1151b75447f95fc4 --out-dir /app/target/cpython-strict/build/primp-0.15.0/target/loongarch64-unknown-linux-musl/release/deps --target loongarch64-unknown-linux-musl -C linker=/app/target/cpython-strict/cross/loongarch64-linux-musl-gcc -C strip=symbols -L dependency=/app/target/cpython-strict/build/primp-0.15.0/target/loongarch64-unknown-linux-musl/release/deps -L dependency=/app/target/cpython-strict/build/primp-0.15.0/target/release/deps --cap-lints warn -C target-feature=-ual -C target-feature=-crt-static`
warning: `serde_json` (lib) generated 1 warning (1 duplicate)
   Compiling tower-service v0.3.3
     Running `CARGO=/app/target/cpython-strict/host-tools/rustup/toolchains/nightly-2025-01-18-x86_64-unknown-linux-gnu/bin/cargo CARGO_CRATE_NAME=tower_service CARGO_MANIFEST_DIR=/app/target/cpython-strict/host-tools/cargo/registry/src/index.crates.io-1949cf8c6b5b557f/tower-service-0.3.3 CARGO_MANIFEST_PATH=/app/target/cpython-strict/host-tools/cargo/registry/src/index.crates.io-1949cf8c6b5b557f/tower-service-0.3.3/Cargo.toml CARGO_PKG_AUTHORS='Tower Maintainers <team@tower-rs.com>' CARGO_PKG_DESCRIPTION='Trait representing an asynchronous, request / response based, client or server.
' CARGO_PKG_HOMEPAGE='https://github.com/tower-rs/tower' CARGO_PKG_LICENSE=MIT CARGO_PKG_LICENSE_FILE='' CARGO_PKG_NAME=tower-service CARGO_PKG_README=README.md CARGO_PKG_REPOSITORY='https://github.com/tower-rs/tower' CARGO_PKG_RUST_VERSION='' CARGO_PKG_VERSION=0.3.3 CARGO_PKG_VERSION_MAJOR=0 CARGO_PKG_VERSION_MINOR=3 CARGO_PKG_VERSION_PATCH=3 CARGO_PKG_VERSION_PRE='' LD_LIBRARY_PATH='/app/target/cpython-strict/build/primp-0.15.0/target/release/deps:/app/target/cpython-strict/host-tools/rustup/toolchains/nightly-2025-01-18-x86_64-unknown-linux-gnu/lib:/opt/kendryte-toolchain/bin/:' /app/target/cpython-strict/host-tools/rustup/toolchains/nightly-2025-01-18-x86_64-unknown-linux-gnu/bin/rustc --crate-name tower_service --edition=2018 /app/target/cpython-strict/host-tools/cargo/registry/src/index.crates.io-1949cf8c6b5b557f/tower-service-0.3.3/src/lib.rs --error-format=json --json=diagnostic-rendered-ansi,artifacts,future-incompat --crate-type lib --emit=dep-info,metadata,link -C opt-level=3 -C panic=abort -C linker-plugin-lto -C codegen-units=1 --check-cfg 'cfg(docsrs,test)' --check-cfg 'cfg(feature, values())' -C metadata=62bf3bf745d823ed -C extra-filename=-01b60b32617db644 --out-dir /app/target/cpython-strict/build/primp-0.15.0/target/loongarch64-unknown-linux-musl/release/deps --target loongarch64-unknown-linux-musl -C linker=/app/target/cpython-strict/cross/loongarch64-linux-musl-gcc -C strip=symbols -L dependency=/app/target/cpython-strict/build/primp-0.15.0/target/loongarch64-unknown-linux-musl/release/deps -L dependency=/app/target/cpython-strict/build/primp-0.15.0/target/release/deps --cap-lints warn -C target-feature=-ual -C target-feature=-crt-static`
warning: `futures-channel` (lib) generated 1 warning (1 duplicate)
   Compiling rustls-pki-types v1.11.0
     Running `CARGO=/app/target/cpython-strict/host-tools/rustup/toolchains/nightly-2025-01-18-x86_64-unknown-linux-gnu/bin/cargo CARGO_CRATE_NAME=rustls_pki_types CARGO_MANIFEST_DIR=/app/target/cpython-strict/host-tools/cargo/registry/src/index.crates.io-1949cf8c6b5b557f/rustls-pki-types-1.11.0 CARGO_MANIFEST_PATH=/app/target/cpython-strict/host-tools/cargo/registry/src/index.crates.io-1949cf8c6b5b557f/rustls-pki-types-1.11.0/Cargo.toml CARGO_PKG_AUTHORS='' CARGO_PKG_DESCRIPTION='Shared types for the rustls PKI ecosystem' CARGO_PKG_HOMEPAGE='https://github.com/rustls/pki-types' CARGO_PKG_LICENSE='MIT OR Apache-2.0' CARGO_PKG_LICENSE_FILE='' CARGO_PKG_NAME=rustls-pki-types CARGO_PKG_README=README.md CARGO_PKG_REPOSITORY='https://github.com/rustls/pki-types' CARGO_PKG_RUST_VERSION=1.60 CARGO_PKG_VERSION=1.11.0 CARGO_PKG_VERSION_MAJOR=1 CARGO_PKG_VERSION_MINOR=11 CARGO_PKG_VERSION_PATCH=0 CARGO_PKG_VERSION_PRE='' LD_LIBRARY_PATH='/app/target/cpython-strict/build/primp-0.15.0/target/release/deps:/app/target/cpython-strict/host-tools/rustup/toolchains/nightly-2025-01-18-x86_64-unknown-linux-gnu/lib:/opt/kendryte-toolchain/bin/:' /app/target/cpython-strict/host-tools/rustup/toolchains/nightly-2025-01-18-x86_64-unknown-linux-gnu/bin/rustc --crate-name rustls_pki_types --edition=2021 /app/target/cpython-strict/host-tools/cargo/registry/src/index.crates.io-1949cf8c6b5b557f/rustls-pki-types-1.11.0/src/lib.rs --error-format=json --json=diagnostic-rendered-ansi,artifacts,future-incompat --crate-type lib --emit=dep-info,metadata,link -C opt-level=3 -C panic=abort -C linker-plugin-lto -C codegen-units=1 --check-cfg 'cfg(docsrs,test)' --check-cfg 'cfg(feature, values("alloc", "default", "std", "web", "web-time"))' -C metadata=37134e3e8225af38 -C extra-filename=-af7c3de405660ff9 --out-dir /app/target/cpython-strict/build/primp-0.15.0/target/loongarch64-unknown-linux-musl/release/deps --target loongarch64-unknown-linux-musl -C linker=/app/target/cpython-strict/cross/loongarch64-linux-musl-gcc -C strip=symbols -L dependency=/app/target/cpython-strict/build/primp-0.15.0/target/loongarch64-unknown-linux-musl/release/deps -L dependency=/app/target/cpython-strict/build/primp-0.15.0/target/release/deps --cap-lints warn -C target-feature=-ual -C target-feature=-crt-static`
     Running `CARGO=/app/target/cpython-strict/host-tools/rustup/toolchains/nightly-2025-01-18-x86_64-unknown-linux-gnu/bin/cargo CARGO_CRATE_NAME=either CARGO_MANIFEST_DIR=/app/target/cpython-strict/host-tools/cargo/registry/src/index.crates.io-1949cf8c6b5b557f/either-1.15.0 CARGO_MANIFEST_PATH=/app/target/cpython-strict/host-tools/cargo/registry/src/index.crates.io-1949cf8c6b5b557f/either-1.15.0/Cargo.toml CARGO_PKG_AUTHORS=bluss CARGO_PKG_DESCRIPTION='The enum `Either` with variants `Left` and `Right` is a general purpose sum type with two cases.
' CARGO_PKG_HOMEPAGE='' CARGO_PKG_LICENSE='MIT OR Apache-2.0' CARGO_PKG_LICENSE_FILE='' CARGO_PKG_NAME=either CARGO_PKG_README=README-crates.io.md CARGO_PKG_REPOSITORY='https://github.com/rayon-rs/either' CARGO_PKG_RUST_VERSION=1.63.0 CARGO_PKG_VERSION=1.15.0 CARGO_PKG_VERSION_MAJOR=1 CARGO_PKG_VERSION_MINOR=15 CARGO_PKG_VERSION_PATCH=0 CARGO_PKG_VERSION_PRE='' LD_LIBRARY_PATH='/app/target/cpython-strict/build/primp-0.15.0/target/release/deps:/app/target/cpython-strict/host-tools/rustup/toolchains/nightly-2025-01-18-x86_64-unknown-linux-gnu/lib:/opt/kendryte-toolchain/bin/:' /app/target/cpython-strict/host-tools/rustup/toolchains/nightly-2025-01-18-x86_64-unknown-linux-gnu/bin/rustc --crate-name either --edition=2021 /app/target/cpython-strict/host-tools/cargo/registry/src/index.crates.io-1949cf8c6b5b557f/either-1.15.0/src/lib.rs --error-format=json --json=diagnostic-rendered-ansi,artifacts,future-incompat --crate-type lib --emit=dep-info,metadata,link -C opt-level=3 -C panic=abort -C linker-plugin-lto -C codegen-units=1 --cfg 'feature="default"' --cfg 'feature="std"' --check-cfg 'cfg(docsrs,test)' --check-cfg 'cfg(feature, values("default", "serde", "std", "use_std"))' -C metadata=89a781775cc0cf78 -C extra-filename=-a61b1598ab4db177 --out-dir /app/target/cpython-strict/build/primp-0.15.0/target/loongarch64-unknown-linux-musl/release/deps --target loongarch64-unknown-linux-musl -C linker=/app/target/cpython-strict/cross/loongarch64-linux-musl-gcc -C strip=symbols -L dependency=/app/target/cpython-strict/build/primp-0.15.0/target/loongarch64-unknown-linux-musl/release/deps -L dependency=/app/target/cpython-strict/build/primp-0.15.0/target/release/deps --cap-lints warn -C target-feature=-ual -C target-feature=-crt-static`
warning: `tower-service` (lib) generated 1 warning (1 duplicate)
   Compiling tower-layer v0.3.3
     Running `CARGO=/app/target/cpython-strict/host-tools/rustup/toolchains/nightly-2025-01-18-x86_64-unknown-linux-gnu/bin/cargo CARGO_CRATE_NAME=tower_layer CARGO_MANIFEST_DIR=/app/target/cpython-strict/host-tools/cargo/registry/src/index.crates.io-1949cf8c6b5b557f/tower-layer-0.3.3 CARGO_MANIFEST_PATH=/app/target/cpython-strict/host-tools/cargo/registry/src/index.crates.io-1949cf8c6b5b557f/tower-layer-0.3.3/Cargo.toml CARGO_PKG_AUTHORS='Tower Maintainers <team@tower-rs.com>' CARGO_PKG_DESCRIPTION='Decorates a `Service` to allow easy composition between `Service`s.
' CARGO_PKG_HOMEPAGE='https://github.com/tower-rs/tower' CARGO_PKG_LICENSE=MIT CARGO_PKG_LICENSE_FILE='' CARGO_PKG_NAME=tower-layer CARGO_PKG_README=README.md CARGO_PKG_REPOSITORY='https://github.com/tower-rs/tower' CARGO_PKG_RUST_VERSION='' CARGO_PKG_VERSION=0.3.3 CARGO_PKG_VERSION_MAJOR=0 CARGO_PKG_VERSION_MINOR=3 CARGO_PKG_VERSION_PATCH=3 CARGO_PKG_VERSION_PRE='' LD_LIBRARY_PATH='/app/target/cpython-strict/build/primp-0.15.0/target/release/deps:/app/target/cpython-strict/host-tools/rustup/toolchains/nightly-2025-01-18-x86_64-unknown-linux-gnu/lib:/opt/kendryte-toolchain/bin/:' /app/target/cpython-strict/host-tools/rustup/toolchains/nightly-2025-01-18-x86_64-unknown-linux-gnu/bin/rustc --crate-name tower_layer --edition=2018 /app/target/cpython-strict/host-tools/cargo/registry/src/index.crates.io-1949cf8c6b5b557f/tower-layer-0.3.3/src/lib.rs --error-format=json --json=diagnostic-rendered-ansi,artifacts,future-incompat --crate-type lib --emit=dep-info,metadata,link -C opt-level=3 -C panic=abort -C linker-plugin-lto -C codegen-units=1 --check-cfg 'cfg(docsrs,test)' --check-cfg 'cfg(feature, values())' -C metadata=be132e00616dee2e -C extra-filename=-c3ef2decc1177553 --out-dir /app/target/cpython-strict/build/primp-0.15.0/target/loongarch64-unknown-linux-musl/release/deps --target loongarch64-unknown-linux-musl -C linker=/app/target/cpython-strict/cross/loongarch64-linux-musl-gcc -C strip=symbols -L dependency=/app/target/cpython-strict/build/primp-0.15.0/target/loongarch64-unknown-linux-musl/release/deps -L dependency=/app/target/cpython-strict/build/primp-0.15.0/target/release/deps --cap-lints warn -C target-feature=-ual -C target-feature=-crt-static`
   Compiling linked-hash-map v0.5.6
     Running `CARGO=/app/target/cpython-strict/host-tools/rustup/toolchains/nightly-2025-01-18-x86_64-unknown-linux-gnu/bin/cargo CARGO_CRATE_NAME=linked_hash_map CARGO_MANIFEST_DIR=/app/target/cpython-strict/host-tools/cargo/registry/src/index.crates.io-1949cf8c6b5b557f/linked-hash-map-0.5.6 CARGO_MANIFEST_PATH=/app/target/cpython-strict/host-tools/cargo/registry/src/index.crates.io-1949cf8c6b5b557f/linked-hash-map-0.5.6/Cargo.toml CARGO_PKG_AUTHORS='Stepan Koltsov <stepan.koltsov@gmail.com>:Andrew Paseltiner <apaseltiner@gmail.com>' CARGO_PKG_DESCRIPTION='A HashMap wrapper that holds key-value pairs in insertion order' CARGO_PKG_HOMEPAGE='https://github.com/contain-rs/linked-hash-map' CARGO_PKG_LICENSE=MIT/Apache-2.0 CARGO_PKG_LICENSE_FILE='' CARGO_PKG_NAME=linked-hash-map CARGO_PKG_README=README.md CARGO_PKG_REPOSITORY='https://github.com/contain-rs/linked-hash-map' CARGO_PKG_RUST_VERSION='' CARGO_PKG_VERSION=0.5.6 CARGO_PKG_VERSION_MAJOR=0 CARGO_PKG_VERSION_MINOR=5 CARGO_PKG_VERSION_PATCH=6 CARGO_PKG_VERSION_PRE='' LD_LIBRARY_PATH='/app/target/cpython-strict/build/primp-0.15.0/target/release/deps:/app/target/cpython-strict/host-tools/rustup/toolchains/nightly-2025-01-18-x86_64-unknown-linux-gnu/lib:/opt/kendryte-toolchain/bin/:' /app/target/cpython-strict/host-tools/rustup/toolchains/nightly-2025-01-18-x86_64-unknown-linux-gnu/bin/rustc --crate-name linked_hash_map --edition=2015 /app/target/cpython-strict/host-tools/cargo/registry/src/index.crates.io-1949cf8c6b5b557f/linked-hash-map-0.5.6/src/lib.rs --error-format=json --json=diagnostic-rendered-ansi,artifacts,future-incompat --crate-type lib --emit=dep-info,metadata,link -C opt-level=3 -C panic=abort -C linker-plugin-lto -C codegen-units=1 --check-cfg 'cfg(docsrs,test)' --check-cfg 'cfg(feature, values("heapsize", "heapsize_impl", "nightly", "serde", "serde_impl"))' -C metadata=c318c3740727b362 -C extra-filename=-193b83d825ad032c --out-dir /app/target/cpython-strict/build/primp-0.15.0/target/loongarch64-unknown-linux-musl/release/deps --target loongarch64-unknown-linux-musl -C linker=/app/target/cpython-strict/cross/loongarch64-linux-musl-gcc -C strip=symbols -L dependency=/app/target/cpython-strict/build/primp-0.15.0/target/loongarch64-unknown-linux-musl/release/deps -L dependency=/app/target/cpython-strict/build/primp-0.15.0/target/release/deps --cap-lints warn -C target-feature=-ual -C target-feature=-crt-static`
     Running `CARGO=/app/target/cpython-strict/host-tools/rustup/toolchains/nightly-2025-01-18-x86_64-unknown-linux-gnu/bin/cargo CARGO_CRATE_NAME=unicase CARGO_MANIFEST_DIR=/app/target/cpython-strict/host-tools/cargo/registry/src/index.crates.io-1949cf8c6b5b557f/unicase-2.8.1 CARGO_MANIFEST_PATH=/app/target/cpython-strict/host-tools/cargo/registry/src/index.crates.io-1949cf8c6b5b557f/unicase-2.8.1/Cargo.toml CARGO_PKG_AUTHORS='Sean McArthur <sean@seanmonstar.com>' CARGO_PKG_DESCRIPTION='A case-insensitive wrapper around strings.' CARGO_PKG_HOMEPAGE='' CARGO_PKG_LICENSE='MIT OR Apache-2.0' CARGO_PKG_LICENSE_FILE='' CARGO_PKG_NAME=unicase CARGO_PKG_README=README.md CARGO_PKG_REPOSITORY='https://github.com/seanmonstar/unicase' CARGO_PKG_RUST_VERSION='' CARGO_PKG_VERSION=2.8.1 CARGO_PKG_VERSION_MAJOR=2 CARGO_PKG_VERSION_MINOR=8 CARGO_PKG_VERSION_PATCH=1 CARGO_PKG_VERSION_PRE='' LD_LIBRARY_PATH='/app/target/cpython-strict/build/primp-0.15.0/target/release/deps:/app/target/cpython-strict/host-tools/rustup/toolchains/nightly-2025-01-18-x86_64-unknown-linux-gnu/lib:/opt/kendryte-toolchain/bin/:' /app/target/cpython-strict/host-tools/rustup/toolchains/nightly-2025-01-18-x86_64-unknown-linux-gnu/bin/rustc --crate-name unicase --edition=2018 /app/target/cpython-strict/host-tools/cargo/registry/src/index.crates.io-1949cf8c6b5b557f/unicase-2.8.1/src/lib.rs --error-format=json --json=diagnostic-rendered-ansi,artifacts,future-incompat --crate-type lib --emit=dep-info,metadata,link -C opt-level=3 -C panic=abort -C linker-plugin-lto -C codegen-units=1 --check-cfg 'cfg(docsrs,test)' --check-cfg 'cfg(feature, values("nightly"))' -C metadata=ed54619818ec0166 -C extra-filename=-e869c2b97d4b8bea --out-dir /app/target/cpython-strict/build/primp-0.15.0/target/loongarch64-unknown-linux-musl/release/deps --target loongarch64-unknown-linux-musl -C linker=/app/target/cpython-strict/cross/loongarch64-linux-musl-gcc -C strip=symbols -L dependency=/app/target/cpython-strict/build/primp-0.15.0/target/loongarch64-unknown-linux-musl/release/deps -L dependency=/app/target/cpython-strict/build/primp-0.15.0/target/release/deps --cap-lints warn -C target-feature=-ual -C target-feature=-crt-static`
warning: function `decode_secret` is never used
  --> /app/target/cpython-strict/host-tools/cargo/registry/src/index.crates.io-1949cf8c6b5b557f/rustls-pki-types-1.11.0/src/base64.rs:16:15
   |
16 | pub(crate) fn decode_secret<'a>(input: &[u8], output: &'a mut [u8]) -> Result<&'a [u8], Error> {
   |               ^^^^^^^^^^^^^
   |
   = note: `#[warn(dead_code)]` on by default

warning: function `decode_public` is never used
  --> /app/target/cpython-strict/host-tools/cargo/registry/src/index.crates.io-1949cf8c6b5b557f/rustls-pki-types-1.11.0/src/base64.rs:26:15
   |
26 | pub(crate) fn decode_public<'a>(input: &[u8], output: &'a mut [u8]) -> Result<&'a [u8], Error> {
   |               ^^^^^^^^^^^^^

warning: function `decoded_length` is never used
  --> /app/target/cpython-strict/host-tools/cargo/registry/src/index.crates.io-1949cf8c6b5b557f/rustls-pki-types-1.11.0/src/base64.rs:32:21
   |
32 | pub(crate) const fn decoded_length(base64_len: usize) -> usize {
   |                     ^^^^^^^^^^^^^^

warning: function `decode` is never used
  --> /app/target/cpython-strict/host-tools/cargo/registry/src/index.crates.io-1949cf8c6b5b557f/rustls-pki-types-1.11.0/src/base64.rs:36:4
   |
36 | fn decode<'a>(
   |    ^^^^^^

warning: enum `Error` is never used
   --> /app/target/cpython-strict/host-tools/cargo/registry/src/index.crates.io-1949cf8c6b5b557f/rustls-pki-types-1.11.0/src/base64.rs:150:17
    |
150 | pub(crate) enum Error {
    |                 ^^^^^

warning: struct `CodePoint` is never constructed
   --> /app/target/cpython-strict/host-tools/cargo/registry/src/index.crates.io-1949cf8c6b5b557f/rustls-pki-types-1.11.0/src/base64.rs:168:8
    |
168 | struct CodePoint(u8);
    |        ^^^^^^^^^

warning: associated constants `WHITESPACE`, `PAD`, and `INVALID` are never used
   --> /app/target/cpython-strict/host-tools/cargo/registry/src/index.crates.io-1949cf8c6b5b557f/rustls-pki-types-1.11.0/src/base64.rs:171:11
    |
170 | impl CodePoint {
    | -------------- associated constants in this implementation
171 |     const WHITESPACE: Self = Self(0xf0);
    |           ^^^^^^^^^^
172 |     const PAD: Self = Self(0xf1);
    |           ^^^
173 |     const INVALID: Self = Self(0xf2);
    |           ^^^^^^^

warning: associated functions `decode_secret` and `decode_public` are never used
   --> /app/target/cpython-strict/host-tools/cargo/registry/src/index.crates.io-1949cf8c6b5b557f/rustls-pki-types-1.11.0/src/base64.rs:183:8
    |
176 | impl CodePoint {
    | -------------- associated functions in this implementation
...
183 |     fn decode_secret(b: u8) -> Self {
    |        ^^^^^^^^^^^^^
...
206 |     fn decode_public(a: u8) -> Self {
    |        ^^^^^^^^^^^^^

warning: function `u8_in_range` is never used
   --> /app/target/cpython-strict/host-tools/cargo/registry/src/index.crates.io-1949cf8c6b5b557f/rustls-pki-types-1.11.0/src/base64.rs:490:4
    |
490 | fn u8_in_range(a: u8, lo: u8, hi: u8) -> u8 {
    |    ^^^^^^^^^^^

warning: function `u8_less_than` is never used
   --> /app/target/cpython-strict/host-tools/cargo/registry/src/index.crates.io-1949cf8c6b5b557f/rustls-pki-types-1.11.0/src/base64.rs:498:4
    |
498 | fn u8_less_than(a: u8, b: u8) -> u8 {
    |    ^^^^^^^^^^^^

warning: function `u8_equals` is never used
   --> /app/target/cpython-strict/host-tools/cargo/registry/src/index.crates.io-1949cf8c6b5b557f/rustls-pki-types-1.11.0/src/base64.rs:505:4
    |
505 | fn u8_equals(a: u8, b: u8) -> u8 {
    |    ^^^^^^^^^

warning: function `u8_nonzero` is never used
   --> /app/target/cpython-strict/host-tools/cargo/registry/src/index.crates.io-1949cf8c6b5b557f/rustls-pki-types-1.11.0/src/base64.rs:511:4
    |
511 | fn u8_nonzero(x: u8) -> u8 {
    |    ^^^^^^^^^^

warning: function `u8_broadcast8` is never used
   --> /app/target/cpython-strict/host-tools/cargo/registry/src/index.crates.io-1949cf8c6b5b557f/rustls-pki-types-1.11.0/src/base64.rs:519:4
    |
519 | fn u8_broadcast8(x: u8) -> u8 {
    |    ^^^^^^^^^^^^^

warning: function `u8_broadcast16` is never used
   --> /app/target/cpython-strict/host-tools/cargo/registry/src/index.crates.io-1949cf8c6b5b557f/rustls-pki-types-1.11.0/src/base64.rs:528:4
    |
528 | fn u8_broadcast16(x: u16) -> u8 {
    |    ^^^^^^^^^^^^^^

warning: `either` (lib) generated 1 warning (1 duplicate)
   Compiling tower v0.5.2
For more information about this error, try `rustc --explain E0133`.
     Running `CARGO=/app/target/cpython-strict/host-tools/rustup/toolchains/nightly-2025-01-18-x86_64-unknown-linux-gnu/bin/cargo CARGO_CRATE_NAME=tower CARGO_MANIFEST_DIR=/app/target/cpython-strict/host-tools/cargo/registry/src/index.crates.io-1949cf8c6b5b557f/tower-0.5.2 CARGO_MANIFEST_PATH=/app/target/cpython-strict/host-tools/cargo/registry/src/index.crates.io-1949cf8c6b5b557f/tower-0.5.2/Cargo.toml CARGO_PKG_AUTHORS='Tower Maintainers <team@tower-rs.com>' CARGO_PKG_DESCRIPTION='Tower is a library of modular and reusable components for building robust
clients and servers.
' CARGO_PKG_HOMEPAGE='https://github.com/tower-rs/tower' CARGO_PKG_LICENSE=MIT CARGO_PKG_LICENSE_FILE='' CARGO_PKG_NAME=tower CARGO_PKG_README=README.md CARGO_PKG_REPOSITORY='https://github.com/tower-rs/tower' CARGO_PKG_RUST_VERSION=1.64.0 CARGO_PKG_VERSION=0.5.2 CARGO_PKG_VERSION_MAJOR=0 CARGO_PKG_VERSION_MINOR=5 CARGO_PKG_VERSION_PATCH=2 CARGO_PKG_VERSION_PRE='' LD_LIBRARY_PATH='/app/target/cpython-strict/build/primp-0.15.0/target/release/deps:/app/target/cpython-strict/host-tools/rustup/toolchains/nightly-2025-01-18-x86_64-unknown-linux-gnu/lib:/opt/kendryte-toolchain/bin/:' /app/target/cpython-strict/host-tools/rustup/toolchains/nightly-2025-01-18-x86_64-unknown-linux-gnu/bin/rustc --crate-name tower --edition=2018 /app/target/cpython-strict/host-tools/cargo/registry/src/index.crates.io-1949cf8c6b5b557f/tower-0.5.2/src/lib.rs --error-format=json --json=diagnostic-rendered-ansi,artifacts,future-incompat --crate-type lib --emit=dep-info,metadata,link -C opt-level=3 -C panic=abort -C linker-plugin-lto -C codegen-units=1 --cfg 'feature="__common"' --cfg 'feature="futures-core"' --cfg 'feature="futures-util"' --cfg 'feature="pin-project-lite"' --cfg 'feature="sync_wrapper"' --cfg 'feature="timeout"' --cfg 'feature="tokio"' --cfg 'feature="util"' --check-cfg 'cfg(docsrs,test)' --check-cfg 'cfg(feature, values("__common", "balance", "buffer", "discover", "filter", "full", "futures-core", "futures-util", "hdrhistogram", "hedge", "indexmap", "limit", "load", "load-shed", "log", "make", "pin-project-lite", "ready-cache", "reconnect", "retry", "slab", "spawn-ready", "steer", "sync_wrapper", "timeout", "tokio", "tokio-stream", "tokio-util", "tracing", "util"))' -C metadata=44248b0e02b8081b -C extra-filename=-6051da15cc67a36e --out-dir /app/target/cpython-strict/build/primp-0.15.0/target/loongarch64-unknown-linux-musl/release/deps --target loongarch64-unknown-linux-musl -C linker=/app/target/cpython-strict/cross/loongarch64-linux-musl-gcc -C strip=symbols -L dependency=/app/target/cpython-strict/build/primp-0.15.0/target/loongarch64-unknown-linux-musl/release/deps -L dependency=/app/target/cpython-strict/build/primp-0.15.0/target/release/deps --extern futures_core=/app/target/cpython-strict/build/primp-0.15.0/target/loongarch64-unknown-linux-musl/release/deps/libfutures_core-daefa865b4c0a4f1.rmeta --extern futures_util=/app/target/cpython-strict/build/primp-0.15.0/target/loongarch64-unknown-linux-musl/release/deps/libfutures_util-56480fb66acd07d6.rmeta --extern pin_project_lite=/app/target/cpython-strict/build/primp-0.15.0/target/loongarch64-unknown-linux-musl/release/deps/libpin_project_lite-50dcae2c8ff1a98e.rmeta --extern sync_wrapper=/app/target/cpython-strict/build/primp-0.15.0/target/loongarch64-unknown-linux-musl/release/deps/libsync_wrapper-7dbf6c82341057de.rmeta --extern tokio=/app/target/cpython-strict/build/primp-0.15.0/target/loongarch64-unknown-linux-musl/release/deps/libtokio-a9e1076261fd66b2.rmeta --extern tower_layer=/app/target/cpython-strict/build/primp-0.15.0/target/loongarch64-unknown-linux-musl/release/deps/libtower_layer-c3ef2decc1177553.rmeta --extern tower_service=/app/target/cpython-strict/build/primp-0.15.0/target/loongarch64-unknown-linux-musl/release/deps/libtower_service-01b60b32617db644.rmeta --cap-lints warn -C target-feature=-ual -C target-feature=-crt-static`
warning: `pyo3` (lib) generated 2 warnings (1 duplicate)
   Compiling tokio-socks v0.5.2
     Running `CARGO=/app/target/cpython-strict/host-tools/rustup/toolchains/nightly-2025-01-18-x86_64-unknown-linux-gnu/bin/cargo CARGO_CRATE_NAME=tokio_socks CARGO_MANIFEST_DIR=/app/target/cpython-strict/host-tools/cargo/registry/src/index.crates.io-1949cf8c6b5b557f/tokio-socks-0.5.2 CARGO_MANIFEST_PATH=/app/target/cpython-strict/host-tools/cargo/registry/src/index.crates.io-1949cf8c6b5b557f/tokio-socks-0.5.2/Cargo.toml CARGO_PKG_AUTHORS='Yilin Chen <sticnarf@gmail.com>' CARGO_PKG_DESCRIPTION='Asynchronous SOCKS proxy support for Rust.' CARGO_PKG_HOMEPAGE='https://github.com/sticnarf/tokio-socks' CARGO_PKG_LICENSE=MIT CARGO_PKG_LICENSE_FILE='' CARGO_PKG_NAME=tokio-socks CARGO_PKG_README=README.md CARGO_PKG_REPOSITORY='https://github.com/sticnarf/tokio-socks' CARGO_PKG_RUST_VERSION='' CARGO_PKG_VERSION=0.5.2 CARGO_PKG_VERSION_MAJOR=0 CARGO_PKG_VERSION_MINOR=5 CARGO_PKG_VERSION_PATCH=2 CARGO_PKG_VERSION_PRE='' LD_LIBRARY_PATH='/app/target/cpython-strict/build/primp-0.15.0/target/release/deps:/app/target/cpython-strict/host-tools/rustup/toolchains/nightly-2025-01-18-x86_64-unknown-linux-gnu/lib:/opt/kendryte-toolchain/bin/:' /app/target/cpython-strict/host-tools/rustup/toolchains/nightly-2025-01-18-x86_64-unknown-linux-gnu/bin/rustc --crate-name tokio_socks --edition=2018 /app/target/cpython-strict/host-tools/cargo/registry/src/index.crates.io-1949cf8c6b5b557f/tokio-socks-0.5.2/src/lib.rs --error-format=json --json=diagnostic-rendered-ansi,artifacts,future-incompat --crate-type lib --emit=dep-info,metadata,link -C opt-level=3 -C panic=abort -C linker-plugin-lto -C codegen-units=1 --cfg 'feature="default"' --cfg 'feature="tokio"' --check-cfg 'cfg(docsrs,test)' --check-cfg 'cfg(feature, values("default", "futures-io", "tokio", "tor"))' -C metadata=e7f56c5ba67cc366 -C extra-filename=-c437f5f66af5c6db --out-dir /app/target/cpython-strict/build/primp-0.15.0/target/loongarch64-unknown-linux-musl/release/deps --target loongarch64-unknown-linux-musl -C linker=/app/target/cpython-strict/cross/loongarch64-linux-musl-gcc -C strip=symbols -L dependency=/app/target/cpython-strict/build/primp-0.15.0/target/loongarch64-unknown-linux-musl/release/deps -L dependency=/app/target/cpython-strict/build/primp-0.15.0/target/release/deps --extern either=/app/target/cpython-strict/build/primp-0.15.0/target/loongarch64-unknown-linux-musl/release/deps/libeither-a61b1598ab4db177.rmeta --extern futures_util=/app/target/cpython-strict/build/primp-0.15.0/target/loongarch64-unknown-linux-musl/release/deps/libfutures_util-56480fb66acd07d6.rmeta --extern thiserror=/app/target/cpython-strict/build/primp-0.15.0/target/loongarch64-unknown-linux-musl/release/deps/libthiserror-807fc4d68546c270.rmeta --extern tokio=/app/target/cpython-strict/build/primp-0.15.0/target/loongarch64-unknown-linux-musl/release/deps/libtokio-a9e1076261fd66b2.rmeta --cap-lints warn -C target-feature=-ual -C target-feature=-crt-static`
warning: `tower-layer` (lib) generated 1 warning (1 duplicate)
     Running `CARGO=/app/target/cpython-strict/host-tools/rustup/toolchains/nightly-2025-01-18-x86_64-unknown-linux-gnu/bin/cargo CARGO_CRATE_NAME=thiserror CARGO_MANIFEST_DIR=/app/target/cpython-strict/host-tools/cargo/registry/src/index.crates.io-1949cf8c6b5b557f/thiserror-2.0.12 CARGO_MANIFEST_PATH=/app/target/cpython-strict/host-tools/cargo/registry/src/index.crates.io-1949cf8c6b5b557f/thiserror-2.0.12/Cargo.toml CARGO_PKG_AUTHORS='David Tolnay <dtolnay@gmail.com>' CARGO_PKG_DESCRIPTION='derive(Error)' CARGO_PKG_HOMEPAGE='' CARGO_PKG_LICENSE='MIT OR Apache-2.0' CARGO_PKG_LICENSE_FILE='' CARGO_PKG_NAME=thiserror CARGO_PKG_README=README.md CARGO_PKG_REPOSITORY='https://github.com/dtolnay/thiserror' CARGO_PKG_RUST_VERSION=1.61 CARGO_PKG_VERSION=2.0.12 CARGO_PKG_VERSION_MAJOR=2 CARGO_PKG_VERSION_MINOR=0 CARGO_PKG_VERSION_PATCH=12 CARGO_PKG_VERSION_PRE='' LD_LIBRARY_PATH='/app/target/cpython-strict/build/primp-0.15.0/target/release/deps:/app/target/cpython-strict/host-tools/rustup/toolchains/nightly-2025-01-18-x86_64-unknown-linux-gnu/lib:/opt/kendryte-toolchain/bin/:' OUT_DIR=/app/target/cpython-strict/build/primp-0.15.0/target/loongarch64-unknown-linux-musl/release/build/thiserror-470556d77347c823/out /app/target/cpython-strict/host-tools/rustup/toolchains/nightly-2025-01-18-x86_64-unknown-linux-gnu/bin/rustc --crate-name thiserror --edition=2021 /app/target/cpython-strict/host-tools/cargo/registry/src/index.crates.io-1949cf8c6b5b557f/thiserror-2.0.12/src/lib.rs --error-format=json --json=diagnostic-rendered-ansi,artifacts,future-incompat --crate-type lib --emit=dep-info,metadata,link -C opt-level=3 -C panic=abort -C linker-plugin-lto -C codegen-units=1 --cfg 'feature="default"' --cfg 'feature="std"' --check-cfg 'cfg(docsrs,test)' --check-cfg 'cfg(feature, values("default", "std"))' -C metadata=ac40ae75afcfa4a1 -C extra-filename=-068e37f5dabb756c --out-dir /app/target/cpython-strict/build/primp-0.15.0/target/loongarch64-unknown-linux-musl/release/deps --target loongarch64-unknown-linux-musl -C linker=/app/target/cpython-strict/cross/loongarch64-linux-musl-gcc -C strip=symbols -L dependency=/app/target/cpython-strict/build/primp-0.15.0/target/loongarch64-unknown-linux-musl/release/deps -L dependency=/app/target/cpython-strict/build/primp-0.15.0/target/release/deps --extern thiserror_impl=/app/target/cpython-strict/build/primp-0.15.0/target/release/deps/libthiserror_impl-72d3489b2a217ba6.so --cap-lints warn -C target-feature=-ual -C target-feature=-crt-static --cfg error_generic_member_access --check-cfg 'cfg(error_generic_member_access)' --check-cfg 'cfg(thiserror_nightly_testing)' --check-cfg 'cfg(thiserror_no_backtrace_type)'`
warning: `mime` (lib) generated 1 warning (1 duplicate)
   Compiling webpki-root-certs v0.26.8
     Running `CARGO=/app/target/cpython-strict/host-tools/rustup/toolchains/nightly-2025-01-18-x86_64-unknown-linux-gnu/bin/cargo CARGO_CRATE_NAME=webpki_root_certs CARGO_MANIFEST_DIR=/app/target/cpython-strict/host-tools/cargo/registry/src/index.crates.io-1949cf8c6b5b557f/webpki-root-certs-0.26.8 CARGO_MANIFEST_PATH=/app/target/cpython-strict/host-tools/cargo/registry/src/index.crates.io-1949cf8c6b5b557f/webpki-root-certs-0.26.8/Cargo.toml CARGO_PKG_AUTHORS='' CARGO_PKG_DESCRIPTION='Mozilla trusted certificate authorities in self-signed X.509 format for use with crates other than webpki' CARGO_PKG_HOMEPAGE='https://github.com/rustls/webpki-roots' CARGO_PKG_LICENSE=MPL-2.0 CARGO_PKG_LICENSE_FILE='' CARGO_PKG_NAME=webpki-root-certs CARGO_PKG_README=README.md CARGO_PKG_REPOSITORY='https://github.com/rustls/webpki-roots' CARGO_PKG_RUST_VERSION='' CARGO_PKG_VERSION=0.26.8 CARGO_PKG_VERSION_MAJOR=0 CARGO_PKG_VERSION_MINOR=26 CARGO_PKG_VERSION_PATCH=8 CARGO_PKG_VERSION_PRE='' LD_LIBRARY_PATH='/app/target/cpython-strict/build/primp-0.15.0/target/release/deps:/app/target/cpython-strict/host-tools/rustup/toolchains/nightly-2025-01-18-x86_64-unknown-linux-gnu/lib:/opt/kendryte-toolchain/bin/:' /app/target/cpython-strict/host-tools/rustup/toolchains/nightly-2025-01-18-x86_64-unknown-linux-gnu/bin/rustc --crate-name webpki_root_certs --edition=2018 /app/target/cpython-strict/host-tools/cargo/registry/src/index.crates.io-1949cf8c6b5b557f/webpki-root-certs-0.26.8/src/lib.rs --error-format=json --json=diagnostic-rendered-ansi,artifacts,future-incompat --crate-type lib --emit=dep-info,metadata,link -C opt-level=3 -C panic=abort -C linker-plugin-lto -C codegen-units=1 --check-cfg 'cfg(docsrs,test)' --check-cfg 'cfg(feature, values())' -C metadata=2485ceaffc0124ac -C extra-filename=-e4c8bb18b5c2d201 --out-dir /app/target/cpython-strict/build/primp-0.15.0/target/loongarch64-unknown-linux-musl/release/deps --target loongarch64-unknown-linux-musl -C linker=/app/target/cpython-strict/cross/loongarch64-linux-musl-gcc -C strip=symbols -L dependency=/app/target/cpython-strict/build/primp-0.15.0/target/loongarch64-unknown-linux-musl/release/deps -L dependency=/app/target/cpython-strict/build/primp-0.15.0/target/release/deps --extern pki_types=/app/target/cpython-strict/build/primp-0.15.0/target/loongarch64-unknown-linux-musl/release/deps/librustls_pki_types-af7c3de405660ff9.rmeta --cap-lints warn -C target-feature=-ual -C target-feature=-crt-static`
warning: `brotli` (lib) generated 1 warning (1 duplicate)
   Compiling typed-builder v0.20.1
     Running `CARGO=/app/target/cpython-strict/host-tools/rustup/toolchains/nightly-2025-01-18-x86_64-unknown-linux-gnu/bin/cargo CARGO_CRATE_NAME=typed_builder CARGO_MANIFEST_DIR=/app/target/cpython-strict/host-tools/cargo/registry/src/index.crates.io-1949cf8c6b5b557f/typed-builder-0.20.1 CARGO_MANIFEST_PATH=/app/target/cpython-strict/host-tools/cargo/registry/src/index.crates.io-1949cf8c6b5b557f/typed-builder-0.20.1/Cargo.toml CARGO_PKG_AUTHORS='IdanArye <idanarye@gmail.com>:Chris Morgan <me@chrismorgan.info>' CARGO_PKG_DESCRIPTION='Compile-time type-checked builder derive' CARGO_PKG_HOMEPAGE='' CARGO_PKG_LICENSE='MIT OR Apache-2.0' CARGO_PKG_LICENSE_FILE='' CARGO_PKG_NAME=typed-builder CARGO_PKG_README=README.md CARGO_PKG_REPOSITORY='https://github.com/idanarye/rust-typed-builder' CARGO_PKG_RUST_VERSION='' CARGO_PKG_VERSION=0.20.1 CARGO_PKG_VERSION_MAJOR=0 CARGO_PKG_VERSION_MINOR=20 CARGO_PKG_VERSION_PATCH=1 CARGO_PKG_VERSION_PRE='' LD_LIBRARY_PATH='/app/target/cpython-strict/build/primp-0.15.0/target/release/deps:/app/target/cpython-strict/host-tools/rustup/toolchains/nightly-2025-01-18-x86_64-unknown-linux-gnu/lib:/opt/kendryte-toolchain/bin/:' /app/target/cpython-strict/host-tools/rustup/toolchains/nightly-2025-01-18-x86_64-unknown-linux-gnu/bin/rustc --crate-name typed_builder --edition=2021 /app/target/cpython-strict/host-tools/cargo/registry/src/index.crates.io-1949cf8c6b5b557f/typed-builder-0.20.1/src/lib.rs --error-format=json --json=diagnostic-rendered-ansi,artifacts,future-incompat --crate-type lib --emit=dep-info,metadata,link -C opt-level=3 -C panic=abort -C linker-plugin-lto -C codegen-units=1 --check-cfg 'cfg(docsrs,test)' --check-cfg 'cfg(feature, values())' -C metadata=ac2982fb733c7c36 -C extra-filename=-7681d498334413bc --out-dir /app/target/cpython-strict/build/primp-0.15.0/target/loongarch64-unknown-linux-musl/release/deps --target loongarch64-unknown-linux-musl -C linker=/app/target/cpython-strict/cross/loongarch64-linux-musl-gcc -C strip=symbols -L dependency=/app/target/cpython-strict/build/primp-0.15.0/target/loongarch64-unknown-linux-musl/release/deps -L dependency=/app/target/cpython-strict/build/primp-0.15.0/target/release/deps --extern typed_builder_macro=/app/target/cpython-strict/build/primp-0.15.0/target/release/deps/libtyped_builder_macro-1c2a77c8da820f08.so --cap-lints warn -C target-feature=-ual -C target-feature=-crt-static`
warning: unused return value of `Box::<T>::from_raw` that must be used
   --> /app/target/cpython-strict/host-tools/cargo/registry/src/index.crates.io-1949cf8c6b5b557f/linked-hash-map-0.5.6/src/lib.rs:165:13
    |
165 |             Box::from_raw(cur);
    |             ^^^^^^^^^^^^^^^^^^
    |
    = note: call `drop(Box::from_raw(ptr))` if you intend to drop the `Box`
    = note: `#[warn(unused_must_use)]` on by default
help: use `let _ = ...` to ignore the resulting value
    |
165 |             let _ = Box::from_raw(cur);
    |             +++++++

warning: unused return value of `Box::<T>::from_raw` that must be used
    --> /app/target/cpython-strict/host-tools/cargo/registry/src/index.crates.io-1949cf8c6b5b557f/linked-hash-map-0.5.6/src/lib.rs:1300:17
     |
1300 |                 Box::from_raw(self.tail);
     |                 ^^^^^^^^^^^^^^^^^^^^^^^^
     |
     = note: call `drop(Box::from_raw(ptr))` if you intend to drop the `Box`
help: use `let _ = ...` to ignore the resulting value
     |
1300 |                 let _ = Box::from_raw(self.tail);
     |                 +++++++

warning: `rustls-pki-types` (lib) generated 15 warnings (1 duplicate)
   Compiling html5ever v0.31.0
     Running `CARGO=/app/target/cpython-strict/host-tools/rustup/toolchains/nightly-2025-01-18-x86_64-unknown-linux-gnu/bin/cargo CARGO_CRATE_NAME=html5ever CARGO_MANIFEST_DIR=/app/target/cpython-strict/host-tools/cargo/registry/src/index.crates.io-1949cf8c6b5b557f/html5ever-0.31.0 CARGO_MANIFEST_PATH=/app/target/cpython-strict/host-tools/cargo/registry/src/index.crates.io-1949cf8c6b5b557f/html5ever-0.31.0/Cargo.toml CARGO_PKG_AUTHORS='The html5ever Project Developers' CARGO_PKG_DESCRIPTION='High-performance browser-grade HTML5 parser' CARGO_PKG_HOMEPAGE='' CARGO_PKG_LICENSE='MIT OR Apache-2.0' CARGO_PKG_LICENSE_FILE='' CARGO_PKG_NAME=html5ever CARGO_PKG_README=README.md CARGO_PKG_REPOSITORY='https://github.com/servo/html5ever' CARGO_PKG_RUST_VERSION=1.70.0 CARGO_PKG_VERSION=0.31.0 CARGO_PKG_VERSION_MAJOR=0 CARGO_PKG_VERSION_MINOR=31 CARGO_PKG_VERSION_PATCH=0 CARGO_PKG_VERSION_PRE='' LD_LIBRARY_PATH='/app/target/cpython-strict/build/primp-0.15.0/target/release/deps:/app/target/cpython-strict/host-tools/rustup/toolchains/nightly-2025-01-18-x86_64-unknown-linux-gnu/lib:/opt/kendryte-toolchain/bin/:' /app/target/cpython-strict/host-tools/rustup/toolchains/nightly-2025-01-18-x86_64-unknown-linux-gnu/bin/rustc --crate-name html5ever --edition=2021 /app/target/cpython-strict/host-tools/cargo/registry/src/index.crates.io-1949cf8c6b5b557f/html5ever-0.31.0/src/lib.rs --error-format=json --json=diagnostic-rendered-ansi,artifacts,future-incompat --crate-type lib --emit=dep-info,metadata,link -C opt-level=3 -C panic=abort -C linker-plugin-lto -C codegen-units=1 --check-cfg 'cfg(docsrs,test)' --check-cfg 'cfg(feature, values("trace_tokenizer"))' -C metadata=38982240e5e56d61 -C extra-filename=-4012220ee9d72065 --out-dir /app/target/cpython-strict/build/primp-0.15.0/target/loongarch64-unknown-linux-musl/release/deps --target loongarch64-unknown-linux-musl -C linker=/app/target/cpython-strict/cross/loongarch64-linux-musl-gcc -C strip=symbols -L dependency=/app/target/cpython-strict/build/primp-0.15.0/target/loongarch64-unknown-linux-musl/release/deps -L dependency=/app/target/cpython-strict/build/primp-0.15.0/target/release/deps --extern log=/app/target/cpython-strict/build/primp-0.15.0/target/loongarch64-unknown-linux-musl/release/deps/liblog-98eb0ac78b64de9a.rmeta --extern mac=/app/target/cpython-strict/build/primp-0.15.0/target/loongarch64-unknown-linux-musl/release/deps/libmac-cd56cee1c9f451f6.rmeta --extern markup5ever=/app/target/cpython-strict/build/primp-0.15.0/target/loongarch64-unknown-linux-musl/release/deps/libmarkup5ever-e913f101817fbab3.rmeta --extern match_token=/app/target/cpython-strict/build/primp-0.15.0/target/release/deps/libmatch_token-9f3755337ccd005f.so --cap-lints warn -C target-feature=-ual -C target-feature=-crt-static`
warning: `thiserror` (lib) generated 1 warning (1 duplicate)
   Compiling hyper2 v1.5.5
     Running `CARGO=/app/target/cpython-strict/host-tools/rustup/toolchains/nightly-2025-01-18-x86_64-unknown-linux-gnu/bin/cargo CARGO_CRATE_NAME=hyper2 CARGO_MANIFEST_DIR=/app/target/cpython-strict/host-tools/cargo/registry/src/index.crates.io-1949cf8c6b5b557f/hyper2-1.5.5 CARGO_MANIFEST_PATH=/app/target/cpython-strict/host-tools/cargo/registry/src/index.crates.io-1949cf8c6b5b557f/hyper2-1.5.5/Cargo.toml CARGO_PKG_AUTHORS='0x676e67 <gngppz@gmail.com>' CARGO_PKG_DESCRIPTION='A protective and efficient HTTP library for all.' CARGO_PKG_HOMEPAGE='' CARGO_PKG_LICENSE=MIT CARGO_PKG_LICENSE_FILE='' CARGO_PKG_NAME=hyper2 CARGO_PKG_README=README.md CARGO_PKG_REPOSITORY='https://github.com/penumbra-x/hyper2' CARGO_PKG_RUST_VERSION=1.63 CARGO_PKG_VERSION=1.5.5 CARGO_PKG_VERSION_MAJOR=1 CARGO_PKG_VERSION_MINOR=5 CARGO_PKG_VERSION_PATCH=5 CARGO_PKG_VERSION_PRE='' LD_LIBRARY_PATH='/app/target/cpython-strict/build/primp-0.15.0/target/release/deps:/app/target/cpython-strict/host-tools/rustup/toolchains/nightly-2025-01-18-x86_64-unknown-linux-gnu/lib:/opt/kendryte-toolchain/bin/:' /app/target/cpython-strict/host-tools/rustup/toolchains/nightly-2025-01-18-x86_64-unknown-linux-gnu/bin/rustc --crate-name hyper2 --edition=2021 /app/target/cpython-strict/host-tools/cargo/registry/src/index.crates.io-1949cf8c6b5b557f/hyper2-1.5.5/src/lib.rs --error-format=json --json=diagnostic-rendered-ansi,artifacts,future-incompat --crate-type lib --emit=dep-info,metadata,link -C opt-level=3 -C panic=abort -C linker-plugin-lto -C codegen-units=1 --warn=unexpected_cfgs --check-cfg 'cfg(hyper_unstable_tracing)' --check-cfg 'cfg(hyper_unstable_ffi)' --cfg 'feature="client"' --cfg 'feature="default"' --cfg 'feature="h2"' --cfg 'feature="http1"' --cfg 'feature="http2"' --check-cfg 'cfg(docsrs,test)' --check-cfg 'cfg(feature, values("capi", "client", "default", "ffi", "full", "h2", "http1", "http2", "http2-tracing", "nightly", "server", "tracing"))' -C metadata=3807283499029de5 -C extra-filename=-d8d82dd2598c3df3 --out-dir /app/target/cpython-strict/build/primp-0.15.0/target/loongarch64-unknown-linux-musl/release/deps --target loongarch64-unknown-linux-musl -C linker=/app/target/cpython-strict/cross/loongarch64-linux-musl-gcc -C strip=symbols -L dependency=/app/target/cpython-strict/build/primp-0.15.0/target/loongarch64-unknown-linux-musl/release/deps -L dependency=/app/target/cpython-strict/build/primp-0.15.0/target/release/deps --extern bytes=/app/target/cpython-strict/build/primp-0.15.0/target/loongarch64-unknown-linux-musl/release/deps/libbytes-1ddf7578ed688089.rmeta --extern futures_channel=/app/target/cpython-strict/build/primp-0.15.0/target/loongarch64-unknown-linux-musl/release/deps/libfutures_channel-bb6f3034f0b2e8ee.rmeta --extern futures_util=/app/target/cpython-strict/build/primp-0.15.0/target/loongarch64-unknown-linux-musl/release/deps/libfutures_util-56480fb66acd07d6.rmeta --extern http=/app/target/cpython-strict/build/primp-0.15.0/target/loongarch64-unknown-linux-musl/release/deps/libhttp-b4e6733cf463dcb5.rmeta --extern http_body=/app/target/cpython-strict/build/primp-0.15.0/target/loongarch64-unknown-linux-musl/release/deps/libhttp_body-098692a4b21fd06c.rmeta --extern h2=/app/target/cpython-strict/build/primp-0.15.0/target/loongarch64-unknown-linux-musl/release/deps/libhttp2-ac4289703f53d007.rmeta --extern httparse=/app/target/cpython-strict/build/primp-0.15.0/target/loongarch64-unknown-linux-musl/release/deps/libhttparse-3d6b6b1ce764a295.rmeta --extern itoa=/app/target/cpython-strict/build/primp-0.15.0/target/loongarch64-unknown-linux-musl/release/deps/libitoa-5dae556133d5e013.rmeta --extern pin_project_lite=/app/target/cpython-strict/build/primp-0.15.0/target/loongarch64-unknown-linux-musl/release/deps/libpin_project_lite-50dcae2c8ff1a98e.rmeta --extern smallvec=/app/target/cpython-strict/build/primp-0.15.0/target/loongarch64-unknown-linux-musl/release/deps/libsmallvec-11d62a66e49144d9.rmeta --extern tokio=/app/target/cpython-strict/build/primp-0.15.0/target/loongarch64-unknown-linux-musl/release/deps/libtokio-a9e1076261fd66b2.rmeta --extern want=/app/target/cpython-strict/build/primp-0.15.0/target/loongarch64-unknown-linux-musl/release/deps/libwant-4cc823a8f1b71dba.rmeta --cap-lints warn -C target-feature=-ual -C target-feature=-crt-static`
warning: `webpki-root-certs` (lib) generated 1 warning (1 duplicate)
     Running `CARGO=/app/target/cpython-strict/host-tools/rustup/toolchains/nightly-2025-01-18-x86_64-unknown-linux-gnu/bin/cargo CARGO_CRATE_NAME=mime_guess CARGO_MANIFEST_DIR=/app/target/cpython-strict/host-tools/cargo/registry/src/index.crates.io-1949cf8c6b5b557f/mime_guess-2.0.5 CARGO_MANIFEST_PATH=/app/target/cpython-strict/host-tools/cargo/registry/src/index.crates.io-1949cf8c6b5b557f/mime_guess-2.0.5/Cargo.toml CARGO_PKG_AUTHORS='Austin Bonander <austin.bonander@gmail.com>' CARGO_PKG_DESCRIPTION='A simple crate for detection of a file'\''s MIME type by its extension.' CARGO_PKG_HOMEPAGE='' CARGO_PKG_LICENSE=MIT CARGO_PKG_LICENSE_FILE='' CARGO_PKG_NAME=mime_guess CARGO_PKG_README=README.md CARGO_PKG_REPOSITORY='https://github.com/abonander/mime_guess' CARGO_PKG_RUST_VERSION='' CARGO_PKG_VERSION=2.0.5 CARGO_PKG_VERSION_MAJOR=2 CARGO_PKG_VERSION_MINOR=0 CARGO_PKG_VERSION_PATCH=5 CARGO_PKG_VERSION_PRE='' LD_LIBRARY_PATH='/app/target/cpython-strict/build/primp-0.15.0/target/release/deps:/app/target/cpython-strict/host-tools/rustup/toolchains/nightly-2025-01-18-x86_64-unknown-linux-gnu/lib:/opt/kendryte-toolchain/bin/:' MIME_TYPES_GENERATED_PATH=/app/target/cpython-strict/build/primp-0.15.0/target/loongarch64-unknown-linux-musl/release/build/mime_guess-925311655ac87943/out/mime_types_generated.rs OUT_DIR=/app/target/cpython-strict/build/primp-0.15.0/target/loongarch64-unknown-linux-musl/release/build/mime_guess-925311655ac87943/out /app/target/cpython-strict/host-tools/rustup/toolchains/nightly-2025-01-18-x86_64-unknown-linux-gnu/bin/rustc --crate-name mime_guess --edition=2015 /app/target/cpython-strict/host-tools/cargo/registry/src/index.crates.io-1949cf8c6b5b557f/mime_guess-2.0.5/src/lib.rs --error-format=json --json=diagnostic-rendered-ansi,artifacts,future-incompat --crate-type lib --emit=dep-info,metadata,link -C opt-level=3 -C panic=abort -C linker-plugin-lto -C codegen-units=1 --check-cfg 'cfg(docsrs,test)' --check-cfg 'cfg(feature, values("default", "rev-mappings"))' -C metadata=5b01cec260660299 -C extra-filename=-042880a3870aa83a --out-dir /app/target/cpython-strict/build/primp-0.15.0/target/loongarch64-unknown-linux-musl/release/deps --target loongarch64-unknown-linux-musl -C linker=/app/target/cpython-strict/cross/loongarch64-linux-musl-gcc -C strip=symbols -L dependency=/app/target/cpython-strict/build/primp-0.15.0/target/loongarch64-unknown-linux-musl/release/deps -L dependency=/app/target/cpython-strict/build/primp-0.15.0/target/release/deps --extern mime=/app/target/cpython-strict/build/primp-0.15.0/target/loongarch64-unknown-linux-musl/release/deps/libmime-1151b75447f95fc4.rmeta --extern unicase=/app/target/cpython-strict/build/primp-0.15.0/target/loongarch64-unknown-linux-musl/release/deps/libunicase-e869c2b97d4b8bea.rmeta --cap-lints warn -C target-feature=-ual -C target-feature=-crt-static`
warning: `typed-builder` (lib) generated 1 warning (1 duplicate)
   Compiling cookie_store v0.21.1
     Running `CARGO=/app/target/cpython-strict/host-tools/rustup/toolchains/nightly-2025-01-18-x86_64-unknown-linux-gnu/bin/cargo CARGO_CRATE_NAME=cookie_store CARGO_MANIFEST_DIR=/app/target/cpython-strict/host-tools/cargo/registry/src/index.crates.io-1949cf8c6b5b557f/cookie_store-0.21.1 CARGO_MANIFEST_PATH=/app/target/cpython-strict/host-tools/cargo/registry/src/index.crates.io-1949cf8c6b5b557f/cookie_store-0.21.1/Cargo.toml CARGO_PKG_AUTHORS='Patrick Fernie <patrick.fernie@gmail.com>' CARGO_PKG_DESCRIPTION='Implementation of Cookie storage and retrieval' CARGO_PKG_HOMEPAGE='' CARGO_PKG_LICENSE='MIT OR Apache-2.0' CARGO_PKG_LICENSE_FILE='' CARGO_PKG_NAME=cookie_store CARGO_PKG_README=README.md CARGO_PKG_REPOSITORY='https://github.com/pfernie/cookie_store' CARGO_PKG_RUST_VERSION=1.63.0 CARGO_PKG_VERSION=0.21.1 CARGO_PKG_VERSION_MAJOR=0 CARGO_PKG_VERSION_MINOR=21 CARGO_PKG_VERSION_PATCH=1 CARGO_PKG_VERSION_PRE='' LD_LIBRARY_PATH='/app/target/cpython-strict/build/primp-0.15.0/target/release/deps:/app/target/cpython-strict/host-tools/rustup/toolchains/nightly-2025-01-18-x86_64-unknown-linux-gnu/lib:/opt/kendryte-toolchain/bin/:' /app/target/cpython-strict/host-tools/rustup/toolchains/nightly-2025-01-18-x86_64-unknown-linux-gnu/bin/rustc --crate-name cookie_store --edition=2021 /app/target/cpython-strict/host-tools/cargo/registry/src/index.crates.io-1949cf8c6b5b557f/cookie_store-0.21.1/src/lib.rs --error-format=json --json=diagnostic-rendered-ansi,artifacts,future-incompat --crate-type lib --emit=dep-info,metadata,link -C opt-level=3 -C panic=abort -C linker-plugin-lto -C codegen-units=1 --cfg 'feature="default"' --cfg 'feature="public_suffix"' --cfg 'feature="serde"' --cfg 'feature="serde_json"' --check-cfg 'cfg(docsrs,test)' --check-cfg 'cfg(feature, values("default", "log_secure_cookie_values", "preserve_order", "public_suffix", "serde", "serde_json", "serde_ron", "wasm-bindgen"))' -C metadata=eab140dc78b14bb9 -C extra-filename=-5d5468cdf2f78cd4 --out-dir /app/target/cpython-strict/build/primp-0.15.0/target/loongarch64-unknown-linux-musl/release/deps --target loongarch64-unknown-linux-musl -C linker=/app/target/cpython-strict/cross/loongarch64-linux-musl-gcc -C strip=symbols -L dependency=/app/target/cpython-strict/build/primp-0.15.0/target/loongarch64-unknown-linux-musl/release/deps -L dependency=/app/target/cpython-strict/build/primp-0.15.0/target/release/deps --extern cookie=/app/target/cpython-strict/build/primp-0.15.0/target/loongarch64-unknown-linux-musl/release/deps/libcookie-e4e9b34f679dab02.rmeta --extern document_features=/app/target/cpython-strict/build/primp-0.15.0/target/release/deps/libdocument_features-2d582365afe43c95.so --extern idna=/app/target/cpython-strict/build/primp-0.15.0/target/loongarch64-unknown-linux-musl/release/deps/libidna-f6992c1f18aee4ab.rmeta --extern log=/app/target/cpython-strict/build/primp-0.15.0/target/loongarch64-unknown-linux-musl/release/deps/liblog-98eb0ac78b64de9a.rmeta --extern publicsuffix=/app/target/cpython-strict/build/primp-0.15.0/target/loongarch64-unknown-linux-musl/release/deps/libpublicsuffix-5f8d4f250ea04247.rmeta --extern serde=/app/target/cpython-strict/build/primp-0.15.0/target/loongarch64-unknown-linux-musl/release/deps/libserde-42659d74a8c85009.rmeta --extern serde_derive=/app/target/cpython-strict/build/primp-0.15.0/target/release/deps/libserde_derive-0fba17b3540eb3e3.so --extern serde_json=/app/target/cpython-strict/build/primp-0.15.0/target/loongarch64-unknown-linux-musl/release/deps/libserde_json-1346b9d3ad8901dc.rmeta --extern time=/app/target/cpython-strict/build/primp-0.15.0/target/loongarch64-unknown-linux-musl/release/deps/libtime-a58156efd23d8f2a.rmeta --extern url=/app/target/cpython-strict/build/primp-0.15.0/target/loongarch64-unknown-linux-musl/release/deps/liburl-32c77a4f76a664af.rmeta --cap-lints warn -C target-feature=-ual -C target-feature=-crt-static`
warning: `linked-hash-map` (lib) generated 3 warnings (1 duplicate)
   Compiling linked_hash_set v0.1.5
     Running `CARGO=/app/target/cpython-strict/host-tools/rustup/toolchains/nightly-2025-01-18-x86_64-unknown-linux-gnu/bin/cargo CARGO_CRATE_NAME=linked_hash_set CARGO_MANIFEST_DIR=/app/target/cpython-strict/host-tools/cargo/registry/src/index.crates.io-1949cf8c6b5b557f/linked_hash_set-0.1.5 CARGO_MANIFEST_PATH=/app/target/cpython-strict/host-tools/cargo/registry/src/index.crates.io-1949cf8c6b5b557f/linked_hash_set-0.1.5/Cargo.toml CARGO_PKG_AUTHORS='Alex Butler <alexheretic@gmail.com>' CARGO_PKG_DESCRIPTION='HashSet with insertion ordering' CARGO_PKG_HOMEPAGE='' CARGO_PKG_LICENSE=Apache-2.0 CARGO_PKG_LICENSE_FILE='' CARGO_PKG_NAME=linked_hash_set CARGO_PKG_README=README.md CARGO_PKG_REPOSITORY='https://github.com/alexheretic/linked-hash-set' CARGO_PKG_RUST_VERSION='' CARGO_PKG_VERSION=0.1.5 CARGO_PKG_VERSION_MAJOR=0 CARGO_PKG_VERSION_MINOR=1 CARGO_PKG_VERSION_PATCH=5 CARGO_PKG_VERSION_PRE='' LD_LIBRARY_PATH='/app/target/cpython-strict/build/primp-0.15.0/target/release/deps:/app/target/cpython-strict/host-tools/rustup/toolchains/nightly-2025-01-18-x86_64-unknown-linux-gnu/lib:/opt/kendryte-toolchain/bin/:' /app/target/cpython-strict/host-tools/rustup/toolchains/nightly-2025-01-18-x86_64-unknown-linux-gnu/bin/rustc --crate-name linked_hash_set --edition=2021 /app/target/cpython-strict/host-tools/cargo/registry/src/index.crates.io-1949cf8c6b5b557f/linked_hash_set-0.1.5/src/lib.rs --error-format=json --json=diagnostic-rendered-ansi,artifacts,future-incompat --crate-type lib --emit=dep-info,metadata,link -C opt-level=3 -C panic=abort -C linker-plugin-lto -C codegen-units=1 --check-cfg 'cfg(docsrs,test)' --check-cfg 'cfg(feature, values("serde"))' -C metadata=61ee8746c0d122c4 -C extra-filename=-9beb5fcafae10411 --out-dir /app/target/cpython-strict/build/primp-0.15.0/target/loongarch64-unknown-linux-musl/release/deps --target loongarch64-unknown-linux-musl -C linker=/app/target/cpython-strict/cross/loongarch64-linux-musl-gcc -C strip=symbols -L dependency=/app/target/cpython-strict/build/primp-0.15.0/target/loongarch64-unknown-linux-musl/release/deps -L dependency=/app/target/cpython-strict/build/primp-0.15.0/target/release/deps --extern linked_hash_map=/app/target/cpython-strict/build/primp-0.15.0/target/loongarch64-unknown-linux-musl/release/deps/liblinked_hash_map-193b83d825ad032c.rmeta --cap-lints warn -C target-feature=-ual -C target-feature=-crt-static`
warning: unexpected `cfg` condition value: `phf`
  --> /app/target/cpython-strict/host-tools/cargo/registry/src/index.crates.io-1949cf8c6b5b557f/mime_guess-2.0.5/src/lib.rs:32:7
   |
32 | #[cfg(feature = "phf")]
   |       ^^^^^^^^^^^^^^^
   |
   = note: expected values for `feature` are: `default` and `rev-mappings`
   = help: consider adding `phf` as a feature in `Cargo.toml`
   = note: see <https://doc.rust-lang.org/nightly/rustc/check-cfg/cargo-specifics.html> for more information about checking conditional configuration
   = note: `#[warn(unexpected_cfgs)]` on by default

warning: unexpected `cfg` condition value: `phf`
  --> /app/target/cpython-strict/host-tools/cargo/registry/src/index.crates.io-1949cf8c6b5b557f/mime_guess-2.0.5/src/lib.rs:36:11
   |
36 | #[cfg(not(feature = "phf"))]
   |           ^^^^^^^^^^^^^^^
   |
   = note: expected values for `feature` are: `default` and `rev-mappings`
   = help: consider adding `phf` as a feature in `Cargo.toml`
   = note: see <https://doc.rust-lang.org/nightly/rustc/check-cfg/cargo-specifics.html> for more information about checking conditional configuration

warning: `unicase` (lib) generated 1 warning (1 duplicate)
   Compiling rand_chacha v0.9.0
     Running `CARGO=/app/target/cpython-strict/host-tools/rustup/toolchains/nightly-2025-01-18-x86_64-unknown-linux-gnu/bin/cargo CARGO_CRATE_NAME=rand_chacha CARGO_MANIFEST_DIR=/app/target/cpython-strict/host-tools/cargo/registry/src/index.crates.io-1949cf8c6b5b557f/rand_chacha-0.9.0 CARGO_MANIFEST_PATH=/app/target/cpython-strict/host-tools/cargo/registry/src/index.crates.io-1949cf8c6b5b557f/rand_chacha-0.9.0/Cargo.toml CARGO_PKG_AUTHORS='The Rand Project Developers:The Rust Project Developers:The CryptoCorrosion Contributors' CARGO_PKG_DESCRIPTION='ChaCha random number generator
' CARGO_PKG_HOMEPAGE='https://rust-random.github.io/book' CARGO_PKG_LICENSE='MIT OR Apache-2.0' CARGO_PKG_LICENSE_FILE='' CARGO_PKG_NAME=rand_chacha CARGO_PKG_README=README.md CARGO_PKG_REPOSITORY='https://github.com/rust-random/rand' CARGO_PKG_RUST_VERSION=1.63 CARGO_PKG_VERSION=0.9.0 CARGO_PKG_VERSION_MAJOR=0 CARGO_PKG_VERSION_MINOR=9 CARGO_PKG_VERSION_PATCH=0 CARGO_PKG_VERSION_PRE='' LD_LIBRARY_PATH='/app/target/cpython-strict/build/primp-0.15.0/target/release/deps:/app/target/cpython-strict/host-tools/rustup/toolchains/nightly-2025-01-18-x86_64-unknown-linux-gnu/lib:/opt/kendryte-toolchain/bin/:' /app/target/cpython-strict/host-tools/rustup/toolchains/nightly-2025-01-18-x86_64-unknown-linux-gnu/bin/rustc --crate-name rand_chacha --edition=2021 /app/target/cpython-strict/host-tools/cargo/registry/src/index.crates.io-1949cf8c6b5b557f/rand_chacha-0.9.0/src/lib.rs --error-format=json --json=diagnostic-rendered-ansi,artifacts,future-incompat --crate-type lib --emit=dep-info,metadata,link -C opt-level=3 -C panic=abort -C linker-plugin-lto -C codegen-units=1 --cfg 'feature="std"' --check-cfg 'cfg(docsrs,test)' --check-cfg 'cfg(feature, values("default", "os_rng", "serde", "std"))' -C metadata=dd14767e953f8512 -C extra-filename=-c182b37a4beee062 --out-dir /app/target/cpython-strict/build/primp-0.15.0/target/loongarch64-unknown-linux-musl/release/deps --target loongarch64-unknown-linux-musl -C linker=/app/target/cpython-strict/cross/loongarch64-linux-musl-gcc -C strip=symbols -L dependency=/app/target/cpython-strict/build/primp-0.15.0/target/loongarch64-unknown-linux-musl/release/deps -L dependency=/app/target/cpython-strict/build/primp-0.15.0/target/release/deps --extern ppv_lite86=/app/target/cpython-strict/build/primp-0.15.0/target/loongarch64-unknown-linux-musl/release/deps/libppv_lite86-ef34f01bf20c5ced.rmeta --extern rand_core=/app/target/cpython-strict/build/primp-0.15.0/target/loongarch64-unknown-linux-musl/release/deps/librand_core-e7b02113325f6c95.rmeta --cap-lints warn -C target-feature=-ual -C target-feature=-crt-static`
warning: `linked_hash_set` (lib) generated 1 warning (1 duplicate)
   Compiling http-body-util v0.1.3
     Running `CARGO=/app/target/cpython-strict/host-tools/rustup/toolchains/nightly-2025-01-18-x86_64-unknown-linux-gnu/bin/cargo CARGO_CRATE_NAME=http_body_util CARGO_MANIFEST_DIR=/app/target/cpython-strict/host-tools/cargo/registry/src/index.crates.io-1949cf8c6b5b557f/http-body-util-0.1.3 CARGO_MANIFEST_PATH=/app/target/cpython-strict/host-tools/cargo/registry/src/index.crates.io-1949cf8c6b5b557f/http-body-util-0.1.3/Cargo.toml CARGO_PKG_AUTHORS='Carl Lerche <me@carllerche.com>:Lucio Franco <luciofranco14@gmail.com>:Sean McArthur <sean@seanmonstar.com>' CARGO_PKG_DESCRIPTION='Combinators and adapters for HTTP request or response bodies.
' CARGO_PKG_HOMEPAGE='' CARGO_PKG_LICENSE=MIT CARGO_PKG_LICENSE_FILE='' CARGO_PKG_NAME=http-body-util CARGO_PKG_README=README.md CARGO_PKG_REPOSITORY='https://github.com/hyperium/http-body' CARGO_PKG_RUST_VERSION=1.61 CARGO_PKG_VERSION=0.1.3 CARGO_PKG_VERSION_MAJOR=0 CARGO_PKG_VERSION_MINOR=1 CARGO_PKG_VERSION_PATCH=3 CARGO_PKG_VERSION_PRE='' LD_LIBRARY_PATH='/app/target/cpython-strict/build/primp-0.15.0/target/release/deps:/app/target/cpython-strict/host-tools/rustup/toolchains/nightly-2025-01-18-x86_64-unknown-linux-gnu/lib:/opt/kendryte-toolchain/bin/:' /app/target/cpython-strict/host-tools/rustup/toolchains/nightly-2025-01-18-x86_64-unknown-linux-gnu/bin/rustc --crate-name http_body_util --edition=2018 /app/target/cpython-strict/host-tools/cargo/registry/src/index.crates.io-1949cf8c6b5b557f/http-body-util-0.1.3/src/lib.rs --error-format=json --json=diagnostic-rendered-ansi,artifacts,future-incompat --crate-type lib --emit=dep-info,metadata,link -C opt-level=3 -C panic=abort -C linker-plugin-lto -C codegen-units=1 --cfg 'feature="default"' --check-cfg 'cfg(docsrs,test)' --check-cfg 'cfg(feature, values("channel", "default", "full"))' -C metadata=d5fce077a3f75232 -C extra-filename=-d80eebc480be6b95 --out-dir /app/target/cpython-strict/build/primp-0.15.0/target/loongarch64-unknown-linux-musl/release/deps --target loongarch64-unknown-linux-musl -C linker=/app/target/cpython-strict/cross/loongarch64-linux-musl-gcc -C strip=symbols -L dependency=/app/target/cpython-strict/build/primp-0.15.0/target/loongarch64-unknown-linux-musl/release/deps -L dependency=/app/target/cpython-strict/build/primp-0.15.0/target/release/deps --extern bytes=/app/target/cpython-strict/build/primp-0.15.0/target/loongarch64-unknown-linux-musl/release/deps/libbytes-1ddf7578ed688089.rmeta --extern futures_core=/app/target/cpython-strict/build/primp-0.15.0/target/loongarch64-unknown-linux-musl/release/deps/libfutures_core-daefa865b4c0a4f1.rmeta --extern http=/app/target/cpython-strict/build/primp-0.15.0/target/loongarch64-unknown-linux-musl/release/deps/libhttp-b4e6733cf463dcb5.rmeta --extern http_body=/app/target/cpython-strict/build/primp-0.15.0/target/loongarch64-unknown-linux-musl/release/deps/libhttp_body-098692a4b21fd06c.rmeta --extern pin_project_lite=/app/target/cpython-strict/build/primp-0.15.0/target/loongarch64-unknown-linux-musl/release/deps/libpin_project_lite-50dcae2c8ff1a98e.rmeta --cap-lints warn -C target-feature=-ual -C target-feature=-crt-static`
warning: method `into_url` is never used
 --> /app/target/cpython-strict/host-tools/cargo/registry/src/index.crates.io-1949cf8c6b5b557f/cookie_store-0.21.1/src/utils.rs:6:8
  |
5 | pub trait IntoUrl {
  |           ------- method in this trait
6 |     fn into_url(self) -> Result<Url, UrlError>;
  |        ^^^^^^^^
  |
  = note: `#[warn(dead_code)]` on by default

warning: `tower` (lib) generated 1 warning (1 duplicate)
   Compiling serde_urlencoded v0.7.1
     Running `CARGO=/app/target/cpython-strict/host-tools/rustup/toolchains/nightly-2025-01-18-x86_64-unknown-linux-gnu/bin/cargo CARGO_CRATE_NAME=serde_urlencoded CARGO_MANIFEST_DIR=/app/target/cpython-strict/host-tools/cargo/registry/src/index.crates.io-1949cf8c6b5b557f/serde_urlencoded-0.7.1 CARGO_MANIFEST_PATH=/app/target/cpython-strict/host-tools/cargo/registry/src/index.crates.io-1949cf8c6b5b557f/serde_urlencoded-0.7.1/Cargo.toml CARGO_PKG_AUTHORS='Anthony Ramine <n.oxyde@gmail.com>' CARGO_PKG_DESCRIPTION='`x-www-form-urlencoded` meets Serde' CARGO_PKG_HOMEPAGE='' CARGO_PKG_LICENSE=MIT/Apache-2.0 CARGO_PKG_LICENSE_FILE='' CARGO_PKG_NAME=serde_urlencoded CARGO_PKG_README=README.md CARGO_PKG_REPOSITORY='https://github.com/nox/serde_urlencoded' CARGO_PKG_RUST_VERSION='' CARGO_PKG_VERSION=0.7.1 CARGO_PKG_VERSION_MAJOR=0 CARGO_PKG_VERSION_MINOR=7 CARGO_PKG_VERSION_PATCH=1 CARGO_PKG_VERSION_PRE='' LD_LIBRARY_PATH='/app/target/cpython-strict/build/primp-0.15.0/target/release/deps:/app/target/cpython-strict/host-tools/rustup/toolchains/nightly-2025-01-18-x86_64-unknown-linux-gnu/lib:/opt/kendryte-toolchain/bin/:' /app/target/cpython-strict/host-tools/rustup/toolchains/nightly-2025-01-18-x86_64-unknown-linux-gnu/bin/rustc --crate-name serde_urlencoded --edition=2018 /app/target/cpython-strict/host-tools/cargo/registry/src/index.crates.io-1949cf8c6b5b557f/serde_urlencoded-0.7.1/src/lib.rs --error-format=json --json=diagnostic-rendered-ansi,artifacts,future-incompat --crate-type lib --emit=dep-info,metadata,link -C opt-level=3 -C panic=abort -C linker-plugin-lto -C codegen-units=1 --check-cfg 'cfg(docsrs,test)' --check-cfg 'cfg(feature, values())' -C metadata=f91e7735f9538af4 -C extra-filename=-17164fc43cf541e9 --out-dir /app/target/cpython-strict/build/primp-0.15.0/target/loongarch64-unknown-linux-musl/release/deps --target loongarch64-unknown-linux-musl -C linker=/app/target/cpython-strict/cross/loongarch64-linux-musl-gcc -C strip=symbols -L dependency=/app/target/cpython-strict/build/primp-0.15.0/target/loongarch64-unknown-linux-musl/release/deps -L dependency=/app/target/cpython-strict/build/primp-0.15.0/target/release/deps --extern form_urlencoded=/app/target/cpython-strict/build/primp-0.15.0/target/loongarch64-unknown-linux-musl/release/deps/libform_urlencoded-da9a544d290d9383.rmeta --extern itoa=/app/target/cpython-strict/build/primp-0.15.0/target/loongarch64-unknown-linux-musl/release/deps/libitoa-5dae556133d5e013.rmeta --extern ryu=/app/target/cpython-strict/build/primp-0.15.0/target/loongarch64-unknown-linux-musl/release/deps/libryu-6ec04600ff24461a.rmeta --extern serde=/app/target/cpython-strict/build/primp-0.15.0/target/loongarch64-unknown-linux-musl/release/deps/libserde-42659d74a8c85009.rmeta --cap-lints warn -C target-feature=-ual -C target-feature=-crt-static`
warning: `tokio-socks` (lib) generated 1 warning (1 duplicate)
   Compiling tracing-core v0.1.33
     Running `CARGO=/app/target/cpython-strict/host-tools/rustup/toolchains/nightly-2025-01-18-x86_64-unknown-linux-gnu/bin/cargo CARGO_CRATE_NAME=tracing_core CARGO_MANIFEST_DIR=/app/target/cpython-strict/host-tools/cargo/registry/src/index.crates.io-1949cf8c6b5b557f/tracing-core-0.1.33 CARGO_MANIFEST_PATH=/app/target/cpython-strict/host-tools/cargo/registry/src/index.crates.io-1949cf8c6b5b557f/tracing-core-0.1.33/Cargo.toml CARGO_PKG_AUTHORS='Tokio Contributors <team@tokio.rs>' CARGO_PKG_DESCRIPTION='Core primitives for application-level tracing.
' CARGO_PKG_HOMEPAGE='https://tokio.rs' CARGO_PKG_LICENSE=MIT CARGO_PKG_LICENSE_FILE='' CARGO_PKG_NAME=tracing-core CARGO_PKG_README=README.md CARGO_PKG_REPOSITORY='https://github.com/tokio-rs/tracing' CARGO_PKG_RUST_VERSION=1.63.0 CARGO_PKG_VERSION=0.1.33 CARGO_PKG_VERSION_MAJOR=0 CARGO_PKG_VERSION_MINOR=1 CARGO_PKG_VERSION_PATCH=33 CARGO_PKG_VERSION_PRE='' LD_LIBRARY_PATH='/app/target/cpython-strict/build/primp-0.15.0/target/release/deps:/app/target/cpython-strict/host-tools/rustup/toolchains/nightly-2025-01-18-x86_64-unknown-linux-gnu/lib:/opt/kendryte-toolchain/bin/:' /app/target/cpython-strict/host-tools/rustup/toolchains/nightly-2025-01-18-x86_64-unknown-linux-gnu/bin/rustc --crate-name tracing_core --edition=2018 /app/target/cpython-strict/host-tools/cargo/registry/src/index.crates.io-1949cf8c6b5b557f/tracing-core-0.1.33/src/lib.rs --error-format=json --json=diagnostic-rendered-ansi,artifacts,future-incompat --crate-type lib --emit=dep-info,metadata,link -C opt-level=3 -C panic=abort -C linker-plugin-lto -C codegen-units=1 --warn=unexpected_cfgs --check-cfg 'cfg(flaky_tests)' --check-cfg 'cfg(tracing_unstable)' --cfg 'feature="once_cell"' --cfg 'feature="std"' --check-cfg 'cfg(docsrs,test)' --check-cfg 'cfg(feature, values("default", "once_cell", "std", "valuable"))' -C metadata=2530f405bc198816 -C extra-filename=-f42565df852f93ae --out-dir /app/target/cpython-strict/build/primp-0.15.0/target/loongarch64-unknown-linux-musl/release/deps --target loongarch64-unknown-linux-musl -C linker=/app/target/cpython-strict/cross/loongarch64-linux-musl-gcc -C strip=symbols -L dependency=/app/target/cpython-strict/build/primp-0.15.0/target/loongarch64-unknown-linux-musl/release/deps -L dependency=/app/target/cpython-strict/build/primp-0.15.0/target/release/deps --extern once_cell=/app/target/cpython-strict/build/primp-0.15.0/target/loongarch64-unknown-linux-musl/release/deps/libonce_cell-3b243e42074b5c38.rmeta --cap-lints warn -C target-feature=-ual -C target-feature=-crt-static`
warning: `mime_guess` (lib) generated 3 warnings (1 duplicate)
   Compiling tracing-attributes v0.1.28
     Running `CARGO=/app/target/cpython-strict/host-tools/rustup/toolchains/nightly-2025-01-18-x86_64-unknown-linux-gnu/bin/cargo CARGO_CRATE_NAME=tracing_attributes CARGO_MANIFEST_DIR=/app/target/cpython-strict/host-tools/cargo/registry/src/index.crates.io-1949cf8c6b5b557f/tracing-attributes-0.1.28 CARGO_MANIFEST_PATH=/app/target/cpython-strict/host-tools/cargo/registry/src/index.crates.io-1949cf8c6b5b557f/tracing-attributes-0.1.28/Cargo.toml CARGO_PKG_AUTHORS='Tokio Contributors <team@tokio.rs>:Eliza Weisman <eliza@buoyant.io>:David Barsky <dbarsky@amazon.com>' CARGO_PKG_DESCRIPTION='Procedural macro attributes for automatically instrumenting functions.
' CARGO_PKG_HOMEPAGE='https://tokio.rs' CARGO_PKG_LICENSE=MIT CARGO_PKG_LICENSE_FILE='' CARGO_PKG_NAME=tracing-attributes CARGO_PKG_README=README.md CARGO_PKG_REPOSITORY='https://github.com/tokio-rs/tracing' CARGO_PKG_RUST_VERSION=1.63.0 CARGO_PKG_VERSION=0.1.28 CARGO_PKG_VERSION_MAJOR=0 CARGO_PKG_VERSION_MINOR=1 CARGO_PKG_VERSION_PATCH=28 CARGO_PKG_VERSION_PRE='' LD_LIBRARY_PATH='/app/target/cpython-strict/build/primp-0.15.0/target/release/deps:/app/target/cpython-strict/host-tools/rustup/toolchains/nightly-2025-01-18-x86_64-unknown-linux-gnu/lib:/opt/kendryte-toolchain/bin/:' /app/target/cpython-strict/host-tools/rustup/toolchains/nightly-2025-01-18-x86_64-unknown-linux-gnu/bin/rustc --crate-name tracing_attributes --edition=2018 /app/target/cpython-strict/host-tools/cargo/registry/src/index.crates.io-1949cf8c6b5b557f/tracing-attributes-0.1.28/src/lib.rs --error-format=json --json=diagnostic-rendered-ansi,artifacts,future-incompat --crate-type proc-macro --emit=dep-info,link -C prefer-dynamic -C embed-bitcode=no --warn=unexpected_cfgs --check-cfg 'cfg(flaky_tests)' --check-cfg 'cfg(tracing_unstable)' -C debug-assertions=off --check-cfg 'cfg(docsrs,test)' --check-cfg 'cfg(feature, values("async-await"))' -C metadata=e5c0d38705b2992d -C extra-filename=-dd8905b58b58613b --out-dir /app/target/cpython-strict/build/primp-0.15.0/target/release/deps -C strip=symbols -L dependency=/app/target/cpython-strict/build/primp-0.15.0/target/release/deps --extern proc_macro2=/app/target/cpython-strict/build/primp-0.15.0/target/release/deps/libproc_macro2-9db364b059323b41.rlib --extern quote=/app/target/cpython-strict/build/primp-0.15.0/target/release/deps/libquote-430fd29c5f10253f.rlib --extern syn=/app/target/cpython-strict/build/primp-0.15.0/target/release/deps/libsyn-4f64c6980b94321d.rlib --extern proc_macro --cap-lints warn`
warning: use of deprecated method `std::error::Error::description`: use the Display impl or to_string()
  --> /app/target/cpython-strict/host-tools/cargo/registry/src/index.crates.io-1949cf8c6b5b557f/serde_urlencoded-0.7.1/src/ser/mod.rs:80:51
   |
80 |             Error::Utf8(ref err) => error::Error::description(err),
   |                                                   ^^^^^^^^^^^
   |
   = note: `#[warn(deprecated)]` on by default

warning: method `sleep_until` is never used
  --> /app/target/cpython-strict/host-tools/cargo/registry/src/index.crates.io-1949cf8c6b5b557f/hyper2-1.5.5/src/common/time.rs:44:19
   |
32 | impl Time {
   | --------- method in this implementation
...
44 |     pub(crate) fn sleep_until(&self, deadline: Instant) -> Pin<Box<dyn Sleep>> {
   |                   ^^^^^^^^^^^
   |
   = note: `#[warn(dead_code)]` on by default

warning: `rand_chacha` (lib) generated 1 warning (1 duplicate)
   Compiling encoding_rs v0.8.35
     Running `CARGO=/app/target/cpython-strict/host-tools/rustup/toolchains/nightly-2025-01-18-x86_64-unknown-linux-gnu/bin/cargo CARGO_CRATE_NAME=encoding_rs CARGO_MANIFEST_DIR=/app/target/cpython-strict/host-tools/cargo/registry/src/index.crates.io-1949cf8c6b5b557f/encoding_rs-0.8.35 CARGO_MANIFEST_PATH=/app/target/cpython-strict/host-tools/cargo/registry/src/index.crates.io-1949cf8c6b5b557f/encoding_rs-0.8.35/Cargo.toml CARGO_PKG_AUTHORS='Henri Sivonen <hsivonen@hsivonen.fi>' CARGO_PKG_DESCRIPTION='A Gecko-oriented implementation of the Encoding Standard' CARGO_PKG_HOMEPAGE='https://docs.rs/encoding_rs/' CARGO_PKG_LICENSE='(Apache-2.0 OR MIT) AND BSD-3-Clause' CARGO_PKG_LICENSE_FILE='' CARGO_PKG_NAME=encoding_rs CARGO_PKG_README=README.md CARGO_PKG_REPOSITORY='https://github.com/hsivonen/encoding_rs' CARGO_PKG_RUST_VERSION=1.36 CARGO_PKG_VERSION=0.8.35 CARGO_PKG_VERSION_MAJOR=0 CARGO_PKG_VERSION_MINOR=8 CARGO_PKG_VERSION_PATCH=35 CARGO_PKG_VERSION_PRE='' LD_LIBRARY_PATH='/app/target/cpython-strict/build/primp-0.15.0/target/release/deps:/app/target/cpython-strict/host-tools/rustup/toolchains/nightly-2025-01-18-x86_64-unknown-linux-gnu/lib:/opt/kendryte-toolchain/bin/:' /app/target/cpython-strict/host-tools/rustup/toolchains/nightly-2025-01-18-x86_64-unknown-linux-gnu/bin/rustc --crate-name encoding_rs --edition=2018 /app/target/cpython-strict/host-tools/cargo/registry/src/index.crates.io-1949cf8c6b5b557f/encoding_rs-0.8.35/src/lib.rs --error-format=json --json=diagnostic-rendered-ansi,artifacts,future-incompat --crate-type lib --emit=dep-info,metadata,link -C opt-level=3 -C panic=abort -C linker-plugin-lto -C codegen-units=1 --cfg 'feature="alloc"' --cfg 'feature="default"' --check-cfg 'cfg(docsrs,test)' --check-cfg 'cfg(feature, values("alloc", "any_all_workaround", "default", "fast-big5-hanzi-encode", "fast-gb-hanzi-encode", "fast-hangul-encode", "fast-hanja-encode", "fast-kanji-encode", "fast-legacy-encode", "less-slow-big5-hanzi-encode", "less-slow-gb-hanzi-encode", "less-slow-kanji-encode", "serde", "simd-accel"))' -C metadata=f9e8a2eb786a14b6 -C extra-filename=-f87a61cc81a9b692 --out-dir /app/target/cpython-strict/build/primp-0.15.0/target/loongarch64-unknown-linux-musl/release/deps --target loongarch64-unknown-linux-musl -C linker=/app/target/cpython-strict/cross/loongarch64-linux-musl-gcc -C strip=symbols -L dependency=/app/target/cpython-strict/build/primp-0.15.0/target/loongarch64-unknown-linux-musl/release/deps -L dependency=/app/target/cpython-strict/build/primp-0.15.0/target/release/deps --extern cfg_if=/app/target/cpython-strict/build/primp-0.15.0/target/loongarch64-unknown-linux-musl/release/deps/libcfg_if-9a56164e255f8351.rmeta --cap-lints warn -C target-feature=-ual -C target-feature=-crt-static`
warning: `http-body-util` (lib) generated 1 warning (1 duplicate)
   Compiling unicode-width v0.2.0
     Running `CARGO=/app/target/cpython-strict/host-tools/rustup/toolchains/nightly-2025-01-18-x86_64-unknown-linux-gnu/bin/cargo CARGO_CRATE_NAME=unicode_width CARGO_MANIFEST_DIR=/app/target/cpython-strict/host-tools/cargo/registry/src/index.crates.io-1949cf8c6b5b557f/unicode-width-0.2.0 CARGO_MANIFEST_PATH=/app/target/cpython-strict/host-tools/cargo/registry/src/index.crates.io-1949cf8c6b5b557f/unicode-width-0.2.0/Cargo.toml CARGO_PKG_AUTHORS='kwantam <kwantam@gmail.com>:Manish Goregaokar <manishsmail@gmail.com>' CARGO_PKG_DESCRIPTION='Determine displayed width of `char` and `str` types
according to Unicode Standard Annex #11 rules.
' CARGO_PKG_HOMEPAGE='https://github.com/unicode-rs/unicode-width' CARGO_PKG_LICENSE='MIT OR Apache-2.0' CARGO_PKG_LICENSE_FILE='' CARGO_PKG_NAME=unicode-width CARGO_PKG_README=README.md CARGO_PKG_REPOSITORY='https://github.com/unicode-rs/unicode-width' CARGO_PKG_RUST_VERSION='' CARGO_PKG_VERSION=0.2.0 CARGO_PKG_VERSION_MAJOR=0 CARGO_PKG_VERSION_MINOR=2 CARGO_PKG_VERSION_PATCH=0 CARGO_PKG_VERSION_PRE='' LD_LIBRARY_PATH='/app/target/cpython-strict/build/primp-0.15.0/target/release/deps:/app/target/cpython-strict/host-tools/rustup/toolchains/nightly-2025-01-18-x86_64-unknown-linux-gnu/lib:/opt/kendryte-toolchain/bin/:' /app/target/cpython-strict/host-tools/rustup/toolchains/nightly-2025-01-18-x86_64-unknown-linux-gnu/bin/rustc --crate-name unicode_width --edition=2021 /app/target/cpython-strict/host-tools/cargo/registry/src/index.crates.io-1949cf8c6b5b557f/unicode-width-0.2.0/src/lib.rs --error-format=json --json=diagnostic-rendered-ansi,artifacts,future-incompat --crate-type lib --emit=dep-info,metadata,link -C opt-level=3 -C panic=abort -C linker-plugin-lto -C codegen-units=1 --cfg 'feature="cjk"' --cfg 'feature="default"' --check-cfg 'cfg(docsrs,test)' --check-cfg 'cfg(feature, values("cjk", "compiler_builtins", "core", "default", "no_std", "rustc-dep-of-std", "std"))' -C metadata=69a690fbc67c6496 -C extra-filename=-6fc8dde9c860ec2e --out-dir /app/target/cpython-strict/build/primp-0.15.0/target/loongarch64-unknown-linux-musl/release/deps --target loongarch64-unknown-linux-musl -C linker=/app/target/cpython-strict/cross/loongarch64-linux-musl-gcc -C strip=symbols -L dependency=/app/target/cpython-strict/build/primp-0.15.0/target/loongarch64-unknown-linux-musl/release/deps -L dependency=/app/target/cpython-strict/build/primp-0.15.0/target/release/deps --cap-lints warn -C target-feature=-ual -C target-feature=-crt-static`
warning: `html5ever` (lib) generated 1 warning (1 duplicate)
   Compiling base64 v0.22.1
     Running `CARGO=/app/target/cpython-strict/host-tools/rustup/toolchains/nightly-2025-01-18-x86_64-unknown-linux-gnu/bin/cargo CARGO_CRATE_NAME=base64 CARGO_MANIFEST_DIR=/app/target/cpython-strict/host-tools/cargo/registry/src/index.crates.io-1949cf8c6b5b557f/base64-0.22.1 CARGO_MANIFEST_PATH=/app/target/cpython-strict/host-tools/cargo/registry/src/index.crates.io-1949cf8c6b5b557f/base64-0.22.1/Cargo.toml CARGO_PKG_AUTHORS='Marshall Pierce <marshall@mpierce.org>' CARGO_PKG_DESCRIPTION='encodes and decodes base64 as bytes or utf8' CARGO_PKG_HOMEPAGE='' CARGO_PKG_LICENSE='MIT OR Apache-2.0' CARGO_PKG_LICENSE_FILE='' CARGO_PKG_NAME=base64 CARGO_PKG_README=README.md CARGO_PKG_REPOSITORY='https://github.com/marshallpierce/rust-base64' CARGO_PKG_RUST_VERSION=1.48.0 CARGO_PKG_VERSION=0.22.1 CARGO_PKG_VERSION_MAJOR=0 CARGO_PKG_VERSION_MINOR=22 CARGO_PKG_VERSION_PATCH=1 CARGO_PKG_VERSION_PRE='' LD_LIBRARY_PATH='/app/target/cpython-strict/build/primp-0.15.0/target/release/deps:/app/target/cpython-strict/host-tools/rustup/toolchains/nightly-2025-01-18-x86_64-unknown-linux-gnu/lib:/opt/kendryte-toolchain/bin/:' /app/target/cpython-strict/host-tools/rustup/toolchains/nightly-2025-01-18-x86_64-unknown-linux-gnu/bin/rustc --crate-name base64 --edition=2018 /app/target/cpython-strict/host-tools/cargo/registry/src/index.crates.io-1949cf8c6b5b557f/base64-0.22.1/src/lib.rs --error-format=json --json=diagnostic-rendered-ansi,artifacts,future-incompat --crate-type lib --emit=dep-info,metadata,link -C opt-level=3 -C panic=abort -C linker-plugin-lto -C codegen-units=1 --cfg 'feature="alloc"' --cfg 'feature="default"' --cfg 'feature="std"' --check-cfg 'cfg(docsrs,test)' --check-cfg 'cfg(feature, values("alloc", "default", "std"))' -C metadata=6c270fefd5c9c92b -C extra-filename=-fd6f7be6a7e0eb98 --out-dir /app/target/cpython-strict/build/primp-0.15.0/target/loongarch64-unknown-linux-musl/release/deps --target loongarch64-unknown-linux-musl -C linker=/app/target/cpython-strict/cross/loongarch64-linux-musl-gcc -C strip=symbols -L dependency=/app/target/cpython-strict/build/primp-0.15.0/target/loongarch64-unknown-linux-musl/release/deps -L dependency=/app/target/cpython-strict/build/primp-0.15.0/target/release/deps --cap-lints warn -C target-feature=-ual -C target-feature=-crt-static`
warning: `serde_urlencoded` (lib) generated 2 warnings (1 duplicate)
   Compiling antidote v1.0.0
     Running `CARGO=/app/target/cpython-strict/host-tools/rustup/toolchains/nightly-2025-01-18-x86_64-unknown-linux-gnu/bin/cargo CARGO_CRATE_NAME=antidote CARGO_MANIFEST_DIR=/app/target/cpython-strict/host-tools/cargo/registry/src/index.crates.io-1949cf8c6b5b557f/antidote-1.0.0 CARGO_MANIFEST_PATH=/app/target/cpython-strict/host-tools/cargo/registry/src/index.crates.io-1949cf8c6b5b557f/antidote-1.0.0/Cargo.toml CARGO_PKG_AUTHORS='Steven Fackler <sfackler@gmail.com>' CARGO_PKG_DESCRIPTION='Poison-free versions of the standard library Mutex and RwLock types' CARGO_PKG_HOMEPAGE='' CARGO_PKG_LICENSE=MIT/Apache-2.0 CARGO_PKG_LICENSE_FILE='' CARGO_PKG_NAME=antidote CARGO_PKG_README=README.md CARGO_PKG_REPOSITORY='https://github.com/sfackler/rust-antidote' CARGO_PKG_RUST_VERSION='' CARGO_PKG_VERSION=1.0.0 CARGO_PKG_VERSION_MAJOR=1 CARGO_PKG_VERSION_MINOR=0 CARGO_PKG_VERSION_PATCH=0 CARGO_PKG_VERSION_PRE='' LD_LIBRARY_PATH='/app/target/cpython-strict/build/primp-0.15.0/target/release/deps:/app/target/cpython-strict/host-tools/rustup/toolchains/nightly-2025-01-18-x86_64-unknown-linux-gnu/lib:/opt/kendryte-toolchain/bin/:' /app/target/cpython-strict/host-tools/rustup/toolchains/nightly-2025-01-18-x86_64-unknown-linux-gnu/bin/rustc --crate-name antidote --edition=2015 /app/target/cpython-strict/host-tools/cargo/registry/src/index.crates.io-1949cf8c6b5b557f/antidote-1.0.0/src/lib.rs --error-format=json --json=diagnostic-rendered-ansi,artifacts,future-incompat --crate-type lib --emit=dep-info,metadata,link -C opt-level=3 -C panic=abort -C linker-plugin-lto -C codegen-units=1 --check-cfg 'cfg(docsrs,test)' --check-cfg 'cfg(feature, values())' -C metadata=0ed9326248fc8c8e -C extra-filename=-65959889802026c7 --out-dir /app/target/cpython-strict/build/primp-0.15.0/target/loongarch64-unknown-linux-musl/release/deps --target loongarch64-unknown-linux-musl -C linker=/app/target/cpython-strict/cross/loongarch64-linux-musl-gcc -C strip=symbols -L dependency=/app/target/cpython-strict/build/primp-0.15.0/target/loongarch64-unknown-linux-musl/release/deps -L dependency=/app/target/cpython-strict/build/primp-0.15.0/target/release/deps --cap-lints warn -C target-feature=-ual -C target-feature=-crt-static`
warning: unexpected `cfg` condition value: `cargo-clippy`
  --> /app/target/cpython-strict/host-tools/cargo/registry/src/index.crates.io-1949cf8c6b5b557f/encoding_rs-0.8.35/src/lib.rs:42:5
   |
42 |     feature = "cargo-clippy",
   |     ^^^^^^^^^^^^^^^^^^^^^^^^
   |
   = note: expected values for `feature` are: `alloc`, `any_all_workaround`, `default`, `fast-big5-hanzi-encode`, `fast-gb-hanzi-encode`, `fast-hangul-encode`, `fast-hanja-encode`, `fast-kanji-encode`, `fast-legacy-encode`, `less-slow-big5-hanzi-encode`, `less-slow-gb-hanzi-encode`, `less-slow-kanji-encode`, `serde`, and `simd-accel`
   = help: consider adding `cargo-clippy` as a feature in `Cargo.toml`
   = note: see <https://doc.rust-lang.org/nightly/rustc/check-cfg/cargo-specifics.html> for more information about checking conditional configuration
   = note: `#[warn(unexpected_cfgs)]` on by default

warning: unexpected `cfg` condition value: `cargo-clippy`
   --> /app/target/cpython-strict/host-tools/cargo/registry/src/index.crates.io-1949cf8c6b5b557f/encoding_rs-0.8.35/src/macros.rs:689:16
    |
689 |       #[cfg_attr(feature = "cargo-clippy", allow(never_loop))]
    |                  ^^^^^^^^^^^^^^^^^^^^^^^^
    |
   ::: /app/target/cpython-strict/host-tools/cargo/registry/src/index.crates.io-1949cf8c6b5b557f/encoding_rs-0.8.35/src/euc_jp.rs:77:5
    |
77  | /     euc_jp_decoder_functions!(
78  | |         {
79  | |             let trail_minus_offset = byte.wrapping_sub(0xA1);
...   |
220 | |         handle
221 | |     );
    | |_____- in this macro invocation
    |
    = note: expected values for `feature` are: `alloc`, `any_all_workaround`, `default`, `fast-big5-hanzi-encode`, `fast-gb-hanzi-encode`, `fast-hangul-encode`, `fast-hanja-encode`, `fast-kanji-encode`, `fast-legacy-encode`, `less-slow-big5-hanzi-encode`, `less-slow-gb-hanzi-encode`, `less-slow-kanji-encode`, `serde`, and `simd-accel`
    = help: consider adding `cargo-clippy` as a feature in `Cargo.toml`
    = note: see <https://doc.rust-lang.org/nightly/rustc/check-cfg/cargo-specifics.html> for more information about checking conditional configuration
    = note: this warning originates in the macro `euc_jp_decoder_function` which comes from the expansion of the macro `euc_jp_decoder_functions` (in Nightly builds, run with -Z macro-backtrace for more info)

warning: unexpected `cfg` condition value: `cargo-clippy`
   --> /app/target/cpython-strict/host-tools/cargo/registry/src/index.crates.io-1949cf8c6b5b557f/encoding_rs-0.8.35/src/macros.rs:364:16
    |
364 |       #[cfg_attr(feature = "cargo-clippy", allow(never_loop))]
    |                  ^^^^^^^^^^^^^^^^^^^^^^^^
    |
   ::: /app/target/cpython-strict/host-tools/cargo/registry/src/index.crates.io-1949cf8c6b5b557f/encoding_rs-0.8.35/src/gb18030.rs:112:5
    |
112 | /     gb18030_decoder_functions!(
...   |
295 | |         handle,
296 | |         'outermost);
    | |___________________- in this macro invocation
    |
    = note: expected values for `feature` are: `alloc`, `any_all_workaround`, `default`, `fast-big5-hanzi-encode`, `fast-gb-hanzi-encode`, `fast-hangul-encode`, `fast-hanja-encode`, `fast-kanji-encode`, `fast-legacy-encode`, `less-slow-big5-hanzi-encode`, `less-slow-gb-hanzi-encode`, `less-slow-kanji-encode`, `serde`, and `simd-accel`
    = help: consider adding `cargo-clippy` as a feature in `Cargo.toml`
    = note: see <https://doc.rust-lang.org/nightly/rustc/check-cfg/cargo-specifics.html> for more information about checking conditional configuration
    = note: this warning originates in the macro `gb18030_decoder_function` which comes from the expansion of the macro `gb18030_decoder_functions` (in Nightly builds, run with -Z macro-backtrace for more info)

warning: unexpected `cfg` condition value: `cargo-clippy`
   --> /app/target/cpython-strict/host-tools/cargo/registry/src/index.crates.io-1949cf8c6b5b557f/encoding_rs-0.8.35/src/iso_2022_jp.rs:377:5
    |
377 |     feature = "cargo-clippy",
    |     ^^^^^^^^^^^^^^^^^^^^^^^^
    |
    = note: expected values for `feature` are: `alloc`, `any_all_workaround`, `default`, `fast-big5-hanzi-encode`, `fast-gb-hanzi-encode`, `fast-hangul-encode`, `fast-hanja-encode`, `fast-kanji-encode`, `fast-legacy-encode`, `less-slow-big5-hanzi-encode`, `less-slow-gb-hanzi-encode`, `less-slow-kanji-encode`, `serde`, and `simd-accel`
    = help: consider adding `cargo-clippy` as a feature in `Cargo.toml`
    = note: see <https://doc.rust-lang.org/nightly/rustc/check-cfg/cargo-specifics.html> for more information about checking conditional configuration

warning: unexpected `cfg` condition value: `cargo-clippy`
   --> /app/target/cpython-strict/host-tools/cargo/registry/src/index.crates.io-1949cf8c6b5b557f/encoding_rs-0.8.35/src/iso_2022_jp.rs:398:5
    |
398 |     feature = "cargo-clippy",
    |     ^^^^^^^^^^^^^^^^^^^^^^^^
    |
    = note: expected values for `feature` are: `alloc`, `any_all_workaround`, `default`, `fast-big5-hanzi-encode`, `fast-gb-hanzi-encode`, `fast-hangul-encode`, `fast-hanja-encode`, `fast-kanji-encode`, `fast-legacy-encode`, `less-slow-big5-hanzi-encode`, `less-slow-gb-hanzi-encode`, `less-slow-kanji-encode`, `serde`, and `simd-accel`
    = help: consider adding `cargo-clippy` as a feature in `Cargo.toml`
    = note: see <https://doc.rust-lang.org/nightly/rustc/check-cfg/cargo-specifics.html> for more information about checking conditional configuration

warning: unexpected `cfg` condition value: `cargo-clippy`
   --> /app/target/cpython-strict/host-tools/cargo/registry/src/index.crates.io-1949cf8c6b5b557f/encoding_rs-0.8.35/src/utf_8.rs:229:12
    |
229 | #[cfg_attr(feature = "cargo-clippy", allow(never_loop, cyclomatic_complexity))]
    |            ^^^^^^^^^^^^^^^^^^^^^^^^
    |
    = note: expected values for `feature` are: `alloc`, `any_all_workaround`, `default`, `fast-big5-hanzi-encode`, `fast-gb-hanzi-encode`, `fast-hangul-encode`, `fast-hanja-encode`, `fast-kanji-encode`, `fast-legacy-encode`, `less-slow-big5-hanzi-encode`, `less-slow-gb-hanzi-encode`, `less-slow-kanji-encode`, `serde`, and `simd-accel`
    = help: consider adding `cargo-clippy` as a feature in `Cargo.toml`
    = note: see <https://doc.rust-lang.org/nightly/rustc/check-cfg/cargo-specifics.html> for more information about checking conditional configuration

warning: unexpected `cfg` condition value: `cargo-clippy`
   --> /app/target/cpython-strict/host-tools/cargo/registry/src/index.crates.io-1949cf8c6b5b557f/encoding_rs-0.8.35/src/utf_8.rs:606:12
    |
606 | #[cfg_attr(feature = "cargo-clippy", allow(never_loop))]
    |            ^^^^^^^^^^^^^^^^^^^^^^^^
    |
    = note: expected values for `feature` are: `alloc`, `any_all_workaround`, `default`, `fast-big5-hanzi-encode`, `fast-gb-hanzi-encode`, `fast-hangul-encode`, `fast-hanja-encode`, `fast-kanji-encode`, `fast-legacy-encode`, `less-slow-big5-hanzi-encode`, `less-slow-gb-hanzi-encode`, `less-slow-kanji-encode`, `serde`, and `simd-accel`
    = help: consider adding `cargo-clippy` as a feature in `Cargo.toml`
    = note: see <https://doc.rust-lang.org/nightly/rustc/check-cfg/cargo-specifics.html> for more information about checking conditional configuration

warning: unexpected `cfg` condition value: `disabled`
    --> /app/target/cpython-strict/host-tools/cargo/registry/src/index.crates.io-1949cf8c6b5b557f/encoding_rs-0.8.35/src/ascii.rs:1508:68
     |
1508 |     if #[cfg(all(feature = "simd-accel", target_endian = "little", target_arch = "disabled"))] {
     |                                                                    ^^^^^^^^^^^^^^^^^^^^^^^^
     |
     = note: expected values for `target_arch` are: `aarch64`, `arm`, `arm64ec`, `avr`, `bpf`, `csky`, `hexagon`, `loongarch64`, `m68k`, `mips`, `mips32r6`, `mips64`, `mips64r6`, `msp430`, `nvptx64`, `powerpc`, `powerpc64`, `riscv32`, `riscv64`, `s390x`, `sparc`, `sparc64`, `wasm32`, `wasm64`, `x86`, `x86_64`, and `xtensa`
     = note: see <https://doc.rust-lang.org/nightly/rustc/check-cfg/cargo-specifics.html> for more information about checking conditional configuration

warning: unexpected `cfg` condition value: `cargo-clippy`
    --> /app/target/cpython-strict/host-tools/cargo/registry/src/index.crates.io-1949cf8c6b5b557f/encoding_rs-0.8.35/src/ascii.rs:1725:20
     |
1725 |         #[cfg_attr(feature = "cargo-clippy", allow(cast_ptr_alignment))]
     |                    ^^^^^^^^^^^^^^^^^^^^^^^^
     |
     = note: expected values for `feature` are: `alloc`, `any_all_workaround`, `default`, `fast-big5-hanzi-encode`, `fast-gb-hanzi-encode`, `fast-hangul-encode`, `fast-hanja-encode`, `fast-kanji-encode`, `fast-legacy-encode`, `less-slow-big5-hanzi-encode`, `less-slow-gb-hanzi-encode`, `less-slow-kanji-encode`, `serde`, and `simd-accel`
     = help: consider adding `cargo-clippy` as a feature in `Cargo.toml`
     = note: see <https://doc.rust-lang.org/nightly/rustc/check-cfg/cargo-specifics.html> for more information about checking conditional configuration

warning: unexpected `cfg` condition value: `cargo-clippy`
    --> /app/target/cpython-strict/host-tools/cargo/registry/src/index.crates.io-1949cf8c6b5b557f/encoding_rs-0.8.35/src/ascii.rs:227:13
     |
227  |             feature = "cargo-clippy",
     |             ^^^^^^^^^^^^^^^^^^^^^^^^
...
1856 |         basic_latin_alu!(ascii_to_basic_latin, u8, u16, ascii_to_basic_latin_stride_alu);
     |         -------------------------------------------------------------------------------- in this macro invocation
     |
     = note: expected values for `feature` are: `alloc`, `any_all_workaround`, `default`, `fast-big5-hanzi-encode`, `fast-gb-hanzi-encode`, `fast-hangul-encode`, `fast-hanja-encode`, `fast-kanji-encode`, `fast-legacy-encode`, `less-slow-big5-hanzi-encode`, `less-slow-gb-hanzi-encode`, `less-slow-kanji-encode`, `serde`, and `simd-accel`
     = help: consider adding `cargo-clippy` as a feature in `Cargo.toml`
     = note: see <https://doc.rust-lang.org/nightly/rustc/check-cfg/cargo-specifics.html> for more information about checking conditional configuration
     = note: this warning originates in the macro `basic_latin_alu` (in Nightly builds, run with -Z macro-backtrace for more info)

warning: unexpected `cfg` condition value: `cargo-clippy`
    --> /app/target/cpython-strict/host-tools/cargo/registry/src/index.crates.io-1949cf8c6b5b557f/encoding_rs-0.8.35/src/ascii.rs:227:13
     |
227  |             feature = "cargo-clippy",
     |             ^^^^^^^^^^^^^^^^^^^^^^^^
...
1857 |         basic_latin_alu!(basic_latin_to_ascii, u16, u8, basic_latin_to_ascii_stride_alu);
     |         -------------------------------------------------------------------------------- in this macro invocation
     |
     = note: expected values for `feature` are: `alloc`, `any_all_workaround`, `default`, `fast-big5-hanzi-encode`, `fast-gb-hanzi-encode`, `fast-hangul-encode`, `fast-hanja-encode`, `fast-kanji-encode`, `fast-legacy-encode`, `less-slow-big5-hanzi-encode`, `less-slow-gb-hanzi-encode`, `less-slow-kanji-encode`, `serde`, and `simd-accel`
     = help: consider adding `cargo-clippy` as a feature in `Cargo.toml`
     = note: see <https://doc.rust-lang.org/nightly/rustc/check-cfg/cargo-specifics.html> for more information about checking conditional configuration
     = note: this warning originates in the macro `basic_latin_alu` (in Nightly builds, run with -Z macro-backtrace for more info)

warning: unexpected `cfg` condition value: `cargo-clippy`
    --> /app/target/cpython-strict/host-tools/cargo/registry/src/index.crates.io-1949cf8c6b5b557f/encoding_rs-0.8.35/src/ascii.rs:349:13
     |
349  |             feature = "cargo-clippy",
     |             ^^^^^^^^^^^^^^^^^^^^^^^^
...
1858 |         latin1_alu!(unpack_latin1, u8, u16, unpack_latin1_stride_alu);
     |         ------------------------------------------------------------- in this macro invocation
     |
     = note: expected values for `feature` are: `alloc`, `any_all_workaround`, `default`, `fast-big5-hanzi-encode`, `fast-gb-hanzi-encode`, `fast-hangul-encode`, `fast-hanja-encode`, `fast-kanji-encode`, `fast-legacy-encode`, `less-slow-big5-hanzi-encode`, `less-slow-gb-hanzi-encode`, `less-slow-kanji-encode`, `serde`, and `simd-accel`
     = help: consider adding `cargo-clippy` as a feature in `Cargo.toml`
     = note: see <https://doc.rust-lang.org/nightly/rustc/check-cfg/cargo-specifics.html> for more information about checking conditional configuration
     = note: this warning originates in the macro `latin1_alu` (in Nightly builds, run with -Z macro-backtrace for more info)

warning: unexpected `cfg` condition value: `cargo-clippy`
    --> /app/target/cpython-strict/host-tools/cargo/registry/src/index.crates.io-1949cf8c6b5b557f/encoding_rs-0.8.35/src/ascii.rs:349:13
     |
349  |             feature = "cargo-clippy",
     |             ^^^^^^^^^^^^^^^^^^^^^^^^
...
1859 |         latin1_alu!(pack_latin1, u16, u8, pack_latin1_stride_alu);
     |         --------------------------------------------------------- in this macro invocation
     |
     = note: expected values for `feature` are: `alloc`, `any_all_workaround`, `default`, `fast-big5-hanzi-encode`, `fast-gb-hanzi-encode`, `fast-hangul-encode`, `fast-hanja-encode`, `fast-kanji-encode`, `fast-legacy-encode`, `less-slow-big5-hanzi-encode`, `less-slow-gb-hanzi-encode`, `less-slow-kanji-encode`, `serde`, and `simd-accel`
     = help: consider adding `cargo-clippy` as a feature in `Cargo.toml`
     = note: see <https://doc.rust-lang.org/nightly/rustc/check-cfg/cargo-specifics.html> for more information about checking conditional configuration
     = note: this warning originates in the macro `latin1_alu` (in Nightly builds, run with -Z macro-backtrace for more info)

warning: unexpected `cfg` condition value: `cargo-clippy`
    --> /app/target/cpython-strict/host-tools/cargo/registry/src/index.crates.io-1949cf8c6b5b557f/encoding_rs-0.8.35/src/ascii.rs:105:20
     |
105  |         #[cfg_attr(feature = "cargo-clippy", allow(never_loop, cast_ptr_alignment))]
     |                    ^^^^^^^^^^^^^^^^^^^^^^^^
...
1861 |         ascii_alu!(ascii_to_ascii, u8, u8, ascii_to_ascii_stride);
     |         --------------------------------------------------------- in this macro invocation
     |
     = note: expected values for `feature` are: `alloc`, `any_all_workaround`, `default`, `fast-big5-hanzi-encode`, `fast-gb-hanzi-encode`, `fast-hangul-encode`, `fast-hanja-encode`, `fast-kanji-encode`, `fast-legacy-encode`, `less-slow-big5-hanzi-encode`, `less-slow-gb-hanzi-encode`, `less-slow-kanji-encode`, `serde`, and `simd-accel`
     = help: consider adding `cargo-clippy` as a feature in `Cargo.toml`
     = note: see <https://doc.rust-lang.org/nightly/rustc/check-cfg/cargo-specifics.html> for more information about checking conditional configuration
     = note: this warning originates in the macro `ascii_alu` (in Nightly builds, run with -Z macro-backtrace for more info)

warning: unexpected `cfg` condition value: `cargo-clippy`
   --> /app/target/cpython-strict/host-tools/cargo/registry/src/index.crates.io-1949cf8c6b5b557f/encoding_rs-0.8.35/src/data.rs:456:12
    |
456 | #[cfg_attr(feature = "cargo-clippy", allow(unreadable_literal))]
    |            ^^^^^^^^^^^^^^^^^^^^^^^^
    |
    = note: expected values for `feature` are: `alloc`, `any_all_workaround`, `default`, `fast-big5-hanzi-encode`, `fast-gb-hanzi-encode`, `fast-hangul-encode`, `fast-hanja-encode`, `fast-kanji-encode`, `fast-legacy-encode`, `less-slow-big5-hanzi-encode`, `less-slow-gb-hanzi-encode`, `less-slow-kanji-encode`, `serde`, and `simd-accel`
    = help: consider adding `cargo-clippy` as a feature in `Cargo.toml`
    = note: see <https://doc.rust-lang.org/nightly/rustc/check-cfg/cargo-specifics.html> for more information about checking conditional configuration

warning: unexpected `cfg` condition value: `cargo-clippy`
    --> /app/target/cpython-strict/host-tools/cargo/registry/src/index.crates.io-1949cf8c6b5b557f/encoding_rs-0.8.35/src/handles.rs:1183:16
     |
1183 |     #[cfg_attr(feature = "cargo-clippy", allow(collapsible_if))]
     |                ^^^^^^^^^^^^^^^^^^^^^^^^
     |
     = note: expected values for `feature` are: `alloc`, `any_all_workaround`, `default`, `fast-big5-hanzi-encode`, `fast-gb-hanzi-encode`, `fast-hangul-encode`, `fast-hanja-encode`, `fast-kanji-encode`, `fast-legacy-encode`, `less-slow-big5-hanzi-encode`, `less-slow-gb-hanzi-encode`, `less-slow-kanji-encode`, `serde`, and `simd-accel`
     = help: consider adding `cargo-clippy` as a feature in `Cargo.toml`
     = note: see <https://doc.rust-lang.org/nightly/rustc/check-cfg/cargo-specifics.html> for more information about checking conditional configuration

warning: unexpected `cfg` condition value: `cargo-clippy`
    --> /app/target/cpython-strict/host-tools/cargo/registry/src/index.crates.io-1949cf8c6b5b557f/encoding_rs-0.8.35/src/handles.rs:1217:16
     |
1217 |     #[cfg_attr(feature = "cargo-clippy", allow(collapsible_if))]
     |                ^^^^^^^^^^^^^^^^^^^^^^^^
     |
     = note: expected values for `feature` are: `alloc`, `any_all_workaround`, `default`, `fast-big5-hanzi-encode`, `fast-gb-hanzi-encode`, `fast-hangul-encode`, `fast-hanja-encode`, `fast-kanji-encode`, `fast-legacy-encode`, `less-slow-big5-hanzi-encode`, `less-slow-gb-hanzi-encode`, `less-slow-kanji-encode`, `serde`, and `simd-accel`
     = help: consider adding `cargo-clippy` as a feature in `Cargo.toml`
     = note: see <https://doc.rust-lang.org/nightly/rustc/check-cfg/cargo-specifics.html> for more information about checking conditional configuration

warning: unexpected `cfg` condition value: `cargo-clippy`
   --> /app/target/cpython-strict/host-tools/cargo/registry/src/index.crates.io-1949cf8c6b5b557f/encoding_rs-0.8.35/src/mem.rs:336:12
    |
336 | #[cfg_attr(feature = "cargo-clippy", allow(collapsible_if))]
    |            ^^^^^^^^^^^^^^^^^^^^^^^^
    |
    = note: expected values for `feature` are: `alloc`, `any_all_workaround`, `default`, `fast-big5-hanzi-encode`, `fast-gb-hanzi-encode`, `fast-hangul-encode`, `fast-hanja-encode`, `fast-kanji-encode`, `fast-legacy-encode`, `less-slow-big5-hanzi-encode`, `less-slow-gb-hanzi-encode`, `less-slow-kanji-encode`, `serde`, and `simd-accel`
    = help: consider adding `cargo-clippy` as a feature in `Cargo.toml`
    = note: see <https://doc.rust-lang.org/nightly/rustc/check-cfg/cargo-specifics.html> for more information about checking conditional configuration

warning: unexpected `cfg` condition value: `cargo-clippy`
   --> /app/target/cpython-strict/host-tools/cargo/registry/src/index.crates.io-1949cf8c6b5b557f/encoding_rs-0.8.35/src/mem.rs:710:12
    |
710 | #[cfg_attr(feature = "cargo-clippy", allow(collapsible_if, cyclomatic_complexity))]
    |            ^^^^^^^^^^^^^^^^^^^^^^^^
    |
    = note: expected values for `feature` are: `alloc`, `any_all_workaround`, `default`, `fast-big5-hanzi-encode`, `fast-gb-hanzi-encode`, `fast-hangul-encode`, `fast-hanja-encode`, `fast-kanji-encode`, `fast-legacy-encode`, `less-slow-big5-hanzi-encode`, `less-slow-gb-hanzi-encode`, `less-slow-kanji-encode`, `serde`, and `simd-accel`
    = help: consider adding `cargo-clippy` as a feature in `Cargo.toml`
    = note: see <https://doc.rust-lang.org/nightly/rustc/check-cfg/cargo-specifics.html> for more information about checking conditional configuration

warning: unexpected `cfg` condition value: `cargo-clippy`
    --> /app/target/cpython-strict/host-tools/cargo/registry/src/index.crates.io-1949cf8c6b5b557f/encoding_rs-0.8.35/src/mem.rs:1140:12
     |
1140 | #[cfg_attr(feature = "cargo-clippy", allow(collapsible_if))]
     |            ^^^^^^^^^^^^^^^^^^^^^^^^
     |
     = note: expected values for `feature` are: `alloc`, `any_all_workaround`, `default`, `fast-big5-hanzi-encode`, `fast-gb-hanzi-encode`, `fast-hangul-encode`, `fast-hanja-encode`, `fast-kanji-encode`, `fast-legacy-encode`, `less-slow-big5-hanzi-encode`, `less-slow-gb-hanzi-encode`, `less-slow-kanji-encode`, `serde`, and `simd-accel`
     = help: consider adding `cargo-clippy` as a feature in `Cargo.toml`
     = note: see <https://doc.rust-lang.org/nightly/rustc/check-cfg/cargo-specifics.html> for more information about checking conditional configuration

warning: unexpected `cfg` condition value: `cargo-clippy`
   --> /app/target/cpython-strict/host-tools/cargo/registry/src/index.crates.io-1949cf8c6b5b557f/encoding_rs-0.8.35/src/mem.rs:86:20
    |
86  |         #[cfg_attr(feature = "cargo-clippy", allow(cast_ptr_alignment))]
    |                    ^^^^^^^^^^^^^^^^^^^^^^^^
...
322 |         by_unit_check_alu!(is_ascii_impl, u8, 0x80, ASCII_MASK);
    |         ------------------------------------------------------- in this macro invocation
    |
    = note: expected values for `feature` are: `alloc`, `any_all_workaround`, `default`, `fast-big5-hanzi-encode`, `fast-gb-hanzi-encode`, `fast-hangul-encode`, `fast-hanja-encode`, `fast-kanji-encode`, `fast-legacy-encode`, `less-slow-big5-hanzi-encode`, `less-slow-gb-hanzi-encode`, `less-slow-kanji-encode`, `serde`, and `simd-accel`
    = help: consider adding `cargo-clippy` as a feature in `Cargo.toml`
    = note: see <https://doc.rust-lang.org/nightly/rustc/check-cfg/cargo-specifics.html> for more information about checking conditional configuration
    = note: this warning originates in the macro `by_unit_check_alu` (in Nightly builds, run with -Z macro-backtrace for more info)

warning: unexpected `cfg` condition value: `cargo-clippy`
   --> /app/target/cpython-strict/host-tools/cargo/registry/src/index.crates.io-1949cf8c6b5b557f/encoding_rs-0.8.35/src/mem.rs:86:20
    |
86  |         #[cfg_attr(feature = "cargo-clippy", allow(cast_ptr_alignment))]
    |                    ^^^^^^^^^^^^^^^^^^^^^^^^
...
323 |         by_unit_check_alu!(is_basic_latin_impl, u16, 0x80, BASIC_LATIN_MASK);
    |         -------------------------------------------------------------------- in this macro invocation
    |
    = note: expected values for `feature` are: `alloc`, `any_all_workaround`, `default`, `fast-big5-hanzi-encode`, `fast-gb-hanzi-encode`, `fast-hangul-encode`, `fast-hanja-encode`, `fast-kanji-encode`, `fast-legacy-encode`, `less-slow-big5-hanzi-encode`, `less-slow-gb-hanzi-encode`, `less-slow-kanji-encode`, `serde`, and `simd-accel`
    = help: consider adding `cargo-clippy` as a feature in `Cargo.toml`
    = note: see <https://doc.rust-lang.org/nightly/rustc/check-cfg/cargo-specifics.html> for more information about checking conditional configuration
    = note: this warning originates in the macro `by_unit_check_alu` (in Nightly builds, run with -Z macro-backtrace for more info)

warning: unexpected `cfg` condition value: `cargo-clippy`
   --> /app/target/cpython-strict/host-tools/cargo/registry/src/index.crates.io-1949cf8c6b5b557f/encoding_rs-0.8.35/src/mem.rs:86:20
    |
86  |         #[cfg_attr(feature = "cargo-clippy", allow(cast_ptr_alignment))]
    |                    ^^^^^^^^^^^^^^^^^^^^^^^^
...
324 |         by_unit_check_alu!(is_utf16_latin1_impl, u16, 0x100, LATIN1_MASK);
    |         ----------------------------------------------------------------- in this macro invocation
    |
    = note: expected values for `feature` are: `alloc`, `any_all_workaround`, `default`, `fast-big5-hanzi-encode`, `fast-gb-hanzi-encode`, `fast-hangul-encode`, `fast-hanja-encode`, `fast-kanji-encode`, `fast-legacy-encode`, `less-slow-big5-hanzi-encode`, `less-slow-gb-hanzi-encode`, `less-slow-kanji-encode`, `serde`, and `simd-accel`
    = help: consider adding `cargo-clippy` as a feature in `Cargo.toml`
    = note: see <https://doc.rust-lang.org/nightly/rustc/check-cfg/cargo-specifics.html> for more information about checking conditional configuration
    = note: this warning originates in the macro `by_unit_check_alu` (in Nightly builds, run with -Z macro-backtrace for more info)

warning: unexpected `cfg` condition value: `cargo-clippy`
   --> /app/target/cpython-strict/host-tools/cargo/registry/src/index.crates.io-1949cf8c6b5b557f/encoding_rs-0.8.35/src/mem.rs:591:20
    |
591 |         #[cfg_attr(feature = "cargo-clippy", allow(cast_ptr_alignment))]
    |                    ^^^^^^^^^^^^^^^^^^^^^^^^
    |
    = note: expected values for `feature` are: `alloc`, `any_all_workaround`, `default`, `fast-big5-hanzi-encode`, `fast-gb-hanzi-encode`, `fast-hangul-encode`, `fast-hanja-encode`, `fast-kanji-encode`, `fast-legacy-encode`, `less-slow-big5-hanzi-encode`, `less-slow-gb-hanzi-encode`, `less-slow-kanji-encode`, `serde`, and `simd-accel`
    = help: consider adding `cargo-clippy` as a feature in `Cargo.toml`
    = note: see <https://doc.rust-lang.org/nightly/rustc/check-cfg/cargo-specifics.html> for more information about checking conditional configuration

warning: unexpected `cfg` condition name: `fuzzing`
    --> /app/target/cpython-strict/host-tools/cargo/registry/src/index.crates.io-1949cf8c6b5b557f/encoding_rs-0.8.35/src/mem.rs:44:32
     |
44   |     ($($arg:tt)*) => (if !cfg!(fuzzing) { debug_assert!($($arg)*); })
     |                                ^^^^^^^
...
1933 |     non_fuzz_debug_assert!(is_utf8_latin1(src));
     |     ------------------------------------------- in this macro invocation
     |
     = help: expected names are: `clippy`, `debug_assertions`, `doc`, `docsrs`, `doctest`, `feature`, `fmt_debug`, `miri`, `overflow_checks`, `panic`, `proc_macro`, `relocation_model`, `rustfmt`, `sanitize`, `sanitizer_cfi_generalize_pointers`, `sanitizer_cfi_normalize_integers`, `target_abi`, `target_arch`, `target_endian`, `target_env`, `target_family`, `target_feature`, `target_has_atomic`, `target_has_atomic_equal_alignment`, `target_has_atomic_load_store`, `target_os`, `target_pointer_width`, `target_thread_local`, `target_vendor`, `test`, `ub_checks`, `unix`, and `windows`
     = help: consider using a Cargo feature instead
     = help: or consider adding in `Cargo.toml` the `check-cfg` lint config for the lint:
              [lints.rust]
              unexpected_cfgs = { level = "warn", check-cfg = ['cfg(fuzzing)'] }
     = help: or consider adding `println!("cargo::rustc-check-cfg=cfg(fuzzing)");` to the top of the `build.rs`
     = note: see <https://doc.rust-lang.org/nightly/rustc/check-cfg/cargo-specifics.html> for more information about checking conditional configuration
     = note: this warning originates in the macro `non_fuzz_debug_assert` (in Nightly builds, run with -Z macro-backtrace for more info)

warning: unexpected `cfg` condition value: `cargo-clippy`
   --> /app/target/cpython-strict/host-tools/cargo/registry/src/index.crates.io-1949cf8c6b5b557f/base64-0.22.1/src/lib.rs:223:13
    |
223 | #![cfg_attr(feature = "cargo-clippy", allow(clippy::cast_lossless))]
    |             ^^^^^^^^^^^^^^^^^^^^^^^^
    |
    = note: expected values for `feature` are: `alloc`, `default`, and `std`
    = help: consider adding `cargo-clippy` as a feature in `Cargo.toml`
    = note: see <https://doc.rust-lang.org/nightly/rustc/check-cfg/cargo-specifics.html> for more information about checking conditional configuration
    = note: `#[warn(unexpected_cfgs)]` on by default

warning: `cookie_store` (lib) generated 2 warnings (1 duplicate)
   Compiling lru v0.13.0
     Running `CARGO=/app/target/cpython-strict/host-tools/rustup/toolchains/nightly-2025-01-18-x86_64-unknown-linux-gnu/bin/cargo CARGO_CRATE_NAME=lru CARGO_MANIFEST_DIR=/app/target/cpython-strict/host-tools/cargo/registry/src/index.crates.io-1949cf8c6b5b557f/lru-0.13.0 CARGO_MANIFEST_PATH=/app/target/cpython-strict/host-tools/cargo/registry/src/index.crates.io-1949cf8c6b5b557f/lru-0.13.0/Cargo.toml CARGO_PKG_AUTHORS='Jerome Froelich <jeromefroelic@hotmail.com>' CARGO_PKG_DESCRIPTION='A LRU cache implementation' CARGO_PKG_HOMEPAGE='https://github.com/jeromefroe/lru-rs' CARGO_PKG_LICENSE=MIT CARGO_PKG_LICENSE_FILE='' CARGO_PKG_NAME=lru CARGO_PKG_README=README.md CARGO_PKG_REPOSITORY='https://github.com/jeromefroe/lru-rs.git' CARGO_PKG_RUST_VERSION='' CARGO_PKG_VERSION=0.13.0 CARGO_PKG_VERSION_MAJOR=0 CARGO_PKG_VERSION_MINOR=13 CARGO_PKG_VERSION_PATCH=0 CARGO_PKG_VERSION_PRE='' LD_LIBRARY_PATH='/app/target/cpython-strict/build/primp-0.15.0/target/release/deps:/app/target/cpython-strict/host-tools/rustup/toolchains/nightly-2025-01-18-x86_64-unknown-linux-gnu/lib:/opt/kendryte-toolchain/bin/:' /app/target/cpython-strict/host-tools/rustup/toolchains/nightly-2025-01-18-x86_64-unknown-linux-gnu/bin/rustc --crate-name lru --edition=2015 /app/target/cpython-strict/host-tools/cargo/registry/src/index.crates.io-1949cf8c6b5b557f/lru-0.13.0/src/lib.rs --error-format=json --json=diagnostic-rendered-ansi,artifacts,future-incompat --crate-type lib --emit=dep-info,metadata,link -C opt-level=3 -C panic=abort -C linker-plugin-lto -C codegen-units=1 --check-cfg 'cfg(docsrs,test)' --check-cfg 'cfg(feature, values("default", "hashbrown", "nightly"))' -C metadata=92028165f54a1e41 -C extra-filename=-d4cabcc69e7da628 --out-dir /app/target/cpython-strict/build/primp-0.15.0/target/loongarch64-unknown-linux-musl/release/deps --target loongarch64-unknown-linux-musl -C linker=/app/target/cpython-strict/cross/loongarch64-linux-musl-gcc -C strip=symbols -L dependency=/app/target/cpython-strict/build/primp-0.15.0/target/loongarch64-unknown-linux-musl/release/deps -L dependency=/app/target/cpython-strict/build/primp-0.15.0/target/release/deps --cap-lints warn -C target-feature=-ual -C target-feature=-crt-static`
warning: use of deprecated method `std::error::Error::description`: use the Display impl or to_string()
   --> /app/target/cpython-strict/host-tools/cargo/registry/src/index.crates.io-1949cf8c6b5b557f/antidote-1.0.0/src/lib.rs:132:28
    |
132 |         fmt.write_str(self.description())
    |                            ^^^^^^^^^^^
    |
    = note: `#[warn(deprecated)]` on by default

warning: `antidote` (lib) generated 2 warnings (1 duplicate)
   Compiling arc-swap v1.7.1
     Running `CARGO=/app/target/cpython-strict/host-tools/rustup/toolchains/nightly-2025-01-18-x86_64-unknown-linux-gnu/bin/cargo CARGO_CRATE_NAME=arc_swap CARGO_MANIFEST_DIR=/app/target/cpython-strict/host-tools/cargo/registry/src/index.crates.io-1949cf8c6b5b557f/arc-swap-1.7.1 CARGO_MANIFEST_PATH=/app/target/cpython-strict/host-tools/cargo/registry/src/index.crates.io-1949cf8c6b5b557f/arc-swap-1.7.1/Cargo.toml CARGO_PKG_AUTHORS='Michal '\''vorner'\'' Vaner <vorner@vorner.cz>' CARGO_PKG_DESCRIPTION='Atomically swappable Arc' CARGO_PKG_HOMEPAGE='' CARGO_PKG_LICENSE='MIT OR Apache-2.0' CARGO_PKG_LICENSE_FILE='' CARGO_PKG_NAME=arc-swap CARGO_PKG_README=README.md CARGO_PKG_REPOSITORY='https://github.com/vorner/arc-swap' CARGO_PKG_RUST_VERSION='' CARGO_PKG_VERSION=1.7.1 CARGO_PKG_VERSION_MAJOR=1 CARGO_PKG_VERSION_MINOR=7 CARGO_PKG_VERSION_PATCH=1 CARGO_PKG_VERSION_PRE='' LD_LIBRARY_PATH='/app/target/cpython-strict/build/primp-0.15.0/target/release/deps:/app/target/cpython-strict/host-tools/rustup/toolchains/nightly-2025-01-18-x86_64-unknown-linux-gnu/lib:/opt/kendryte-toolchain/bin/:' /app/target/cpython-strict/host-tools/rustup/toolchains/nightly-2025-01-18-x86_64-unknown-linux-gnu/bin/rustc --crate-name arc_swap --edition=2018 /app/target/cpython-strict/host-tools/cargo/registry/src/index.crates.io-1949cf8c6b5b557f/arc-swap-1.7.1/src/lib.rs --error-format=json --json=diagnostic-rendered-ansi,artifacts,future-incompat --crate-type lib --emit=dep-info,metadata,link -C opt-level=3 -C panic=abort -C linker-plugin-lto -C codegen-units=1 --check-cfg 'cfg(docsrs,test)' --check-cfg 'cfg(feature, values("experimental-strategies", "experimental-thread-local", "internal-test-strategies", "serde", "weak"))' -C metadata=99440301fcee9a84 -C extra-filename=-8274d323e5bb2efe --out-dir /app/target/cpython-strict/build/primp-0.15.0/target/loongarch64-unknown-linux-musl/release/deps --target loongarch64-unknown-linux-musl -C linker=/app/target/cpython-strict/cross/loongarch64-linux-musl-gcc -C strip=symbols -L dependency=/app/target/cpython-strict/build/primp-0.15.0/target/loongarch64-unknown-linux-musl/release/deps -L dependency=/app/target/cpython-strict/build/primp-0.15.0/target/release/deps --cap-lints warn -C target-feature=-ual -C target-feature=-crt-static`
warning: `unicode-width` (lib) generated 1 warning (1 duplicate)
   Compiling ipnet v2.11.0
     Running `CARGO=/app/target/cpython-strict/host-tools/rustup/toolchains/nightly-2025-01-18-x86_64-unknown-linux-gnu/bin/cargo CARGO_CRATE_NAME=ipnet CARGO_MANIFEST_DIR=/app/target/cpython-strict/host-tools/cargo/registry/src/index.crates.io-1949cf8c6b5b557f/ipnet-2.11.0 CARGO_MANIFEST_PATH=/app/target/cpython-strict/host-tools/cargo/registry/src/index.crates.io-1949cf8c6b5b557f/ipnet-2.11.0/Cargo.toml CARGO_PKG_AUTHORS='Kris Price <kris@krisprice.nz>' CARGO_PKG_DESCRIPTION='Provides types and useful methods for working with IPv4 and IPv6 network addresses, commonly called IP prefixes. The new `IpNet`, `Ipv4Net`, and `Ipv6Net` types build on the existing `IpAddr`, `Ipv4Addr`, and `Ipv6Addr` types already provided in Rust'\''s standard library and align to their design to stay consistent. The module also provides useful traits that extend `Ipv4Addr` and `Ipv6Addr` with methods for `Add`, `Sub`, `BitAnd`, and `BitOr` operations. The module only uses stable feature so it is guaranteed to compile using the stable toolchain.' CARGO_PKG_HOMEPAGE='' CARGO_PKG_LICENSE='MIT OR Apache-2.0' CARGO_PKG_LICENSE_FILE='' CARGO_PKG_NAME=ipnet CARGO_PKG_README=README.md CARGO_PKG_REPOSITORY='https://github.com/krisprice/ipnet' CARGO_PKG_RUST_VERSION='' CARGO_PKG_VERSION=2.11.0 CARGO_PKG_VERSION_MAJOR=2 CARGO_PKG_VERSION_MINOR=11 CARGO_PKG_VERSION_PATCH=0 CARGO_PKG_VERSION_PRE='' LD_LIBRARY_PATH='/app/target/cpython-strict/build/primp-0.15.0/target/release/deps:/app/target/cpython-strict/host-tools/rustup/toolchains/nightly-2025-01-18-x86_64-unknown-linux-gnu/lib:/opt/kendryte-toolchain/bin/:' /app/target/cpython-strict/host-tools/rustup/toolchains/nightly-2025-01-18-x86_64-unknown-linux-gnu/bin/rustc --crate-name ipnet --edition=2018 /app/target/cpython-strict/host-tools/cargo/registry/src/index.crates.io-1949cf8c6b5b557f/ipnet-2.11.0/src/lib.rs --error-format=json --json=diagnostic-rendered-ansi,artifacts,future-incompat --crate-type lib --emit=dep-info,metadata,link -C opt-level=3 -C panic=abort -C linker-plugin-lto -C codegen-units=1 --cfg 'feature="default"' --cfg 'feature="std"' --check-cfg 'cfg(docsrs,test)' --check-cfg 'cfg(feature, values("default", "heapless", "json", "schemars", "ser_as_str", "serde", "std"))' -C metadata=2f0d753a822e18b8 -C extra-filename=-a04a5220f9498c4f --out-dir /app/target/cpython-strict/build/primp-0.15.0/target/loongarch64-unknown-linux-musl/release/deps --target loongarch64-unknown-linux-musl -C linker=/app/target/cpython-strict/cross/loongarch64-linux-musl-gcc -C strip=symbols -L dependency=/app/target/cpython-strict/build/primp-0.15.0/target/loongarch64-unknown-linux-musl/release/deps -L dependency=/app/target/cpython-strict/build/primp-0.15.0/target/release/deps --cap-lints warn -C target-feature=-ual -C target-feature=-crt-static`
warning: `tracing-core` (lib) generated 1 warning (1 duplicate)
   Compiling html2text v0.14.3
     Running `CARGO=/app/target/cpython-strict/host-tools/rustup/toolchains/nightly-2025-01-18-x86_64-unknown-linux-gnu/bin/cargo CARGO_CRATE_NAME=html2text CARGO_MANIFEST_DIR=/app/target/cpython-strict/host-tools/cargo/registry/src/index.crates.io-1949cf8c6b5b557f/html2text-0.14.3 CARGO_MANIFEST_PATH=/app/target/cpython-strict/host-tools/cargo/registry/src/index.crates.io-1949cf8c6b5b557f/html2text-0.14.3/Cargo.toml CARGO_PKG_AUTHORS='Chris Emerson <github@mail.nosreme.org>' CARGO_PKG_DESCRIPTION='Render HTML as plain text.' CARGO_PKG_HOMEPAGE='' CARGO_PKG_LICENSE=MIT CARGO_PKG_LICENSE_FILE='' CARGO_PKG_NAME=html2text CARGO_PKG_README=README.md CARGO_PKG_REPOSITORY='https://github.com/jugglerchris/rust-html2text/' CARGO_PKG_RUST_VERSION=1.72 CARGO_PKG_VERSION=0.14.3 CARGO_PKG_VERSION_MAJOR=0 CARGO_PKG_VERSION_MINOR=14 CARGO_PKG_VERSION_PATCH=3 CARGO_PKG_VERSION_PRE='' LD_LIBRARY_PATH='/app/target/cpython-strict/build/primp-0.15.0/target/release/deps:/app/target/cpython-strict/host-tools/rustup/toolchains/nightly-2025-01-18-x86_64-unknown-linux-gnu/lib:/opt/kendryte-toolchain/bin/:' /app/target/cpython-strict/host-tools/rustup/toolchains/nightly-2025-01-18-x86_64-unknown-linux-gnu/bin/rustc --crate-name html2text --edition=2021 /app/target/cpython-strict/host-tools/cargo/registry/src/index.crates.io-1949cf8c6b5b557f/html2text-0.14.3/src/lib.rs --error-format=json --json=diagnostic-rendered-ansi,artifacts,future-incompat --crate-type lib --emit=dep-info,metadata,link -C opt-level=3 -C panic=abort -C linker-plugin-lto -C codegen-units=1 --cfg 'feature="default"' --check-cfg 'cfg(docsrs,test)' --check-cfg 'cfg(feature, values("css", "css_ext", "default", "html_trace", "html_trace_bt"))' -C metadata=eb2fd9f7df3661be -C extra-filename=-40bc03ec90f08942 --out-dir /app/target/cpython-strict/build/primp-0.15.0/target/loongarch64-unknown-linux-musl/release/deps --target loongarch64-unknown-linux-musl -C linker=/app/target/cpython-strict/cross/loongarch64-linux-musl-gcc -C strip=symbols -L dependency=/app/target/cpython-strict/build/primp-0.15.0/target/loongarch64-unknown-linux-musl/release/deps -L dependency=/app/target/cpython-strict/build/primp-0.15.0/target/release/deps --extern html5ever=/app/target/cpython-strict/build/primp-0.15.0/target/loongarch64-unknown-linux-musl/release/deps/libhtml5ever-4012220ee9d72065.rmeta --extern tendril=/app/target/cpython-strict/build/primp-0.15.0/target/loongarch64-unknown-linux-musl/release/deps/libtendril-1be59cce2300f199.rmeta --extern thiserror=/app/target/cpython-strict/build/primp-0.15.0/target/loongarch64-unknown-linux-musl/release/deps/libthiserror-068e37f5dabb756c.rmeta --extern unicode_width=/app/target/cpython-strict/build/primp-0.15.0/target/loongarch64-unknown-linux-musl/release/deps/libunicode_width-6fc8dde9c860ec2e.rmeta --cap-lints warn -C target-feature=-ual -C target-feature=-crt-static`
warning: `lru` (lib) generated 1 warning (1 duplicate)
   Compiling rand v0.9.0
     Running `CARGO=/app/target/cpython-strict/host-tools/rustup/toolchains/nightly-2025-01-18-x86_64-unknown-linux-gnu/bin/cargo CARGO_CRATE_NAME=rand CARGO_MANIFEST_DIR=/app/target/cpython-strict/host-tools/cargo/registry/src/index.crates.io-1949cf8c6b5b557f/rand-0.9.0 CARGO_MANIFEST_PATH=/app/target/cpython-strict/host-tools/cargo/registry/src/index.crates.io-1949cf8c6b5b557f/rand-0.9.0/Cargo.toml CARGO_PKG_AUTHORS='The Rand Project Developers:The Rust Project Developers' CARGO_PKG_DESCRIPTION='Random number generators and other randomness functionality.
' CARGO_PKG_HOMEPAGE='https://rust-random.github.io/book' CARGO_PKG_LICENSE='MIT OR Apache-2.0' CARGO_PKG_LICENSE_FILE='' CARGO_PKG_NAME=rand CARGO_PKG_README=README.md CARGO_PKG_REPOSITORY='https://github.com/rust-random/rand' CARGO_PKG_RUST_VERSION=1.63 CARGO_PKG_VERSION=0.9.0 CARGO_PKG_VERSION_MAJOR=0 CARGO_PKG_VERSION_MINOR=9 CARGO_PKG_VERSION_PATCH=0 CARGO_PKG_VERSION_PRE='' LD_LIBRARY_PATH='/app/target/cpython-strict/build/primp-0.15.0/target/release/deps:/app/target/cpython-strict/host-tools/rustup/toolchains/nightly-2025-01-18-x86_64-unknown-linux-gnu/lib:/opt/kendryte-toolchain/bin/:' /app/target/cpython-strict/host-tools/rustup/toolchains/nightly-2025-01-18-x86_64-unknown-linux-gnu/bin/rustc --crate-name rand --edition=2021 /app/target/cpython-strict/host-tools/cargo/registry/src/index.crates.io-1949cf8c6b5b557f/rand-0.9.0/src/lib.rs --error-format=json --json=diagnostic-rendered-ansi,artifacts,future-incompat --crate-type lib --emit=dep-info,metadata,link -C opt-level=3 -C panic=abort -C linker-plugin-lto -C codegen-units=1 --cfg 'feature="alloc"' --cfg 'feature="default"' --cfg 'feature="os_rng"' --cfg 'feature="small_rng"' --cfg 'feature="std"' --cfg 'feature="std_rng"' --cfg 'feature="thread_rng"' --check-cfg 'cfg(docsrs,test)' --check-cfg 'cfg(feature, values("alloc", "default", "log", "nightly", "os_rng", "serde", "simd_support", "small_rng", "std", "std_rng", "thread_rng", "unbiased"))' -C metadata=caf3e28028ca1e6a -C extra-filename=-bdb43e47bc8dfd2e --out-dir /app/target/cpython-strict/build/primp-0.15.0/target/loongarch64-unknown-linux-musl/release/deps --target loongarch64-unknown-linux-musl -C linker=/app/target/cpython-strict/cross/loongarch64-linux-musl-gcc -C strip=symbols -L dependency=/app/target/cpython-strict/build/primp-0.15.0/target/loongarch64-unknown-linux-musl/release/deps -L dependency=/app/target/cpython-strict/build/primp-0.15.0/target/release/deps --extern rand_chacha=/app/target/cpython-strict/build/primp-0.15.0/target/loongarch64-unknown-linux-musl/release/deps/librand_chacha-c182b37a4beee062.rmeta --extern rand_core=/app/target/cpython-strict/build/primp-0.15.0/target/loongarch64-unknown-linux-musl/release/deps/librand_core-e7b02113325f6c95.rmeta --extern zerocopy=/app/target/cpython-strict/build/primp-0.15.0/target/loongarch64-unknown-linux-musl/release/deps/libzerocopy-8297610cfba4e058.rmeta --cap-lints warn -C target-feature=-ual -C target-feature=-crt-static`
   Compiling tracing v0.1.41
     Running `CARGO=/app/target/cpython-strict/host-tools/rustup/toolchains/nightly-2025-01-18-x86_64-unknown-linux-gnu/bin/cargo CARGO_CRATE_NAME=tracing CARGO_MANIFEST_DIR=/app/target/cpython-strict/host-tools/cargo/registry/src/index.crates.io-1949cf8c6b5b557f/tracing-0.1.41 CARGO_MANIFEST_PATH=/app/target/cpython-strict/host-tools/cargo/registry/src/index.crates.io-1949cf8c6b5b557f/tracing-0.1.41/Cargo.toml CARGO_PKG_AUTHORS='Eliza Weisman <eliza@buoyant.io>:Tokio Contributors <team@tokio.rs>' CARGO_PKG_DESCRIPTION='Application-level tracing for Rust.
' CARGO_PKG_HOMEPAGE='https://tokio.rs' CARGO_PKG_LICENSE=MIT CARGO_PKG_LICENSE_FILE='' CARGO_PKG_NAME=tracing CARGO_PKG_README=README.md CARGO_PKG_REPOSITORY='https://github.com/tokio-rs/tracing' CARGO_PKG_RUST_VERSION=1.63.0 CARGO_PKG_VERSION=0.1.41 CARGO_PKG_VERSION_MAJOR=0 CARGO_PKG_VERSION_MINOR=1 CARGO_PKG_VERSION_PATCH=41 CARGO_PKG_VERSION_PRE='' LD_LIBRARY_PATH='/app/target/cpython-strict/build/primp-0.15.0/target/release/deps:/app/target/cpython-strict/host-tools/rustup/toolchains/nightly-2025-01-18-x86_64-unknown-linux-gnu/lib:/opt/kendryte-toolchain/bin/:' /app/target/cpython-strict/host-tools/rustup/toolchains/nightly-2025-01-18-x86_64-unknown-linux-gnu/bin/rustc --crate-name tracing --edition=2018 /app/target/cpython-strict/host-tools/cargo/registry/src/index.crates.io-1949cf8c6b5b557f/tracing-0.1.41/src/lib.rs --error-format=json --json=diagnostic-rendered-ansi,artifacts,future-incompat --crate-type lib --emit=dep-info,metadata,link -C opt-level=3 -C panic=abort -C linker-plugin-lto -C codegen-units=1 --warn=unexpected_cfgs --check-cfg 'cfg(flaky_tests)' --check-cfg 'cfg(tracing_unstable)' --cfg 'feature="attributes"' --cfg 'feature="default"' --cfg 'feature="log"' --cfg 'feature="log-always"' --cfg 'feature="std"' --cfg 'feature="tracing-attributes"' --check-cfg 'cfg(docsrs,test)' --check-cfg 'cfg(feature, values("async-await", "attributes", "default", "log", "log-always", "max_level_debug", "max_level_error", "max_level_info", "max_level_off", "max_level_trace", "max_level_warn", "release_max_level_debug", "release_max_level_error", "release_max_level_info", "release_max_level_off", "release_max_level_trace", "release_max_level_warn", "std", "tracing-attributes", "valuable"))' -C metadata=623c0fa29adfc161 -C extra-filename=-86263fc29c5576c3 --out-dir /app/target/cpython-strict/build/primp-0.15.0/target/loongarch64-unknown-linux-musl/release/deps --target loongarch64-unknown-linux-musl -C linker=/app/target/cpython-strict/cross/loongarch64-linux-musl-gcc -C strip=symbols -L dependency=/app/target/cpython-strict/build/primp-0.15.0/target/loongarch64-unknown-linux-musl/release/deps -L dependency=/app/target/cpython-strict/build/primp-0.15.0/target/release/deps --extern log=/app/target/cpython-strict/build/primp-0.15.0/target/loongarch64-unknown-linux-musl/release/deps/liblog-98eb0ac78b64de9a.rmeta --extern pin_project_lite=/app/target/cpython-strict/build/primp-0.15.0/target/loongarch64-unknown-linux-musl/release/deps/libpin_project_lite-50dcae2c8ff1a98e.rmeta --extern tracing_attributes=/app/target/cpython-strict/build/primp-0.15.0/target/release/deps/libtracing_attributes-dd8905b58b58613b.so --extern tracing_core=/app/target/cpython-strict/build/primp-0.15.0/target/loongarch64-unknown-linux-musl/release/deps/libtracing_core-f42565df852f93ae.rmeta --cap-lints warn -C target-feature=-ual -C target-feature=-crt-static`
warning: `hyper2` (lib) generated 2 warnings (1 duplicate)
   Compiling pythonize v0.24.0
     Running `CARGO=/app/target/cpython-strict/host-tools/rustup/toolchains/nightly-2025-01-18-x86_64-unknown-linux-gnu/bin/cargo CARGO_CRATE_NAME=pythonize CARGO_MANIFEST_DIR=/app/target/cpython-strict/host-tools/cargo/registry/src/index.crates.io-1949cf8c6b5b557f/pythonize-0.24.0 CARGO_MANIFEST_PATH=/app/target/cpython-strict/host-tools/cargo/registry/src/index.crates.io-1949cf8c6b5b557f/pythonize-0.24.0/Cargo.toml CARGO_PKG_AUTHORS='David Hewitt <1939362+davidhewitt@users.noreply.github.com>' CARGO_PKG_DESCRIPTION='Serde Serializer & Deserializer from Rust <--> Python, backed by PyO3.' CARGO_PKG_HOMEPAGE='https://github.com/davidhewitt/pythonize' CARGO_PKG_LICENSE=MIT CARGO_PKG_LICENSE_FILE='' CARGO_PKG_NAME=pythonize CARGO_PKG_README=README.md CARGO_PKG_REPOSITORY='https://github.com/davidhewitt/pythonize' CARGO_PKG_RUST_VERSION=1.63 CARGO_PKG_VERSION=0.24.0 CARGO_PKG_VERSION_MAJOR=0 CARGO_PKG_VERSION_MINOR=24 CARGO_PKG_VERSION_PATCH=0 CARGO_PKG_VERSION_PRE='' LD_LIBRARY_PATH='/app/target/cpython-strict/build/primp-0.15.0/target/release/deps:/app/target/cpython-strict/host-tools/rustup/toolchains/nightly-2025-01-18-x86_64-unknown-linux-gnu/lib:/opt/kendryte-toolchain/bin/:' /app/target/cpython-strict/host-tools/rustup/toolchains/nightly-2025-01-18-x86_64-unknown-linux-gnu/bin/rustc --crate-name pythonize --edition=2021 /app/target/cpython-strict/host-tools/cargo/registry/src/index.crates.io-1949cf8c6b5b557f/pythonize-0.24.0/src/lib.rs --error-format=json --json=diagnostic-rendered-ansi,artifacts,future-incompat --crate-type lib --emit=dep-info,metadata,link -C opt-level=3 -C panic=abort -C linker-plugin-lto -C codegen-units=1 --check-cfg 'cfg(docsrs,test)' --check-cfg 'cfg(feature, values())' -C metadata=09b6e86785c0f4d3 -C extra-filename=-c9b3063814f1733b --out-dir /app/target/cpython-strict/build/primp-0.15.0/target/loongarch64-unknown-linux-musl/release/deps --target loongarch64-unknown-linux-musl -C linker=/app/target/cpython-strict/cross/loongarch64-linux-musl-gcc -C strip=symbols -L dependency=/app/target/cpython-strict/build/primp-0.15.0/target/loongarch64-unknown-linux-musl/release/deps -L dependency=/app/target/cpython-strict/build/primp-0.15.0/target/release/deps --extern pyo3=/app/target/cpython-strict/build/primp-0.15.0/target/loongarch64-unknown-linux-musl/release/deps/libpyo3-484a1bdc78bc574b.rmeta --extern serde=/app/target/cpython-strict/build/primp-0.15.0/target/loongarch64-unknown-linux-musl/release/deps/libserde-42659d74a8c85009.rmeta --cap-lints warn -C target-feature=-ual -C target-feature=-crt-static`
warning: `base64` (lib) generated 2 warnings (1 duplicate)
   Compiling foldhash v0.1.5
     Running `CARGO=/app/target/cpython-strict/host-tools/rustup/toolchains/nightly-2025-01-18-x86_64-unknown-linux-gnu/bin/cargo CARGO_CRATE_NAME=foldhash CARGO_MANIFEST_DIR=/app/target/cpython-strict/host-tools/cargo/registry/src/index.crates.io-1949cf8c6b5b557f/foldhash-0.1.5 CARGO_MANIFEST_PATH=/app/target/cpython-strict/host-tools/cargo/registry/src/index.crates.io-1949cf8c6b5b557f/foldhash-0.1.5/Cargo.toml CARGO_PKG_AUTHORS='Orson Peters <orsonpeters@gmail.com>' CARGO_PKG_DESCRIPTION='A fast, non-cryptographic, minimally DoS-resistant hashing algorithm.' CARGO_PKG_HOMEPAGE='' CARGO_PKG_LICENSE=Zlib CARGO_PKG_LICENSE_FILE='' CARGO_PKG_NAME=foldhash CARGO_PKG_README=README.md CARGO_PKG_REPOSITORY='https://github.com/orlp/foldhash' CARGO_PKG_RUST_VERSION=1.60 CARGO_PKG_VERSION=0.1.5 CARGO_PKG_VERSION_MAJOR=0 CARGO_PKG_VERSION_MINOR=1 CARGO_PKG_VERSION_PATCH=5 CARGO_PKG_VERSION_PRE='' LD_LIBRARY_PATH='/app/target/cpython-strict/build/primp-0.15.0/target/release/deps:/app/target/cpython-strict/host-tools/rustup/toolchains/nightly-2025-01-18-x86_64-unknown-linux-gnu/lib:/opt/kendryte-toolchain/bin/:' /app/target/cpython-strict/host-tools/rustup/toolchains/nightly-2025-01-18-x86_64-unknown-linux-gnu/bin/rustc --crate-name foldhash --edition=2021 /app/target/cpython-strict/host-tools/cargo/registry/src/index.crates.io-1949cf8c6b5b557f/foldhash-0.1.5/src/lib.rs --error-format=json --json=diagnostic-rendered-ansi,artifacts,future-incompat --crate-type lib --emit=dep-info,metadata,link -C opt-level=3 -C panic=abort -C linker-plugin-lto -C codegen-units=1 --cfg 'feature="default"' --cfg 'feature="std"' --check-cfg 'cfg(docsrs,test)' --check-cfg 'cfg(feature, values("default", "std"))' -C metadata=ae2146d470da8306 -C extra-filename=-c785ad840bef53ff --out-dir /app/target/cpython-strict/build/primp-0.15.0/target/loongarch64-unknown-linux-musl/release/deps --target loongarch64-unknown-linux-musl -C linker=/app/target/cpython-strict/cross/loongarch64-linux-musl-gcc -C strip=symbols -L dependency=/app/target/cpython-strict/build/primp-0.15.0/target/loongarch64-unknown-linux-musl/release/deps -L dependency=/app/target/cpython-strict/build/primp-0.15.0/target/release/deps --cap-lints warn -C target-feature=-ual -C target-feature=-crt-static`
warning: `arc-swap` (lib) generated 1 warning (1 duplicate)
   Compiling pyo3-log v0.12.3
     Running `CARGO=/app/target/cpython-strict/host-tools/rustup/toolchains/nightly-2025-01-18-x86_64-unknown-linux-gnu/bin/cargo CARGO_CRATE_NAME=pyo3_log CARGO_MANIFEST_DIR=/app/target/cpython-strict/host-tools/cargo/registry/src/index.crates.io-1949cf8c6b5b557f/pyo3-log-0.12.3 CARGO_MANIFEST_PATH=/app/target/cpython-strict/host-tools/cargo/registry/src/index.crates.io-1949cf8c6b5b557f/pyo3-log-0.12.3/Cargo.toml CARGO_PKG_AUTHORS='Michal '\''vorner'\'' Vaner <vorner@vorner.cz>' CARGO_PKG_DESCRIPTION='Logging bridge from pyo3 native extension to python' CARGO_PKG_HOMEPAGE='' CARGO_PKG_LICENSE='Apache-2.0 OR MIT' CARGO_PKG_LICENSE_FILE='' CARGO_PKG_NAME=pyo3-log CARGO_PKG_README=README.md CARGO_PKG_REPOSITORY='https://github.com/vorner/pyo3-log' CARGO_PKG_RUST_VERSION=1.56.0 CARGO_PKG_VERSION=0.12.3 CARGO_PKG_VERSION_MAJOR=0 CARGO_PKG_VERSION_MINOR=12 CARGO_PKG_VERSION_PATCH=3 CARGO_PKG_VERSION_PRE='' LD_LIBRARY_PATH='/app/target/cpython-strict/build/primp-0.15.0/target/release/deps:/app/target/cpython-strict/host-tools/rustup/toolchains/nightly-2025-01-18-x86_64-unknown-linux-gnu/lib:/opt/kendryte-toolchain/bin/:' /app/target/cpython-strict/host-tools/rustup/toolchains/nightly-2025-01-18-x86_64-unknown-linux-gnu/bin/rustc --crate-name pyo3_log --edition=2018 /app/target/cpython-strict/host-tools/cargo/registry/src/index.crates.io-1949cf8c6b5b557f/pyo3-log-0.12.3/src/lib.rs --error-format=json --json=diagnostic-rendered-ansi,artifacts,future-incompat --crate-type lib --emit=dep-info,metadata,link -C opt-level=3 -C panic=abort -C linker-plugin-lto -C codegen-units=1 --check-cfg 'cfg(docsrs,test)' --check-cfg 'cfg(feature, values())' -C metadata=21c4f53624a1f0e3 -C extra-filename=-094b44b0e6c1a466 --out-dir /app/target/cpython-strict/build/primp-0.15.0/target/loongarch64-unknown-linux-musl/release/deps --target loongarch64-unknown-linux-musl -C linker=/app/target/cpython-strict/cross/loongarch64-linux-musl-gcc -C strip=symbols -L dependency=/app/target/cpython-strict/build/primp-0.15.0/target/loongarch64-unknown-linux-musl/release/deps -L dependency=/app/target/cpython-strict/build/primp-0.15.0/target/release/deps --extern arc_swap=/app/target/cpython-strict/build/primp-0.15.0/target/loongarch64-unknown-linux-musl/release/deps/libarc_swap-8274d323e5bb2efe.rmeta --extern log=/app/target/cpython-strict/build/primp-0.15.0/target/loongarch64-unknown-linux-musl/release/deps/liblog-98eb0ac78b64de9a.rmeta --extern pyo3=/app/target/cpython-strict/build/primp-0.15.0/target/loongarch64-unknown-linux-musl/release/deps/libpyo3-484a1bdc78bc574b.rmeta --cap-lints warn -C target-feature=-ual -C target-feature=-crt-static`
warning: `foldhash` (lib) generated 1 warning (1 duplicate)
warning: `ipnet` (lib) generated 1 warning (1 duplicate)
warning: `pythonize` (lib) generated 1 warning (1 duplicate)
warning: `tracing` (lib) generated 1 warning (1 duplicate)
warning: `encoding_rs` (lib) generated 28 warnings (3 duplicates)
warning: `rand` (lib) generated 1 warning (1 duplicate)
warning: `pyo3-log` (lib) generated 1 warning (1 duplicate)
warning: `html2text` (lib) generated 1 warning (1 duplicate)
     Running `CARGO=/app/target/cpython-strict/host-tools/rustup/toolchains/nightly-2025-01-18-x86_64-unknown-linux-gnu/bin/cargo CARGO_CRATE_NAME=zstd_sys CARGO_MANIFEST_DIR=/app/target/cpython-strict/host-tools/cargo/registry/src/index.crates.io-1949cf8c6b5b557f/zstd-sys-2.0.15+zstd.1.5.7 CARGO_MANIFEST_PATH=/app/target/cpython-strict/host-tools/cargo/registry/src/index.crates.io-1949cf8c6b5b557f/zstd-sys-2.0.15+zstd.1.5.7/Cargo.toml CARGO_PKG_AUTHORS='Alexandre Bury <alexandre.bury@gmail.com>' CARGO_PKG_DESCRIPTION='Low-level bindings for the zstd compression library.' CARGO_PKG_HOMEPAGE='' CARGO_PKG_LICENSE=MIT/Apache-2.0 CARGO_PKG_LICENSE_FILE='' CARGO_PKG_NAME=zstd-sys CARGO_PKG_README=Readme.md CARGO_PKG_REPOSITORY='https://github.com/gyscos/zstd-rs' CARGO_PKG_RUST_VERSION=1.64 CARGO_PKG_VERSION=2.0.15+zstd.1.5.7 CARGO_PKG_VERSION_MAJOR=2 CARGO_PKG_VERSION_MINOR=0 CARGO_PKG_VERSION_PATCH=15 CARGO_PKG_VERSION_PRE='' LD_LIBRARY_PATH='/app/target/cpython-strict/build/primp-0.15.0/target/release/deps:/app/target/cpython-strict/host-tools/rustup/toolchains/nightly-2025-01-18-x86_64-unknown-linux-gnu/lib:/opt/kendryte-toolchain/bin/:' OUT_DIR=/app/target/cpython-strict/build/primp-0.15.0/target/loongarch64-unknown-linux-musl/release/build/zstd-sys-292d0356197036f9/out /app/target/cpython-strict/host-tools/rustup/toolchains/nightly-2025-01-18-x86_64-unknown-linux-gnu/bin/rustc --crate-name zstd_sys --edition=2018 /app/target/cpython-strict/host-tools/cargo/registry/src/index.crates.io-1949cf8c6b5b557f/zstd-sys-2.0.15+zstd.1.5.7/src/lib.rs --error-format=json --json=diagnostic-rendered-ansi,artifacts,future-incompat --crate-type lib --emit=dep-info,metadata,link -C opt-level=3 -C panic=abort -C linker-plugin-lto -C codegen-units=1 --allow=non_upper_case_globals --cfg 'feature="legacy"' --cfg 'feature="std"' --cfg 'feature="zdict_builder"' --check-cfg 'cfg(docsrs,test)' --check-cfg 'cfg(feature, values("bindgen", "debug", "default", "experimental", "fat-lto", "legacy", "no_asm", "no_wasm_shim", "non-cargo", "pkg-config", "seekable", "std", "thin", "thin-lto", "zdict_builder", "zstdmt"))' -C metadata=6e5570d306308319 -C extra-filename=-2af2b2df85f65754 --out-dir /app/target/cpython-strict/build/primp-0.15.0/target/loongarch64-unknown-linux-musl/release/deps --target loongarch64-unknown-linux-musl -C linker=/app/target/cpython-strict/cross/loongarch64-linux-musl-gcc -C strip=symbols -L dependency=/app/target/cpython-strict/build/primp-0.15.0/target/loongarch64-unknown-linux-musl/release/deps -L dependency=/app/target/cpython-strict/build/primp-0.15.0/target/release/deps --cap-lints warn -C target-feature=-ual -C target-feature=-crt-static -L native=/app/target/cpython-strict/build/primp-0.15.0/target/loongarch64-unknown-linux-musl/release/build/zstd-sys-292d0356197036f9/out -l static=zstd`
     Running `CARGO=/app/target/cpython-strict/host-tools/rustup/toolchains/nightly-2025-01-18-x86_64-unknown-linux-gnu/bin/cargo CARGO_CFG_FEATURE=arrays,legacy,std,zdict_builder CARGO_CFG_FMT_DEBUG=full CARGO_CFG_OVERFLOW_CHECKS='' CARGO_CFG_PANIC=unwind CARGO_CFG_RELOCATION_MODEL=pic CARGO_CFG_TARGET_ABI='' CARGO_CFG_TARGET_ARCH=loongarch64 CARGO_CFG_TARGET_ENDIAN=little CARGO_CFG_TARGET_ENV=musl CARGO_CFG_TARGET_FAMILY=unix CARGO_CFG_TARGET_FEATURE=d,f,lsx CARGO_CFG_TARGET_HAS_ATOMIC=16,32,64,8,ptr CARGO_CFG_TARGET_HAS_ATOMIC_EQUAL_ALIGNMENT=16,32,64,8,ptr CARGO_CFG_TARGET_HAS_ATOMIC_LOAD_STORE=16,32,64,8,ptr CARGO_CFG_TARGET_OS=linux CARGO_CFG_TARGET_POINTER_WIDTH=64 CARGO_CFG_TARGET_THREAD_LOCAL='' CARGO_CFG_TARGET_VENDOR=unknown CARGO_CFG_UB_CHECKS='' CARGO_CFG_UNIX='' CARGO_ENCODED_RUSTFLAGS='-Ctarget-feature=-ual-Ctarget-feature=-crt-static' CARGO_FEATURE_ARRAYS=1 CARGO_FEATURE_LEGACY=1 CARGO_FEATURE_STD=1 CARGO_FEATURE_ZDICT_BUILDER=1 CARGO_MANIFEST_DIR=/app/target/cpython-strict/host-tools/cargo/registry/src/index.crates.io-1949cf8c6b5b557f/zstd-safe-7.2.4 CARGO_MANIFEST_PATH=/app/target/cpython-strict/host-tools/cargo/registry/src/index.crates.io-1949cf8c6b5b557f/zstd-safe-7.2.4/Cargo.toml CARGO_PKG_AUTHORS='Alexandre Bury <alexandre.bury@gmail.com>' CARGO_PKG_DESCRIPTION='Safe low-level bindings for the zstd compression library.' CARGO_PKG_HOMEPAGE='' CARGO_PKG_LICENSE='MIT OR Apache-2.0' CARGO_PKG_LICENSE_FILE='' CARGO_PKG_NAME=zstd-safe CARGO_PKG_README=Readme.md CARGO_PKG_REPOSITORY='https://github.com/gyscos/zstd-rs' CARGO_PKG_RUST_VERSION=1.64 CARGO_PKG_VERSION=7.2.4 CARGO_PKG_VERSION_MAJOR=7 CARGO_PKG_VERSION_MINOR=2 CARGO_PKG_VERSION_PATCH=4 CARGO_PKG_VERSION_PRE='' DEBUG=false DEP_ZSTD_INCLUDE=/app/target/cpython-strict/host-tools/cargo/registry/src/index.crates.io-1949cf8c6b5b557f/zstd-sys-2.0.15+zstd.1.5.7/zstd/lib DEP_ZSTD_ROOT=/app/target/cpython-strict/build/primp-0.15.0/target/loongarch64-unknown-linux-musl/release/build/zstd-sys-292d0356197036f9/out HOST=x86_64-unknown-linux-gnu LD_LIBRARY_PATH='/app/target/cpython-strict/build/primp-0.15.0/target/release/deps:/app/target/cpython-strict/build/primp-0.15.0/target/release:/app/target/cpython-strict/host-tools/rustup/toolchains/nightly-2025-01-18-x86_64-unknown-linux-gnu/lib/rustlib/x86_64-unknown-linux-gnu/lib:/app/target/cpython-strict/host-tools/rustup/toolchains/nightly-2025-01-18-x86_64-unknown-linux-gnu/lib:/opt/kendryte-toolchain/bin/:' NUM_JOBS=10 OPT_LEVEL=3 OUT_DIR=/app/target/cpython-strict/build/primp-0.15.0/target/loongarch64-unknown-linux-musl/release/build/zstd-safe-033196118ab5bfa8/out PROFILE=release RUSTC=/app/target/cpython-strict/host-tools/rustup/toolchains/nightly-2025-01-18-x86_64-unknown-linux-gnu/bin/rustc RUSTC_LINKER=/app/target/cpython-strict/cross/loongarch64-linux-musl-gcc RUSTDOC=/app/target/cpython-strict/host-tools/rustup/toolchains/nightly-2025-01-18-x86_64-unknown-linux-gnu/bin/rustdoc TARGET=loongarch64-unknown-linux-musl /app/target/cpython-strict/build/primp-0.15.0/target/release/build/zstd-safe-c9b49febf710ec64/build-script-build`
     Running `CARGO=/app/target/cpython-strict/host-tools/rustup/toolchains/nightly-2025-01-18-x86_64-unknown-linux-gnu/bin/cargo CARGO_CRATE_NAME=zstd_safe CARGO_MANIFEST_DIR=/app/target/cpython-strict/host-tools/cargo/registry/src/index.crates.io-1949cf8c6b5b557f/zstd-safe-7.2.4 CARGO_MANIFEST_PATH=/app/target/cpython-strict/host-tools/cargo/registry/src/index.crates.io-1949cf8c6b5b557f/zstd-safe-7.2.4/Cargo.toml CARGO_PKG_AUTHORS='Alexandre Bury <alexandre.bury@gmail.com>' CARGO_PKG_DESCRIPTION='Safe low-level bindings for the zstd compression library.' CARGO_PKG_HOMEPAGE='' CARGO_PKG_LICENSE='MIT OR Apache-2.0' CARGO_PKG_LICENSE_FILE='' CARGO_PKG_NAME=zstd-safe CARGO_PKG_README=Readme.md CARGO_PKG_REPOSITORY='https://github.com/gyscos/zstd-rs' CARGO_PKG_RUST_VERSION=1.64 CARGO_PKG_VERSION=7.2.4 CARGO_PKG_VERSION_MAJOR=7 CARGO_PKG_VERSION_MINOR=2 CARGO_PKG_VERSION_PATCH=4 CARGO_PKG_VERSION_PRE='' LD_LIBRARY_PATH='/app/target/cpython-strict/build/primp-0.15.0/target/release/deps:/app/target/cpython-strict/host-tools/rustup/toolchains/nightly-2025-01-18-x86_64-unknown-linux-gnu/lib:/opt/kendryte-toolchain/bin/:' OUT_DIR=/app/target/cpython-strict/build/primp-0.15.0/target/loongarch64-unknown-linux-musl/release/build/zstd-safe-033196118ab5bfa8/out /app/target/cpython-strict/host-tools/rustup/toolchains/nightly-2025-01-18-x86_64-unknown-linux-gnu/bin/rustc --crate-name zstd_safe --edition=2018 /app/target/cpython-strict/host-tools/cargo/registry/src/index.crates.io-1949cf8c6b5b557f/zstd-safe-7.2.4/src/lib.rs --error-format=json --json=diagnostic-rendered-ansi,artifacts,future-incompat --crate-type lib --emit=dep-info,metadata,link -C opt-level=3 -C panic=abort -C linker-plugin-lto -C codegen-units=1 --allow=non_upper_case_globals --cfg 'feature="arrays"' --cfg 'feature="legacy"' --cfg 'feature="std"' --cfg 'feature="zdict_builder"' --check-cfg 'cfg(docsrs,test)' --check-cfg 'cfg(feature, values("arrays", "bindgen", "debug", "default", "doc-cfg", "experimental", "fat-lto", "legacy", "no_asm", "pkg-config", "seekable", "std", "thin", "thin-lto", "zdict_builder", "zstdmt"))' -C metadata=e758b84dd44c3b4a -C extra-filename=-b1f6f1583d86372e --out-dir /app/target/cpython-strict/build/primp-0.15.0/target/loongarch64-unknown-linux-musl/release/deps --target loongarch64-unknown-linux-musl -C linker=/app/target/cpython-strict/cross/loongarch64-linux-musl-gcc -C strip=symbols -L dependency=/app/target/cpython-strict/build/primp-0.15.0/target/loongarch64-unknown-linux-musl/release/deps -L dependency=/app/target/cpython-strict/build/primp-0.15.0/target/release/deps --extern zstd_sys=/app/target/cpython-strict/build/primp-0.15.0/target/loongarch64-unknown-linux-musl/release/deps/libzstd_sys-2af2b2df85f65754.rmeta --cap-lints warn -C target-feature=-ual -C target-feature=-crt-static -L native=/app/target/cpython-strict/build/primp-0.15.0/target/loongarch64-unknown-linux-musl/release/build/zstd-sys-292d0356197036f9/out`
warning: `zstd-sys` (lib) generated 1 warning (1 duplicate)
   Compiling zstd v0.13.3
     Running `CARGO=/app/target/cpython-strict/host-tools/rustup/toolchains/nightly-2025-01-18-x86_64-unknown-linux-gnu/bin/cargo CARGO_CRATE_NAME=zstd CARGO_MANIFEST_DIR=/app/target/cpython-strict/host-tools/cargo/registry/src/index.crates.io-1949cf8c6b5b557f/zstd-0.13.3 CARGO_MANIFEST_PATH=/app/target/cpython-strict/host-tools/cargo/registry/src/index.crates.io-1949cf8c6b5b557f/zstd-0.13.3/Cargo.toml CARGO_PKG_AUTHORS='Alexandre Bury <alexandre.bury@gmail.com>' CARGO_PKG_DESCRIPTION='Binding for the zstd compression library.' CARGO_PKG_HOMEPAGE='' CARGO_PKG_LICENSE=MIT CARGO_PKG_LICENSE_FILE='' CARGO_PKG_NAME=zstd CARGO_PKG_README=Readme.md CARGO_PKG_REPOSITORY='https://github.com/gyscos/zstd-rs' CARGO_PKG_RUST_VERSION=1.64 CARGO_PKG_VERSION=0.13.3 CARGO_PKG_VERSION_MAJOR=0 CARGO_PKG_VERSION_MINOR=13 CARGO_PKG_VERSION_PATCH=3 CARGO_PKG_VERSION_PRE='' LD_LIBRARY_PATH='/app/target/cpython-strict/build/primp-0.15.0/target/release/deps:/app/target/cpython-strict/host-tools/rustup/toolchains/nightly-2025-01-18-x86_64-unknown-linux-gnu/lib:/opt/kendryte-toolchain/bin/:' /app/target/cpython-strict/host-tools/rustup/toolchains/nightly-2025-01-18-x86_64-unknown-linux-gnu/bin/rustc --crate-name zstd --edition=2018 /app/target/cpython-strict/host-tools/cargo/registry/src/index.crates.io-1949cf8c6b5b557f/zstd-0.13.3/src/lib.rs --error-format=json --json=diagnostic-rendered-ansi,artifacts,future-incompat --crate-type lib --emit=dep-info,metadata,link -C opt-level=3 -C panic=abort -C linker-plugin-lto -C codegen-units=1 --cfg 'feature="arrays"' --cfg 'feature="default"' --cfg 'feature="legacy"' --cfg 'feature="zdict_builder"' --check-cfg 'cfg(docsrs,test)' --check-cfg 'cfg(feature, values("arrays", "bindgen", "debug", "default", "doc-cfg", "experimental", "fat-lto", "legacy", "no_asm", "pkg-config", "thin", "thin-lto", "wasm", "zdict_builder", "zstdmt"))' -C metadata=553e594949a159d8 -C extra-filename=-b54092e90da20b58 --out-dir /app/target/cpython-strict/build/primp-0.15.0/target/loongarch64-unknown-linux-musl/release/deps --target loongarch64-unknown-linux-musl -C linker=/app/target/cpython-strict/cross/loongarch64-linux-musl-gcc -C strip=symbols -L dependency=/app/target/cpython-strict/build/primp-0.15.0/target/loongarch64-unknown-linux-musl/release/deps -L dependency=/app/target/cpython-strict/build/primp-0.15.0/target/release/deps --extern zstd_safe=/app/target/cpython-strict/build/primp-0.15.0/target/loongarch64-unknown-linux-musl/release/deps/libzstd_safe-b1f6f1583d86372e.rmeta --cap-lints warn -C target-feature=-ual -C target-feature=-crt-static -L native=/app/target/cpython-strict/build/primp-0.15.0/target/loongarch64-unknown-linux-musl/release/build/zstd-sys-292d0356197036f9/out`
warning: `zstd-safe` (lib) generated 1 warning (1 duplicate)
   Compiling async-compression v0.4.22
     Running `CARGO=/app/target/cpython-strict/host-tools/rustup/toolchains/nightly-2025-01-18-x86_64-unknown-linux-gnu/bin/cargo CARGO_CRATE_NAME=async_compression CARGO_MANIFEST_DIR=/app/target/cpython-strict/host-tools/cargo/registry/src/index.crates.io-1949cf8c6b5b557f/async-compression-0.4.22 CARGO_MANIFEST_PATH=/app/target/cpython-strict/host-tools/cargo/registry/src/index.crates.io-1949cf8c6b5b557f/async-compression-0.4.22/Cargo.toml CARGO_PKG_AUTHORS='Wim Looman <wim@nemo157.com>:Allen Bui <fairingrey@gmail.com>' CARGO_PKG_DESCRIPTION='Adaptors between compression crates and Rust'\''s modern asynchronous IO types.
' CARGO_PKG_HOMEPAGE='' CARGO_PKG_LICENSE='MIT OR Apache-2.0' CARGO_PKG_LICENSE_FILE='' CARGO_PKG_NAME=async-compression CARGO_PKG_README=README.md CARGO_PKG_REPOSITORY='https://github.com/Nullus157/async-compression' CARGO_PKG_RUST_VERSION='' CARGO_PKG_VERSION=0.4.22 CARGO_PKG_VERSION_MAJOR=0 CARGO_PKG_VERSION_MINOR=4 CARGO_PKG_VERSION_PATCH=22 CARGO_PKG_VERSION_PRE='' LD_LIBRARY_PATH='/app/target/cpython-strict/build/primp-0.15.0/target/release/deps:/app/target/cpython-strict/host-tools/rustup/toolchains/nightly-2025-01-18-x86_64-unknown-linux-gnu/lib:/opt/kendryte-toolchain/bin/:' /app/target/cpython-strict/host-tools/rustup/toolchains/nightly-2025-01-18-x86_64-unknown-linux-gnu/bin/rustc --crate-name async_compression --edition=2018 /app/target/cpython-strict/host-tools/cargo/registry/src/index.crates.io-1949cf8c6b5b557f/async-compression-0.4.22/src/lib.rs --error-format=json --json=diagnostic-rendered-ansi,artifacts,future-incompat --crate-type lib --emit=dep-info,metadata,link -C opt-level=3 -C panic=abort -C linker-plugin-lto -C codegen-units=1 --cfg 'feature="brotli"' --cfg 'feature="flate2"' --cfg 'feature="gzip"' --cfg 'feature="libzstd"' --cfg 'feature="tokio"' --cfg 'feature="zlib"' --cfg 'feature="zstd"' --cfg 'feature="zstd-safe"' --check-cfg 'cfg(docsrs,test)' --check-cfg 'cfg(feature, values("all", "all-algorithms", "all-implementations", "brotli", "bzip2", "deflate", "deflate64", "flate2", "futures-io", "gzip", "libzstd", "lz4", "lzma", "tokio", "xz", "xz2", "zlib", "zstd", "zstd-safe", "zstdmt"))' -C metadata=62c0694ca1a81d26 -C extra-filename=-ab6e091a79f18bdb --out-dir /app/target/cpython-strict/build/primp-0.15.0/target/loongarch64-unknown-linux-musl/release/deps --target loongarch64-unknown-linux-musl -C linker=/app/target/cpython-strict/cross/loongarch64-linux-musl-gcc -C strip=symbols -L dependency=/app/target/cpython-strict/build/primp-0.15.0/target/loongarch64-unknown-linux-musl/release/deps -L dependency=/app/target/cpython-strict/build/primp-0.15.0/target/release/deps --extern brotli=/app/target/cpython-strict/build/primp-0.15.0/target/loongarch64-unknown-linux-musl/release/deps/libbrotli-2b9706ff18fc6d22.rmeta --extern flate2=/app/target/cpython-strict/build/primp-0.15.0/target/loongarch64-unknown-linux-musl/release/deps/libflate2-4f466070cf988cda.rmeta --extern futures_core=/app/target/cpython-strict/build/primp-0.15.0/target/loongarch64-unknown-linux-musl/release/deps/libfutures_core-daefa865b4c0a4f1.rmeta --extern memchr=/app/target/cpython-strict/build/primp-0.15.0/target/loongarch64-unknown-linux-musl/release/deps/libmemchr-0ad87afc821d8371.rmeta --extern pin_project_lite=/app/target/cpython-strict/build/primp-0.15.0/target/loongarch64-unknown-linux-musl/release/deps/libpin_project_lite-50dcae2c8ff1a98e.rmeta --extern tokio=/app/target/cpython-strict/build/primp-0.15.0/target/loongarch64-unknown-linux-musl/release/deps/libtokio-a9e1076261fd66b2.rmeta --extern libzstd=/app/target/cpython-strict/build/primp-0.15.0/target/loongarch64-unknown-linux-musl/release/deps/libzstd-b54092e90da20b58.rmeta --extern zstd_safe=/app/target/cpython-strict/build/primp-0.15.0/target/loongarch64-unknown-linux-musl/release/deps/libzstd_safe-b1f6f1583d86372e.rmeta --cap-lints warn -C target-feature=-ual -C target-feature=-crt-static -L native=/app/target/cpython-strict/build/primp-0.15.0/target/loongarch64-unknown-linux-musl/release/build/zstd-sys-292d0356197036f9/out`
warning: `zstd` (lib) generated 1 warning (1 duplicate)
warning: `async-compression` (lib) generated 1 warning (1 duplicate)
[boring-sys2 4.15.11] gmake: warning: -j10 forced in submake: resetting jobserver mode.
[boring-sys2 4.15.11] warning: unstable feature specified for `-Ctarget-feature`: `ual`
[boring-sys2 4.15.11]   |
[boring-sys2 4.15.11]   = note: this feature is not stably supported; its behavior can change in the future
[boring-sys2 4.15.11] 
[boring-sys2 4.15.11] warning: 1 warning emitted
[boring-sys2 4.15.11] 
[boring-sys2 4.15.11] error: 'rustfmt' is not installed for the toolchain 'nightly-2025-01-18-x86_64-unknown-linux-gnu'.
[boring-sys2 4.15.11] To install, run `rustup component add rustfmt`
[boring-sys2 4.15.11] Failed to run rustfmt: Internal rustfmt error (non-fatal, continuing)
warning: boring-sys2@4.15.11: skipping git patches application, providednative BoringSSL is expected to have the patches included
     Running `CARGO=/app/target/cpython-strict/host-tools/rustup/toolchains/nightly-2025-01-18-x86_64-unknown-linux-gnu/bin/cargo CARGO_CRATE_NAME=boring_sys2 CARGO_MANIFEST_DIR=/app/target/cpython-strict/host-tools/cargo/registry/src/index.crates.io-1949cf8c6b5b557f/boring-sys2-4.15.11 CARGO_MANIFEST_PATH=/app/target/cpython-strict/host-tools/cargo/registry/src/index.crates.io-1949cf8c6b5b557f/boring-sys2-4.15.11/Cargo.toml CARGO_PKG_AUTHORS='Alex Crichton <alex@alexcrichton.com>:Steven Fackler <sfackler@gmail.com>:Ivan Nikulin <ifaaan@gmail.com>' CARGO_PKG_DESCRIPTION='FFI bindings to BoringSSL' CARGO_PKG_HOMEPAGE='' CARGO_PKG_LICENSE=MIT CARGO_PKG_LICENSE_FILE='' CARGO_PKG_NAME=boring-sys2 CARGO_PKG_README=README.md CARGO_PKG_REPOSITORY='https://github.com/0x676e67/boring2' CARGO_PKG_RUST_VERSION='' CARGO_PKG_VERSION=4.15.11 CARGO_PKG_VERSION_MAJOR=4 CARGO_PKG_VERSION_MINOR=15 CARGO_PKG_VERSION_PATCH=11 CARGO_PKG_VERSION_PRE='' LD_LIBRARY_PATH='/app/target/cpython-strict/build/primp-0.15.0/target/release/deps:/app/target/cpython-strict/host-tools/rustup/toolchains/nightly-2025-01-18-x86_64-unknown-linux-gnu/lib:/opt/kendryte-toolchain/bin/:' OUT_DIR=/app/target/cpython-strict/build/primp-0.15.0/target/loongarch64-unknown-linux-musl/release/build/boring-sys2-8323dabab925218a/out /app/target/cpython-strict/host-tools/rustup/toolchains/nightly-2025-01-18-x86_64-unknown-linux-gnu/bin/rustc --crate-name boring_sys2 --edition=2021 /app/target/cpython-strict/host-tools/cargo/registry/src/index.crates.io-1949cf8c6b5b557f/boring-sys2-4.15.11/src/lib.rs --error-format=json --json=diagnostic-rendered-ansi,artifacts,future-incompat --crate-type lib --emit=dep-info,metadata,link -C opt-level=3 -C panic=abort -C linker-plugin-lto -C codegen-units=1 --allow=unexpected_cfgs --check-cfg 'cfg(const_fn)' --cfg 'feature="pq-experimental"' --check-cfg 'cfg(docsrs,test)' --check-cfg 'cfg(feature, values("fips", "fips-link-precompiled", "pq-experimental", "underscore-wildcards"))' -C metadata=f2f890e06c9178bb -C extra-filename=-6b6c1fbc63179392 --out-dir /app/target/cpython-strict/build/primp-0.15.0/target/loongarch64-unknown-linux-musl/release/deps --target loongarch64-unknown-linux-musl -C linker=/app/target/cpython-strict/cross/loongarch64-linux-musl-gcc -C strip=symbols -L dependency=/app/target/cpython-strict/build/primp-0.15.0/target/loongarch64-unknown-linux-musl/release/deps -L dependency=/app/target/cpython-strict/build/primp-0.15.0/target/release/deps --cap-lints warn -C target-feature=-ual -C target-feature=-crt-static -L native=/app/target/cpython-strict/build/primp-0.15.0/target/loongarch64-unknown-linux-musl/release/build/boring-sys2-8323dabab925218a/out/lib/ -l stdc++ -l static=crypto -l static=ssl`
   Compiling boring2 v4.15.11
     Running `CARGO=/app/target/cpython-strict/host-tools/rustup/toolchains/nightly-2025-01-18-x86_64-unknown-linux-gnu/bin/cargo CARGO_CRATE_NAME=boring2 CARGO_MANIFEST_DIR=/app/target/cpython-strict/host-tools/cargo/registry/src/index.crates.io-1949cf8c6b5b557f/boring2-4.15.11 CARGO_MANIFEST_PATH=/app/target/cpython-strict/host-tools/cargo/registry/src/index.crates.io-1949cf8c6b5b557f/boring2-4.15.11/Cargo.toml CARGO_PKG_AUTHORS='Steven Fackler <sfackler@gmail.com>:Ivan Nikulin <ifaaan@gmail.com>' CARGO_PKG_DESCRIPTION='BoringSSL bindings' CARGO_PKG_HOMEPAGE='' CARGO_PKG_LICENSE=Apache-2.0 CARGO_PKG_LICENSE_FILE='' CARGO_PKG_NAME=boring2 CARGO_PKG_README=README.md CARGO_PKG_REPOSITORY='https://github.com/0x676e67/boring2' CARGO_PKG_RUST_VERSION=1.80 CARGO_PKG_VERSION=4.15.11 CARGO_PKG_VERSION_MAJOR=4 CARGO_PKG_VERSION_MINOR=15 CARGO_PKG_VERSION_PATCH=11 CARGO_PKG_VERSION_PRE='' LD_LIBRARY_PATH='/app/target/cpython-strict/build/primp-0.15.0/target/release/deps:/app/target/cpython-strict/host-tools/rustup/toolchains/nightly-2025-01-18-x86_64-unknown-linux-gnu/lib:/opt/kendryte-toolchain/bin/:' /app/target/cpython-strict/host-tools/rustup/toolchains/nightly-2025-01-18-x86_64-unknown-linux-gnu/bin/rustc --crate-name boring2 --edition=2021 /app/target/cpython-strict/host-tools/cargo/registry/src/index.crates.io-1949cf8c6b5b557f/boring2-4.15.11/src/lib.rs --error-format=json --json=diagnostic-rendered-ansi,artifacts,future-incompat --crate-type lib --emit=dep-info,metadata,link -C opt-level=3 -C panic=abort -C linker-plugin-lto -C codegen-units=1 --cfg 'feature="pq-experimental"' --check-cfg 'cfg(docsrs,test)' --check-cfg 'cfg(feature, values("brotli", "cert-compression", "fips", "fips-compat", "fips-link-precompiled", "fips-no-compat", "flate2", "kx-client-nist-required", "kx-client-pq-preferred", "kx-client-pq-supported", "kx-safe-default", "pq-experimental", "underscore-wildcards", "zstd"))' -C metadata=7fe672f3fcec1367 -C extra-filename=-7fe373d6f0c889f9 --out-dir /app/target/cpython-strict/build/primp-0.15.0/target/loongarch64-unknown-linux-musl/release/deps --target loongarch64-unknown-linux-musl -C linker=/app/target/cpython-strict/cross/loongarch64-linux-musl-gcc -C strip=symbols -L dependency=/app/target/cpython-strict/build/primp-0.15.0/target/loongarch64-unknown-linux-musl/release/deps -L dependency=/app/target/cpython-strict/build/primp-0.15.0/target/release/deps --extern bitflags=/app/target/cpython-strict/build/primp-0.15.0/target/loongarch64-unknown-linux-musl/release/deps/libbitflags-8a5a1e2f06d96494.rmeta --extern boring_sys=/app/target/cpython-strict/build/primp-0.15.0/target/loongarch64-unknown-linux-musl/release/deps/libboring_sys2-6b6c1fbc63179392.rmeta --extern foreign_types=/app/target/cpython-strict/build/primp-0.15.0/target/loongarch64-unknown-linux-musl/release/deps/libforeign_types-b62dd449e7a4d1ca.rmeta --extern libc=/app/target/cpython-strict/build/primp-0.15.0/target/loongarch64-unknown-linux-musl/release/deps/liblibc-528e33ec45ba290f.rmeta --extern openssl_macros=/app/target/cpython-strict/build/primp-0.15.0/target/release/deps/libopenssl_macros-1947cef8adf1ffaa.so --cap-lints warn -C target-feature=-ual -C target-feature=-crt-static -L native=/app/target/cpython-strict/build/primp-0.15.0/target/loongarch64-unknown-linux-musl/release/build/boring-sys2-8323dabab925218a/out/lib/`
warning: `boring-sys2` (lib) generated 1 warning (1 duplicate)
warning: use of deprecated type alias `libc::time_t`: This type is changed to 64-bit in musl 1.2.0, we'll follow that change in the future release. See #1848 for more info.
  --> /app/target/cpython-strict/host-tools/cargo/registry/src/index.crates.io-1949cf8c6b5b557f/boring2-4.15.11/src/asn1.rs:29:35
   |
29 | use libc::{c_char, c_int, c_long, time_t};
   |                                   ^^^^^^
   |
   = note: `#[warn(deprecated)]` on by default

warning: use of deprecated type alias `libc::time_t`: This type is changed to 64-bit in musl 1.2.0, we'll follow that change in the future release. See #1848 for more info.
   --> /app/target/cpython-strict/host-tools/cargo/registry/src/index.crates.io-1949cf8c6b5b557f/boring2-4.15.11/src/asn1.rs:312:28
    |
312 |     pub fn from_unix(time: time_t) -> Result<Asn1Time, ErrorStack> {
    |                            ^^^^^^

warning: use of deprecated type alias `libc::time_t`: This type is changed to 64-bit in musl 1.2.0, we'll follow that change in the future release. See #1848 for more info.
 --> /app/target/cpython-strict/host-tools/cargo/registry/src/index.crates.io-1949cf8c6b5b557f/boring2-4.15.11/src/x509/verify.rs:3:36
  |
3 | use libc::{c_int, c_uint, c_ulong, time_t};
  |                                    ^^^^^^

warning: use of deprecated type alias `libc::time_t`: This type is changed to 64-bit in musl 1.2.0, we'll follow that change in the future release. See #1848 for more info.
   --> /app/target/cpython-strict/host-tools/cargo/registry/src/index.crates.io-1949cf8c6b5b557f/boring2-4.15.11/src/x509/verify.rs:176:38
    |
176 |     pub fn set_time(&mut self, time: time_t) {
    |                                      ^^^^^^

   Compiling tokio-boring2 v4.15.11
     Running `CARGO=/app/target/cpython-strict/host-tools/rustup/toolchains/nightly-2025-01-18-x86_64-unknown-linux-gnu/bin/cargo CARGO_CRATE_NAME=tokio_boring2 CARGO_MANIFEST_DIR=/app/target/cpython-strict/host-tools/cargo/registry/src/index.crates.io-1949cf8c6b5b557f/tokio-boring2-4.15.11 CARGO_MANIFEST_PATH=/app/target/cpython-strict/host-tools/cargo/registry/src/index.crates.io-1949cf8c6b5b557f/tokio-boring2-4.15.11/Cargo.toml CARGO_PKG_AUTHORS='Alex Crichton <alex@alexcrichton.com>:Ivan Nikulin <ifaaan@gmail.com>' CARGO_PKG_DESCRIPTION='An implementation of SSL streams for Tokio backed by BoringSSL
' CARGO_PKG_HOMEPAGE='https://github.com/0x676e67/boring2' CARGO_PKG_LICENSE='MIT OR Apache-2.0' CARGO_PKG_LICENSE_FILE='' CARGO_PKG_NAME=tokio-boring2 CARGO_PKG_README=README.md CARGO_PKG_REPOSITORY='https://github.com/0x676e67/boring2' CARGO_PKG_RUST_VERSION='' CARGO_PKG_VERSION=4.15.11 CARGO_PKG_VERSION_MAJOR=4 CARGO_PKG_VERSION_MINOR=15 CARGO_PKG_VERSION_PATCH=11 CARGO_PKG_VERSION_PRE='' LD_LIBRARY_PATH='/app/target/cpython-strict/build/primp-0.15.0/target/release/deps:/app/target/cpython-strict/host-tools/rustup/toolchains/nightly-2025-01-18-x86_64-unknown-linux-gnu/lib:/opt/kendryte-toolchain/bin/:' /app/target/cpython-strict/host-tools/rustup/toolchains/nightly-2025-01-18-x86_64-unknown-linux-gnu/bin/rustc --crate-name tokio_boring2 --edition=2021 /app/target/cpython-strict/host-tools/cargo/registry/src/index.crates.io-1949cf8c6b5b557f/tokio-boring2-4.15.11/src/lib.rs --error-format=json --json=diagnostic-rendered-ansi,artifacts,future-incompat --crate-type lib --emit=dep-info,metadata,link -C opt-level=3 -C panic=abort -C linker-plugin-lto -C codegen-units=1 --cfg 'feature="pq-experimental"' --check-cfg 'cfg(docsrs,test)' --check-cfg 'cfg(feature, values("fips", "fips-link-precompiled", "fips-no-compat", "pq-experimental"))' -C metadata=cf3374c9c3305658 -C extra-filename=-593f25406c771a72 --out-dir /app/target/cpython-strict/build/primp-0.15.0/target/loongarch64-unknown-linux-musl/release/deps --target loongarch64-unknown-linux-musl -C linker=/app/target/cpython-strict/cross/loongarch64-linux-musl-gcc -C strip=symbols -L dependency=/app/target/cpython-strict/build/primp-0.15.0/target/loongarch64-unknown-linux-musl/release/deps -L dependency=/app/target/cpython-strict/build/primp-0.15.0/target/release/deps --extern boring_sys=/app/target/cpython-strict/build/primp-0.15.0/target/loongarch64-unknown-linux-musl/release/deps/libboring_sys2-6b6c1fbc63179392.rmeta --extern boring=/app/target/cpython-strict/build/primp-0.15.0/target/loongarch64-unknown-linux-musl/release/deps/libboring2-7fe373d6f0c889f9.rmeta --extern tokio=/app/target/cpython-strict/build/primp-0.15.0/target/loongarch64-unknown-linux-musl/release/deps/libtokio-a9e1076261fd66b2.rmeta --cap-lints warn -C target-feature=-ual -C target-feature=-crt-static -L native=/app/target/cpython-strict/build/primp-0.15.0/target/loongarch64-unknown-linux-musl/release/build/boring-sys2-8323dabab925218a/out/lib/`
   Compiling rquest v2.2.1
     Running `CARGO=/app/target/cpython-strict/host-tools/rustup/toolchains/nightly-2025-01-18-x86_64-unknown-linux-gnu/bin/cargo CARGO_CRATE_NAME=rquest CARGO_MANIFEST_DIR=/app/target/cpython-strict/host-tools/cargo/registry/src/index.crates.io-1949cf8c6b5b557f/rquest-2.2.1 CARGO_MANIFEST_PATH=/app/target/cpython-strict/host-tools/cargo/registry/src/index.crates.io-1949cf8c6b5b557f/rquest-2.2.1/Cargo.toml CARGO_PKG_AUTHORS='0x676e67 <gngppz@gmail.com>' CARGO_PKG_DESCRIPTION='An ergonomic, all-in-one HTTP Client for spoofing any browser with TLS, JA3/JA4, and HTTP2 fingerprints' CARGO_PKG_HOMEPAGE='' CARGO_PKG_LICENSE=Apache-2.0 CARGO_PKG_LICENSE_FILE='' CARGO_PKG_NAME=rquest CARGO_PKG_README=README.md CARGO_PKG_REPOSITORY='https://github.com/0x676e67/rquest' CARGO_PKG_RUST_VERSION=1.80 CARGO_PKG_VERSION=2.2.1 CARGO_PKG_VERSION_MAJOR=2 CARGO_PKG_VERSION_MINOR=2 CARGO_PKG_VERSION_PATCH=1 CARGO_PKG_VERSION_PRE='' LD_LIBRARY_PATH='/app/target/cpython-strict/build/primp-0.15.0/target/release/deps:/app/target/cpython-strict/host-tools/rustup/toolchains/nightly-2025-01-18-x86_64-unknown-linux-gnu/lib:/opt/kendryte-toolchain/bin/:' /app/target/cpython-strict/host-tools/rustup/toolchains/nightly-2025-01-18-x86_64-unknown-linux-gnu/bin/rustc --crate-name rquest --edition=2021 /app/target/cpython-strict/host-tools/cargo/registry/src/index.crates.io-1949cf8c6b5b557f/rquest-2.2.1/src/lib.rs --error-format=json --json=diagnostic-rendered-ansi,artifacts,future-incompat --crate-type lib --emit=dep-info,metadata,link -C opt-level=3 -C panic=abort -C linker-plugin-lto -C codegen-units=1 --cfg 'feature="brotli"' --cfg 'feature="charset"' --cfg 'feature="cookies"' --cfg 'feature="default"' --cfg 'feature="deflate"' --cfg 'feature="gzip"' --cfg 'feature="json"' --cfg 'feature="multipart"' --cfg 'feature="socks"' --cfg 'feature="stream"' --cfg 'feature="webpki-roots"' --cfg 'feature="zstd"' --check-cfg 'cfg(docsrs,test)' --check-cfg 'cfg(feature, values("brotli", "charset", "cookies", "default", "deflate", "full", "gzip", "hickory-dns", "http2-tracing", "internal_proxy_sys_no_cache", "json", "multipart", "native-roots", "socks", "stream", "webpki-roots", "websocket", "zstd"))' -C metadata=c62b1a2e39145490 -C extra-filename=-8881948b0cab5c58 --out-dir /app/target/cpython-strict/build/primp-0.15.0/target/loongarch64-unknown-linux-musl/release/deps --target loongarch64-unknown-linux-musl -C linker=/app/target/cpython-strict/cross/loongarch64-linux-musl-gcc -C strip=symbols -L dependency=/app/target/cpython-strict/build/primp-0.15.0/target/loongarch64-unknown-linux-musl/release/deps -L dependency=/app/target/cpython-strict/build/primp-0.15.0/target/release/deps --extern antidote=/app/target/cpython-strict/build/primp-0.15.0/target/loongarch64-unknown-linux-musl/release/deps/libantidote-65959889802026c7.rmeta --extern async_compression=/app/target/cpython-strict/build/primp-0.15.0/target/loongarch64-unknown-linux-musl/release/deps/libasync_compression-ab6e091a79f18bdb.rmeta --extern base64=/app/target/cpython-strict/build/primp-0.15.0/target/loongarch64-unknown-linux-musl/release/deps/libbase64-fd6f7be6a7e0eb98.rmeta --extern boring_sys2=/app/target/cpython-strict/build/primp-0.15.0/target/loongarch64-unknown-linux-musl/release/deps/libboring_sys2-6b6c1fbc63179392.rmeta --extern boring2=/app/target/cpython-strict/build/primp-0.15.0/target/loongarch64-unknown-linux-musl/release/deps/libboring2-7fe373d6f0c889f9.rmeta --extern brotli=/app/target/cpython-strict/build/primp-0.15.0/target/loongarch64-unknown-linux-musl/release/deps/libbrotli-2b9706ff18fc6d22.rmeta --extern bytes=/app/target/cpython-strict/build/primp-0.15.0/target/loongarch64-unknown-linux-musl/release/deps/libbytes-1ddf7578ed688089.rmeta --extern cookie_crate=/app/target/cpython-strict/build/primp-0.15.0/target/loongarch64-unknown-linux-musl/release/deps/libcookie-e4e9b34f679dab02.rmeta --extern cookie_store=/app/target/cpython-strict/build/primp-0.15.0/target/loongarch64-unknown-linux-musl/release/deps/libcookie_store-5d5468cdf2f78cd4.rmeta --extern encoding_rs=/app/target/cpython-strict/build/primp-0.15.0/target/loongarch64-unknown-linux-musl/release/deps/libencoding_rs-f87a61cc81a9b692.rmeta --extern flate2=/app/target/cpython-strict/build/primp-0.15.0/target/loongarch64-unknown-linux-musl/release/deps/libflate2-4f466070cf988cda.rmeta --extern foreign_types=/app/target/cpython-strict/build/primp-0.15.0/target/loongarch64-unknown-linux-musl/release/deps/libforeign_types-b62dd449e7a4d1ca.rmeta --extern futures_util=/app/target/cpython-strict/build/primp-0.15.0/target/loongarch64-unknown-linux-musl/release/deps/libfutures_util-56480fb66acd07d6.rmeta --extern http=/app/target/cpython-strict/build/primp-0.15.0/target/loongarch64-unknown-linux-musl/release/deps/libhttp-b4e6733cf463dcb5.rmeta --extern http_body=/app/target/cpython-strict/build/primp-0.15.0/target/loongarch64-unknown-linux-musl/release/deps/libhttp_body-098692a4b21fd06c.rmeta --extern http_body_util=/app/target/cpython-strict/build/primp-0.15.0/target/loongarch64-unknown-linux-musl/release/deps/libhttp_body_util-d80eebc480be6b95.rmeta --extern hyper2=/app/target/cpython-strict/build/primp-0.15.0/target/loongarch64-unknown-linux-musl/release/deps/libhyper2-d8d82dd2598c3df3.rmeta --extern ipnet=/app/target/cpython-strict/build/primp-0.15.0/target/loongarch64-unknown-linux-musl/release/deps/libipnet-a04a5220f9498c4f.rmeta --extern linked_hash_set=/app/target/cpython-strict/build/primp-0.15.0/target/loongarch64-unknown-linux-musl/release/deps/liblinked_hash_set-9beb5fcafae10411.rmeta --extern log=/app/target/cpython-strict/build/primp-0.15.0/target/loongarch64-unknown-linux-musl/release/deps/liblog-98eb0ac78b64de9a.rmeta --extern lru=/app/target/cpython-strict/build/primp-0.15.0/target/loongarch64-unknown-linux-musl/release/deps/liblru-d4cabcc69e7da628.rmeta --extern mime=/app/target/cpython-strict/build/primp-0.15.0/target/loongarch64-unknown-linux-musl/release/deps/libmime-1151b75447f95fc4.rmeta --extern mime_guess=/app/target/cpython-strict/build/primp-0.15.0/target/loongarch64-unknown-linux-musl/release/deps/libmime_guess-042880a3870aa83a.rmeta --extern percent_encoding=/app/target/cpython-strict/build/primp-0.15.0/target/loongarch64-unknown-linux-musl/release/deps/libpercent_encoding-8eb9336de638337c.rmeta --extern pin_project_lite=/app/target/cpython-strict/build/primp-0.15.0/target/loongarch64-unknown-linux-musl/release/deps/libpin_project_lite-50dcae2c8ff1a98e.rmeta --extern serde=/app/target/cpython-strict/build/primp-0.15.0/target/loongarch64-unknown-linux-musl/release/deps/libserde-42659d74a8c85009.rmeta --extern serde_json=/app/target/cpython-strict/build/primp-0.15.0/target/loongarch64-unknown-linux-musl/release/deps/libserde_json-1346b9d3ad8901dc.rmeta --extern serde_urlencoded=/app/target/cpython-strict/build/primp-0.15.0/target/loongarch64-unknown-linux-musl/release/deps/libserde_urlencoded-17164fc43cf541e9.rmeta --extern socket2=/app/target/cpython-strict/build/primp-0.15.0/target/loongarch64-unknown-linux-musl/release/deps/libsocket2-f9fffe543c2c54e9.rmeta --extern sync_wrapper=/app/target/cpython-strict/build/primp-0.15.0/target/loongarch64-unknown-linux-musl/release/deps/libsync_wrapper-7dbf6c82341057de.rmeta --extern tokio=/app/target/cpython-strict/build/primp-0.15.0/target/loongarch64-unknown-linux-musl/release/deps/libtokio-a9e1076261fd66b2.rmeta --extern tokio_boring2=/app/target/cpython-strict/build/primp-0.15.0/target/loongarch64-unknown-linux-musl/release/deps/libtokio_boring2-593f25406c771a72.rmeta --extern tokio_socks=/app/target/cpython-strict/build/primp-0.15.0/target/loongarch64-unknown-linux-musl/release/deps/libtokio_socks-c437f5f66af5c6db.rmeta --extern tokio_util=/app/target/cpython-strict/build/primp-0.15.0/target/loongarch64-unknown-linux-musl/release/deps/libtokio_util-feca4f0f0ee3e67f.rmeta --extern tower=/app/target/cpython-strict/build/primp-0.15.0/target/loongarch64-unknown-linux-musl/release/deps/libtower-6051da15cc67a36e.rmeta --extern tower_service=/app/target/cpython-strict/build/primp-0.15.0/target/loongarch64-unknown-linux-musl/release/deps/libtower_service-01b60b32617db644.rmeta --extern typed_builder=/app/target/cpython-strict/build/primp-0.15.0/target/loongarch64-unknown-linux-musl/release/deps/libtyped_builder-7681d498334413bc.rmeta --extern url=/app/target/cpython-strict/build/primp-0.15.0/target/loongarch64-unknown-linux-musl/release/deps/liburl-32c77a4f76a664af.rmeta --extern webpki_root_certs=/app/target/cpython-strict/build/primp-0.15.0/target/loongarch64-unknown-linux-musl/release/deps/libwebpki_root_certs-e4c8bb18b5c2d201.rmeta --extern zstd=/app/target/cpython-strict/build/primp-0.15.0/target/loongarch64-unknown-linux-musl/release/deps/libzstd-b54092e90da20b58.rmeta --cap-lints warn -C target-feature=-ual -C target-feature=-crt-static -L native=/app/target/cpython-strict/build/primp-0.15.0/target/loongarch64-unknown-linux-musl/release/build/zstd-sys-292d0356197036f9/out -L native=/app/target/cpython-strict/build/primp-0.15.0/target/loongarch64-unknown-linux-musl/release/build/boring-sys2-8323dabab925218a/out/lib/`
warning: `tokio-boring2` (lib) generated 1 warning (1 duplicate)
warning: `boring2` (lib) generated 5 warnings (1 duplicate)
warning: `rquest` (lib) generated 1 warning (1 duplicate)
   Compiling primp v0.15.0 (/app/target/cpython-strict/build/primp-0.15.0)
     Running `CARGO=/app/target/cpython-strict/host-tools/rustup/toolchains/nightly-2025-01-18-x86_64-unknown-linux-gnu/bin/cargo CARGO_CRATE_NAME=primp CARGO_MANIFEST_DIR=/app/target/cpython-strict/build/primp-0.15.0 CARGO_MANIFEST_PATH=/app/target/cpython-strict/build/primp-0.15.0/Cargo.toml CARGO_PKG_AUTHORS=deedy5 CARGO_PKG_DESCRIPTION='HTTP client that can impersonate web browsers, mimicking their headers and `TLS/JA3/JA4/HTTP2` fingerprints' CARGO_PKG_HOMEPAGE='' CARGO_PKG_LICENSE='' CARGO_PKG_LICENSE_FILE='' CARGO_PKG_NAME=primp CARGO_PKG_README=README.md CARGO_PKG_REPOSITORY='' CARGO_PKG_RUST_VERSION='' CARGO_PKG_VERSION=0.15.0 CARGO_PKG_VERSION_MAJOR=0 CARGO_PKG_VERSION_MINOR=15 CARGO_PKG_VERSION_PATCH=0 CARGO_PKG_VERSION_PRE='' CARGO_PRIMARY_PACKAGE=1 LD_LIBRARY_PATH='/app/target/cpython-strict/build/primp-0.15.0/target/release/deps:/app/target/cpython-strict/host-tools/rustup/toolchains/nightly-2025-01-18-x86_64-unknown-linux-gnu/lib:/opt/kendryte-toolchain/bin/:' /app/target/cpython-strict/host-tools/rustup/toolchains/nightly-2025-01-18-x86_64-unknown-linux-gnu/bin/rustc --crate-name primp --edition=2021 src/lib.rs --error-format=json --json=diagnostic-rendered-ansi,artifacts,future-incompat --crate-type cdylib --emit=dep-info,link -C opt-level=3 -C panic=abort -C lto=fat -C codegen-units=1 --check-cfg 'cfg(docsrs,test)' --check-cfg 'cfg(feature, values())' -C metadata=de3540d1cd471a60 --out-dir /app/target/cpython-strict/build/primp-0.15.0/target/loongarch64-unknown-linux-musl/release/deps --target loongarch64-unknown-linux-musl -C linker=/app/target/cpython-strict/cross/loongarch64-linux-musl-gcc -C strip=symbols -L dependency=/app/target/cpython-strict/build/primp-0.15.0/target/loongarch64-unknown-linux-musl/release/deps -L dependency=/app/target/cpython-strict/build/primp-0.15.0/target/release/deps --extern anyhow=/app/target/cpython-strict/build/primp-0.15.0/target/loongarch64-unknown-linux-musl/release/deps/libanyhow-34edc6584a8e4427.rlib --extern encoding_rs=/app/target/cpython-strict/build/primp-0.15.0/target/loongarch64-unknown-linux-musl/release/deps/libencoding_rs-f87a61cc81a9b692.rlib --extern foldhash=/app/target/cpython-strict/build/primp-0.15.0/target/loongarch64-unknown-linux-musl/release/deps/libfoldhash-c785ad840bef53ff.rlib --extern html2text=/app/target/cpython-strict/build/primp-0.15.0/target/loongarch64-unknown-linux-musl/release/deps/libhtml2text-40bc03ec90f08942.rlib --extern http=/app/target/cpython-strict/build/primp-0.15.0/target/loongarch64-unknown-linux-musl/release/deps/libhttp-b4e6733cf463dcb5.rlib --extern http_body_util=/app/target/cpython-strict/build/primp-0.15.0/target/loongarch64-unknown-linux-musl/release/deps/libhttp_body_util-d80eebc480be6b95.rlib --extern indexmap=/app/target/cpython-strict/build/primp-0.15.0/target/loongarch64-unknown-linux-musl/release/deps/libindexmap-3fc938989565c5db.rlib --extern mime=/app/target/cpython-strict/build/primp-0.15.0/target/loongarch64-unknown-linux-musl/release/deps/libmime-1151b75447f95fc4.rlib --extern pyo3=/app/target/cpython-strict/build/primp-0.15.0/target/loongarch64-unknown-linux-musl/release/deps/libpyo3-484a1bdc78bc574b.rlib --extern pyo3_log=/app/target/cpython-strict/build/primp-0.15.0/target/loongarch64-unknown-linux-musl/release/deps/libpyo3_log-094b44b0e6c1a466.rlib --extern pythonize=/app/target/cpython-strict/build/primp-0.15.0/target/loongarch64-unknown-linux-musl/release/deps/libpythonize-c9b3063814f1733b.rlib --extern rand=/app/target/cpython-strict/build/primp-0.15.0/target/loongarch64-unknown-linux-musl/release/deps/librand-bdb43e47bc8dfd2e.rlib --extern rquest=/app/target/cpython-strict/build/primp-0.15.0/target/loongarch64-unknown-linux-musl/release/deps/librquest-8881948b0cab5c58.rlib --extern serde_json=/app/target/cpython-strict/build/primp-0.15.0/target/loongarch64-unknown-linux-musl/release/deps/libserde_json-1346b9d3ad8901dc.rlib --extern tokio=/app/target/cpython-strict/build/primp-0.15.0/target/loongarch64-unknown-linux-musl/release/deps/libtokio-a9e1076261fd66b2.rlib --extern tokio_util=/app/target/cpython-strict/build/primp-0.15.0/target/loongarch64-unknown-linux-musl/release/deps/libtokio_util-feca4f0f0ee3e67f.rlib --extern tracing=/app/target/cpython-strict/build/primp-0.15.0/target/loongarch64-unknown-linux-musl/release/deps/libtracing-86263fc29c5576c3.rlib --extern webpki_root_certs=/app/target/cpython-strict/build/primp-0.15.0/target/loongarch64-unknown-linux-musl/release/deps/libwebpki_root_certs-e4c8bb18b5c2d201.rlib -C target-feature=-ual -C target-feature=-crt-static -L native=/app/target/cpython-strict/build/primp-0.15.0/target/loongarch64-unknown-linux-musl/release/build/zstd-sys-292d0356197036f9/out -L native=/app/target/cpython-strict/build/primp-0.15.0/target/loongarch64-unknown-linux-musl/release/build/boring-sys2-8323dabab925218a/out/lib/`
warning: method `to_string` is never used
  --> src/traits.rs:69:8
   |
68 | pub trait CookiesTraits {
   |           ------------- method in this trait
69 |     fn to_string(&self) -> String;
   |        ^^^^^^^^^
   |
   = note: `#[warn(dead_code)]` on by default

warning: `primp` (lib) generated 2 warnings (1 duplicate)
    Finished `release` profile [optimized] target(s) in 2m 46s
[2m2026-07-18T04:38:08.411023Z[0m [32m INFO[0m [1mbuild_wheels[0m:[1mwarn_missing_py_init[0m: [2mmaturin::compile[0m[2m:[0m close [3mtime.busy[0m[2m=[0m7.04ms [3mtime.idle[0m[2m=[0m1.92µs
[2m2026-07-18T04:38:08.437402Z[0m [34mDEBUG[0m [1mbuild_wheels[0m: [2mmaturin::module_writer[0m[2m:[0m Adding primp-0.15.0.dist-info/METADATA
[2m2026-07-18T04:38:08.442602Z[0m [34mDEBUG[0m [1mbuild_wheels[0m: [2mmaturin::module_writer[0m[2m:[0m Adding primp-0.15.0.dist-info/WHEEL
[2m2026-07-18T04:38:08.444403Z[0m [34mDEBUG[0m [1mbuild_wheels[0m: [2mmaturin::module_writer[0m[2m:[0m Adding primp-0.15.0.dist-info/licenses/LICENSE from /app/target/cpython-strict/build/primp-0.15.0/LICENSE
[2m2026-07-18T04:38:08.449055Z[0m [34mDEBUG[0m [1mbuild_wheels[0m:[1mwrite_bindings_module[0m: [2mignore::gitignore[0m[2m:[0m opened gitignore file: /app/.gitignore    
[2m2026-07-18T04:38:08.451118Z[0m [34mDEBUG[0m [1mbuild_wheels[0m:[1mwrite_bindings_module[0m: [2mglobset[0m[2m:[0m glob converted to regex: Glob { glob: "**/.aider*", re: "(?-u)^(?:/?|.*/)\\.aider[^/]*$", opts: GlobOptions { case_insensitive: false, literal_separator: true, backslash_escape: true, empty_alternates: false }, tokens: Tokens([RecursivePrefix, Literal('.'), Literal('a'), Literal('i'), Literal('d'), Literal('e'), Literal('r'), ZeroOrMore]) }    
[2m2026-07-18T04:38:08.453681Z[0m [34mDEBUG[0m [1mbuild_wheels[0m:[1mwrite_bindings_module[0m: [2mglobset[0m[2m:[0m glob converted to regex: Glob { glob: "user/tools/*/tests/cpython/bin", re: "(?-u)^user/tools/[^/]*/tests/cpython/bin$", opts: GlobOptions { case_insensitive: false, literal_separator: true, backslash_escape: true, empty_alternates: false }, tokens: Tokens([Literal('u'), Literal('s'), Literal('e'), Literal('r'), Literal('/'), Literal('t'), Literal('o'), Literal('o'), Literal('l'), Literal('s'), Literal('/'), ZeroOrMore, Literal('/'), Literal('t'), Literal('e'), Literal('s'), Literal('t'), Literal('s'), Literal('/'), Literal('c'), Literal('p'), Literal('y'), Literal('t'), Literal('h'), Literal('o'), Literal('n'), Literal('/'), Literal('b'), Literal('i'), Literal('n')]) }    
[2m2026-07-18T04:38:08.453703Z[0m [34mDEBUG[0m [1mbuild_wheels[0m:[1mwrite_bindings_module[0m: [2mglobset[0m[2m:[0m glob converted to regex: Glob { glob: "user/tools/*/tests/cpython/lib", re: "(?-u)^user/tools/[^/]*/tests/cpython/lib$", opts: GlobOptions { case_insensitive: false, literal_separator: true, backslash_escape: true, empty_alternates: false }, tokens: Tokens([Literal('u'), Literal('s'), Literal('e'), Literal('r'), Literal('/'), Literal('t'), Literal('o'), Literal('o'), Literal('l'), Literal('s'), Literal('/'), ZeroOrMore, Literal('/'), Literal('t'), Literal('e'), Literal('s'), Literal('t'), Literal('s'), Literal('/'), Literal('c'), Literal('p'), Literal('y'), Literal('t'), Literal('h'), Literal('o'), Literal('n'), Literal('/'), Literal('l'), Literal('i'), Literal('b')]) }    
[2m2026-07-18T04:38:08.453707Z[0m [34mDEBUG[0m [1mbuild_wheels[0m:[1mwrite_bindings_module[0m: [2mglobset[0m[2m:[0m glob converted to regex: Glob { glob: "user/tools/*/tests/cpython/usr", re: "(?-u)^user/tools/[^/]*/tests/cpython/usr$", opts: GlobOptions { case_insensitive: false, literal_separator: true, backslash_escape: true, empty_alternates: false }, tokens: Tokens([Literal('u'), Literal('s'), Literal('e'), Literal('r'), Literal('/'), Literal('t'), Literal('o'), Literal('o'), Literal('l'), Literal('s'), Literal('/'), ZeroOrMore, Literal('/'), Literal('t'), Literal('e'), Literal('s'), Literal('t'), Literal('s'), Literal('/'), Literal('c'), Literal('p'), Literal('y'), Literal('t'), Literal('h'), Literal('o'), Literal('n'), Literal('/'), Literal('u'), Literal('s'), Literal('r')]) }    
[2m2026-07-18T04:38:08.453710Z[0m [34mDEBUG[0m [1mbuild_wheels[0m:[1mwrite_bindings_module[0m: [2mglobset[0m[2m:[0m glob converted to regex: Glob { glob: "user/tools/*/tests/cpython/etc", re: "(?-u)^user/tools/[^/]*/tests/cpython/etc$", opts: GlobOptions { case_insensitive: false, literal_separator: true, backslash_escape: true, empty_alternates: false }, tokens: Tokens([Literal('u'), Literal('s'), Literal('e'), Literal('r'), Literal('/'), Literal('t'), Literal('o'), Literal('o'), Literal('l'), Literal('s'), Literal('/'), ZeroOrMore, Literal('/'), Literal('t'), Literal('e'), Literal('s'), Literal('t'), Literal('s'), Literal('/'), Literal('c'), Literal('p'), Literal('y'), Literal('t'), Literal('h'), Literal('o'), Literal('n'), Literal('/'), Literal('e'), Literal('t'), Literal('c')]) }    
[2m2026-07-18T04:38:08.453713Z[0m [34mDEBUG[0m [1mbuild_wheels[0m:[1mwrite_bindings_module[0m: [2mglobset[0m[2m:[0m glob converted to regex: Glob { glob: "user/tools/*/tests/cpython/var", re: "(?-u)^user/tools/[^/]*/tests/cpython/var$", opts: GlobOptions { case_insensitive: false, literal_separator: true, backslash_escape: true, empty_alternates: false }, tokens: Tokens([Literal('u'), Literal('s'), Literal('e'), Literal('r'), Literal('/'), Literal('t'), Literal('o'), Literal('o'), Literal('l'), Literal('s'), Literal('/'), ZeroOrMore, Literal('/'), Literal('t'), Literal('e'), Literal('s'), Literal('t'), Literal('s'), Literal('/'), Literal('c'), Literal('p'), Literal('y'), Literal('t'), Literal('h'), Literal('o'), Literal('n'), Literal('/'), Literal('v'), Literal('a'), Literal('r')]) }    
[2m2026-07-18T04:38:08.453716Z[0m [34mDEBUG[0m [1mbuild_wheels[0m:[1mwrite_bindings_module[0m: [2mglobset[0m[2m:[0m glob converted to regex: Glob { glob: "user/tools/*/tests/cpython/tmp", re: "(?-u)^user/tools/[^/]*/tests/cpython/tmp$", opts: GlobOptions { case_insensitive: false, literal_separator: true, backslash_escape: true, empty_alternates: false }, tokens: Tokens([Literal('u'), Literal('s'), Literal('e'), Literal('r'), Literal('/'), Literal('t'), Literal('o'), Literal('o'), Literal('l'), Literal('s'), Literal('/'), ZeroOrMore, Literal('/'), Literal('t'), Literal('e'), Literal('s'), Literal('t'), Literal('s'), Literal('/'), Literal('c'), Literal('p'), Literal('y'), Literal('t'), Literal('h'), Literal('o'), Literal('n'), Literal('/'), Literal('t'), Literal('m'), Literal('p')]) }    
[2m2026-07-18T04:38:08.453734Z[0m [34mDEBUG[0m [1mbuild_wheels[0m:[1mwrite_bindings_module[0m: [2mglobset[0m[2m:[0m glob converted to regex: Glob { glob: "user/tools/*/tests/cpython/**/*.so.*", re: "(?-u)^user/tools/[^/]*/tests/cpython(?:/|/.*/)[^/]*\\.so\\.[^/]*$", opts: GlobOptions { case_insensitive: false, literal_separator: true, backslash_escape: true, empty_alternates: false }, tokens: Tokens([Literal('u'), Literal('s'), Literal('e'), Literal('r'), Literal('/'), Literal('t'), Literal('o'), Literal('o'), Literal('l'), Literal('s'), Literal('/'), ZeroOrMore, Literal('/'), Literal('t'), Literal('e'), Literal('s'), Literal('t'), Literal('s'), Literal('/'), Literal('c'), Literal('p'), Literal('y'), Literal('t'), Literal('h'), Literal('o'), Literal('n'), RecursiveZeroOrMore, ZeroOrMore, Literal('.'), Literal('s'), Literal('o'), Literal('.'), ZeroOrMore]) }    
[2m2026-07-18T04:38:08.454035Z[0m [34mDEBUG[0m [1mbuild_wheels[0m:[1mwrite_bindings_module[0m: [2mglobset[0m[2m:[0m built glob set; 16 literals, 20 basenames, 2 extensions, 0 prefixes, 0 suffixes, 8 required extensions, 8 regexes    
[2m2026-07-18T04:38:08.461560Z[0m [34mDEBUG[0m [1mbuild_wheels[0m:[1mwrite_bindings_module[0m: [2mignore::gitignore[0m[2m:[0m opened gitignore file: /app/target/cpython-strict/build/primp-0.15.0/.gitignore    
[2m2026-07-18T04:38:08.462124Z[0m [34mDEBUG[0m [1mbuild_wheels[0m:[1mwrite_bindings_module[0m: [2mglobset[0m[2m:[0m glob converted to regex: Glob { glob: "**/*.py[cod]", re: "(?-u)^(?:/?|.*/)[^/]*\\.py[cod]$", opts: GlobOptions { case_insensitive: false, literal_separator: true, backslash_escape: true, empty_alternates: false }, tokens: Tokens([RecursivePrefix, ZeroOrMore, Literal('.'), Literal('p'), Literal('y'), Class { negated: false, ranges: [('c', 'c'), ('o', 'o'), ('d', 'd')] }]) }    
[2m2026-07-18T04:38:08.462262Z[0m [34mDEBUG[0m [1mbuild_wheels[0m:[1mwrite_bindings_module[0m: [2mglobset[0m[2m:[0m built glob set; 2 literals, 36 basenames, 6 extensions, 0 prefixes, 0 suffixes, 2 required extensions, 1 regexes    
[2m2026-07-18T04:38:08.465393Z[0m [34mDEBUG[0m [1mbuild_wheels[0m:[1mwrite_bindings_module[0m: [2mignore::walk[0m[2m:[0m ignoring /app/target/cpython-strict/build/primp-0.15.0/target: Ignore(IgnoreMatch(Gitignore(Glob { from: Some("/app/target/cpython-strict/build/primp-0.15.0/.gitignore"), original: "/target", actual: "target", is_whitelist: false, is_only_dir: false })))    
[2m2026-07-18T04:38:08.467656Z[0m [34mDEBUG[0m [1mbuild_wheels[0m:[1mwrite_bindings_module[0m: [2mmaturin::module_writer[0m[2m:[0m Adding primp/__init__.py from /app/target/cpython-strict/build/primp-0.15.0/primp/__init__.py
[2m2026-07-18T04:38:08.468908Z[0m [34mDEBUG[0m [1mbuild_wheels[0m:[1mwrite_bindings_module[0m: [2mmaturin::module_writer[0m[2m:[0m Adding primp/py.typed from /app/target/cpython-strict/build/primp-0.15.0/primp/py.typed
[2m2026-07-18T04:38:08.469663Z[0m [34mDEBUG[0m [1mbuild_wheels[0m:[1mwrite_bindings_module[0m: [2mmaturin::module_writer[0m[2m:[0m Adding primp/primp.pyi from /app/target/cpython-strict/build/primp-0.15.0/primp/primp.pyi
[2m2026-07-18T04:38:08.472333Z[0m [34mDEBUG[0m [1mbuild_wheels[0m:[1mwrite_bindings_module[0m: [2mmaturin::module_writer[0m[2m:[0m Adding primp/primp.abi3.so from /app/target/cpython-strict/build/primp-0.15.0/target/loongarch64-unknown-linux-musl/release/maturin/libprimp.so
[2m2026-07-18T04:38:08.760704Z[0m [32m INFO[0m [1mbuild_wheels[0m:[1mwrite_bindings_module[0m: [2mmaturin::module_writer[0m[2m:[0m close [3mtime.busy[0m[2m=[0m315ms [3mtime.idle[0m[2m=[0m2.08µs
[2m2026-07-18T04:38:08.761047Z[0m [34mDEBUG[0m [1mbuild_wheels[0m: [2mmaturin::module_writer[0m[2m:[0m Adding primp-0.15.0.dist-info/RECORD
📦 Built wheel for abi3 Python ≥ 3.8 to /app/target/cpython-strict/build/primp-0.15.0-wheels/primp-0.15.0-cp38-abi3-linux_loongarch64.whl
[2m2026-07-18T04:38:08.764149Z[0m [32m INFO[0m [1mbuild_wheels[0m: [2mmaturin::build_context[0m[2m:[0m close [3mtime.busy[0m[2m=[0m167s [3mtime.idle[0m[2m=[0m1.38µs
boringssl_strict_compile_units=278
