sample_id,test,profile,counter,delta
board_p4_mount-1-92e9af29,board_p4_mount,memory_io,anon_unmap.anon_unmap_active_before_max,64
board_p4_mount-1-92e9af29,board_p4_mount,memory_io,anon_unmap.anon_unmap_active_before_total,164
board_p4_mount-1-92e9af29,board_p4_mount,memory_io,anon_unmap.anon_unmap_area_calls,4
board_p4_mount-1-92e9af29,board_p4_mount,memory_io,anon_unmap.anon_unmap_calls_total,37
board_p4_mount-1-92e9af29,board_p4_mount,memory_io,anon_unmap.anon_unmap_errors_total,0
board_p4_mount-1-92e9af29,board_p4_mount,memory_io,anon_unmap.anon_unmap_pages_gt_4096,0
board_p4_mount-1-92e9af29,board_p4_mount,memory_io,anon_unmap.anon_unmap_pages_le_16,35
board_p4_mount-1-92e9af29,board_p4_mount,memory_io,anon_unmap.anon_unmap_pages_le_256,2
board_p4_mount-1-92e9af29,board_p4_mount,memory_io,anon_unmap.anon_unmap_pages_le_4096,0
board_p4_mount-1-92e9af29,board_p4_mount,memory_io,anon_unmap.anon_unmap_range_calls,33
board_p4_mount-1-92e9af29,board_p4_mount,memory_io,anon_unmap.anon_unmap_requested_pages_total,553
board_p4_mount-1-92e9af29,board_p4_mount,memory_io,anon_unmap.anon_unmap_resident_pages_total,164
board_p4_mount-1-92e9af29,board_p4_mount,memory_io,anon_unmap.anon_unmap_retain_scan_steps_total,4198
board_p4_mount-1-92e9af29,board_p4_mount,memory_io,anon_unmap.anon_unmap_ticks_max,29372
board_p4_mount-1-92e9af29,board_p4_mount,memory_io,anon_unmap.anon_unmap_ticks_total,75966
board_p4_mount-1-92e9af29,board_p4_mount,memory_io,blockio.blk_vread_reqs,0
board_p4_mount-1-92e9af29,board_p4_mount,memory_io,blockio.blk_vread_secs,0
board_p4_mount-1-92e9af29,board_p4_mount,memory_io,blockio.blk_vwrite_reqs,0
board_p4_mount-1-92e9af29,board_p4_mount,memory_io,blockio.blk_vwrite_secs,0
board_p4_mount-1-92e9af29,board_p4_mount,memory_io,blockio.sata_flush_reqs,0
board_p4_mount-1-92e9af29,board_p4_mount,memory_io,blockio.sata_flush_ticks_total,0
board_p4_mount-1-92e9af29,board_p4_mount,memory_io,blockio.sata_read_bytes,0
board_p4_mount-1-92e9af29,board_p4_mount,memory_io,blockio.sata_read_reqs,0
board_p4_mount-1-92e9af29,board_p4_mount,memory_io,blockio.sata_read_ticks_max,0
board_p4_mount-1-92e9af29,board_p4_mount,memory_io,blockio.sata_read_ticks_total,0
board_p4_mount-1-92e9af29,board_p4_mount,memory_io,blockio.sata_write_bytes,0
board_p4_mount-1-92e9af29,board_p4_mount,memory_io,blockio.sata_write_reqs,0
board_p4_mount-1-92e9af29,board_p4_mount,memory_io,blockio.sata_write_ticks_max,0
board_p4_mount-1-92e9af29,board_p4_mount,memory_io,blockio.sata_write_ticks_total,0
board_p4_mount-1-92e9af29,board_p4_mount,memory_io,heap.frame_alloc_hits,1284
board_p4_mount-1-92e9af29,board_p4_mount,memory_io,heap.frame_alloc_ticks_total,2136343
board_p4_mount-1-92e9af29,board_p4_mount,memory_io,heap.frame_alloc_time_count,1284
board_p4_mount-1-92e9af29,board_p4_mount,memory_io,heap.frame_free_hits,1328
board_p4_mount-1-92e9af29,board_p4_mount,memory_io,heap.heap_alloc_calls,102649
board_p4_mount-1-92e9af29,board_p4_mount,memory_io,heap.heap_alloc_ticks_max,177
board_p4_mount-1-92e9af29,board_p4_mount,memory_io,heap.heap_alloc_ticks_total,996905
board_p4_mount-1-92e9af29,board_p4_mount,memory_io,heap.heap_current_bytes,3272
board_p4_mount-1-92e9af29,board_p4_mount,memory_io,heap.heap_dealloc_calls,102642
board_p4_mount-1-92e9af29,board_p4_mount,memory_io,heap.heap_dealloc_scan_steps_total,2909
board_p4_mount-1-92e9af29,board_p4_mount,memory_io,heap.heap_dealloc_ticks_max,224
board_p4_mount-1-92e9af29,board_p4_mount,memory_io,heap.heap_dealloc_ticks_total,4042451
board_p4_mount-1-92e9af29,board_p4_mount,memory_io,heap.heap_free_kb,-4
board_p4_mount-1-92e9af29,board_p4_mount,memory_io,heap.heap_max_bytes,0
board_p4_mount-1-92e9af29,board_p4_mount,memory_io,heap.heap_total_kb,0
board_p4_mount-1-92e9af29,board_p4_mount,memory_io,heap.page_faults,137
board_p4_mount-1-92e9af29,board_p4_mount,memory_io,heap.pagefault_ticks_total,271141
board_p4_mount-1-92e9af29,board_p4_mount,memory_io,heap.pagefault_time_count,137
board_p4_mount-1-92e9af29,board_p4_mount,memory_io,pagecache.pc_copy_cycles,0
board_p4_mount-1-92e9af29,board_p4_mount,memory_io,pagecache.pc_falloc_cycles,0
board_p4_mount-1-92e9af29,board_p4_mount,memory_io,pagecache.pc_lookup_cycles,0
board_p4_mount-1-92e9af29,board_p4_mount,memory_io,pagecache.pc_read_calls,0
board_p4_mount-1-92e9af29,board_p4_mount,memory_io,pagecache.pc_read_cycles,0
board_p4_mount-1-92e9af29,board_p4_mount,memory_io,pagecache.pc_read_hit_cycles,0
board_p4_mount-1-92e9af29,board_p4_mount,memory_io,pagecache.pc_read_miss,0
board_p4_mount-1-92e9af29,board_p4_mount,memory_io,pagecache.pc_read_miss_cycles,0
board_p4_mount-1-92e9af29,board_p4_mount,memory_io,pagecache.pc_read_pages,0
board_p4_mount-1-92e9af29,board_p4_mount,memory_io,pagecache.pc_wb_calls,0
board_p4_mount-1-92e9af29,board_p4_mount,memory_io,pagecache.pc_wb_cycles,0
board_p4_mount-1-92e9af29,board_p4_mount,memory_io,pagecache.pc_wb_pages,0
board_p4_mount-1-92e9af29,board_p4_mount,memory_io,pagecache.pc_write_calls,0
board_p4_mount-1-92e9af29,board_p4_mount,memory_io,pagecache.pc_write_cycles,0
board_p4_mount-1-92e9af29,board_p4_mount,memory_io,pagecache.pc_write_eventually_full,0
board_p4_mount-1-92e9af29,board_p4_mount,memory_io,pagecache.pc_write_overwrite,0
board_p4_mount-1-92e9af29,board_p4_mount,memory_io,pagecache.pc_write_pages,0
board_p4_mount-1-92e9af29,board_p4_mount,memory_io,pagecache.wb_bg_calls,0
board_p4_mount-1-92e9af29,board_p4_mount,memory_io,pagecache.wb_redirty_pages,0
board_p4_mount-1-92e9af29,board_p4_mount,memory_io,pagecache.wb_throttle_calls,0
board_p4_mount-1-92e9af29,board_p4_mount,memory_io,reclaim.clock_evicted,0
board_p4_mount-1-92e9af29,board_p4_mount,memory_io,reclaim.clock_scanned,0
board_p4_mount-1-92e9af29,board_p4_mount,memory_io,reclaim.clock_second_chance,0
board_p4_mount-1-92e9af29,board_p4_mount,memory_io,reclaim.reclaim_pages_freed_total,0
board_p4_mount-1-92e9af29,board_p4_mount,memory_io,reclaim.reclaim_pages_scanned_total,0
board_p4_mount-1-92e9af29,board_p4_mount,memory_io,reclaim.reclaim_runs_total,1032895
board_p4_mount-1-92e9af29,board_p4_mount,memory_io,tlb.tlb_activate,2039
board_p4_mount-1-92e9af29,board_p4_mount,memory_io,tlb.tlb_flushes,6742
board_p4_mount-1-92e9af29,board_p4_mount,memory_io,tlb.tlb_full,14
board_p4_mount-1-92e9af29,board_p4_mount,memory_io,tlb.tlb_global,2020
board_p4_mount-1-92e9af29,board_p4_mount,memory_io,tlb.tlb_page,4708
board_strict_runtime_smoke-1-fb4546ab,board_strict_runtime_smoke,memory_io,anon_unmap.anon_unmap_active_before_max,224
board_strict_runtime_smoke-1-fb4546ab,board_strict_runtime_smoke,memory_io,anon_unmap.anon_unmap_active_before_total,675
board_strict_runtime_smoke-1-fb4546ab,board_strict_runtime_smoke,memory_io,anon_unmap.anon_unmap_area_calls,6
board_strict_runtime_smoke-1-fb4546ab,board_strict_runtime_smoke,memory_io,anon_unmap.anon_unmap_calls_total,153
board_strict_runtime_smoke-1-fb4546ab,board_strict_runtime_smoke,memory_io,anon_unmap.anon_unmap_errors_total,0
board_strict_runtime_smoke-1-fb4546ab,board_strict_runtime_smoke,memory_io,anon_unmap.anon_unmap_pages_gt_4096,0
board_strict_runtime_smoke-1-fb4546ab,board_strict_runtime_smoke,memory_io,anon_unmap.anon_unmap_pages_le_16,149
board_strict_runtime_smoke-1-fb4546ab,board_strict_runtime_smoke,memory_io,anon_unmap.anon_unmap_pages_le_256,4
board_strict_runtime_smoke-1-fb4546ab,board_strict_runtime_smoke,memory_io,anon_unmap.anon_unmap_pages_le_4096,0
board_strict_runtime_smoke-1-fb4546ab,board_strict_runtime_smoke,memory_io,anon_unmap.anon_unmap_range_calls,147
board_strict_runtime_smoke-1-fb4546ab,board_strict_runtime_smoke,memory_io,anon_unmap.anon_unmap_requested_pages_total,1548
board_strict_runtime_smoke-1-fb4546ab,board_strict_runtime_smoke,memory_io,anon_unmap.anon_unmap_resident_pages_total,675
board_strict_runtime_smoke-1-fb4546ab,board_strict_runtime_smoke,memory_io,anon_unmap.anon_unmap_retain_scan_steps_total,31974
board_strict_runtime_smoke-1-fb4546ab,board_strict_runtime_smoke,memory_io,anon_unmap.anon_unmap_ticks_max,147856
board_strict_runtime_smoke-1-fb4546ab,board_strict_runtime_smoke,memory_io,anon_unmap.anon_unmap_ticks_total,365800
board_strict_runtime_smoke-1-fb4546ab,board_strict_runtime_smoke,memory_io,blockio.blk_vread_reqs,0
board_strict_runtime_smoke-1-fb4546ab,board_strict_runtime_smoke,memory_io,blockio.blk_vread_secs,0
board_strict_runtime_smoke-1-fb4546ab,board_strict_runtime_smoke,memory_io,blockio.blk_vwrite_reqs,0
board_strict_runtime_smoke-1-fb4546ab,board_strict_runtime_smoke,memory_io,blockio.blk_vwrite_secs,0
board_strict_runtime_smoke-1-fb4546ab,board_strict_runtime_smoke,memory_io,blockio.sata_flush_reqs,0
board_strict_runtime_smoke-1-fb4546ab,board_strict_runtime_smoke,memory_io,blockio.sata_flush_ticks_total,0
board_strict_runtime_smoke-1-fb4546ab,board_strict_runtime_smoke,memory_io,blockio.sata_read_bytes,3362816
board_strict_runtime_smoke-1-fb4546ab,board_strict_runtime_smoke,memory_io,blockio.sata_read_reqs,756
board_strict_runtime_smoke-1-fb4546ab,board_strict_runtime_smoke,memory_io,blockio.sata_read_ticks_max,126648
board_strict_runtime_smoke-1-fb4546ab,board_strict_runtime_smoke,memory_io,blockio.sata_read_ticks_total,10305323
board_strict_runtime_smoke-1-fb4546ab,board_strict_runtime_smoke,memory_io,blockio.sata_write_bytes,0
board_strict_runtime_smoke-1-fb4546ab,board_strict_runtime_smoke,memory_io,blockio.sata_write_reqs,0
board_strict_runtime_smoke-1-fb4546ab,board_strict_runtime_smoke,memory_io,blockio.sata_write_ticks_max,0
board_strict_runtime_smoke-1-fb4546ab,board_strict_runtime_smoke,memory_io,blockio.sata_write_ticks_total,0
board_strict_runtime_smoke-1-fb4546ab,board_strict_runtime_smoke,memory_io,heap.frame_alloc_hits,3536
board_strict_runtime_smoke-1-fb4546ab,board_strict_runtime_smoke,memory_io,heap.frame_alloc_ticks_total,5910026
board_strict_runtime_smoke-1-fb4546ab,board_strict_runtime_smoke,memory_io,heap.frame_alloc_time_count,3536
board_strict_runtime_smoke-1-fb4546ab,board_strict_runtime_smoke,memory_io,heap.frame_free_hits,4125
board_strict_runtime_smoke-1-fb4546ab,board_strict_runtime_smoke,memory_io,heap.heap_alloc_calls,137027
board_strict_runtime_smoke-1-fb4546ab,board_strict_runtime_smoke,memory_io,heap.heap_alloc_ticks_max,324
board_strict_runtime_smoke-1-fb4546ab,board_strict_runtime_smoke,memory_io,heap.heap_alloc_ticks_total,1428802
board_strict_runtime_smoke-1-fb4546ab,board_strict_runtime_smoke,memory_io,heap.heap_current_bytes,143496
board_strict_runtime_smoke-1-fb4546ab,board_strict_runtime_smoke,memory_io,heap.heap_dealloc_calls,136542
board_strict_runtime_smoke-1-fb4546ab,board_strict_runtime_smoke,memory_io,heap.heap_dealloc_scan_steps_total,118428
board_strict_runtime_smoke-1-fb4546ab,board_strict_runtime_smoke,memory_io,heap.heap_dealloc_ticks_max,3139
board_strict_runtime_smoke-1-fb4546ab,board_strict_runtime_smoke,memory_io,heap.heap_dealloc_ticks_total,5722888
board_strict_runtime_smoke-1-fb4546ab,board_strict_runtime_smoke,memory_io,heap.heap_free_kb,-140
board_strict_runtime_smoke-1-fb4546ab,board_strict_runtime_smoke,memory_io,heap.heap_max_bytes,15256
board_strict_runtime_smoke-1-fb4546ab,board_strict_runtime_smoke,memory_io,heap.heap_total_kb,0
board_strict_runtime_smoke-1-fb4546ab,board_strict_runtime_smoke,memory_io,heap.page_faults,1399
board_strict_runtime_smoke-1-fb4546ab,board_strict_runtime_smoke,memory_io,heap.pagefault_ticks_total,17820116
board_strict_runtime_smoke-1-fb4546ab,board_strict_runtime_smoke,memory_io,heap.pagefault_time_count,1399
board_strict_runtime_smoke-1-fb4546ab,board_strict_runtime_smoke,memory_io,pagecache.pc_copy_cycles,494125
board_strict_runtime_smoke-1-fb4546ab,board_strict_runtime_smoke,memory_io,pagecache.pc_falloc_cycles,1202869
board_strict_runtime_smoke-1-fb4546ab,board_strict_runtime_smoke,memory_io,pagecache.pc_lookup_cycles,82170
board_strict_runtime_smoke-1-fb4546ab,board_strict_runtime_smoke,memory_io,pagecache.pc_read_calls,181
board_strict_runtime_smoke-1-fb4546ab,board_strict_runtime_smoke,memory_io,pagecache.pc_read_cycles,581036
board_strict_runtime_smoke-1-fb4546ab,board_strict_runtime_smoke,memory_io,pagecache.pc_read_hit_cycles,514215
board_strict_runtime_smoke-1-fb4546ab,board_strict_runtime_smoke,memory_io,pagecache.pc_read_miss,658
board_strict_runtime_smoke-1-fb4546ab,board_strict_runtime_smoke,memory_io,pagecache.pc_read_miss_cycles,66821
board_strict_runtime_smoke-1-fb4546ab,board_strict_runtime_smoke,memory_io,pagecache.pc_read_pages,181
board_strict_runtime_smoke-1-fb4546ab,board_strict_runtime_smoke,memory_io,pagecache.pc_wb_calls,0
board_strict_runtime_smoke-1-fb4546ab,board_strict_runtime_smoke,memory_io,pagecache.pc_wb_cycles,0
board_strict_runtime_smoke-1-fb4546ab,board_strict_runtime_smoke,memory_io,pagecache.pc_wb_pages,0
board_strict_runtime_smoke-1-fb4546ab,board_strict_runtime_smoke,memory_io,pagecache.pc_write_calls,0
board_strict_runtime_smoke-1-fb4546ab,board_strict_runtime_smoke,memory_io,pagecache.pc_write_cycles,0
board_strict_runtime_smoke-1-fb4546ab,board_strict_runtime_smoke,memory_io,pagecache.pc_write_eventually_full,0
board_strict_runtime_smoke-1-fb4546ab,board_strict_runtime_smoke,memory_io,pagecache.pc_write_overwrite,0
board_strict_runtime_smoke-1-fb4546ab,board_strict_runtime_smoke,memory_io,pagecache.pc_write_pages,0
board_strict_runtime_smoke-1-fb4546ab,board_strict_runtime_smoke,memory_io,pagecache.wb_bg_calls,0
board_strict_runtime_smoke-1-fb4546ab,board_strict_runtime_smoke,memory_io,pagecache.wb_redirty_pages,0
board_strict_runtime_smoke-1-fb4546ab,board_strict_runtime_smoke,memory_io,pagecache.wb_throttle_calls,0
board_strict_runtime_smoke-1-fb4546ab,board_strict_runtime_smoke,memory_io,reclaim.clock_evicted,8
board_strict_runtime_smoke-1-fb4546ab,board_strict_runtime_smoke,memory_io,reclaim.clock_scanned,8
board_strict_runtime_smoke-1-fb4546ab,board_strict_runtime_smoke,memory_io,reclaim.clock_second_chance,0
board_strict_runtime_smoke-1-fb4546ab,board_strict_runtime_smoke,memory_io,reclaim.reclaim_pages_freed_total,8
board_strict_runtime_smoke-1-fb4546ab,board_strict_runtime_smoke,memory_io,reclaim.reclaim_pages_scanned_total,0
board_strict_runtime_smoke-1-fb4546ab,board_strict_runtime_smoke,memory_io,reclaim.reclaim_runs_total,1306880
board_strict_runtime_smoke-1-fb4546ab,board_strict_runtime_smoke,memory_io,tlb.tlb_activate,24314
board_strict_runtime_smoke-1-fb4546ab,board_strict_runtime_smoke,memory_io,tlb.tlb_flushes,31081
board_strict_runtime_smoke-1-fb4546ab,board_strict_runtime_smoke,memory_io,tlb.tlb_full,17
board_strict_runtime_smoke-1-fb4546ab,board_strict_runtime_smoke,memory_io,tlb.tlb_global,3050
board_strict_runtime_smoke-1-fb4546ab,board_strict_runtime_smoke,memory_io,tlb.tlb_page,28014
anon_mmap_release_1m_warm-1-c2899dcf,anon_mmap_release_1m_warm,memory_io,anon_unmap.anon_unmap_active_before_max,256
anon_mmap_release_1m_warm-1-c2899dcf,anon_mmap_release_1m_warm,memory_io,anon_unmap.anon_unmap_active_before_total,258
anon_mmap_release_1m_warm-1-c2899dcf,anon_mmap_release_1m_warm,memory_io,anon_unmap.anon_unmap_area_calls,0
anon_mmap_release_1m_warm-1-c2899dcf,anon_mmap_release_1m_warm,memory_io,anon_unmap.anon_unmap_calls_total,2
anon_mmap_release_1m_warm-1-c2899dcf,anon_mmap_release_1m_warm,memory_io,anon_unmap.anon_unmap_errors_total,0
anon_mmap_release_1m_warm-1-c2899dcf,anon_mmap_release_1m_warm,memory_io,anon_unmap.anon_unmap_pages_gt_4096,0
anon_mmap_release_1m_warm-1-c2899dcf,anon_mmap_release_1m_warm,memory_io,anon_unmap.anon_unmap_pages_le_16,1
anon_mmap_release_1m_warm-1-c2899dcf,anon_mmap_release_1m_warm,memory_io,anon_unmap.anon_unmap_pages_le_256,1
anon_mmap_release_1m_warm-1-c2899dcf,anon_mmap_release_1m_warm,memory_io,anon_unmap.anon_unmap_pages_le_4096,0
anon_mmap_release_1m_warm-1-c2899dcf,anon_mmap_release_1m_warm,memory_io,anon_unmap.anon_unmap_range_calls,2
anon_mmap_release_1m_warm-1-c2899dcf,anon_mmap_release_1m_warm,memory_io,anon_unmap.anon_unmap_requested_pages_total,289
anon_mmap_release_1m_warm-1-c2899dcf,anon_mmap_release_1m_warm,memory_io,anon_unmap.anon_unmap_resident_pages_total,258
anon_mmap_release_1m_warm-1-c2899dcf,anon_mmap_release_1m_warm,memory_io,anon_unmap.anon_unmap_retain_scan_steps_total,32899
anon_mmap_release_1m_warm-1-c2899dcf,anon_mmap_release_1m_warm,memory_io,anon_unmap.anon_unmap_ticks_max,183275
anon_mmap_release_1m_warm-1-c2899dcf,anon_mmap_release_1m_warm,memory_io,anon_unmap.anon_unmap_ticks_total,184320
anon_mmap_release_1m_warm-1-c2899dcf,anon_mmap_release_1m_warm,memory_io,blockio.blk_vread_reqs,0
anon_mmap_release_1m_warm-1-c2899dcf,anon_mmap_release_1m_warm,memory_io,blockio.blk_vread_secs,0
anon_mmap_release_1m_warm-1-c2899dcf,anon_mmap_release_1m_warm,memory_io,blockio.blk_vwrite_reqs,0
anon_mmap_release_1m_warm-1-c2899dcf,anon_mmap_release_1m_warm,memory_io,blockio.blk_vwrite_secs,0
anon_mmap_release_1m_warm-1-c2899dcf,anon_mmap_release_1m_warm,memory_io,blockio.sata_flush_reqs,0
anon_mmap_release_1m_warm-1-c2899dcf,anon_mmap_release_1m_warm,memory_io,blockio.sata_flush_ticks_total,0
anon_mmap_release_1m_warm-1-c2899dcf,anon_mmap_release_1m_warm,memory_io,blockio.sata_read_bytes,16384
anon_mmap_release_1m_warm-1-c2899dcf,anon_mmap_release_1m_warm,memory_io,blockio.sata_read_reqs,4
anon_mmap_release_1m_warm-1-c2899dcf,anon_mmap_release_1m_warm,memory_io,blockio.sata_read_ticks_max,30156
anon_mmap_release_1m_warm-1-c2899dcf,anon_mmap_release_1m_warm,memory_io,blockio.sata_read_ticks_total,72568
anon_mmap_release_1m_warm-1-c2899dcf,anon_mmap_release_1m_warm,memory_io,blockio.sata_write_bytes,0
anon_mmap_release_1m_warm-1-c2899dcf,anon_mmap_release_1m_warm,memory_io,blockio.sata_write_reqs,0
anon_mmap_release_1m_warm-1-c2899dcf,anon_mmap_release_1m_warm,memory_io,blockio.sata_write_ticks_max,0
anon_mmap_release_1m_warm-1-c2899dcf,anon_mmap_release_1m_warm,memory_io,blockio.sata_write_ticks_total,0
anon_mmap_release_1m_warm-1-c2899dcf,anon_mmap_release_1m_warm,memory_io,heap.frame_alloc_hits,6
anon_mmap_release_1m_warm-1-c2899dcf,anon_mmap_release_1m_warm,memory_io,heap.frame_alloc_ticks_total,10090
anon_mmap_release_1m_warm-1-c2899dcf,anon_mmap_release_1m_warm,memory_io,heap.frame_alloc_time_count,6
anon_mmap_release_1m_warm-1-c2899dcf,anon_mmap_release_1m_warm,memory_io,heap.frame_free_hits,258
anon_mmap_release_1m_warm-1-c2899dcf,anon_mmap_release_1m_warm,memory_io,heap.heap_alloc_calls,63
anon_mmap_release_1m_warm-1-c2899dcf,anon_mmap_release_1m_warm,memory_io,heap.heap_alloc_ticks_max,54
anon_mmap_release_1m_warm-1-c2899dcf,anon_mmap_release_1m_warm,memory_io,heap.heap_alloc_ticks_total,1199
anon_mmap_release_1m_warm-1-c2899dcf,anon_mmap_release_1m_warm,memory_io,heap.heap_current_bytes,619800
anon_mmap_release_1m_warm-1-c2899dcf,anon_mmap_release_1m_warm,memory_io,heap.heap_dealloc_calls,351
anon_mmap_release_1m_warm-1-c2899dcf,anon_mmap_release_1m_warm,memory_io,heap.heap_dealloc_scan_steps_total,632
anon_mmap_release_1m_warm-1-c2899dcf,anon_mmap_release_1m_warm,memory_io,heap.heap_dealloc_ticks_max,183
anon_mmap_release_1m_warm-1-c2899dcf,anon_mmap_release_1m_warm,memory_io,heap.heap_dealloc_ticks_total,18352
anon_mmap_release_1m_warm-1-c2899dcf,anon_mmap_release_1m_warm,memory_io,heap.heap_free_kb,-606
anon_mmap_release_1m_warm-1-c2899dcf,anon_mmap_release_1m_warm,memory_io,heap.heap_max_bytes,714664
anon_mmap_release_1m_warm-1-c2899dcf,anon_mmap_release_1m_warm,memory_io,heap.heap_total_kb,0
anon_mmap_release_1m_warm-1-c2899dcf,anon_mmap_release_1m_warm,memory_io,heap.page_faults,7
anon_mmap_release_1m_warm-1-c2899dcf,anon_mmap_release_1m_warm,memory_io,heap.pagefault_ticks_total,123319
anon_mmap_release_1m_warm-1-c2899dcf,anon_mmap_release_1m_warm,memory_io,heap.pagefault_time_count,7
anon_mmap_release_1m_warm-1-c2899dcf,anon_mmap_release_1m_warm,memory_io,pagecache.pc_copy_cycles,0
anon_mmap_release_1m_warm-1-c2899dcf,anon_mmap_release_1m_warm,memory_io,pagecache.pc_falloc_cycles,7230
anon_mmap_release_1m_warm-1-c2899dcf,anon_mmap_release_1m_warm,memory_io,pagecache.pc_lookup_cycles,0
anon_mmap_release_1m_warm-1-c2899dcf,anon_mmap_release_1m_warm,memory_io,pagecache.pc_read_calls,0
anon_mmap_release_1m_warm-1-c2899dcf,anon_mmap_release_1m_warm,memory_io,pagecache.pc_read_cycles,0
anon_mmap_release_1m_warm-1-c2899dcf,anon_mmap_release_1m_warm,memory_io,pagecache.pc_read_hit_cycles,0
anon_mmap_release_1m_warm-1-c2899dcf,anon_mmap_release_1m_warm,memory_io,pagecache.pc_read_miss,4
anon_mmap_release_1m_warm-1-c2899dcf,anon_mmap_release_1m_warm,memory_io,pagecache.pc_read_miss_cycles,0
anon_mmap_release_1m_warm-1-c2899dcf,anon_mmap_release_1m_warm,memory_io,pagecache.pc_read_pages,0
anon_mmap_release_1m_warm-1-c2899dcf,anon_mmap_release_1m_warm,memory_io,pagecache.pc_wb_calls,0
anon_mmap_release_1m_warm-1-c2899dcf,anon_mmap_release_1m_warm,memory_io,pagecache.pc_wb_cycles,0
anon_mmap_release_1m_warm-1-c2899dcf,anon_mmap_release_1m_warm,memory_io,pagecache.pc_wb_pages,0
anon_mmap_release_1m_warm-1-c2899dcf,anon_mmap_release_1m_warm,memory_io,pagecache.pc_write_calls,0
anon_mmap_release_1m_warm-1-c2899dcf,anon_mmap_release_1m_warm,memory_io,pagecache.pc_write_cycles,0
anon_mmap_release_1m_warm-1-c2899dcf,anon_mmap_release_1m_warm,memory_io,pagecache.pc_write_eventually_full,0
anon_mmap_release_1m_warm-1-c2899dcf,anon_mmap_release_1m_warm,memory_io,pagecache.pc_write_overwrite,0
anon_mmap_release_1m_warm-1-c2899dcf,anon_mmap_release_1m_warm,memory_io,pagecache.pc_write_pages,0
anon_mmap_release_1m_warm-1-c2899dcf,anon_mmap_release_1m_warm,memory_io,pagecache.wb_bg_calls,0
anon_mmap_release_1m_warm-1-c2899dcf,anon_mmap_release_1m_warm,memory_io,pagecache.wb_redirty_pages,0
anon_mmap_release_1m_warm-1-c2899dcf,anon_mmap_release_1m_warm,memory_io,pagecache.wb_throttle_calls,0
anon_mmap_release_1m_warm-1-c2899dcf,anon_mmap_release_1m_warm,memory_io,reclaim.clock_evicted,0
anon_mmap_release_1m_warm-1-c2899dcf,anon_mmap_release_1m_warm,memory_io,reclaim.clock_scanned,0
anon_mmap_release_1m_warm-1-c2899dcf,anon_mmap_release_1m_warm,memory_io,reclaim.clock_second_chance,0
anon_mmap_release_1m_warm-1-c2899dcf,anon_mmap_release_1m_warm,memory_io,reclaim.reclaim_pages_freed_total,0
anon_mmap_release_1m_warm-1-c2899dcf,anon_mmap_release_1m_warm,memory_io,reclaim.reclaim_pages_scanned_total,0
anon_mmap_release_1m_warm-1-c2899dcf,anon_mmap_release_1m_warm,memory_io,reclaim.reclaim_runs_total,1
anon_mmap_release_1m_warm-1-c2899dcf,anon_mmap_release_1m_warm,memory_io,tlb.tlb_activate,45
anon_mmap_release_1m_warm-1-c2899dcf,anon_mmap_release_1m_warm,memory_io,tlb.tlb_flushes,289
anon_mmap_release_1m_warm-1-c2899dcf,anon_mmap_release_1m_warm,memory_io,tlb.tlb_full,0
anon_mmap_release_1m_warm-1-c2899dcf,anon_mmap_release_1m_warm,memory_io,tlb.tlb_global,0
anon_mmap_release_1m_warm-1-c2899dcf,anon_mmap_release_1m_warm,memory_io,tlb.tlb_page,289
anon_mmap_release_1m-1-4056fbc9,anon_mmap_release_1m,memory_io,anon_unmap.anon_unmap_active_before_max,256
anon_mmap_release_1m-1-4056fbc9,anon_mmap_release_1m,memory_io,anon_unmap.anon_unmap_active_before_total,258
anon_mmap_release_1m-1-4056fbc9,anon_mmap_release_1m,memory_io,anon_unmap.anon_unmap_area_calls,0
anon_mmap_release_1m-1-4056fbc9,anon_mmap_release_1m,memory_io,anon_unmap.anon_unmap_calls_total,2
anon_mmap_release_1m-1-4056fbc9,anon_mmap_release_1m,memory_io,anon_unmap.anon_unmap_errors_total,0
anon_mmap_release_1m-1-4056fbc9,anon_mmap_release_1m,memory_io,anon_unmap.anon_unmap_pages_gt_4096,0
anon_mmap_release_1m-1-4056fbc9,anon_mmap_release_1m,memory_io,anon_unmap.anon_unmap_pages_le_16,1
anon_mmap_release_1m-1-4056fbc9,anon_mmap_release_1m,memory_io,anon_unmap.anon_unmap_pages_le_256,1
anon_mmap_release_1m-1-4056fbc9,anon_mmap_release_1m,memory_io,anon_unmap.anon_unmap_pages_le_4096,0
anon_mmap_release_1m-1-4056fbc9,anon_mmap_release_1m,memory_io,anon_unmap.anon_unmap_range_calls,2
anon_mmap_release_1m-1-4056fbc9,anon_mmap_release_1m,memory_io,anon_unmap.anon_unmap_requested_pages_total,289
anon_mmap_release_1m-1-4056fbc9,anon_mmap_release_1m,memory_io,anon_unmap.anon_unmap_resident_pages_total,258
anon_mmap_release_1m-1-4056fbc9,anon_mmap_release_1m,memory_io,anon_unmap.anon_unmap_retain_scan_steps_total,32899
anon_mmap_release_1m-1-4056fbc9,anon_mmap_release_1m,memory_io,anon_unmap.anon_unmap_ticks_max,184871
anon_mmap_release_1m-1-4056fbc9,anon_mmap_release_1m,memory_io,anon_unmap.anon_unmap_ticks_total,186033
anon_mmap_release_1m-1-4056fbc9,anon_mmap_release_1m,memory_io,blockio.blk_vread_reqs,0
anon_mmap_release_1m-1-4056fbc9,anon_mmap_release_1m,memory_io,blockio.blk_vread_secs,0
anon_mmap_release_1m-1-4056fbc9,anon_mmap_release_1m,memory_io,blockio.blk_vwrite_reqs,0
anon_mmap_release_1m-1-4056fbc9,anon_mmap_release_1m,memory_io,blockio.blk_vwrite_secs,0
anon_mmap_release_1m-1-4056fbc9,anon_mmap_release_1m,memory_io,blockio.sata_flush_reqs,0
anon_mmap_release_1m-1-4056fbc9,anon_mmap_release_1m,memory_io,blockio.sata_flush_ticks_total,0
anon_mmap_release_1m-1-4056fbc9,anon_mmap_release_1m,memory_io,blockio.sata_read_bytes,16384
anon_mmap_release_1m-1-4056fbc9,anon_mmap_release_1m,memory_io,blockio.sata_read_reqs,4
anon_mmap_release_1m-1-4056fbc9,anon_mmap_release_1m,memory_io,blockio.sata_read_ticks_max,29912
anon_mmap_release_1m-1-4056fbc9,anon_mmap_release_1m,memory_io,blockio.sata_read_ticks_total,72470
anon_mmap_release_1m-1-4056fbc9,anon_mmap_release_1m,memory_io,blockio.sata_write_bytes,0
anon_mmap_release_1m-1-4056fbc9,anon_mmap_release_1m,memory_io,blockio.sata_write_reqs,0
anon_mmap_release_1m-1-4056fbc9,anon_mmap_release_1m,memory_io,blockio.sata_write_ticks_max,0
anon_mmap_release_1m-1-4056fbc9,anon_mmap_release_1m,memory_io,blockio.sata_write_ticks_total,0
anon_mmap_release_1m-1-4056fbc9,anon_mmap_release_1m,memory_io,heap.frame_alloc_hits,6
anon_mmap_release_1m-1-4056fbc9,anon_mmap_release_1m,memory_io,heap.frame_alloc_ticks_total,10098
anon_mmap_release_1m-1-4056fbc9,anon_mmap_release_1m,memory_io,heap.frame_alloc_time_count,6
anon_mmap_release_1m-1-4056fbc9,anon_mmap_release_1m,memory_io,heap.frame_free_hits,258
anon_mmap_release_1m-1-4056fbc9,anon_mmap_release_1m,memory_io,heap.heap_alloc_calls,67
anon_mmap_release_1m-1-4056fbc9,anon_mmap_release_1m,memory_io,heap.heap_alloc_ticks_max,64
anon_mmap_release_1m-1-4056fbc9,anon_mmap_release_1m,memory_io,heap.heap_alloc_ticks_total,1394
anon_mmap_release_1m-1-4056fbc9,anon_mmap_release_1m,memory_io,heap.heap_current_bytes,-20968
anon_mmap_release_1m-1-4056fbc9,anon_mmap_release_1m,memory_io,heap.heap_dealloc_calls,354
anon_mmap_release_1m-1-4056fbc9,anon_mmap_release_1m,memory_io,heap.heap_dealloc_scan_steps_total,638
anon_mmap_release_1m-1-4056fbc9,anon_mmap_release_1m,memory_io,heap.heap_dealloc_ticks_max,160
anon_mmap_release_1m-1-4056fbc9,anon_mmap_release_1m,memory_io,heap.heap_dealloc_ticks_total,19056
anon_mmap_release_1m-1-4056fbc9,anon_mmap_release_1m,memory_io,heap.heap_free_kb,20
anon_mmap_release_1m-1-4056fbc9,anon_mmap_release_1m,memory_io,heap.heap_max_bytes,0
anon_mmap_release_1m-1-4056fbc9,anon_mmap_release_1m,memory_io,heap.heap_total_kb,0
anon_mmap_release_1m-1-4056fbc9,anon_mmap_release_1m,memory_io,heap.page_faults,7
anon_mmap_release_1m-1-4056fbc9,anon_mmap_release_1m,memory_io,heap.pagefault_ticks_total,123456
anon_mmap_release_1m-1-4056fbc9,anon_mmap_release_1m,memory_io,heap.pagefault_time_count,7
anon_mmap_release_1m-1-4056fbc9,anon_mmap_release_1m,memory_io,pagecache.pc_copy_cycles,0
anon_mmap_release_1m-1-4056fbc9,anon_mmap_release_1m,memory_io,pagecache.pc_falloc_cycles,7301
anon_mmap_release_1m-1-4056fbc9,anon_mmap_release_1m,memory_io,pagecache.pc_lookup_cycles,0
anon_mmap_release_1m-1-4056fbc9,anon_mmap_release_1m,memory_io,pagecache.pc_read_calls,0
anon_mmap_release_1m-1-4056fbc9,anon_mmap_release_1m,memory_io,pagecache.pc_read_cycles,0
anon_mmap_release_1m-1-4056fbc9,anon_mmap_release_1m,memory_io,pagecache.pc_read_hit_cycles,0
anon_mmap_release_1m-1-4056fbc9,anon_mmap_release_1m,memory_io,pagecache.pc_read_miss,4
anon_mmap_release_1m-1-4056fbc9,anon_mmap_release_1m,memory_io,pagecache.pc_read_miss_cycles,0
anon_mmap_release_1m-1-4056fbc9,anon_mmap_release_1m,memory_io,pagecache.pc_read_pages,0
anon_mmap_release_1m-1-4056fbc9,anon_mmap_release_1m,memory_io,pagecache.pc_wb_calls,0
anon_mmap_release_1m-1-4056fbc9,anon_mmap_release_1m,memory_io,pagecache.pc_wb_cycles,0
anon_mmap_release_1m-1-4056fbc9,anon_mmap_release_1m,memory_io,pagecache.pc_wb_pages,0
anon_mmap_release_1m-1-4056fbc9,anon_mmap_release_1m,memory_io,pagecache.pc_write_calls,0
anon_mmap_release_1m-1-4056fbc9,anon_mmap_release_1m,memory_io,pagecache.pc_write_cycles,0
anon_mmap_release_1m-1-4056fbc9,anon_mmap_release_1m,memory_io,pagecache.pc_write_eventually_full,0
anon_mmap_release_1m-1-4056fbc9,anon_mmap_release_1m,memory_io,pagecache.pc_write_overwrite,0
anon_mmap_release_1m-1-4056fbc9,anon_mmap_release_1m,memory_io,pagecache.pc_write_pages,0
anon_mmap_release_1m-1-4056fbc9,anon_mmap_release_1m,memory_io,pagecache.wb_bg_calls,0
anon_mmap_release_1m-1-4056fbc9,anon_mmap_release_1m,memory_io,pagecache.wb_redirty_pages,0
anon_mmap_release_1m-1-4056fbc9,anon_mmap_release_1m,memory_io,pagecache.wb_throttle_calls,0
anon_mmap_release_1m-1-4056fbc9,anon_mmap_release_1m,memory_io,reclaim.clock_evicted,0
anon_mmap_release_1m-1-4056fbc9,anon_mmap_release_1m,memory_io,reclaim.clock_scanned,0
anon_mmap_release_1m-1-4056fbc9,anon_mmap_release_1m,memory_io,reclaim.clock_second_chance,0
anon_mmap_release_1m-1-4056fbc9,anon_mmap_release_1m,memory_io,reclaim.reclaim_pages_freed_total,0
anon_mmap_release_1m-1-4056fbc9,anon_mmap_release_1m,memory_io,reclaim.reclaim_pages_scanned_total,0
anon_mmap_release_1m-1-4056fbc9,anon_mmap_release_1m,memory_io,reclaim.reclaim_runs_total,0
anon_mmap_release_1m-1-4056fbc9,anon_mmap_release_1m,memory_io,tlb.tlb_activate,44
anon_mmap_release_1m-1-4056fbc9,anon_mmap_release_1m,memory_io,tlb.tlb_flushes,289
anon_mmap_release_1m-1-4056fbc9,anon_mmap_release_1m,memory_io,tlb.tlb_full,0
anon_mmap_release_1m-1-4056fbc9,anon_mmap_release_1m,memory_io,tlb.tlb_global,0
anon_mmap_release_1m-1-4056fbc9,anon_mmap_release_1m,memory_io,tlb.tlb_page,289
anon_mmap_release_4m_warm-1-def8d406,anon_mmap_release_4m_warm,memory_io,anon_unmap.anon_unmap_active_before_max,1024
anon_mmap_release_4m_warm-1-def8d406,anon_mmap_release_4m_warm,memory_io,anon_unmap.anon_unmap_active_before_total,1026
anon_mmap_release_4m_warm-1-def8d406,anon_mmap_release_4m_warm,memory_io,anon_unmap.anon_unmap_area_calls,0
anon_mmap_release_4m_warm-1-def8d406,anon_mmap_release_4m_warm,memory_io,anon_unmap.anon_unmap_calls_total,2
anon_mmap_release_4m_warm-1-def8d406,anon_mmap_release_4m_warm,memory_io,anon_unmap.anon_unmap_errors_total,0
anon_mmap_release_4m_warm-1-def8d406,anon_mmap_release_4m_warm,memory_io,anon_unmap.anon_unmap_pages_gt_4096,0
anon_mmap_release_4m_warm-1-def8d406,anon_mmap_release_4m_warm,memory_io,anon_unmap.anon_unmap_pages_le_16,1
anon_mmap_release_4m_warm-1-def8d406,anon_mmap_release_4m_warm,memory_io,anon_unmap.anon_unmap_pages_le_256,0
anon_mmap_release_4m_warm-1-def8d406,anon_mmap_release_4m_warm,memory_io,anon_unmap.anon_unmap_pages_le_4096,1
anon_mmap_release_4m_warm-1-def8d406,anon_mmap_release_4m_warm,memory_io,anon_unmap.anon_unmap_range_calls,2
anon_mmap_release_4m_warm-1-def8d406,anon_mmap_release_4m_warm,memory_io,anon_unmap.anon_unmap_requested_pages_total,1057
anon_mmap_release_4m_warm-1-def8d406,anon_mmap_release_4m_warm,memory_io,anon_unmap.anon_unmap_resident_pages_total,1026
anon_mmap_release_4m_warm-1-def8d406,anon_mmap_release_4m_warm,memory_io,anon_unmap.anon_unmap_retain_scan_steps_total,524803
anon_mmap_release_4m_warm-1-def8d406,anon_mmap_release_4m_warm,memory_io,anon_unmap.anon_unmap_ticks_max,1763955
anon_mmap_release_4m_warm-1-def8d406,anon_mmap_release_4m_warm,memory_io,anon_unmap.anon_unmap_ticks_total,1765030
anon_mmap_release_4m_warm-1-def8d406,anon_mmap_release_4m_warm,memory_io,blockio.blk_vread_reqs,0
anon_mmap_release_4m_warm-1-def8d406,anon_mmap_release_4m_warm,memory_io,blockio.blk_vread_secs,0
anon_mmap_release_4m_warm-1-def8d406,anon_mmap_release_4m_warm,memory_io,blockio.blk_vwrite_reqs,0
anon_mmap_release_4m_warm-1-def8d406,anon_mmap_release_4m_warm,memory_io,blockio.blk_vwrite_secs,0
anon_mmap_release_4m_warm-1-def8d406,anon_mmap_release_4m_warm,memory_io,blockio.sata_flush_reqs,0
anon_mmap_release_4m_warm-1-def8d406,anon_mmap_release_4m_warm,memory_io,blockio.sata_flush_ticks_total,0
anon_mmap_release_4m_warm-1-def8d406,anon_mmap_release_4m_warm,memory_io,blockio.sata_read_bytes,16384
anon_mmap_release_4m_warm-1-def8d406,anon_mmap_release_4m_warm,memory_io,blockio.sata_read_reqs,4
anon_mmap_release_4m_warm-1-def8d406,anon_mmap_release_4m_warm,memory_io,blockio.sata_read_ticks_max,29894
anon_mmap_release_4m_warm-1-def8d406,anon_mmap_release_4m_warm,memory_io,blockio.sata_read_ticks_total,72201
anon_mmap_release_4m_warm-1-def8d406,anon_mmap_release_4m_warm,memory_io,blockio.sata_write_bytes,0
anon_mmap_release_4m_warm-1-def8d406,anon_mmap_release_4m_warm,memory_io,blockio.sata_write_reqs,0
anon_mmap_release_4m_warm-1-def8d406,anon_mmap_release_4m_warm,memory_io,blockio.sata_write_ticks_max,0
anon_mmap_release_4m_warm-1-def8d406,anon_mmap_release_4m_warm,memory_io,blockio.sata_write_ticks_total,0
anon_mmap_release_4m_warm-1-def8d406,anon_mmap_release_4m_warm,memory_io,heap.frame_alloc_hits,6
anon_mmap_release_4m_warm-1-def8d406,anon_mmap_release_4m_warm,memory_io,heap.frame_alloc_ticks_total,10181
anon_mmap_release_4m_warm-1-def8d406,anon_mmap_release_4m_warm,memory_io,heap.frame_alloc_time_count,6
anon_mmap_release_4m_warm-1-def8d406,anon_mmap_release_4m_warm,memory_io,heap.frame_free_hits,1026
anon_mmap_release_4m_warm-1-def8d406,anon_mmap_release_4m_warm,memory_io,heap.heap_alloc_calls,70
anon_mmap_release_4m_warm-1-def8d406,anon_mmap_release_4m_warm,memory_io,heap.heap_alloc_ticks_max,78
anon_mmap_release_4m_warm-1-def8d406,anon_mmap_release_4m_warm,memory_io,heap.heap_alloc_ticks_total,1789
anon_mmap_release_4m_warm-1-def8d406,anon_mmap_release_4m_warm,memory_io,heap.heap_current_bytes,13600
anon_mmap_release_4m_warm-1-def8d406,anon_mmap_release_4m_warm,memory_io,heap.heap_dealloc_calls,1253
anon_mmap_release_4m_warm-1-def8d406,anon_mmap_release_4m_warm,memory_io,heap.heap_dealloc_scan_steps_total,2621
anon_mmap_release_4m_warm-1-def8d406,anon_mmap_release_4m_warm,memory_io,heap.heap_dealloc_ticks_max,218
anon_mmap_release_4m_warm-1-def8d406,anon_mmap_release_4m_warm,memory_io,heap.heap_dealloc_ticks_total,68185
anon_mmap_release_4m_warm-1-def8d406,anon_mmap_release_4m_warm,memory_io,heap.heap_free_kb,-13
anon_mmap_release_4m_warm-1-def8d406,anon_mmap_release_4m_warm,memory_io,heap.heap_max_bytes,21744
anon_mmap_release_4m_warm-1-def8d406,anon_mmap_release_4m_warm,memory_io,heap.heap_total_kb,0
anon_mmap_release_4m_warm-1-def8d406,anon_mmap_release_4m_warm,memory_io,heap.page_faults,7
anon_mmap_release_4m_warm-1-def8d406,anon_mmap_release_4m_warm,memory_io,heap.pagefault_ticks_total,124323
anon_mmap_release_4m_warm-1-def8d406,anon_mmap_release_4m_warm,memory_io,heap.pagefault_time_count,7
anon_mmap_release_4m_warm-1-def8d406,anon_mmap_release_4m_warm,memory_io,pagecache.pc_copy_cycles,0
anon_mmap_release_4m_warm-1-def8d406,anon_mmap_release_4m_warm,memory_io,pagecache.pc_falloc_cycles,7220
anon_mmap_release_4m_warm-1-def8d406,anon_mmap_release_4m_warm,memory_io,pagecache.pc_lookup_cycles,0
anon_mmap_release_4m_warm-1-def8d406,anon_mmap_release_4m_warm,memory_io,pagecache.pc_read_calls,0
anon_mmap_release_4m_warm-1-def8d406,anon_mmap_release_4m_warm,memory_io,pagecache.pc_read_cycles,0
anon_mmap_release_4m_warm-1-def8d406,anon_mmap_release_4m_warm,memory_io,pagecache.pc_read_hit_cycles,0
anon_mmap_release_4m_warm-1-def8d406,anon_mmap_release_4m_warm,memory_io,pagecache.pc_read_miss,4
anon_mmap_release_4m_warm-1-def8d406,anon_mmap_release_4m_warm,memory_io,pagecache.pc_read_miss_cycles,0
anon_mmap_release_4m_warm-1-def8d406,anon_mmap_release_4m_warm,memory_io,pagecache.pc_read_pages,0
anon_mmap_release_4m_warm-1-def8d406,anon_mmap_release_4m_warm,memory_io,pagecache.pc_wb_calls,0
anon_mmap_release_4m_warm-1-def8d406,anon_mmap_release_4m_warm,memory_io,pagecache.pc_wb_cycles,0
anon_mmap_release_4m_warm-1-def8d406,anon_mmap_release_4m_warm,memory_io,pagecache.pc_wb_pages,0
anon_mmap_release_4m_warm-1-def8d406,anon_mmap_release_4m_warm,memory_io,pagecache.pc_write_calls,0
anon_mmap_release_4m_warm-1-def8d406,anon_mmap_release_4m_warm,memory_io,pagecache.pc_write_cycles,0
anon_mmap_release_4m_warm-1-def8d406,anon_mmap_release_4m_warm,memory_io,pagecache.pc_write_eventually_full,0
anon_mmap_release_4m_warm-1-def8d406,anon_mmap_release_4m_warm,memory_io,pagecache.pc_write_overwrite,0
anon_mmap_release_4m_warm-1-def8d406,anon_mmap_release_4m_warm,memory_io,pagecache.pc_write_pages,0
anon_mmap_release_4m_warm-1-def8d406,anon_mmap_release_4m_warm,memory_io,pagecache.wb_bg_calls,0
anon_mmap_release_4m_warm-1-def8d406,anon_mmap_release_4m_warm,memory_io,pagecache.wb_redirty_pages,0
anon_mmap_release_4m_warm-1-def8d406,anon_mmap_release_4m_warm,memory_io,pagecache.wb_throttle_calls,0
anon_mmap_release_4m_warm-1-def8d406,anon_mmap_release_4m_warm,memory_io,reclaim.clock_evicted,0
anon_mmap_release_4m_warm-1-def8d406,anon_mmap_release_4m_warm,memory_io,reclaim.clock_scanned,0
anon_mmap_release_4m_warm-1-def8d406,anon_mmap_release_4m_warm,memory_io,reclaim.clock_second_chance,0
anon_mmap_release_4m_warm-1-def8d406,anon_mmap_release_4m_warm,memory_io,reclaim.reclaim_pages_freed_total,0
anon_mmap_release_4m_warm-1-def8d406,anon_mmap_release_4m_warm,memory_io,reclaim.reclaim_pages_scanned_total,0
anon_mmap_release_4m_warm-1-def8d406,anon_mmap_release_4m_warm,memory_io,reclaim.reclaim_runs_total,1
anon_mmap_release_4m_warm-1-def8d406,anon_mmap_release_4m_warm,memory_io,tlb.tlb_activate,45
anon_mmap_release_4m_warm-1-def8d406,anon_mmap_release_4m_warm,memory_io,tlb.tlb_flushes,1057
anon_mmap_release_4m_warm-1-def8d406,anon_mmap_release_4m_warm,memory_io,tlb.tlb_full,0
anon_mmap_release_4m_warm-1-def8d406,anon_mmap_release_4m_warm,memory_io,tlb.tlb_global,0
anon_mmap_release_4m_warm-1-def8d406,anon_mmap_release_4m_warm,memory_io,tlb.tlb_page,1057
anon_mmap_release_4m-1-7670cfd5,anon_mmap_release_4m,memory_io,anon_unmap.anon_unmap_active_before_max,1024
anon_mmap_release_4m-1-7670cfd5,anon_mmap_release_4m,memory_io,anon_unmap.anon_unmap_active_before_total,1026
anon_mmap_release_4m-1-7670cfd5,anon_mmap_release_4m,memory_io,anon_unmap.anon_unmap_area_calls,0
anon_mmap_release_4m-1-7670cfd5,anon_mmap_release_4m,memory_io,anon_unmap.anon_unmap_calls_total,2
anon_mmap_release_4m-1-7670cfd5,anon_mmap_release_4m,memory_io,anon_unmap.anon_unmap_errors_total,0
anon_mmap_release_4m-1-7670cfd5,anon_mmap_release_4m,memory_io,anon_unmap.anon_unmap_pages_gt_4096,0
anon_mmap_release_4m-1-7670cfd5,anon_mmap_release_4m,memory_io,anon_unmap.anon_unmap_pages_le_16,1
anon_mmap_release_4m-1-7670cfd5,anon_mmap_release_4m,memory_io,anon_unmap.anon_unmap_pages_le_256,0
anon_mmap_release_4m-1-7670cfd5,anon_mmap_release_4m,memory_io,anon_unmap.anon_unmap_pages_le_4096,1
anon_mmap_release_4m-1-7670cfd5,anon_mmap_release_4m,memory_io,anon_unmap.anon_unmap_range_calls,2
anon_mmap_release_4m-1-7670cfd5,anon_mmap_release_4m,memory_io,anon_unmap.anon_unmap_requested_pages_total,1057
anon_mmap_release_4m-1-7670cfd5,anon_mmap_release_4m,memory_io,anon_unmap.anon_unmap_resident_pages_total,1026
anon_mmap_release_4m-1-7670cfd5,anon_mmap_release_4m,memory_io,anon_unmap.anon_unmap_retain_scan_steps_total,524803
anon_mmap_release_4m-1-7670cfd5,anon_mmap_release_4m,memory_io,anon_unmap.anon_unmap_ticks_max,1764628
anon_mmap_release_4m-1-7670cfd5,anon_mmap_release_4m,memory_io,anon_unmap.anon_unmap_ticks_total,1765746
anon_mmap_release_4m-1-7670cfd5,anon_mmap_release_4m,memory_io,blockio.blk_vread_reqs,0
anon_mmap_release_4m-1-7670cfd5,anon_mmap_release_4m,memory_io,blockio.blk_vread_secs,0
anon_mmap_release_4m-1-7670cfd5,anon_mmap_release_4m,memory_io,blockio.blk_vwrite_reqs,0
anon_mmap_release_4m-1-7670cfd5,anon_mmap_release_4m,memory_io,blockio.blk_vwrite_secs,0
anon_mmap_release_4m-1-7670cfd5,anon_mmap_release_4m,memory_io,blockio.sata_flush_reqs,0
anon_mmap_release_4m-1-7670cfd5,anon_mmap_release_4m,memory_io,blockio.sata_flush_ticks_total,0
anon_mmap_release_4m-1-7670cfd5,anon_mmap_release_4m,memory_io,blockio.sata_read_bytes,16384
anon_mmap_release_4m-1-7670cfd5,anon_mmap_release_4m,memory_io,blockio.sata_read_reqs,4
anon_mmap_release_4m-1-7670cfd5,anon_mmap_release_4m,memory_io,blockio.sata_read_ticks_max,30309
anon_mmap_release_4m-1-7670cfd5,anon_mmap_release_4m,memory_io,blockio.sata_read_ticks_total,72791
anon_mmap_release_4m-1-7670cfd5,anon_mmap_release_4m,memory_io,blockio.sata_write_bytes,0
anon_mmap_release_4m-1-7670cfd5,anon_mmap_release_4m,memory_io,blockio.sata_write_reqs,0
anon_mmap_release_4m-1-7670cfd5,anon_mmap_release_4m,memory_io,blockio.sata_write_ticks_max,0
anon_mmap_release_4m-1-7670cfd5,anon_mmap_release_4m,memory_io,blockio.sata_write_ticks_total,0
anon_mmap_release_4m-1-7670cfd5,anon_mmap_release_4m,memory_io,heap.frame_alloc_hits,6
anon_mmap_release_4m-1-7670cfd5,anon_mmap_release_4m,memory_io,heap.frame_alloc_ticks_total,10146
anon_mmap_release_4m-1-7670cfd5,anon_mmap_release_4m,memory_io,heap.frame_alloc_time_count,6
anon_mmap_release_4m-1-7670cfd5,anon_mmap_release_4m,memory_io,heap.frame_free_hits,1026
anon_mmap_release_4m-1-7670cfd5,anon_mmap_release_4m,memory_io,heap.heap_alloc_calls,70
anon_mmap_release_4m-1-7670cfd5,anon_mmap_release_4m,memory_io,heap.heap_alloc_ticks_max,94
anon_mmap_release_4m-1-7670cfd5,anon_mmap_release_4m,memory_io,heap.heap_alloc_ticks_total,1813
anon_mmap_release_4m-1-7670cfd5,anon_mmap_release_4m,memory_io,heap.heap_current_bytes,-8192
anon_mmap_release_4m-1-7670cfd5,anon_mmap_release_4m,memory_io,heap.heap_dealloc_calls,1253
anon_mmap_release_4m-1-7670cfd5,anon_mmap_release_4m,memory_io,heap.heap_dealloc_scan_steps_total,2609
anon_mmap_release_4m-1-7670cfd5,anon_mmap_release_4m,memory_io,heap.heap_dealloc_ticks_max,210
anon_mmap_release_4m-1-7670cfd5,anon_mmap_release_4m,memory_io,heap.heap_dealloc_ticks_total,68328
anon_mmap_release_4m-1-7670cfd5,anon_mmap_release_4m,memory_io,heap.heap_free_kb,8
anon_mmap_release_4m-1-7670cfd5,anon_mmap_release_4m,memory_io,heap.heap_max_bytes,256
anon_mmap_release_4m-1-7670cfd5,anon_mmap_release_4m,memory_io,heap.heap_total_kb,0
anon_mmap_release_4m-1-7670cfd5,anon_mmap_release_4m,memory_io,heap.page_faults,7
anon_mmap_release_4m-1-7670cfd5,anon_mmap_release_4m,memory_io,heap.pagefault_ticks_total,124617
anon_mmap_release_4m-1-7670cfd5,anon_mmap_release_4m,memory_io,heap.pagefault_time_count,7
anon_mmap_release_4m-1-7670cfd5,anon_mmap_release_4m,memory_io,pagecache.pc_copy_cycles,0
anon_mmap_release_4m-1-7670cfd5,anon_mmap_release_4m,memory_io,pagecache.pc_falloc_cycles,7197
anon_mmap_release_4m-1-7670cfd5,anon_mmap_release_4m,memory_io,pagecache.pc_lookup_cycles,0
anon_mmap_release_4m-1-7670cfd5,anon_mmap_release_4m,memory_io,pagecache.pc_read_calls,0
anon_mmap_release_4m-1-7670cfd5,anon_mmap_release_4m,memory_io,pagecache.pc_read_cycles,0
anon_mmap_release_4m-1-7670cfd5,anon_mmap_release_4m,memory_io,pagecache.pc_read_hit_cycles,0
anon_mmap_release_4m-1-7670cfd5,anon_mmap_release_4m,memory_io,pagecache.pc_read_miss,4
anon_mmap_release_4m-1-7670cfd5,anon_mmap_release_4m,memory_io,pagecache.pc_read_miss_cycles,0
anon_mmap_release_4m-1-7670cfd5,anon_mmap_release_4m,memory_io,pagecache.pc_read_pages,0
anon_mmap_release_4m-1-7670cfd5,anon_mmap_release_4m,memory_io,pagecache.pc_wb_calls,0
anon_mmap_release_4m-1-7670cfd5,anon_mmap_release_4m,memory_io,pagecache.pc_wb_cycles,0
anon_mmap_release_4m-1-7670cfd5,anon_mmap_release_4m,memory_io,pagecache.pc_wb_pages,0
anon_mmap_release_4m-1-7670cfd5,anon_mmap_release_4m,memory_io,pagecache.pc_write_calls,0
anon_mmap_release_4m-1-7670cfd5,anon_mmap_release_4m,memory_io,pagecache.pc_write_cycles,0
anon_mmap_release_4m-1-7670cfd5,anon_mmap_release_4m,memory_io,pagecache.pc_write_eventually_full,0
anon_mmap_release_4m-1-7670cfd5,anon_mmap_release_4m,memory_io,pagecache.pc_write_overwrite,0
anon_mmap_release_4m-1-7670cfd5,anon_mmap_release_4m,memory_io,pagecache.pc_write_pages,0
anon_mmap_release_4m-1-7670cfd5,anon_mmap_release_4m,memory_io,pagecache.wb_bg_calls,0
anon_mmap_release_4m-1-7670cfd5,anon_mmap_release_4m,memory_io,pagecache.wb_redirty_pages,0
anon_mmap_release_4m-1-7670cfd5,anon_mmap_release_4m,memory_io,pagecache.wb_throttle_calls,0
anon_mmap_release_4m-1-7670cfd5,anon_mmap_release_4m,memory_io,reclaim.clock_evicted,0
anon_mmap_release_4m-1-7670cfd5,anon_mmap_release_4m,memory_io,reclaim.clock_scanned,0
anon_mmap_release_4m-1-7670cfd5,anon_mmap_release_4m,memory_io,reclaim.clock_second_chance,0
anon_mmap_release_4m-1-7670cfd5,anon_mmap_release_4m,memory_io,reclaim.reclaim_pages_freed_total,0
anon_mmap_release_4m-1-7670cfd5,anon_mmap_release_4m,memory_io,reclaim.reclaim_pages_scanned_total,0
anon_mmap_release_4m-1-7670cfd5,anon_mmap_release_4m,memory_io,reclaim.reclaim_runs_total,1
anon_mmap_release_4m-1-7670cfd5,anon_mmap_release_4m,memory_io,tlb.tlb_activate,45
anon_mmap_release_4m-1-7670cfd5,anon_mmap_release_4m,memory_io,tlb.tlb_flushes,1057
anon_mmap_release_4m-1-7670cfd5,anon_mmap_release_4m,memory_io,tlb.tlb_full,0
anon_mmap_release_4m-1-7670cfd5,anon_mmap_release_4m,memory_io,tlb.tlb_global,0
anon_mmap_release_4m-1-7670cfd5,anon_mmap_release_4m,memory_io,tlb.tlb_page,1057
anon_mmap_release_16m_warm-1-e12bf851,anon_mmap_release_16m_warm,memory_io,anon_unmap.anon_unmap_active_before_max,4096
anon_mmap_release_16m_warm-1-e12bf851,anon_mmap_release_16m_warm,memory_io,anon_unmap.anon_unmap_active_before_total,4098
anon_mmap_release_16m_warm-1-e12bf851,anon_mmap_release_16m_warm,memory_io,anon_unmap.anon_unmap_area_calls,0
anon_mmap_release_16m_warm-1-e12bf851,anon_mmap_release_16m_warm,memory_io,anon_unmap.anon_unmap_calls_total,2
anon_mmap_release_16m_warm-1-e12bf851,anon_mmap_release_16m_warm,memory_io,anon_unmap.anon_unmap_errors_total,0
anon_mmap_release_16m_warm-1-e12bf851,anon_mmap_release_16m_warm,memory_io,anon_unmap.anon_unmap_pages_gt_4096,0
anon_mmap_release_16m_warm-1-e12bf851,anon_mmap_release_16m_warm,memory_io,anon_unmap.anon_unmap_pages_le_16,1
anon_mmap_release_16m_warm-1-e12bf851,anon_mmap_release_16m_warm,memory_io,anon_unmap.anon_unmap_pages_le_256,0
anon_mmap_release_16m_warm-1-e12bf851,anon_mmap_release_16m_warm,memory_io,anon_unmap.anon_unmap_pages_le_4096,1
anon_mmap_release_16m_warm-1-e12bf851,anon_mmap_release_16m_warm,memory_io,anon_unmap.anon_unmap_range_calls,2
anon_mmap_release_16m_warm-1-e12bf851,anon_mmap_release_16m_warm,memory_io,anon_unmap.anon_unmap_requested_pages_total,4129
anon_mmap_release_16m_warm-1-e12bf851,anon_mmap_release_16m_warm,memory_io,anon_unmap.anon_unmap_resident_pages_total,4098
anon_mmap_release_16m_warm-1-e12bf851,anon_mmap_release_16m_warm,memory_io,anon_unmap.anon_unmap_retain_scan_steps_total,8390659
anon_mmap_release_16m_warm-1-e12bf851,anon_mmap_release_16m_warm,memory_io,anon_unmap.anon_unmap_ticks_max,23704556
anon_mmap_release_16m_warm-1-e12bf851,anon_mmap_release_16m_warm,memory_io,anon_unmap.anon_unmap_ticks_total,23705761
anon_mmap_release_16m_warm-1-e12bf851,anon_mmap_release_16m_warm,memory_io,blockio.blk_vread_reqs,0
anon_mmap_release_16m_warm-1-e12bf851,anon_mmap_release_16m_warm,memory_io,blockio.blk_vread_secs,0
anon_mmap_release_16m_warm-1-e12bf851,anon_mmap_release_16m_warm,memory_io,blockio.blk_vwrite_reqs,0
anon_mmap_release_16m_warm-1-e12bf851,anon_mmap_release_16m_warm,memory_io,blockio.blk_vwrite_secs,0
anon_mmap_release_16m_warm-1-e12bf851,anon_mmap_release_16m_warm,memory_io,blockio.sata_flush_reqs,0
anon_mmap_release_16m_warm-1-e12bf851,anon_mmap_release_16m_warm,memory_io,blockio.sata_flush_ticks_total,0
anon_mmap_release_16m_warm-1-e12bf851,anon_mmap_release_16m_warm,memory_io,blockio.sata_read_bytes,16384
anon_mmap_release_16m_warm-1-e12bf851,anon_mmap_release_16m_warm,memory_io,blockio.sata_read_reqs,4
anon_mmap_release_16m_warm-1-e12bf851,anon_mmap_release_16m_warm,memory_io,blockio.sata_read_ticks_max,30044
anon_mmap_release_16m_warm-1-e12bf851,anon_mmap_release_16m_warm,memory_io,blockio.sata_read_ticks_total,72496
anon_mmap_release_16m_warm-1-e12bf851,anon_mmap_release_16m_warm,memory_io,blockio.sata_write_bytes,0
anon_mmap_release_16m_warm-1-e12bf851,anon_mmap_release_16m_warm,memory_io,blockio.sata_write_reqs,0
anon_mmap_release_16m_warm-1-e12bf851,anon_mmap_release_16m_warm,memory_io,blockio.sata_write_ticks_max,0
anon_mmap_release_16m_warm-1-e12bf851,anon_mmap_release_16m_warm,memory_io,blockio.sata_write_ticks_total,0
anon_mmap_release_16m_warm-1-e12bf851,anon_mmap_release_16m_warm,memory_io,heap.frame_alloc_hits,6
anon_mmap_release_16m_warm-1-e12bf851,anon_mmap_release_16m_warm,memory_io,heap.frame_alloc_ticks_total,10217
anon_mmap_release_16m_warm-1-e12bf851,anon_mmap_release_16m_warm,memory_io,heap.frame_alloc_time_count,6
anon_mmap_release_16m_warm-1-e12bf851,anon_mmap_release_16m_warm,memory_io,heap.frame_free_hits,4098
anon_mmap_release_16m_warm-1-e12bf851,anon_mmap_release_16m_warm,memory_io,heap.heap_alloc_calls,72
anon_mmap_release_16m_warm-1-e12bf851,anon_mmap_release_16m_warm,memory_io,heap.heap_alloc_ticks_max,59
anon_mmap_release_16m_warm-1-e12bf851,anon_mmap_release_16m_warm,memory_io,heap.heap_alloc_ticks_total,1841
anon_mmap_release_16m_warm-1-e12bf851,anon_mmap_release_16m_warm,memory_io,heap.heap_current_bytes,13344
anon_mmap_release_16m_warm-1-e12bf851,anon_mmap_release_16m_warm,memory_io,heap.heap_dealloc_calls,4837
anon_mmap_release_16m_warm-1-e12bf851,anon_mmap_release_16m_warm,memory_io,heap.heap_dealloc_scan_steps_total,10383
anon_mmap_release_16m_warm-1-e12bf851,anon_mmap_release_16m_warm,memory_io,heap.heap_dealloc_ticks_max,316
anon_mmap_release_16m_warm-1-e12bf851,anon_mmap_release_16m_warm,memory_io,heap.heap_dealloc_ticks_total,284940
anon_mmap_release_16m_warm-1-e12bf851,anon_mmap_release_16m_warm,memory_io,heap.heap_free_kb,-13
anon_mmap_release_16m_warm-1-e12bf851,anon_mmap_release_16m_warm,memory_io,heap.heap_max_bytes,488192
anon_mmap_release_16m_warm-1-e12bf851,anon_mmap_release_16m_warm,memory_io,heap.heap_total_kb,0
anon_mmap_release_16m_warm-1-e12bf851,anon_mmap_release_16m_warm,memory_io,heap.page_faults,7
anon_mmap_release_16m_warm-1-e12bf851,anon_mmap_release_16m_warm,memory_io,heap.pagefault_ticks_total,126289
anon_mmap_release_16m_warm-1-e12bf851,anon_mmap_release_16m_warm,memory_io,heap.pagefault_time_count,7
anon_mmap_release_16m_warm-1-e12bf851,anon_mmap_release_16m_warm,memory_io,pagecache.pc_copy_cycles,0
anon_mmap_release_16m_warm-1-e12bf851,anon_mmap_release_16m_warm,memory_io,pagecache.pc_falloc_cycles,7404
anon_mmap_release_16m_warm-1-e12bf851,anon_mmap_release_16m_warm,memory_io,pagecache.pc_lookup_cycles,0
anon_mmap_release_16m_warm-1-e12bf851,anon_mmap_release_16m_warm,memory_io,pagecache.pc_read_calls,0
anon_mmap_release_16m_warm-1-e12bf851,anon_mmap_release_16m_warm,memory_io,pagecache.pc_read_cycles,0
anon_mmap_release_16m_warm-1-e12bf851,anon_mmap_release_16m_warm,memory_io,pagecache.pc_read_hit_cycles,0
anon_mmap_release_16m_warm-1-e12bf851,anon_mmap_release_16m_warm,memory_io,pagecache.pc_read_miss,4
anon_mmap_release_16m_warm-1-e12bf851,anon_mmap_release_16m_warm,memory_io,pagecache.pc_read_miss_cycles,0
anon_mmap_release_16m_warm-1-e12bf851,anon_mmap_release_16m_warm,memory_io,pagecache.pc_read_pages,0
anon_mmap_release_16m_warm-1-e12bf851,anon_mmap_release_16m_warm,memory_io,pagecache.pc_wb_calls,0
anon_mmap_release_16m_warm-1-e12bf851,anon_mmap_release_16m_warm,memory_io,pagecache.pc_wb_cycles,0
anon_mmap_release_16m_warm-1-e12bf851,anon_mmap_release_16m_warm,memory_io,pagecache.pc_wb_pages,0
anon_mmap_release_16m_warm-1-e12bf851,anon_mmap_release_16m_warm,memory_io,pagecache.pc_write_calls,0
anon_mmap_release_16m_warm-1-e12bf851,anon_mmap_release_16m_warm,memory_io,pagecache.pc_write_cycles,0
anon_mmap_release_16m_warm-1-e12bf851,anon_mmap_release_16m_warm,memory_io,pagecache.pc_write_eventually_full,0
anon_mmap_release_16m_warm-1-e12bf851,anon_mmap_release_16m_warm,memory_io,pagecache.pc_write_overwrite,0
anon_mmap_release_16m_warm-1-e12bf851,anon_mmap_release_16m_warm,memory_io,pagecache.pc_write_pages,0
anon_mmap_release_16m_warm-1-e12bf851,anon_mmap_release_16m_warm,memory_io,pagecache.wb_bg_calls,0
anon_mmap_release_16m_warm-1-e12bf851,anon_mmap_release_16m_warm,memory_io,pagecache.wb_redirty_pages,0
anon_mmap_release_16m_warm-1-e12bf851,anon_mmap_release_16m_warm,memory_io,pagecache.wb_throttle_calls,0
anon_mmap_release_16m_warm-1-e12bf851,anon_mmap_release_16m_warm,memory_io,reclaim.clock_evicted,0
anon_mmap_release_16m_warm-1-e12bf851,anon_mmap_release_16m_warm,memory_io,reclaim.clock_scanned,0
anon_mmap_release_16m_warm-1-e12bf851,anon_mmap_release_16m_warm,memory_io,reclaim.clock_second_chance,0
anon_mmap_release_16m_warm-1-e12bf851,anon_mmap_release_16m_warm,memory_io,reclaim.reclaim_pages_freed_total,0
anon_mmap_release_16m_warm-1-e12bf851,anon_mmap_release_16m_warm,memory_io,reclaim.reclaim_pages_scanned_total,0
anon_mmap_release_16m_warm-1-e12bf851,anon_mmap_release_16m_warm,memory_io,reclaim.reclaim_runs_total,1
anon_mmap_release_16m_warm-1-e12bf851,anon_mmap_release_16m_warm,memory_io,tlb.tlb_activate,45
anon_mmap_release_16m_warm-1-e12bf851,anon_mmap_release_16m_warm,memory_io,tlb.tlb_flushes,4129
anon_mmap_release_16m_warm-1-e12bf851,anon_mmap_release_16m_warm,memory_io,tlb.tlb_full,0
anon_mmap_release_16m_warm-1-e12bf851,anon_mmap_release_16m_warm,memory_io,tlb.tlb_global,0
anon_mmap_release_16m_warm-1-e12bf851,anon_mmap_release_16m_warm,memory_io,tlb.tlb_page,4129
anon_mmap_release_16m-1-9bd0a281,anon_mmap_release_16m,memory_io,anon_unmap.anon_unmap_active_before_max,4096
anon_mmap_release_16m-1-9bd0a281,anon_mmap_release_16m,memory_io,anon_unmap.anon_unmap_active_before_total,4098
anon_mmap_release_16m-1-9bd0a281,anon_mmap_release_16m,memory_io,anon_unmap.anon_unmap_area_calls,0
anon_mmap_release_16m-1-9bd0a281,anon_mmap_release_16m,memory_io,anon_unmap.anon_unmap_calls_total,2
anon_mmap_release_16m-1-9bd0a281,anon_mmap_release_16m,memory_io,anon_unmap.anon_unmap_errors_total,0
anon_mmap_release_16m-1-9bd0a281,anon_mmap_release_16m,memory_io,anon_unmap.anon_unmap_pages_gt_4096,0
anon_mmap_release_16m-1-9bd0a281,anon_mmap_release_16m,memory_io,anon_unmap.anon_unmap_pages_le_16,1
anon_mmap_release_16m-1-9bd0a281,anon_mmap_release_16m,memory_io,anon_unmap.anon_unmap_pages_le_256,0
anon_mmap_release_16m-1-9bd0a281,anon_mmap_release_16m,memory_io,anon_unmap.anon_unmap_pages_le_4096,1
anon_mmap_release_16m-1-9bd0a281,anon_mmap_release_16m,memory_io,anon_unmap.anon_unmap_range_calls,2
anon_mmap_release_16m-1-9bd0a281,anon_mmap_release_16m,memory_io,anon_unmap.anon_unmap_requested_pages_total,4129
anon_mmap_release_16m-1-9bd0a281,anon_mmap_release_16m,memory_io,anon_unmap.anon_unmap_resident_pages_total,4098
anon_mmap_release_16m-1-9bd0a281,anon_mmap_release_16m,memory_io,anon_unmap.anon_unmap_retain_scan_steps_total,8390659
anon_mmap_release_16m-1-9bd0a281,anon_mmap_release_16m,memory_io,anon_unmap.anon_unmap_ticks_max,23726929
anon_mmap_release_16m-1-9bd0a281,anon_mmap_release_16m,memory_io,anon_unmap.anon_unmap_ticks_total,23728105
anon_mmap_release_16m-1-9bd0a281,anon_mmap_release_16m,memory_io,blockio.blk_vread_reqs,0
anon_mmap_release_16m-1-9bd0a281,anon_mmap_release_16m,memory_io,blockio.blk_vread_secs,0
anon_mmap_release_16m-1-9bd0a281,anon_mmap_release_16m,memory_io,blockio.blk_vwrite_reqs,0
anon_mmap_release_16m-1-9bd0a281,anon_mmap_release_16m,memory_io,blockio.blk_vwrite_secs,0
anon_mmap_release_16m-1-9bd0a281,anon_mmap_release_16m,memory_io,blockio.sata_flush_reqs,0
anon_mmap_release_16m-1-9bd0a281,anon_mmap_release_16m,memory_io,blockio.sata_flush_ticks_total,0
anon_mmap_release_16m-1-9bd0a281,anon_mmap_release_16m,memory_io,blockio.sata_read_bytes,16384
anon_mmap_release_16m-1-9bd0a281,anon_mmap_release_16m,memory_io,blockio.sata_read_reqs,4
anon_mmap_release_16m-1-9bd0a281,anon_mmap_release_16m,memory_io,blockio.sata_read_ticks_max,29713
anon_mmap_release_16m-1-9bd0a281,anon_mmap_release_16m,memory_io,blockio.sata_read_ticks_total,72179
anon_mmap_release_16m-1-9bd0a281,anon_mmap_release_16m,memory_io,blockio.sata_write_bytes,0
anon_mmap_release_16m-1-9bd0a281,anon_mmap_release_16m,memory_io,blockio.sata_write_reqs,0
anon_mmap_release_16m-1-9bd0a281,anon_mmap_release_16m,memory_io,blockio.sata_write_ticks_max,0
anon_mmap_release_16m-1-9bd0a281,anon_mmap_release_16m,memory_io,blockio.sata_write_ticks_total,0
anon_mmap_release_16m-1-9bd0a281,anon_mmap_release_16m,memory_io,heap.frame_alloc_hits,6
anon_mmap_release_16m-1-9bd0a281,anon_mmap_release_16m,memory_io,heap.frame_alloc_ticks_total,10139
anon_mmap_release_16m-1-9bd0a281,anon_mmap_release_16m,memory_io,heap.frame_alloc_time_count,6
anon_mmap_release_16m-1-9bd0a281,anon_mmap_release_16m,memory_io,heap.frame_free_hits,4098
anon_mmap_release_16m-1-9bd0a281,anon_mmap_release_16m,memory_io,heap.heap_alloc_calls,90
anon_mmap_release_16m-1-9bd0a281,anon_mmap_release_16m,memory_io,heap.heap_alloc_ticks_max,135
anon_mmap_release_16m-1-9bd0a281,anon_mmap_release_16m,memory_io,heap.heap_alloc_ticks_total,2287
anon_mmap_release_16m-1-9bd0a281,anon_mmap_release_16m,memory_io,heap.heap_current_bytes,-9984
anon_mmap_release_16m-1-9bd0a281,anon_mmap_release_16m,memory_io,heap.heap_dealloc_calls,4856
anon_mmap_release_16m-1-9bd0a281,anon_mmap_release_16m,memory_io,heap.heap_dealloc_scan_steps_total,10375
anon_mmap_release_16m-1-9bd0a281,anon_mmap_release_16m,memory_io,heap.heap_dealloc_ticks_max,280
anon_mmap_release_16m-1-9bd0a281,anon_mmap_release_16m,memory_io,heap.heap_dealloc_ticks_total,287488
anon_mmap_release_16m-1-9bd0a281,anon_mmap_release_16m,memory_io,heap.heap_free_kb,10
anon_mmap_release_16m-1-9bd0a281,anon_mmap_release_16m,memory_io,heap.heap_max_bytes,0
anon_mmap_release_16m-1-9bd0a281,anon_mmap_release_16m,memory_io,heap.heap_total_kb,0
anon_mmap_release_16m-1-9bd0a281,anon_mmap_release_16m,memory_io,heap.page_faults,7
anon_mmap_release_16m-1-9bd0a281,anon_mmap_release_16m,memory_io,heap.pagefault_ticks_total,125691
anon_mmap_release_16m-1-9bd0a281,anon_mmap_release_16m,memory_io,heap.pagefault_time_count,7
anon_mmap_release_16m-1-9bd0a281,anon_mmap_release_16m,memory_io,pagecache.pc_copy_cycles,0
anon_mmap_release_16m-1-9bd0a281,anon_mmap_release_16m,memory_io,pagecache.pc_falloc_cycles,7377
anon_mmap_release_16m-1-9bd0a281,anon_mmap_release_16m,memory_io,pagecache.pc_lookup_cycles,0
anon_mmap_release_16m-1-9bd0a281,anon_mmap_release_16m,memory_io,pagecache.pc_read_calls,0
anon_mmap_release_16m-1-9bd0a281,anon_mmap_release_16m,memory_io,pagecache.pc_read_cycles,0
anon_mmap_release_16m-1-9bd0a281,anon_mmap_release_16m,memory_io,pagecache.pc_read_hit_cycles,0
anon_mmap_release_16m-1-9bd0a281,anon_mmap_release_16m,memory_io,pagecache.pc_read_miss,4
anon_mmap_release_16m-1-9bd0a281,anon_mmap_release_16m,memory_io,pagecache.pc_read_miss_cycles,0
anon_mmap_release_16m-1-9bd0a281,anon_mmap_release_16m,memory_io,pagecache.pc_read_pages,0
anon_mmap_release_16m-1-9bd0a281,anon_mmap_release_16m,memory_io,pagecache.pc_wb_calls,0
anon_mmap_release_16m-1-9bd0a281,anon_mmap_release_16m,memory_io,pagecache.pc_wb_cycles,0
anon_mmap_release_16m-1-9bd0a281,anon_mmap_release_16m,memory_io,pagecache.pc_wb_pages,0
anon_mmap_release_16m-1-9bd0a281,anon_mmap_release_16m,memory_io,pagecache.pc_write_calls,0
anon_mmap_release_16m-1-9bd0a281,anon_mmap_release_16m,memory_io,pagecache.pc_write_cycles,0
anon_mmap_release_16m-1-9bd0a281,anon_mmap_release_16m,memory_io,pagecache.pc_write_eventually_full,0
anon_mmap_release_16m-1-9bd0a281,anon_mmap_release_16m,memory_io,pagecache.pc_write_overwrite,0
anon_mmap_release_16m-1-9bd0a281,anon_mmap_release_16m,memory_io,pagecache.pc_write_pages,0
anon_mmap_release_16m-1-9bd0a281,anon_mmap_release_16m,memory_io,pagecache.wb_bg_calls,0
anon_mmap_release_16m-1-9bd0a281,anon_mmap_release_16m,memory_io,pagecache.wb_redirty_pages,0
anon_mmap_release_16m-1-9bd0a281,anon_mmap_release_16m,memory_io,pagecache.wb_throttle_calls,0
anon_mmap_release_16m-1-9bd0a281,anon_mmap_release_16m,memory_io,reclaim.clock_evicted,0
anon_mmap_release_16m-1-9bd0a281,anon_mmap_release_16m,memory_io,reclaim.clock_scanned,0
anon_mmap_release_16m-1-9bd0a281,anon_mmap_release_16m,memory_io,reclaim.clock_second_chance,0
anon_mmap_release_16m-1-9bd0a281,anon_mmap_release_16m,memory_io,reclaim.reclaim_pages_freed_total,0
anon_mmap_release_16m-1-9bd0a281,anon_mmap_release_16m,memory_io,reclaim.reclaim_pages_scanned_total,0
anon_mmap_release_16m-1-9bd0a281,anon_mmap_release_16m,memory_io,reclaim.reclaim_runs_total,1
anon_mmap_release_16m-1-9bd0a281,anon_mmap_release_16m,memory_io,tlb.tlb_activate,45
anon_mmap_release_16m-1-9bd0a281,anon_mmap_release_16m,memory_io,tlb.tlb_flushes,4129
anon_mmap_release_16m-1-9bd0a281,anon_mmap_release_16m,memory_io,tlb.tlb_full,0
anon_mmap_release_16m-1-9bd0a281,anon_mmap_release_16m,memory_io,tlb.tlb_global,0
anon_mmap_release_16m-1-9bd0a281,anon_mmap_release_16m,memory_io,tlb.tlb_page,4129
anon_mmap_release_32m_warm-1-41ee5e00,anon_mmap_release_32m_warm,memory_io,anon_unmap.anon_unmap_active_before_max,8192
anon_mmap_release_32m_warm-1-41ee5e00,anon_mmap_release_32m_warm,memory_io,anon_unmap.anon_unmap_active_before_total,8194
anon_mmap_release_32m_warm-1-41ee5e00,anon_mmap_release_32m_warm,memory_io,anon_unmap.anon_unmap_area_calls,0
anon_mmap_release_32m_warm-1-41ee5e00,anon_mmap_release_32m_warm,memory_io,anon_unmap.anon_unmap_calls_total,2
anon_mmap_release_32m_warm-1-41ee5e00,anon_mmap_release_32m_warm,memory_io,anon_unmap.anon_unmap_errors_total,0
anon_mmap_release_32m_warm-1-41ee5e00,anon_mmap_release_32m_warm,memory_io,anon_unmap.anon_unmap_pages_gt_4096,1
anon_mmap_release_32m_warm-1-41ee5e00,anon_mmap_release_32m_warm,memory_io,anon_unmap.anon_unmap_pages_le_16,1
anon_mmap_release_32m_warm-1-41ee5e00,anon_mmap_release_32m_warm,memory_io,anon_unmap.anon_unmap_pages_le_256,0
anon_mmap_release_32m_warm-1-41ee5e00,anon_mmap_release_32m_warm,memory_io,anon_unmap.anon_unmap_pages_le_4096,0
anon_mmap_release_32m_warm-1-41ee5e00,anon_mmap_release_32m_warm,memory_io,anon_unmap.anon_unmap_range_calls,2
anon_mmap_release_32m_warm-1-41ee5e00,anon_mmap_release_32m_warm,memory_io,anon_unmap.anon_unmap_requested_pages_total,8225
anon_mmap_release_32m_warm-1-41ee5e00,anon_mmap_release_32m_warm,memory_io,anon_unmap.anon_unmap_resident_pages_total,8194
anon_mmap_release_32m_warm-1-41ee5e00,anon_mmap_release_32m_warm,memory_io,anon_unmap.anon_unmap_retain_scan_steps_total,33558531
anon_mmap_release_32m_warm-1-41ee5e00,anon_mmap_release_32m_warm,memory_io,anon_unmap.anon_unmap_ticks_max,95836201
anon_mmap_release_32m_warm-1-41ee5e00,anon_mmap_release_32m_warm,memory_io,anon_unmap.anon_unmap_ticks_total,95837861
anon_mmap_release_32m_warm-1-41ee5e00,anon_mmap_release_32m_warm,memory_io,blockio.blk_vread_reqs,0
anon_mmap_release_32m_warm-1-41ee5e00,anon_mmap_release_32m_warm,memory_io,blockio.blk_vread_secs,0
anon_mmap_release_32m_warm-1-41ee5e00,anon_mmap_release_32m_warm,memory_io,blockio.blk_vwrite_reqs,0
anon_mmap_release_32m_warm-1-41ee5e00,anon_mmap_release_32m_warm,memory_io,blockio.blk_vwrite_secs,0
anon_mmap_release_32m_warm-1-41ee5e00,anon_mmap_release_32m_warm,memory_io,blockio.sata_flush_reqs,0
anon_mmap_release_32m_warm-1-41ee5e00,anon_mmap_release_32m_warm,memory_io,blockio.sata_flush_ticks_total,0
anon_mmap_release_32m_warm-1-41ee5e00,anon_mmap_release_32m_warm,memory_io,blockio.sata_read_bytes,16384
anon_mmap_release_32m_warm-1-41ee5e00,anon_mmap_release_32m_warm,memory_io,blockio.sata_read_reqs,4
anon_mmap_release_32m_warm-1-41ee5e00,anon_mmap_release_32m_warm,memory_io,blockio.sata_read_ticks_max,30045
anon_mmap_release_32m_warm-1-41ee5e00,anon_mmap_release_32m_warm,memory_io,blockio.sata_read_ticks_total,72753
anon_mmap_release_32m_warm-1-41ee5e00,anon_mmap_release_32m_warm,memory_io,blockio.sata_write_bytes,0
anon_mmap_release_32m_warm-1-41ee5e00,anon_mmap_release_32m_warm,memory_io,blockio.sata_write_reqs,0
anon_mmap_release_32m_warm-1-41ee5e00,anon_mmap_release_32m_warm,memory_io,blockio.sata_write_ticks_max,0
anon_mmap_release_32m_warm-1-41ee5e00,anon_mmap_release_32m_warm,memory_io,blockio.sata_write_ticks_total,0
anon_mmap_release_32m_warm-1-41ee5e00,anon_mmap_release_32m_warm,memory_io,heap.frame_alloc_hits,6
anon_mmap_release_32m_warm-1-41ee5e00,anon_mmap_release_32m_warm,memory_io,heap.frame_alloc_ticks_total,10282
anon_mmap_release_32m_warm-1-41ee5e00,anon_mmap_release_32m_warm,memory_io,heap.frame_alloc_time_count,6
anon_mmap_release_32m_warm-1-41ee5e00,anon_mmap_release_32m_warm,memory_io,heap.frame_free_hits,8194
anon_mmap_release_32m_warm-1-41ee5e00,anon_mmap_release_32m_warm,memory_io,heap.heap_alloc_calls,74
anon_mmap_release_32m_warm-1-41ee5e00,anon_mmap_release_32m_warm,memory_io,heap.heap_alloc_ticks_max,117
anon_mmap_release_32m_warm-1-41ee5e00,anon_mmap_release_32m_warm,memory_io,heap.heap_alloc_ticks_total,2173
anon_mmap_release_32m_warm-1-41ee5e00,anon_mmap_release_32m_warm,memory_io,heap.heap_current_bytes,14080
anon_mmap_release_32m_warm-1-41ee5e00,anon_mmap_release_32m_warm,memory_io,heap.heap_dealloc_calls,9619
anon_mmap_release_32m_warm-1-41ee5e00,anon_mmap_release_32m_warm,memory_io,heap.heap_dealloc_scan_steps_total,20795
anon_mmap_release_32m_warm-1-41ee5e00,anon_mmap_release_32m_warm,memory_io,heap.heap_dealloc_ticks_max,563
anon_mmap_release_32m_warm-1-41ee5e00,anon_mmap_release_32m_warm,memory_io,heap.heap_dealloc_ticks_total,642239
anon_mmap_release_32m_warm-1-41ee5e00,anon_mmap_release_32m_warm,memory_io,heap.heap_free_kb,-14
anon_mmap_release_32m_warm-1-41ee5e00,anon_mmap_release_32m_warm,memory_io,heap.heap_max_bytes,653856
anon_mmap_release_32m_warm-1-41ee5e00,anon_mmap_release_32m_warm,memory_io,heap.heap_total_kb,0
anon_mmap_release_32m_warm-1-41ee5e00,anon_mmap_release_32m_warm,memory_io,heap.page_faults,7
anon_mmap_release_32m_warm-1-41ee5e00,anon_mmap_release_32m_warm,memory_io,heap.pagefault_ticks_total,127865
anon_mmap_release_32m_warm-1-41ee5e00,anon_mmap_release_32m_warm,memory_io,heap.pagefault_time_count,7
anon_mmap_release_32m_warm-1-41ee5e00,anon_mmap_release_32m_warm,memory_io,pagecache.pc_copy_cycles,0
anon_mmap_release_32m_warm-1-41ee5e00,anon_mmap_release_32m_warm,memory_io,pagecache.pc_falloc_cycles,7457
anon_mmap_release_32m_warm-1-41ee5e00,anon_mmap_release_32m_warm,memory_io,pagecache.pc_lookup_cycles,0
anon_mmap_release_32m_warm-1-41ee5e00,anon_mmap_release_32m_warm,memory_io,pagecache.pc_read_calls,0
anon_mmap_release_32m_warm-1-41ee5e00,anon_mmap_release_32m_warm,memory_io,pagecache.pc_read_cycles,0
anon_mmap_release_32m_warm-1-41ee5e00,anon_mmap_release_32m_warm,memory_io,pagecache.pc_read_hit_cycles,0
anon_mmap_release_32m_warm-1-41ee5e00,anon_mmap_release_32m_warm,memory_io,pagecache.pc_read_miss,4
anon_mmap_release_32m_warm-1-41ee5e00,anon_mmap_release_32m_warm,memory_io,pagecache.pc_read_miss_cycles,0
anon_mmap_release_32m_warm-1-41ee5e00,anon_mmap_release_32m_warm,memory_io,pagecache.pc_read_pages,0
anon_mmap_release_32m_warm-1-41ee5e00,anon_mmap_release_32m_warm,memory_io,pagecache.pc_wb_calls,0
anon_mmap_release_32m_warm-1-41ee5e00,anon_mmap_release_32m_warm,memory_io,pagecache.pc_wb_cycles,0
anon_mmap_release_32m_warm-1-41ee5e00,anon_mmap_release_32m_warm,memory_io,pagecache.pc_wb_pages,0
anon_mmap_release_32m_warm-1-41ee5e00,anon_mmap_release_32m_warm,memory_io,pagecache.pc_write_calls,0
anon_mmap_release_32m_warm-1-41ee5e00,anon_mmap_release_32m_warm,memory_io,pagecache.pc_write_cycles,0
anon_mmap_release_32m_warm-1-41ee5e00,anon_mmap_release_32m_warm,memory_io,pagecache.pc_write_eventually_full,0
anon_mmap_release_32m_warm-1-41ee5e00,anon_mmap_release_32m_warm,memory_io,pagecache.pc_write_overwrite,0
anon_mmap_release_32m_warm-1-41ee5e00,anon_mmap_release_32m_warm,memory_io,pagecache.pc_write_pages,0
anon_mmap_release_32m_warm-1-41ee5e00,anon_mmap_release_32m_warm,memory_io,pagecache.wb_bg_calls,0
anon_mmap_release_32m_warm-1-41ee5e00,anon_mmap_release_32m_warm,memory_io,pagecache.wb_redirty_pages,0
anon_mmap_release_32m_warm-1-41ee5e00,anon_mmap_release_32m_warm,memory_io,pagecache.wb_throttle_calls,0
anon_mmap_release_32m_warm-1-41ee5e00,anon_mmap_release_32m_warm,memory_io,reclaim.clock_evicted,0
anon_mmap_release_32m_warm-1-41ee5e00,anon_mmap_release_32m_warm,memory_io,reclaim.clock_scanned,0
anon_mmap_release_32m_warm-1-41ee5e00,anon_mmap_release_32m_warm,memory_io,reclaim.clock_second_chance,0
anon_mmap_release_32m_warm-1-41ee5e00,anon_mmap_release_32m_warm,memory_io,reclaim.reclaim_pages_freed_total,0
anon_mmap_release_32m_warm-1-41ee5e00,anon_mmap_release_32m_warm,memory_io,reclaim.reclaim_pages_scanned_total,0
anon_mmap_release_32m_warm-1-41ee5e00,anon_mmap_release_32m_warm,memory_io,reclaim.reclaim_runs_total,2
anon_mmap_release_32m_warm-1-41ee5e00,anon_mmap_release_32m_warm,memory_io,tlb.tlb_activate,46
anon_mmap_release_32m_warm-1-41ee5e00,anon_mmap_release_32m_warm,memory_io,tlb.tlb_flushes,8225
anon_mmap_release_32m_warm-1-41ee5e00,anon_mmap_release_32m_warm,memory_io,tlb.tlb_full,0
anon_mmap_release_32m_warm-1-41ee5e00,anon_mmap_release_32m_warm,memory_io,tlb.tlb_global,0
anon_mmap_release_32m_warm-1-41ee5e00,anon_mmap_release_32m_warm,memory_io,tlb.tlb_page,8225
anon_mmap_release_32m-1-0b3084aa,anon_mmap_release_32m,memory_io,anon_unmap.anon_unmap_active_before_max,8192
anon_mmap_release_32m-1-0b3084aa,anon_mmap_release_32m,memory_io,anon_unmap.anon_unmap_active_before_total,8194
anon_mmap_release_32m-1-0b3084aa,anon_mmap_release_32m,memory_io,anon_unmap.anon_unmap_area_calls,0
anon_mmap_release_32m-1-0b3084aa,anon_mmap_release_32m,memory_io,anon_unmap.anon_unmap_calls_total,2
anon_mmap_release_32m-1-0b3084aa,anon_mmap_release_32m,memory_io,anon_unmap.anon_unmap_errors_total,0
anon_mmap_release_32m-1-0b3084aa,anon_mmap_release_32m,memory_io,anon_unmap.anon_unmap_pages_gt_4096,1
anon_mmap_release_32m-1-0b3084aa,anon_mmap_release_32m,memory_io,anon_unmap.anon_unmap_pages_le_16,1
anon_mmap_release_32m-1-0b3084aa,anon_mmap_release_32m,memory_io,anon_unmap.anon_unmap_pages_le_256,0
anon_mmap_release_32m-1-0b3084aa,anon_mmap_release_32m,memory_io,anon_unmap.anon_unmap_pages_le_4096,0
anon_mmap_release_32m-1-0b3084aa,anon_mmap_release_32m,memory_io,anon_unmap.anon_unmap_range_calls,2
anon_mmap_release_32m-1-0b3084aa,anon_mmap_release_32m,memory_io,anon_unmap.anon_unmap_requested_pages_total,8225
anon_mmap_release_32m-1-0b3084aa,anon_mmap_release_32m,memory_io,anon_unmap.anon_unmap_resident_pages_total,8194
anon_mmap_release_32m-1-0b3084aa,anon_mmap_release_32m,memory_io,anon_unmap.anon_unmap_retain_scan_steps_total,33558531
anon_mmap_release_32m-1-0b3084aa,anon_mmap_release_32m,memory_io,anon_unmap.anon_unmap_ticks_max,95836752
anon_mmap_release_32m-1-0b3084aa,anon_mmap_release_32m,memory_io,anon_unmap.anon_unmap_ticks_total,95838295
anon_mmap_release_32m-1-0b3084aa,anon_mmap_release_32m,memory_io,blockio.blk_vread_reqs,0
anon_mmap_release_32m-1-0b3084aa,anon_mmap_release_32m,memory_io,blockio.blk_vread_secs,0
anon_mmap_release_32m-1-0b3084aa,anon_mmap_release_32m,memory_io,blockio.blk_vwrite_reqs,0
anon_mmap_release_32m-1-0b3084aa,anon_mmap_release_32m,memory_io,blockio.blk_vwrite_secs,0
anon_mmap_release_32m-1-0b3084aa,anon_mmap_release_32m,memory_io,blockio.sata_flush_reqs,0
anon_mmap_release_32m-1-0b3084aa,anon_mmap_release_32m,memory_io,blockio.sata_flush_ticks_total,0
anon_mmap_release_32m-1-0b3084aa,anon_mmap_release_32m,memory_io,blockio.sata_read_bytes,16384
anon_mmap_release_32m-1-0b3084aa,anon_mmap_release_32m,memory_io,blockio.sata_read_reqs,4
anon_mmap_release_32m-1-0b3084aa,anon_mmap_release_32m,memory_io,blockio.sata_read_ticks_max,29873
anon_mmap_release_32m-1-0b3084aa,anon_mmap_release_32m,memory_io,blockio.sata_read_ticks_total,72433
anon_mmap_release_32m-1-0b3084aa,anon_mmap_release_32m,memory_io,blockio.sata_write_bytes,0
anon_mmap_release_32m-1-0b3084aa,anon_mmap_release_32m,memory_io,blockio.sata_write_reqs,0
anon_mmap_release_32m-1-0b3084aa,anon_mmap_release_32m,memory_io,blockio.sata_write_ticks_max,0
anon_mmap_release_32m-1-0b3084aa,anon_mmap_release_32m,memory_io,blockio.sata_write_ticks_total,0
anon_mmap_release_32m-1-0b3084aa,anon_mmap_release_32m,memory_io,heap.frame_alloc_hits,6
anon_mmap_release_32m-1-0b3084aa,anon_mmap_release_32m,memory_io,heap.frame_alloc_ticks_total,10231
anon_mmap_release_32m-1-0b3084aa,anon_mmap_release_32m,memory_io,heap.frame_alloc_time_count,6
anon_mmap_release_32m-1-0b3084aa,anon_mmap_release_32m,memory_io,heap.frame_free_hits,8194
anon_mmap_release_32m-1-0b3084aa,anon_mmap_release_32m,memory_io,heap.heap_alloc_calls,74
anon_mmap_release_32m-1-0b3084aa,anon_mmap_release_32m,memory_io,heap.heap_alloc_ticks_max,108
anon_mmap_release_32m-1-0b3084aa,anon_mmap_release_32m,memory_io,heap.heap_alloc_ticks_total,2230
anon_mmap_release_32m-1-0b3084aa,anon_mmap_release_32m,memory_io,heap.heap_current_bytes,-10208
anon_mmap_release_32m-1-0b3084aa,anon_mmap_release_32m,memory_io,heap.heap_dealloc_calls,9619
anon_mmap_release_32m-1-0b3084aa,anon_mmap_release_32m,memory_io,heap.heap_dealloc_scan_steps_total,20766
anon_mmap_release_32m-1-0b3084aa,anon_mmap_release_32m,memory_io,heap.heap_dealloc_ticks_max,589
anon_mmap_release_32m-1-0b3084aa,anon_mmap_release_32m,memory_io,heap.heap_dealloc_ticks_total,645711
anon_mmap_release_32m-1-0b3084aa,anon_mmap_release_32m,memory_io,heap.heap_free_kb,10
anon_mmap_release_32m-1-0b3084aa,anon_mmap_release_32m,memory_io,heap.heap_max_bytes,0
anon_mmap_release_32m-1-0b3084aa,anon_mmap_release_32m,memory_io,heap.heap_total_kb,0
anon_mmap_release_32m-1-0b3084aa,anon_mmap_release_32m,memory_io,heap.page_faults,7
anon_mmap_release_32m-1-0b3084aa,anon_mmap_release_32m,memory_io,heap.pagefault_ticks_total,127591
anon_mmap_release_32m-1-0b3084aa,anon_mmap_release_32m,memory_io,heap.pagefault_time_count,7
anon_mmap_release_32m-1-0b3084aa,anon_mmap_release_32m,memory_io,pagecache.pc_copy_cycles,0
anon_mmap_release_32m-1-0b3084aa,anon_mmap_release_32m,memory_io,pagecache.pc_falloc_cycles,7434
anon_mmap_release_32m-1-0b3084aa,anon_mmap_release_32m,memory_io,pagecache.pc_lookup_cycles,0
anon_mmap_release_32m-1-0b3084aa,anon_mmap_release_32m,memory_io,pagecache.pc_read_calls,0
anon_mmap_release_32m-1-0b3084aa,anon_mmap_release_32m,memory_io,pagecache.pc_read_cycles,0
anon_mmap_release_32m-1-0b3084aa,anon_mmap_release_32m,memory_io,pagecache.pc_read_hit_cycles,0
anon_mmap_release_32m-1-0b3084aa,anon_mmap_release_32m,memory_io,pagecache.pc_read_miss,4
anon_mmap_release_32m-1-0b3084aa,anon_mmap_release_32m,memory_io,pagecache.pc_read_miss_cycles,0
anon_mmap_release_32m-1-0b3084aa,anon_mmap_release_32m,memory_io,pagecache.pc_read_pages,0
anon_mmap_release_32m-1-0b3084aa,anon_mmap_release_32m,memory_io,pagecache.pc_wb_calls,0
anon_mmap_release_32m-1-0b3084aa,anon_mmap_release_32m,memory_io,pagecache.pc_wb_cycles,0
anon_mmap_release_32m-1-0b3084aa,anon_mmap_release_32m,memory_io,pagecache.pc_wb_pages,0
anon_mmap_release_32m-1-0b3084aa,anon_mmap_release_32m,memory_io,pagecache.pc_write_calls,0
anon_mmap_release_32m-1-0b3084aa,anon_mmap_release_32m,memory_io,pagecache.pc_write_cycles,0
anon_mmap_release_32m-1-0b3084aa,anon_mmap_release_32m,memory_io,pagecache.pc_write_eventually_full,0
anon_mmap_release_32m-1-0b3084aa,anon_mmap_release_32m,memory_io,pagecache.pc_write_overwrite,0
anon_mmap_release_32m-1-0b3084aa,anon_mmap_release_32m,memory_io,pagecache.pc_write_pages,0
anon_mmap_release_32m-1-0b3084aa,anon_mmap_release_32m,memory_io,pagecache.wb_bg_calls,0
anon_mmap_release_32m-1-0b3084aa,anon_mmap_release_32m,memory_io,pagecache.wb_redirty_pages,0
anon_mmap_release_32m-1-0b3084aa,anon_mmap_release_32m,memory_io,pagecache.wb_throttle_calls,0
anon_mmap_release_32m-1-0b3084aa,anon_mmap_release_32m,memory_io,reclaim.clock_evicted,0
anon_mmap_release_32m-1-0b3084aa,anon_mmap_release_32m,memory_io,reclaim.clock_scanned,0
anon_mmap_release_32m-1-0b3084aa,anon_mmap_release_32m,memory_io,reclaim.clock_second_chance,0
anon_mmap_release_32m-1-0b3084aa,anon_mmap_release_32m,memory_io,reclaim.reclaim_pages_freed_total,0
anon_mmap_release_32m-1-0b3084aa,anon_mmap_release_32m,memory_io,reclaim.reclaim_pages_scanned_total,0
anon_mmap_release_32m-1-0b3084aa,anon_mmap_release_32m,memory_io,reclaim.reclaim_runs_total,1
anon_mmap_release_32m-1-0b3084aa,anon_mmap_release_32m,memory_io,tlb.tlb_activate,45
anon_mmap_release_32m-1-0b3084aa,anon_mmap_release_32m,memory_io,tlb.tlb_flushes,8225
anon_mmap_release_32m-1-0b3084aa,anon_mmap_release_32m,memory_io,tlb.tlb_full,0
anon_mmap_release_32m-1-0b3084aa,anon_mmap_release_32m,memory_io,tlb.tlb_global,0
anon_mmap_release_32m-1-0b3084aa,anon_mmap_release_32m,memory_io,tlb.tlb_page,8225
anon_mmap_release_64m_warm-1-46c77d7e,anon_mmap_release_64m_warm,memory_io,anon_unmap.anon_unmap_active_before_max,16384
anon_mmap_release_64m_warm-1-46c77d7e,anon_mmap_release_64m_warm,memory_io,anon_unmap.anon_unmap_active_before_total,16386
anon_mmap_release_64m_warm-1-46c77d7e,anon_mmap_release_64m_warm,memory_io,anon_unmap.anon_unmap_area_calls,0
anon_mmap_release_64m_warm-1-46c77d7e,anon_mmap_release_64m_warm,memory_io,anon_unmap.anon_unmap_calls_total,2
anon_mmap_release_64m_warm-1-46c77d7e,anon_mmap_release_64m_warm,memory_io,anon_unmap.anon_unmap_errors_total,0
anon_mmap_release_64m_warm-1-46c77d7e,anon_mmap_release_64m_warm,memory_io,anon_unmap.anon_unmap_pages_gt_4096,1
anon_mmap_release_64m_warm-1-46c77d7e,anon_mmap_release_64m_warm,memory_io,anon_unmap.anon_unmap_pages_le_16,1
anon_mmap_release_64m_warm-1-46c77d7e,anon_mmap_release_64m_warm,memory_io,anon_unmap.anon_unmap_pages_le_256,0
anon_mmap_release_64m_warm-1-46c77d7e,anon_mmap_release_64m_warm,memory_io,anon_unmap.anon_unmap_pages_le_4096,0
anon_mmap_release_64m_warm-1-46c77d7e,anon_mmap_release_64m_warm,memory_io,anon_unmap.anon_unmap_range_calls,2
anon_mmap_release_64m_warm-1-46c77d7e,anon_mmap_release_64m_warm,memory_io,anon_unmap.anon_unmap_requested_pages_total,16417
anon_mmap_release_64m_warm-1-46c77d7e,anon_mmap_release_64m_warm,memory_io,anon_unmap.anon_unmap_resident_pages_total,16386
anon_mmap_release_64m_warm-1-46c77d7e,anon_mmap_release_64m_warm,memory_io,anon_unmap.anon_unmap_retain_scan_steps_total,134225923
anon_mmap_release_64m_warm-1-46c77d7e,anon_mmap_release_64m_warm,memory_io,anon_unmap.anon_unmap_ticks_max,388830555
anon_mmap_release_64m_warm-1-46c77d7e,anon_mmap_release_64m_warm,memory_io,anon_unmap.anon_unmap_ticks_total,388832535
anon_mmap_release_64m_warm-1-46c77d7e,anon_mmap_release_64m_warm,memory_io,blockio.blk_vread_reqs,0
anon_mmap_release_64m_warm-1-46c77d7e,anon_mmap_release_64m_warm,memory_io,blockio.blk_vread_secs,0
anon_mmap_release_64m_warm-1-46c77d7e,anon_mmap_release_64m_warm,memory_io,blockio.blk_vwrite_reqs,0
anon_mmap_release_64m_warm-1-46c77d7e,anon_mmap_release_64m_warm,memory_io,blockio.blk_vwrite_secs,0
anon_mmap_release_64m_warm-1-46c77d7e,anon_mmap_release_64m_warm,memory_io,blockio.sata_flush_reqs,0
anon_mmap_release_64m_warm-1-46c77d7e,anon_mmap_release_64m_warm,memory_io,blockio.sata_flush_ticks_total,0
anon_mmap_release_64m_warm-1-46c77d7e,anon_mmap_release_64m_warm,memory_io,blockio.sata_read_bytes,16384
anon_mmap_release_64m_warm-1-46c77d7e,anon_mmap_release_64m_warm,memory_io,blockio.sata_read_reqs,4
anon_mmap_release_64m_warm-1-46c77d7e,anon_mmap_release_64m_warm,memory_io,blockio.sata_read_ticks_max,29712
anon_mmap_release_64m_warm-1-46c77d7e,anon_mmap_release_64m_warm,memory_io,blockio.sata_read_ticks_total,72263
anon_mmap_release_64m_warm-1-46c77d7e,anon_mmap_release_64m_warm,memory_io,blockio.sata_write_bytes,0
anon_mmap_release_64m_warm-1-46c77d7e,anon_mmap_release_64m_warm,memory_io,blockio.sata_write_reqs,0
anon_mmap_release_64m_warm-1-46c77d7e,anon_mmap_release_64m_warm,memory_io,blockio.sata_write_ticks_max,0
anon_mmap_release_64m_warm-1-46c77d7e,anon_mmap_release_64m_warm,memory_io,blockio.sata_write_ticks_total,0
anon_mmap_release_64m_warm-1-46c77d7e,anon_mmap_release_64m_warm,memory_io,heap.frame_alloc_hits,6
anon_mmap_release_64m_warm-1-46c77d7e,anon_mmap_release_64m_warm,memory_io,heap.frame_alloc_ticks_total,10298
anon_mmap_release_64m_warm-1-46c77d7e,anon_mmap_release_64m_warm,memory_io,heap.frame_alloc_time_count,6
anon_mmap_release_64m_warm-1-46c77d7e,anon_mmap_release_64m_warm,memory_io,heap.frame_free_hits,16386
anon_mmap_release_64m_warm-1-46c77d7e,anon_mmap_release_64m_warm,memory_io,heap.heap_alloc_calls,75
anon_mmap_release_64m_warm-1-46c77d7e,anon_mmap_release_64m_warm,memory_io,heap.heap_alloc_ticks_max,118
anon_mmap_release_64m_warm-1-46c77d7e,anon_mmap_release_64m_warm,memory_io,heap.heap_alloc_ticks_total,2200
anon_mmap_release_64m_warm-1-46c77d7e,anon_mmap_release_64m_warm,memory_io,heap.heap_current_bytes,12800
anon_mmap_release_64m_warm-1-46c77d7e,anon_mmap_release_64m_warm,memory_io,heap.heap_dealloc_calls,19176
anon_mmap_release_64m_warm-1-46c77d7e,anon_mmap_release_64m_warm,memory_io,heap.heap_dealloc_scan_steps_total,41602
anon_mmap_release_64m_warm-1-46c77d7e,anon_mmap_release_64m_warm,memory_io,heap.heap_dealloc_ticks_max,1440
anon_mmap_release_64m_warm-1-46c77d7e,anon_mmap_release_64m_warm,memory_io,heap.heap_dealloc_ticks_total,1409289
anon_mmap_release_64m_warm-1-46c77d7e,anon_mmap_release_64m_warm,memory_io,heap.heap_free_kb,-12
anon_mmap_release_64m_warm-1-46c77d7e,anon_mmap_release_64m_warm,memory_io,heap.heap_max_bytes,1291840
anon_mmap_release_64m_warm-1-46c77d7e,anon_mmap_release_64m_warm,memory_io,heap.heap_total_kb,0
anon_mmap_release_64m_warm-1-46c77d7e,anon_mmap_release_64m_warm,memory_io,heap.page_faults,7
anon_mmap_release_64m_warm-1-46c77d7e,anon_mmap_release_64m_warm,memory_io,heap.pagefault_ticks_total,128245
anon_mmap_release_64m_warm-1-46c77d7e,anon_mmap_release_64m_warm,memory_io,heap.pagefault_time_count,7
anon_mmap_release_64m_warm-1-46c77d7e,anon_mmap_release_64m_warm,memory_io,pagecache.pc_copy_cycles,0
anon_mmap_release_64m_warm-1-46c77d7e,anon_mmap_release_64m_warm,memory_io,pagecache.pc_falloc_cycles,7599
anon_mmap_release_64m_warm-1-46c77d7e,anon_mmap_release_64m_warm,memory_io,pagecache.pc_lookup_cycles,0
anon_mmap_release_64m_warm-1-46c77d7e,anon_mmap_release_64m_warm,memory_io,pagecache.pc_read_calls,0
anon_mmap_release_64m_warm-1-46c77d7e,anon_mmap_release_64m_warm,memory_io,pagecache.pc_read_cycles,0
anon_mmap_release_64m_warm-1-46c77d7e,anon_mmap_release_64m_warm,memory_io,pagecache.pc_read_hit_cycles,0
anon_mmap_release_64m_warm-1-46c77d7e,anon_mmap_release_64m_warm,memory_io,pagecache.pc_read_miss,4
anon_mmap_release_64m_warm-1-46c77d7e,anon_mmap_release_64m_warm,memory_io,pagecache.pc_read_miss_cycles,0
anon_mmap_release_64m_warm-1-46c77d7e,anon_mmap_release_64m_warm,memory_io,pagecache.pc_read_pages,0
anon_mmap_release_64m_warm-1-46c77d7e,anon_mmap_release_64m_warm,memory_io,pagecache.pc_wb_calls,0
anon_mmap_release_64m_warm-1-46c77d7e,anon_mmap_release_64m_warm,memory_io,pagecache.pc_wb_cycles,0
anon_mmap_release_64m_warm-1-46c77d7e,anon_mmap_release_64m_warm,memory_io,pagecache.pc_wb_pages,0
anon_mmap_release_64m_warm-1-46c77d7e,anon_mmap_release_64m_warm,memory_io,pagecache.pc_write_calls,0
anon_mmap_release_64m_warm-1-46c77d7e,anon_mmap_release_64m_warm,memory_io,pagecache.pc_write_cycles,0
anon_mmap_release_64m_warm-1-46c77d7e,anon_mmap_release_64m_warm,memory_io,pagecache.pc_write_eventually_full,0
anon_mmap_release_64m_warm-1-46c77d7e,anon_mmap_release_64m_warm,memory_io,pagecache.pc_write_overwrite,0
anon_mmap_release_64m_warm-1-46c77d7e,anon_mmap_release_64m_warm,memory_io,pagecache.pc_write_pages,0
anon_mmap_release_64m_warm-1-46c77d7e,anon_mmap_release_64m_warm,memory_io,pagecache.wb_bg_calls,0
anon_mmap_release_64m_warm-1-46c77d7e,anon_mmap_release_64m_warm,memory_io,pagecache.wb_redirty_pages,0
anon_mmap_release_64m_warm-1-46c77d7e,anon_mmap_release_64m_warm,memory_io,pagecache.wb_throttle_calls,0
anon_mmap_release_64m_warm-1-46c77d7e,anon_mmap_release_64m_warm,memory_io,reclaim.clock_evicted,0
anon_mmap_release_64m_warm-1-46c77d7e,anon_mmap_release_64m_warm,memory_io,reclaim.clock_scanned,0
anon_mmap_release_64m_warm-1-46c77d7e,anon_mmap_release_64m_warm,memory_io,reclaim.clock_second_chance,0
anon_mmap_release_64m_warm-1-46c77d7e,anon_mmap_release_64m_warm,memory_io,reclaim.reclaim_pages_freed_total,0
anon_mmap_release_64m_warm-1-46c77d7e,anon_mmap_release_64m_warm,memory_io,reclaim.reclaim_pages_scanned_total,0
anon_mmap_release_64m_warm-1-46c77d7e,anon_mmap_release_64m_warm,memory_io,reclaim.reclaim_runs_total,2
anon_mmap_release_64m_warm-1-46c77d7e,anon_mmap_release_64m_warm,memory_io,tlb.tlb_activate,46
anon_mmap_release_64m_warm-1-46c77d7e,anon_mmap_release_64m_warm,memory_io,tlb.tlb_flushes,16417
anon_mmap_release_64m_warm-1-46c77d7e,anon_mmap_release_64m_warm,memory_io,tlb.tlb_full,0
anon_mmap_release_64m_warm-1-46c77d7e,anon_mmap_release_64m_warm,memory_io,tlb.tlb_global,0
anon_mmap_release_64m_warm-1-46c77d7e,anon_mmap_release_64m_warm,memory_io,tlb.tlb_page,16417
anon_mmap_release_64m-1-01a176f0,anon_mmap_release_64m,memory_io,anon_unmap.anon_unmap_active_before_max,16384
anon_mmap_release_64m-1-01a176f0,anon_mmap_release_64m,memory_io,anon_unmap.anon_unmap_active_before_total,16386
anon_mmap_release_64m-1-01a176f0,anon_mmap_release_64m,memory_io,anon_unmap.anon_unmap_area_calls,0
anon_mmap_release_64m-1-01a176f0,anon_mmap_release_64m,memory_io,anon_unmap.anon_unmap_calls_total,2
anon_mmap_release_64m-1-01a176f0,anon_mmap_release_64m,memory_io,anon_unmap.anon_unmap_errors_total,0
anon_mmap_release_64m-1-01a176f0,anon_mmap_release_64m,memory_io,anon_unmap.anon_unmap_pages_gt_4096,1
anon_mmap_release_64m-1-01a176f0,anon_mmap_release_64m,memory_io,anon_unmap.anon_unmap_pages_le_16,1
anon_mmap_release_64m-1-01a176f0,anon_mmap_release_64m,memory_io,anon_unmap.anon_unmap_pages_le_256,0
anon_mmap_release_64m-1-01a176f0,anon_mmap_release_64m,memory_io,anon_unmap.anon_unmap_pages_le_4096,0
anon_mmap_release_64m-1-01a176f0,anon_mmap_release_64m,memory_io,anon_unmap.anon_unmap_range_calls,2
anon_mmap_release_64m-1-01a176f0,anon_mmap_release_64m,memory_io,anon_unmap.anon_unmap_requested_pages_total,16417
anon_mmap_release_64m-1-01a176f0,anon_mmap_release_64m,memory_io,anon_unmap.anon_unmap_resident_pages_total,16386
anon_mmap_release_64m-1-01a176f0,anon_mmap_release_64m,memory_io,anon_unmap.anon_unmap_retain_scan_steps_total,134225923
anon_mmap_release_64m-1-01a176f0,anon_mmap_release_64m,memory_io,anon_unmap.anon_unmap_ticks_max,388830583
anon_mmap_release_64m-1-01a176f0,anon_mmap_release_64m,memory_io,anon_unmap.anon_unmap_ticks_total,388832509
anon_mmap_release_64m-1-01a176f0,anon_mmap_release_64m,memory_io,blockio.blk_vread_reqs,0
anon_mmap_release_64m-1-01a176f0,anon_mmap_release_64m,memory_io,blockio.blk_vread_secs,0
anon_mmap_release_64m-1-01a176f0,anon_mmap_release_64m,memory_io,blockio.blk_vwrite_reqs,0
anon_mmap_release_64m-1-01a176f0,anon_mmap_release_64m,memory_io,blockio.blk_vwrite_secs,0
anon_mmap_release_64m-1-01a176f0,anon_mmap_release_64m,memory_io,blockio.sata_flush_reqs,0
anon_mmap_release_64m-1-01a176f0,anon_mmap_release_64m,memory_io,blockio.sata_flush_ticks_total,0
anon_mmap_release_64m-1-01a176f0,anon_mmap_release_64m,memory_io,blockio.sata_read_bytes,16384
anon_mmap_release_64m-1-01a176f0,anon_mmap_release_64m,memory_io,blockio.sata_read_reqs,4
anon_mmap_release_64m-1-01a176f0,anon_mmap_release_64m,memory_io,blockio.sata_read_ticks_max,29826
anon_mmap_release_64m-1-01a176f0,anon_mmap_release_64m,memory_io,blockio.sata_read_ticks_total,72400
anon_mmap_release_64m-1-01a176f0,anon_mmap_release_64m,memory_io,blockio.sata_write_bytes,0
anon_mmap_release_64m-1-01a176f0,anon_mmap_release_64m,memory_io,blockio.sata_write_reqs,0
anon_mmap_release_64m-1-01a176f0,anon_mmap_release_64m,memory_io,blockio.sata_write_ticks_max,0
anon_mmap_release_64m-1-01a176f0,anon_mmap_release_64m,memory_io,blockio.sata_write_ticks_total,0
anon_mmap_release_64m-1-01a176f0,anon_mmap_release_64m,memory_io,heap.frame_alloc_hits,6
anon_mmap_release_64m-1-01a176f0,anon_mmap_release_64m,memory_io,heap.frame_alloc_ticks_total,10338
anon_mmap_release_64m-1-01a176f0,anon_mmap_release_64m,memory_io,heap.frame_alloc_time_count,6
anon_mmap_release_64m-1-01a176f0,anon_mmap_release_64m,memory_io,heap.frame_free_hits,16386
anon_mmap_release_64m-1-01a176f0,anon_mmap_release_64m,memory_io,heap.heap_alloc_calls,75
anon_mmap_release_64m-1-01a176f0,anon_mmap_release_64m,memory_io,heap.heap_alloc_ticks_max,120
anon_mmap_release_64m-1-01a176f0,anon_mmap_release_64m,memory_io,heap.heap_alloc_ticks_total,2498
anon_mmap_release_64m-1-01a176f0,anon_mmap_release_64m,memory_io,heap.heap_current_bytes,-7136
anon_mmap_release_64m-1-01a176f0,anon_mmap_release_64m,memory_io,heap.heap_dealloc_calls,19176
anon_mmap_release_64m-1-01a176f0,anon_mmap_release_64m,memory_io,heap.heap_dealloc_scan_steps_total,41626
anon_mmap_release_64m-1-01a176f0,anon_mmap_release_64m,memory_io,heap.heap_dealloc_ticks_max,1085
anon_mmap_release_64m-1-01a176f0,anon_mmap_release_64m,memory_io,heap.heap_dealloc_ticks_total,1408942
anon_mmap_release_64m-1-01a176f0,anon_mmap_release_64m,memory_io,heap.heap_free_kb,7
anon_mmap_release_64m-1-01a176f0,anon_mmap_release_64m,memory_io,heap.heap_max_bytes,3904
anon_mmap_release_64m-1-01a176f0,anon_mmap_release_64m,memory_io,heap.heap_total_kb,0
anon_mmap_release_64m-1-01a176f0,anon_mmap_release_64m,memory_io,heap.page_faults,7
anon_mmap_release_64m-1-01a176f0,anon_mmap_release_64m,memory_io,heap.pagefault_ticks_total,128505
anon_mmap_release_64m-1-01a176f0,anon_mmap_release_64m,memory_io,heap.pagefault_time_count,7
anon_mmap_release_64m-1-01a176f0,anon_mmap_release_64m,memory_io,pagecache.pc_copy_cycles,0
anon_mmap_release_64m-1-01a176f0,anon_mmap_release_64m,memory_io,pagecache.pc_falloc_cycles,7539
anon_mmap_release_64m-1-01a176f0,anon_mmap_release_64m,memory_io,pagecache.pc_lookup_cycles,0
anon_mmap_release_64m-1-01a176f0,anon_mmap_release_64m,memory_io,pagecache.pc_read_calls,0
anon_mmap_release_64m-1-01a176f0,anon_mmap_release_64m,memory_io,pagecache.pc_read_cycles,0
anon_mmap_release_64m-1-01a176f0,anon_mmap_release_64m,memory_io,pagecache.pc_read_hit_cycles,0
anon_mmap_release_64m-1-01a176f0,anon_mmap_release_64m,memory_io,pagecache.pc_read_miss,4
anon_mmap_release_64m-1-01a176f0,anon_mmap_release_64m,memory_io,pagecache.pc_read_miss_cycles,0
anon_mmap_release_64m-1-01a176f0,anon_mmap_release_64m,memory_io,pagecache.pc_read_pages,0
anon_mmap_release_64m-1-01a176f0,anon_mmap_release_64m,memory_io,pagecache.pc_wb_calls,0
anon_mmap_release_64m-1-01a176f0,anon_mmap_release_64m,memory_io,pagecache.pc_wb_cycles,0
anon_mmap_release_64m-1-01a176f0,anon_mmap_release_64m,memory_io,pagecache.pc_wb_pages,0
anon_mmap_release_64m-1-01a176f0,anon_mmap_release_64m,memory_io,pagecache.pc_write_calls,0
anon_mmap_release_64m-1-01a176f0,anon_mmap_release_64m,memory_io,pagecache.pc_write_cycles,0
anon_mmap_release_64m-1-01a176f0,anon_mmap_release_64m,memory_io,pagecache.pc_write_eventually_full,0
anon_mmap_release_64m-1-01a176f0,anon_mmap_release_64m,memory_io,pagecache.pc_write_overwrite,0
anon_mmap_release_64m-1-01a176f0,anon_mmap_release_64m,memory_io,pagecache.pc_write_pages,0
anon_mmap_release_64m-1-01a176f0,anon_mmap_release_64m,memory_io,pagecache.wb_bg_calls,0
anon_mmap_release_64m-1-01a176f0,anon_mmap_release_64m,memory_io,pagecache.wb_redirty_pages,0
anon_mmap_release_64m-1-01a176f0,anon_mmap_release_64m,memory_io,pagecache.wb_throttle_calls,0
anon_mmap_release_64m-1-01a176f0,anon_mmap_release_64m,memory_io,reclaim.clock_evicted,0
anon_mmap_release_64m-1-01a176f0,anon_mmap_release_64m,memory_io,reclaim.clock_scanned,0
anon_mmap_release_64m-1-01a176f0,anon_mmap_release_64m,memory_io,reclaim.clock_second_chance,0
anon_mmap_release_64m-1-01a176f0,anon_mmap_release_64m,memory_io,reclaim.reclaim_pages_freed_total,0
anon_mmap_release_64m-1-01a176f0,anon_mmap_release_64m,memory_io,reclaim.reclaim_pages_scanned_total,0
anon_mmap_release_64m-1-01a176f0,anon_mmap_release_64m,memory_io,reclaim.reclaim_runs_total,2
anon_mmap_release_64m-1-01a176f0,anon_mmap_release_64m,memory_io,tlb.tlb_activate,46
anon_mmap_release_64m-1-01a176f0,anon_mmap_release_64m,memory_io,tlb.tlb_flushes,16417
anon_mmap_release_64m-1-01a176f0,anon_mmap_release_64m,memory_io,tlb.tlb_full,0
anon_mmap_release_64m-1-01a176f0,anon_mmap_release_64m,memory_io,tlb.tlb_global,0
anon_mmap_release_64m-1-01a176f0,anon_mmap_release_64m,memory_io,tlb.tlb_page,16417
cpython_bench_list-1-03b27467,cpython_bench_list,memory_io,anon_unmap.anon_unmap_active_before_max,3909
cpython_bench_list-1-03b27467,cpython_bench_list,memory_io,anon_unmap.anon_unmap_active_before_total,110176
cpython_bench_list-1-03b27467,cpython_bench_list,memory_io,anon_unmap.anon_unmap_area_calls,0
cpython_bench_list-1-03b27467,cpython_bench_list,memory_io,anon_unmap.anon_unmap_calls_total,436
cpython_bench_list-1-03b27467,cpython_bench_list,memory_io,anon_unmap.anon_unmap_errors_total,0
cpython_bench_list-1-03b27467,cpython_bench_list,memory_io,anon_unmap.anon_unmap_pages_gt_4096,0
cpython_bench_list-1-03b27467,cpython_bench_list,memory_io,anon_unmap.anon_unmap_pages_le_16,107
cpython_bench_list-1-03b27467,cpython_bench_list,memory_io,anon_unmap.anon_unmap_pages_le_256,277
cpython_bench_list-1-03b27467,cpython_bench_list,memory_io,anon_unmap.anon_unmap_pages_le_4096,52
cpython_bench_list-1-03b27467,cpython_bench_list,memory_io,anon_unmap.anon_unmap_range_calls,436
cpython_bench_list-1-03b27467,cpython_bench_list,memory_io,anon_unmap.anon_unmap_requested_pages_total,111186
cpython_bench_list-1-03b27467,cpython_bench_list,memory_io,anon_unmap.anon_unmap_resident_pages_total,110176
cpython_bench_list-1-03b27467,cpython_bench_list,memory_io,anon_unmap.anon_unmap_retain_scan_steps_total,70469395
cpython_bench_list-1-03b27467,cpython_bench_list,memory_io,anon_unmap.anon_unmap_ticks_max,32731343
cpython_bench_list-1-03b27467,cpython_bench_list,memory_io,anon_unmap.anon_unmap_ticks_total,239633625
cpython_bench_list-1-03b27467,cpython_bench_list,memory_io,blockio.blk_vread_reqs,0
cpython_bench_list-1-03b27467,cpython_bench_list,memory_io,blockio.blk_vread_secs,0
cpython_bench_list-1-03b27467,cpython_bench_list,memory_io,blockio.blk_vwrite_reqs,0
cpython_bench_list-1-03b27467,cpython_bench_list,memory_io,blockio.blk_vwrite_secs,0
cpython_bench_list-1-03b27467,cpython_bench_list,memory_io,blockio.sata_flush_reqs,0
cpython_bench_list-1-03b27467,cpython_bench_list,memory_io,blockio.sata_flush_ticks_total,0
cpython_bench_list-1-03b27467,cpython_bench_list,memory_io,blockio.sata_read_bytes,4096
cpython_bench_list-1-03b27467,cpython_bench_list,memory_io,blockio.sata_read_reqs,1
cpython_bench_list-1-03b27467,cpython_bench_list,memory_io,blockio.sata_read_ticks_max,88064
cpython_bench_list-1-03b27467,cpython_bench_list,memory_io,blockio.sata_read_ticks_total,88064
cpython_bench_list-1-03b27467,cpython_bench_list,memory_io,blockio.sata_write_bytes,0
cpython_bench_list-1-03b27467,cpython_bench_list,memory_io,blockio.sata_write_reqs,0
cpython_bench_list-1-03b27467,cpython_bench_list,memory_io,blockio.sata_write_ticks_max,0
cpython_bench_list-1-03b27467,cpython_bench_list,memory_io,blockio.sata_write_ticks_total,0
cpython_bench_list-1-03b27467,cpython_bench_list,memory_io,heap.frame_alloc_hits,112301
cpython_bench_list-1-03b27467,cpython_bench_list,memory_io,heap.frame_alloc_ticks_total,187044726
cpython_bench_list-1-03b27467,cpython_bench_list,memory_io,heap.frame_alloc_time_count,112301
cpython_bench_list-1-03b27467,cpython_bench_list,memory_io,heap.frame_free_hits,110384
cpython_bench_list-1-03b27467,cpython_bench_list,memory_io,heap.heap_alloc_calls,249795
cpython_bench_list-1-03b27467,cpython_bench_list,memory_io,heap.heap_alloc_ticks_max,443
cpython_bench_list-1-03b27467,cpython_bench_list,memory_io,heap.heap_alloc_ticks_total,4777690
cpython_bench_list-1-03b27467,cpython_bench_list,memory_io,heap.heap_current_bytes,945792
cpython_bench_list-1-03b27467,cpython_bench_list,memory_io,heap.heap_dealloc_calls,247807
cpython_bench_list-1-03b27467,cpython_bench_list,memory_io,heap.heap_dealloc_scan_steps_total,3040356
cpython_bench_list-1-03b27467,cpython_bench_list,memory_io,heap.heap_dealloc_ticks_max,99075
cpython_bench_list-1-03b27467,cpython_bench_list,memory_io,heap.heap_dealloc_ticks_total,22704568
cpython_bench_list-1-03b27467,cpython_bench_list,memory_io,heap.heap_free_kb,-924
cpython_bench_list-1-03b27467,cpython_bench_list,memory_io,heap.heap_max_bytes,6086512
cpython_bench_list-1-03b27467,cpython_bench_list,memory_io,heap.heap_total_kb,0
cpython_bench_list-1-03b27467,cpython_bench_list,memory_io,heap.page_faults,57497
cpython_bench_list-1-03b27467,cpython_bench_list,memory_io,heap.pagefault_ticks_total,139255165
cpython_bench_list-1-03b27467,cpython_bench_list,memory_io,heap.pagefault_time_count,57497
cpython_bench_list-1-03b27467,cpython_bench_list,memory_io,pagecache.pc_copy_cycles,0
cpython_bench_list-1-03b27467,cpython_bench_list,memory_io,pagecache.pc_falloc_cycles,1902
cpython_bench_list-1-03b27467,cpython_bench_list,memory_io,pagecache.pc_lookup_cycles,0
cpython_bench_list-1-03b27467,cpython_bench_list,memory_io,pagecache.pc_read_calls,0
cpython_bench_list-1-03b27467,cpython_bench_list,memory_io,pagecache.pc_read_cycles,0
cpython_bench_list-1-03b27467,cpython_bench_list,memory_io,pagecache.pc_read_hit_cycles,0
cpython_bench_list-1-03b27467,cpython_bench_list,memory_io,pagecache.pc_read_miss,1
cpython_bench_list-1-03b27467,cpython_bench_list,memory_io,pagecache.pc_read_miss_cycles,0
cpython_bench_list-1-03b27467,cpython_bench_list,memory_io,pagecache.pc_read_pages,0
cpython_bench_list-1-03b27467,cpython_bench_list,memory_io,pagecache.pc_wb_calls,0
cpython_bench_list-1-03b27467,cpython_bench_list,memory_io,pagecache.pc_wb_cycles,0
cpython_bench_list-1-03b27467,cpython_bench_list,memory_io,pagecache.pc_wb_pages,0
cpython_bench_list-1-03b27467,cpython_bench_list,memory_io,pagecache.pc_write_calls,0
cpython_bench_list-1-03b27467,cpython_bench_list,memory_io,pagecache.pc_write_cycles,0
cpython_bench_list-1-03b27467,cpython_bench_list,memory_io,pagecache.pc_write_eventually_full,0
cpython_bench_list-1-03b27467,cpython_bench_list,memory_io,pagecache.pc_write_overwrite,0
cpython_bench_list-1-03b27467,cpython_bench_list,memory_io,pagecache.pc_write_pages,0
cpython_bench_list-1-03b27467,cpython_bench_list,memory_io,pagecache.wb_bg_calls,0
cpython_bench_list-1-03b27467,cpython_bench_list,memory_io,pagecache.wb_redirty_pages,0
cpython_bench_list-1-03b27467,cpython_bench_list,memory_io,pagecache.wb_throttle_calls,0
cpython_bench_list-1-03b27467,cpython_bench_list,memory_io,reclaim.clock_evicted,208
cpython_bench_list-1-03b27467,cpython_bench_list,memory_io,reclaim.clock_scanned,2383
cpython_bench_list-1-03b27467,cpython_bench_list,memory_io,reclaim.clock_second_chance,34
cpython_bench_list-1-03b27467,cpython_bench_list,memory_io,reclaim.reclaim_pages_freed_total,208
cpython_bench_list-1-03b27467,cpython_bench_list,memory_io,reclaim.reclaim_pages_scanned_total,0
cpython_bench_list-1-03b27467,cpython_bench_list,memory_io,reclaim.reclaim_runs_total,1673
cpython_bench_list-1-03b27467,cpython_bench_list,memory_io,tlb.tlb_activate,59951
cpython_bench_list-1-03b27467,cpython_bench_list,memory_io,tlb.tlb_flushes,222480
cpython_bench_list-1-03b27467,cpython_bench_list,memory_io,tlb.tlb_full,0
cpython_bench_list-1-03b27467,cpython_bench_list,memory_io,tlb.tlb_global,0
cpython_bench_list-1-03b27467,cpython_bench_list,memory_io,tlb.tlb_page,222480
cpython_bench_dict-1-96b01054,cpython_bench_dict,memory_io,anon_unmap.anon_unmap_active_before_max,5121
cpython_bench_dict-1-96b01054,cpython_bench_dict,memory_io,anon_unmap.anon_unmap_active_before_total,22000
cpython_bench_dict-1-96b01054,cpython_bench_dict,memory_io,anon_unmap.anon_unmap_area_calls,0
cpython_bench_dict-1-96b01054,cpython_bench_dict,memory_io,anon_unmap.anon_unmap_calls_total,56
cpython_bench_dict-1-96b01054,cpython_bench_dict,memory_io,anon_unmap.anon_unmap_errors_total,0
cpython_bench_dict-1-96b01054,cpython_bench_dict,memory_io,anon_unmap.anon_unmap_pages_gt_4096,1
cpython_bench_dict-1-96b01054,cpython_bench_dict,memory_io,anon_unmap.anon_unmap_pages_le_16,3
cpython_bench_dict-1-96b01054,cpython_bench_dict,memory_io,anon_unmap.anon_unmap_pages_le_256,45
cpython_bench_dict-1-96b01054,cpython_bench_dict,memory_io,anon_unmap.anon_unmap_pages_le_4096,7
cpython_bench_dict-1-96b01054,cpython_bench_dict,memory_io,anon_unmap.anon_unmap_range_calls,56
cpython_bench_dict-1-96b01054,cpython_bench_dict,memory_io,anon_unmap.anon_unmap_requested_pages_total,22241
cpython_bench_dict-1-96b01054,cpython_bench_dict,memory_io,anon_unmap.anon_unmap_resident_pages_total,22000
cpython_bench_dict-1-96b01054,cpython_bench_dict,memory_io,anon_unmap.anon_unmap_retain_scan_steps_total,19751552
cpython_bench_dict-1-96b01054,cpython_bench_dict,memory_io,anon_unmap.anon_unmap_ticks_max,37031376
cpython_bench_dict-1-96b01054,cpython_bench_dict,memory_io,anon_unmap.anon_unmap_ticks_total,60950870
cpython_bench_dict-1-96b01054,cpython_bench_dict,memory_io,blockio.blk_vread_reqs,0
cpython_bench_dict-1-96b01054,cpython_bench_dict,memory_io,blockio.blk_vread_secs,0
cpython_bench_dict-1-96b01054,cpython_bench_dict,memory_io,blockio.blk_vwrite_reqs,0
cpython_bench_dict-1-96b01054,cpython_bench_dict,memory_io,blockio.blk_vwrite_secs,0
cpython_bench_dict-1-96b01054,cpython_bench_dict,memory_io,blockio.sata_flush_reqs,0
cpython_bench_dict-1-96b01054,cpython_bench_dict,memory_io,blockio.sata_flush_ticks_total,0
cpython_bench_dict-1-96b01054,cpython_bench_dict,memory_io,blockio.sata_read_bytes,4096
cpython_bench_dict-1-96b01054,cpython_bench_dict,memory_io,blockio.sata_read_reqs,1
cpython_bench_dict-1-96b01054,cpython_bench_dict,memory_io,blockio.sata_read_ticks_max,88050
cpython_bench_dict-1-96b01054,cpython_bench_dict,memory_io,blockio.sata_read_ticks_total,88050
cpython_bench_dict-1-96b01054,cpython_bench_dict,memory_io,blockio.sata_write_bytes,0
cpython_bench_dict-1-96b01054,cpython_bench_dict,memory_io,blockio.sata_write_reqs,0
cpython_bench_dict-1-96b01054,cpython_bench_dict,memory_io,blockio.sata_write_ticks_max,0
cpython_bench_dict-1-96b01054,cpython_bench_dict,memory_io,blockio.sata_write_ticks_total,0
cpython_bench_dict-1-96b01054,cpython_bench_dict,memory_io,heap.frame_alloc_hits,22257
cpython_bench_dict-1-96b01054,cpython_bench_dict,memory_io,heap.frame_alloc_ticks_total,37079122
cpython_bench_dict-1-96b01054,cpython_bench_dict,memory_io,heap.frame_alloc_time_count,22257
cpython_bench_dict-1-96b01054,cpython_bench_dict,memory_io,heap.frame_free_hits,22072
cpython_bench_dict-1-96b01054,cpython_bench_dict,memory_io,heap.heap_alloc_calls,27462
cpython_bench_dict-1-96b01054,cpython_bench_dict,memory_io,heap.heap_alloc_ticks_max,428
cpython_bench_dict-1-96b01054,cpython_bench_dict,memory_io,heap.heap_alloc_ticks_total,813867
cpython_bench_dict-1-96b01054,cpython_bench_dict,memory_io,heap.heap_current_bytes,25416
cpython_bench_dict-1-96b01054,cpython_bench_dict,memory_io,heap.heap_dealloc_calls,27367
cpython_bench_dict-1-96b01054,cpython_bench_dict,memory_io,heap.heap_dealloc_scan_steps_total,56642
cpython_bench_dict-1-96b01054,cpython_bench_dict,memory_io,heap.heap_dealloc_ticks_max,2718
cpython_bench_dict-1-96b01054,cpython_bench_dict,memory_io,heap.heap_dealloc_ticks_total,1584191
cpython_bench_dict-1-96b01054,cpython_bench_dict,memory_io,heap.heap_free_kb,-25
cpython_bench_dict-1-96b01054,cpython_bench_dict,memory_io,heap.heap_max_bytes,0
cpython_bench_dict-1-96b01054,cpython_bench_dict,memory_io,heap.heap_total_kb,0
cpython_bench_dict-1-96b01054,cpython_bench_dict,memory_io,heap.page_faults,22257
cpython_bench_dict-1-96b01054,cpython_bench_dict,memory_io,heap.pagefault_ticks_total,53505586
cpython_bench_dict-1-96b01054,cpython_bench_dict,memory_io,heap.pagefault_time_count,22257
cpython_bench_dict-1-96b01054,cpython_bench_dict,memory_io,pagecache.pc_copy_cycles,0
cpython_bench_dict-1-96b01054,cpython_bench_dict,memory_io,pagecache.pc_falloc_cycles,1898
cpython_bench_dict-1-96b01054,cpython_bench_dict,memory_io,pagecache.pc_lookup_cycles,0
cpython_bench_dict-1-96b01054,cpython_bench_dict,memory_io,pagecache.pc_read_calls,0
cpython_bench_dict-1-96b01054,cpython_bench_dict,memory_io,pagecache.pc_read_cycles,0
cpython_bench_dict-1-96b01054,cpython_bench_dict,memory_io,pagecache.pc_read_hit_cycles,0
cpython_bench_dict-1-96b01054,cpython_bench_dict,memory_io,pagecache.pc_read_miss,1
cpython_bench_dict-1-96b01054,cpython_bench_dict,memory_io,pagecache.pc_read_miss_cycles,0
cpython_bench_dict-1-96b01054,cpython_bench_dict,memory_io,pagecache.pc_read_pages,0
cpython_bench_dict-1-96b01054,cpython_bench_dict,memory_io,pagecache.pc_wb_calls,0
cpython_bench_dict-1-96b01054,cpython_bench_dict,memory_io,pagecache.pc_wb_cycles,0
cpython_bench_dict-1-96b01054,cpython_bench_dict,memory_io,pagecache.pc_wb_pages,0
cpython_bench_dict-1-96b01054,cpython_bench_dict,memory_io,pagecache.pc_write_calls,0
cpython_bench_dict-1-96b01054,cpython_bench_dict,memory_io,pagecache.pc_write_cycles,0
cpython_bench_dict-1-96b01054,cpython_bench_dict,memory_io,pagecache.pc_write_eventually_full,0
cpython_bench_dict-1-96b01054,cpython_bench_dict,memory_io,pagecache.pc_write_overwrite,0
cpython_bench_dict-1-96b01054,cpython_bench_dict,memory_io,pagecache.pc_write_pages,0
cpython_bench_dict-1-96b01054,cpython_bench_dict,memory_io,pagecache.wb_bg_calls,0
cpython_bench_dict-1-96b01054,cpython_bench_dict,memory_io,pagecache.wb_redirty_pages,0
cpython_bench_dict-1-96b01054,cpython_bench_dict,memory_io,pagecache.wb_throttle_calls,0
cpython_bench_dict-1-96b01054,cpython_bench_dict,memory_io,reclaim.clock_evicted,72
cpython_bench_dict-1-96b01054,cpython_bench_dict,memory_io,reclaim.clock_scanned,2150
cpython_bench_dict-1-96b01054,cpython_bench_dict,memory_io,reclaim.clock_second_chance,254
cpython_bench_dict-1-96b01054,cpython_bench_dict,memory_io,reclaim.reclaim_pages_freed_total,72
cpython_bench_dict-1-96b01054,cpython_bench_dict,memory_io,reclaim.reclaim_pages_scanned_total,0
cpython_bench_dict-1-96b01054,cpython_bench_dict,memory_io,reclaim.reclaim_runs_total,590
cpython_bench_dict-1-96b01054,cpython_bench_dict,memory_io,tlb.tlb_activate,22976
cpython_bench_dict-1-96b01054,cpython_bench_dict,memory_io,tlb.tlb_flushes,44261
cpython_bench_dict-1-96b01054,cpython_bench_dict,memory_io,tlb.tlb_full,0
cpython_bench_dict-1-96b01054,cpython_bench_dict,memory_io,tlb.tlb_global,0
cpython_bench_dict-1-96b01054,cpython_bench_dict,memory_io,tlb.tlb_page,44261
cpython_bench_bytesio-1-06ff6f2f,cpython_bench_bytesio,memory_io,anon_unmap.anon_unmap_active_before_max,1223
cpython_bench_bytesio-1-06ff6f2f,cpython_bench_bytesio,memory_io,anon_unmap.anon_unmap_active_before_total,21698
cpython_bench_bytesio-1-06ff6f2f,cpython_bench_bytesio,memory_io,anon_unmap.anon_unmap_area_calls,0
cpython_bench_bytesio-1-06ff6f2f,cpython_bench_bytesio,memory_io,anon_unmap.anon_unmap_calls_total,146
cpython_bench_bytesio-1-06ff6f2f,cpython_bench_bytesio,memory_io,anon_unmap.anon_unmap_errors_total,0
cpython_bench_bytesio-1-06ff6f2f,cpython_bench_bytesio,memory_io,anon_unmap.anon_unmap_pages_gt_4096,0
cpython_bench_bytesio-1-06ff6f2f,cpython_bench_bytesio,memory_io,anon_unmap.anon_unmap_pages_le_16,60
cpython_bench_bytesio-1-06ff6f2f,cpython_bench_bytesio,memory_io,anon_unmap.anon_unmap_pages_le_256,59
cpython_bench_bytesio-1-06ff6f2f,cpython_bench_bytesio,memory_io,anon_unmap.anon_unmap_pages_le_4096,27
cpython_bench_bytesio-1-06ff6f2f,cpython_bench_bytesio,memory_io,anon_unmap.anon_unmap_range_calls,146
cpython_bench_bytesio-1-06ff6f2f,cpython_bench_bytesio,memory_io,anon_unmap.anon_unmap_requested_pages_total,21918
cpython_bench_bytesio-1-06ff6f2f,cpython_bench_bytesio,memory_io,anon_unmap.anon_unmap_resident_pages_total,21698
cpython_bench_bytesio-1-06ff6f2f,cpython_bench_bytesio,memory_io,anon_unmap.anon_unmap_retain_scan_steps_total,6398530
cpython_bench_bytesio-1-06ff6f2f,cpython_bench_bytesio,memory_io,anon_unmap.anon_unmap_ticks_max,2434435
cpython_bench_bytesio-1-06ff6f2f,cpython_bench_bytesio,memory_io,anon_unmap.anon_unmap_ticks_total,25108055
cpython_bench_bytesio-1-06ff6f2f,cpython_bench_bytesio,memory_io,blockio.blk_vread_reqs,0
cpython_bench_bytesio-1-06ff6f2f,cpython_bench_bytesio,memory_io,blockio.blk_vread_secs,0
cpython_bench_bytesio-1-06ff6f2f,cpython_bench_bytesio,memory_io,blockio.blk_vwrite_reqs,0
cpython_bench_bytesio-1-06ff6f2f,cpython_bench_bytesio,memory_io,blockio.blk_vwrite_secs,0
cpython_bench_bytesio-1-06ff6f2f,cpython_bench_bytesio,memory_io,blockio.sata_flush_reqs,0
cpython_bench_bytesio-1-06ff6f2f,cpython_bench_bytesio,memory_io,blockio.sata_flush_ticks_total,0
cpython_bench_bytesio-1-06ff6f2f,cpython_bench_bytesio,memory_io,blockio.sata_read_bytes,4096
cpython_bench_bytesio-1-06ff6f2f,cpython_bench_bytesio,memory_io,blockio.sata_read_reqs,1
cpython_bench_bytesio-1-06ff6f2f,cpython_bench_bytesio,memory_io,blockio.sata_read_ticks_max,88068
cpython_bench_bytesio-1-06ff6f2f,cpython_bench_bytesio,memory_io,blockio.sata_read_ticks_total,88068
cpython_bench_bytesio-1-06ff6f2f,cpython_bench_bytesio,memory_io,blockio.sata_write_bytes,0
cpython_bench_bytesio-1-06ff6f2f,cpython_bench_bytesio,memory_io,blockio.sata_write_reqs,0
cpython_bench_bytesio-1-06ff6f2f,cpython_bench_bytesio,memory_io,blockio.sata_write_ticks_max,0
cpython_bench_bytesio-1-06ff6f2f,cpython_bench_bytesio,memory_io,blockio.sata_write_ticks_total,0
cpython_bench_bytesio-1-06ff6f2f,cpython_bench_bytesio,memory_io,heap.frame_alloc_hits,21699
cpython_bench_bytesio-1-06ff6f2f,cpython_bench_bytesio,memory_io,heap.frame_alloc_ticks_total,36198167
cpython_bench_bytesio-1-06ff6f2f,cpython_bench_bytesio,memory_io,heap.frame_alloc_time_count,21699
cpython_bench_bytesio-1-06ff6f2f,cpython_bench_bytesio,memory_io,heap.frame_free_hits,21762
cpython_bench_bytesio-1-06ff6f2f,cpython_bench_bytesio,memory_io,heap.heap_alloc_calls,58403
cpython_bench_bytesio-1-06ff6f2f,cpython_bench_bytesio,memory_io,heap.heap_alloc_ticks_max,344
cpython_bench_bytesio-1-06ff6f2f,cpython_bench_bytesio,memory_io,heap.heap_alloc_ticks_total,917013
cpython_bench_bytesio-1-06ff6f2f,cpython_bench_bytesio,memory_io,heap.heap_current_bytes,44992
cpython_bench_bytesio-1-06ff6f2f,cpython_bench_bytesio,memory_io,heap.heap_dealloc_calls,58538
cpython_bench_bytesio-1-06ff6f2f,cpython_bench_bytesio,memory_io,heap.heap_dealloc_scan_steps_total,45067
cpython_bench_bytesio-1-06ff6f2f,cpython_bench_bytesio,memory_io,heap.heap_dealloc_ticks_max,1181
cpython_bench_bytesio-1-06ff6f2f,cpython_bench_bytesio,memory_io,heap.heap_dealloc_ticks_total,2745595
cpython_bench_bytesio-1-06ff6f2f,cpython_bench_bytesio,memory_io,heap.heap_free_kb,-44
cpython_bench_bytesio-1-06ff6f2f,cpython_bench_bytesio,memory_io,heap.heap_max_bytes,0
cpython_bench_bytesio-1-06ff6f2f,cpython_bench_bytesio,memory_io,heap.heap_total_kb,0
cpython_bench_bytesio-1-06ff6f2f,cpython_bench_bytesio,memory_io,heap.page_faults,6347
cpython_bench_bytesio-1-06ff6f2f,cpython_bench_bytesio,memory_io,heap.pagefault_ticks_total,15355223
cpython_bench_bytesio-1-06ff6f2f,cpython_bench_bytesio,memory_io,heap.pagefault_time_count,6347
cpython_bench_bytesio-1-06ff6f2f,cpython_bench_bytesio,memory_io,pagecache.pc_copy_cycles,0
cpython_bench_bytesio-1-06ff6f2f,cpython_bench_bytesio,memory_io,pagecache.pc_falloc_cycles,1896
cpython_bench_bytesio-1-06ff6f2f,cpython_bench_bytesio,memory_io,pagecache.pc_lookup_cycles,0
cpython_bench_bytesio-1-06ff6f2f,cpython_bench_bytesio,memory_io,pagecache.pc_read_calls,0
cpython_bench_bytesio-1-06ff6f2f,cpython_bench_bytesio,memory_io,pagecache.pc_read_cycles,0
cpython_bench_bytesio-1-06ff6f2f,cpython_bench_bytesio,memory_io,pagecache.pc_read_hit_cycles,0
cpython_bench_bytesio-1-06ff6f2f,cpython_bench_bytesio,memory_io,pagecache.pc_read_miss,1
cpython_bench_bytesio-1-06ff6f2f,cpython_bench_bytesio,memory_io,pagecache.pc_read_miss_cycles,0
cpython_bench_bytesio-1-06ff6f2f,cpython_bench_bytesio,memory_io,pagecache.pc_read_pages,0
cpython_bench_bytesio-1-06ff6f2f,cpython_bench_bytesio,memory_io,pagecache.pc_wb_calls,0
cpython_bench_bytesio-1-06ff6f2f,cpython_bench_bytesio,memory_io,pagecache.pc_wb_cycles,0
cpython_bench_bytesio-1-06ff6f2f,cpython_bench_bytesio,memory_io,pagecache.pc_wb_pages,0
cpython_bench_bytesio-1-06ff6f2f,cpython_bench_bytesio,memory_io,pagecache.pc_write_calls,0
cpython_bench_bytesio-1-06ff6f2f,cpython_bench_bytesio,memory_io,pagecache.pc_write_cycles,0
cpython_bench_bytesio-1-06ff6f2f,cpython_bench_bytesio,memory_io,pagecache.pc_write_eventually_full,0
cpython_bench_bytesio-1-06ff6f2f,cpython_bench_bytesio,memory_io,pagecache.pc_write_overwrite,0
cpython_bench_bytesio-1-06ff6f2f,cpython_bench_bytesio,memory_io,pagecache.pc_write_pages,0
cpython_bench_bytesio-1-06ff6f2f,cpython_bench_bytesio,memory_io,pagecache.wb_bg_calls,0
cpython_bench_bytesio-1-06ff6f2f,cpython_bench_bytesio,memory_io,pagecache.wb_redirty_pages,0
cpython_bench_bytesio-1-06ff6f2f,cpython_bench_bytesio,memory_io,pagecache.wb_throttle_calls,0
cpython_bench_bytesio-1-06ff6f2f,cpython_bench_bytesio,memory_io,reclaim.clock_evicted,64
cpython_bench_bytesio-1-06ff6f2f,cpython_bench_bytesio,memory_io,reclaim.clock_scanned,1730
cpython_bench_bytesio-1-06ff6f2f,cpython_bench_bytesio,memory_io,reclaim.clock_second_chance,176
cpython_bench_bytesio-1-06ff6f2f,cpython_bench_bytesio,memory_io,reclaim.reclaim_pages_freed_total,64
cpython_bench_bytesio-1-06ff6f2f,cpython_bench_bytesio,memory_io,reclaim.reclaim_pages_scanned_total,0
cpython_bench_bytesio-1-06ff6f2f,cpython_bench_bytesio,memory_io,reclaim.reclaim_runs_total,519
cpython_bench_bytesio-1-06ff6f2f,cpython_bench_bytesio,memory_io,tlb.tlb_activate,7106
cpython_bench_bytesio-1-06ff6f2f,cpython_bench_bytesio,memory_io,tlb.tlb_flushes,43401
cpython_bench_bytesio-1-06ff6f2f,cpython_bench_bytesio,memory_io,tlb.tlb_full,0
cpython_bench_bytesio-1-06ff6f2f,cpython_bench_bytesio,memory_io,tlb.tlb_global,0
cpython_bench_bytesio-1-06ff6f2f,cpython_bench_bytesio,memory_io,tlb.tlb_page,43401
cpython_bench_json_loads-1-9d93ab70,cpython_bench_json_loads,memory_io,anon_unmap.anon_unmap_active_before_max,2
cpython_bench_json_loads-1-9d93ab70,cpython_bench_json_loads,memory_io,anon_unmap.anon_unmap_active_before_total,2
cpython_bench_json_loads-1-9d93ab70,cpython_bench_json_loads,memory_io,anon_unmap.anon_unmap_area_calls,0
cpython_bench_json_loads-1-9d93ab70,cpython_bench_json_loads,memory_io,anon_unmap.anon_unmap_calls_total,1
cpython_bench_json_loads-1-9d93ab70,cpython_bench_json_loads,memory_io,anon_unmap.anon_unmap_errors_total,0
cpython_bench_json_loads-1-9d93ab70,cpython_bench_json_loads,memory_io,anon_unmap.anon_unmap_pages_gt_4096,0
cpython_bench_json_loads-1-9d93ab70,cpython_bench_json_loads,memory_io,anon_unmap.anon_unmap_pages_le_16,1
cpython_bench_json_loads-1-9d93ab70,cpython_bench_json_loads,memory_io,anon_unmap.anon_unmap_pages_le_256,0
cpython_bench_json_loads-1-9d93ab70,cpython_bench_json_loads,memory_io,anon_unmap.anon_unmap_pages_le_4096,0
cpython_bench_json_loads-1-9d93ab70,cpython_bench_json_loads,memory_io,anon_unmap.anon_unmap_range_calls,1
cpython_bench_json_loads-1-9d93ab70,cpython_bench_json_loads,memory_io,anon_unmap.anon_unmap_requested_pages_total,33
cpython_bench_json_loads-1-9d93ab70,cpython_bench_json_loads,memory_io,anon_unmap.anon_unmap_resident_pages_total,2
cpython_bench_json_loads-1-9d93ab70,cpython_bench_json_loads,memory_io,anon_unmap.anon_unmap_retain_scan_steps_total,3
cpython_bench_json_loads-1-9d93ab70,cpython_bench_json_loads,memory_io,anon_unmap.anon_unmap_ticks_max,965
cpython_bench_json_loads-1-9d93ab70,cpython_bench_json_loads,memory_io,anon_unmap.anon_unmap_ticks_total,965
cpython_bench_json_loads-1-9d93ab70,cpython_bench_json_loads,memory_io,blockio.blk_vread_reqs,0
cpython_bench_json_loads-1-9d93ab70,cpython_bench_json_loads,memory_io,blockio.blk_vread_secs,0
cpython_bench_json_loads-1-9d93ab70,cpython_bench_json_loads,memory_io,blockio.blk_vwrite_reqs,0
cpython_bench_json_loads-1-9d93ab70,cpython_bench_json_loads,memory_io,blockio.blk_vwrite_secs,0
cpython_bench_json_loads-1-9d93ab70,cpython_bench_json_loads,memory_io,blockio.sata_flush_reqs,0
cpython_bench_json_loads-1-9d93ab70,cpython_bench_json_loads,memory_io,blockio.sata_flush_ticks_total,0
cpython_bench_json_loads-1-9d93ab70,cpython_bench_json_loads,memory_io,blockio.sata_read_bytes,4096
cpython_bench_json_loads-1-9d93ab70,cpython_bench_json_loads,memory_io,blockio.sata_read_reqs,1
cpython_bench_json_loads-1-9d93ab70,cpython_bench_json_loads,memory_io,blockio.sata_read_ticks_max,88042
cpython_bench_json_loads-1-9d93ab70,cpython_bench_json_loads,memory_io,blockio.sata_read_ticks_total,88042
cpython_bench_json_loads-1-9d93ab70,cpython_bench_json_loads,memory_io,blockio.sata_write_bytes,0
cpython_bench_json_loads-1-9d93ab70,cpython_bench_json_loads,memory_io,blockio.sata_write_reqs,0
cpython_bench_json_loads-1-9d93ab70,cpython_bench_json_loads,memory_io,blockio.sata_write_ticks_max,0
cpython_bench_json_loads-1-9d93ab70,cpython_bench_json_loads,memory_io,blockio.sata_write_ticks_total,0
cpython_bench_json_loads-1-9d93ab70,cpython_bench_json_loads,memory_io,heap.frame_alloc_hits,3
cpython_bench_json_loads-1-9d93ab70,cpython_bench_json_loads,memory_io,heap.frame_alloc_ticks_total,5311
cpython_bench_json_loads-1-9d93ab70,cpython_bench_json_loads,memory_io,heap.frame_alloc_time_count,3
cpython_bench_json_loads-1-9d93ab70,cpython_bench_json_loads,memory_io,heap.frame_free_hits,169
cpython_bench_json_loads-1-9d93ab70,cpython_bench_json_loads,memory_io,heap.heap_alloc_calls,2448
cpython_bench_json_loads-1-9d93ab70,cpython_bench_json_loads,memory_io,heap.heap_alloc_ticks_max,160
cpython_bench_json_loads-1-9d93ab70,cpython_bench_json_loads,memory_io,heap.heap_alloc_ticks_total,70188
cpython_bench_json_loads-1-9d93ab70,cpython_bench_json_loads,memory_io,heap.heap_current_bytes,1456
cpython_bench_json_loads-1-9d93ab70,cpython_bench_json_loads,memory_io,heap.heap_dealloc_calls,2793
cpython_bench_json_loads-1-9d93ab70,cpython_bench_json_loads,memory_io,heap.heap_dealloc_scan_steps_total,4306
cpython_bench_json_loads-1-9d93ab70,cpython_bench_json_loads,memory_io,heap.heap_dealloc_ticks_max,14327
cpython_bench_json_loads-1-9d93ab70,cpython_bench_json_loads,memory_io,heap.heap_dealloc_ticks_total,190259
cpython_bench_json_loads-1-9d93ab70,cpython_bench_json_loads,memory_io,heap.heap_free_kb,-2
cpython_bench_json_loads-1-9d93ab70,cpython_bench_json_loads,memory_io,heap.heap_max_bytes,0
cpython_bench_json_loads-1-9d93ab70,cpython_bench_json_loads,memory_io,heap.heap_total_kb,0
cpython_bench_json_loads-1-9d93ab70,cpython_bench_json_loads,memory_io,heap.page_faults,3
cpython_bench_json_loads-1-9d93ab70,cpython_bench_json_loads,memory_io,heap.pagefault_ticks_total,103185
cpython_bench_json_loads-1-9d93ab70,cpython_bench_json_loads,memory_io,heap.pagefault_time_count,3
cpython_bench_json_loads-1-9d93ab70,cpython_bench_json_loads,memory_io,pagecache.pc_copy_cycles,0
cpython_bench_json_loads-1-9d93ab70,cpython_bench_json_loads,memory_io,pagecache.pc_falloc_cycles,1892
cpython_bench_json_loads-1-9d93ab70,cpython_bench_json_loads,memory_io,pagecache.pc_lookup_cycles,0
cpython_bench_json_loads-1-9d93ab70,cpython_bench_json_loads,memory_io,pagecache.pc_read_calls,0
cpython_bench_json_loads-1-9d93ab70,cpython_bench_json_loads,memory_io,pagecache.pc_read_cycles,0
cpython_bench_json_loads-1-9d93ab70,cpython_bench_json_loads,memory_io,pagecache.pc_read_hit_cycles,0
cpython_bench_json_loads-1-9d93ab70,cpython_bench_json_loads,memory_io,pagecache.pc_read_miss,1
cpython_bench_json_loads-1-9d93ab70,cpython_bench_json_loads,memory_io,pagecache.pc_read_miss_cycles,0
cpython_bench_json_loads-1-9d93ab70,cpython_bench_json_loads,memory_io,pagecache.pc_read_pages,0
cpython_bench_json_loads-1-9d93ab70,cpython_bench_json_loads,memory_io,pagecache.pc_wb_calls,0
cpython_bench_json_loads-1-9d93ab70,cpython_bench_json_loads,memory_io,pagecache.pc_wb_cycles,0
cpython_bench_json_loads-1-9d93ab70,cpython_bench_json_loads,memory_io,pagecache.pc_wb_pages,0
cpython_bench_json_loads-1-9d93ab70,cpython_bench_json_loads,memory_io,pagecache.pc_write_calls,0
cpython_bench_json_loads-1-9d93ab70,cpython_bench_json_loads,memory_io,pagecache.pc_write_cycles,0
cpython_bench_json_loads-1-9d93ab70,cpython_bench_json_loads,memory_io,pagecache.pc_write_eventually_full,0
cpython_bench_json_loads-1-9d93ab70,cpython_bench_json_loads,memory_io,pagecache.pc_write_overwrite,0
cpython_bench_json_loads-1-9d93ab70,cpython_bench_json_loads,memory_io,pagecache.pc_write_pages,0
cpython_bench_json_loads-1-9d93ab70,cpython_bench_json_loads,memory_io,pagecache.wb_bg_calls,0
cpython_bench_json_loads-1-9d93ab70,cpython_bench_json_loads,memory_io,pagecache.wb_redirty_pages,0
cpython_bench_json_loads-1-9d93ab70,cpython_bench_json_loads,memory_io,pagecache.wb_throttle_calls,0
cpython_bench_json_loads-1-9d93ab70,cpython_bench_json_loads,memory_io,reclaim.clock_evicted,167
cpython_bench_json_loads-1-9d93ab70,cpython_bench_json_loads,memory_io,reclaim.clock_scanned,57080
cpython_bench_json_loads-1-9d93ab70,cpython_bench_json_loads,memory_io,reclaim.clock_second_chance,167
cpython_bench_json_loads-1-9d93ab70,cpython_bench_json_loads,memory_io,reclaim.reclaim_pages_freed_total,167
cpython_bench_json_loads-1-9d93ab70,cpython_bench_json_loads,memory_io,reclaim.reclaim_pages_scanned_total,0
cpython_bench_json_loads-1-9d93ab70,cpython_bench_json_loads,memory_io,reclaim.reclaim_runs_total,8664
cpython_bench_json_loads-1-9d93ab70,cpython_bench_json_loads,memory_io,tlb.tlb_activate,8763
cpython_bench_json_loads-1-9d93ab70,cpython_bench_json_loads,memory_io,tlb.tlb_flushes,9
cpython_bench_json_loads-1-9d93ab70,cpython_bench_json_loads,memory_io,tlb.tlb_full,0
cpython_bench_json_loads-1-9d93ab70,cpython_bench_json_loads,memory_io,tlb.tlb_global,0
cpython_bench_json_loads-1-9d93ab70,cpython_bench_json_loads,memory_io,tlb.tlb_page,9
cpython_bench_fork-1-9838574d,cpython_bench_fork,memory_io,anon_unmap.anon_unmap_active_before_max,235
cpython_bench_fork-1-9838574d,cpython_bench_fork,memory_io,anon_unmap.anon_unmap_active_before_total,41231
cpython_bench_fork-1-9838574d,cpython_bench_fork,memory_io,anon_unmap.anon_unmap_area_calls,130
cpython_bench_fork-1-9838574d,cpython_bench_fork,memory_io,anon_unmap.anon_unmap_calls_total,11386
cpython_bench_fork-1-9838574d,cpython_bench_fork,memory_io,anon_unmap.anon_unmap_errors_total,0
cpython_bench_fork-1-9838574d,cpython_bench_fork,memory_io,anon_unmap.anon_unmap_pages_gt_4096,0
cpython_bench_fork-1-9838574d,cpython_bench_fork,memory_io,anon_unmap.anon_unmap_pages_le_16,11194
cpython_bench_fork-1-9838574d,cpython_bench_fork,memory_io,anon_unmap.anon_unmap_pages_le_256,192
cpython_bench_fork-1-9838574d,cpython_bench_fork,memory_io,anon_unmap.anon_unmap_pages_le_4096,0
cpython_bench_fork-1-9838574d,cpython_bench_fork,memory_io,anon_unmap.anon_unmap_range_calls,11256
cpython_bench_fork-1-9838574d,cpython_bench_fork,memory_io,anon_unmap.anon_unmap_requested_pages_total,80178
cpython_bench_fork-1-9838574d,cpython_bench_fork,memory_io,anon_unmap.anon_unmap_resident_pages_total,41231
cpython_bench_fork-1-9838574d,cpython_bench_fork,memory_io,anon_unmap.anon_unmap_retain_scan_steps_total,1921022
cpython_bench_fork-1-9838574d,cpython_bench_fork,memory_io,anon_unmap.anon_unmap_ticks_max,162661
cpython_bench_fork-1-9838574d,cpython_bench_fork,memory_io,anon_unmap.anon_unmap_ticks_total,22831956
cpython_bench_fork-1-9838574d,cpython_bench_fork,memory_io,blockio.blk_vread_reqs,0
cpython_bench_fork-1-9838574d,cpython_bench_fork,memory_io,blockio.blk_vread_secs,0
cpython_bench_fork-1-9838574d,cpython_bench_fork,memory_io,blockio.blk_vwrite_reqs,0
cpython_bench_fork-1-9838574d,cpython_bench_fork,memory_io,blockio.blk_vwrite_secs,0
cpython_bench_fork-1-9838574d,cpython_bench_fork,memory_io,blockio.sata_flush_reqs,1
cpython_bench_fork-1-9838574d,cpython_bench_fork,memory_io,blockio.sata_flush_ticks_total,137236
cpython_bench_fork-1-9838574d,cpython_bench_fork,memory_io,blockio.sata_read_bytes,4268032
cpython_bench_fork-1-9838574d,cpython_bench_fork,memory_io,blockio.sata_read_reqs,713
cpython_bench_fork-1-9838574d,cpython_bench_fork,memory_io,blockio.sata_read_ticks_max,90034
cpython_bench_fork-1-9838574d,cpython_bench_fork,memory_io,blockio.sata_read_ticks_total,13687366
cpython_bench_fork-1-9838574d,cpython_bench_fork,memory_io,blockio.sata_write_bytes,4096
cpython_bench_fork-1-9838574d,cpython_bench_fork,memory_io,blockio.sata_write_reqs,1
cpython_bench_fork-1-9838574d,cpython_bench_fork,memory_io,blockio.sata_write_ticks_max,5873
cpython_bench_fork-1-9838574d,cpython_bench_fork,memory_io,blockio.sata_write_ticks_total,5873
cpython_bench_fork-1-9838574d,cpython_bench_fork,memory_io,heap.frame_alloc_hits,78486
cpython_bench_fork-1-9838574d,cpython_bench_fork,memory_io,heap.frame_alloc_ticks_total,132472227
cpython_bench_fork-1-9838574d,cpython_bench_fork,memory_io,heap.frame_alloc_time_count,78486
cpython_bench_fork-1-9838574d,cpython_bench_fork,memory_io,heap.frame_free_hits,79167
cpython_bench_fork-1-9838574d,cpython_bench_fork,memory_io,heap.heap_alloc_calls,718885
cpython_bench_fork-1-9838574d,cpython_bench_fork,memory_io,heap.heap_alloc_ticks_max,400
cpython_bench_fork-1-9838574d,cpython_bench_fork,memory_io,heap.heap_alloc_ticks_total,12157666
cpython_bench_fork-1-9838574d,cpython_bench_fork,memory_io,heap.heap_current_bytes,217600
cpython_bench_fork-1-9838574d,cpython_bench_fork,memory_io,heap.heap_dealloc_calls,718628
cpython_bench_fork-1-9838574d,cpython_bench_fork,memory_io,heap.heap_dealloc_scan_steps_total,1617980
cpython_bench_fork-1-9838574d,cpython_bench_fork,memory_io,heap.heap_dealloc_ticks_max,18800
cpython_bench_fork-1-9838574d,cpython_bench_fork,memory_io,heap.heap_dealloc_ticks_total,40795929
cpython_bench_fork-1-9838574d,cpython_bench_fork,memory_io,heap.heap_free_kb,-212
cpython_bench_fork-1-9838574d,cpython_bench_fork,memory_io,heap.heap_max_bytes,0
cpython_bench_fork-1-9838574d,cpython_bench_fork,memory_io,heap.heap_total_kb,0
cpython_bench_fork-1-9838574d,cpython_bench_fork,memory_io,heap.page_faults,115735
cpython_bench_fork-1-9838574d,cpython_bench_fork,memory_io,heap.pagefault_ticks_total,235081293
cpython_bench_fork-1-9838574d,cpython_bench_fork,memory_io,heap.pagefault_time_count,115735
cpython_bench_fork-1-9838574d,cpython_bench_fork,memory_io,pagecache.pc_copy_cycles,35200990
cpython_bench_fork-1-9838574d,cpython_bench_fork,memory_io,pagecache.pc_falloc_cycles,596089
cpython_bench_fork-1-9838574d,cpython_bench_fork,memory_io,pagecache.pc_lookup_cycles,9687080
cpython_bench_fork-1-9838574d,cpython_bench_fork,memory_io,pagecache.pc_read_calls,12025
cpython_bench_fork-1-9838574d,cpython_bench_fork,memory_io,pagecache.pc_read_cycles,45205804
cpython_bench_fork-1-9838574d,cpython_bench_fork,memory_io,pagecache.pc_read_hit_cycles,36126851
cpython_bench_fork-1-9838574d,cpython_bench_fork,memory_io,pagecache.pc_read_miss,328
cpython_bench_fork-1-9838574d,cpython_bench_fork,memory_io,pagecache.pc_read_miss_cycles,9078953
cpython_bench_fork-1-9838574d,cpython_bench_fork,memory_io,pagecache.pc_read_pages,12415
cpython_bench_fork-1-9838574d,cpython_bench_fork,memory_io,pagecache.pc_wb_calls,1
cpython_bench_fork-1-9838574d,cpython_bench_fork,memory_io,pagecache.pc_wb_cycles,151896
cpython_bench_fork-1-9838574d,cpython_bench_fork,memory_io,pagecache.pc_wb_pages,1
cpython_bench_fork-1-9838574d,cpython_bench_fork,memory_io,pagecache.pc_write_calls,0
cpython_bench_fork-1-9838574d,cpython_bench_fork,memory_io,pagecache.pc_write_cycles,0
cpython_bench_fork-1-9838574d,cpython_bench_fork,memory_io,pagecache.pc_write_eventually_full,0
cpython_bench_fork-1-9838574d,cpython_bench_fork,memory_io,pagecache.pc_write_overwrite,0
cpython_bench_fork-1-9838574d,cpython_bench_fork,memory_io,pagecache.pc_write_pages,0
cpython_bench_fork-1-9838574d,cpython_bench_fork,memory_io,pagecache.wb_bg_calls,0
cpython_bench_fork-1-9838574d,cpython_bench_fork,memory_io,pagecache.wb_redirty_pages,0
cpython_bench_fork-1-9838574d,cpython_bench_fork,memory_io,pagecache.wb_throttle_calls,0
cpython_bench_fork-1-9838574d,cpython_bench_fork,memory_io,reclaim.clock_evicted,392
cpython_bench_fork-1-9838574d,cpython_bench_fork,memory_io,reclaim.clock_scanned,9065
cpython_bench_fork-1-9838574d,cpython_bench_fork,memory_io,reclaim.clock_second_chance,8673
cpython_bench_fork-1-9838574d,cpython_bench_fork,memory_io,reclaim.reclaim_pages_freed_total,392
cpython_bench_fork-1-9838574d,cpython_bench_fork,memory_io,reclaim.reclaim_pages_scanned_total,0
cpython_bench_fork-1-9838574d,cpython_bench_fork,memory_io,reclaim.reclaim_runs_total,3139
cpython_bench_fork-1-9838574d,cpython_bench_fork,memory_io,tlb.tlb_activate,164079
cpython_bench_fork-1-9838574d,cpython_bench_fork,memory_io,tlb.tlb_flushes,538985
cpython_bench_fork-1-9838574d,cpython_bench_fork,memory_io,tlb.tlb_full,7045
cpython_bench_fork-1-9838574d,cpython_bench_fork,memory_io,tlb.tlb_global,23010
cpython_bench_fork-1-9838574d,cpython_bench_fork,memory_io,tlb.tlb_page,508930
cpython_bench_thread-1-5eceb7bd,cpython_bench_thread,memory_io,anon_unmap.anon_unmap_active_before_max,252
cpython_bench_thread-1-5eceb7bd,cpython_bench_thread,memory_io,anon_unmap.anon_unmap_active_before_total,1322
cpython_bench_thread-1-5eceb7bd,cpython_bench_thread,memory_io,anon_unmap.anon_unmap_area_calls,0
cpython_bench_thread-1-5eceb7bd,cpython_bench_thread,memory_io,anon_unmap.anon_unmap_calls_total,1122
cpython_bench_thread-1-5eceb7bd,cpython_bench_thread,memory_io,anon_unmap.anon_unmap_errors_total,0
cpython_bench_thread-1-5eceb7bd,cpython_bench_thread,memory_io,anon_unmap.anon_unmap_pages_gt_4096,0
cpython_bench_thread-1-5eceb7bd,cpython_bench_thread,memory_io,anon_unmap.anon_unmap_pages_le_16,1121
cpython_bench_thread-1-5eceb7bd,cpython_bench_thread,memory_io,anon_unmap.anon_unmap_pages_le_256,1
cpython_bench_thread-1-5eceb7bd,cpython_bench_thread,memory_io,anon_unmap.anon_unmap_pages_le_4096,0
cpython_bench_thread-1-5eceb7bd,cpython_bench_thread,memory_io,anon_unmap.anon_unmap_range_calls,1122
cpython_bench_thread-1-5eceb7bd,cpython_bench_thread,memory_io,anon_unmap.anon_unmap_requested_pages_total,182223
cpython_bench_thread-1-5eceb7bd,cpython_bench_thread,memory_io,anon_unmap.anon_unmap_resident_pages_total,1322
cpython_bench_thread-1-5eceb7bd,cpython_bench_thread,memory_io,anon_unmap.anon_unmap_retain_scan_steps_total,33442
cpython_bench_thread-1-5eceb7bd,cpython_bench_thread,memory_io,anon_unmap.anon_unmap_ticks_max,188082
cpython_bench_thread-1-5eceb7bd,cpython_bench_thread,memory_io,anon_unmap.anon_unmap_ticks_total,770360
cpython_bench_thread-1-5eceb7bd,cpython_bench_thread,memory_io,blockio.blk_vread_reqs,0
cpython_bench_thread-1-5eceb7bd,cpython_bench_thread,memory_io,blockio.blk_vread_secs,0
cpython_bench_thread-1-5eceb7bd,cpython_bench_thread,memory_io,blockio.blk_vwrite_reqs,0
cpython_bench_thread-1-5eceb7bd,cpython_bench_thread,memory_io,blockio.blk_vwrite_secs,0
cpython_bench_thread-1-5eceb7bd,cpython_bench_thread,memory_io,blockio.sata_flush_reqs,0
cpython_bench_thread-1-5eceb7bd,cpython_bench_thread,memory_io,blockio.sata_flush_ticks_total,0
cpython_bench_thread-1-5eceb7bd,cpython_bench_thread,memory_io,blockio.sata_read_bytes,0
cpython_bench_thread-1-5eceb7bd,cpython_bench_thread,memory_io,blockio.sata_read_reqs,0
cpython_bench_thread-1-5eceb7bd,cpython_bench_thread,memory_io,blockio.sata_read_ticks_max,0
cpython_bench_thread-1-5eceb7bd,cpython_bench_thread,memory_io,blockio.sata_read_ticks_total,0
cpython_bench_thread-1-5eceb7bd,cpython_bench_thread,memory_io,blockio.sata_write_bytes,0
cpython_bench_thread-1-5eceb7bd,cpython_bench_thread,memory_io,blockio.sata_write_reqs,0
cpython_bench_thread-1-5eceb7bd,cpython_bench_thread,memory_io,blockio.sata_write_ticks_max,0
cpython_bench_thread-1-5eceb7bd,cpython_bench_thread,memory_io,blockio.sata_write_ticks_total,0
cpython_bench_thread-1-5eceb7bd,cpython_bench_thread,memory_io,heap.frame_alloc_hits,1513
cpython_bench_thread-1-5eceb7bd,cpython_bench_thread,memory_io,heap.frame_alloc_ticks_total,2571224
cpython_bench_thread-1-5eceb7bd,cpython_bench_thread,memory_io,heap.frame_alloc_time_count,1513
cpython_bench_thread-1-5eceb7bd,cpython_bench_thread,memory_io,heap.frame_free_hits,1746
cpython_bench_thread-1-5eceb7bd,cpython_bench_thread,memory_io,heap.heap_alloc_calls,10484
cpython_bench_thread-1-5eceb7bd,cpython_bench_thread,memory_io,heap.heap_alloc_ticks_max,282
cpython_bench_thread-1-5eceb7bd,cpython_bench_thread,memory_io,heap.heap_alloc_ticks_total,254040
cpython_bench_thread-1-5eceb7bd,cpython_bench_thread,memory_io,heap.heap_current_bytes,154288
cpython_bench_thread-1-5eceb7bd,cpython_bench_thread,memory_io,heap.heap_dealloc_calls,11209
cpython_bench_thread-1-5eceb7bd,cpython_bench_thread,memory_io,heap.heap_dealloc_scan_steps_total,6742
cpython_bench_thread-1-5eceb7bd,cpython_bench_thread,memory_io,heap.heap_dealloc_ticks_max,10130
cpython_bench_thread-1-5eceb7bd,cpython_bench_thread,memory_io,heap.heap_dealloc_ticks_total,629420
cpython_bench_thread-1-5eceb7bd,cpython_bench_thread,memory_io,heap.heap_free_kb,-150
cpython_bench_thread-1-5eceb7bd,cpython_bench_thread,memory_io,heap.heap_max_bytes,0
cpython_bench_thread-1-5eceb7bd,cpython_bench_thread,memory_io,heap.heap_total_kb,0
cpython_bench_thread-1-5eceb7bd,cpython_bench_thread,memory_io,heap.page_faults,1513
cpython_bench_thread-1-5eceb7bd,cpython_bench_thread,memory_io,heap.pagefault_ticks_total,4010223
cpython_bench_thread-1-5eceb7bd,cpython_bench_thread,memory_io,heap.pagefault_time_count,1513
cpython_bench_thread-1-5eceb7bd,cpython_bench_thread,memory_io,pagecache.pc_copy_cycles,0
cpython_bench_thread-1-5eceb7bd,cpython_bench_thread,memory_io,pagecache.pc_falloc_cycles,0
cpython_bench_thread-1-5eceb7bd,cpython_bench_thread,memory_io,pagecache.pc_lookup_cycles,0
cpython_bench_thread-1-5eceb7bd,cpython_bench_thread,memory_io,pagecache.pc_read_calls,0
cpython_bench_thread-1-5eceb7bd,cpython_bench_thread,memory_io,pagecache.pc_read_cycles,0
cpython_bench_thread-1-5eceb7bd,cpython_bench_thread,memory_io,pagecache.pc_read_hit_cycles,0
cpython_bench_thread-1-5eceb7bd,cpython_bench_thread,memory_io,pagecache.pc_read_miss,0
cpython_bench_thread-1-5eceb7bd,cpython_bench_thread,memory_io,pagecache.pc_read_miss_cycles,0
cpython_bench_thread-1-5eceb7bd,cpython_bench_thread,memory_io,pagecache.pc_read_pages,0
cpython_bench_thread-1-5eceb7bd,cpython_bench_thread,memory_io,pagecache.pc_wb_calls,0
cpython_bench_thread-1-5eceb7bd,cpython_bench_thread,memory_io,pagecache.pc_wb_cycles,0
cpython_bench_thread-1-5eceb7bd,cpython_bench_thread,memory_io,pagecache.pc_wb_pages,0
cpython_bench_thread-1-5eceb7bd,cpython_bench_thread,memory_io,pagecache.pc_write_calls,0
cpython_bench_thread-1-5eceb7bd,cpython_bench_thread,memory_io,pagecache.pc_write_cycles,0
cpython_bench_thread-1-5eceb7bd,cpython_bench_thread,memory_io,pagecache.pc_write_eventually_full,0
cpython_bench_thread-1-5eceb7bd,cpython_bench_thread,memory_io,pagecache.pc_write_overwrite,0
cpython_bench_thread-1-5eceb7bd,cpython_bench_thread,memory_io,pagecache.pc_write_pages,0
cpython_bench_thread-1-5eceb7bd,cpython_bench_thread,memory_io,pagecache.wb_bg_calls,0
cpython_bench_thread-1-5eceb7bd,cpython_bench_thread,memory_io,pagecache.wb_redirty_pages,0
cpython_bench_thread-1-5eceb7bd,cpython_bench_thread,memory_io,pagecache.wb_throttle_calls,0
cpython_bench_thread-1-5eceb7bd,cpython_bench_thread,memory_io,reclaim.clock_evicted,424
cpython_bench_thread-1-5eceb7bd,cpython_bench_thread,memory_io,reclaim.clock_scanned,13664
cpython_bench_thread-1-5eceb7bd,cpython_bench_thread,memory_io,reclaim.clock_second_chance,358
cpython_bench_thread-1-5eceb7bd,cpython_bench_thread,memory_io,reclaim.reclaim_pages_freed_total,424
cpython_bench_thread-1-5eceb7bd,cpython_bench_thread,memory_io,reclaim.reclaim_pages_scanned_total,0
cpython_bench_thread-1-5eceb7bd,cpython_bench_thread,memory_io,reclaim.reclaim_runs_total,3378
cpython_bench_thread-1-5eceb7bd,cpython_bench_thread,memory_io,tlb.tlb_activate,11579
cpython_bench_thread-1-5eceb7bd,cpython_bench_thread,memory_io,tlb.tlb_flushes,5223
cpython_bench_thread-1-5eceb7bd,cpython_bench_thread,memory_io,tlb.tlb_full,0
cpython_bench_thread-1-5eceb7bd,cpython_bench_thread,memory_io,tlb.tlb_global,0
cpython_bench_thread-1-5eceb7bd,cpython_bench_thread,memory_io,tlb.tlb_page,5223
board_strict_runtime_canonical-1-97b7f572,board_strict_runtime_canonical,core,boot.boot_console_ticks,0
board_strict_runtime_canonical-1-97b7f572,board_strict_runtime_canonical,core,boot.boot_drivers_ticks,0
board_strict_runtime_canonical-1-97b7f572,board_strict_runtime_canonical,core,boot.boot_fs_ticks,0
board_strict_runtime_canonical-1-97b7f572,board_strict_runtime_canonical,core,boot.boot_initproc_ticks,0
board_strict_runtime_canonical-1-97b7f572,board_strict_runtime_canonical,core,boot.boot_mm_ticks,0
board_strict_runtime_canonical-1-97b7f572,board_strict_runtime_canonical,core,boot.boot_net_ticks,0
board_strict_runtime_canonical-1-97b7f572,board_strict_runtime_canonical,core,boot.boot_scheduler_ticks,0
board_strict_runtime_canonical-1-97b7f572,board_strict_runtime_canonical,core,boot.clock_freq_hz,0
board_strict_runtime_canonical-1-97b7f572,board_strict_runtime_canonical,core,ctxsw.context_switch_total,2766
board_strict_runtime_canonical-1-97b7f572,board_strict_runtime_canonical,core,seccomp.seccomp_check_calls,0
board_strict_runtime_canonical-1-97b7f572,board_strict_runtime_canonical,core,seccomp.seccomp_check_ticks_max,0
board_strict_runtime_canonical-1-97b7f572,board_strict_runtime_canonical,core,seccomp.seccomp_check_ticks_total,0
board_strict_runtime_canonical-1-97b7f572,board_strict_runtime_canonical,core,seccomp.seccomp_disabled_bypass,0
board_strict_runtime_canonical-1-97b7f572,board_strict_runtime_canonical,core,syscall.ecall_trap_cost_ticks_max,63709084
board_strict_runtime_canonical-1-97b7f572,board_strict_runtime_canonical,core,syscall.ecall_trap_cost_ticks_total,403743550
board_strict_runtime_canonical-1-97b7f572,board_strict_runtime_canonical,core,syscall.getppid_cost_ticks_max,79
board_strict_runtime_canonical-1-97b7f572,board_strict_runtime_canonical,core,syscall.getppid_cost_ticks_total,97
board_strict_runtime_canonical-1-97b7f572,board_strict_runtime_canonical,core,syscall.syscall_cost_max_ticks,63708611
board_strict_runtime_canonical-1-97b7f572,board_strict_runtime_canonical,core,syscall.syscall_cost_ticks_total,403188739
board_strict_runtime_canonical-1-97b7f572,board_strict_runtime_canonical,core,syscall.syscall_getppid_total,3
board_strict_runtime_canonical-1-97b7f572,board_strict_runtime_canonical,core,syscall.syscall_total,2352
board_strict_runtime_canonical-1-97b7f572,board_strict_runtime_canonical,core,syscall.user_unaligned_float_loads,0
board_strict_runtime_canonical-1-97b7f572,board_strict_runtime_canonical,core,syscall.user_unaligned_float_stores,0
board_strict_runtime_canonical-1-97b7f572,board_strict_runtime_canonical,core,syscall.user_unaligned_load_2,15
board_strict_runtime_canonical-1-97b7f572,board_strict_runtime_canonical,core,syscall.user_unaligned_load_4,11
board_strict_runtime_canonical-1-97b7f572,board_strict_runtime_canonical,core,syscall.user_unaligned_load_8,65
board_strict_runtime_canonical-1-97b7f572,board_strict_runtime_canonical,core,syscall.user_unaligned_store_2,67
board_strict_runtime_canonical-1-97b7f572,board_strict_runtime_canonical,core,syscall.user_unaligned_store_4,30
board_strict_runtime_canonical-1-97b7f572,board_strict_runtime_canonical,core,syscall.user_unaligned_store_8,193
board_strict_runtime_canonical-1-97b7f572,board_strict_runtime_canonical,core,syscall.user_unaligned_ticks_max,3290
board_strict_runtime_canonical-1-97b7f572,board_strict_runtime_canonical,core,syscall.user_unaligned_ticks_total,708189
board_strict_runtime_canonical-1-97b7f572,board_strict_runtime_canonical,core,syscall.user_unaligned_traps,381
board_strict_runtime_canonical-1-97b7f572,board_strict_runtime_canonical,core,taskq.add_interruptible_total,1017
board_strict_runtime_canonical-1-97b7f572,board_strict_runtime_canonical,core,taskq.add_ready_total,1383
board_strict_runtime_canonical-1-97b7f572,board_strict_runtime_canonical,core,taskq.dup_enqueue_total,0
board_strict_runtime_canonical-1-97b7f572,board_strict_runtime_canonical,core,taskq.fair_pick_calls,0
board_strict_runtime_canonical-1-97b7f572,board_strict_runtime_canonical,core,taskq.fair_scan_max,0
board_strict_runtime_canonical-1-97b7f572,board_strict_runtime_canonical,core,taskq.fast_path_calls,794575
board_strict_runtime_canonical-1-97b7f572,board_strict_runtime_canonical,core,taskq.interruptible_len_max,4
board_strict_runtime_canonical-1-97b7f572,board_strict_runtime_canonical,core,taskq.interruptible_zombie_max,0
board_strict_runtime_canonical-1-97b7f572,board_strict_runtime_canonical,core,taskq.ready_len_max,2
board_strict_runtime_canonical-1-97b7f572,board_strict_runtime_canonical,core,taskq.ready_nonzero_nice_cur,0
board_strict_runtime_canonical-1-97b7f572,board_strict_runtime_canonical,core,taskq.ready_zombie_max,0
board_strict_runtime_canonical-1-97b7f572,board_strict_runtime_canonical,core,taskq.wake_interruptible_total,0
board_strict_runtime_canonical-1-97b7f572,board_strict_runtime_canonical,core,taskq.zombie_drain_calls,3
board_strict_runtime_canonical-1-97b7f572,board_strict_runtime_canonical,core,taskq.zombie_drain_removed,3
board_strict_runtime_canonical-1-97b7f572,board_strict_runtime_canonical,core,taskq.zombie_drain_scan_total,0
board_strict_runtime_canonical-1-97b7f572,board_strict_runtime_canonical,core,timer.ktimer_add_total,0
board_strict_runtime_canonical-1-97b7f572,board_strict_runtime_canonical,core,timer.ktimer_compact_calls,0
board_strict_runtime_canonical-1-97b7f572,board_strict_runtime_canonical,core,timer.ktimer_len_max,0
board_strict_runtime_canonical-1-97b7f572,board_strict_runtime_canonical,core,timer.ktimer_pop_max,0
board_strict_runtime_canonical-1-97b7f572,board_strict_runtime_canonical,core,timer.ktimer_pop_total,363
board_strict_runtime_canonical-1-97b7f572,board_strict_runtime_canonical,core,timer.ktimer_real_wake,0
board_strict_runtime_canonical-1-97b7f572,board_strict_runtime_canonical,core,timer.ktimer_stale_removed,0
board_strict_runtime_canonical-1-97b7f572,board_strict_runtime_canonical,core,timer.ktimer_stale_waketask,0
board_strict_runtime_canonical-1-97b7f572,board_strict_runtime_canonical,core,timer.timer_irq_ticks_max,20553
board_strict_runtime_canonical-1-97b7f572,board_strict_runtime_canonical,core,timer.timer_irq_ticks_total,925958
board_strict_runtime_canonical-1-97b7f572,board_strict_runtime_canonical,core,timer.timer_pop_nodes_total,0
board_strict_runtime_canonical-1-97b7f572,board_strict_runtime_canonical,core,timer.timer_pop_ticks_max,201
board_strict_runtime_canonical-1-97b7f572,board_strict_runtime_canonical,core,timer.timer_pop_ticks_total,18523
board_strict_runtime_canonical-1-97b7f572,board_strict_runtime_canonical,core,timer.wait_with_timeout_total,0
board_strict_runtime_manifest_smoke-1-d714c8a7,board_strict_runtime_manifest_smoke,core,boot.boot_console_ticks,0
board_strict_runtime_manifest_smoke-1-d714c8a7,board_strict_runtime_manifest_smoke,core,boot.boot_drivers_ticks,0
board_strict_runtime_manifest_smoke-1-d714c8a7,board_strict_runtime_manifest_smoke,core,boot.boot_fs_ticks,0
board_strict_runtime_manifest_smoke-1-d714c8a7,board_strict_runtime_manifest_smoke,core,boot.boot_initproc_ticks,0
board_strict_runtime_manifest_smoke-1-d714c8a7,board_strict_runtime_manifest_smoke,core,boot.boot_mm_ticks,0
board_strict_runtime_manifest_smoke-1-d714c8a7,board_strict_runtime_manifest_smoke,core,boot.boot_net_ticks,0
board_strict_runtime_manifest_smoke-1-d714c8a7,board_strict_runtime_manifest_smoke,core,boot.boot_scheduler_ticks,0
board_strict_runtime_manifest_smoke-1-d714c8a7,board_strict_runtime_manifest_smoke,core,boot.clock_freq_hz,0
board_strict_runtime_manifest_smoke-1-d714c8a7,board_strict_runtime_manifest_smoke,core,ctxsw.context_switch_total,2990
board_strict_runtime_manifest_smoke-1-d714c8a7,board_strict_runtime_manifest_smoke,core,seccomp.seccomp_check_calls,0
board_strict_runtime_manifest_smoke-1-d714c8a7,board_strict_runtime_manifest_smoke,core,seccomp.seccomp_check_ticks_max,0
board_strict_runtime_manifest_smoke-1-d714c8a7,board_strict_runtime_manifest_smoke,core,seccomp.seccomp_check_ticks_total,0
board_strict_runtime_manifest_smoke-1-d714c8a7,board_strict_runtime_manifest_smoke,core,seccomp.seccomp_disabled_bypass,0
board_strict_runtime_manifest_smoke-1-d714c8a7,board_strict_runtime_manifest_smoke,core,syscall.ecall_trap_cost_ticks_max,386862539
board_strict_runtime_manifest_smoke-1-d714c8a7,board_strict_runtime_manifest_smoke,core,syscall.ecall_trap_cost_ticks_total,1120158518
board_strict_runtime_manifest_smoke-1-d714c8a7,board_strict_runtime_manifest_smoke,core,syscall.getppid_cost_ticks_max,52
board_strict_runtime_manifest_smoke-1-d714c8a7,board_strict_runtime_manifest_smoke,core,syscall.getppid_cost_ticks_total,138
board_strict_runtime_manifest_smoke-1-d714c8a7,board_strict_runtime_manifest_smoke,core,syscall.syscall_cost_max_ticks,386862094
board_strict_runtime_manifest_smoke-1-d714c8a7,board_strict_runtime_manifest_smoke,core,syscall.syscall_cost_ticks_total,1118273050
board_strict_runtime_manifest_smoke-1-d714c8a7,board_strict_runtime_manifest_smoke,core,syscall.syscall_getppid_total,6
board_strict_runtime_manifest_smoke-1-d714c8a7,board_strict_runtime_manifest_smoke,core,syscall.syscall_total,7785
board_strict_runtime_manifest_smoke-1-d714c8a7,board_strict_runtime_manifest_smoke,core,syscall.user_unaligned_float_loads,0
board_strict_runtime_manifest_smoke-1-d714c8a7,board_strict_runtime_manifest_smoke,core,syscall.user_unaligned_float_stores,0
board_strict_runtime_manifest_smoke-1-d714c8a7,board_strict_runtime_manifest_smoke,core,syscall.user_unaligned_load_2,19
board_strict_runtime_manifest_smoke-1-d714c8a7,board_strict_runtime_manifest_smoke,core,syscall.user_unaligned_load_4,15
board_strict_runtime_manifest_smoke-1-d714c8a7,board_strict_runtime_manifest_smoke,core,syscall.user_unaligned_load_8,82
board_strict_runtime_manifest_smoke-1-d714c8a7,board_strict_runtime_manifest_smoke,core,syscall.user_unaligned_store_2,78
board_strict_runtime_manifest_smoke-1-d714c8a7,board_strict_runtime_manifest_smoke,core,syscall.user_unaligned_store_4,51
board_strict_runtime_manifest_smoke-1-d714c8a7,board_strict_runtime_manifest_smoke,core,syscall.user_unaligned_store_8,332
board_strict_runtime_manifest_smoke-1-d714c8a7,board_strict_runtime_manifest_smoke,core,syscall.user_unaligned_ticks_max,3254
board_strict_runtime_manifest_smoke-1-d714c8a7,board_strict_runtime_manifest_smoke,core,syscall.user_unaligned_ticks_total,1126690
board_strict_runtime_manifest_smoke-1-d714c8a7,board_strict_runtime_manifest_smoke,core,syscall.user_unaligned_traps,577
board_strict_runtime_manifest_smoke-1-d714c8a7,board_strict_runtime_manifest_smoke,core,taskq.add_interruptible_total,865
board_strict_runtime_manifest_smoke-1-d714c8a7,board_strict_runtime_manifest_smoke,core,taskq.add_ready_total,1495
board_strict_runtime_manifest_smoke-1-d714c8a7,board_strict_runtime_manifest_smoke,core,taskq.dup_enqueue_total,0
board_strict_runtime_manifest_smoke-1-d714c8a7,board_strict_runtime_manifest_smoke,core,taskq.fair_pick_calls,0
board_strict_runtime_manifest_smoke-1-d714c8a7,board_strict_runtime_manifest_smoke,core,taskq.fair_scan_max,0
board_strict_runtime_manifest_smoke-1-d714c8a7,board_strict_runtime_manifest_smoke,core,taskq.fast_path_calls,1088834
board_strict_runtime_manifest_smoke-1-d714c8a7,board_strict_runtime_manifest_smoke,core,taskq.interruptible_len_max,5
board_strict_runtime_manifest_smoke-1-d714c8a7,board_strict_runtime_manifest_smoke,core,taskq.interruptible_zombie_max,0
board_strict_runtime_manifest_smoke-1-d714c8a7,board_strict_runtime_manifest_smoke,core,taskq.ready_len_max,2
board_strict_runtime_manifest_smoke-1-d714c8a7,board_strict_runtime_manifest_smoke,core,taskq.ready_nonzero_nice_cur,0
board_strict_runtime_manifest_smoke-1-d714c8a7,board_strict_runtime_manifest_smoke,core,taskq.ready_zombie_max,0
board_strict_runtime_manifest_smoke-1-d714c8a7,board_strict_runtime_manifest_smoke,core,taskq.wake_interruptible_total,1
board_strict_runtime_manifest_smoke-1-d714c8a7,board_strict_runtime_manifest_smoke,core,taskq.zombie_drain_calls,12
board_strict_runtime_manifest_smoke-1-d714c8a7,board_strict_runtime_manifest_smoke,core,taskq.zombie_drain_removed,12
board_strict_runtime_manifest_smoke-1-d714c8a7,board_strict_runtime_manifest_smoke,core,taskq.zombie_drain_scan_total,0
board_strict_runtime_manifest_smoke-1-d714c8a7,board_strict_runtime_manifest_smoke,core,timer.ktimer_add_total,2
board_strict_runtime_manifest_smoke-1-d714c8a7,board_strict_runtime_manifest_smoke,core,timer.ktimer_compact_calls,0
board_strict_runtime_manifest_smoke-1-d714c8a7,board_strict_runtime_manifest_smoke,core,timer.ktimer_len_max,1
board_strict_runtime_manifest_smoke-1-d714c8a7,board_strict_runtime_manifest_smoke,core,timer.ktimer_pop_max,1
board_strict_runtime_manifest_smoke-1-d714c8a7,board_strict_runtime_manifest_smoke,core,timer.ktimer_pop_total,618
board_strict_runtime_manifest_smoke-1-d714c8a7,board_strict_runtime_manifest_smoke,core,timer.ktimer_real_wake,1
board_strict_runtime_manifest_smoke-1-d714c8a7,board_strict_runtime_manifest_smoke,core,timer.ktimer_stale_removed,0
board_strict_runtime_manifest_smoke-1-d714c8a7,board_strict_runtime_manifest_smoke,core,timer.ktimer_stale_waketask,0
board_strict_runtime_manifest_smoke-1-d714c8a7,board_strict_runtime_manifest_smoke,core,timer.timer_irq_ticks_max,21668
board_strict_runtime_manifest_smoke-1-d714c8a7,board_strict_runtime_manifest_smoke,core,timer.timer_irq_ticks_total,2104127
board_strict_runtime_manifest_smoke-1-d714c8a7,board_strict_runtime_manifest_smoke,core,timer.timer_pop_nodes_total,2
board_strict_runtime_manifest_smoke-1-d714c8a7,board_strict_runtime_manifest_smoke,core,timer.timer_pop_ticks_max,446
board_strict_runtime_manifest_smoke-1-d714c8a7,board_strict_runtime_manifest_smoke,core,timer.timer_pop_ticks_total,46324
board_strict_runtime_manifest_smoke-1-d714c8a7,board_strict_runtime_manifest_smoke,core,timer.wait_with_timeout_total,0
